player_id,position,feature_season,arm,y_true,y_pred
00-0023459,QB,2022,ppg_only,15.092941176470587,13.199668404693277
00-0026158,QB,2022,ppg_only,16.609285714285715,10.15745726246574
00-0026498,QB,2022,ppg_only,15.258402777777778,11.798057044354302
00-0027973,QB,2022,ppg_only,9.826666666666666,12.07687213805655
00-0029263,QB,2022,ppg_only,16.570833333333333,13.87690764779939
00-0029604,QB,2022,ppg_only,15.655892857142858,15.661543614207929
00-0029701,QB,2022,ppg_only,8.893333333333333,12.761625336318987
00-0030565,QB,2022,ppg_only,15.39886274509804,15.792066809135417
00-0031280,QB,2022,ppg_only,14.636764705882351,13.569180021170348
00-0031345,QB,2022,ppg_only,9.157142857142857,13.828076617226518
00-0031800,QB,2022,ppg_only,6.989999999999999,12.380036937030981
00-0032268,QB,2022,ppg_only,9.172,13.924817338172772
00-0033077,QB,2022,ppg_only,17.65638888888889,15.600998401098709
00-0033106,QB,2022,ppg_only,17.74088888888889,15.033677366497917
00-0033119,QB,2022,ppg_only,6.4628571428571435,11.799482927996367
00-0033275,QB,2022,ppg_only,3.992,7.984476401972947
00-0033319,QB,2022,ppg_only,6.839000000000001,5.5083746158485525
00-0033537,QB,2022,ppg_only,12.713333333333331,13.33285626000164
00-0033662,QB,2022,ppg_only,4.7978571428571435,8.369135935259248
00-0033869,QB,2022,ppg_only,5.699111111111112,10.76988525506836
00-0033873,QB,2022,ppg_only,18.126894736842104,19.975258428211433
00-0033936,QB,2022,ppg_only,3.5766666666666667,3.3040681885731615
00-0034401,QB,2022,ppg_only,0.3433333333333333,13.251087317297065
00-0034796,QB,2022,ppg_only,23.127836257309944,17.071194119424796
00-0034855,QB,2022,ppg_only,19.139327485380115,10.468639914842864
00-0034857,QB,2022,ppg_only,23.731052631578947,20.16689718970497
00-0034869,QB,2022,ppg_only,10.048444444444446,13.41808022845429
00-0035228,QB,2022,ppg_only,17.88985294117647,16.073215166979224
00-0035289,QB,2022,ppg_only,10.94725,7.694254239134182
00-0035710,QB,2022,ppg_only,11.511666666666668,15.862702891096173
00-0035993,QB,2022,ppg_only,8.628,11.361188233097007
00-0036212,QB,2022,ppg_only,16.109747474747476,15.75119710285043
00-0036264,QB,2022,ppg_only,16.78266447368421,5.498009538604311
00-0036355,QB,2022,ppg_only,17.0917094017094,14.8929923311349
00-0036389,QB,2022,ppg_only,21.144970760233917,21.03986702871999
00-0036442,QB,2022,ppg_only,18.32329411764706,18.26214755623684
00-0036898,QB,2022,ppg_only,2.669166666666667,11.83890312653161
00-0036945,QB,2022,ppg_only,14.268531468531467,17.111733088202275
00-0036971,QB,2022,ppg_only,15.464375,15.522857668390241
00-0036972,QB,2022,ppg_only,9.640363636363638,11.87154489359919
00-0037013,QB,2022,ppg_only,9.995,11.071733853757813
00-0037834,QB,2022,ppg_only,17.946912280701753,12.08098526394712
00-0038102,QB,2022,ppg_only,6.337380952380952,11.442514223782592
00-0038108,QB,2022,ppg_only,6.918000000000001,10.32468050867284
00-0038122,QB,2022,ppg_only,8.096666666666668,10.165749324261135
00-0038128,QB,2022,ppg_only,8.633333333333335,5.3859679893451275
00-0023459,QB,2022,recent_production_3col,15.092941176470587,14.848160167085206
00-0026158,QB,2022,recent_production_3col,16.609285714285715,7.4389644598725075
00-0026498,QB,2022,recent_production_3col,15.258402777777778,10.523405819208616
00-0027973,QB,2022,recent_production_3col,9.826666666666666,12.989633234093551
00-0029263,QB,2022,recent_production_3col,16.570833333333333,14.634551822682118
00-0029604,QB,2022,recent_production_3col,15.655892857142858,17.150303592776456
00-0029701,QB,2022,recent_production_3col,8.893333333333333,12.53213597908082
00-0030565,QB,2022,recent_production_3col,15.39886274509804,17.355168069662735
00-0031280,QB,2022,recent_production_3col,14.636764705882351,14.630922063368113
00-0031345,QB,2022,recent_production_3col,9.157142857142857,12.905844889983193
00-0031800,QB,2022,recent_production_3col,6.989999999999999,11.193448249692475
00-0032268,QB,2022,recent_production_3col,9.172,14.032323035508517
00-0033077,QB,2022,recent_production_3col,17.65638888888889,15.538627421911837
00-0033106,QB,2022,recent_production_3col,17.74088888888889,16.66414267219275
00-0033119,QB,2022,recent_production_3col,6.4628571428571435,13.129002347618576
00-0033275,QB,2022,recent_production_3col,3.992,7.1896758232703135
00-0033319,QB,2022,recent_production_3col,6.839000000000001,4.718170959740522
00-0033537,QB,2022,recent_production_3col,12.713333333333331,10.492380645420493
00-0033662,QB,2022,recent_production_3col,4.7978571428571435,8.24541926535862
00-0033869,QB,2022,recent_production_3col,5.699111111111112,9.318812792927389
00-0033873,QB,2022,recent_production_3col,18.126894736842104,21.19148763562282
00-0033936,QB,2022,recent_production_3col,3.5766666666666667,3.2327142169013823
00-0034401,QB,2022,recent_production_3col,0.3433333333333333,9.499412242969559
00-0034796,QB,2022,recent_production_3col,23.127836257309944,15.752549377693834
00-0034855,QB,2022,recent_production_3col,19.139327485380115,11.551108630592951
00-0034857,QB,2022,recent_production_3col,23.731052631578947,20.42948481604295
00-0034869,QB,2022,recent_production_3col,10.048444444444446,10.669272170181179
00-0035228,QB,2022,recent_production_3col,17.88985294117647,14.665044971870335
00-0035289,QB,2022,recent_production_3col,10.94725,7.072591505202466
00-0035710,QB,2022,recent_production_3col,11.511666666666668,17.833712468948242
00-0035993,QB,2022,recent_production_3col,8.628,9.46124271921532
00-0036212,QB,2022,recent_production_3col,16.109747474747476,15.470801060889615
00-0036264,QB,2022,recent_production_3col,16.78266447368421,4.898167037006874
00-0036355,QB,2022,recent_production_3col,17.0917094017094,17.297033868996543
00-0036389,QB,2022,recent_production_3col,21.144970760233917,21.092821237089325
00-0036442,QB,2022,recent_production_3col,18.32329411764706,19.72451076061821
00-0036898,QB,2022,recent_production_3col,2.669166666666667,13.997375674419988
00-0036945,QB,2022,recent_production_3col,14.268531468531467,17.315559524507663
00-0036971,QB,2022,recent_production_3col,15.464375,18.219354816056477
00-0036972,QB,2022,recent_production_3col,9.640363636363638,13.54629502878142
00-0037013,QB,2022,recent_production_3col,9.995,10.758344798892725
00-0037834,QB,2022,recent_production_3col,17.946912280701753,12.79528496980684
00-0038102,QB,2022,recent_production_3col,6.337380952380952,12.810124725335118
00-0038108,QB,2022,recent_production_3col,6.918000000000001,7.940841014549114
00-0038122,QB,2022,recent_production_3col,8.096666666666668,7.84269862319323
00-0038128,QB,2022,recent_production_3col,8.633333333333335,6.304824201582931
00-0023459,QB,2022,deployed_recipe,15.092941176470587,15.373685694905456
00-0026158,QB,2022,deployed_recipe,16.609285714285715,6.299497437008142
00-0026498,QB,2022,deployed_recipe,15.258402777777778,10.381484581281816
00-0027973,QB,2022,deployed_recipe,9.826666666666666,10.969803387595215
00-0029263,QB,2022,deployed_recipe,16.570833333333333,15.35369227210248
00-0029604,QB,2022,deployed_recipe,15.655892857142858,16.87667958883946
00-0029701,QB,2022,deployed_recipe,8.893333333333333,11.555127400449086
00-0030565,QB,2022,deployed_recipe,15.39886274509804,17.27487373990794
00-0031280,QB,2022,deployed_recipe,14.636764705882351,13.528288142617223
00-0031345,QB,2022,deployed_recipe,9.157142857142857,11.452207094762125
00-0031800,QB,2022,deployed_recipe,6.989999999999999,11.347893834789684
00-0032268,QB,2022,deployed_recipe,9.172,12.346913944060677
00-0033077,QB,2022,deployed_recipe,17.65638888888889,15.377825501759164
00-0033106,QB,2022,deployed_recipe,17.74088888888889,15.15238284240978
00-0033119,QB,2022,deployed_recipe,6.4628571428571435,10.418899102357319
00-0033275,QB,2022,deployed_recipe,3.992,3.1625404916653395
00-0033319,QB,2022,deployed_recipe,6.839000000000001,4.817085181041967
00-0033537,QB,2022,deployed_recipe,12.713333333333331,9.90632259811339
00-0033662,QB,2022,deployed_recipe,4.7978571428571435,6.04576816527814
00-0033869,QB,2022,deployed_recipe,5.699111111111112,5.199324672307419
00-0033873,QB,2022,deployed_recipe,18.126894736842104,22.3719689341981
00-0033936,QB,2022,deployed_recipe,3.5766666666666667,2.2178652449379612
00-0034401,QB,2022,deployed_recipe,0.3433333333333333,8.818496533419362
00-0034796,QB,2022,deployed_recipe,23.127836257309944,16.321821957622276
00-0034855,QB,2022,deployed_recipe,19.139327485380115,10.038359771249516
00-0034857,QB,2022,deployed_recipe,23.731052631578947,21.87184021927891
00-0034869,QB,2022,deployed_recipe,10.048444444444446,9.346205146437148
00-0035228,QB,2022,deployed_recipe,17.88985294117647,14.918098913222435
00-0035289,QB,2022,deployed_recipe,10.94725,6.363873408731823
00-0035710,QB,2022,deployed_recipe,11.511666666666668,16.957586422610675
00-0035993,QB,2022,deployed_recipe,8.628,8.489980106266772
00-0036212,QB,2022,deployed_recipe,16.109747474747476,13.833659722838492
00-0036264,QB,2022,deployed_recipe,16.78266447368421,4.263264572373902
00-0036355,QB,2022,deployed_recipe,17.0917094017094,17.568339096640138
00-0036389,QB,2022,deployed_recipe,21.144970760233917,20.90708860957671
00-0036442,QB,2022,deployed_recipe,18.32329411764706,18.81960085207607
00-0036898,QB,2022,deployed_recipe,2.669166666666667,13.696665432965295
00-0036945,QB,2022,deployed_recipe,14.268531468531467,17.52717269540016
00-0036971,QB,2022,deployed_recipe,15.464375,17.58838542336568
00-0036972,QB,2022,deployed_recipe,9.640363636363638,13.410592814393498
00-0037013,QB,2022,deployed_recipe,9.995,10.849727407592633
00-0037834,QB,2022,deployed_recipe,17.946912280701753,12.87550444006746
00-0038102,QB,2022,deployed_recipe,6.337380952380952,12.905593854914382
00-0038108,QB,2022,deployed_recipe,6.918000000000001,7.892181740687734
00-0038122,QB,2022,deployed_recipe,8.096666666666668,7.530450373011414
00-0038128,QB,2022,deployed_recipe,8.633333333333335,5.643946783334092
00-0023459,QB,2022,recent_production_3col+opportunity,15.092941176470587,14.855756743521292
00-0026158,QB,2022,recent_production_3col+opportunity,16.609285714285715,4.567889083405633
00-0026498,QB,2022,recent_production_3col+opportunity,15.258402777777778,9.173664851275293
00-0027973,QB,2022,recent_production_3col+opportunity,9.826666666666666,13.14850430285991
00-0029263,QB,2022,recent_production_3col+opportunity,16.570833333333333,14.760660707594958
00-0029604,QB,2022,recent_production_3col+opportunity,15.655892857142858,16.400071534300608
00-0029701,QB,2022,recent_production_3col+opportunity,8.893333333333333,12.87209895373492
00-0030565,QB,2022,recent_production_3col+opportunity,15.39886274509804,17.796084739007657
00-0031280,QB,2022,recent_production_3col+opportunity,14.636764705882351,13.823052558466532
00-0031345,QB,2022,recent_production_3col+opportunity,9.157142857142857,12.96512604646122
00-0031800,QB,2022,recent_production_3col+opportunity,6.989999999999999,10.826339191163393
00-0032268,QB,2022,recent_production_3col+opportunity,9.172,15.88506535001728
00-0033077,QB,2022,recent_production_3col+opportunity,17.65638888888889,15.686166705139643
00-0033106,QB,2022,recent_production_3col+opportunity,17.74088888888889,15.976922569230942
00-0033119,QB,2022,recent_production_3col+opportunity,6.4628571428571435,13.336224799658002
00-0033275,QB,2022,recent_production_3col+opportunity,3.992,6.719366611990098
00-0033319,QB,2022,recent_production_3col+opportunity,6.839000000000001,5.3223301469941555
00-0033537,QB,2022,recent_production_3col+opportunity,12.713333333333331,10.877750802158566
00-0033662,QB,2022,recent_production_3col+opportunity,4.7978571428571435,7.700559393914718
00-0033869,QB,2022,recent_production_3col+opportunity,5.699111111111112,8.798648706165823
00-0033873,QB,2022,recent_production_3col+opportunity,18.126894736842104,21.613752997202234
00-0033936,QB,2022,recent_production_3col+opportunity,3.5766666666666667,3.9610690614158797
00-0034401,QB,2022,recent_production_3col+opportunity,0.3433333333333333,6.349371911495863
00-0034796,QB,2022,recent_production_3col+opportunity,23.127836257309944,18.125733066067518
00-0034855,QB,2022,recent_production_3col+opportunity,19.139327485380115,10.716951779414284
00-0034857,QB,2022,recent_production_3col+opportunity,23.731052631578947,22.0641819375235
00-0034869,QB,2022,recent_production_3col+opportunity,10.048444444444446,11.32229787397861
00-0035228,QB,2022,recent_production_3col+opportunity,17.88985294117647,14.712223274787585
00-0035289,QB,2022,recent_production_3col+opportunity,10.94725,7.357037883436982
00-0035710,QB,2022,recent_production_3col+opportunity,11.511666666666668,19.42592968184595
00-0035993,QB,2022,recent_production_3col+opportunity,8.628,10.561514976593264
00-0036212,QB,2022,recent_production_3col+opportunity,16.109747474747476,15.16049452625655
00-0036264,QB,2022,recent_production_3col+opportunity,16.78266447368421,5.2902795282730635
00-0036355,QB,2022,recent_production_3col+opportunity,17.0917094017094,15.392700132946615
00-0036389,QB,2022,recent_production_3col+opportunity,21.144970760233917,24.52643073107469
00-0036442,QB,2022,recent_production_3col+opportunity,18.32329411764706,20.011381528908103
00-0036898,QB,2022,recent_production_3col+opportunity,2.669166666666667,12.702223059569867
00-0036945,QB,2022,recent_production_3col+opportunity,14.268531468531467,20.923581064343523
00-0036971,QB,2022,recent_production_3col+opportunity,15.464375,17.71864593758679
00-0036972,QB,2022,recent_production_3col+opportunity,9.640363636363638,12.568666873652196
00-0037013,QB,2022,recent_production_3col+opportunity,9.995,10.097175737990217
00-0037834,QB,2022,recent_production_3col+opportunity,17.946912280701753,13.372196556131005
00-0038102,QB,2022,recent_production_3col+opportunity,6.337380952380952,12.151707007897494
00-0038108,QB,2022,recent_production_3col+opportunity,6.918000000000001,6.567367525985922
00-0038122,QB,2022,recent_production_3col+opportunity,8.096666666666668,6.596051871951157
00-0038128,QB,2022,recent_production_3col+opportunity,8.633333333333335,7.051286706216751
00-0023459,QB,2022,deployed_recipe+opportunity,15.092941176470587,15.629683807128012
00-0026158,QB,2022,deployed_recipe+opportunity,16.609285714285715,2.9245518582658176
00-0026498,QB,2022,deployed_recipe+opportunity,15.258402777777778,8.96670389800264
00-0027973,QB,2022,deployed_recipe+opportunity,9.826666666666666,11.007031220551722
00-0029263,QB,2022,deployed_recipe+opportunity,16.570833333333333,14.736341414094488
00-0029604,QB,2022,deployed_recipe+opportunity,15.655892857142858,15.71477305775292
00-0029701,QB,2022,deployed_recipe+opportunity,8.893333333333333,12.025553567969759
00-0030565,QB,2022,deployed_recipe+opportunity,15.39886274509804,17.673153867043403
00-0031280,QB,2022,deployed_recipe+opportunity,14.636764705882351,12.584891583928167
00-0031345,QB,2022,deployed_recipe+opportunity,9.157142857142857,11.861307020065546
00-0031800,QB,2022,deployed_recipe+opportunity,6.989999999999999,11.275965164128301
00-0032268,QB,2022,deployed_recipe+opportunity,9.172,13.698305148101479
00-0033077,QB,2022,deployed_recipe+opportunity,17.65638888888889,15.73129680860943
00-0033106,QB,2022,deployed_recipe+opportunity,17.74088888888889,14.65981199062845
00-0033119,QB,2022,deployed_recipe+opportunity,6.4628571428571435,9.711657375098662
00-0033275,QB,2022,deployed_recipe+opportunity,3.992,2.270205960170511
00-0033319,QB,2022,deployed_recipe+opportunity,6.839000000000001,6.208104479048571
00-0033537,QB,2022,deployed_recipe+opportunity,12.713333333333331,9.493765531173816
00-0033662,QB,2022,deployed_recipe+opportunity,4.7978571428571435,6.666818678210573
00-0033869,QB,2022,deployed_recipe+opportunity,5.699111111111112,4.1808318711122
00-0033873,QB,2022,deployed_recipe+opportunity,18.126894736842104,22.15481853428129
00-0033936,QB,2022,deployed_recipe+opportunity,3.5766666666666667,2.838393964230707
00-0034401,QB,2022,deployed_recipe+opportunity,0.3433333333333333,5.638694801900913
00-0034796,QB,2022,deployed_recipe+opportunity,23.127836257309944,18.074748797178948
00-0034855,QB,2022,deployed_recipe+opportunity,19.139327485380115,9.76694170993995
00-0034857,QB,2022,deployed_recipe+opportunity,23.731052631578947,22.78693330507155
00-0034869,QB,2022,deployed_recipe+opportunity,10.048444444444446,10.132543164780223
00-0035228,QB,2022,deployed_recipe+opportunity,17.88985294117647,14.194257650031147
00-0035289,QB,2022,deployed_recipe+opportunity,10.94725,6.785434967649314
00-0035710,QB,2022,deployed_recipe+opportunity,11.511666666666668,17.195961249505984
00-0035993,QB,2022,deployed_recipe+opportunity,8.628,10.100003260412976
00-0036212,QB,2022,deployed_recipe+opportunity,16.109747474747476,14.09573658390714
00-0036264,QB,2022,deployed_recipe+opportunity,16.78266447368421,5.199099597656669
00-0036355,QB,2022,deployed_recipe+opportunity,17.0917094017094,15.17396031450428
00-0036389,QB,2022,deployed_recipe+opportunity,21.144970760233917,23.081947562110898
00-0036442,QB,2022,deployed_recipe+opportunity,18.32329411764706,19.042182421908237
00-0036898,QB,2022,deployed_recipe+opportunity,2.669166666666667,12.819112715066336
00-0036945,QB,2022,deployed_recipe+opportunity,14.268531468531467,21.212411777459494
00-0036971,QB,2022,deployed_recipe+opportunity,15.464375,17.6056620679958
00-0036972,QB,2022,deployed_recipe+opportunity,9.640363636363638,12.968252417511694
00-0037013,QB,2022,deployed_recipe+opportunity,9.995,10.987519438458287
00-0037834,QB,2022,deployed_recipe+opportunity,17.946912280701753,14.585281824422418
00-0038102,QB,2022,deployed_recipe+opportunity,6.337380952380952,12.414795949343274
00-0038108,QB,2022,deployed_recipe+opportunity,6.918000000000001,7.443987968826509
00-0038122,QB,2022,deployed_recipe+opportunity,8.096666666666668,6.559375486159324
00-0038128,QB,2022,deployed_recipe+opportunity,8.633333333333335,7.016732725092057
00-0023459,QB,2022,exploratory:recent_production_3col+xfp,15.092941176470587,14.57664106253359
00-0026158,QB,2022,exploratory:recent_production_3col+xfp,16.609285714285715,7.457273084654117
00-0026498,QB,2022,exploratory:recent_production_3col+xfp,15.258402777777778,10.046126306664696
00-0027973,QB,2022,exploratory:recent_production_3col+xfp,9.826666666666666,13.44290095435361
00-0029263,QB,2022,exploratory:recent_production_3col+xfp,16.570833333333333,14.704285533995758
00-0029604,QB,2022,exploratory:recent_production_3col+xfp,15.655892857142858,16.693112781592014
00-0029701,QB,2022,exploratory:recent_production_3col+xfp,8.893333333333333,12.87019149623441
00-0030565,QB,2022,exploratory:recent_production_3col+xfp,15.39886274509804,17.451949912740105
00-0031280,QB,2022,exploratory:recent_production_3col+xfp,14.636764705882351,14.263767116446516
00-0031345,QB,2022,exploratory:recent_production_3col+xfp,9.157142857142857,13.627838443838465
00-0031800,QB,2022,exploratory:recent_production_3col+xfp,6.989999999999999,11.573843655197736
00-0032268,QB,2022,exploratory:recent_production_3col+xfp,9.172,14.024537959771077
00-0033077,QB,2022,exploratory:recent_production_3col+xfp,17.65638888888889,15.420976106374743
00-0033106,QB,2022,exploratory:recent_production_3col+xfp,17.74088888888889,16.46303871921706
00-0033119,QB,2022,exploratory:recent_production_3col+xfp,6.4628571428571435,13.141749988326938
00-0033275,QB,2022,exploratory:recent_production_3col+xfp,3.992,7.737449695903452
00-0033319,QB,2022,exploratory:recent_production_3col+xfp,6.839000000000001,5.1597717916661106
00-0033537,QB,2022,exploratory:recent_production_3col+xfp,12.713333333333331,10.719329128437867
00-0033662,QB,2022,exploratory:recent_production_3col+xfp,4.7978571428571435,8.59299908390291
00-0033869,QB,2022,exploratory:recent_production_3col+xfp,5.699111111111112,9.609924006785075
00-0033873,QB,2022,exploratory:recent_production_3col+xfp,18.126894736842104,20.935322108476697
00-0033936,QB,2022,exploratory:recent_production_3col+xfp,3.5766666666666667,3.8598067621818135
00-0034401,QB,2022,exploratory:recent_production_3col+xfp,0.3433333333333333,9.347425558154463
00-0034796,QB,2022,exploratory:recent_production_3col+xfp,23.127836257309944,15.396424271133528
00-0034855,QB,2022,exploratory:recent_production_3col+xfp,19.139327485380115,11.551205306549726
00-0034857,QB,2022,exploratory:recent_production_3col+xfp,23.731052631578947,19.96389139454861
00-0034869,QB,2022,exploratory:recent_production_3col+xfp,10.048444444444446,11.135132880172595
00-0035228,QB,2022,exploratory:recent_production_3col+xfp,17.88985294117647,14.17461569863245
00-0035289,QB,2022,exploratory:recent_production_3col+xfp,10.94725,7.799498851077694
00-0035710,QB,2022,exploratory:recent_production_3col+xfp,11.511666666666668,18.036175395490005
00-0035993,QB,2022,exploratory:recent_production_3col+xfp,8.628,8.584108638548997
00-0036212,QB,2022,exploratory:recent_production_3col+xfp,16.109747474747476,16.08967867833944
00-0036264,QB,2022,exploratory:recent_production_3col+xfp,16.78266447368421,5.904781750559572
00-0036355,QB,2022,exploratory:recent_production_3col+xfp,17.0917094017094,16.03600454151066
00-0036389,QB,2022,exploratory:recent_production_3col+xfp,21.144970760233917,20.93373599231414
00-0036442,QB,2022,exploratory:recent_production_3col+xfp,18.32329411764706,19.654089745417412
00-0036898,QB,2022,exploratory:recent_production_3col+xfp,2.669166666666667,13.872731004432483
00-0036945,QB,2022,exploratory:recent_production_3col+xfp,14.268531468531467,17.865872570399027
00-0036971,QB,2022,exploratory:recent_production_3col+xfp,15.464375,17.93841262211781
00-0036972,QB,2022,exploratory:recent_production_3col+xfp,9.640363636363638,13.204744487302898
00-0037013,QB,2022,exploratory:recent_production_3col+xfp,9.995,10.70998379624302
00-0037834,QB,2022,exploratory:recent_production_3col+xfp,17.946912280701753,13.438738099870836
00-0038102,QB,2022,exploratory:recent_production_3col+xfp,6.337380952380952,12.136946817725093
00-0038108,QB,2022,exploratory:recent_production_3col+xfp,6.918000000000001,8.781904390462145
00-0038122,QB,2022,exploratory:recent_production_3col+xfp,8.096666666666668,7.110286570803535
00-0038128,QB,2022,exploratory:recent_production_3col+xfp,8.633333333333335,6.235138192526236
00-0023459,QB,2022,exploratory:deployed_recipe+xfp,15.092941176470587,15.797218349417337
00-0026158,QB,2022,exploratory:deployed_recipe+xfp,16.609285714285715,7.428268105283238
00-0026498,QB,2022,exploratory:deployed_recipe+xfp,15.258402777777778,10.756057980936067
00-0027973,QB,2022,exploratory:deployed_recipe+xfp,9.826666666666666,12.530412159011656
00-0029263,QB,2022,exploratory:deployed_recipe+xfp,16.570833333333333,15.4715019643507
00-0029604,QB,2022,exploratory:deployed_recipe+xfp,15.655892857142858,17.00045397529273
00-0029701,QB,2022,exploratory:deployed_recipe+xfp,8.893333333333333,13.068271346047514
00-0030565,QB,2022,exploratory:deployed_recipe+xfp,15.39886274509804,17.06684615631992
00-0031280,QB,2022,exploratory:deployed_recipe+xfp,14.636764705882351,13.990537027760867
00-0031345,QB,2022,exploratory:deployed_recipe+xfp,9.157142857142857,13.128471102779082
00-0031800,QB,2022,exploratory:deployed_recipe+xfp,6.989999999999999,11.492091944990246
00-0032268,QB,2022,exploratory:deployed_recipe+xfp,9.172,12.09767340872203
00-0033077,QB,2022,exploratory:deployed_recipe+xfp,17.65638888888889,16.432531766737974
00-0033106,QB,2022,exploratory:deployed_recipe+xfp,17.74088888888889,15.95752078150744
00-0033119,QB,2022,exploratory:deployed_recipe+xfp,6.4628571428571435,11.038989337669088
00-0033275,QB,2022,exploratory:deployed_recipe+xfp,3.992,4.9408015478201985
00-0033319,QB,2022,exploratory:deployed_recipe+xfp,6.839000000000001,6.578445789038256
00-0033537,QB,2022,exploratory:deployed_recipe+xfp,12.713333333333331,11.238618329735452
00-0033662,QB,2022,exploratory:deployed_recipe+xfp,4.7978571428571435,7.540898079469778
00-0033869,QB,2022,exploratory:deployed_recipe+xfp,5.699111111111112,7.355546262845058
00-0033873,QB,2022,exploratory:deployed_recipe+xfp,18.126894736842104,22.185134916570014
00-0033936,QB,2022,exploratory:deployed_recipe+xfp,3.5766666666666667,3.921256687044215
00-0034401,QB,2022,exploratory:deployed_recipe+xfp,0.3433333333333333,8.522614698803487
00-0034796,QB,2022,exploratory:deployed_recipe+xfp,23.127836257309944,16.10861530848336
00-0034855,QB,2022,exploratory:deployed_recipe+xfp,19.139327485380115,11.31463259850986
00-0034857,QB,2022,exploratory:deployed_recipe+xfp,23.731052631578947,21.406625837163467
00-0034869,QB,2022,exploratory:deployed_recipe+xfp,10.048444444444446,10.610873260630948
00-0035228,QB,2022,exploratory:deployed_recipe+xfp,17.88985294117647,15.040863101136148
00-0035289,QB,2022,exploratory:deployed_recipe+xfp,10.94725,8.39606533786337
00-0035710,QB,2022,exploratory:deployed_recipe+xfp,11.511666666666668,17.520007241091648
00-0035993,QB,2022,exploratory:deployed_recipe+xfp,8.628,8.184838379612575
00-0036212,QB,2022,exploratory:deployed_recipe+xfp,16.109747474747476,15.642194429120615
00-0036264,QB,2022,exploratory:deployed_recipe+xfp,16.78266447368421,4.913581553463551
00-0036355,QB,2022,exploratory:deployed_recipe+xfp,17.0917094017094,17.002491422523683
00-0036389,QB,2022,exploratory:deployed_recipe+xfp,21.144970760233917,20.482850248304842
00-0036442,QB,2022,exploratory:deployed_recipe+xfp,18.32329411764706,19.74181892700004
00-0036898,QB,2022,exploratory:deployed_recipe+xfp,2.669166666666667,13.441501606788895
00-0036945,QB,2022,exploratory:deployed_recipe+xfp,14.268531468531467,17.12951270955263
00-0036971,QB,2022,exploratory:deployed_recipe+xfp,15.464375,17.240881790051432
00-0036972,QB,2022,exploratory:deployed_recipe+xfp,9.640363636363638,13.086192049790288
00-0037013,QB,2022,exploratory:deployed_recipe+xfp,9.995,10.418542225556822
00-0037834,QB,2022,exploratory:deployed_recipe+xfp,17.946912280701753,13.964276519976751
00-0038102,QB,2022,exploratory:deployed_recipe+xfp,6.337380952380952,12.447542350415052
00-0038108,QB,2022,exploratory:deployed_recipe+xfp,6.918000000000001,9.593734503330444
00-0038122,QB,2022,exploratory:deployed_recipe+xfp,8.096666666666668,7.332030546722793
00-0038128,QB,2022,exploratory:deployed_recipe+xfp,8.633333333333335,6.402869797591818
00-0023459,QB,2022,deployed_recipe_reproduction,15.092941176470587,14.465664393920173
00-0026158,QB,2022,deployed_recipe_reproduction,16.609285714285715,5.778024630615862
00-0026498,QB,2022,deployed_recipe_reproduction,15.258402777777778,9.041284825633495
00-0027973,QB,2022,deployed_recipe_reproduction,9.826666666666666,9.948848352517077
00-0029263,QB,2022,deployed_recipe_reproduction,16.570833333333333,15.640923866361183
00-0029604,QB,2022,deployed_recipe_reproduction,15.655892857142858,16.451642138464287
00-0029701,QB,2022,deployed_recipe_reproduction,8.893333333333333,10.453313359740461
00-0030565,QB,2022,deployed_recipe_reproduction,15.39886274509804,17.727189766163427
00-0031280,QB,2022,deployed_recipe_reproduction,14.636764705882351,12.864660049759452
00-0031345,QB,2022,deployed_recipe_reproduction,9.157142857142857,10.585222092256762
00-0031800,QB,2022,deployed_recipe_reproduction,6.989999999999999,11.755275571801535
00-0032268,QB,2022,deployed_recipe_reproduction,9.172,11.938420131178718
00-0033077,QB,2022,deployed_recipe_reproduction,17.65638888888889,13.848142576380587
00-0033106,QB,2022,deployed_recipe_reproduction,17.74088888888889,14.14347535901228
00-0033119,QB,2022,deployed_recipe_reproduction,6.4628571428571435,10.499014283032738
00-0033275,QB,2022,deployed_recipe_reproduction,3.992,1.808291889643428
00-0033319,QB,2022,deployed_recipe_reproduction,6.839000000000001,5.331045924546958
00-0033537,QB,2022,deployed_recipe_reproduction,12.713333333333331,9.803685544930259
00-0033662,QB,2022,deployed_recipe_reproduction,4.7978571428571435,4.316061616997322
00-0033869,QB,2022,deployed_recipe_reproduction,5.699111111111112,3.2492991029252583
00-0033873,QB,2022,deployed_recipe_reproduction,18.126894736842104,21.974635919814475
00-0033936,QB,2022,deployed_recipe_reproduction,3.5766666666666667,3.715253764662174
00-0034401,QB,2022,deployed_recipe_reproduction,0.3433333333333333,8.48354479085753
00-0034796,QB,2022,deployed_recipe_reproduction,23.127836257309944,16.166077276701863
00-0034855,QB,2022,deployed_recipe_reproduction,19.139327485380115,8.92255606807541
00-0034857,QB,2022,deployed_recipe_reproduction,23.731052631578947,21.314880534931383
00-0034869,QB,2022,deployed_recipe_reproduction,10.048444444444446,9.530959251820773
00-0035228,QB,2022,deployed_recipe_reproduction,17.88985294117647,13.69456292631361
00-0035289,QB,2022,deployed_recipe_reproduction,10.94725,6.24176184630142
00-0035710,QB,2022,deployed_recipe_reproduction,11.511666666666668,16.496609377045594
00-0035993,QB,2022,deployed_recipe_reproduction,8.628,7.5594637445608
00-0036212,QB,2022,deployed_recipe_reproduction,16.109747474747476,12.606840658731505
00-0036264,QB,2022,deployed_recipe_reproduction,16.78266447368421,5.789338947166913
00-0036355,QB,2022,deployed_recipe_reproduction,17.0917094017094,16.3261663441127
00-0036389,QB,2022,deployed_recipe_reproduction,21.144970760233917,20.771119107582408
00-0036442,QB,2022,deployed_recipe_reproduction,18.32329411764706,17.424624305048944
00-0036898,QB,2022,deployed_recipe_reproduction,2.669166666666667,13.797597943893637
00-0036945,QB,2022,deployed_recipe_reproduction,14.268531468531467,19.48495455161008
00-0036971,QB,2022,deployed_recipe_reproduction,15.464375,17.433907982290386
00-0036972,QB,2022,deployed_recipe_reproduction,9.640363636363638,13.1244962604371
00-0037013,QB,2022,deployed_recipe_reproduction,9.995,11.856771979321588
00-0037834,QB,2022,deployed_recipe_reproduction,17.946912280701753,12.207010392738797
00-0038102,QB,2022,deployed_recipe_reproduction,6.337380952380952,12.814213582139116
00-0038108,QB,2022,deployed_recipe_reproduction,6.918000000000001,6.96511588178503
00-0038122,QB,2022,deployed_recipe_reproduction,8.096666666666668,6.432251201470175
00-0038128,QB,2022,deployed_recipe_reproduction,8.633333333333335,3.868732657697601
00-0026158,QB,2023,ppg_only,12.715054945054945,16.48888648610373
00-0026498,QB,2023,ppg_only,17.235777777777777,14.877101947580694
00-0028118,QB,2023,ppg_only,9.91,9.713327771238816
00-0029263,QB,2023,ppg_only,12.160833333333333,15.214973066738974
00-0029604,QB,2023,ppg_only,11.47414285714286,16.257812139452234
00-0030565,QB,2023,ppg_only,13.620196078431372,13.919645665367739
00-0031280,QB,2023,ppg_only,15.09,13.285658121257686
00-0031503,QB,2023,ppg_only,11.92181818181818,5.2946181372089445
00-0031800,QB,2023,ppg_only,0.78,12.640925025552546
00-0033077,QB,2023,ppg_only,16.511323529411765,17.588720255824022
00-0033106,QB,2023,ppg_only,18.005947712418298,15.095229575519095
00-0033319,QB,2023,ppg_only,0.16,12.737943474643108
00-0033537,QB,2023,ppg_only,10.96,13.471263103354621
00-0033662,QB,2023,ppg_only,4.78,4.29321792909276
00-0033869,QB,2023,ppg_only,4.72111111111111,10.370168892784353
00-0033873,QB,2023,ppg_only,19.37075187969925,15.733715855344794
00-0033949,QB,2023,ppg_only,0.525,14.106286839778958
00-0034771,QB,2023,ppg_only,7.244166666666667,11.37181882663822
00-0034796,QB,2023,ppg_only,20.67279352226721,18.04103599820568
00-0034855,QB,2023,ppg_only,18.594869281045753,15.187141790446992
00-0034857,QB,2023,ppg_only,23.28666666666667,19.748250954661703
00-0034869,QB,2023,ppg_only,15.971944444444444,5.520557498379298
00-0035100,QB,2023,ppg_only,9.748,14.508457333872297
00-0035228,QB,2023,ppg_only,16.52035294117647,15.98085068850115
00-0035289,QB,2023,ppg_only,4.776000000000001,12.026365592968776
00-0035704,QB,2023,ppg_only,11.448571428571428,8.760187061930228
00-0035710,QB,2023,ppg_only,15.47423076923077,10.211093597879113
00-0035993,QB,2023,ppg_only,10.08,7.34686424950291
00-0036212,QB,2023,ppg_only,13.992922077922078,14.287762213193325
00-0036264,QB,2023,ppg_only,15.703125,16.26704131268542
00-0036355,QB,2023,ppg_only,16.81908496732026,15.795537382675889
00-0036389,QB,2023,ppg_only,20.04170278637771,17.510785015188212
00-0036442,QB,2023,ppg_only,19.369044117647057,13.634708598669343
00-0036898,QB,2023,ppg_only,6.914166666666667,5.917371695560499
00-0036945,QB,2023,ppg_only,13.3410101010101,15.594844333101864
00-0036971,QB,2023,ppg_only,17.19222222222222,14.744357110142602
00-0036972,QB,2023,ppg_only,10.258166666666668,10.328691717988882
00-0037013,QB,2023,ppg_only,0.345,10.539951178692828
00-0037834,QB,2023,ppg_only,17.966242424242424,15.85509242145453
00-0038102,QB,2023,ppg_only,2.389047619047619,10.007879278838079
00-0038122,QB,2023,ppg_only,4.384,11.729301220134063
00-0038416,QB,2023,ppg_only,-0.065,10.970634429047536
00-0038579,QB,2023,ppg_only,10.386666666666668,11.486000244609665
00-0038582,QB,2023,ppg_only,-0.416,4.80515569134667
00-0038583,QB,2023,ppg_only,2.6333333333333333,6.057530265836112
00-0039150,QB,2023,ppg_only,13.994411764705884,10.394915152603058
00-0039152,QB,2023,ppg_only,9.995,11.41872564436669
00-0039163,QB,2023,ppg_only,13.569144736842103,15.825258700392881
00-0039164,QB,2023,ppg_only,14.850909090909092,15.898909430823313
00-0026158,QB,2023,recent_production_3col,12.715054945054945,11.808155861737404
00-0026498,QB,2023,recent_production_3col,17.235777777777777,15.217033410457747
00-0028118,QB,2023,recent_production_3col,9.91,9.649521481784824
00-0029263,QB,2023,recent_production_3col,12.160833333333333,15.010063969142495
00-0029604,QB,2023,recent_production_3col,11.47414285714286,12.750229490655377
00-0030565,QB,2023,recent_production_3col,13.620196078431372,14.385790707012717
00-0031280,QB,2023,recent_production_3col,15.09,14.910469096776666
00-0031503,QB,2023,recent_production_3col,11.92181818181818,5.707956192417495
00-0031800,QB,2023,recent_production_3col,0.78,9.714700056383748
00-0033077,QB,2023,recent_production_3col,16.511323529411765,18.134354718779996
00-0033106,QB,2023,recent_production_3col,18.005947712418298,17.518449232297332
00-0033319,QB,2023,recent_production_3col,0.16,9.944465271675053
00-0033537,QB,2023,recent_production_3col,10.96,10.808482755353378
00-0033662,QB,2023,recent_production_3col,4.78,5.422801532235211
00-0033869,QB,2023,recent_production_3col,4.72111111111111,8.406989381018203
00-0033873,QB,2023,recent_production_3col,19.37075187969925,17.99521255071463
00-0033949,QB,2023,recent_production_3col,0.525,14.097486386290708
00-0034771,QB,2023,recent_production_3col,7.244166666666667,9.106510381399378
00-0034796,QB,2023,recent_production_3col,20.67279352226721,18.752308482744855
00-0034855,QB,2023,recent_production_3col,18.594869281045753,17.245741246013107
00-0034857,QB,2023,recent_production_3col,23.28666666666667,20.128566876153876
00-0034869,QB,2023,recent_production_3col,15.971944444444444,7.758779668647533
00-0035100,QB,2023,recent_production_3col,9.748,12.77244544117815
00-0035228,QB,2023,recent_production_3col,16.52035294117647,13.34649834427187
00-0035289,QB,2023,recent_production_3col,4.776000000000001,14.149469691906292
00-0035704,QB,2023,recent_production_3col,11.448571428571428,7.1754999099650885
00-0035710,QB,2023,recent_production_3col,15.47423076923077,8.979012696461147
00-0035993,QB,2023,recent_production_3col,10.08,6.893063668859442
00-0036212,QB,2023,recent_production_3col,13.992922077922078,16.535249660830416
00-0036264,QB,2023,recent_production_3col,15.703125,18.163514999307818
00-0036355,QB,2023,recent_production_3col,16.81908496732026,15.389024472438185
00-0036389,QB,2023,recent_production_3col,20.04170278637771,18.51219058078662
00-0036442,QB,2023,recent_production_3col,19.369044117647057,12.6507177393669
00-0036898,QB,2023,recent_production_3col,6.914166666666667,6.430453272827496
00-0036945,QB,2023,recent_production_3col,13.3410101010101,15.351051142251915
00-0036971,QB,2023,recent_production_3col,17.19222222222222,16.072017936227276
00-0036972,QB,2023,recent_production_3col,10.258166666666668,11.207338935220099
00-0037013,QB,2023,recent_production_3col,0.345,11.836262607167175
00-0037834,QB,2023,recent_production_3col,17.966242424242424,17.995961351634264
00-0038102,QB,2023,recent_production_3col,2.389047619047619,11.424771846581654
00-0038122,QB,2023,recent_production_3col,4.384,13.808426803639614
00-0038416,QB,2023,recent_production_3col,-0.065,9.286071355207909
00-0038579,QB,2023,recent_production_3col,10.386666666666668,11.9172099860469
00-0038582,QB,2023,recent_production_3col,-0.416,5.833369089503156
00-0038583,QB,2023,recent_production_3col,2.6333333333333333,7.015765010150313
00-0039150,QB,2023,recent_production_3col,13.994411764705884,13.574408861336284
00-0039152,QB,2023,recent_production_3col,9.995,11.132646670157708
00-0039163,QB,2023,recent_production_3col,13.569144736842103,17.319491530743846
00-0039164,QB,2023,recent_production_3col,14.850909090909092,12.065024338861885
00-0026158,QB,2023,deployed_recipe,12.715054945054945,10.54145523292069
00-0026498,QB,2023,deployed_recipe,17.235777777777777,14.312704725514992
00-0028118,QB,2023,deployed_recipe,9.91,10.281614548369948
00-0029263,QB,2023,deployed_recipe,12.160833333333333,14.933234524157651
00-0029604,QB,2023,deployed_recipe,11.47414285714286,13.11704409124363
00-0030565,QB,2023,deployed_recipe,13.620196078431372,14.626393291455443
00-0031280,QB,2023,deployed_recipe,15.09,14.798701564794243
00-0031503,QB,2023,deployed_recipe,11.92181818181818,6.224145588689915
00-0031800,QB,2023,deployed_recipe,0.78,8.702650191956165
00-0033077,QB,2023,deployed_recipe,16.511323529411765,18.214282022522248
00-0033106,QB,2023,deployed_recipe,18.005947712418298,17.33178811356364
00-0033319,QB,2023,deployed_recipe,0.16,8.654072252532425
00-0033537,QB,2023,deployed_recipe,10.96,10.69084758335036
00-0033662,QB,2023,deployed_recipe,4.78,5.230411849079107
00-0033869,QB,2023,deployed_recipe,4.72111111111111,7.450156378360734
00-0033873,QB,2023,deployed_recipe,19.37075187969925,19.33495945596152
00-0033949,QB,2023,deployed_recipe,0.525,14.060518647113742
00-0034771,QB,2023,deployed_recipe,7.244166666666667,9.911958441484227
00-0034796,QB,2023,deployed_recipe,20.67279352226721,19.15462240954252
00-0034855,QB,2023,deployed_recipe,18.594869281045753,15.921451399495977
00-0034857,QB,2023,deployed_recipe,23.28666666666667,21.247541685101595
00-0034869,QB,2023,deployed_recipe,15.971944444444444,8.26945492025035
00-0035100,QB,2023,deployed_recipe,9.748,13.07878728107336
00-0035228,QB,2023,deployed_recipe,16.52035294117647,13.527987627209521
00-0035289,QB,2023,deployed_recipe,4.776000000000001,12.586212990374257
00-0035704,QB,2023,deployed_recipe,11.448571428571428,7.298429356242661
00-0035710,QB,2023,deployed_recipe,15.47423076923077,9.817912860301735
00-0035993,QB,2023,deployed_recipe,10.08,6.412516018128793
00-0036212,QB,2023,deployed_recipe,13.992922077922078,16.773182011635146
00-0036264,QB,2023,deployed_recipe,15.703125,15.457750725782846
00-0036355,QB,2023,deployed_recipe,16.81908496732026,15.395008910516658
00-0036389,QB,2023,deployed_recipe,20.04170278637771,19.969861552871613
00-0036442,QB,2023,deployed_recipe,19.369044117647057,13.670323391970351
00-0036898,QB,2023,deployed_recipe,6.914166666666667,5.534682055742115
00-0036945,QB,2023,deployed_recipe,13.3410101010101,15.695685302231468
00-0036971,QB,2023,deployed_recipe,17.19222222222222,16.028806344543163
00-0036972,QB,2023,deployed_recipe,10.258166666666668,10.709417599186667
00-0037013,QB,2023,deployed_recipe,0.345,11.068524433009424
00-0037834,QB,2023,deployed_recipe,17.966242424242424,17.436087027687037
00-0038102,QB,2023,deployed_recipe,2.389047619047619,11.051676623891073
00-0038122,QB,2023,deployed_recipe,4.384,12.95256380797396
00-0038416,QB,2023,deployed_recipe,-0.065,9.62884344800396
00-0038579,QB,2023,deployed_recipe,10.386666666666668,11.982911019453658
00-0038582,QB,2023,deployed_recipe,-0.416,6.057293675683077
00-0038583,QB,2023,deployed_recipe,2.6333333333333333,7.305110867838183
00-0039150,QB,2023,deployed_recipe,13.994411764705884,13.858934278069176
00-0039152,QB,2023,deployed_recipe,9.995,11.463392076844183
00-0039163,QB,2023,deployed_recipe,13.569144736842103,17.137033708681056
00-0039164,QB,2023,deployed_recipe,14.850909090909092,11.617588455916922
00-0026158,QB,2023,recent_production_3col+opportunity,12.715054945054945,10.349228401912544
00-0026498,QB,2023,recent_production_3col+opportunity,17.235777777777777,14.665592324675277
00-0028118,QB,2023,recent_production_3col+opportunity,9.91,10.835542663637186
00-0029263,QB,2023,recent_production_3col+opportunity,12.160833333333333,16.623485812261457
00-0029604,QB,2023,recent_production_3col+opportunity,11.47414285714286,11.477827792490976
00-0030565,QB,2023,recent_production_3col+opportunity,13.620196078431372,13.898370709998014
00-0031280,QB,2023,recent_production_3col+opportunity,15.09,14.491337140291993
00-0031503,QB,2023,recent_production_3col+opportunity,11.92181818181818,5.7152633996860285
00-0031800,QB,2023,recent_production_3col+opportunity,0.78,9.257021552933299
00-0033077,QB,2023,recent_production_3col+opportunity,16.511323529411765,18.489563315456188
00-0033106,QB,2023,recent_production_3col+opportunity,18.005947712418298,17.03000676614657
00-0033319,QB,2023,recent_production_3col+opportunity,0.16,8.669797391560227
00-0033537,QB,2023,recent_production_3col+opportunity,10.96,10.760328510240992
00-0033662,QB,2023,recent_production_3col+opportunity,4.78,6.311763514450967
00-0033869,QB,2023,recent_production_3col+opportunity,4.72111111111111,8.320097177205197
00-0033873,QB,2023,recent_production_3col+opportunity,19.37075187969925,18.410298717515566
00-0033949,QB,2023,recent_production_3col+opportunity,0.525,14.784511671567914
00-0034771,QB,2023,recent_production_3col+opportunity,7.244166666666667,8.678859070792594
00-0034796,QB,2023,recent_production_3col+opportunity,20.67279352226721,22.105655096744268
00-0034855,QB,2023,recent_production_3col+opportunity,18.594869281045753,17.42767190577159
00-0034857,QB,2023,recent_production_3col+opportunity,23.28666666666667,22.331120069378404
00-0034869,QB,2023,recent_production_3col+opportunity,15.971944444444444,8.808097074722369
00-0035100,QB,2023,recent_production_3col+opportunity,9.748,12.514018243849243
00-0035228,QB,2023,recent_production_3col+opportunity,16.52035294117647,13.529996399282487
00-0035289,QB,2023,recent_production_3col+opportunity,4.776000000000001,13.387820759215614
00-0035704,QB,2023,recent_production_3col+opportunity,11.448571428571428,6.180325835082655
00-0035710,QB,2023,recent_production_3col+opportunity,15.47423076923077,9.297154369431627
00-0035993,QB,2023,recent_production_3col+opportunity,10.08,7.8009455519359925
00-0036212,QB,2023,recent_production_3col+opportunity,13.992922077922078,15.841201513678191
00-0036264,QB,2023,recent_production_3col+opportunity,15.703125,18.212349435933646
00-0036355,QB,2023,recent_production_3col+opportunity,16.81908496732026,14.880313623504962
00-0036389,QB,2023,recent_production_3col+opportunity,20.04170278637771,21.09245006924431
00-0036442,QB,2023,recent_production_3col+opportunity,19.369044117647057,11.309842549773808
00-0036898,QB,2023,recent_production_3col+opportunity,6.914166666666667,6.440094337461076
00-0036945,QB,2023,recent_production_3col+opportunity,13.3410101010101,17.877721416659387
00-0036971,QB,2023,recent_production_3col+opportunity,17.19222222222222,15.818554956457893
00-0036972,QB,2023,recent_production_3col+opportunity,10.258166666666668,9.610149615191638
00-0037013,QB,2023,recent_production_3col+opportunity,0.345,10.614872468444839
00-0037834,QB,2023,recent_production_3col+opportunity,17.966242424242424,18.429375979705785
00-0038102,QB,2023,recent_production_3col+opportunity,2.389047619047619,10.857677024030973
00-0038122,QB,2023,recent_production_3col+opportunity,4.384,13.747472543650243
00-0038416,QB,2023,recent_production_3col+opportunity,-0.065,8.437828651780997
00-0038579,QB,2023,recent_production_3col+opportunity,10.386666666666668,10.258763036840193
00-0038582,QB,2023,recent_production_3col+opportunity,-0.416,6.183235891969925
00-0038583,QB,2023,recent_production_3col+opportunity,2.6333333333333333,6.2157553069540015
00-0039150,QB,2023,recent_production_3col+opportunity,13.994411764705884,11.964468001928475
00-0039152,QB,2023,recent_production_3col+opportunity,9.995,10.09174513702773
00-0039163,QB,2023,recent_production_3col+opportunity,13.569144736842103,16.879320881605608
00-0039164,QB,2023,recent_production_3col+opportunity,14.850909090909092,13.58068792688192
00-0026158,QB,2023,deployed_recipe+opportunity,12.715054945054945,9.590750937718717
00-0026498,QB,2023,deployed_recipe+opportunity,17.235777777777777,13.789624632774055
00-0028118,QB,2023,deployed_recipe+opportunity,9.91,11.36944641891228
00-0029263,QB,2023,deployed_recipe+opportunity,12.160833333333333,16.022144339608232
00-0029604,QB,2023,deployed_recipe+opportunity,11.47414285714286,12.303064409195766
00-0030565,QB,2023,deployed_recipe+opportunity,13.620196078431372,14.33107357694277
00-0031280,QB,2023,deployed_recipe+opportunity,15.09,14.37383092837747
00-0031503,QB,2023,deployed_recipe+opportunity,11.92181818181818,6.5405465697860405
00-0031800,QB,2023,deployed_recipe+opportunity,0.78,8.591759617886474
00-0033077,QB,2023,deployed_recipe+opportunity,16.511323529411765,18.218859571635114
00-0033106,QB,2023,deployed_recipe+opportunity,18.005947712418298,16.74822010457411
00-0033319,QB,2023,deployed_recipe+opportunity,0.16,7.988515228400483
00-0033537,QB,2023,deployed_recipe+opportunity,10.96,10.91476715503195
00-0033662,QB,2023,deployed_recipe+opportunity,4.78,6.384608513910143
00-0033869,QB,2023,deployed_recipe+opportunity,4.72111111111111,7.563671662779935
00-0033873,QB,2023,deployed_recipe+opportunity,19.37075187969925,19.482551553043585
00-0033949,QB,2023,deployed_recipe+opportunity,0.525,14.463094656842427
00-0034771,QB,2023,deployed_recipe+opportunity,7.244166666666667,10.082923546049534
00-0034796,QB,2023,deployed_recipe+opportunity,20.67279352226721,21.241023623550493
00-0034855,QB,2023,deployed_recipe+opportunity,18.594869281045753,15.782727676099029
00-0034857,QB,2023,deployed_recipe+opportunity,23.28666666666667,22.519499983407883
00-0034869,QB,2023,deployed_recipe+opportunity,15.971944444444444,9.299738639204259
00-0035100,QB,2023,deployed_recipe+opportunity,9.748,13.223549110203589
00-0035228,QB,2023,deployed_recipe+opportunity,16.52035294117647,13.712968765004721
00-0035289,QB,2023,deployed_recipe+opportunity,4.776000000000001,11.948733779583769
00-0035704,QB,2023,deployed_recipe+opportunity,11.448571428571428,6.8856380706925995
00-0035710,QB,2023,deployed_recipe+opportunity,15.47423076923077,10.274001435762464
00-0035993,QB,2023,deployed_recipe+opportunity,10.08,7.295739257062912
00-0036212,QB,2023,deployed_recipe+opportunity,13.992922077922078,16.175392309657184
00-0036264,QB,2023,deployed_recipe+opportunity,15.703125,15.183825877608143
00-0036355,QB,2023,deployed_recipe+opportunity,16.81908496732026,15.109249269185689
00-0036389,QB,2023,deployed_recipe+opportunity,20.04170278637771,21.517125540712257
00-0036442,QB,2023,deployed_recipe+opportunity,19.369044117647057,12.852015309973453
00-0036898,QB,2023,deployed_recipe+opportunity,6.914166666666667,5.559623519097519
00-0036945,QB,2023,deployed_recipe+opportunity,13.3410101010101,17.32805746920538
00-0036971,QB,2023,deployed_recipe+opportunity,17.19222222222222,15.745737279126017
00-0036972,QB,2023,deployed_recipe+opportunity,10.258166666666668,9.669829981948634
00-0037013,QB,2023,deployed_recipe+opportunity,0.345,10.25197954322698
00-0037834,QB,2023,deployed_recipe+opportunity,17.966242424242424,17.567907912823273
00-0038102,QB,2023,deployed_recipe+opportunity,2.389047619047619,10.74700533485133
00-0038122,QB,2023,deployed_recipe+opportunity,4.384,13.00467405660812
00-0038416,QB,2023,deployed_recipe+opportunity,-0.065,9.359642659219517
00-0038579,QB,2023,deployed_recipe+opportunity,10.386666666666668,10.948200645439895
00-0038582,QB,2023,deployed_recipe+opportunity,-0.416,6.503945440954746
00-0038583,QB,2023,deployed_recipe+opportunity,2.6333333333333333,6.930573214853151
00-0039150,QB,2023,deployed_recipe+opportunity,13.994411764705884,12.781217693589433
00-0039152,QB,2023,deployed_recipe+opportunity,9.995,11.013739536696018
00-0039163,QB,2023,deployed_recipe+opportunity,13.569144736842103,16.6918265923477
00-0039164,QB,2023,deployed_recipe+opportunity,14.850909090909092,12.748705437575
00-0026158,QB,2023,exploratory:recent_production_3col+xfp,12.715054945054945,12.005576994653154
00-0026498,QB,2023,exploratory:recent_production_3col+xfp,17.235777777777777,15.023980667308406
00-0028118,QB,2023,exploratory:recent_production_3col+xfp,9.91,9.794465305481797
00-0029263,QB,2023,exploratory:recent_production_3col+xfp,12.160833333333333,15.183434421587348
00-0029604,QB,2023,exploratory:recent_production_3col+xfp,11.47414285714286,12.773456505246315
00-0030565,QB,2023,exploratory:recent_production_3col+xfp,13.620196078431372,14.366543539937814
00-0031280,QB,2023,exploratory:recent_production_3col+xfp,15.09,14.965968991329582
00-0031503,QB,2023,exploratory:recent_production_3col+xfp,11.92181818181818,5.756709163020462
00-0031800,QB,2023,exploratory:recent_production_3col+xfp,0.78,9.99536165774623
00-0033077,QB,2023,exploratory:recent_production_3col+xfp,16.511323529411765,18.013203952063545
00-0033106,QB,2023,exploratory:recent_production_3col+xfp,18.005947712418298,17.523435371020682
00-0033319,QB,2023,exploratory:recent_production_3col+xfp,0.16,9.96296783991403
00-0033537,QB,2023,exploratory:recent_production_3col+xfp,10.96,10.990832616223884
00-0033662,QB,2023,exploratory:recent_production_3col+xfp,4.78,5.405824926270997
00-0033869,QB,2023,exploratory:recent_production_3col+xfp,4.72111111111111,8.416570099333502
00-0033873,QB,2023,exploratory:recent_production_3col+xfp,19.37075187969925,18.001922049975718
00-0033949,QB,2023,exploratory:recent_production_3col+xfp,0.525,14.162808995212643
00-0034771,QB,2023,exploratory:recent_production_3col+xfp,7.244166666666667,9.62695041886732
00-0034796,QB,2023,exploratory:recent_production_3col+xfp,20.67279352226721,19.013746089884002
00-0034855,QB,2023,exploratory:recent_production_3col+xfp,18.594869281045753,17.417709984312506
00-0034857,QB,2023,exploratory:recent_production_3col+xfp,23.28666666666667,20.40992892267219
00-0034869,QB,2023,exploratory:recent_production_3col+xfp,15.971944444444444,7.84185407867887
00-0035100,QB,2023,exploratory:recent_production_3col+xfp,9.748,13.23400663615863
00-0035228,QB,2023,exploratory:recent_production_3col+xfp,16.52035294117647,13.212358296739193
00-0035289,QB,2023,exploratory:recent_production_3col+xfp,4.776000000000001,14.167299857962707
00-0035704,QB,2023,exploratory:recent_production_3col+xfp,11.448571428571428,7.31472766820121
00-0035710,QB,2023,exploratory:recent_production_3col+xfp,15.47423076923077,8.664719535184734
00-0035993,QB,2023,exploratory:recent_production_3col+xfp,10.08,7.033588973113892
00-0036212,QB,2023,exploratory:recent_production_3col+xfp,13.992922077922078,16.53247864121299
00-0036264,QB,2023,exploratory:recent_production_3col+xfp,15.703125,18.514526636252302
00-0036355,QB,2023,exploratory:recent_production_3col+xfp,16.81908496732026,15.088800065319639
00-0036389,QB,2023,exploratory:recent_production_3col+xfp,20.04170278637771,18.384202563712627
00-0036442,QB,2023,exploratory:recent_production_3col+xfp,19.369044117647057,12.435233017546054
00-0036898,QB,2023,exploratory:recent_production_3col+xfp,6.914166666666667,6.468506201787145
00-0036945,QB,2023,exploratory:recent_production_3col+xfp,13.3410101010101,15.189663676958398
00-0036971,QB,2023,exploratory:recent_production_3col+xfp,17.19222222222222,16.044163413428244
00-0036972,QB,2023,exploratory:recent_production_3col+xfp,10.258166666666668,10.990274041537802
00-0037013,QB,2023,exploratory:recent_production_3col+xfp,0.345,11.86747514218858
00-0037834,QB,2023,exploratory:recent_production_3col+xfp,17.966242424242424,18.578280490252997
00-0038102,QB,2023,exploratory:recent_production_3col+xfp,2.389047619047619,11.340691379590428
00-0038122,QB,2023,exploratory:recent_production_3col+xfp,4.384,13.840270076634695
00-0038416,QB,2023,exploratory:recent_production_3col+xfp,-0.065,8.945944723485173
00-0038579,QB,2023,exploratory:recent_production_3col+xfp,10.386666666666668,11.876487461454978
00-0038582,QB,2023,exploratory:recent_production_3col+xfp,-0.416,5.953913417066856
00-0038583,QB,2023,exploratory:recent_production_3col+xfp,2.6333333333333333,6.656472340535492
00-0039150,QB,2023,exploratory:recent_production_3col+xfp,13.994411764705884,13.523574983307267
00-0039152,QB,2023,exploratory:recent_production_3col+xfp,9.995,11.289597986813142
00-0039163,QB,2023,exploratory:recent_production_3col+xfp,13.569144736842103,17.585053672925284
00-0039164,QB,2023,exploratory:recent_production_3col+xfp,14.850909090909092,12.775169639086084
00-0026158,QB,2023,exploratory:deployed_recipe+xfp,12.715054945054945,11.120839515216158
00-0026498,QB,2023,exploratory:deployed_recipe+xfp,17.235777777777777,14.238970057212654
00-0028118,QB,2023,exploratory:deployed_recipe+xfp,9.91,10.448476319815601
00-0029263,QB,2023,exploratory:deployed_recipe+xfp,12.160833333333333,15.036429091869566
00-0029604,QB,2023,exploratory:deployed_recipe+xfp,11.47414285714286,13.445925515711647
00-0030565,QB,2023,exploratory:deployed_recipe+xfp,13.620196078431372,14.547346558720822
00-0031280,QB,2023,exploratory:deployed_recipe+xfp,15.09,14.668915488330384
00-0031503,QB,2023,exploratory:deployed_recipe+xfp,11.92181818181818,6.407618938823465
00-0031800,QB,2023,exploratory:deployed_recipe+xfp,0.78,9.248697008464934
00-0033077,QB,2023,exploratory:deployed_recipe+xfp,16.511323529411765,17.984509126189323
00-0033106,QB,2023,exploratory:deployed_recipe+xfp,18.005947712418298,17.04250432075782
00-0033319,QB,2023,exploratory:deployed_recipe+xfp,0.16,9.054467770441832
00-0033537,QB,2023,exploratory:deployed_recipe+xfp,10.96,11.076375765861037
00-0033662,QB,2023,exploratory:deployed_recipe+xfp,4.78,5.419076199465632
00-0033869,QB,2023,exploratory:deployed_recipe+xfp,4.72111111111111,7.769033471289257
00-0033873,QB,2023,exploratory:deployed_recipe+xfp,19.37075187969925,18.96984905258941
00-0033949,QB,2023,exploratory:deployed_recipe+xfp,0.525,14.07333978675967
00-0034771,QB,2023,exploratory:deployed_recipe+xfp,7.244166666666667,10.441945587651684
00-0034796,QB,2023,exploratory:deployed_recipe+xfp,20.67279352226721,19.037458199362536
00-0034855,QB,2023,exploratory:deployed_recipe+xfp,18.594869281045753,15.819338303711934
00-0034857,QB,2023,exploratory:deployed_recipe+xfp,23.28666666666667,21.062186018734067
00-0034869,QB,2023,exploratory:deployed_recipe+xfp,15.971944444444444,8.271615402570552
00-0035100,QB,2023,exploratory:deployed_recipe+xfp,9.748,13.407900639661204
00-0035228,QB,2023,exploratory:deployed_recipe+xfp,16.52035294117647,13.65178346446444
00-0035289,QB,2023,exploratory:deployed_recipe+xfp,4.776000000000001,12.530155619111843
00-0035704,QB,2023,exploratory:deployed_recipe+xfp,11.448571428571428,7.64080222852154
00-0035710,QB,2023,exploratory:deployed_recipe+xfp,15.47423076923077,9.85758990101898
00-0035993,QB,2023,exploratory:deployed_recipe+xfp,10.08,6.711923238474027
00-0036212,QB,2023,exploratory:deployed_recipe+xfp,13.992922077922078,16.499965014133856
00-0036264,QB,2023,exploratory:deployed_recipe+xfp,15.703125,15.482388669298604
00-0036355,QB,2023,exploratory:deployed_recipe+xfp,16.81908496732026,15.271032223153053
00-0036389,QB,2023,exploratory:deployed_recipe+xfp,20.04170278637771,19.558284869803494
00-0036442,QB,2023,exploratory:deployed_recipe+xfp,19.369044117647057,13.639778013639202
00-0036898,QB,2023,exploratory:deployed_recipe+xfp,6.914166666666667,5.670024779742136
00-0036945,QB,2023,exploratory:deployed_recipe+xfp,13.3410101010101,15.531961194401006
00-0036971,QB,2023,exploratory:deployed_recipe+xfp,17.19222222222222,15.868485923447205
00-0036972,QB,2023,exploratory:deployed_recipe+xfp,10.258166666666668,10.662603453009524
00-0037013,QB,2023,exploratory:deployed_recipe+xfp,0.345,11.114845667724964
00-0037834,QB,2023,exploratory:deployed_recipe+xfp,17.966242424242424,17.418084027118653
00-0038102,QB,2023,exploratory:deployed_recipe+xfp,2.389047619047619,10.98046829011107
00-0038122,QB,2023,exploratory:deployed_recipe+xfp,4.384,12.882902761454487
00-0038416,QB,2023,exploratory:deployed_recipe+xfp,-0.065,9.76461687729137
00-0038579,QB,2023,exploratory:deployed_recipe+xfp,10.386666666666668,11.990419711809823
00-0038582,QB,2023,exploratory:deployed_recipe+xfp,-0.416,6.189290302149741
00-0038583,QB,2023,exploratory:deployed_recipe+xfp,2.6333333333333333,7.195306745074515
00-0039150,QB,2023,exploratory:deployed_recipe+xfp,13.994411764705884,13.613826380723662
00-0039152,QB,2023,exploratory:deployed_recipe+xfp,9.995,11.645126793468972
00-0039163,QB,2023,exploratory:deployed_recipe+xfp,13.569144736842103,17.026324402262034
00-0039164,QB,2023,exploratory:deployed_recipe+xfp,14.850909090909092,12.238438476486964
00-0026158,QB,2023,deployed_recipe_reproduction,12.715054945054945,10.813619985454203
00-0026498,QB,2023,deployed_recipe_reproduction,17.235777777777777,14.272144620489
00-0028118,QB,2023,deployed_recipe_reproduction,9.91,10.541889422760443
00-0029263,QB,2023,deployed_recipe_reproduction,12.160833333333333,14.95373994406016
00-0029604,QB,2023,deployed_recipe_reproduction,11.47414285714286,13.347513337634242
00-0030565,QB,2023,deployed_recipe_reproduction,13.620196078431372,14.608670630819471
00-0031280,QB,2023,deployed_recipe_reproduction,15.09,14.74296115889702
00-0031503,QB,2023,deployed_recipe_reproduction,11.92181818181818,6.535981452663379
00-0031800,QB,2023,deployed_recipe_reproduction,0.78,8.949090684413116
00-0033077,QB,2023,deployed_recipe_reproduction,16.511323529411765,18.043260865902525
00-0033106,QB,2023,deployed_recipe_reproduction,18.005947712418298,17.09356531924214
00-0033319,QB,2023,deployed_recipe_reproduction,0.16,9.048146777002671
00-0033537,QB,2023,deployed_recipe_reproduction,10.96,10.909097253067113
00-0033662,QB,2023,deployed_recipe_reproduction,4.78,5.70068834251758
00-0033869,QB,2023,deployed_recipe_reproduction,4.72111111111111,7.777823669863297
00-0033873,QB,2023,deployed_recipe_reproduction,19.37075187969925,19.02723365081658
00-0033949,QB,2023,deployed_recipe_reproduction,0.525,13.993416034749215
00-0034771,QB,2023,deployed_recipe_reproduction,7.244166666666667,10.265376599237143
00-0034796,QB,2023,deployed_recipe_reproduction,20.67279352226721,18.88589233631871
00-0034855,QB,2023,deployed_recipe_reproduction,18.594869281045753,15.738409072348565
00-0034857,QB,2023,deployed_recipe_reproduction,23.28666666666667,20.916706694351138
00-0034869,QB,2023,deployed_recipe_reproduction,15.971944444444444,8.460754413094499
00-0035100,QB,2023,deployed_recipe_reproduction,9.748,13.226700298948439
00-0035228,QB,2023,deployed_recipe_reproduction,16.52035294117647,13.598363714376902
00-0035289,QB,2023,deployed_recipe_reproduction,4.776000000000001,12.505426555766695
00-0035704,QB,2023,deployed_recipe_reproduction,11.448571428571428,7.6375935963678305
00-0035710,QB,2023,deployed_recipe_reproduction,15.47423076923077,10.057801727397967
00-0035993,QB,2023,deployed_recipe_reproduction,10.08,6.725194661262092
00-0036212,QB,2023,deployed_recipe_reproduction,13.992922077922078,16.597640624324296
00-0036264,QB,2023,deployed_recipe_reproduction,15.703125,15.27754035115326
00-0036355,QB,2023,deployed_recipe_reproduction,16.81908496732026,15.355168241214908
00-0036389,QB,2023,deployed_recipe_reproduction,20.04170278637771,19.66965035317317
00-0036442,QB,2023,deployed_recipe_reproduction,19.369044117647057,13.760670563308786
00-0036898,QB,2023,deployed_recipe_reproduction,6.914166666666667,5.709694594187544
00-0036945,QB,2023,deployed_recipe_reproduction,13.3410101010101,15.57643710270439
00-0036971,QB,2023,deployed_recipe_reproduction,17.19222222222222,15.88297496399551
00-0036972,QB,2023,deployed_recipe_reproduction,10.258166666666668,10.814893326603027
00-0037013,QB,2023,deployed_recipe_reproduction,0.345,11.124608351331243
00-0037834,QB,2023,deployed_recipe_reproduction,17.966242424242424,17.209592539991895
00-0038102,QB,2023,deployed_recipe_reproduction,2.389047619047619,11.113672031210065
00-0038122,QB,2023,deployed_recipe_reproduction,4.384,12.896628977887612
00-0038416,QB,2023,deployed_recipe_reproduction,-0.065,9.872851660064441
00-0038579,QB,2023,deployed_recipe_reproduction,10.386666666666668,12.016452606984485
00-0038582,QB,2023,deployed_recipe_reproduction,-0.416,6.233779240811925
00-0038583,QB,2023,deployed_recipe_reproduction,2.6333333333333333,7.464964061652134
00-0039150,QB,2023,deployed_recipe_reproduction,13.994411764705884,13.735462996951757
00-0039152,QB,2023,deployed_recipe_reproduction,9.995,11.589459701975152
00-0039163,QB,2023,deployed_recipe_reproduction,13.569144736842103,16.909191991497757
00-0039164,QB,2023,deployed_recipe_reproduction,14.850909090909092,11.754399480854971
00-0029239,RB,2022,ppg_only,2.22,3.403370011993302
00-0030513,RB,2022,ppg_only,5.405882352941177,9.992292309019701
00-0030578,RB,2022,ppg_only,2.8767857142857145,10.018253389780249
00-0031376,RB,2022,ppg_only,6.758461538461538,9.090144752590753
00-0031687,RB,2022,ppg_only,11.217548076923077,9.085926076967166
00-0032104,RB,2022,ppg_only,5.454583333333334,4.268198514828968
00-0032144,RB,2022,ppg_only,4.925,7.865041351500619
00-0032764,RB,2022,ppg_only,17.2915479876161,14.758357320444414
00-0033045,RB,2022,ppg_only,7.049019607843138,9.75619918633851
00-0033280,RB,2022,ppg_only,18.614473684210527,16.034422323067496
00-0033293,RB,2022,ppg_only,14.022649572649572,11.856603332106394
00-0033308,RB,2022,ppg_only,3.1266666666666665,4.536639505824685
00-0033376,RB,2022,ppg_only,1.717142857142857,2.950163716430639
00-0033526,RB,2022,ppg_only,5.69014705882353,7.861844039449058
00-0033553,RB,2022,ppg_only,15.68125,12.380711738989872
00-0033699,RB,2022,ppg_only,11.94142857142857,16.648136503117733
00-0033854,RB,2022,ppg_only,2.0904040404040405,4.1773563664010265
00-0033893,RB,2022,ppg_only,2.8333333333333335,11.39072919265441
00-0033897,RB,2022,ppg_only,16.459191176470586,12.89687910940542
00-0033906,RB,2022,ppg_only,18.43653846153846,11.512227050613761
00-0033923,RB,2022,ppg_only,10.075,7.020512123136104
00-0033925,RB,2022,ppg_only,6.696666666666666,7.5123600693686114
00-0033948,RB,2022,ppg_only,3.6634615384615383,10.955295692996167
00-0034115,RB,2022,ppg_only,2.9021428571428576,8.70004133610362
00-0034184,RB,2022,ppg_only,7.933552631578948,6.407067055988395
00-0034208,RB,2022,ppg_only,1.328888888888889,4.41585216165457
00-0034414,RB,2022,ppg_only,1.3692307692307693,4.46835123608145
00-0034614,RB,2022,ppg_only,0.0,2.177141630736878
00-0034681,RB,2022,ppg_only,3.2266666666666666,5.838519387332452
00-0034791,RB,2022,ppg_only,7.9125,13.158933312847157
00-0034838,RB,2022,ppg_only,4.2,5.192088476394874
00-0034844,RB,2022,ppg_only,19.363928571428573,14.064432054537683
00-0034972,RB,2022,ppg_only,9.069642857142858,5.345835765787881
00-0034975,RB,2022,ppg_only,7.851797385620916,3.884299033082404
00-0035243,RB,2022,ppg_only,6.251136363636364,10.247749343703468
00-0035250,RB,2022,ppg_only,8.360526315789475,9.25701681059048
00-0035261,RB,2022,ppg_only,13.052430555555556,11.96071914357483
00-0035291,RB,2022,ppg_only,0.465625,2.52588548228687
00-0035537,RB,2022,ppg_only,4.744318181818182,4.393352558328763
00-0035567,RB,2022,ppg_only,2.5075396825396825,5.450833914641643
00-0035594,RB,2022,ppg_only,0.3999999999999999,4.895093712494235
00-0035628,RB,2022,ppg_only,2.5833333333333335,2.3908878623320344
00-0035657,RB,2022,ppg_only,3.1666666666666665,7.563751208783237
00-0035664,RB,2022,ppg_only,10.875,6.947057535807737
00-0035685,RB,2022,ppg_only,14.80478431372549,9.482481585584495
00-0035700,RB,2022,ppg_only,15.693162393162396,15.021106364577099
00-0035726,RB,2022,ppg_only,0.275,2.3540703296170795
00-0035806,RB,2022,ppg_only,2.4,5.374335263333902
00-0035924,RB,2022,ppg_only,0.55,2.8633795321739592
00-0035973,RB,2022,ppg_only,3.3054945054945053,2.6383834989159
00-0036020,RB,2022,ppg_only,6.128571428571428,4.107286173186374
00-0036158,RB,2022,ppg_only,13.885714285714286,9.613260529915742
00-0036187,RB,2022,ppg_only,0.17375,4.001216614650431
00-0036223,RB,2022,ppg_only,16.559285714285714,10.96937298491659
00-0036251,RB,2022,ppg_only,11.175892857142856,5.334874420577874
00-0036265,RB,2022,ppg_only,7.840000000000001,8.640483562594131
00-0036275,RB,2022,ppg_only,12.48235294117647,11.19948256438506
00-0036328,RB,2022,ppg_only,7.022426470588236,9.451263385969938
00-0036360,RB,2022,ppg_only,4.110526315789474,8.6210280232477
00-0036370,RB,2022,ppg_only,3.6294117647058823,5.547755282814345
00-0036414,RB,2022,ppg_only,6.191596638655462,8.344282902340286
00-0036425,RB,2022,ppg_only,1.0150735294117648,3.989765923672119
00-0036450,RB,2022,ppg_only,1.28,3.1333747720836307
00-0036555,RB,2022,ppg_only,13.420980392156864,6.310640184592084
00-0036567,RB,2022,ppg_only,4.230769230769231,7.713651163408411
00-0036569,RB,2022,ppg_only,2.9,3.177050472657254
00-0036842,RB,2022,ppg_only,0.1625,2.5033858789610646
00-0036875,RB,2022,ppg_only,11.934166666666666,11.876455923276222
00-0036893,RB,2022,ppg_only,11.558333333333334,10.937825412766717
00-0036906,RB,2022,ppg_only,6.119318181818182,8.102325629652006
00-0036919,RB,2022,ppg_only,4.68498599439776,6.187695923561787
00-0036924,RB,2022,ppg_only,3.92,7.301426288189181
00-0036950,RB,2022,ppg_only,0.0,3.4152815666951994
00-0036973,RB,2022,ppg_only,12.645882352941175,10.341537163882617
00-0036997,RB,2022,ppg_only,10.161111111111111,9.073270050096399
00-0037197,RB,2022,ppg_only,11.020555555555555,7.831291946511911
00-0037228,RB,2022,ppg_only,9.742361111111112,5.921919359275704
00-0037248,RB,2022,ppg_only,15.305263157894736,6.3695677171120515
00-0037256,RB,2022,ppg_only,14.123190789473684,7.715793982772774
00-0037258,RB,2022,ppg_only,4.501041666666667,10.625742679577009
00-0037263,RB,2022,ppg_only,7.170588235294117,8.710463946467778
00-0037267,RB,2022,ppg_only,10.852380952380951,2.0482015962928366
00-0037286,RB,2022,ppg_only,5.325,3.4978683459616873
00-0037299,RB,2022,ppg_only,2.0000000000000004,3.0965572393686753
00-0037429,RB,2022,ppg_only,1.2000000000000002,4.322392270916606
00-0037525,RB,2022,ppg_only,6.1885416666666675,3.576938380506662
00-0037594,RB,2022,ppg_only,1.1083333333333334,2.9196285404884743
00-0037617,RB,2022,ppg_only,2.5615384615384613,3.239444330619573
00-0037746,RB,2022,ppg_only,12.218039215686275,8.325158239513351
00-0037840,RB,2022,ppg_only,18.443162393162392,4.559287132856582
00-0038040,RB,2022,ppg_only,4.673557692307693,2.415432884142005
00-0038045,RB,2022,ppg_only,2.111111111111111,3.119875010088147
00-0038098,RB,2022,ppg_only,2.691346153846154,3.8218626338532924
00-0038120,RB,2022,ppg_only,16.072242647058825,13.084627900182943
00-0038134,RB,2022,ppg_only,14.883030303030305,11.102453025042522
00-0029239,RB,2022,recent_production_3col,2.22,1.9675954287872068
00-0030513,RB,2022,recent_production_3col,5.405882352941177,8.21787977326954
00-0030578,RB,2022,recent_production_3col,2.8767857142857145,8.484430914180376
00-0031376,RB,2022,recent_production_3col,6.758461538461538,8.303205423025087
00-0031687,RB,2022,recent_production_3col,11.217548076923077,8.037912920375518
00-0032104,RB,2022,recent_production_3col,5.454583333333334,3.7097170101760617
00-0032144,RB,2022,recent_production_3col,4.925,6.729763981284975
00-0032764,RB,2022,recent_production_3col,17.2915479876161,13.902657971580812
00-0033045,RB,2022,recent_production_3col,7.049019607843138,9.464832968319293
00-0033280,RB,2022,recent_production_3col,18.614473684210527,15.858278865151327
00-0033293,RB,2022,recent_production_3col,14.022649572649572,11.215362419179932
00-0033308,RB,2022,recent_production_3col,3.1266666666666665,4.6441781112005645
00-0033376,RB,2022,recent_production_3col,1.717142857142857,2.570701676490036
00-0033526,RB,2022,recent_production_3col,5.69014705882353,7.79848361091692
00-0033553,RB,2022,recent_production_3col,15.68125,11.693167936334202
00-0033699,RB,2022,recent_production_3col,11.94142857142857,16.067881523739025
00-0033854,RB,2022,recent_production_3col,2.0904040404040405,3.80014536751123
00-0033893,RB,2022,recent_production_3col,2.8333333333333335,11.080678894261087
00-0033897,RB,2022,recent_production_3col,16.459191176470586,12.686021839032694
00-0033906,RB,2022,recent_production_3col,18.43653846153846,10.999964379908507
00-0033923,RB,2022,recent_production_3col,10.075,6.8697466625885975
00-0033925,RB,2022,recent_production_3col,6.696666666666666,7.512917731426793
00-0033948,RB,2022,recent_production_3col,3.6634615384615383,10.60230185704305
00-0034115,RB,2022,recent_production_3col,2.9021428571428576,8.462956397456646
00-0034184,RB,2022,recent_production_3col,7.933552631578948,5.830571001187444
00-0034208,RB,2022,recent_production_3col,1.328888888888889,3.811049361293685
00-0034414,RB,2022,recent_production_3col,1.3692307692307693,4.5140768585861455
00-0034614,RB,2022,recent_production_3col,0.0,1.314827802949364
00-0034681,RB,2022,recent_production_3col,3.2266666666666666,5.729136180657051
00-0034791,RB,2022,recent_production_3col,7.9125,12.692683424068498
00-0034838,RB,2022,recent_production_3col,4.2,4.528024661341858
00-0034844,RB,2022,recent_production_3col,19.363928571428573,14.100815341523607
00-0034972,RB,2022,recent_production_3col,9.069642857142858,6.072236025251096
00-0034975,RB,2022,recent_production_3col,7.851797385620916,4.313245383425536
00-0035243,RB,2022,recent_production_3col,6.251136363636364,10.610936530250871
00-0035250,RB,2022,recent_production_3col,8.360526315789475,9.54047741642324
00-0035261,RB,2022,recent_production_3col,13.052430555555556,12.105222848558471
00-0035291,RB,2022,recent_production_3col,0.465625,2.6327115880167025
00-0035537,RB,2022,recent_production_3col,4.744318181818182,4.53484543420663
00-0035567,RB,2022,recent_production_3col,2.5075396825396825,4.904117189381976
00-0035594,RB,2022,recent_production_3col,0.3999999999999999,5.122078587607502
00-0035628,RB,2022,recent_production_3col,2.5833333333333335,2.1974051841490265
00-0035657,RB,2022,recent_production_3col,3.1666666666666665,7.476978644446181
00-0035664,RB,2022,recent_production_3col,10.875,6.826657308526322
00-0035685,RB,2022,recent_production_3col,14.80478431372549,9.623709096322735
00-0035700,RB,2022,recent_production_3col,15.693162393162396,15.184923002665546
00-0035726,RB,2022,recent_production_3col,0.275,1.8092765510917195
00-0035806,RB,2022,recent_production_3col,2.4,5.419454143241357
00-0035924,RB,2022,recent_production_3col,0.55,2.560924147230833
00-0035973,RB,2022,recent_production_3col,3.3054945054945053,2.720061449107961
00-0036020,RB,2022,recent_production_3col,6.128571428571428,4.178792467051963
00-0036158,RB,2022,recent_production_3col,13.885714285714286,9.53243235149481
00-0036187,RB,2022,recent_production_3col,0.17375,3.8362500271200672
00-0036223,RB,2022,recent_production_3col,16.559285714285714,11.191417001025853
00-0036251,RB,2022,recent_production_3col,11.175892857142856,5.493300400261976
00-0036265,RB,2022,recent_production_3col,7.840000000000001,9.132232591476537
00-0036275,RB,2022,recent_production_3col,12.48235294117647,11.605668073026179
00-0036328,RB,2022,recent_production_3col,7.022426470588236,9.770697026987932
00-0036360,RB,2022,recent_production_3col,4.110526315789474,8.898442670896674
00-0036370,RB,2022,recent_production_3col,3.6294117647058823,5.695240241179057
00-0036414,RB,2022,recent_production_3col,6.191596638655462,8.962534185262008
00-0036425,RB,2022,recent_production_3col,1.0150735294117648,4.655216129556926
00-0036450,RB,2022,recent_production_3col,1.28,2.9476882928803896
00-0036555,RB,2022,recent_production_3col,13.420980392156864,6.968087963324156
00-0036567,RB,2022,recent_production_3col,4.230769230769231,7.599808169277913
00-0036569,RB,2022,recent_production_3col,2.9,3.9495928865629892
00-0036842,RB,2022,recent_production_3col,0.1625,3.1799059913982592
00-0036875,RB,2022,recent_production_3col,11.934166666666666,12.201892009721119
00-0036893,RB,2022,recent_production_3col,11.558333333333334,11.311502455766496
00-0036906,RB,2022,recent_production_3col,6.119318181818182,8.360442663226927
00-0036919,RB,2022,recent_production_3col,4.68498599439776,7.243398397090044
00-0036924,RB,2022,recent_production_3col,3.92,8.038597894378498
00-0036950,RB,2022,recent_production_3col,0.0,4.175580082998173
00-0036973,RB,2022,recent_production_3col,12.645882352941175,11.118430121842797
00-0036997,RB,2022,recent_production_3col,10.161111111111111,9.177430060769982
00-0037197,RB,2022,recent_production_3col,11.020555555555555,8.802521729829117
00-0037228,RB,2022,recent_production_3col,9.742361111111112,6.4880664539781145
00-0037248,RB,2022,recent_production_3col,15.305263157894736,7.285277558752964
00-0037256,RB,2022,recent_production_3col,14.123190789473684,8.56231446601586
00-0037258,RB,2022,recent_production_3col,4.501041666666667,11.238017244476167
00-0037263,RB,2022,recent_production_3col,7.170588235294117,9.61714233100366
00-0037267,RB,2022,recent_production_3col,10.852380952380951,2.8593949330669846
00-0037286,RB,2022,recent_production_3col,5.325,3.953899035043405
00-0037299,RB,2022,recent_production_3col,2.0000000000000004,3.7232249685291943
00-0037429,RB,2022,recent_production_3col,1.2000000000000002,4.774779146455343
00-0037525,RB,2022,recent_production_3col,6.1885416666666675,4.374884884230422
00-0037594,RB,2022,recent_production_3col,1.1083333333333334,3.4707005514297355
00-0037617,RB,2022,recent_production_3col,2.5615384615384613,4.054736355947244
00-0037746,RB,2022,recent_production_3col,12.218039215686275,8.74842445079144
00-0037840,RB,2022,recent_production_3col,18.443162393162392,5.15673414102852
00-0038040,RB,2022,recent_production_3col,4.673557692307693,3.077107029630419
00-0038045,RB,2022,recent_production_3col,2.111111111111111,3.8372570144091434
00-0038098,RB,2022,recent_production_3col,2.691346153846154,4.104006267667
00-0038120,RB,2022,recent_production_3col,16.072242647058825,13.420516312513165
00-0038134,RB,2022,recent_production_3col,14.883030303030305,11.886195025210677
00-0029239,RB,2022,deployed_recipe,2.22,2.334238040100111
00-0030513,RB,2022,deployed_recipe,5.405882352941177,7.914730441180351
00-0030578,RB,2022,deployed_recipe,2.8767857142857145,8.968142662712738
00-0031376,RB,2022,deployed_recipe,6.758461538461538,8.242304968019447
00-0031687,RB,2022,deployed_recipe,11.217548076923077,7.980672711895348
00-0032104,RB,2022,deployed_recipe,5.454583333333334,3.477952131291047
00-0032144,RB,2022,deployed_recipe,4.925,7.039746121597184
00-0032764,RB,2022,deployed_recipe,17.2915479876161,15.61724493903725
00-0033045,RB,2022,deployed_recipe,7.049019607843138,10.192988983825385
00-0033280,RB,2022,deployed_recipe,18.614473684210527,16.384269553594777
00-0033293,RB,2022,deployed_recipe,14.022649572649572,12.165248808483017
00-0033308,RB,2022,deployed_recipe,3.1266666666666665,4.610810030166792
00-0033376,RB,2022,deployed_recipe,1.717142857142857,2.1053699488599555
00-0033526,RB,2022,deployed_recipe,5.69014705882353,7.431235720568348
00-0033553,RB,2022,deployed_recipe,15.68125,12.271851866838713
00-0033699,RB,2022,deployed_recipe,11.94142857142857,17.154717251114075
00-0033854,RB,2022,deployed_recipe,2.0904040404040405,3.4310021470141647
00-0033893,RB,2022,deployed_recipe,2.8333333333333335,12.388297751440401
00-0033897,RB,2022,deployed_recipe,16.459191176470586,13.723227532963602
00-0033906,RB,2022,deployed_recipe,18.43653846153846,12.47175981581341
00-0033923,RB,2022,deployed_recipe,10.075,7.82416940476779
00-0033925,RB,2022,deployed_recipe,6.696666666666666,7.772230297448736
00-0033948,RB,2022,deployed_recipe,3.6634615384615383,10.556344399476174
00-0034115,RB,2022,deployed_recipe,2.9021428571428576,8.583627019964503
00-0034184,RB,2022,deployed_recipe,7.933552631578948,5.776773419192376
00-0034208,RB,2022,deployed_recipe,1.328888888888889,3.5639640197281035
00-0034414,RB,2022,deployed_recipe,1.3692307692307693,4.868211401862947
00-0034614,RB,2022,deployed_recipe,0.0,1.0682135312346688
00-0034681,RB,2022,deployed_recipe,3.2266666666666666,6.310689961156376
00-0034791,RB,2022,deployed_recipe,7.9125,13.7583127016666
00-0034838,RB,2022,deployed_recipe,4.2,3.7625383063409235
00-0034844,RB,2022,deployed_recipe,19.363928571428573,13.976855605191986
00-0034972,RB,2022,deployed_recipe,9.069642857142858,6.2541668658977
00-0034975,RB,2022,deployed_recipe,7.851797385620916,4.252527988277244
00-0035243,RB,2022,deployed_recipe,6.251136363636364,10.984619769114952
00-0035250,RB,2022,deployed_recipe,8.360526315789475,9.923646856416125
00-0035261,RB,2022,deployed_recipe,13.052430555555556,12.265557404896606
00-0035291,RB,2022,deployed_recipe,0.465625,2.133122503819262
00-0035537,RB,2022,deployed_recipe,4.744318181818182,4.631763012417483
00-0035567,RB,2022,deployed_recipe,2.5075396825396825,4.821476553477476
00-0035594,RB,2022,deployed_recipe,0.3999999999999999,4.674275503896624
00-0035628,RB,2022,deployed_recipe,2.5833333333333335,2.203359789487682
00-0035657,RB,2022,deployed_recipe,3.1666666666666665,8.046191305206914
00-0035664,RB,2022,deployed_recipe,10.875,7.334303234462935
00-0035685,RB,2022,deployed_recipe,14.80478431372549,10.576554126092933
00-0035700,RB,2022,deployed_recipe,15.693162393162396,15.74109802725432
00-0035726,RB,2022,deployed_recipe,0.275,1.2125381047394947
00-0035806,RB,2022,deployed_recipe,2.4,5.050815475022003
00-0035924,RB,2022,deployed_recipe,0.55,1.7233390287482964
00-0035973,RB,2022,deployed_recipe,3.3054945054945053,2.5361669565667446
00-0036020,RB,2022,deployed_recipe,6.128571428571428,4.096408726624484
00-0036158,RB,2022,deployed_recipe,13.885714285714286,9.759763843478957
00-0036187,RB,2022,deployed_recipe,0.17375,2.924035949280527
00-0036223,RB,2022,deployed_recipe,16.559285714285714,12.750840866032764
00-0036251,RB,2022,deployed_recipe,11.175892857142856,5.5866525300720795
00-0036265,RB,2022,deployed_recipe,7.840000000000001,9.020378042715066
00-0036275,RB,2022,deployed_recipe,12.48235294117647,12.34446051018141
00-0036328,RB,2022,deployed_recipe,7.022426470588236,10.467921078483261
00-0036360,RB,2022,deployed_recipe,4.110526315789474,9.263849861531826
00-0036370,RB,2022,deployed_recipe,3.6294117647058823,5.158849253085602
00-0036414,RB,2022,deployed_recipe,6.191596638655462,8.771616793208139
00-0036425,RB,2022,deployed_recipe,1.0150735294117648,4.472850272106313
00-0036450,RB,2022,deployed_recipe,1.28,2.8652395633107197
00-0036555,RB,2022,deployed_recipe,13.420980392156864,7.162331252903696
00-0036567,RB,2022,deployed_recipe,4.230769230769231,8.099861958179316
00-0036569,RB,2022,deployed_recipe,2.9,3.6719096173351318
00-0036842,RB,2022,deployed_recipe,0.1625,3.0958828164099508
00-0036875,RB,2022,deployed_recipe,11.934166666666666,12.106745751844482
00-0036893,RB,2022,deployed_recipe,11.558333333333334,11.858423694717327
00-0036906,RB,2022,deployed_recipe,6.119318181818182,8.340516094795959
00-0036919,RB,2022,deployed_recipe,4.68498599439776,7.531083092052674
00-0036924,RB,2022,deployed_recipe,3.92,8.183544725102758
00-0036950,RB,2022,deployed_recipe,0.0,3.8453799686153056
00-0036973,RB,2022,deployed_recipe,12.645882352941175,11.219472286171705
00-0036997,RB,2022,deployed_recipe,10.161111111111111,9.255709185248813
00-0037197,RB,2022,deployed_recipe,11.020555555555555,8.935834675162347
00-0037228,RB,2022,deployed_recipe,9.742361111111112,6.653435521473879
00-0037248,RB,2022,deployed_recipe,15.305263157894736,7.447856215096607
00-0037256,RB,2022,deployed_recipe,14.123190789473684,8.495594352784885
00-0037258,RB,2022,deployed_recipe,4.501041666666667,10.932659649891178
00-0037263,RB,2022,deployed_recipe,7.170588235294117,9.862224643211105
00-0037267,RB,2022,deployed_recipe,10.852380952380951,3.326670281944629
00-0037286,RB,2022,deployed_recipe,5.325,4.1292130856113864
00-0037299,RB,2022,deployed_recipe,2.0000000000000004,4.053599506903767
00-0037429,RB,2022,deployed_recipe,1.2000000000000002,5.030401300131134
00-0037525,RB,2022,deployed_recipe,6.1885416666666675,4.719299539838509
00-0037594,RB,2022,deployed_recipe,1.1083333333333334,3.719503043174329
00-0037617,RB,2022,deployed_recipe,2.5615384615384613,4.430602079830328
00-0037746,RB,2022,deployed_recipe,12.218039215686275,8.729798109924689
00-0037840,RB,2022,deployed_recipe,18.443162393162392,5.291941414468008
00-0038040,RB,2022,deployed_recipe,4.673557692307693,3.470955542159981
00-0038045,RB,2022,deployed_recipe,2.111111111111111,4.047747618198249
00-0038098,RB,2022,deployed_recipe,2.691346153846154,4.347465942311188
00-0038120,RB,2022,deployed_recipe,16.072242647058825,12.741596215498536
00-0038134,RB,2022,deployed_recipe,14.883030303030305,11.672235351529345
00-0029239,RB,2022,recent_production_3col+opportunity,2.22,2.0930219422942438
00-0030513,RB,2022,recent_production_3col+opportunity,5.405882352941177,8.851786817793007
00-0030578,RB,2022,recent_production_3col+opportunity,2.8767857142857145,8.263175478087131
00-0031376,RB,2022,recent_production_3col+opportunity,6.758461538461538,8.484571663314421
00-0031687,RB,2022,recent_production_3col+opportunity,11.217548076923077,8.062132977836185
00-0032104,RB,2022,recent_production_3col+opportunity,5.454583333333334,3.538415392812371
00-0032144,RB,2022,recent_production_3col+opportunity,4.925,6.70452968681243
00-0032764,RB,2022,recent_production_3col+opportunity,17.2915479876161,14.05776912003694
00-0033045,RB,2022,recent_production_3col+opportunity,7.049019607843138,9.651091210715858
00-0033280,RB,2022,recent_production_3col+opportunity,18.614473684210527,15.515644021819936
00-0033293,RB,2022,recent_production_3col+opportunity,14.022649572649572,11.384834410512283
00-0033308,RB,2022,recent_production_3col+opportunity,3.1266666666666665,4.663952221468952
00-0033376,RB,2022,recent_production_3col+opportunity,1.717142857142857,2.799429012281349
00-0033526,RB,2022,recent_production_3col+opportunity,5.69014705882353,8.086594825503484
00-0033553,RB,2022,recent_production_3col+opportunity,15.68125,12.126091412992421
00-0033699,RB,2022,recent_production_3col+opportunity,11.94142857142857,16.79776068802957
00-0033854,RB,2022,recent_production_3col+opportunity,2.0904040404040405,4.112734315172428
00-0033893,RB,2022,recent_production_3col+opportunity,2.8333333333333335,11.509297002627367
00-0033897,RB,2022,recent_production_3col+opportunity,16.459191176470586,13.015600526032614
00-0033906,RB,2022,recent_production_3col+opportunity,18.43653846153846,10.77582653539206
00-0033923,RB,2022,recent_production_3col+opportunity,10.075,7.20684436652794
00-0033925,RB,2022,recent_production_3col+opportunity,6.696666666666666,7.7104132167796315
00-0033948,RB,2022,recent_production_3col+opportunity,3.6634615384615383,10.673762272160397
00-0034115,RB,2022,recent_production_3col+opportunity,2.9021428571428576,8.188369940548533
00-0034184,RB,2022,recent_production_3col+opportunity,7.933552631578948,5.9443878337965845
00-0034208,RB,2022,recent_production_3col+opportunity,1.328888888888889,3.482726146063904
00-0034414,RB,2022,recent_production_3col+opportunity,1.3692307692307693,4.8624116263941115
00-0034614,RB,2022,recent_production_3col+opportunity,0.0,1.4005225125813725
00-0034681,RB,2022,recent_production_3col+opportunity,3.2266666666666666,5.5933755102305245
00-0034791,RB,2022,recent_production_3col+opportunity,7.9125,12.887153439142988
00-0034838,RB,2022,recent_production_3col+opportunity,4.2,4.643707893297158
00-0034844,RB,2022,recent_production_3col+opportunity,19.363928571428573,14.388060691057351
00-0034972,RB,2022,recent_production_3col+opportunity,9.069642857142858,6.463197767521054
00-0034975,RB,2022,recent_production_3col+opportunity,7.851797385620916,4.646171915640746
00-0035243,RB,2022,recent_production_3col+opportunity,6.251136363636364,10.737056852577243
00-0035250,RB,2022,recent_production_3col+opportunity,8.360526315789475,9.724204134911353
00-0035261,RB,2022,recent_production_3col+opportunity,13.052430555555556,11.981426052285574
00-0035291,RB,2022,recent_production_3col+opportunity,0.465625,2.60393617701338
00-0035537,RB,2022,recent_production_3col+opportunity,4.744318181818182,4.3643700811059185
00-0035567,RB,2022,recent_production_3col+opportunity,2.5075396825396825,4.866633796399763
00-0035594,RB,2022,recent_production_3col+opportunity,0.3999999999999999,4.922327937227969
00-0035628,RB,2022,recent_production_3col+opportunity,2.5833333333333335,2.3415310742773974
00-0035657,RB,2022,recent_production_3col+opportunity,3.1666666666666665,7.392197344817648
00-0035664,RB,2022,recent_production_3col+opportunity,10.875,6.698206386381791
00-0035685,RB,2022,recent_production_3col+opportunity,14.80478431372549,9.530351501642384
00-0035700,RB,2022,recent_production_3col+opportunity,15.693162393162396,15.141734515797694
00-0035726,RB,2022,recent_production_3col+opportunity,0.275,1.965745968480122
00-0035806,RB,2022,recent_production_3col+opportunity,2.4,5.772872056433001
00-0035924,RB,2022,recent_production_3col+opportunity,0.55,2.5119464088584618
00-0035973,RB,2022,recent_production_3col+opportunity,3.3054945054945053,2.7627052229781546
00-0036020,RB,2022,recent_production_3col+opportunity,6.128571428571428,4.039321871582111
00-0036158,RB,2022,recent_production_3col+opportunity,13.885714285714286,9.48459380733907
00-0036187,RB,2022,recent_production_3col+opportunity,0.17375,3.259754873673345
00-0036223,RB,2022,recent_production_3col+opportunity,16.559285714285714,11.706702110449498
00-0036251,RB,2022,recent_production_3col+opportunity,11.175892857142856,5.666931845208739
00-0036265,RB,2022,recent_production_3col+opportunity,7.840000000000001,9.190285991071004
00-0036275,RB,2022,recent_production_3col+opportunity,12.48235294117647,11.543618411683669
00-0036328,RB,2022,recent_production_3col+opportunity,7.022426470588236,9.540337360912883
00-0036360,RB,2022,recent_production_3col+opportunity,4.110526315789474,8.878932193920146
00-0036370,RB,2022,recent_production_3col+opportunity,3.6294117647058823,5.522758629356976
00-0036414,RB,2022,recent_production_3col+opportunity,6.191596638655462,8.890585996462672
00-0036425,RB,2022,recent_production_3col+opportunity,1.0150735294117648,4.750854273578009
00-0036450,RB,2022,recent_production_3col+opportunity,1.28,3.1485361107032563
00-0036555,RB,2022,recent_production_3col+opportunity,13.420980392156864,7.040850795993867
00-0036567,RB,2022,recent_production_3col+opportunity,4.230769230769231,7.698168511167441
00-0036569,RB,2022,recent_production_3col+opportunity,2.9,4.13312605330417
00-0036842,RB,2022,recent_production_3col+opportunity,0.1625,3.372122115350451
00-0036875,RB,2022,recent_production_3col+opportunity,11.934166666666666,12.423933840824109
00-0036893,RB,2022,recent_production_3col+opportunity,11.558333333333334,11.026059330312359
00-0036906,RB,2022,recent_production_3col+opportunity,6.119318181818182,8.652768549121342
00-0036919,RB,2022,recent_production_3col+opportunity,4.68498599439776,7.343590359231321
00-0036924,RB,2022,recent_production_3col+opportunity,3.92,8.03192875593742
00-0036950,RB,2022,recent_production_3col+opportunity,0.0,4.493982298407982
00-0036973,RB,2022,recent_production_3col+opportunity,12.645882352941175,11.296166322270874
00-0036997,RB,2022,recent_production_3col+opportunity,10.161111111111111,9.564120627449492
00-0037197,RB,2022,recent_production_3col+opportunity,11.020555555555555,9.129263273248618
00-0037228,RB,2022,recent_production_3col+opportunity,9.742361111111112,6.751620046326595
00-0037248,RB,2022,recent_production_3col+opportunity,15.305263157894736,7.134238367805161
00-0037256,RB,2022,recent_production_3col+opportunity,14.123190789473684,8.882679933897238
00-0037258,RB,2022,recent_production_3col+opportunity,4.501041666666667,11.336094672661808
00-0037263,RB,2022,recent_production_3col+opportunity,7.170588235294117,9.861257823546039
00-0037267,RB,2022,recent_production_3col+opportunity,10.852380952380951,2.999783265949956
00-0037286,RB,2022,recent_production_3col+opportunity,5.325,3.93290101550017
00-0037299,RB,2022,recent_production_3col+opportunity,2.0000000000000004,3.9014181249414066
00-0037429,RB,2022,recent_production_3col+opportunity,1.2000000000000002,5.065152928108648
00-0037525,RB,2022,recent_production_3col+opportunity,6.1885416666666675,4.518886622814299
00-0037594,RB,2022,recent_production_3col+opportunity,1.1083333333333334,3.4486806343467555
00-0037617,RB,2022,recent_production_3col+opportunity,2.5615384615384613,4.237932826179033
00-0037746,RB,2022,recent_production_3col+opportunity,12.218039215686275,8.85599411766976
00-0037840,RB,2022,recent_production_3col+opportunity,18.443162393162392,5.0056214540562305
00-0038040,RB,2022,recent_production_3col+opportunity,4.673557692307693,3.18082633707732
00-0038045,RB,2022,recent_production_3col+opportunity,2.111111111111111,3.9539808330800983
00-0038098,RB,2022,recent_production_3col+opportunity,2.691346153846154,4.183455488994554
00-0038120,RB,2022,recent_production_3col+opportunity,16.072242647058825,11.689780675323183
00-0038134,RB,2022,recent_production_3col+opportunity,14.883030303030305,12.35441782631628
00-0029239,RB,2022,deployed_recipe+opportunity,2.22,2.5079530647668857
00-0030513,RB,2022,deployed_recipe+opportunity,5.405882352941177,8.578032877226011
00-0030578,RB,2022,deployed_recipe+opportunity,2.8767857142857145,8.629760521415552
00-0031376,RB,2022,deployed_recipe+opportunity,6.758461538461538,8.331553594154121
00-0031687,RB,2022,deployed_recipe+opportunity,11.217548076923077,8.236126885372972
00-0032104,RB,2022,deployed_recipe+opportunity,5.454583333333334,3.387221874907267
00-0032144,RB,2022,deployed_recipe+opportunity,4.925,7.299478846351137
00-0032764,RB,2022,deployed_recipe+opportunity,17.2915479876161,15.540986151812023
00-0033045,RB,2022,deployed_recipe+opportunity,7.049019607843138,10.463761597984439
00-0033280,RB,2022,deployed_recipe+opportunity,18.614473684210527,15.815013001631412
00-0033293,RB,2022,deployed_recipe+opportunity,14.022649572649572,12.323069562027474
00-0033308,RB,2022,deployed_recipe+opportunity,3.1266666666666665,4.683528655281103
00-0033376,RB,2022,deployed_recipe+opportunity,1.717142857142857,2.3860385066890837
00-0033526,RB,2022,deployed_recipe+opportunity,5.69014705882353,7.626591262091882
00-0033553,RB,2022,deployed_recipe+opportunity,15.68125,12.698365464681
00-0033699,RB,2022,deployed_recipe+opportunity,11.94142857142857,17.49870699442771
00-0033854,RB,2022,deployed_recipe+opportunity,2.0904040404040405,3.785079125353584
00-0033893,RB,2022,deployed_recipe+opportunity,2.8333333333333335,12.796218428467824
00-0033897,RB,2022,deployed_recipe+opportunity,16.459191176470586,13.934462597333583
00-0033906,RB,2022,deployed_recipe+opportunity,18.43653846153846,12.401150402615865
00-0033923,RB,2022,deployed_recipe+opportunity,10.075,8.149339417683489
00-0033925,RB,2022,deployed_recipe+opportunity,6.696666666666666,7.8372932346315665
00-0033948,RB,2022,deployed_recipe+opportunity,3.6634615384615383,10.520220256223626
00-0034115,RB,2022,deployed_recipe+opportunity,2.9021428571428576,8.372601835102085
00-0034184,RB,2022,deployed_recipe+opportunity,7.933552631578948,5.983691231491401
00-0034208,RB,2022,deployed_recipe+opportunity,1.328888888888889,3.4457506922408094
00-0034414,RB,2022,deployed_recipe+opportunity,1.3692307692307693,5.164658895067474
00-0034614,RB,2022,deployed_recipe+opportunity,0.0,1.1714491286525348
00-0034681,RB,2022,deployed_recipe+opportunity,3.2266666666666666,6.22547104781403
00-0034791,RB,2022,deployed_recipe+opportunity,7.9125,13.651901636865274
00-0034838,RB,2022,deployed_recipe+opportunity,4.2,4.131811088355555
00-0034844,RB,2022,deployed_recipe+opportunity,19.363928571428573,14.18580135644668
00-0034972,RB,2022,deployed_recipe+opportunity,9.069642857142858,6.520323524629589
00-0034975,RB,2022,deployed_recipe+opportunity,7.851797385620916,4.613105980300592
00-0035243,RB,2022,deployed_recipe+opportunity,6.251136363636364,11.047859504143878
00-0035250,RB,2022,deployed_recipe+opportunity,8.360526315789475,10.114662259052345
00-0035261,RB,2022,deployed_recipe+opportunity,13.052430555555556,11.901709732923976
00-0035291,RB,2022,deployed_recipe+opportunity,0.465625,2.125330765779337
00-0035537,RB,2022,deployed_recipe+opportunity,4.744318181818182,4.53592961205603
00-0035567,RB,2022,deployed_recipe+opportunity,2.5075396825396825,4.806529577538919
00-0035594,RB,2022,deployed_recipe+opportunity,0.3999999999999999,4.481600741243933
00-0035628,RB,2022,deployed_recipe+opportunity,2.5833333333333335,2.371965643951356
00-0035657,RB,2022,deployed_recipe+opportunity,3.1666666666666665,8.017484485437526
00-0035664,RB,2022,deployed_recipe+opportunity,10.875,7.255101759584466
00-0035685,RB,2022,deployed_recipe+opportunity,14.80478431372549,10.534752681765992
00-0035700,RB,2022,deployed_recipe+opportunity,15.693162393162396,15.590003236922112
00-0035726,RB,2022,deployed_recipe+opportunity,0.275,1.4179034655953862
00-0035806,RB,2022,deployed_recipe+opportunity,2.4,5.338770520328032
00-0035924,RB,2022,deployed_recipe+opportunity,0.55,1.732535504859801
00-0035973,RB,2022,deployed_recipe+opportunity,3.3054945054945053,2.5934131978997317
00-0036020,RB,2022,deployed_recipe+opportunity,6.128571428571428,3.926359727712858
00-0036158,RB,2022,deployed_recipe+opportunity,13.885714285714286,9.39167943621452
00-0036187,RB,2022,deployed_recipe+opportunity,0.17375,2.467791432420362
00-0036223,RB,2022,deployed_recipe+opportunity,16.559285714285714,13.249973212577178
00-0036251,RB,2022,deployed_recipe+opportunity,11.175892857142856,5.83136998401487
00-0036265,RB,2022,deployed_recipe+opportunity,7.840000000000001,9.20650818924676
00-0036275,RB,2022,deployed_recipe+opportunity,12.48235294117647,12.205368494914195
00-0036328,RB,2022,deployed_recipe+opportunity,7.022426470588236,10.321349577352104
00-0036360,RB,2022,deployed_recipe+opportunity,4.110526315789474,9.096869653218953
00-0036370,RB,2022,deployed_recipe+opportunity,3.6294117647058823,5.090317067947597
00-0036414,RB,2022,deployed_recipe+opportunity,6.191596638655462,8.845005454854588
00-0036425,RB,2022,deployed_recipe+opportunity,1.0150735294117648,4.551446410110322
00-0036450,RB,2022,deployed_recipe+opportunity,1.28,3.096303646931639
00-0036555,RB,2022,deployed_recipe+opportunity,13.420980392156864,7.199884054684489
00-0036567,RB,2022,deployed_recipe+opportunity,4.230769230769231,8.138639141481892
00-0036569,RB,2022,deployed_recipe+opportunity,2.9,3.785328747685277
00-0036842,RB,2022,deployed_recipe+opportunity,0.1625,3.243914826124195
00-0036875,RB,2022,deployed_recipe+opportunity,11.934166666666666,12.248521192009752
00-0036893,RB,2022,deployed_recipe+opportunity,11.558333333333334,11.738782204314788
00-0036906,RB,2022,deployed_recipe+opportunity,6.119318181818182,8.304257699456732
00-0036919,RB,2022,deployed_recipe+opportunity,4.68498599439776,7.522953445173298
00-0036924,RB,2022,deployed_recipe+opportunity,3.92,8.346350412144913
00-0036950,RB,2022,deployed_recipe+opportunity,0.0,4.049099723353066
00-0036973,RB,2022,deployed_recipe+opportunity,12.645882352941175,11.184911380076434
00-0036997,RB,2022,deployed_recipe+opportunity,10.161111111111111,9.713032288163685
00-0037197,RB,2022,deployed_recipe+opportunity,11.020555555555555,9.137343221043642
00-0037228,RB,2022,deployed_recipe+opportunity,9.742361111111112,6.874949789633062
00-0037248,RB,2022,deployed_recipe+opportunity,15.305263157894736,7.314040715387378
00-0037256,RB,2022,deployed_recipe+opportunity,14.123190789473684,8.858758415713885
00-0037258,RB,2022,deployed_recipe+opportunity,4.501041666666667,11.106637445752597
00-0037263,RB,2022,deployed_recipe+opportunity,7.170588235294117,9.802599787249669
00-0037267,RB,2022,deployed_recipe+opportunity,10.852380952380951,3.4516084141869414
00-0037286,RB,2022,deployed_recipe+opportunity,5.325,4.10632983452985
00-0037299,RB,2022,deployed_recipe+opportunity,2.0000000000000004,4.221743863096294
00-0037429,RB,2022,deployed_recipe+opportunity,1.2000000000000002,5.219392874839092
00-0037525,RB,2022,deployed_recipe+opportunity,6.1885416666666675,4.8277644006266565
00-0037594,RB,2022,deployed_recipe+opportunity,1.1083333333333334,3.6925001837849627
00-0037617,RB,2022,deployed_recipe+opportunity,2.5615384615384613,4.592208885219115
00-0037746,RB,2022,deployed_recipe+opportunity,12.218039215686275,8.886572504439707
00-0037840,RB,2022,deployed_recipe+opportunity,18.443162393162392,5.199955434369551
00-0038040,RB,2022,deployed_recipe+opportunity,4.673557692307693,3.572317334361901
00-0038045,RB,2022,deployed_recipe+opportunity,2.111111111111111,4.175856984667396
00-0038098,RB,2022,deployed_recipe+opportunity,2.691346153846154,4.365725512410837
00-0038120,RB,2022,deployed_recipe+opportunity,16.072242647058825,11.17637454957846
00-0038134,RB,2022,deployed_recipe+opportunity,14.883030303030305,11.959594389947782
00-0029239,RB,2022,exploratory:recent_production_3col+xfp,2.22,2.130996709637592
00-0030513,RB,2022,exploratory:recent_production_3col+xfp,5.405882352941177,8.327074906754655
00-0030578,RB,2022,exploratory:recent_production_3col+xfp,2.8767857142857145,8.552895660812455
00-0031376,RB,2022,exploratory:recent_production_3col+xfp,6.758461538461538,8.393240086945424
00-0031687,RB,2022,exploratory:recent_production_3col+xfp,11.217548076923077,8.129754965229871
00-0032104,RB,2022,exploratory:recent_production_3col+xfp,5.454583333333334,3.8622402555900384
00-0032144,RB,2022,exploratory:recent_production_3col+xfp,4.925,6.545877859885978
00-0032764,RB,2022,exploratory:recent_production_3col+xfp,17.2915479876161,14.05099593809172
00-0033045,RB,2022,exploratory:recent_production_3col+xfp,7.049019607843138,9.305903336763633
00-0033280,RB,2022,exploratory:recent_production_3col+xfp,18.614473684210527,16.009786131204066
00-0033293,RB,2022,exploratory:recent_production_3col+xfp,14.022649572649572,11.266030444680188
00-0033308,RB,2022,exploratory:recent_production_3col+xfp,3.1266666666666665,4.798518299012775
00-0033376,RB,2022,exploratory:recent_production_3col+xfp,1.717142857142857,2.6654650051584605
00-0033526,RB,2022,exploratory:recent_production_3col+xfp,5.69014705882353,7.937135617820255
00-0033553,RB,2022,exploratory:recent_production_3col+xfp,15.68125,11.72026108899173
00-0033699,RB,2022,exploratory:recent_production_3col+xfp,11.94142857142857,16.14299796308859
00-0033854,RB,2022,exploratory:recent_production_3col+xfp,2.0904040404040405,3.8332459011647955
00-0033893,RB,2022,exploratory:recent_production_3col+xfp,2.8333333333333335,10.889713742786142
00-0033897,RB,2022,exploratory:recent_production_3col+xfp,16.459191176470586,12.38608942853267
00-0033906,RB,2022,exploratory:recent_production_3col+xfp,18.43653846153846,10.794143255715577
00-0033923,RB,2022,exploratory:recent_production_3col+xfp,10.075,6.848782463874522
00-0033925,RB,2022,exploratory:recent_production_3col+xfp,6.696666666666666,7.591920061545364
00-0033948,RB,2022,exploratory:recent_production_3col+xfp,3.6634615384615383,10.596758725307158
00-0034115,RB,2022,exploratory:recent_production_3col+xfp,2.9021428571428576,8.450473388332135
00-0034184,RB,2022,exploratory:recent_production_3col+xfp,7.933552631578948,5.860174459504032
00-0034208,RB,2022,exploratory:recent_production_3col+xfp,1.328888888888889,3.7955130076677155
00-0034414,RB,2022,exploratory:recent_production_3col+xfp,1.3692307692307693,4.668501417419943
00-0034614,RB,2022,exploratory:recent_production_3col+xfp,0.0,1.4103190989270056
00-0034681,RB,2022,exploratory:recent_production_3col+xfp,3.2266666666666666,5.761626120793665
00-0034791,RB,2022,exploratory:recent_production_3col+xfp,7.9125,12.969537593584226
00-0034838,RB,2022,exploratory:recent_production_3col+xfp,4.2,4.156411435925021
00-0034844,RB,2022,exploratory:recent_production_3col+xfp,19.363928571428573,14.12536430877416
00-0034972,RB,2022,exploratory:recent_production_3col+xfp,9.069642857142858,6.226289618100518
00-0034975,RB,2022,exploratory:recent_production_3col+xfp,7.851797385620916,4.409025244567163
00-0035243,RB,2022,exploratory:recent_production_3col+xfp,6.251136363636364,10.643571423506055
00-0035250,RB,2022,exploratory:recent_production_3col+xfp,8.360526315789475,9.383823161620574
00-0035261,RB,2022,exploratory:recent_production_3col+xfp,13.052430555555556,12.34231791278674
00-0035291,RB,2022,exploratory:recent_production_3col+xfp,0.465625,2.735643388756934
00-0035537,RB,2022,exploratory:recent_production_3col+xfp,4.744318181818182,4.565484610619367
00-0035567,RB,2022,exploratory:recent_production_3col+xfp,2.5075396825396825,5.006811007283856
00-0035594,RB,2022,exploratory:recent_production_3col+xfp,0.3999999999999999,5.244720036034462
00-0035628,RB,2022,exploratory:recent_production_3col+xfp,2.5833333333333335,2.2976470347000184
00-0035657,RB,2022,exploratory:recent_production_3col+xfp,3.1666666666666665,7.409249284824077
00-0035664,RB,2022,exploratory:recent_production_3col+xfp,10.875,6.773032343105394
00-0035685,RB,2022,exploratory:recent_production_3col+xfp,14.80478431372549,9.653819242508352
00-0035700,RB,2022,exploratory:recent_production_3col+xfp,15.693162393162396,15.281447339004592
00-0035726,RB,2022,exploratory:recent_production_3col+xfp,0.275,1.92520930031728
00-0035806,RB,2022,exploratory:recent_production_3col+xfp,2.4,5.538014297149202
00-0035924,RB,2022,exploratory:recent_production_3col+xfp,0.55,2.526120028776159
00-0035973,RB,2022,exploratory:recent_production_3col+xfp,3.3054945054945053,2.7491810551642013
00-0036020,RB,2022,exploratory:recent_production_3col+xfp,6.128571428571428,4.321955173627898
00-0036158,RB,2022,exploratory:recent_production_3col+xfp,13.885714285714286,9.634427340371175
00-0036187,RB,2022,exploratory:recent_production_3col+xfp,0.17375,3.9090156726553205
00-0036223,RB,2022,exploratory:recent_production_3col+xfp,16.559285714285714,10.768910774348916
00-0036251,RB,2022,exploratory:recent_production_3col+xfp,11.175892857142856,5.44097033144028
00-0036265,RB,2022,exploratory:recent_production_3col+xfp,7.840000000000001,8.99627482267052
00-0036275,RB,2022,exploratory:recent_production_3col+xfp,12.48235294117647,11.56482054479544
00-0036328,RB,2022,exploratory:recent_production_3col+xfp,7.022426470588236,9.580561100295153
00-0036360,RB,2022,exploratory:recent_production_3col+xfp,4.110526315789474,8.872969885541329
00-0036370,RB,2022,exploratory:recent_production_3col+xfp,3.6294117647058823,5.5729941264351694
00-0036414,RB,2022,exploratory:recent_production_3col+xfp,6.191596638655462,8.900705957292287
00-0036425,RB,2022,exploratory:recent_production_3col+xfp,1.0150735294117648,4.713441908908017
00-0036450,RB,2022,exploratory:recent_production_3col+xfp,1.28,2.9161205875092993
00-0036555,RB,2022,exploratory:recent_production_3col+xfp,13.420980392156864,7.066833840844305
00-0036567,RB,2022,exploratory:recent_production_3col+xfp,4.230769230769231,7.543221725210919
00-0036569,RB,2022,exploratory:recent_production_3col+xfp,2.9,4.0658602604404015
00-0036842,RB,2022,exploratory:recent_production_3col+xfp,0.1625,3.262494748509653
00-0036875,RB,2022,exploratory:recent_production_3col+xfp,11.934166666666666,12.015564720498663
00-0036893,RB,2022,exploratory:recent_production_3col+xfp,11.558333333333334,11.173809134052627
00-0036906,RB,2022,exploratory:recent_production_3col+xfp,6.119318181818182,8.554775068085856
00-0036919,RB,2022,exploratory:recent_production_3col+xfp,4.68498599439776,7.2905762450814935
00-0036924,RB,2022,exploratory:recent_production_3col+xfp,3.92,7.943081578863878
00-0036950,RB,2022,exploratory:recent_production_3col+xfp,0.0,4.298013465529545
00-0036973,RB,2022,exploratory:recent_production_3col+xfp,12.645882352941175,11.08217801962332
00-0036997,RB,2022,exploratory:recent_production_3col+xfp,10.161111111111111,8.322519962130706
00-0037197,RB,2022,exploratory:recent_production_3col+xfp,11.020555555555555,8.78956739185004
00-0037228,RB,2022,exploratory:recent_production_3col+xfp,9.742361111111112,6.594724466645335
00-0037248,RB,2022,exploratory:recent_production_3col+xfp,15.305263157894736,7.3713148478350154
00-0037256,RB,2022,exploratory:recent_production_3col+xfp,14.123190789473684,8.456899120992764
00-0037258,RB,2022,exploratory:recent_production_3col+xfp,4.501041666666667,10.979519123356173
00-0037263,RB,2022,exploratory:recent_production_3col+xfp,7.170588235294117,9.620924029057953
00-0037267,RB,2022,exploratory:recent_production_3col+xfp,10.852380952380951,2.9388834954808596
00-0037286,RB,2022,exploratory:recent_production_3col+xfp,5.325,4.003018697434802
00-0037299,RB,2022,exploratory:recent_production_3col+xfp,2.0000000000000004,3.690175167700534
00-0037429,RB,2022,exploratory:recent_production_3col+xfp,1.2000000000000002,4.935198136578457
00-0037525,RB,2022,exploratory:recent_production_3col+xfp,6.1885416666666675,4.498649707766766
00-0037594,RB,2022,exploratory:recent_production_3col+xfp,1.1083333333333334,3.473525091870105
00-0037617,RB,2022,exploratory:recent_production_3col+xfp,2.5615384615384613,4.115936248858114
00-0037746,RB,2022,exploratory:recent_production_3col+xfp,12.218039215686275,8.477054220967599
00-0037840,RB,2022,exploratory:recent_production_3col+xfp,18.443162393162392,5.100145566232029
00-0038040,RB,2022,exploratory:recent_production_3col+xfp,4.673557692307693,3.133436965819766
00-0038045,RB,2022,exploratory:recent_production_3col+xfp,2.111111111111111,3.7125133144588505
00-0038098,RB,2022,exploratory:recent_production_3col+xfp,2.691346153846154,4.2812225461195315
00-0038120,RB,2022,exploratory:recent_production_3col+xfp,16.072242647058825,13.523310005378548
00-0038134,RB,2022,exploratory:recent_production_3col+xfp,14.883030303030305,11.90117784463828
00-0029239,RB,2022,exploratory:deployed_recipe+xfp,2.22,2.555369903640636
00-0030513,RB,2022,exploratory:deployed_recipe+xfp,5.405882352941177,8.103313188457747
00-0030578,RB,2022,exploratory:deployed_recipe+xfp,2.8767857142857145,9.039634298697885
00-0031376,RB,2022,exploratory:deployed_recipe+xfp,6.758461538461538,8.363242547969616
00-0031687,RB,2022,exploratory:deployed_recipe+xfp,11.217548076923077,8.148708677245072
00-0032104,RB,2022,exploratory:deployed_recipe+xfp,5.454583333333334,3.6659792435028935
00-0032144,RB,2022,exploratory:deployed_recipe+xfp,4.925,7.127007153072455
00-0032764,RB,2022,exploratory:deployed_recipe+xfp,17.2915479876161,15.725409166826173
00-0033045,RB,2022,exploratory:deployed_recipe+xfp,7.049019607843138,10.192610818100412
00-0033280,RB,2022,exploratory:deployed_recipe+xfp,18.614473684210527,16.45306520388872
00-0033293,RB,2022,exploratory:deployed_recipe+xfp,14.022649572649572,12.177272796466164
00-0033308,RB,2022,exploratory:deployed_recipe+xfp,3.1266666666666665,4.762546277579931
00-0033376,RB,2022,exploratory:deployed_recipe+xfp,1.717142857142857,2.257357621134752
00-0033526,RB,2022,exploratory:deployed_recipe+xfp,5.69014705882353,7.587813093071473
00-0033553,RB,2022,exploratory:deployed_recipe+xfp,15.68125,12.331489731709247
00-0033699,RB,2022,exploratory:deployed_recipe+xfp,11.94142857142857,17.148639412280104
00-0033854,RB,2022,exploratory:deployed_recipe+xfp,2.0904040404040405,3.5198527100620303
00-0033893,RB,2022,exploratory:deployed_recipe+xfp,2.8333333333333335,12.305870327553404
00-0033897,RB,2022,exploratory:deployed_recipe+xfp,16.459191176470586,13.52645067504198
00-0033906,RB,2022,exploratory:deployed_recipe+xfp,18.43653846153846,12.397471508925122
00-0033923,RB,2022,exploratory:deployed_recipe+xfp,10.075,7.8902166906403455
00-0033925,RB,2022,exploratory:deployed_recipe+xfp,6.696666666666666,7.7909376505863985
00-0033948,RB,2022,exploratory:deployed_recipe+xfp,3.6634615384615383,10.582091039417861
00-0034115,RB,2022,exploratory:deployed_recipe+xfp,2.9021428571428576,8.534041566558544
00-0034184,RB,2022,exploratory:deployed_recipe+xfp,7.933552631578948,5.862241800722135
00-0034208,RB,2022,exploratory:deployed_recipe+xfp,1.328888888888889,3.6634104530333507
00-0034414,RB,2022,exploratory:deployed_recipe+xfp,1.3692307692307693,5.030126089499877
00-0034614,RB,2022,exploratory:deployed_recipe+xfp,0.0,1.1616341860577837
00-0034681,RB,2022,exploratory:deployed_recipe+xfp,3.2266666666666666,6.375164136951534
00-0034791,RB,2022,exploratory:deployed_recipe+xfp,7.9125,13.803928882755189
00-0034838,RB,2022,exploratory:deployed_recipe+xfp,4.2,3.561828815655988
00-0034844,RB,2022,exploratory:deployed_recipe+xfp,19.363928571428573,13.900005807102373
00-0034972,RB,2022,exploratory:deployed_recipe+xfp,9.069642857142858,6.347491473733618
00-0034975,RB,2022,exploratory:deployed_recipe+xfp,7.851797385620916,4.386219922527012
00-0035243,RB,2022,exploratory:deployed_recipe+xfp,6.251136363636364,10.931085699884953
00-0035250,RB,2022,exploratory:deployed_recipe+xfp,8.360526315789475,9.833488432231842
00-0035261,RB,2022,exploratory:deployed_recipe+xfp,13.052430555555556,12.22911157116301
00-0035291,RB,2022,exploratory:deployed_recipe+xfp,0.465625,2.208728009442871
00-0035537,RB,2022,exploratory:deployed_recipe+xfp,4.744318181818182,4.6791705381144535
00-0035567,RB,2022,exploratory:deployed_recipe+xfp,2.5075396825396825,4.919194948900249
00-0035594,RB,2022,exploratory:deployed_recipe+xfp,0.3999999999999999,4.744083742223236
00-0035628,RB,2022,exploratory:deployed_recipe+xfp,2.5833333333333335,2.342497990229394
00-0035657,RB,2022,exploratory:deployed_recipe+xfp,3.1666666666666665,7.9963826592606395
00-0035664,RB,2022,exploratory:deployed_recipe+xfp,10.875,7.339845773461967
00-0035685,RB,2022,exploratory:deployed_recipe+xfp,14.80478431372549,10.649718957659234
00-0035700,RB,2022,exploratory:deployed_recipe+xfp,15.693162393162396,15.68286233089143
00-0035726,RB,2022,exploratory:deployed_recipe+xfp,0.275,1.3617955314868047
00-0035806,RB,2022,exploratory:deployed_recipe+xfp,2.4,5.140366269333775
00-0035924,RB,2022,exploratory:deployed_recipe+xfp,0.55,1.7159902248454717
00-0035973,RB,2022,exploratory:deployed_recipe+xfp,3.3054945054945053,2.5570776612250974
00-0036020,RB,2022,exploratory:deployed_recipe+xfp,6.128571428571428,4.149216259375935
00-0036158,RB,2022,exploratory:deployed_recipe+xfp,13.885714285714286,9.659621107719937
00-0036187,RB,2022,exploratory:deployed_recipe+xfp,0.17375,3.00460491905414
00-0036223,RB,2022,exploratory:deployed_recipe+xfp,16.559285714285714,12.397857012913038
00-0036251,RB,2022,exploratory:deployed_recipe+xfp,11.175892857142856,5.541972767233563
00-0036265,RB,2022,exploratory:deployed_recipe+xfp,7.840000000000001,8.978601156171196
00-0036275,RB,2022,exploratory:deployed_recipe+xfp,12.48235294117647,12.221983760152673
00-0036328,RB,2022,exploratory:deployed_recipe+xfp,7.022426470588236,10.37535789302697
00-0036360,RB,2022,exploratory:deployed_recipe+xfp,4.110526315789474,9.19823461366084
00-0036370,RB,2022,exploratory:deployed_recipe+xfp,3.6294117647058823,5.070546697604723
00-0036414,RB,2022,exploratory:deployed_recipe+xfp,6.191596638655462,8.696314148635526
00-0036425,RB,2022,exploratory:deployed_recipe+xfp,1.0150735294117648,4.4940377483105385
00-0036450,RB,2022,exploratory:deployed_recipe+xfp,1.28,2.8853768397664634
00-0036555,RB,2022,exploratory:deployed_recipe+xfp,13.420980392156864,7.124361474924776
00-0036567,RB,2022,exploratory:deployed_recipe+xfp,4.230769230769231,8.059604588764216
00-0036569,RB,2022,exploratory:deployed_recipe+xfp,2.9,3.6874347509457177
00-0036842,RB,2022,exploratory:deployed_recipe+xfp,0.1625,3.117661377979382
00-0036875,RB,2022,exploratory:deployed_recipe+xfp,11.934166666666666,11.850019868914957
00-0036893,RB,2022,exploratory:deployed_recipe+xfp,11.558333333333334,11.84412855592344
00-0036906,RB,2022,exploratory:deployed_recipe+xfp,6.119318181818182,8.222771555738948
00-0036919,RB,2022,exploratory:deployed_recipe+xfp,4.68498599439776,7.5107399438890265
00-0036924,RB,2022,exploratory:deployed_recipe+xfp,3.92,8.187740204742461
00-0036950,RB,2022,exploratory:deployed_recipe+xfp,0.0,3.8622158462662926
00-0036973,RB,2022,exploratory:deployed_recipe+xfp,12.645882352941175,10.998436545103312
00-0036997,RB,2022,exploratory:deployed_recipe+xfp,10.161111111111111,8.669470970919281
00-0037197,RB,2022,exploratory:deployed_recipe+xfp,11.020555555555555,8.790246304814335
00-0037228,RB,2022,exploratory:deployed_recipe+xfp,9.742361111111112,6.716013433767245
00-0037248,RB,2022,exploratory:deployed_recipe+xfp,15.305263157894736,7.47448691177424
00-0037256,RB,2022,exploratory:deployed_recipe+xfp,14.123190789473684,8.436437386393255
00-0037258,RB,2022,exploratory:deployed_recipe+xfp,4.501041666666667,10.674229021322018
00-0037263,RB,2022,exploratory:deployed_recipe+xfp,7.170588235294117,9.718904881996684
00-0037267,RB,2022,exploratory:deployed_recipe+xfp,10.852380952380951,3.3895384900062138
00-0037286,RB,2022,exploratory:deployed_recipe+xfp,5.325,4.140909628508025
00-0037299,RB,2022,exploratory:deployed_recipe+xfp,2.0000000000000004,4.038341937027232
00-0037429,RB,2022,exploratory:deployed_recipe+xfp,1.2000000000000002,5.140878568080877
00-0037525,RB,2022,exploratory:deployed_recipe+xfp,6.1885416666666675,4.795091462413442
00-0037594,RB,2022,exploratory:deployed_recipe+xfp,1.1083333333333334,3.7080749019462544
00-0037617,RB,2022,exploratory:deployed_recipe+xfp,2.5615384615384613,4.471249249823428
00-0037746,RB,2022,exploratory:deployed_recipe+xfp,12.218039215686275,8.527866643201136
00-0037840,RB,2022,exploratory:deployed_recipe+xfp,18.443162393162392,5.228921021972075
00-0038040,RB,2022,exploratory:deployed_recipe+xfp,4.673557692307693,3.5165637706977653
00-0038045,RB,2022,exploratory:deployed_recipe+xfp,2.111111111111111,3.936287371975229
00-0038098,RB,2022,exploratory:deployed_recipe+xfp,2.691346153846154,4.473182492961139
00-0038120,RB,2022,exploratory:deployed_recipe+xfp,16.072242647058825,12.677637776461147
00-0038134,RB,2022,exploratory:deployed_recipe+xfp,14.883030303030305,11.538662468095481
00-0029239,RB,2022,deployed_recipe_reproduction,2.22,2.334238040100111
00-0030513,RB,2022,deployed_recipe_reproduction,5.405882352941177,7.914730441180351
00-0030578,RB,2022,deployed_recipe_reproduction,2.8767857142857145,8.968142662712738
00-0031376,RB,2022,deployed_recipe_reproduction,6.758461538461538,8.242304968019447
00-0031687,RB,2022,deployed_recipe_reproduction,11.217548076923077,7.980672711895348
00-0032104,RB,2022,deployed_recipe_reproduction,5.454583333333334,3.477952131291047
00-0032144,RB,2022,deployed_recipe_reproduction,4.925,7.039746121597184
00-0032764,RB,2022,deployed_recipe_reproduction,17.2915479876161,15.61724493903725
00-0033045,RB,2022,deployed_recipe_reproduction,7.049019607843138,10.192988983825385
00-0033280,RB,2022,deployed_recipe_reproduction,18.614473684210527,16.384269553594777
00-0033293,RB,2022,deployed_recipe_reproduction,14.022649572649572,12.165248808483017
00-0033308,RB,2022,deployed_recipe_reproduction,3.1266666666666665,4.610810030166792
00-0033376,RB,2022,deployed_recipe_reproduction,1.717142857142857,2.1053699488599555
00-0033526,RB,2022,deployed_recipe_reproduction,5.69014705882353,7.431235720568348
00-0033553,RB,2022,deployed_recipe_reproduction,15.68125,12.271851866838713
00-0033699,RB,2022,deployed_recipe_reproduction,11.94142857142857,17.154717251114075
00-0033854,RB,2022,deployed_recipe_reproduction,2.0904040404040405,3.4310021470141647
00-0033893,RB,2022,deployed_recipe_reproduction,2.8333333333333335,12.388297751440401
00-0033897,RB,2022,deployed_recipe_reproduction,16.459191176470586,13.723227532963602
00-0033906,RB,2022,deployed_recipe_reproduction,18.43653846153846,12.47175981581341
00-0033923,RB,2022,deployed_recipe_reproduction,10.075,7.82416940476779
00-0033925,RB,2022,deployed_recipe_reproduction,6.696666666666666,7.772230297448736
00-0033948,RB,2022,deployed_recipe_reproduction,3.6634615384615383,10.556344399476174
00-0034115,RB,2022,deployed_recipe_reproduction,2.9021428571428576,8.583627019964503
00-0034184,RB,2022,deployed_recipe_reproduction,7.933552631578948,5.776773419192376
00-0034208,RB,2022,deployed_recipe_reproduction,1.328888888888889,3.5639640197281035
00-0034414,RB,2022,deployed_recipe_reproduction,1.3692307692307693,4.868211401862947
00-0034614,RB,2022,deployed_recipe_reproduction,0.0,1.0682135312346688
00-0034681,RB,2022,deployed_recipe_reproduction,3.2266666666666666,6.310689961156376
00-0034791,RB,2022,deployed_recipe_reproduction,7.9125,13.7583127016666
00-0034838,RB,2022,deployed_recipe_reproduction,4.2,3.7625383063409235
00-0034844,RB,2022,deployed_recipe_reproduction,19.363928571428573,13.976855605191986
00-0034972,RB,2022,deployed_recipe_reproduction,9.069642857142858,6.2541668658977
00-0034975,RB,2022,deployed_recipe_reproduction,7.851797385620916,4.252527988277244
00-0035243,RB,2022,deployed_recipe_reproduction,6.251136363636364,10.984619769114952
00-0035250,RB,2022,deployed_recipe_reproduction,8.360526315789475,9.923646856416125
00-0035261,RB,2022,deployed_recipe_reproduction,13.052430555555556,12.265557404896606
00-0035291,RB,2022,deployed_recipe_reproduction,0.465625,2.133122503819262
00-0035537,RB,2022,deployed_recipe_reproduction,4.744318181818182,4.631763012417483
00-0035567,RB,2022,deployed_recipe_reproduction,2.5075396825396825,4.821476553477476
00-0035594,RB,2022,deployed_recipe_reproduction,0.3999999999999999,4.674275503896624
00-0035628,RB,2022,deployed_recipe_reproduction,2.5833333333333335,2.203359789487682
00-0035657,RB,2022,deployed_recipe_reproduction,3.1666666666666665,8.046191305206914
00-0035664,RB,2022,deployed_recipe_reproduction,10.875,7.334303234462935
00-0035685,RB,2022,deployed_recipe_reproduction,14.80478431372549,10.576554126092933
00-0035700,RB,2022,deployed_recipe_reproduction,15.693162393162396,15.74109802725432
00-0035726,RB,2022,deployed_recipe_reproduction,0.275,1.2125381047394947
00-0035806,RB,2022,deployed_recipe_reproduction,2.4,5.050815475022003
00-0035924,RB,2022,deployed_recipe_reproduction,0.55,1.7233390287482964
00-0035973,RB,2022,deployed_recipe_reproduction,3.3054945054945053,2.5361669565667446
00-0036020,RB,2022,deployed_recipe_reproduction,6.128571428571428,4.096408726624484
00-0036158,RB,2022,deployed_recipe_reproduction,13.885714285714286,9.759763843478957
00-0036187,RB,2022,deployed_recipe_reproduction,0.17375,2.924035949280527
00-0036223,RB,2022,deployed_recipe_reproduction,16.559285714285714,12.750840866032764
00-0036251,RB,2022,deployed_recipe_reproduction,11.175892857142856,5.5866525300720795
00-0036265,RB,2022,deployed_recipe_reproduction,7.840000000000001,9.020378042715066
00-0036275,RB,2022,deployed_recipe_reproduction,12.48235294117647,12.34446051018141
00-0036328,RB,2022,deployed_recipe_reproduction,7.022426470588236,10.467921078483261
00-0036360,RB,2022,deployed_recipe_reproduction,4.110526315789474,9.263849861531826
00-0036370,RB,2022,deployed_recipe_reproduction,3.6294117647058823,5.158849253085602
00-0036414,RB,2022,deployed_recipe_reproduction,6.191596638655462,8.771616793208139
00-0036425,RB,2022,deployed_recipe_reproduction,1.0150735294117648,4.472850272106313
00-0036450,RB,2022,deployed_recipe_reproduction,1.28,2.8652395633107197
00-0036555,RB,2022,deployed_recipe_reproduction,13.420980392156864,7.162331252903696
00-0036567,RB,2022,deployed_recipe_reproduction,4.230769230769231,8.099861958179316
00-0036569,RB,2022,deployed_recipe_reproduction,2.9,3.6719096173351318
00-0036842,RB,2022,deployed_recipe_reproduction,0.1625,3.0958828164099508
00-0036875,RB,2022,deployed_recipe_reproduction,11.934166666666666,12.106745751844482
00-0036893,RB,2022,deployed_recipe_reproduction,11.558333333333334,11.858423694717327
00-0036906,RB,2022,deployed_recipe_reproduction,6.119318181818182,8.340516094795959
00-0036919,RB,2022,deployed_recipe_reproduction,4.68498599439776,7.531083092052674
00-0036924,RB,2022,deployed_recipe_reproduction,3.92,8.183544725102758
00-0036950,RB,2022,deployed_recipe_reproduction,0.0,3.8453799686153056
00-0036973,RB,2022,deployed_recipe_reproduction,12.645882352941175,11.219472286171705
00-0036997,RB,2022,deployed_recipe_reproduction,10.161111111111111,9.255709185248813
00-0037197,RB,2022,deployed_recipe_reproduction,11.020555555555555,8.935834675162347
00-0037228,RB,2022,deployed_recipe_reproduction,9.742361111111112,6.653435521473879
00-0037248,RB,2022,deployed_recipe_reproduction,15.305263157894736,7.447856215096607
00-0037256,RB,2022,deployed_recipe_reproduction,14.123190789473684,8.495594352784885
00-0037258,RB,2022,deployed_recipe_reproduction,4.501041666666667,10.932659649891178
00-0037263,RB,2022,deployed_recipe_reproduction,7.170588235294117,9.862224643211105
00-0037267,RB,2022,deployed_recipe_reproduction,10.852380952380951,3.326670281944629
00-0037286,RB,2022,deployed_recipe_reproduction,5.325,4.1292130856113864
00-0037299,RB,2022,deployed_recipe_reproduction,2.0000000000000004,4.053599506903767
00-0037429,RB,2022,deployed_recipe_reproduction,1.2000000000000002,5.030401300131134
00-0037525,RB,2022,deployed_recipe_reproduction,6.1885416666666675,4.719299539838509
00-0037594,RB,2022,deployed_recipe_reproduction,1.1083333333333334,3.719503043174329
00-0037617,RB,2022,deployed_recipe_reproduction,2.5615384615384613,4.430602079830328
00-0037746,RB,2022,deployed_recipe_reproduction,12.218039215686275,8.729798109924689
00-0037840,RB,2022,deployed_recipe_reproduction,18.443162393162392,5.291941414468008
00-0038040,RB,2022,deployed_recipe_reproduction,4.673557692307693,3.470955542159981
00-0038045,RB,2022,deployed_recipe_reproduction,2.111111111111111,4.047747618198249
00-0038098,RB,2022,deployed_recipe_reproduction,2.691346153846154,4.347465942311188
00-0038120,RB,2022,deployed_recipe_reproduction,16.072242647058825,12.741596215498536
00-0038134,RB,2022,deployed_recipe_reproduction,14.883030303030305,11.672235351529345
00-0030578,RB,2023,ppg_only,2.6785714285714284,3.677405043177048
00-0031687,RB,2023,ppg_only,3.951923076923077,13.38742663929049
00-0032104,RB,2023,ppg_only,5.631025641025642,3.3195525618820803
00-0032764,RB,2023,ppg_only,18.25743034055728,11.661468696149472
00-0033045,RB,2023,ppg_only,3.8333333333333335,8.697608145188799
00-0033280,RB,2023,ppg_only,18.038157894736845,19.181283404801118
00-0033293,RB,2023,ppg_only,11.906944444444443,11.391710878222405
00-0033376,RB,2023,ppg_only,0.77,3.1462372486416603
00-0033526,RB,2023,ppg_only,4.719166666666666,6.512500311054824
00-0033553,RB,2023,ppg_only,15.8625,12.353145687255036
00-0033699,RB,2023,ppg_only,10.64,10.77709852224863
00-0033854,RB,2023,ppg_only,2.4829365079365084,2.1841048884162304
00-0033897,RB,2023,ppg_only,17.2125,12.496902781605955
00-0033906,RB,2023,ppg_only,14.052272727272726,14.04505610538509
00-0033923,RB,2023,ppg_only,10.007720588235294,7.596326118821934
00-0033925,RB,2023,ppg_only,3.26,8.605877427841069
00-0033948,RB,2023,ppg_only,2.65,4.795945819607471
00-0034115,RB,2023,ppg_only,1.5142857142857145,4.525777267125117
00-0034184,RB,2023,ppg_only,5.525000000000001,8.751652165621476
00-0034208,RB,2023,ppg_only,1.1800000000000002,2.5621466326371767
00-0034844,RB,2023,ppg_only,18.698382352941177,12.662370131022119
00-0034972,RB,2023,ppg_only,9.814285714285717,7.343210949125495
00-0034975,RB,2023,ppg_only,7.592352941176472,6.445185481160345
00-0035243,RB,2023,ppg_only,6.851136363636364,5.353202028753481
00-0035250,RB,2023,ppg_only,6.42,8.709022242304181
00-0035261,RB,2023,ppg_only,11.736580882352944,10.999318955851855
00-0035291,RB,2023,ppg_only,1.425,2.180534298248099
00-0035537,RB,2023,ppg_only,5.8125,4.158244519152104
00-0035567,RB,2023,ppg_only,1.2011111111111112,3.4105742731522284
00-0035594,RB,2023,ppg_only,0.3874999999999999,1.5302901554072434
00-0035628,RB,2023,ppg_only,1.6520833333333331,3.0489811735858856
00-0035685,RB,2023,ppg_only,12.420078431372549,11.716507126558108
00-0035700,RB,2023,ppg_only,16.34965277777778,11.25743227360891
00-0035973,RB,2023,ppg_only,4.257142857142857,3.1738602758764367
00-0036139,RB,2023,ppg_only,12.259027777777778,5.5554887972329885
00-0036187,RB,2023,ppg_only,0.2619318181818181,1.7118348288446903
00-0036223,RB,2023,ppg_only,19.39516806722689,12.450900511413662
00-0036251,RB,2023,ppg_only,10.2375,9.989074939745427
00-0036265,RB,2023,ppg_only,1.5166666666666668,7.004560308290257
00-0036275,RB,2023,ppg_only,13.347712418300652,10.151608470909528
00-0036328,RB,2023,ppg_only,5.361176470588235,7.090095779429054
00-0036414,RB,2023,ppg_only,3.753382352941177,6.188606776027446
00-0036425,RB,2023,ppg_only,0.86625,2.03138631285902
00-0036555,RB,2023,ppg_only,12.593958333333337,9.026195789419472
00-0036842,RB,2023,ppg_only,1.09,1.6437555763056477
00-0036875,RB,2023,ppg_only,12.282777777777778,10.008193655354683
00-0036893,RB,2023,ppg_only,11.855555555555556,9.39334684467444
00-0036906,RB,2023,ppg_only,2.091818181818182,8.076372130315182
00-0036919,RB,2023,ppg_only,8.109920634920634,5.665565658050264
00-0036924,RB,2023,ppg_only,7.615384615384615,4.267425231848749
00-0036973,RB,2023,ppg_only,12.020555555555555,13.12943399675
00-0036984,RB,2023,ppg_only,3.586666666666667,3.302096343282326
00-0036997,RB,2023,ppg_only,12.148611111111112,9.350676088097261
00-0037120,RB,2023,ppg_only,1.8457142857142856,3.6366738664442875
00-0037197,RB,2023,ppg_only,6.622692307692309,12.360904006632706
00-0037228,RB,2023,ppg_only,10.634191176470589,9.436017601251619
00-0037248,RB,2023,ppg_only,17.044736842105262,10.986048146390054
00-0037256,RB,2023,ppg_only,10.552757352941176,12.389895621149257
00-0037258,RB,2023,ppg_only,2.276666666666667,5.139363350906487
00-0037263,RB,2023,ppg_only,6.741176470588235,7.1819976361748195
00-0037267,RB,2023,ppg_only,6.462637362637363,10.002374915821429
00-0037276,RB,2023,ppg_only,1.8933333333333335,5.937985351845256
00-0037429,RB,2023,ppg_only,0.5,2.856962768988586
00-0037525,RB,2023,ppg_only,8.819791666666667,3.4810225839298097
00-0037557,RB,2023,ppg_only,1.61984126984127,3.450474201380239
00-0037746,RB,2023,ppg_only,7.304179566563468,10.751828567704225
00-0037840,RB,2023,ppg_only,16.342777777777776,15.656399360747043
00-0038040,RB,2023,ppg_only,2.79125,5.499565707782191
00-0038098,RB,2023,ppg_only,2.707692307692308,3.3981055455809757
00-0038120,RB,2023,ppg_only,14.0175,13.462128986533559
00-0038134,RB,2023,ppg_only,14.901363636363635,10.812343458850037
00-0038396,RB,2023,ppg_only,1.3785714285714286,2.4380135225944777
00-0038454,RB,2023,ppg_only,2.810769230769231,8.502802613252044
00-0038488,RB,2023,ppg_only,0.0,1.5302901554072434
00-0038542,RB,2023,ppg_only,20.955882352941178,11.64668225215909
00-0038551,RB,2023,ppg_only,4.803571428571429,5.849457386089358
00-0038555,RB,2023,ppg_only,5.771875,2.862333913173126
00-0038597,RB,2023,ppg_only,16.280514705882354,4.643315805696797
00-0038611,RB,2023,ppg_only,6.083333333333334,4.470693199543669
00-0038622,RB,2023,ppg_only,2.3600000000000003,3.275912015382694
00-0038685,RB,2023,ppg_only,2.8902777777777775,3.3806493269812212
00-0038705,RB,2023,ppg_only,4.533012820512821,6.183165876723626
00-0038738,RB,2023,ppg_only,2.282142857142857,2.4170660602747724
00-0038794,RB,2023,ppg_only,4.672352941176471,5.8840764414636615
00-0038797,RB,2023,ppg_only,5.408333333333334,3.575161477092771
00-0039021,RB,2023,ppg_only,3.1185897435897436,6.28303660616707
00-0039032,RB,2023,ppg_only,9.02948717948718,7.847387615741932
00-0039040,RB,2023,ppg_only,18.908088235294116,12.975750817312948
00-0039139,RB,2023,ppg_only,21.857843137254903,12.892348884003011
00-0039165,RB,2023,ppg_only,10.891176470588237,6.160552138992125
00-0030578,RB,2023,recent_production_3col,2.6785714285714284,2.0860519466089187
00-0031687,RB,2023,recent_production_3col,3.951923076923077,11.85190070395907
00-0032104,RB,2023,recent_production_3col,5.631025641025642,2.278855761565463
00-0032764,RB,2023,recent_production_3col,18.25743034055728,10.667241617022517
00-0033045,RB,2023,recent_production_3col,3.8333333333333335,8.019567360599332
00-0033280,RB,2023,recent_production_3col,18.038157894736845,18.510441011574883
00-0033293,RB,2023,recent_production_3col,11.906944444444443,10.345919539296968
00-0033376,RB,2023,recent_production_3col,0.77,2.2202710725220536
00-0033526,RB,2023,recent_production_3col,4.719166666666666,5.889407883304158
00-0033553,RB,2023,recent_production_3col,15.8625,11.524832228220774
00-0033699,RB,2023,recent_production_3col,10.64,10.00300447261305
00-0033854,RB,2023,recent_production_3col,2.4829365079365084,1.3406810044090882
00-0033897,RB,2023,recent_production_3col,17.2125,11.964976929954778
00-0033906,RB,2023,recent_production_3col,14.052272727272726,13.174196600822803
00-0033923,RB,2023,recent_production_3col,10.007720588235294,6.931392048279233
00-0033925,RB,2023,recent_production_3col,3.26,8.055102628086692
00-0033948,RB,2023,recent_production_3col,2.65,4.157671363931697
00-0034115,RB,2023,recent_production_3col,1.5142857142857145,3.8505358282302007
00-0034184,RB,2023,recent_production_3col,5.525000000000001,8.101426245531636
00-0034208,RB,2023,recent_production_3col,1.1800000000000002,1.9216971712338209
00-0034844,RB,2023,recent_production_3col,18.698382352941177,12.324177308847279
00-0034972,RB,2023,recent_production_3col,9.814285714285717,7.409606419348546
00-0034975,RB,2023,recent_production_3col,7.592352941176472,6.321682428630561
00-0035243,RB,2023,recent_production_3col,6.851136363636364,5.227984913430173
00-0035250,RB,2023,recent_production_3col,6.42,8.543178004360463
00-0035261,RB,2023,recent_production_3col,11.736580882352944,10.761294254847883
00-0035291,RB,2023,recent_production_3col,1.425,2.135099459965529
00-0035537,RB,2023,recent_production_3col,5.8125,3.9901419599163788
00-0035567,RB,2023,recent_production_3col,1.2011111111111112,3.0633791941735184
00-0035594,RB,2023,recent_production_3col,0.3874999999999999,1.6115791505840464
00-0035628,RB,2023,recent_production_3col,1.6520833333333331,2.7400528811714224
00-0035685,RB,2023,recent_production_3col,12.420078431372549,11.445860527159631
00-0035700,RB,2023,recent_production_3col,16.34965277777778,11.181636961347408
00-0035973,RB,2023,recent_production_3col,4.257142857142857,3.3013405144710326
00-0036139,RB,2023,recent_production_3col,12.259027777777778,5.681426614483509
00-0036187,RB,2023,recent_production_3col,0.2619318181818181,1.5177298308252771
00-0036223,RB,2023,recent_production_3col,19.39516806722689,12.542987348976986
00-0036251,RB,2023,recent_production_3col,10.2375,9.718106799030735
00-0036265,RB,2023,recent_production_3col,1.5166666666666668,7.064884793018638
00-0036275,RB,2023,recent_production_3col,13.347712418300652,10.403623662401483
00-0036328,RB,2023,recent_production_3col,5.361176470588235,7.162856273129909
00-0036414,RB,2023,recent_production_3col,3.753382352941177,6.394409094472291
00-0036425,RB,2023,recent_production_3col,0.86625,2.2459438484698646
00-0036555,RB,2023,recent_production_3col,12.593958333333337,9.30651145041111
00-0036842,RB,2023,recent_production_3col,1.09,1.7367782330366852
00-0036875,RB,2023,recent_production_3col,12.282777777777778,9.94922568432396
00-0036893,RB,2023,recent_production_3col,11.855555555555556,9.437361959315272
00-0036906,RB,2023,recent_production_3col,2.091818181818182,8.065983189046085
00-0036919,RB,2023,recent_production_3col,8.109920634920634,6.03039023927782
00-0036924,RB,2023,recent_production_3col,7.615384615384615,4.638234602660667
00-0036973,RB,2023,recent_production_3col,12.020555555555555,13.30656655909133
00-0036984,RB,2023,recent_production_3col,3.586666666666667,3.5950719611513264
00-0036997,RB,2023,recent_production_3col,12.148611111111112,9.849900015826256
00-0037120,RB,2023,recent_production_3col,1.8457142857142856,4.133716890746597
00-0037197,RB,2023,recent_production_3col,6.622692307692309,12.571949547181486
00-0037228,RB,2023,recent_production_3col,10.634191176470589,9.478959685114583
00-0037248,RB,2023,recent_production_3col,17.044736842105262,11.24625378922492
00-0037256,RB,2023,recent_production_3col,10.552757352941176,12.61479906480415
00-0037258,RB,2023,recent_production_3col,2.276666666666667,5.744488100292032
00-0037263,RB,2023,recent_production_3col,6.741176470588235,7.7503437231433105
00-0037267,RB,2023,recent_production_3col,6.462637362637363,10.272729793910504
00-0037276,RB,2023,recent_production_3col,1.8933333333333335,6.039717676548525
00-0037429,RB,2023,recent_production_3col,0.5,2.934064157680644
00-0037525,RB,2023,recent_production_3col,8.819791666666667,3.886194372177391
00-0037557,RB,2023,recent_production_3col,1.61984126984127,3.768892494471509
00-0037746,RB,2023,recent_production_3col,7.304179566563468,10.959576279581341
00-0037840,RB,2023,recent_production_3col,16.342777777777776,15.953294008304656
00-0038040,RB,2023,recent_production_3col,2.79125,5.810216856223143
00-0038098,RB,2023,recent_production_3col,2.707692307692308,3.5637075886304745
00-0038120,RB,2023,recent_production_3col,14.0175,14.114205029878992
00-0038134,RB,2023,recent_production_3col,14.901363636363635,11.26022425708362
00-0038396,RB,2023,recent_production_3col,1.3785714285714286,2.7818919095969594
00-0038454,RB,2023,recent_production_3col,2.810769230769231,9.375374948616354
00-0038488,RB,2023,recent_production_3col,0.0,1.5969922026432117
00-0038542,RB,2023,recent_production_3col,20.955882352941178,12.58606571678613
00-0038551,RB,2023,recent_production_3col,4.803571428571429,6.7887527261865
00-0038555,RB,2023,recent_production_3col,5.771875,3.7226125441052758
00-0038597,RB,2023,recent_production_3col,16.280514705882354,5.202566746111707
00-0038611,RB,2023,recent_production_3col,6.083333333333334,4.748869354277825
00-0038622,RB,2023,recent_production_3col,2.3600000000000003,4.023681866266592
00-0038685,RB,2023,recent_production_3col,2.8902777777777775,3.854956640069063
00-0038705,RB,2023,recent_production_3col,4.533012820512821,6.447452807857443
00-0038738,RB,2023,recent_production_3col,2.282142857142857,3.0031260469369183
00-0038794,RB,2023,recent_production_3col,4.672352941176471,6.48506102610332
00-0038797,RB,2023,recent_production_3col,5.408333333333334,3.8466834468158186
00-0039021,RB,2023,recent_production_3col,3.1185897435897436,7.086469583154609
00-0039032,RB,2023,recent_production_3col,9.02948717948718,8.640656147430681
00-0039040,RB,2023,recent_production_3col,18.908088235294116,13.567122950382139
00-0039139,RB,2023,recent_production_3col,21.857843137254903,13.814994831242668
00-0039165,RB,2023,recent_production_3col,10.891176470588237,6.981652149994242
00-0030578,RB,2023,deployed_recipe,2.6785714285714284,3.608809992077742
00-0031687,RB,2023,deployed_recipe,3.951923076923077,12.048835789085187
00-0032104,RB,2023,deployed_recipe,5.631025641025642,1.9459829858998043
00-0032764,RB,2023,deployed_recipe,18.25743034055728,13.408162014418322
00-0033045,RB,2023,deployed_recipe,3.8333333333333335,8.451601662858803
00-0033280,RB,2023,deployed_recipe,18.038157894736845,20.6836739027568
00-0033293,RB,2023,deployed_recipe,11.906944444444443,11.376254409697017
00-0033376,RB,2023,deployed_recipe,0.77,0.7814862836594605
00-0033526,RB,2023,deployed_recipe,4.719166666666666,5.3488475215824565
00-0033553,RB,2023,deployed_recipe,15.8625,13.392679701157327
00-0033699,RB,2023,deployed_recipe,10.64,11.949532113818673
00-0033854,RB,2023,deployed_recipe,2.4829365079365084,0.6929328682248421
00-0033897,RB,2023,deployed_recipe,17.2125,13.153280292848704
00-0033906,RB,2023,deployed_recipe,14.052272727272726,13.560514806321642
00-0033923,RB,2023,deployed_recipe,10.007720588235294,6.990911534771734
00-0033925,RB,2023,deployed_recipe,3.26,7.8851625775586935
00-0033948,RB,2023,deployed_recipe,2.65,3.6044877669095943
00-0034115,RB,2023,deployed_recipe,1.5142857142857145,3.560316487785653
00-0034184,RB,2023,deployed_recipe,5.525000000000001,8.4326490575546
00-0034208,RB,2023,deployed_recipe,1.1800000000000002,2.090794613671
00-0034844,RB,2023,deployed_recipe,18.698382352941177,12.606387874853874
00-0034972,RB,2023,deployed_recipe,9.814285714285717,6.6551101038929925
00-0034975,RB,2023,deployed_recipe,7.592352941176472,6.35905756581725
00-0035243,RB,2023,deployed_recipe,6.851136363636364,5.085801562641123
00-0035250,RB,2023,deployed_recipe,6.42,9.129615075184116
00-0035261,RB,2023,deployed_recipe,11.736580882352944,10.591171741947663
00-0035291,RB,2023,deployed_recipe,1.425,1.1006159508919362
00-0035537,RB,2023,deployed_recipe,5.8125,3.807830099028126
00-0035567,RB,2023,deployed_recipe,1.2011111111111112,2.86078800706957
00-0035594,RB,2023,deployed_recipe,0.3874999999999999,0.9685798828131293
00-0035628,RB,2023,deployed_recipe,1.6520833333333331,2.765760690421711
00-0035685,RB,2023,deployed_recipe,12.420078431372549,12.316536225536746
00-0035700,RB,2023,deployed_recipe,16.34965277777778,11.587418561975053
00-0035973,RB,2023,deployed_recipe,4.257142857142857,2.091519641880313
00-0036139,RB,2023,deployed_recipe,12.259027777777778,6.1069205055502565
00-0036187,RB,2023,deployed_recipe,0.2619318181818181,-0.13259677731799524
00-0036223,RB,2023,deployed_recipe,19.39516806722689,14.35752772985819
00-0036251,RB,2023,deployed_recipe,10.2375,9.500394188372209
00-0036265,RB,2023,deployed_recipe,1.5166666666666668,6.901564341096258
00-0036275,RB,2023,deployed_recipe,13.347712418300652,11.154399503360953
00-0036328,RB,2023,deployed_recipe,5.361176470588235,8.125650541284081
00-0036414,RB,2023,deployed_recipe,3.753382352941177,5.760019408834182
00-0036425,RB,2023,deployed_recipe,0.86625,1.649683103862499
00-0036555,RB,2023,deployed_recipe,12.593958333333337,8.986242116017443
00-0036842,RB,2023,deployed_recipe,1.09,0.49015591151773297
00-0036875,RB,2023,deployed_recipe,12.282777777777778,9.540374382158591
00-0036893,RB,2023,deployed_recipe,11.855555555555556,10.953875622841805
00-0036906,RB,2023,deployed_recipe,2.091818181818182,7.348773140264896
00-0036919,RB,2023,deployed_recipe,8.109920634920634,5.90012074443262
00-0036924,RB,2023,deployed_recipe,7.615384615384615,5.160870033231471
00-0036973,RB,2023,deployed_recipe,12.020555555555555,12.560776411277715
00-0036984,RB,2023,deployed_recipe,3.586666666666667,2.8987075271975087
00-0036997,RB,2023,deployed_recipe,12.148611111111112,9.670857517374564
00-0037120,RB,2023,deployed_recipe,1.8457142857142856,4.268729362712197
00-0037197,RB,2023,deployed_recipe,6.622692307692309,12.438890052349004
00-0037228,RB,2023,deployed_recipe,10.634191176470589,10.181595692778824
00-0037248,RB,2023,deployed_recipe,17.044736842105262,11.192698950623392
00-0037256,RB,2023,deployed_recipe,10.552757352941176,11.636031301255894
00-0037258,RB,2023,deployed_recipe,2.276666666666667,5.571530108807969
00-0037263,RB,2023,deployed_recipe,6.741176470588235,7.539871209902188
00-0037267,RB,2023,deployed_recipe,6.462637362637363,9.567667952203298
00-0037276,RB,2023,deployed_recipe,1.8933333333333335,6.171309293817562
00-0037429,RB,2023,deployed_recipe,0.5,3.041355886529221
00-0037525,RB,2023,deployed_recipe,8.819791666666667,4.079468730262368
00-0037557,RB,2023,deployed_recipe,1.61984126984127,4.159385127226279
00-0037746,RB,2023,deployed_recipe,7.304179566563468,10.75377329148803
00-0037840,RB,2023,deployed_recipe,16.342777777777776,15.202061602965044
00-0038040,RB,2023,deployed_recipe,2.79125,5.81849592126737
00-0038098,RB,2023,deployed_recipe,2.707692307692308,3.7766599590835055
00-0038120,RB,2023,deployed_recipe,14.0175,14.432611109230093
00-0038134,RB,2023,deployed_recipe,14.901363636363635,10.89285524480119
00-0038396,RB,2023,deployed_recipe,1.3785714285714286,3.3019448528007986
00-0038454,RB,2023,deployed_recipe,2.810769230769231,9.124995492727777
00-0038488,RB,2023,deployed_recipe,0.0,2.1172071767645804
00-0038542,RB,2023,deployed_recipe,20.955882352941178,12.494011521391876
00-0038551,RB,2023,deployed_recipe,4.803571428571429,6.790864218319049
00-0038555,RB,2023,deployed_recipe,5.771875,4.235954638668424
00-0038597,RB,2023,deployed_recipe,16.280514705882354,5.549428731333959
00-0038611,RB,2023,deployed_recipe,6.083333333333334,5.038233585896286
00-0038622,RB,2023,deployed_recipe,2.3600000000000003,4.2762117644932625
00-0038685,RB,2023,deployed_recipe,2.8902777777777775,3.9488458415908316
00-0038705,RB,2023,deployed_recipe,4.533012820512821,6.565247650493476
00-0038738,RB,2023,deployed_recipe,2.282142857142857,3.48188102032283
00-0038794,RB,2023,deployed_recipe,4.672352941176471,6.8519309168761655
00-0038797,RB,2023,deployed_recipe,5.408333333333334,4.1606612180778
00-0039021,RB,2023,deployed_recipe,3.1185897435897436,7.241483207488475
00-0039032,RB,2023,deployed_recipe,9.02948717948718,8.434977548144076
00-0039040,RB,2023,deployed_recipe,18.908088235294116,15.653402702446927
00-0039139,RB,2023,deployed_recipe,21.857843137254903,13.698563939242428
00-0039165,RB,2023,deployed_recipe,10.891176470588237,7.22221299254682
00-0030578,RB,2023,recent_production_3col+opportunity,2.6785714285714284,2.1908885001776035
00-0031687,RB,2023,recent_production_3col+opportunity,3.951923076923077,12.176016265042332
00-0032104,RB,2023,recent_production_3col+opportunity,5.631025641025642,2.279048161068899
00-0032764,RB,2023,recent_production_3col+opportunity,18.25743034055728,11.091112811877531
00-0033045,RB,2023,recent_production_3col+opportunity,3.8333333333333335,8.156287130247525
00-0033280,RB,2023,recent_production_3col+opportunity,18.038157894736845,18.283242101679186
00-0033293,RB,2023,recent_production_3col+opportunity,11.906944444444443,10.57913180148631
00-0033376,RB,2023,recent_production_3col+opportunity,0.77,2.1821495987835666
00-0033526,RB,2023,recent_production_3col+opportunity,4.719166666666666,5.9446129394977225
00-0033553,RB,2023,recent_production_3col+opportunity,15.8625,11.75477552882874
00-0033699,RB,2023,recent_production_3col+opportunity,10.64,10.186393652768261
00-0033854,RB,2023,recent_production_3col+opportunity,2.4829365079365084,1.3122103912914236
00-0033897,RB,2023,recent_production_3col+opportunity,17.2125,12.310782328981741
00-0033906,RB,2023,recent_production_3col+opportunity,14.052272727272726,13.1085297251906
00-0033923,RB,2023,recent_production_3col+opportunity,10.007720588235294,7.115406426927977
00-0033925,RB,2023,recent_production_3col+opportunity,3.26,8.085311068817905
00-0033948,RB,2023,recent_production_3col+opportunity,2.65,4.324050929556154
00-0034115,RB,2023,recent_production_3col+opportunity,1.5142857142857145,3.735704120336914
00-0034184,RB,2023,recent_production_3col+opportunity,5.525000000000001,8.274300816151387
00-0034208,RB,2023,recent_production_3col+opportunity,1.1800000000000002,1.9383790281797308
00-0034844,RB,2023,recent_production_3col+opportunity,18.698382352941177,12.050479453926158
00-0034972,RB,2023,recent_production_3col+opportunity,9.814285714285717,7.416161409646317
00-0034975,RB,2023,recent_production_3col+opportunity,7.592352941176472,6.349678047066604
00-0035243,RB,2023,recent_production_3col+opportunity,6.851136363636364,5.2203787903517505
00-0035250,RB,2023,recent_production_3col+opportunity,6.42,8.615286625678369
00-0035261,RB,2023,recent_production_3col+opportunity,11.736580882352944,10.740102634888013
00-0035291,RB,2023,recent_production_3col+opportunity,1.425,2.295389004104753
00-0035537,RB,2023,recent_production_3col+opportunity,5.8125,3.9904072628450873
00-0035567,RB,2023,recent_production_3col+opportunity,1.2011111111111112,3.2244190895616436
00-0035594,RB,2023,recent_production_3col+opportunity,0.3874999999999999,1.679526107637864
00-0035628,RB,2023,recent_production_3col+opportunity,1.6520833333333331,2.8328412064964192
00-0035685,RB,2023,recent_production_3col+opportunity,12.420078431372549,11.677488673113038
00-0035700,RB,2023,recent_production_3col+opportunity,16.34965277777778,11.108494309932292
00-0035973,RB,2023,recent_production_3col+opportunity,4.257142857142857,3.3667984309720125
00-0036139,RB,2023,recent_production_3col+opportunity,12.259027777777778,5.780873064344654
00-0036187,RB,2023,recent_production_3col+opportunity,0.2619318181818181,1.5497160003775106
00-0036223,RB,2023,recent_production_3col+opportunity,19.39516806722689,12.743294206735843
00-0036251,RB,2023,recent_production_3col+opportunity,10.2375,9.859700765532152
00-0036265,RB,2023,recent_production_3col+opportunity,1.5166666666666668,7.163116758230439
00-0036275,RB,2023,recent_production_3col+opportunity,13.347712418300652,10.419530299201071
00-0036328,RB,2023,recent_production_3col+opportunity,5.361176470588235,7.153679093681919
00-0036414,RB,2023,recent_production_3col+opportunity,3.753382352941177,6.487185934659427
00-0036425,RB,2023,recent_production_3col+opportunity,0.86625,2.372124705915211
00-0036555,RB,2023,recent_production_3col+opportunity,12.593958333333337,9.472939267922282
00-0036842,RB,2023,recent_production_3col+opportunity,1.09,1.7979819382867115
00-0036875,RB,2023,recent_production_3col+opportunity,12.282777777777778,9.899375007069237
00-0036893,RB,2023,recent_production_3col+opportunity,11.855555555555556,9.543647626447381
00-0036906,RB,2023,recent_production_3col+opportunity,2.091818181818182,8.070137331418652
00-0036919,RB,2023,recent_production_3col+opportunity,8.109920634920634,5.93330419525818
00-0036924,RB,2023,recent_production_3col+opportunity,7.615384615384615,4.57813354435593
00-0036973,RB,2023,recent_production_3col+opportunity,12.020555555555555,13.50681807838557
00-0036984,RB,2023,recent_production_3col+opportunity,3.586666666666667,3.5867461773561176
00-0036997,RB,2023,recent_production_3col+opportunity,12.148611111111112,10.0878781904258
00-0037120,RB,2023,recent_production_3col+opportunity,1.8457142857142856,4.130133180155969
00-0037197,RB,2023,recent_production_3col+opportunity,6.622692307692309,12.931224870759827
00-0037228,RB,2023,recent_production_3col+opportunity,10.634191176470589,9.723683627818584
00-0037248,RB,2023,recent_production_3col+opportunity,17.044736842105262,11.127323203318989
00-0037256,RB,2023,recent_production_3col+opportunity,10.552757352941176,12.740316225083712
00-0037258,RB,2023,recent_production_3col+opportunity,2.276666666666667,5.815973673827025
00-0037263,RB,2023,recent_production_3col+opportunity,6.741176470588235,7.924039978804994
00-0037267,RB,2023,recent_production_3col+opportunity,6.462637362637363,10.281808150670667
00-0037276,RB,2023,recent_production_3col+opportunity,1.8933333333333335,6.240980014805948
00-0037429,RB,2023,recent_production_3col+opportunity,0.5,2.9261214603562697
00-0037525,RB,2023,recent_production_3col+opportunity,8.819791666666667,3.9825355487820997
00-0037557,RB,2023,recent_production_3col+opportunity,1.61984126984127,3.9272827457373642
00-0037746,RB,2023,recent_production_3col+opportunity,7.304179566563468,11.178027243573977
00-0037840,RB,2023,recent_production_3col+opportunity,16.342777777777776,16.02763439952419
00-0038040,RB,2023,recent_production_3col+opportunity,2.79125,5.870859548365386
00-0038098,RB,2023,recent_production_3col+opportunity,2.707692307692308,3.692673817747448
00-0038120,RB,2023,recent_production_3col+opportunity,14.0175,14.179843008160407
00-0038134,RB,2023,recent_production_3col+opportunity,14.901363636363635,11.554122368033156
00-0038396,RB,2023,recent_production_3col+opportunity,1.3785714285714286,2.847141659448546
00-0038454,RB,2023,recent_production_3col+opportunity,2.810769230769231,9.427231435439241
00-0038488,RB,2023,recent_production_3col+opportunity,0.0,1.509396236488259
00-0038542,RB,2023,recent_production_3col+opportunity,20.955882352941178,12.496669200768714
00-0038551,RB,2023,recent_production_3col+opportunity,4.803571428571429,6.826434848396571
00-0038555,RB,2023,recent_production_3col+opportunity,5.771875,3.778617242489218
00-0038597,RB,2023,recent_production_3col+opportunity,16.280514705882354,5.379651058932434
00-0038611,RB,2023,recent_production_3col+opportunity,6.083333333333334,4.874501376023325
00-0038622,RB,2023,recent_production_3col+opportunity,2.3600000000000003,4.039014719894382
00-0038685,RB,2023,recent_production_3col+opportunity,2.8902777777777775,3.9049820932131767
00-0038705,RB,2023,recent_production_3col+opportunity,4.533012820512821,6.3507664263609875
00-0038738,RB,2023,recent_production_3col+opportunity,2.282142857142857,3.053712636889802
00-0038794,RB,2023,recent_production_3col+opportunity,4.672352941176471,6.820486977308726
00-0038797,RB,2023,recent_production_3col+opportunity,5.408333333333334,3.9210040084402786
00-0039021,RB,2023,recent_production_3col+opportunity,3.1185897435897436,7.164305897841925
00-0039032,RB,2023,recent_production_3col+opportunity,9.02948717948718,8.61881570163952
00-0039040,RB,2023,recent_production_3col+opportunity,18.908088235294116,13.56070078547711
00-0039139,RB,2023,recent_production_3col+opportunity,21.857843137254903,13.79683815346121
00-0039165,RB,2023,recent_production_3col+opportunity,10.891176470588237,7.0890076605717125
00-0030578,RB,2023,deployed_recipe+opportunity,2.6785714285714284,3.6118980119211166
00-0031687,RB,2023,deployed_recipe+opportunity,3.951923076923077,11.7833040433241
00-0032104,RB,2023,deployed_recipe+opportunity,5.631025641025642,1.980805643193643
00-0032764,RB,2023,deployed_recipe+opportunity,18.25743034055728,13.560798815722272
00-0033045,RB,2023,deployed_recipe+opportunity,3.8333333333333335,8.980194949770066
00-0033280,RB,2023,deployed_recipe+opportunity,18.038157894736845,19.870647289747914
00-0033293,RB,2023,deployed_recipe+opportunity,11.906944444444443,11.644071474254625
00-0033376,RB,2023,deployed_recipe+opportunity,0.77,1.075529114158277
00-0033526,RB,2023,deployed_recipe+opportunity,4.719166666666666,5.620450380561809
00-0033553,RB,2023,deployed_recipe+opportunity,15.8625,13.080233226445
00-0033699,RB,2023,deployed_recipe+opportunity,10.64,12.467809412126549
00-0033854,RB,2023,deployed_recipe+opportunity,2.4829365079365084,0.6970212927686994
00-0033897,RB,2023,deployed_recipe+opportunity,17.2125,13.577158294641881
00-0033906,RB,2023,deployed_recipe+opportunity,14.052272727272726,14.129371269333733
00-0033923,RB,2023,deployed_recipe+opportunity,10.007720588235294,7.6197226072784
00-0033925,RB,2023,deployed_recipe+opportunity,3.26,7.888592856979658
00-0033948,RB,2023,deployed_recipe+opportunity,2.65,4.40795887651395
00-0034115,RB,2023,deployed_recipe+opportunity,1.5142857142857145,3.568477444326213
00-0034184,RB,2023,deployed_recipe+opportunity,5.525000000000001,8.206065324751952
00-0034208,RB,2023,deployed_recipe+opportunity,1.1800000000000002,2.1583931586457994
00-0034844,RB,2023,deployed_recipe+opportunity,18.698382352941177,12.300302720771173
00-0034972,RB,2023,deployed_recipe+opportunity,9.814285714285717,6.983747079456154
00-0034975,RB,2023,deployed_recipe+opportunity,7.592352941176472,6.373317404175664
00-0035243,RB,2023,deployed_recipe+opportunity,6.851136363636364,5.4341094864001285
00-0035250,RB,2023,deployed_recipe+opportunity,6.42,9.245091960319725
00-0035261,RB,2023,deployed_recipe+opportunity,11.736580882352944,10.813371215344763
00-0035291,RB,2023,deployed_recipe+opportunity,1.425,1.3194308498617788
00-0035537,RB,2023,deployed_recipe+opportunity,5.8125,3.7996256943983973
00-0035567,RB,2023,deployed_recipe+opportunity,1.2011111111111112,3.128079112579931
00-0035594,RB,2023,deployed_recipe+opportunity,0.3874999999999999,1.1221722358581587
00-0035628,RB,2023,deployed_recipe+opportunity,1.6520833333333331,2.8277414330986375
00-0035685,RB,2023,deployed_recipe+opportunity,12.420078431372549,12.34657864704008
00-0035700,RB,2023,deployed_recipe+opportunity,16.34965277777778,11.930413121215008
00-0035973,RB,2023,deployed_recipe+opportunity,4.257142857142857,2.5393309304788696
00-0036139,RB,2023,deployed_recipe+opportunity,12.259027777777778,6.099858523509473
00-0036187,RB,2023,deployed_recipe+opportunity,0.2619318181818181,0.29321796922004495
00-0036223,RB,2023,deployed_recipe+opportunity,19.39516806722689,14.382095731522321
00-0036251,RB,2023,deployed_recipe+opportunity,10.2375,9.345440847239663
00-0036265,RB,2023,deployed_recipe+opportunity,1.5166666666666668,7.333817924908562
00-0036275,RB,2023,deployed_recipe+opportunity,13.347712418300652,11.384609034359613
00-0036328,RB,2023,deployed_recipe+opportunity,5.361176470588235,8.367361870405738
00-0036414,RB,2023,deployed_recipe+opportunity,3.753382352941177,6.00045246677775
00-0036425,RB,2023,deployed_recipe+opportunity,0.86625,1.8339272218789486
00-0036555,RB,2023,deployed_recipe+opportunity,12.593958333333337,9.179541387430849
00-0036842,RB,2023,deployed_recipe+opportunity,1.09,0.7918036593538806
00-0036875,RB,2023,deployed_recipe+opportunity,12.282777777777778,9.854677890401135
00-0036893,RB,2023,deployed_recipe+opportunity,11.855555555555556,10.911377271375827
00-0036906,RB,2023,deployed_recipe+opportunity,2.091818181818182,7.403501145578996
00-0036919,RB,2023,deployed_recipe+opportunity,8.109920634920634,5.963366958948434
00-0036924,RB,2023,deployed_recipe+opportunity,7.615384615384615,5.276393575436159
00-0036973,RB,2023,deployed_recipe+opportunity,12.020555555555555,13.031105371195618
00-0036984,RB,2023,deployed_recipe+opportunity,3.586666666666667,3.022911891790454
00-0036997,RB,2023,deployed_recipe+opportunity,12.148611111111112,10.331172234702574
00-0037120,RB,2023,deployed_recipe+opportunity,1.8457142857142856,4.396401749668685
00-0037197,RB,2023,deployed_recipe+opportunity,6.622692307692309,12.599850975247698
00-0037228,RB,2023,deployed_recipe+opportunity,10.634191176470589,10.00803868889938
00-0037248,RB,2023,deployed_recipe+opportunity,17.044736842105262,10.82698230028323
00-0037256,RB,2023,deployed_recipe+opportunity,10.552757352941176,12.150234633533252
00-0037258,RB,2023,deployed_recipe+opportunity,2.276666666666667,5.942673269595064
00-0037263,RB,2023,deployed_recipe+opportunity,6.741176470588235,7.8884321552218575
00-0037267,RB,2023,deployed_recipe+opportunity,6.462637362637363,9.769420493958503
00-0037276,RB,2023,deployed_recipe+opportunity,1.8933333333333335,6.39033247266754
00-0037429,RB,2023,deployed_recipe+opportunity,0.5,3.059614079883157
00-0037525,RB,2023,deployed_recipe+opportunity,8.819791666666667,4.124887674405839
00-0037557,RB,2023,deployed_recipe+opportunity,1.61984126984127,4.271487518473414
00-0037746,RB,2023,deployed_recipe+opportunity,7.304179566563468,10.898013588824258
00-0037840,RB,2023,deployed_recipe+opportunity,16.342777777777776,14.999898690866697
00-0038040,RB,2023,deployed_recipe+opportunity,2.79125,5.731926802900785
00-0038098,RB,2023,deployed_recipe+opportunity,2.707692307692308,3.8661625283933194
00-0038120,RB,2023,deployed_recipe+opportunity,14.0175,14.334088981472982
00-0038134,RB,2023,deployed_recipe+opportunity,14.901363636363635,11.27020390143552
00-0038396,RB,2023,deployed_recipe+opportunity,1.3785714285714286,3.3090119081351563
00-0038454,RB,2023,deployed_recipe+opportunity,2.810769230769231,9.150827059974858
00-0038488,RB,2023,deployed_recipe+opportunity,0.0,1.9983903980320887
00-0038542,RB,2023,deployed_recipe+opportunity,20.955882352941178,12.423924725864861
00-0038551,RB,2023,deployed_recipe+opportunity,4.803571428571429,6.843652043856986
00-0038555,RB,2023,deployed_recipe+opportunity,5.771875,4.192317765065415
00-0038597,RB,2023,deployed_recipe+opportunity,16.280514705882354,5.6804512420641196
00-0038611,RB,2023,deployed_recipe+opportunity,6.083333333333334,5.007903601671263
00-0038622,RB,2023,deployed_recipe+opportunity,2.3600000000000003,4.3049661452510115
00-0038685,RB,2023,deployed_recipe+opportunity,2.8902777777777775,3.9960069890842203
00-0038705,RB,2023,deployed_recipe+opportunity,4.533012820512821,6.5287408064707835
00-0038738,RB,2023,deployed_recipe+opportunity,2.282142857142857,3.496954576441399
00-0038794,RB,2023,deployed_recipe+opportunity,4.672352941176471,7.187869077320382
00-0038797,RB,2023,deployed_recipe+opportunity,5.408333333333334,4.174943651090503
00-0039021,RB,2023,deployed_recipe+opportunity,3.1185897435897436,7.426703275987318
00-0039032,RB,2023,deployed_recipe+opportunity,9.02948717948718,8.712569143630734
00-0039040,RB,2023,deployed_recipe+opportunity,18.908088235294116,14.070284908316077
00-0039139,RB,2023,deployed_recipe+opportunity,21.857843137254903,13.585506183032436
00-0039165,RB,2023,deployed_recipe+opportunity,10.891176470588237,7.346109719302495
00-0030578,RB,2023,exploratory:recent_production_3col+xfp,2.6785714285714284,2.0777635499753107
00-0031687,RB,2023,exploratory:recent_production_3col+xfp,3.951923076923077,12.07486761785798
00-0032104,RB,2023,exploratory:recent_production_3col+xfp,5.631025641025642,2.3975583133991716
00-0032764,RB,2023,exploratory:recent_production_3col+xfp,18.25743034055728,10.77219551032534
00-0033045,RB,2023,exploratory:recent_production_3col+xfp,3.8333333333333335,7.982631140369377
00-0033280,RB,2023,exploratory:recent_production_3col+xfp,18.038157894736845,18.69184881990792
00-0033293,RB,2023,exploratory:recent_production_3col+xfp,11.906944444444443,10.253172923217235
00-0033376,RB,2023,exploratory:recent_production_3col+xfp,0.77,2.3348188913239047
00-0033526,RB,2023,exploratory:recent_production_3col+xfp,4.719166666666666,6.013397448194699
00-0033553,RB,2023,exploratory:recent_production_3col+xfp,15.8625,11.637836985141085
00-0033699,RB,2023,exploratory:recent_production_3col+xfp,10.64,9.634481278434837
00-0033854,RB,2023,exploratory:recent_production_3col+xfp,2.4829365079365084,1.4099877568922459
00-0033897,RB,2023,exploratory:recent_production_3col+xfp,17.2125,11.807796109764428
00-0033906,RB,2023,exploratory:recent_production_3col+xfp,14.052272727272726,13.003017923608414
00-0033923,RB,2023,exploratory:recent_production_3col+xfp,10.007720588235294,6.9800223355495525
00-0033925,RB,2023,exploratory:recent_production_3col+xfp,3.26,8.019140395835436
00-0033948,RB,2023,exploratory:recent_production_3col+xfp,2.65,4.073358596764342
00-0034115,RB,2023,exploratory:recent_production_3col+xfp,1.5142857142857145,3.839483441059156
00-0034184,RB,2023,exploratory:recent_production_3col+xfp,5.525000000000001,8.201108748912986
00-0034208,RB,2023,exploratory:recent_production_3col+xfp,1.1800000000000002,2.002746416040382
00-0034844,RB,2023,exploratory:recent_production_3col+xfp,18.698382352941177,12.236890041737993
00-0034972,RB,2023,exploratory:recent_production_3col+xfp,9.814285714285717,7.150137405322497
00-0034975,RB,2023,exploratory:recent_production_3col+xfp,7.592352941176472,6.329177090447566
00-0035243,RB,2023,exploratory:recent_production_3col+xfp,6.851136363636364,5.0806933648227535
00-0035250,RB,2023,exploratory:recent_production_3col+xfp,6.42,8.533117011543075
00-0035261,RB,2023,exploratory:recent_production_3col+xfp,11.736580882352944,10.41850918439829
00-0035291,RB,2023,exploratory:recent_production_3col+xfp,1.425,2.2290602468544627
00-0035537,RB,2023,exploratory:recent_production_3col+xfp,5.8125,4.043398016432634
00-0035567,RB,2023,exploratory:recent_production_3col+xfp,1.2011111111111112,3.1674133164058924
00-0035594,RB,2023,exploratory:recent_production_3col+xfp,0.3874999999999999,1.6740053355874833
00-0035628,RB,2023,exploratory:recent_production_3col+xfp,1.6520833333333331,2.8286130472087434
00-0035685,RB,2023,exploratory:recent_production_3col+xfp,12.420078431372549,11.41418588809995
00-0035700,RB,2023,exploratory:recent_production_3col+xfp,16.34965277777778,10.840055205949952
00-0035973,RB,2023,exploratory:recent_production_3col+xfp,4.257142857142857,3.294843241817774
00-0036139,RB,2023,exploratory:recent_production_3col+xfp,12.259027777777778,5.727469848360628
00-0036187,RB,2023,exploratory:recent_production_3col+xfp,0.2619318181818181,1.5879967710621923
00-0036223,RB,2023,exploratory:recent_production_3col+xfp,19.39516806722689,12.473522518555791
00-0036251,RB,2023,exploratory:recent_production_3col+xfp,10.2375,9.70666453456237
00-0036265,RB,2023,exploratory:recent_production_3col+xfp,1.5166666666666668,6.903736188777169
00-0036275,RB,2023,exploratory:recent_production_3col+xfp,13.347712418300652,10.273202578280033
00-0036328,RB,2023,exploratory:recent_production_3col+xfp,5.361176470588235,7.224431976476321
00-0036414,RB,2023,exploratory:recent_production_3col+xfp,3.753382352941177,6.317015750472497
00-0036425,RB,2023,exploratory:recent_production_3col+xfp,0.86625,2.3576486523568665
00-0036555,RB,2023,exploratory:recent_production_3col+xfp,12.593958333333337,9.255374439784081
00-0036842,RB,2023,exploratory:recent_production_3col+xfp,1.09,1.8100607845794405
00-0036875,RB,2023,exploratory:recent_production_3col+xfp,12.282777777777778,9.84005804985808
00-0036893,RB,2023,exploratory:recent_production_3col+xfp,11.855555555555556,9.395381651149332
00-0036906,RB,2023,exploratory:recent_production_3col+xfp,2.091818181818182,7.975354913292481
00-0036919,RB,2023,exploratory:recent_production_3col+xfp,8.109920634920634,5.9949111128205494
00-0036924,RB,2023,exploratory:recent_production_3col+xfp,7.615384615384615,4.690394099026758
00-0036973,RB,2023,exploratory:recent_production_3col+xfp,12.020555555555555,13.303970335458386
00-0036984,RB,2023,exploratory:recent_production_3col+xfp,3.586666666666667,3.5676781921175382
00-0036997,RB,2023,exploratory:recent_production_3col+xfp,12.148611111111112,9.6066076051476
00-0037120,RB,2023,exploratory:recent_production_3col+xfp,1.8457142857142856,4.080731020785299
00-0037197,RB,2023,exploratory:recent_production_3col+xfp,6.622692307692309,12.447958274223517
00-0037228,RB,2023,exploratory:recent_production_3col+xfp,10.634191176470589,9.511271873323977
00-0037248,RB,2023,exploratory:recent_production_3col+xfp,17.044736842105262,11.196055872687023
00-0037256,RB,2023,exploratory:recent_production_3col+xfp,10.552757352941176,12.617427783858897
00-0037258,RB,2023,exploratory:recent_production_3col+xfp,2.276666666666667,5.561439997542125
00-0037263,RB,2023,exploratory:recent_production_3col+xfp,6.741176470588235,7.7414093031086315
00-0037267,RB,2023,exploratory:recent_production_3col+xfp,6.462637362637363,10.278030930984482
00-0037276,RB,2023,exploratory:recent_production_3col+xfp,1.8933333333333335,6.127945551438138
00-0037429,RB,2023,exploratory:recent_production_3col+xfp,0.5,3.006709083867232
00-0037525,RB,2023,exploratory:recent_production_3col+xfp,8.819791666666667,4.0767508213867725
00-0037557,RB,2023,exploratory:recent_production_3col+xfp,1.61984126984127,3.8162016613837997
00-0037746,RB,2023,exploratory:recent_production_3col+xfp,7.304179566563468,11.08653428691592
00-0037840,RB,2023,exploratory:recent_production_3col+xfp,16.342777777777776,15.890802342124868
00-0038040,RB,2023,exploratory:recent_production_3col+xfp,2.79125,5.753535021135162
00-0038098,RB,2023,exploratory:recent_production_3col+xfp,2.707692307692308,3.636667160219842
00-0038120,RB,2023,exploratory:recent_production_3col+xfp,14.0175,14.257751084009627
00-0038134,RB,2023,exploratory:recent_production_3col+xfp,14.901363636363635,11.212731574755583
00-0038396,RB,2023,exploratory:recent_production_3col+xfp,1.3785714285714286,2.816255845530476
00-0038454,RB,2023,exploratory:recent_production_3col+xfp,2.810769230769231,9.659878155581458
00-0038488,RB,2023,exploratory:recent_production_3col+xfp,0.0,1.7632286708766651
00-0038542,RB,2023,exploratory:recent_production_3col+xfp,20.955882352941178,12.452718243002622
00-0038551,RB,2023,exploratory:recent_production_3col+xfp,4.803571428571429,6.813910343202533
00-0038555,RB,2023,exploratory:recent_production_3col+xfp,5.771875,3.709740586289793
00-0038597,RB,2023,exploratory:recent_production_3col+xfp,16.280514705882354,5.311288930075213
00-0038611,RB,2023,exploratory:recent_production_3col+xfp,6.083333333333334,4.79504725680555
00-0038622,RB,2023,exploratory:recent_production_3col+xfp,2.3600000000000003,3.9088465780025023
00-0038685,RB,2023,exploratory:recent_production_3col+xfp,2.8902777777777775,3.913249560934131
00-0038705,RB,2023,exploratory:recent_production_3col+xfp,4.533012820512821,6.44763222794928
00-0038738,RB,2023,exploratory:recent_production_3col+xfp,2.282142857142857,3.079113650879812
00-0038794,RB,2023,exploratory:recent_production_3col+xfp,4.672352941176471,6.589286271051564
00-0038797,RB,2023,exploratory:recent_production_3col+xfp,5.408333333333334,3.8455296855535575
00-0039021,RB,2023,exploratory:recent_production_3col+xfp,3.1185897435897436,7.064963073477041
00-0039032,RB,2023,exploratory:recent_production_3col+xfp,9.02948717948718,8.653158134940162
00-0039040,RB,2023,exploratory:recent_production_3col+xfp,18.908088235294116,13.856538353978276
00-0039139,RB,2023,exploratory:recent_production_3col+xfp,21.857843137254903,13.754787965276318
00-0039165,RB,2023,exploratory:recent_production_3col+xfp,10.891176470588237,6.910370733960494
00-0030578,RB,2023,exploratory:deployed_recipe+xfp,2.6785714285714284,3.553002378753416
00-0031687,RB,2023,exploratory:deployed_recipe+xfp,3.951923076923077,11.71793854314409
00-0032104,RB,2023,exploratory:deployed_recipe+xfp,5.631025641025642,2.0649329464516812
00-0032764,RB,2023,exploratory:deployed_recipe+xfp,18.25743034055728,13.46282332857175
00-0033045,RB,2023,exploratory:deployed_recipe+xfp,3.8333333333333335,8.840006269195724
00-0033280,RB,2023,exploratory:deployed_recipe+xfp,18.038157894736845,20.245614669835334
00-0033293,RB,2023,exploratory:deployed_recipe+xfp,11.906944444444443,11.324600994494558
00-0033376,RB,2023,exploratory:deployed_recipe+xfp,0.77,1.23118543853432
00-0033526,RB,2023,exploratory:deployed_recipe+xfp,4.719166666666666,5.628375633908029
00-0033553,RB,2023,exploratory:deployed_recipe+xfp,15.8625,13.019729488439886
00-0033699,RB,2023,exploratory:deployed_recipe+xfp,10.64,11.838452904639832
00-0033854,RB,2023,exploratory:deployed_recipe+xfp,2.4829365079365084,0.8119947200361173
00-0033897,RB,2023,exploratory:deployed_recipe+xfp,17.2125,13.110612045701071
00-0033906,RB,2023,exploratory:deployed_recipe+xfp,14.052272727272726,13.939229153098541
00-0033923,RB,2023,exploratory:deployed_recipe+xfp,10.007720588235294,7.71609571087178
00-0033925,RB,2023,exploratory:deployed_recipe+xfp,3.26,7.949090396357237
00-0033948,RB,2023,exploratory:deployed_recipe+xfp,2.65,4.4683232093725636
00-0034115,RB,2023,exploratory:deployed_recipe+xfp,1.5142857142857145,3.716739495367161
00-0034184,RB,2023,exploratory:deployed_recipe+xfp,5.525000000000001,8.274628012649274
00-0034208,RB,2023,exploratory:deployed_recipe+xfp,1.1800000000000002,2.1351110792666805
00-0034844,RB,2023,exploratory:deployed_recipe+xfp,18.698382352941177,12.597650219164812
00-0034972,RB,2023,exploratory:deployed_recipe+xfp,9.814285714285717,6.757432926131876
00-0034975,RB,2023,exploratory:deployed_recipe+xfp,7.592352941176472,6.222797553773527
00-0035243,RB,2023,exploratory:deployed_recipe+xfp,6.851136363636364,5.389044243065291
00-0035250,RB,2023,exploratory:deployed_recipe+xfp,6.42,9.279847759098605
00-0035261,RB,2023,exploratory:deployed_recipe+xfp,11.736580882352944,10.530243831931577
00-0035291,RB,2023,exploratory:deployed_recipe+xfp,1.425,1.2688735864882892
00-0035537,RB,2023,exploratory:deployed_recipe+xfp,5.8125,3.893363722578881
00-0035567,RB,2023,exploratory:deployed_recipe+xfp,1.2011111111111112,3.15592863254152
00-0035594,RB,2023,exploratory:deployed_recipe+xfp,0.3874999999999999,1.169845690076019
00-0035628,RB,2023,exploratory:deployed_recipe+xfp,1.6520833333333331,2.8176481837340055
00-0035685,RB,2023,exploratory:deployed_recipe+xfp,12.420078431372549,12.236149017100743
00-0035700,RB,2023,exploratory:deployed_recipe+xfp,16.34965277777778,11.845661368480961
00-0035973,RB,2023,exploratory:deployed_recipe+xfp,4.257142857142857,2.445662864498428
00-0036139,RB,2023,exploratory:deployed_recipe+xfp,12.259027777777778,6.0316856760567
00-0036187,RB,2023,exploratory:deployed_recipe+xfp,0.2619318181818181,0.39912551105882876
00-0036223,RB,2023,exploratory:deployed_recipe+xfp,19.39516806722689,14.219780680412569
00-0036251,RB,2023,exploratory:deployed_recipe+xfp,10.2375,9.130628769432109
00-0036265,RB,2023,exploratory:deployed_recipe+xfp,1.5166666666666668,7.272911644353459
00-0036275,RB,2023,exploratory:deployed_recipe+xfp,13.347712418300652,11.385958117625112
00-0036328,RB,2023,exploratory:deployed_recipe+xfp,5.361176470588235,8.34916922860307
00-0036414,RB,2023,exploratory:deployed_recipe+xfp,3.753382352941177,5.926249615714722
00-0036425,RB,2023,exploratory:deployed_recipe+xfp,0.86625,1.8595669772191505
00-0036555,RB,2023,exploratory:deployed_recipe+xfp,12.593958333333337,9.022914968045244
00-0036842,RB,2023,exploratory:deployed_recipe+xfp,1.09,0.8524625567442445
00-0036875,RB,2023,exploratory:deployed_recipe+xfp,12.282777777777778,9.857093557538366
00-0036893,RB,2023,exploratory:deployed_recipe+xfp,11.855555555555556,10.891942366954622
00-0036906,RB,2023,exploratory:deployed_recipe+xfp,2.091818181818182,7.381312445050208
00-0036919,RB,2023,exploratory:deployed_recipe+xfp,8.109920634920634,6.025674374189258
00-0036924,RB,2023,exploratory:deployed_recipe+xfp,7.615384615384615,5.369306423410604
00-0036973,RB,2023,exploratory:deployed_recipe+xfp,12.020555555555555,12.910230192631987
00-0036984,RB,2023,exploratory:deployed_recipe+xfp,3.586666666666667,3.090054119197892
00-0036997,RB,2023,exploratory:deployed_recipe+xfp,12.148611111111112,9.894698334235759
00-0037120,RB,2023,exploratory:deployed_recipe+xfp,1.8457142857142856,4.26455482165542
00-0037197,RB,2023,exploratory:deployed_recipe+xfp,6.622692307692309,12.022090445284604
00-0037228,RB,2023,exploratory:deployed_recipe+xfp,10.634191176470589,9.410704118996673
00-0037248,RB,2023,exploratory:deployed_recipe+xfp,17.044736842105262,10.819438271746847
00-0037256,RB,2023,exploratory:deployed_recipe+xfp,10.552757352941176,12.09090608331727
00-0037258,RB,2023,exploratory:deployed_recipe+xfp,2.276666666666667,5.910999158316107
00-0037263,RB,2023,exploratory:deployed_recipe+xfp,6.741176470588235,7.911790063716628
00-0037267,RB,2023,exploratory:deployed_recipe+xfp,6.462637362637363,9.640411669751984
00-0037276,RB,2023,exploratory:deployed_recipe+xfp,1.8933333333333335,6.293791643763071
00-0037429,RB,2023,exploratory:deployed_recipe+xfp,0.5,3.0925969281947108
00-0037525,RB,2023,exploratory:deployed_recipe+xfp,8.819791666666667,4.245014254969896
00-0037557,RB,2023,exploratory:deployed_recipe+xfp,1.61984126984127,4.14907927238989
00-0037746,RB,2023,exploratory:deployed_recipe+xfp,7.304179566563468,10.80397851638288
00-0037840,RB,2023,exploratory:deployed_recipe+xfp,16.342777777777776,14.735000831546925
00-0038040,RB,2023,exploratory:deployed_recipe+xfp,2.79125,5.501212842424951
00-0038098,RB,2023,exploratory:deployed_recipe+xfp,2.707692307692308,3.8097145988728833
00-0038120,RB,2023,exploratory:deployed_recipe+xfp,14.0175,14.257683203974832
00-0038134,RB,2023,exploratory:deployed_recipe+xfp,14.901363636363635,11.074438042302486
00-0038396,RB,2023,exploratory:deployed_recipe+xfp,1.3785714285714286,3.2495043173581983
00-0038454,RB,2023,exploratory:deployed_recipe+xfp,2.810769230769231,9.446124311775405
00-0038488,RB,2023,exploratory:deployed_recipe+xfp,0.0,2.4693971572028635
00-0038542,RB,2023,exploratory:deployed_recipe+xfp,20.955882352941178,12.152241918060266
00-0038551,RB,2023,exploratory:deployed_recipe+xfp,4.803571428571429,6.813378314890354
00-0038555,RB,2023,exploratory:deployed_recipe+xfp,5.771875,4.160588645748286
00-0038597,RB,2023,exploratory:deployed_recipe+xfp,16.280514705882354,5.586185288407663
00-0038611,RB,2023,exploratory:deployed_recipe+xfp,6.083333333333334,5.000192426958533
00-0038622,RB,2023,exploratory:deployed_recipe+xfp,2.3600000000000003,4.116418465552273
00-0038685,RB,2023,exploratory:deployed_recipe+xfp,2.8902777777777775,4.094284480867338
00-0038705,RB,2023,exploratory:deployed_recipe+xfp,4.533012820512821,6.519942749568196
00-0038738,RB,2023,exploratory:deployed_recipe+xfp,2.282142857142857,3.5191190883488357
00-0038794,RB,2023,exploratory:deployed_recipe+xfp,4.672352941176471,6.866598488075843
00-0038797,RB,2023,exploratory:deployed_recipe+xfp,5.408333333333334,4.079504804370714
00-0039021,RB,2023,exploratory:deployed_recipe+xfp,3.1185897435897436,7.217963879833547
00-0039032,RB,2023,exploratory:deployed_recipe+xfp,9.02948717948718,8.573774528945698
00-0039040,RB,2023,exploratory:deployed_recipe+xfp,18.908088235294116,13.83089823497241
00-0039139,RB,2023,exploratory:deployed_recipe+xfp,21.857843137254903,13.329417659174059
00-0039165,RB,2023,exploratory:deployed_recipe+xfp,10.891176470588237,7.044601829390405
00-0030578,RB,2023,deployed_recipe_reproduction,2.6785714285714284,3.8271276157757175
00-0031687,RB,2023,deployed_recipe_reproduction,3.951923076923077,11.36468562286038
00-0032104,RB,2023,deployed_recipe_reproduction,5.631025641025642,2.226055620588893
00-0032764,RB,2023,deployed_recipe_reproduction,18.25743034055728,13.285619851755468
00-0033045,RB,2023,deployed_recipe_reproduction,3.8333333333333335,8.993145649341189
00-0033280,RB,2023,deployed_recipe_reproduction,18.038157894736845,19.67809214884212
00-0033293,RB,2023,deployed_recipe_reproduction,11.906944444444443,11.399718670390314
00-0033376,RB,2023,deployed_recipe_reproduction,0.77,1.3182838654239846
00-0033526,RB,2023,deployed_recipe_reproduction,4.719166666666666,5.693752372871375
00-0033553,RB,2023,deployed_recipe_reproduction,15.8625,12.711606194492834
00-0033699,RB,2023,deployed_recipe_reproduction,10.64,12.283835911205582
00-0033854,RB,2023,deployed_recipe_reproduction,2.4829365079365084,1.015154516990914
00-0033897,RB,2023,deployed_recipe_reproduction,17.2125,13.221145494530784
00-0033906,RB,2023,deployed_recipe_reproduction,14.052272727272726,14.038185954921262
00-0033923,RB,2023,deployed_recipe_reproduction,10.007720588235294,7.812700108818937
00-0033925,RB,2023,deployed_recipe_reproduction,3.26,7.979062801835637
00-0033948,RB,2023,deployed_recipe_reproduction,2.65,4.903560268506929
00-0034115,RB,2023,deployed_recipe_reproduction,1.5142857142857145,3.9386659607841317
00-0034184,RB,2023,deployed_recipe_reproduction,5.525000000000001,8.213858839884319
00-0034208,RB,2023,deployed_recipe_reproduction,1.1800000000000002,2.1875406217146107
00-0034844,RB,2023,deployed_recipe_reproduction,18.698382352941177,12.618933496756942
00-0034972,RB,2023,deployed_recipe_reproduction,9.814285714285717,7.158832458575095
00-0034975,RB,2023,deployed_recipe_reproduction,7.592352941176472,6.275075853594553
00-0035243,RB,2023,deployed_recipe_reproduction,6.851136363636364,5.785495773979195
00-0035250,RB,2023,deployed_recipe_reproduction,6.42,9.349411623279138
00-0035261,RB,2023,deployed_recipe_reproduction,11.736580882352944,10.984058573885365
00-0035291,RB,2023,deployed_recipe_reproduction,1.425,1.434848884785684
00-0035537,RB,2023,deployed_recipe_reproduction,5.8125,3.9521691103498684
00-0035567,RB,2023,deployed_recipe_reproduction,1.2011111111111112,3.250776079636208
00-0035594,RB,2023,deployed_recipe_reproduction,0.3874999999999999,1.2834138933460517
00-0035628,RB,2023,deployed_recipe_reproduction,1.6520833333333331,2.9100624875114685
00-0035685,RB,2023,deployed_recipe_reproduction,12.420078431372549,12.17387655053366
00-0035700,RB,2023,deployed_recipe_reproduction,16.34965277777778,12.23846244120743
00-0035973,RB,2023,deployed_recipe_reproduction,4.257142857142857,2.6405883431578094
00-0036139,RB,2023,deployed_recipe_reproduction,12.259027777777778,6.0660927055374625
00-0036187,RB,2023,deployed_recipe_reproduction,0.2619318181818181,0.5363037931939969
00-0036223,RB,2023,deployed_recipe_reproduction,19.39516806722689,13.994143848667383
00-0036251,RB,2023,deployed_recipe_reproduction,10.2375,9.050839319383005
00-0036265,RB,2023,deployed_recipe_reproduction,1.5166666666666668,7.580707661954048
00-0036275,RB,2023,deployed_recipe_reproduction,13.347712418300652,11.504766015034255
00-0036328,RB,2023,deployed_recipe_reproduction,5.361176470588235,8.3193182341693
00-0036414,RB,2023,deployed_recipe_reproduction,3.753382352941177,6.052942983342159
00-0036425,RB,2023,deployed_recipe_reproduction,0.86625,1.9942783452605601
00-0036555,RB,2023,deployed_recipe_reproduction,12.593958333333337,9.063514125760339
00-0036842,RB,2023,deployed_recipe_reproduction,1.09,0.9562908788250537
00-0036875,RB,2023,deployed_recipe_reproduction,12.282777777777778,9.992934111464207
00-0036893,RB,2023,deployed_recipe_reproduction,11.855555555555556,10.898702817413152
00-0036906,RB,2023,deployed_recipe_reproduction,2.091818181818182,7.5390653469469715
00-0036919,RB,2023,deployed_recipe_reproduction,8.109920634920634,6.174346014004927
00-0036924,RB,2023,deployed_recipe_reproduction,7.615384615384615,5.421634514295571
00-0036973,RB,2023,deployed_recipe_reproduction,12.020555555555555,12.815681833925973
00-0036984,RB,2023,deployed_recipe_reproduction,3.586666666666667,3.2678444841374175
00-0036997,RB,2023,deployed_recipe_reproduction,12.148611111111112,10.171836834727642
00-0037120,RB,2023,deployed_recipe_reproduction,1.8457142857142856,4.332796497102503
00-0037197,RB,2023,deployed_recipe_reproduction,6.622692307692309,11.996360889638279
00-0037228,RB,2023,deployed_recipe_reproduction,10.634191176470589,9.22984560933701
00-0037248,RB,2023,deployed_recipe_reproduction,17.044736842105262,10.740305568266002
00-0037256,RB,2023,deployed_recipe_reproduction,10.552757352941176,12.009542083670027
00-0037258,RB,2023,deployed_recipe_reproduction,2.276666666666667,6.311714025078581
00-0037263,RB,2023,deployed_recipe_reproduction,6.741176470588235,7.990663345480781
00-0037267,RB,2023,deployed_recipe_reproduction,6.462637362637363,9.52177321408227
00-0037276,RB,2023,deployed_recipe_reproduction,1.8933333333333335,6.269613130981055
00-0037429,RB,2023,deployed_recipe_reproduction,0.5,3.0805416355910396
00-0037525,RB,2023,deployed_recipe_reproduction,8.819791666666667,4.108054651097371
00-0037557,RB,2023,deployed_recipe_reproduction,1.61984126984127,4.160902992725118
00-0037746,RB,2023,deployed_recipe_reproduction,7.304179566563468,10.527928347920422
00-0037840,RB,2023,deployed_recipe_reproduction,16.342777777777776,14.391128514513952
00-0038040,RB,2023,deployed_recipe_reproduction,2.79125,5.522542127477031
00-0038098,RB,2023,deployed_recipe_reproduction,2.707692307692308,3.8433046274152702
00-0038120,RB,2023,deployed_recipe_reproduction,14.0175,13.863842053325588
00-0038134,RB,2023,deployed_recipe_reproduction,14.901363636363635,11.056995084991385
00-0038396,RB,2023,deployed_recipe_reproduction,1.3785714285714286,3.3096062960832495
00-0038454,RB,2023,deployed_recipe_reproduction,2.810769230769231,8.904476545120884
00-0038488,RB,2023,deployed_recipe_reproduction,0.0,2.1291604314180255
00-0038542,RB,2023,deployed_recipe_reproduction,20.955882352941178,12.082544751730042
00-0038551,RB,2023,deployed_recipe_reproduction,4.803571428571429,6.673311094450867
00-0038555,RB,2023,deployed_recipe_reproduction,5.771875,4.248063376385917
00-0038597,RB,2023,deployed_recipe_reproduction,16.280514705882354,5.480777751465508
00-0038611,RB,2023,deployed_recipe_reproduction,6.083333333333334,4.968639440051387
00-0038622,RB,2023,deployed_recipe_reproduction,2.3600000000000003,4.244362162930409
00-0038685,RB,2023,deployed_recipe_reproduction,2.8902777777777775,4.017082867505712
00-0038705,RB,2023,deployed_recipe_reproduction,4.533012820512821,6.508908362185376
00-0038738,RB,2023,deployed_recipe_reproduction,2.282142857142857,3.5082958290611947
00-0038794,RB,2023,deployed_recipe_reproduction,4.672352941176471,6.775129174963376
00-0038797,RB,2023,deployed_recipe_reproduction,5.408333333333334,4.1151822165418395
00-0039021,RB,2023,deployed_recipe_reproduction,3.1185897435897436,7.224711631038954
00-0039032,RB,2023,deployed_recipe_reproduction,9.02948717948718,8.51773384861917
00-0039040,RB,2023,deployed_recipe_reproduction,18.908088235294116,12.93094159660314
00-0039139,RB,2023,deployed_recipe_reproduction,21.857843137254903,13.131335217494414
00-0039165,RB,2023,deployed_recipe_reproduction,10.891176470588237,7.107487304294372
00-0026293,WR,2022,ppg_only,0.0,1.4424854873718278
00-0027944,WR,2022,ppg_only,4.622222222222222,7.5450759946713255
00-0028002,WR,2022,ppg_only,1.8777777777777775,6.088705488142803
00-0029293,WR,2022,ppg_only,1.625,6.859916083946009
00-0030035,WR,2022,ppg_only,13.769117647058824,9.16406965837976
00-0030068,WR,2022,ppg_only,1.2727272727272727,6.572094349912121
00-0030279,WR,2022,ppg_only,16.87205128205128,13.278016195911936
00-0030431,WR,2022,ppg_only,4.234375,6.561055019504932
00-0030564,WR,2022,ppg_only,10.810681114551084,13.903808027179307
00-0031236,WR,2022,ppg_only,8.906470588235294,9.72265234309097
00-0031381,WR,2022,ppg_only,16.42373949579832,16.032800508872732
00-0031408,WR,2022,ppg_only,17.148070175438598,12.568959699744427
00-0031428,WR,2022,ppg_only,2.5375,7.719147684251785
00-0031544,WR,2022,ppg_only,11.553125,12.140600227429124
00-0031547,WR,2022,ppg_only,5.56923076923077,7.781988236281798
00-0031549,WR,2022,ppg_only,4.842222222222222,5.413585918175907
00-0031588,WR,2022,ppg_only,15.298947368421054,15.509733245724043
00-0031763,WR,2022,ppg_only,0.908371040723982,6.289011722366167
00-0031941,WR,2022,ppg_only,3.3156250000000003,3.66038732372517
00-0032128,WR,2022,ppg_only,1.511111111111111,3.0319818034250563
00-0032211,WR,2022,ppg_only,9.511764705882351,12.27976269559247
00-0032398,WR,2022,ppg_only,4.553333333333334,7.115385517688931
00-0032464,WR,2022,ppg_only,5.295475113122173,6.495822612553364
00-0032688,WR,2022,ppg_only,3.766666666666667,4.6584431500841745
00-0032775,WR,2022,ppg_only,8.87719298245614,6.517566748203887
00-0033009,WR,2022,ppg_only,6.868823529411765,8.524985351460167
00-0033040,WR,2022,ppg_only,17.994117647058825,16.129924314778403
00-0033251,WR,2022,ppg_only,0.5900000000000001,3.105911864636834
00-0033282,WR,2022,ppg_only,7.553676470588234,9.109467717746224
00-0033292,WR,2022,ppg_only,-0.0133333333333333,1.9755601392672801
00-0033307,WR,2022,ppg_only,8.9625,5.522500740496829
00-0033466,WR,2022,ppg_only,1.5846153846153848,7.116617685375795
00-0033536,WR,2022,ppg_only,4.1,11.47991302881708
00-0033555,WR,2022,ppg_only,4.800833333333333,8.146637391141066
00-0033572,WR,2022,ppg_only,3.663636363636364,4.582338675307343
00-0033591,WR,2022,ppg_only,8.540909090909091,6.469729649772737
00-0033857,WR,2022,ppg_only,5.083441558441558,9.388021539711346
00-0033891,WR,2022,ppg_only,5.705555555555556,11.004106737428458
00-0033908,WR,2022,ppg_only,13.404945054945054,17.98639029631861
00-0033921,WR,2022,ppg_only,15.940225563909774,12.592062843873107
00-0033943,WR,2022,ppg_only,6.505263157894737,7.843596620624945
00-0034054,WR,2022,ppg_only,3.6742857142857144,4.0053942760468
00-0034272,WR,2022,ppg_only,5.3325,7.120314188436384
00-0034279,WR,2022,ppg_only,2.24,4.432032337623103
00-0034286,WR,2022,ppg_only,1.7692307692307692,7.919580294648163
00-0034297,WR,2022,ppg_only,2.3153846153846156,4.067002660389949
00-0034348,WR,2022,ppg_only,13.37904411764706,9.298786658810112
00-0034386,WR,2022,ppg_only,4.704489164086688,3.9522165127190307
00-0034407,WR,2022,ppg_only,5.294509803921569,3.5901537655739806
00-0034418,WR,2022,ppg_only,5.176858974358974,2.9633324608712623
00-0034419,WR,2022,ppg_only,1.7029411764705882,3.9508889760161567
00-0034487,WR,2022,ppg_only,2.0339285714285715,5.082453795269371
00-0034521,WR,2022,ppg_only,7.396428571428571,10.057801953917698
00-0034646,WR,2022,ppg_only,2.4470588235294115,3.512527201301614
00-0034764,WR,2022,ppg_only,6.123529411764706,7.0334463665125435
00-0034775,WR,2022,ppg_only,10.692083333333333,12.481410943046267
00-0034777,WR,2022,ppg_only,5.635,8.042423679186925
00-0034827,WR,2022,ppg_only,15.429411764705884,10.101000303410071
00-0034854,WR,2022,ppg_only,2.514935064935065,3.7854997350066406
00-0034860,WR,2022,ppg_only,4.0,4.2779207762000215
00-0034928,WR,2022,ppg_only,1.5818181818181818,3.3769887557466873
00-0034960,WR,2022,ppg_only,14.097291666666669,11.06923560087693
00-0034983,WR,2022,ppg_only,3.4642857142857144,7.282960323102295
00-0035021,WR,2022,ppg_only,1.4769230769230768,4.584513088872395
00-0035140,WR,2022,ppg_only,3.503333333333334,9.45157545198112
00-0035208,WR,2022,ppg_only,5.028289473684211,6.52517719568157
00-0035215,WR,2022,ppg_only,1.325,2.052408492368997
00-0035216,WR,2022,ppg_only,9.786309523809525,9.300816111470827
00-0035298,WR,2022,ppg_only,2.768939393939394,4.048520145087005
00-0035341,WR,2022,ppg_only,2.9833333333333334,5.95221922129029
00-0035406,WR,2022,ppg_only,4.441883116883117,2.1817860994896083
00-0035500,WR,2022,ppg_only,4.671507352941177,6.760829265794112
00-0035535,WR,2022,ppg_only,7.8786764705882355,8.485555985480552
00-0035639,WR,2022,ppg_only,3.395,7.9265867383577735
00-0035640,WR,2022,ppg_only,13.417083333333334,12.219845521799918
00-0035645,WR,2022,ppg_only,0.4166666666666667,2.1423567335099936
00-0035659,WR,2022,ppg_only,14.038970588235294,11.401299615311343
00-0035662,WR,2022,ppg_only,7.990769230769232,11.053393444902976
00-0035676,WR,2022,ppg_only,16.08235294117647,13.759233685254053
00-0035703,WR,2022,ppg_only,0.5875,1.6716686771283398
00-0035719,WR,2022,ppg_only,12.764444444444443,11.141185392591963
00-0036133,WR,2022,ppg_only,0.2833333333333333,2.1941077763582384
00-0036165,WR,2022,ppg_only,4.285714285714286,9.910837953448226
00-0036182,WR,2022,ppg_only,8.11565934065934,5.263745526255606
00-0036196,WR,2022,ppg_only,7.73875,10.153186228971327
00-0036233,WR,2022,ppg_only,1.6764705882352942,8.709375621776598
00-0036252,WR,2022,ppg_only,13.0625,11.446146895090546
00-0036259,WR,2022,ppg_only,9.621041666666668,5.274526993515657
00-0036261,WR,2022,ppg_only,11.801879699248122,10.487828476632874
00-0036268,WR,2022,ppg_only,2.07875,5.576881987445878
00-0036271,WR,2022,ppg_only,6.566666666666666,4.800466688727853
00-0036309,WR,2022,ppg_only,8.855357142857144,8.26421386282226
00-0036322,WR,2022,ppg_only,19.22888888888889,17.061443086046808
00-0036326,WR,2022,ppg_only,1.9727272727272729,6.6195612404952735
00-0036331,WR,2022,ppg_only,0.981794871794872,7.573399849291423
00-0036345,WR,2022,ppg_only,5.335714285714285,8.24405111885541
00-0036358,WR,2022,ppg_only,20.549444444444447,14.69931277939961
00-0036387,WR,2022,ppg_only,2.6333333333333333,2.5473291799256224
00-0036407,WR,2022,ppg_only,11.51654411764706,11.506831153668552
00-0036410,WR,2022,ppg_only,14.9875,12.605924730350315
00-0036415,WR,2022,ppg_only,3.828125,7.2755673169811175
00-0036497,WR,2022,ppg_only,1.40875,1.9969609464601632
00-0036527,WR,2022,ppg_only,1.9625,1.8269218056730738
00-0036550,WR,2022,ppg_only,8.088235294117649,8.034582612088705
00-0036554,WR,2022,ppg_only,17.542226890756304,8.621094431035479
00-0036613,WR,2022,ppg_only,11.806666666666668,12.425206802943748
00-0036620,WR,2022,ppg_only,0.8025,2.5760797592857583
00-0036626,WR,2022,ppg_only,4.100833333333333,4.136825495978851
00-0036630,WR,2022,ppg_only,2.2142857142857144,2.5218643810637875
00-0036635,WR,2022,ppg_only,1.1558823529411766,1.516415548583606
00-0036849,WR,2022,ppg_only,7.284791666666667,5.336135377858806
00-0036862,WR,2022,ppg_only,1.4164285714285714,5.894131316052465
00-0036877,WR,2022,ppg_only,0.1454545454545454,1.695959982955067
00-0036900,WR,2022,ppg_only,20.062941176470588,16.06585159506153
00-0036912,WR,2022,ppg_only,14.43529411764706,12.432189086502637
00-0036913,WR,2022,ppg_only,4.076923076923077,6.291065335177606
00-0036936,WR,2022,ppg_only,6.176470588235294,9.565550963015943
00-0036955,WR,2022,ppg_only,2.7662500000000003,6.162635549354581
00-0036963,WR,2022,ppg_only,19.5566081871345,13.80728822504171
00-0036980,WR,2022,ppg_only,7.53529411764706,6.094798625055861
00-0036988,WR,2022,ppg_only,8.915,9.026840002274238
00-0037093,WR,2022,ppg_only,0.0,2.128978912909767
00-0037098,WR,2022,ppg_only,2.225,4.991128425537175
00-0037132,WR,2022,ppg_only,1.29625,1.4424854873718278
00-0037238,WR,2022,ppg_only,13.708198529411764,9.20949074173863
00-0037239,WR,2022,ppg_only,12.021875,11.21111090882144
00-0037240,WR,2022,ppg_only,10.7175,3.3030586945349096
00-0037247,WR,2022,ppg_only,12.200555555555557,8.683282658995974
00-0037257,WR,2022,ppg_only,6.21,3.6801020067149772
00-0037261,WR,2022,ppg_only,10.01388888888889,4.41200961271158
00-0037272,WR,2022,ppg_only,0.0,1.7973497811883625
00-0037273,WR,2022,ppg_only,4.1375,4.362722905237062
00-0037291,WR,2022,ppg_only,6.956250000000001,4.4828592547062005
00-0037300,WR,2022,ppg_only,2.7,2.3930148458089744
00-0037382,WR,2022,ppg_only,7.340000000000001,3.837819470633437
00-0037487,WR,2022,ppg_only,1.6515789473684213,2.7732265891838326
00-0037545,WR,2022,ppg_only,12.07,7.634128113858241
00-0037664,WR,2022,ppg_only,7.849632352941176,6.631451658673501
00-0037740,WR,2022,ppg_only,13.679411764705884,10.822905607007431
00-0037741,WR,2022,ppg_only,5.426838235294118,9.488540482587007
00-0037742,WR,2022,ppg_only,2.966666666666667,7.363611298969689
00-0037745,WR,2022,ppg_only,0.8538461538461538,3.996433056505979
00-0037801,WR,2022,ppg_only,4.820588235294117,1.6526025034474074
00-0037816,WR,2022,ppg_only,10.462030075187972,7.22040411746156
00-0038090,WR,2022,ppg_only,4.130769230769231,3.8860685632137555
00-0038104,WR,2022,ppg_only,2.598611111111111,5.527121369322566
00-0038117,WR,2022,ppg_only,9.813529411764703,7.800470751584741
00-0038124,WR,2022,ppg_only,8.547077922077921,10.108144805123814
00-0026293,WR,2022,recent_production_3col,0.0,-1.9527025374371894
00-0027944,WR,2022,recent_production_3col,4.622222222222222,5.37789448800673
00-0028002,WR,2022,recent_production_3col,1.8777777777777775,4.558540671360647
00-0029293,WR,2022,recent_production_3col,1.625,6.121050917937362
00-0030035,WR,2022,recent_production_3col,13.769117647058824,8.32926635220358
00-0030068,WR,2022,recent_production_3col,1.2727272727272727,5.021802650577336
00-0030279,WR,2022,recent_production_3col,16.87205128205128,11.61317250776352
00-0030431,WR,2022,recent_production_3col,4.234375,6.1639784238256174
00-0030564,WR,2022,recent_production_3col,10.810681114551084,11.883543986361126
00-0031236,WR,2022,recent_production_3col,8.906470588235294,8.782221219866354
00-0031381,WR,2022,recent_production_3col,16.42373949579832,15.241348444269454
00-0031408,WR,2022,recent_production_3col,17.148070175438598,12.00406310376166
00-0031428,WR,2022,recent_production_3col,2.5375,6.3680902220876785
00-0031544,WR,2022,recent_production_3col,11.553125,12.00523486645196
00-0031547,WR,2022,recent_production_3col,5.56923076923077,6.75767851101838
00-0031549,WR,2022,recent_production_3col,4.842222222222222,4.817253692379561
00-0031588,WR,2022,recent_production_3col,15.298947368421054,15.151755768432718
00-0031763,WR,2022,recent_production_3col,0.908371040723982,6.314957818472532
00-0031941,WR,2022,recent_production_3col,3.3156250000000003,1.4902319440494791
00-0032128,WR,2022,recent_production_3col,1.511111111111111,0.6409778734069187
00-0032211,WR,2022,recent_production_3col,9.511764705882351,11.64457602570057
00-0032398,WR,2022,recent_production_3col,4.553333333333334,6.612877505559142
00-0032464,WR,2022,recent_production_3col,5.295475113122173,6.5954890966925
00-0032688,WR,2022,recent_production_3col,3.766666666666667,3.7641886041387713
00-0032775,WR,2022,recent_production_3col,8.87719298245614,6.616327870844115
00-0033009,WR,2022,recent_production_3col,6.868823529411765,8.869527732153816
00-0033040,WR,2022,recent_production_3col,17.994117647058825,15.993137413284671
00-0033251,WR,2022,recent_production_3col,0.5900000000000001,3.5114063222718634
00-0033282,WR,2022,recent_production_3col,7.553676470588234,9.59433674503845
00-0033292,WR,2022,recent_production_3col,-0.0133333333333333,2.5928012154801863
00-0033307,WR,2022,recent_production_3col,8.9625,5.745024850575398
00-0033466,WR,2022,recent_production_3col,1.5846153846153848,7.272767480565731
00-0033536,WR,2022,recent_production_3col,4.1,10.713328265503186
00-0033555,WR,2022,recent_production_3col,4.800833333333333,7.930555332622305
00-0033572,WR,2022,recent_production_3col,3.663636363636364,5.008690469011175
00-0033591,WR,2022,recent_production_3col,8.540909090909091,7.229191678848558
00-0033857,WR,2022,recent_production_3col,5.083441558441558,10.19065664132905
00-0033891,WR,2022,recent_production_3col,5.705555555555556,11.327757217604638
00-0033908,WR,2022,recent_production_3col,13.404945054945054,16.043153101955365
00-0033921,WR,2022,recent_production_3col,15.940225563909774,12.767244794280348
00-0033943,WR,2022,recent_production_3col,6.505263157894737,7.310748699769688
00-0034054,WR,2022,recent_production_3col,3.6742857142857144,2.8912979039973115
00-0034272,WR,2022,recent_production_3col,5.3325,7.688025037775705
00-0034279,WR,2022,recent_production_3col,2.24,4.946973824532731
00-0034286,WR,2022,recent_production_3col,1.7692307692307692,8.371661333230431
00-0034297,WR,2022,recent_production_3col,2.3153846153846156,2.8680097155822897
00-0034348,WR,2022,recent_production_3col,13.37904411764706,9.199395276025122
00-0034386,WR,2022,recent_production_3col,4.704489164086688,4.981182458942485
00-0034407,WR,2022,recent_production_3col,5.294509803921569,4.798877049582609
00-0034418,WR,2022,recent_production_3col,5.176858974358974,2.963048537587785
00-0034419,WR,2022,recent_production_3col,1.7029411764705882,4.403532467648253
00-0034487,WR,2022,recent_production_3col,2.0339285714285715,5.734995772159204
00-0034521,WR,2022,recent_production_3col,7.396428571428571,9.926807419077521
00-0034646,WR,2022,recent_production_3col,2.4470588235294115,3.9834227807516784
00-0034764,WR,2022,recent_production_3col,6.123529411764706,7.440072667096666
00-0034775,WR,2022,recent_production_3col,10.692083333333333,13.155246458793126
00-0034777,WR,2022,recent_production_3col,5.635,7.583628569500653
00-0034827,WR,2022,recent_production_3col,15.429411764705884,10.791598344012995
00-0034854,WR,2022,recent_production_3col,2.514935064935065,3.5863010822207455
00-0034860,WR,2022,recent_production_3col,4.0,4.716947630888554
00-0034928,WR,2022,recent_production_3col,1.5818181818181818,3.524144171447008
00-0034960,WR,2022,recent_production_3col,14.097291666666669,10.978459342197421
00-0034983,WR,2022,recent_production_3col,3.4642857142857144,6.4440914079279965
00-0035021,WR,2022,recent_production_3col,1.4769230769230768,4.352026531034207
00-0035140,WR,2022,recent_production_3col,3.503333333333334,9.098770193815474
00-0035208,WR,2022,recent_production_3col,5.028289473684211,7.199979818963511
00-0035215,WR,2022,recent_production_3col,1.325,0.9372585861809526
00-0035216,WR,2022,recent_production_3col,9.786309523809525,9.77771795757267
00-0035298,WR,2022,recent_production_3col,2.768939393939394,4.167714979829409
00-0035341,WR,2022,recent_production_3col,2.9833333333333334,5.3334405456653755
00-0035406,WR,2022,recent_production_3col,4.441883116883117,1.3082627900439316
00-0035500,WR,2022,recent_production_3col,4.671507352941177,7.672833531492511
00-0035535,WR,2022,recent_production_3col,7.8786764705882355,8.91405211807642
00-0035639,WR,2022,recent_production_3col,3.395,8.707720928851414
00-0035640,WR,2022,recent_production_3col,13.417083333333334,12.986903229936708
00-0035645,WR,2022,recent_production_3col,0.4166666666666667,2.5879514249061955
00-0035659,WR,2022,recent_production_3col,14.038970588235294,11.543730042957888
00-0035662,WR,2022,recent_production_3col,7.990769230769232,10.880926072772436
00-0035676,WR,2022,recent_production_3col,16.08235294117647,14.791560054729633
00-0035703,WR,2022,recent_production_3col,0.5875,1.3134508480228897
00-0035719,WR,2022,recent_production_3col,12.764444444444443,11.376777589013784
00-0036133,WR,2022,recent_production_3col,0.2833333333333333,2.1435013599382438
00-0036165,WR,2022,recent_production_3col,4.285714285714286,9.868274594650316
00-0036182,WR,2022,recent_production_3col,8.11565934065934,5.991070433492901
00-0036196,WR,2022,recent_production_3col,7.73875,11.335638397298602
00-0036233,WR,2022,recent_production_3col,1.6764705882352942,9.951943793631312
00-0036252,WR,2022,recent_production_3col,13.0625,11.91605489415106
00-0036259,WR,2022,recent_production_3col,9.621041666666668,6.330767223975608
00-0036261,WR,2022,recent_production_3col,11.801879699248122,11.903379981279901
00-0036268,WR,2022,recent_production_3col,2.07875,6.044135968771073
00-0036271,WR,2022,recent_production_3col,6.566666666666666,6.288141001694617
00-0036309,WR,2022,recent_production_3col,8.855357142857144,8.043197563508
00-0036322,WR,2022,recent_production_3col,19.22888888888889,18.120937986244222
00-0036326,WR,2022,recent_production_3col,1.9727272727272729,7.372765373142224
00-0036331,WR,2022,recent_production_3col,0.981794871794872,7.875193349825658
00-0036345,WR,2022,recent_production_3col,5.335714285714285,9.176649147281271
00-0036358,WR,2022,recent_production_3col,20.549444444444447,16.021841915240536
00-0036387,WR,2022,recent_production_3col,2.6333333333333333,4.211148856814681
00-0036407,WR,2022,recent_production_3col,11.51654411764706,12.303557319184662
00-0036410,WR,2022,recent_production_3col,14.9875,13.686252121600862
00-0036415,WR,2022,recent_production_3col,3.828125,6.684019722377313
00-0036497,WR,2022,recent_production_3col,1.40875,1.7898616730202601
00-0036527,WR,2022,recent_production_3col,1.9625,0.8858426140449627
00-0036550,WR,2022,recent_production_3col,8.088235294117649,7.493743895147245
00-0036554,WR,2022,recent_production_3col,17.542226890756304,8.714563559861894
00-0036613,WR,2022,recent_production_3col,11.806666666666668,13.430727372362837
00-0036620,WR,2022,recent_production_3col,0.8025,2.262536309413695
00-0036626,WR,2022,recent_production_3col,4.100833333333333,4.252324204951404
00-0036630,WR,2022,recent_production_3col,2.2142857142857144,2.0458768312523334
00-0036635,WR,2022,recent_production_3col,1.1558823529411766,0.917609798665354
00-0036849,WR,2022,recent_production_3col,7.284791666666667,5.895744717829321
00-0036862,WR,2022,recent_production_3col,1.4164285714285714,6.265844591773731
00-0036877,WR,2022,recent_production_3col,0.1454545454545454,2.7364996919656397
00-0036900,WR,2022,recent_production_3col,20.062941176470588,16.919767130634302
00-0036912,WR,2022,recent_production_3col,14.43529411764706,13.766783165917385
00-0036913,WR,2022,recent_production_3col,4.076923076923077,6.810914215987781
00-0036936,WR,2022,recent_production_3col,6.176470588235294,9.537344981165658
00-0036955,WR,2022,recent_production_3col,2.7662500000000003,7.0995274800847925
00-0036963,WR,2022,recent_production_3col,19.5566081871345,14.672912277661371
00-0036980,WR,2022,recent_production_3col,7.53529411764706,7.1991972004983795
00-0036988,WR,2022,recent_production_3col,8.915,10.256189896244905
00-0037093,WR,2022,recent_production_3col,0.0,1.9987141836425275
00-0037098,WR,2022,recent_production_3col,2.225,4.000632410432692
00-0037132,WR,2022,recent_production_3col,1.29625,2.9876448242883824
00-0037238,WR,2022,recent_production_3col,13.708198529411764,10.925262594440206
00-0037239,WR,2022,recent_production_3col,12.021875,12.26716348838355
00-0037240,WR,2022,recent_production_3col,10.7175,3.45325363507738
00-0037247,WR,2022,recent_production_3col,12.200555555555557,10.420964259971104
00-0037257,WR,2022,recent_production_3col,6.21,5.049723523551925
00-0037261,WR,2022,recent_production_3col,10.01388888888889,5.257110314046515
00-0037272,WR,2022,recent_production_3col,0.0,2.998350034683154
00-0037273,WR,2022,recent_production_3col,4.1375,3.645405335111861
00-0037291,WR,2022,recent_production_3col,6.956250000000001,4.419268025564601
00-0037300,WR,2022,recent_production_3col,2.7,2.498769938858727
00-0037382,WR,2022,recent_production_3col,7.340000000000001,3.0600259452472565
00-0037487,WR,2022,recent_production_3col,1.6515789473684213,2.451455176261278
00-0037545,WR,2022,recent_production_3col,12.07,7.851042335091718
00-0037664,WR,2022,recent_production_3col,7.849632352941176,8.042869820612129
00-0037740,WR,2022,recent_production_3col,13.679411764705884,12.224486138829233
00-0037741,WR,2022,recent_production_3col,5.426838235294118,10.122269452643748
00-0037742,WR,2022,recent_production_3col,2.966666666666667,7.921133919810943
00-0037745,WR,2022,recent_production_3col,0.8538461538461538,3.953114527749954
00-0037801,WR,2022,recent_production_3col,4.820588235294117,2.777317575771076
00-0037816,WR,2022,recent_production_3col,10.462030075187972,8.113253693429549
00-0038090,WR,2022,recent_production_3col,4.130769230769231,5.9058427050615565
00-0038104,WR,2022,recent_production_3col,2.598611111111111,6.325792115121878
00-0038117,WR,2022,recent_production_3col,9.813529411764703,7.763406755436579
00-0038124,WR,2022,recent_production_3col,8.547077922077921,10.7984260176786
00-0026293,WR,2022,deployed_recipe,0.0,-2.6056456610991114
00-0027944,WR,2022,deployed_recipe,4.622222222222222,5.191389052071816
00-0028002,WR,2022,deployed_recipe,1.8777777777777775,4.547018568162869
00-0029293,WR,2022,deployed_recipe,1.625,5.863083542884872
00-0030035,WR,2022,deployed_recipe,13.769117647058824,8.778175226063048
00-0030068,WR,2022,deployed_recipe,1.2727272727272727,4.4954851612638205
00-0030279,WR,2022,deployed_recipe,16.87205128205128,12.348235717577694
00-0030431,WR,2022,deployed_recipe,4.234375,6.9044168679161615
00-0030564,WR,2022,deployed_recipe,10.810681114551084,12.219528309627613
00-0031236,WR,2022,deployed_recipe,8.906470588235294,9.335108040279817
00-0031381,WR,2022,deployed_recipe,16.42373949579832,16.521105775193547
00-0031408,WR,2022,deployed_recipe,17.148070175438598,12.576560290376577
00-0031428,WR,2022,deployed_recipe,2.5375,5.306747628125848
00-0031544,WR,2022,deployed_recipe,11.553125,12.186828881492449
00-0031547,WR,2022,deployed_recipe,5.56923076923077,6.408796602774979
00-0031549,WR,2022,deployed_recipe,4.842222222222222,4.595794884812177
00-0031588,WR,2022,deployed_recipe,15.298947368421054,15.584114027816867
00-0031763,WR,2022,deployed_recipe,0.908371040723982,5.7343419329503815
00-0031941,WR,2022,deployed_recipe,3.3156250000000003,1.454373736252839
00-0032128,WR,2022,deployed_recipe,1.511111111111111,-0.08968545153010066
00-0032211,WR,2022,deployed_recipe,9.511764705882351,12.442135636856815
00-0032398,WR,2022,deployed_recipe,4.553333333333334,6.258560177634417
00-0032464,WR,2022,deployed_recipe,5.295475113122173,6.663393541840101
00-0032688,WR,2022,deployed_recipe,3.766666666666667,3.4552754712978513
00-0032775,WR,2022,deployed_recipe,8.87719298245614,5.994940923004079
00-0033009,WR,2022,deployed_recipe,6.868823529411765,8.60613211458773
00-0033040,WR,2022,deployed_recipe,17.994117647058825,17.23155571937802
00-0033251,WR,2022,deployed_recipe,0.5900000000000001,2.9925869619231795
00-0033282,WR,2022,deployed_recipe,7.553676470588234,8.515050135238472
00-0033292,WR,2022,deployed_recipe,-0.0133333333333333,1.620937253616144
00-0033307,WR,2022,deployed_recipe,8.9625,6.383885944297572
00-0033466,WR,2022,deployed_recipe,1.5846153846153848,6.344129775124429
00-0033536,WR,2022,deployed_recipe,4.1,11.130905854688251
00-0033555,WR,2022,deployed_recipe,4.800833333333333,6.959256015608692
00-0033572,WR,2022,deployed_recipe,3.663636363636364,5.157496074597191
00-0033591,WR,2022,deployed_recipe,8.540909090909091,6.212282049710252
00-0033857,WR,2022,deployed_recipe,5.083441558441558,9.690865196566735
00-0033891,WR,2022,deployed_recipe,5.705555555555556,10.820738635902703
00-0033908,WR,2022,deployed_recipe,13.404945054945054,17.854082921784048
00-0033921,WR,2022,deployed_recipe,15.940225563909774,13.455283440888213
00-0033943,WR,2022,deployed_recipe,6.505263157894737,6.788639231375512
00-0034054,WR,2022,deployed_recipe,3.6742857142857144,2.883301396886743
00-0034272,WR,2022,deployed_recipe,5.3325,7.333837686141341
00-0034279,WR,2022,deployed_recipe,2.24,3.801209129114813
00-0034286,WR,2022,deployed_recipe,1.7692307692307692,8.48258949207024
00-0034297,WR,2022,deployed_recipe,2.3153846153846156,2.7287725453576
00-0034348,WR,2022,deployed_recipe,13.37904411764706,8.906300199770271
00-0034386,WR,2022,deployed_recipe,4.704489164086688,4.9864619155337495
00-0034407,WR,2022,deployed_recipe,5.294509803921569,4.230697742531918
00-0034418,WR,2022,deployed_recipe,5.176858974358974,3.2384496673445913
00-0034419,WR,2022,deployed_recipe,1.7029411764705882,4.134458914046306
00-0034487,WR,2022,deployed_recipe,2.0339285714285715,4.491597230197879
00-0034521,WR,2022,deployed_recipe,7.396428571428571,9.423991164956789
00-0034646,WR,2022,deployed_recipe,2.4470588235294115,2.6847452302224704
00-0034764,WR,2022,deployed_recipe,6.123529411764706,7.066720757197779
00-0034775,WR,2022,deployed_recipe,10.692083333333333,13.158503686802664
00-0034777,WR,2022,deployed_recipe,5.635,7.165742197527249
00-0034827,WR,2022,deployed_recipe,15.429411764705884,11.182129454885246
00-0034854,WR,2022,deployed_recipe,2.514935064935065,3.05439605107202
00-0034860,WR,2022,deployed_recipe,4.0,4.632169916386038
00-0034928,WR,2022,deployed_recipe,1.5818181818181818,3.4672827056516695
00-0034960,WR,2022,deployed_recipe,14.097291666666669,10.897330475039055
00-0034983,WR,2022,deployed_recipe,3.4642857142857144,7.048396059764634
00-0035021,WR,2022,deployed_recipe,1.4769230769230768,3.5780171069987916
00-0035140,WR,2022,deployed_recipe,3.503333333333334,8.65644432858753
00-0035208,WR,2022,deployed_recipe,5.028289473684211,6.761051756892845
00-0035215,WR,2022,deployed_recipe,1.325,0.9856967592388282
00-0035216,WR,2022,deployed_recipe,9.786309523809525,10.419355832426723
00-0035298,WR,2022,deployed_recipe,2.768939393939394,3.3860664617819025
00-0035341,WR,2022,deployed_recipe,2.9833333333333334,4.176437312373148
00-0035406,WR,2022,deployed_recipe,4.441883116883117,1.041812904287823
00-0035500,WR,2022,deployed_recipe,4.671507352941177,7.1128725813963545
00-0035535,WR,2022,deployed_recipe,7.8786764705882355,8.10168313938419
00-0035639,WR,2022,deployed_recipe,3.395,8.233586907063934
00-0035640,WR,2022,deployed_recipe,13.417083333333334,13.166920292628703
00-0035645,WR,2022,deployed_recipe,0.4166666666666667,1.4113997438041812
00-0035659,WR,2022,deployed_recipe,14.038970588235294,11.56861612432385
00-0035662,WR,2022,deployed_recipe,7.990769230769232,11.229632380336302
00-0035676,WR,2022,deployed_recipe,16.08235294117647,15.13637936239579
00-0035703,WR,2022,deployed_recipe,0.5875,1.3255326004707904
00-0035719,WR,2022,deployed_recipe,12.764444444444443,12.873516123751827
00-0036133,WR,2022,deployed_recipe,0.2833333333333333,1.5423225524553918
00-0036165,WR,2022,deployed_recipe,4.285714285714286,9.807488859831633
00-0036182,WR,2022,deployed_recipe,8.11565934065934,5.139152166930001
00-0036196,WR,2022,deployed_recipe,7.73875,11.050396563894031
00-0036233,WR,2022,deployed_recipe,1.6764705882352942,9.248940584240245
00-0036252,WR,2022,deployed_recipe,13.0625,11.961447679409844
00-0036259,WR,2022,deployed_recipe,9.621041666666668,6.339591229522069
00-0036261,WR,2022,deployed_recipe,11.801879699248122,11.600765177086593
00-0036268,WR,2022,deployed_recipe,2.07875,6.385279654432148
00-0036271,WR,2022,deployed_recipe,6.566666666666666,5.962895662322685
00-0036309,WR,2022,deployed_recipe,8.855357142857144,8.483710703026606
00-0036322,WR,2022,deployed_recipe,19.22888888888889,18.90821174722409
00-0036326,WR,2022,deployed_recipe,1.9727272727272729,7.221482934856055
00-0036331,WR,2022,deployed_recipe,0.981794871794872,7.118475955469517
00-0036345,WR,2022,deployed_recipe,5.335714285714285,8.837937080886402
00-0036358,WR,2022,deployed_recipe,20.549444444444447,16.29442591532195
00-0036387,WR,2022,deployed_recipe,2.6333333333333333,3.923938850026022
00-0036407,WR,2022,deployed_recipe,11.51654411764706,12.133248020807198
00-0036410,WR,2022,deployed_recipe,14.9875,13.917234904757567
00-0036415,WR,2022,deployed_recipe,3.828125,6.232189778389474
00-0036497,WR,2022,deployed_recipe,1.40875,1.9587679310935175
00-0036527,WR,2022,deployed_recipe,1.9625,0.9069560569528514
00-0036550,WR,2022,deployed_recipe,8.088235294117649,7.6335419437920295
00-0036554,WR,2022,deployed_recipe,17.542226890756304,8.197396809366982
00-0036613,WR,2022,deployed_recipe,11.806666666666668,14.240843922694083
00-0036620,WR,2022,deployed_recipe,0.8025,1.6899262741304795
00-0036626,WR,2022,deployed_recipe,4.100833333333333,3.780259719164645
00-0036630,WR,2022,deployed_recipe,2.2142857142857144,1.1265678964877062
00-0036635,WR,2022,deployed_recipe,1.1558823529411766,0.5812863740370071
00-0036849,WR,2022,deployed_recipe,7.284791666666667,4.999685577956358
00-0036862,WR,2022,deployed_recipe,1.4164285714285714,5.4588620291432
00-0036877,WR,2022,deployed_recipe,0.1454545454545454,1.9549977021873794
00-0036900,WR,2022,deployed_recipe,20.062941176470588,17.393950775157005
00-0036912,WR,2022,deployed_recipe,14.43529411764706,13.820134587236147
00-0036913,WR,2022,deployed_recipe,4.076923076923077,7.218237481550948
00-0036936,WR,2022,deployed_recipe,6.176470588235294,9.575643902192613
00-0036955,WR,2022,deployed_recipe,2.7662500000000003,6.109012330581296
00-0036963,WR,2022,deployed_recipe,19.5566081871345,15.290310589902592
00-0036980,WR,2022,deployed_recipe,7.53529411764706,7.65850389405642
00-0036988,WR,2022,deployed_recipe,8.915,9.84818642590842
00-0037093,WR,2022,deployed_recipe,0.0,2.273293588959592
00-0037098,WR,2022,deployed_recipe,2.225,4.09328813394014
00-0037132,WR,2022,deployed_recipe,1.29625,3.0716439630498438
00-0037238,WR,2022,deployed_recipe,13.708198529411764,11.150590102101535
00-0037239,WR,2022,deployed_recipe,12.021875,12.528271856273793
00-0037240,WR,2022,deployed_recipe,10.7175,3.6946500514872027
00-0037247,WR,2022,deployed_recipe,12.200555555555557,10.110912011027942
00-0037257,WR,2022,deployed_recipe,6.21,5.1622009982635735
00-0037261,WR,2022,deployed_recipe,10.01388888888889,5.567505559671642
00-0037272,WR,2022,deployed_recipe,0.0,3.0443190502962105
00-0037273,WR,2022,deployed_recipe,4.1375,3.997128765122013
00-0037291,WR,2022,deployed_recipe,6.956250000000001,6.262029605980289
00-0037300,WR,2022,deployed_recipe,2.7,2.6121373509522385
00-0037382,WR,2022,deployed_recipe,7.340000000000001,3.0221061395639373
00-0037487,WR,2022,deployed_recipe,1.6515789473684213,2.6220769055530093
00-0037545,WR,2022,deployed_recipe,12.07,8.306198164246121
00-0037664,WR,2022,deployed_recipe,7.849632352941176,7.894957473290444
00-0037740,WR,2022,deployed_recipe,13.679411764705884,12.135137668491236
00-0037741,WR,2022,deployed_recipe,5.426838235294118,9.97471863550788
00-0037742,WR,2022,deployed_recipe,2.966666666666667,8.304293750221255
00-0037745,WR,2022,deployed_recipe,0.8538461538461538,4.334094441548375
00-0037801,WR,2022,deployed_recipe,4.820588235294117,3.0838435844762557
00-0037816,WR,2022,deployed_recipe,10.462030075187972,8.365505268820215
00-0038090,WR,2022,deployed_recipe,4.130769230769231,6.214513823586968
00-0038104,WR,2022,deployed_recipe,2.598611111111111,6.3901466000664495
00-0038117,WR,2022,deployed_recipe,9.813529411764703,7.852261250966024
00-0038124,WR,2022,deployed_recipe,8.547077922077921,10.965410840415425
00-0026293,WR,2022,recent_production_3col+opportunity,0.0,-1.9054393200746
00-0027944,WR,2022,recent_production_3col+opportunity,4.622222222222222,5.33047025643706
00-0028002,WR,2022,recent_production_3col+opportunity,1.8777777777777775,4.591207042052174
00-0029293,WR,2022,recent_production_3col+opportunity,1.625,6.122721644547065
00-0030035,WR,2022,recent_production_3col+opportunity,13.769117647058824,8.363910995043346
00-0030068,WR,2022,recent_production_3col+opportunity,1.2727272727272727,5.016237474805907
00-0030279,WR,2022,recent_production_3col+opportunity,16.87205128205128,11.702505514286367
00-0030431,WR,2022,recent_production_3col+opportunity,4.234375,6.236832258687242
00-0030564,WR,2022,recent_production_3col+opportunity,10.810681114551084,11.957027068436108
00-0031236,WR,2022,recent_production_3col+opportunity,8.906470588235294,8.805730728544159
00-0031381,WR,2022,recent_production_3col+opportunity,16.42373949579832,15.239480384922572
00-0031408,WR,2022,recent_production_3col+opportunity,17.148070175438598,12.00010479009293
00-0031428,WR,2022,recent_production_3col+opportunity,2.5375,6.411771426071324
00-0031544,WR,2022,recent_production_3col+opportunity,11.553125,12.00430639166894
00-0031547,WR,2022,recent_production_3col+opportunity,5.56923076923077,6.728648078558484
00-0031549,WR,2022,recent_production_3col+opportunity,4.842222222222222,4.831186588357101
00-0031588,WR,2022,recent_production_3col+opportunity,15.298947368421054,15.16133157836565
00-0031763,WR,2022,recent_production_3col+opportunity,0.908371040723982,6.339664688841884
00-0031941,WR,2022,recent_production_3col+opportunity,3.3156250000000003,1.532956689667449
00-0032128,WR,2022,recent_production_3col+opportunity,1.511111111111111,0.6519695557410365
00-0032211,WR,2022,recent_production_3col+opportunity,9.511764705882351,11.679283051759048
00-0032398,WR,2022,recent_production_3col+opportunity,4.553333333333334,6.639929451398401
00-0032464,WR,2022,recent_production_3col+opportunity,5.295475113122173,6.571693568054332
00-0032688,WR,2022,recent_production_3col+opportunity,3.766666666666667,3.7672842358917586
00-0032775,WR,2022,recent_production_3col+opportunity,8.87719298245614,6.66293420391551
00-0033009,WR,2022,recent_production_3col+opportunity,6.868823529411765,8.88808062998883
00-0033040,WR,2022,recent_production_3col+opportunity,17.994117647058825,15.939621778643135
00-0033251,WR,2022,recent_production_3col+opportunity,0.5900000000000001,3.528856409345312
00-0033282,WR,2022,recent_production_3col+opportunity,7.553676470588234,9.39242395368125
00-0033292,WR,2022,recent_production_3col+opportunity,-0.0133333333333333,2.5821410367337894
00-0033307,WR,2022,recent_production_3col+opportunity,8.9625,5.719814132971669
00-0033466,WR,2022,recent_production_3col+opportunity,1.5846153846153848,7.248426900370043
00-0033536,WR,2022,recent_production_3col+opportunity,4.1,10.726249809562226
00-0033555,WR,2022,recent_production_3col+opportunity,4.800833333333333,7.8948161871074465
00-0033572,WR,2022,recent_production_3col+opportunity,3.663636363636364,4.947973600555079
00-0033591,WR,2022,recent_production_3col+opportunity,8.540909090909091,7.262126256187952
00-0033857,WR,2022,recent_production_3col+opportunity,5.083441558441558,10.266549517353496
00-0033891,WR,2022,recent_production_3col+opportunity,5.705555555555556,11.376820723581758
00-0033908,WR,2022,recent_production_3col+opportunity,13.404945054945054,16.016911893516387
00-0033921,WR,2022,recent_production_3col+opportunity,15.940225563909774,12.914582818236386
00-0033943,WR,2022,recent_production_3col+opportunity,6.505263157894737,7.325899463074368
00-0034054,WR,2022,recent_production_3col+opportunity,3.6742857142857144,2.9083571953552996
00-0034272,WR,2022,recent_production_3col+opportunity,5.3325,7.673196405341271
00-0034279,WR,2022,recent_production_3col+opportunity,2.24,4.908012338449906
00-0034286,WR,2022,recent_production_3col+opportunity,1.7692307692307692,8.424464635412344
00-0034297,WR,2022,recent_production_3col+opportunity,2.3153846153846156,2.865731970721564
00-0034348,WR,2022,recent_production_3col+opportunity,13.37904411764706,9.213750836860495
00-0034386,WR,2022,recent_production_3col+opportunity,4.704489164086688,4.964876320846178
00-0034407,WR,2022,recent_production_3col+opportunity,5.294509803921569,4.779731557564954
00-0034418,WR,2022,recent_production_3col+opportunity,5.176858974358974,2.969035835557361
00-0034419,WR,2022,recent_production_3col+opportunity,1.7029411764705882,4.3535814985356165
00-0034487,WR,2022,recent_production_3col+opportunity,2.0339285714285715,5.753748242469571
00-0034521,WR,2022,recent_production_3col+opportunity,7.396428571428571,9.920176776186537
00-0034646,WR,2022,recent_production_3col+opportunity,2.4470588235294115,3.9143087397151586
00-0034764,WR,2022,recent_production_3col+opportunity,6.123529411764706,7.469496204704316
00-0034775,WR,2022,recent_production_3col+opportunity,10.692083333333333,13.178003544151144
00-0034777,WR,2022,recent_production_3col+opportunity,5.635,7.562199074060764
00-0034827,WR,2022,recent_production_3col+opportunity,15.429411764705884,10.723762148369271
00-0034854,WR,2022,recent_production_3col+opportunity,2.514935064935065,3.5885011631206583
00-0034860,WR,2022,recent_production_3col+opportunity,4.0,4.729607562214285
00-0034928,WR,2022,recent_production_3col+opportunity,1.5818181818181818,3.4360301564676132
00-0034960,WR,2022,recent_production_3col+opportunity,14.097291666666669,11.006397113976332
00-0034983,WR,2022,recent_production_3col+opportunity,3.4642857142857144,6.5205033695099655
00-0035021,WR,2022,recent_production_3col+opportunity,1.4769230769230768,4.340007583411078
00-0035140,WR,2022,recent_production_3col+opportunity,3.503333333333334,9.054026782485062
00-0035208,WR,2022,recent_production_3col+opportunity,5.028289473684211,7.1985731606614
00-0035215,WR,2022,recent_production_3col+opportunity,1.325,0.9579218718415499
00-0035216,WR,2022,recent_production_3col+opportunity,9.786309523809525,9.801052453258539
00-0035298,WR,2022,recent_production_3col+opportunity,2.768939393939394,4.17483136928997
00-0035341,WR,2022,recent_production_3col+opportunity,2.9833333333333334,5.333227625157225
00-0035406,WR,2022,recent_production_3col+opportunity,4.441883116883117,1.3345139273736182
00-0035500,WR,2022,recent_production_3col+opportunity,4.671507352941177,7.694746208572053
00-0035535,WR,2022,recent_production_3col+opportunity,7.8786764705882355,8.92035457102083
00-0035639,WR,2022,recent_production_3col+opportunity,3.395,8.756073198608831
00-0035640,WR,2022,recent_production_3col+opportunity,13.417083333333334,13.020515554800507
00-0035645,WR,2022,recent_production_3col+opportunity,0.4166666666666667,2.532920681896959
00-0035659,WR,2022,recent_production_3col+opportunity,14.038970588235294,11.492678882975913
00-0035662,WR,2022,recent_production_3col+opportunity,7.990769230769232,10.918824312925093
00-0035676,WR,2022,recent_production_3col+opportunity,16.08235294117647,14.798674000346194
00-0035703,WR,2022,recent_production_3col+opportunity,0.5875,1.320264276687336
00-0035719,WR,2022,recent_production_3col+opportunity,12.764444444444443,11.081569692625985
00-0036133,WR,2022,recent_production_3col+opportunity,0.2833333333333333,2.1479143656370137
00-0036165,WR,2022,recent_production_3col+opportunity,4.285714285714286,9.912795674165498
00-0036182,WR,2022,recent_production_3col+opportunity,8.11565934065934,5.999161260311039
00-0036196,WR,2022,recent_production_3col+opportunity,7.73875,11.295705033049261
00-0036233,WR,2022,recent_production_3col+opportunity,1.6764705882352942,9.966758730924605
00-0036252,WR,2022,recent_production_3col+opportunity,13.0625,12.022103657523022
00-0036259,WR,2022,recent_production_3col+opportunity,9.621041666666668,6.369822339976267
00-0036261,WR,2022,recent_production_3col+opportunity,11.801879699248122,11.922316883251206
00-0036268,WR,2022,recent_production_3col+opportunity,2.07875,6.034300480239633
00-0036271,WR,2022,recent_production_3col+opportunity,6.566666666666666,6.294747306699167
00-0036309,WR,2022,recent_production_3col+opportunity,8.855357142857144,8.051313545899756
00-0036322,WR,2022,recent_production_3col+opportunity,19.22888888888889,18.112772409779556
00-0036326,WR,2022,recent_production_3col+opportunity,1.9727272727272729,7.327575830837021
00-0036331,WR,2022,recent_production_3col+opportunity,0.981794871794872,7.796362885145889
00-0036345,WR,2022,recent_production_3col+opportunity,5.335714285714285,9.211677078036976
00-0036358,WR,2022,recent_production_3col+opportunity,20.549444444444447,16.001195341694107
00-0036387,WR,2022,recent_production_3col+opportunity,2.6333333333333333,4.189736940495394
00-0036407,WR,2022,recent_production_3col+opportunity,11.51654411764706,12.289153380572396
00-0036410,WR,2022,recent_production_3col+opportunity,14.9875,13.716968589417974
00-0036415,WR,2022,recent_production_3col+opportunity,3.828125,6.661053867124448
00-0036497,WR,2022,recent_production_3col+opportunity,1.40875,1.8117452367724596
00-0036527,WR,2022,recent_production_3col+opportunity,1.9625,0.801932152853694
00-0036550,WR,2022,recent_production_3col+opportunity,8.088235294117649,7.494248741878427
00-0036554,WR,2022,recent_production_3col+opportunity,17.542226890756304,8.753389417420678
00-0036613,WR,2022,recent_production_3col+opportunity,11.806666666666668,13.400479743340098
00-0036620,WR,2022,recent_production_3col+opportunity,0.8025,2.275085780608534
00-0036626,WR,2022,recent_production_3col+opportunity,4.100833333333333,4.199437750239342
00-0036630,WR,2022,recent_production_3col+opportunity,2.2142857142857144,2.058299268189562
00-0036635,WR,2022,recent_production_3col+opportunity,1.1558823529411766,0.9168652002681759
00-0036849,WR,2022,recent_production_3col+opportunity,7.284791666666667,5.778931739337869
00-0036862,WR,2022,recent_production_3col+opportunity,1.4164285714285714,6.318434215822827
00-0036877,WR,2022,recent_production_3col+opportunity,0.1454545454545454,2.738674630887877
00-0036900,WR,2022,recent_production_3col+opportunity,20.062941176470588,16.965623134268725
00-0036912,WR,2022,recent_production_3col+opportunity,14.43529411764706,13.819041652235338
00-0036913,WR,2022,recent_production_3col+opportunity,4.076923076923077,6.7782687189825905
00-0036936,WR,2022,recent_production_3col+opportunity,6.176470588235294,9.572003841686929
00-0036955,WR,2022,recent_production_3col+opportunity,2.7662500000000003,7.11119426318852
00-0036963,WR,2022,recent_production_3col+opportunity,19.5566081871345,14.734500401528265
00-0036980,WR,2022,recent_production_3col+opportunity,7.53529411764706,7.179231426912497
00-0036988,WR,2022,recent_production_3col+opportunity,8.915,10.320955247889735
00-0037093,WR,2022,recent_production_3col+opportunity,0.0,2.016539782673749
00-0037098,WR,2022,recent_production_3col+opportunity,2.225,3.982823010481702
00-0037132,WR,2022,recent_production_3col+opportunity,1.29625,3.040993079097198
00-0037238,WR,2022,recent_production_3col+opportunity,13.708198529411764,10.977878768347193
00-0037239,WR,2022,recent_production_3col+opportunity,12.021875,12.254420395366228
00-0037240,WR,2022,recent_production_3col+opportunity,10.7175,3.4322352584255578
00-0037247,WR,2022,recent_production_3col+opportunity,12.200555555555557,10.381874460177508
00-0037257,WR,2022,recent_production_3col+opportunity,6.21,5.09260198865223
00-0037261,WR,2022,recent_production_3col+opportunity,10.01388888888889,5.269063878098243
00-0037272,WR,2022,recent_production_3col+opportunity,0.0,2.9626884246202074
00-0037273,WR,2022,recent_production_3col+opportunity,4.1375,3.699555361932224
00-0037291,WR,2022,recent_production_3col+opportunity,6.956250000000001,4.427679986172733
00-0037300,WR,2022,recent_production_3col+opportunity,2.7,2.4869739819199923
00-0037382,WR,2022,recent_production_3col+opportunity,7.340000000000001,3.0760731121750746
00-0037487,WR,2022,recent_production_3col+opportunity,1.6515789473684213,2.4429270440598407
00-0037545,WR,2022,recent_production_3col+opportunity,12.07,7.809340304911178
00-0037664,WR,2022,recent_production_3col+opportunity,7.849632352941176,8.069690224986424
00-0037740,WR,2022,recent_production_3col+opportunity,13.679411764705884,12.240073190667646
00-0037741,WR,2022,recent_production_3col+opportunity,5.426838235294118,10.088954670663323
00-0037742,WR,2022,recent_production_3col+opportunity,2.966666666666667,7.900651246785635
00-0037745,WR,2022,recent_production_3col+opportunity,0.8538461538461538,3.843370980795112
00-0037801,WR,2022,recent_production_3col+opportunity,4.820588235294117,2.7660130486813723
00-0037816,WR,2022,recent_production_3col+opportunity,10.462030075187972,8.156301023998932
00-0038090,WR,2022,recent_production_3col+opportunity,4.130769230769231,5.918039410137079
00-0038104,WR,2022,recent_production_3col+opportunity,2.598611111111111,6.29671004670908
00-0038117,WR,2022,recent_production_3col+opportunity,9.813529411764703,7.810149676575342
00-0038124,WR,2022,recent_production_3col+opportunity,8.547077922077921,10.719365406067146
00-0026293,WR,2022,deployed_recipe+opportunity,0.0,-2.433736810847133
00-0027944,WR,2022,deployed_recipe+opportunity,4.622222222222222,5.20643164342839
00-0028002,WR,2022,deployed_recipe+opportunity,1.8777777777777775,4.5357194310092686
00-0029293,WR,2022,deployed_recipe+opportunity,1.625,5.917078275037584
00-0030035,WR,2022,deployed_recipe+opportunity,13.769117647058824,8.778406387342198
00-0030068,WR,2022,deployed_recipe+opportunity,1.2727272727272727,4.42360917913674
00-0030279,WR,2022,deployed_recipe+opportunity,16.87205128205128,12.357770909243683
00-0030431,WR,2022,deployed_recipe+opportunity,4.234375,6.930584688926497
00-0030564,WR,2022,deployed_recipe+opportunity,10.810681114551084,12.33666938680324
00-0031236,WR,2022,deployed_recipe+opportunity,8.906470588235294,9.414657103543782
00-0031381,WR,2022,deployed_recipe+opportunity,16.42373949579832,16.60537383797366
00-0031408,WR,2022,deployed_recipe+opportunity,17.148070175438598,12.698257197242238
00-0031428,WR,2022,deployed_recipe+opportunity,2.5375,5.264457885554673
00-0031544,WR,2022,deployed_recipe+opportunity,11.553125,12.232148693553363
00-0031547,WR,2022,deployed_recipe+opportunity,5.56923076923077,6.359711487102156
00-0031549,WR,2022,deployed_recipe+opportunity,4.842222222222222,4.6751899074793855
00-0031588,WR,2022,deployed_recipe+opportunity,15.298947368421054,15.633496611531882
00-0031763,WR,2022,deployed_recipe+opportunity,0.908371040723982,5.734581291306142
00-0031941,WR,2022,deployed_recipe+opportunity,3.3156250000000003,1.4934958180667937
00-0032128,WR,2022,deployed_recipe+opportunity,1.511111111111111,-0.09448895585216022
00-0032211,WR,2022,deployed_recipe+opportunity,9.511764705882351,12.485498397670426
00-0032398,WR,2022,deployed_recipe+opportunity,4.553333333333334,6.247974532876775
00-0032464,WR,2022,deployed_recipe+opportunity,5.295475113122173,6.658192845975902
00-0032688,WR,2022,deployed_recipe+opportunity,3.766666666666667,3.5506228741112893
00-0032775,WR,2022,deployed_recipe+opportunity,8.87719298245614,6.038264496722709
00-0033009,WR,2022,deployed_recipe+opportunity,6.868823529411765,8.550056596275352
00-0033040,WR,2022,deployed_recipe+opportunity,17.994117647058825,17.334889075651347
00-0033251,WR,2022,deployed_recipe+opportunity,0.5900000000000001,2.9503431562240863
00-0033282,WR,2022,deployed_recipe+opportunity,7.553676470588234,8.366436066645736
00-0033292,WR,2022,deployed_recipe+opportunity,-0.0133333333333333,1.581400703012441
00-0033307,WR,2022,deployed_recipe+opportunity,8.9625,6.391895580065214
00-0033466,WR,2022,deployed_recipe+opportunity,1.5846153846153848,6.288919078464488
00-0033536,WR,2022,deployed_recipe+opportunity,4.1,11.169113319667773
00-0033555,WR,2022,deployed_recipe+opportunity,4.800833333333333,7.02900719336362
00-0033572,WR,2022,deployed_recipe+opportunity,3.663636363636364,5.05421325799426
00-0033591,WR,2022,deployed_recipe+opportunity,8.540909090909091,6.2353146414612155
00-0033857,WR,2022,deployed_recipe+opportunity,5.083441558441558,9.674352194704344
00-0033891,WR,2022,deployed_recipe+opportunity,5.705555555555556,10.865669850811651
00-0033908,WR,2022,deployed_recipe+opportunity,13.404945054945054,17.668120510570805
00-0033921,WR,2022,deployed_recipe+opportunity,15.940225563909774,13.408542018494828
00-0033943,WR,2022,deployed_recipe+opportunity,6.505263157894737,6.838225483864559
00-0034054,WR,2022,deployed_recipe+opportunity,3.6742857142857144,2.822512287543359
00-0034272,WR,2022,deployed_recipe+opportunity,5.3325,7.424691477633515
00-0034279,WR,2022,deployed_recipe+opportunity,2.24,3.795997825519311
00-0034286,WR,2022,deployed_recipe+opportunity,1.7692307692307692,8.458658733985107
00-0034297,WR,2022,deployed_recipe+opportunity,2.3153846153846156,2.6932363427174923
00-0034348,WR,2022,deployed_recipe+opportunity,13.37904411764706,9.012805114192972
00-0034386,WR,2022,deployed_recipe+opportunity,4.704489164086688,5.033599887279431
00-0034407,WR,2022,deployed_recipe+opportunity,5.294509803921569,4.196967258208139
00-0034418,WR,2022,deployed_recipe+opportunity,5.176858974358974,3.217041623879247
00-0034419,WR,2022,deployed_recipe+opportunity,1.7029411764705882,4.063284210547566
00-0034487,WR,2022,deployed_recipe+opportunity,2.0339285714285715,4.513100929093674
00-0034521,WR,2022,deployed_recipe+opportunity,7.396428571428571,9.476375746541883
00-0034646,WR,2022,deployed_recipe+opportunity,2.4470588235294115,2.5646353204251175
00-0034764,WR,2022,deployed_recipe+opportunity,6.123529411764706,7.1225157273015975
00-0034775,WR,2022,deployed_recipe+opportunity,10.692083333333333,13.174581412476599
00-0034777,WR,2022,deployed_recipe+opportunity,5.635,7.216295404785215
00-0034827,WR,2022,deployed_recipe+opportunity,15.429411764705884,11.267542544265062
00-0034854,WR,2022,deployed_recipe+opportunity,2.514935064935065,3.040010507597964
00-0034860,WR,2022,deployed_recipe+opportunity,4.0,4.61354265736658
00-0034928,WR,2022,deployed_recipe+opportunity,1.5818181818181818,3.3722397071148267
00-0034960,WR,2022,deployed_recipe+opportunity,14.097291666666669,10.88984454770338
00-0034983,WR,2022,deployed_recipe+opportunity,3.4642857142857144,7.022144702717166
00-0035021,WR,2022,deployed_recipe+opportunity,1.4769230769230768,3.55393792388918
00-0035140,WR,2022,deployed_recipe+opportunity,3.503333333333334,8.499786395106142
00-0035208,WR,2022,deployed_recipe+opportunity,5.028289473684211,6.80249058077737
00-0035215,WR,2022,deployed_recipe+opportunity,1.325,0.93396094340787
00-0035216,WR,2022,deployed_recipe+opportunity,9.786309523809525,10.541732407738444
00-0035298,WR,2022,deployed_recipe+opportunity,2.768939393939394,3.4757321230769995
00-0035341,WR,2022,deployed_recipe+opportunity,2.9833333333333334,4.104739580764585
00-0035406,WR,2022,deployed_recipe+opportunity,4.441883116883117,0.9994463638767297
00-0035500,WR,2022,deployed_recipe+opportunity,4.671507352941177,7.091106777555132
00-0035535,WR,2022,deployed_recipe+opportunity,7.8786764705882355,8.170203986547047
00-0035639,WR,2022,deployed_recipe+opportunity,3.395,8.19959218388751
00-0035640,WR,2022,deployed_recipe+opportunity,13.417083333333334,13.253995741214833
00-0035645,WR,2022,deployed_recipe+opportunity,0.4166666666666667,1.3498239153276161
00-0035659,WR,2022,deployed_recipe+opportunity,14.038970588235294,11.605845245783748
00-0035662,WR,2022,deployed_recipe+opportunity,7.990769230769232,11.406040220051825
00-0035676,WR,2022,deployed_recipe+opportunity,16.08235294117647,15.19023677983009
00-0035703,WR,2022,deployed_recipe+opportunity,0.5875,1.3058132672553628
00-0035719,WR,2022,deployed_recipe+opportunity,12.764444444444443,12.60118030315186
00-0036133,WR,2022,deployed_recipe+opportunity,0.2833333333333333,1.5442736553033432
00-0036165,WR,2022,deployed_recipe+opportunity,4.285714285714286,9.754205880449742
00-0036182,WR,2022,deployed_recipe+opportunity,8.11565934065934,5.131533746223585
00-0036196,WR,2022,deployed_recipe+opportunity,7.73875,11.173132191942411
00-0036233,WR,2022,deployed_recipe+opportunity,1.6764705882352942,9.274599649725232
00-0036252,WR,2022,deployed_recipe+opportunity,13.0625,11.94211925837342
00-0036259,WR,2022,deployed_recipe+opportunity,9.621041666666668,6.378412354953811
00-0036261,WR,2022,deployed_recipe+opportunity,11.801879699248122,11.607941258793794
00-0036268,WR,2022,deployed_recipe+opportunity,2.07875,6.222658788433275
00-0036271,WR,2022,deployed_recipe+opportunity,6.566666666666666,6.008176778499256
00-0036309,WR,2022,deployed_recipe+opportunity,8.855357142857144,8.573181498176844
00-0036322,WR,2022,deployed_recipe+opportunity,19.22888888888889,18.908402283882964
00-0036326,WR,2022,deployed_recipe+opportunity,1.9727272727272729,7.252870901660485
00-0036331,WR,2022,deployed_recipe+opportunity,0.981794871794872,7.035900082178068
00-0036345,WR,2022,deployed_recipe+opportunity,5.335714285714285,8.827822729461978
00-0036358,WR,2022,deployed_recipe+opportunity,20.549444444444447,16.290987476241103
00-0036387,WR,2022,deployed_recipe+opportunity,2.6333333333333333,3.908656815469186
00-0036407,WR,2022,deployed_recipe+opportunity,11.51654411764706,12.183377135063772
00-0036410,WR,2022,deployed_recipe+opportunity,14.9875,13.929299991514064
00-0036415,WR,2022,deployed_recipe+opportunity,3.828125,6.309253218591079
00-0036497,WR,2022,deployed_recipe+opportunity,1.40875,1.896728235510945
00-0036527,WR,2022,deployed_recipe+opportunity,1.9625,0.7865392914499321
00-0036550,WR,2022,deployed_recipe+opportunity,8.088235294117649,7.6664118244017105
00-0036554,WR,2022,deployed_recipe+opportunity,17.542226890756304,8.287919183229526
00-0036613,WR,2022,deployed_recipe+opportunity,11.806666666666668,14.24435100178846
00-0036620,WR,2022,deployed_recipe+opportunity,0.8025,1.6371756943778868
00-0036626,WR,2022,deployed_recipe+opportunity,4.100833333333333,3.8156141712163287
00-0036630,WR,2022,deployed_recipe+opportunity,2.2142857142857144,1.1375777289709805
00-0036635,WR,2022,deployed_recipe+opportunity,1.1558823529411766,0.5550893620831694
00-0036849,WR,2022,deployed_recipe+opportunity,7.284791666666667,5.025272564719886
00-0036862,WR,2022,deployed_recipe+opportunity,1.4164285714285714,5.501890184105839
00-0036877,WR,2022,deployed_recipe+opportunity,0.1454545454545454,1.9154363852959695
00-0036900,WR,2022,deployed_recipe+opportunity,20.062941176470588,17.34340465323032
00-0036912,WR,2022,deployed_recipe+opportunity,14.43529411764706,13.832311510077037
00-0036913,WR,2022,deployed_recipe+opportunity,4.076923076923077,7.055364343142748
00-0036936,WR,2022,deployed_recipe+opportunity,6.176470588235294,9.531912163285185
00-0036955,WR,2022,deployed_recipe+opportunity,2.7662500000000003,6.101707135856353
00-0036963,WR,2022,deployed_recipe+opportunity,19.5566081871345,15.184070283404754
00-0036980,WR,2022,deployed_recipe+opportunity,7.53529411764706,7.723377314192758
00-0036988,WR,2022,deployed_recipe+opportunity,8.915,9.901281744933677
00-0037093,WR,2022,deployed_recipe+opportunity,0.0,2.209344407565407
00-0037098,WR,2022,deployed_recipe+opportunity,2.225,4.117861793402884
00-0037132,WR,2022,deployed_recipe+opportunity,1.29625,3.277787671197268
00-0037238,WR,2022,deployed_recipe+opportunity,13.708198529411764,11.234699455351805
00-0037239,WR,2022,deployed_recipe+opportunity,12.021875,12.723991603812916
00-0037240,WR,2022,deployed_recipe+opportunity,10.7175,3.686753002668386
00-0037247,WR,2022,deployed_recipe+opportunity,12.200555555555557,10.13007387972086
00-0037257,WR,2022,deployed_recipe+opportunity,6.21,5.145870705246565
00-0037261,WR,2022,deployed_recipe+opportunity,10.01388888888889,5.564202033895967
00-0037272,WR,2022,deployed_recipe+opportunity,0.0,3.014808081197021
00-0037273,WR,2022,deployed_recipe+opportunity,4.1375,3.9922532262981147
00-0037291,WR,2022,deployed_recipe+opportunity,6.956250000000001,6.222384335399223
00-0037300,WR,2022,deployed_recipe+opportunity,2.7,2.6250456564013014
00-0037382,WR,2022,deployed_recipe+opportunity,7.340000000000001,3.061971687292872
00-0037487,WR,2022,deployed_recipe+opportunity,1.6515789473684213,2.579720027750529
00-0037545,WR,2022,deployed_recipe+opportunity,12.07,8.208933687377616
00-0037664,WR,2022,deployed_recipe+opportunity,7.849632352941176,7.937359665375538
00-0037740,WR,2022,deployed_recipe+opportunity,13.679411764705884,12.236064351294651
00-0037741,WR,2022,deployed_recipe+opportunity,5.426838235294118,9.995672348478159
00-0037742,WR,2022,deployed_recipe+opportunity,2.966666666666667,8.362369556032181
00-0037745,WR,2022,deployed_recipe+opportunity,0.8538461538461538,4.251194460277293
00-0037801,WR,2022,deployed_recipe+opportunity,4.820588235294117,3.032749401831258
00-0037816,WR,2022,deployed_recipe+opportunity,10.462030075187972,8.418953392949728
00-0038090,WR,2022,deployed_recipe+opportunity,4.130769230769231,6.178791413969253
00-0038104,WR,2022,deployed_recipe+opportunity,2.598611111111111,6.462662349886832
00-0038117,WR,2022,deployed_recipe+opportunity,9.813529411764703,7.779578326740494
00-0038124,WR,2022,deployed_recipe+opportunity,8.547077922077921,10.928699770275529
00-0026293,WR,2022,exploratory:recent_production_3col+xfp,0.0,-1.0080923793487955
00-0027944,WR,2022,exploratory:recent_production_3col+xfp,4.622222222222222,5.3597625750867195
00-0028002,WR,2022,exploratory:recent_production_3col+xfp,1.8777777777777775,4.518210247510705
00-0029293,WR,2022,exploratory:recent_production_3col+xfp,1.625,6.129787631564588
00-0030035,WR,2022,exploratory:recent_production_3col+xfp,13.769117647058824,8.349117052747367
00-0030068,WR,2022,exploratory:recent_production_3col+xfp,1.2727272727272727,4.942476041705328
00-0030279,WR,2022,exploratory:recent_production_3col+xfp,16.87205128205128,11.643017031722483
00-0030431,WR,2022,exploratory:recent_production_3col+xfp,4.234375,6.167632482089591
00-0030564,WR,2022,exploratory:recent_production_3col+xfp,10.810681114551084,11.904584447887864
00-0031236,WR,2022,exploratory:recent_production_3col+xfp,8.906470588235294,8.777110693558274
00-0031381,WR,2022,exploratory:recent_production_3col+xfp,16.42373949579832,15.280543989896518
00-0031408,WR,2022,exploratory:recent_production_3col+xfp,17.148070175438598,12.02472452808471
00-0031428,WR,2022,exploratory:recent_production_3col+xfp,2.5375,6.385817551249349
00-0031544,WR,2022,exploratory:recent_production_3col+xfp,11.553125,11.99047833896083
00-0031547,WR,2022,exploratory:recent_production_3col+xfp,5.56923076923077,6.694834559863701
00-0031549,WR,2022,exploratory:recent_production_3col+xfp,4.842222222222222,4.805210457395502
00-0031588,WR,2022,exploratory:recent_production_3col+xfp,15.298947368421054,15.171978019801792
00-0031763,WR,2022,exploratory:recent_production_3col+xfp,0.908371040723982,6.302967983979426
00-0031941,WR,2022,exploratory:recent_production_3col+xfp,3.3156250000000003,1.4784225669950555
00-0032128,WR,2022,exploratory:recent_production_3col+xfp,1.511111111111111,0.5715656361128296
00-0032211,WR,2022,exploratory:recent_production_3col+xfp,9.511764705882351,11.593832314526715
00-0032398,WR,2022,exploratory:recent_production_3col+xfp,4.553333333333334,6.592240233125203
00-0032464,WR,2022,exploratory:recent_production_3col+xfp,5.295475113122173,6.5352989771190595
00-0032688,WR,2022,exploratory:recent_production_3col+xfp,3.766666666666667,3.7624979122240387
00-0032775,WR,2022,exploratory:recent_production_3col+xfp,8.87719298245614,6.614718675050143
00-0033009,WR,2022,exploratory:recent_production_3col+xfp,6.868823529411765,8.83053328517173
00-0033040,WR,2022,exploratory:recent_production_3col+xfp,17.994117647058825,16.01725406391527
00-0033251,WR,2022,exploratory:recent_production_3col+xfp,0.5900000000000001,3.458773123285278
00-0033282,WR,2022,exploratory:recent_production_3col+xfp,7.553676470588234,9.585907580382495
00-0033292,WR,2022,exploratory:recent_production_3col+xfp,-0.0133333333333333,2.5504212578532854
00-0033307,WR,2022,exploratory:recent_production_3col+xfp,8.9625,5.7043522344163415
00-0033466,WR,2022,exploratory:recent_production_3col+xfp,1.5846153846153848,7.263011386613529
00-0033536,WR,2022,exploratory:recent_production_3col+xfp,4.1,10.708770498545944
00-0033555,WR,2022,exploratory:recent_production_3col+xfp,4.800833333333333,7.937888525982379
00-0033572,WR,2022,exploratory:recent_production_3col+xfp,3.663636363636364,4.971163728176595
00-0033591,WR,2022,exploratory:recent_production_3col+xfp,8.540909090909091,7.236432231744252
00-0033857,WR,2022,exploratory:recent_production_3col+xfp,5.083441558441558,10.184586053671602
00-0033891,WR,2022,exploratory:recent_production_3col+xfp,5.705555555555556,11.363444281726466
00-0033908,WR,2022,exploratory:recent_production_3col+xfp,13.404945054945054,16.003680686099
00-0033921,WR,2022,exploratory:recent_production_3col+xfp,15.940225563909774,12.81194991939362
00-0033943,WR,2022,exploratory:recent_production_3col+xfp,6.505263157894737,7.32725301741044
00-0034054,WR,2022,exploratory:recent_production_3col+xfp,3.6742857142857144,2.824535230058912
00-0034272,WR,2022,exploratory:recent_production_3col+xfp,5.3325,7.702428670686706
00-0034279,WR,2022,exploratory:recent_production_3col+xfp,2.24,4.902590171750312
00-0034286,WR,2022,exploratory:recent_production_3col+xfp,1.7692307692307692,8.327123598290623
00-0034297,WR,2022,exploratory:recent_production_3col+xfp,2.3153846153846156,2.788771934134977
00-0034348,WR,2022,exploratory:recent_production_3col+xfp,13.37904411764706,9.242122776717405
00-0034386,WR,2022,exploratory:recent_production_3col+xfp,4.704489164086688,4.964029250517839
00-0034407,WR,2022,exploratory:recent_production_3col+xfp,5.294509803921569,4.749483781139622
00-0034418,WR,2022,exploratory:recent_production_3col+xfp,5.176858974358974,2.91593464285701
00-0034419,WR,2022,exploratory:recent_production_3col+xfp,1.7029411764705882,4.365497165101227
00-0034487,WR,2022,exploratory:recent_production_3col+xfp,2.0339285714285715,5.720351329789951
00-0034521,WR,2022,exploratory:recent_production_3col+xfp,7.396428571428571,9.94779464984468
00-0034646,WR,2022,exploratory:recent_production_3col+xfp,2.4470588235294115,3.963827974721104
00-0034764,WR,2022,exploratory:recent_production_3col+xfp,6.123529411764706,7.4776241459324435
00-0034775,WR,2022,exploratory:recent_production_3col+xfp,10.692083333333333,13.181723078258376
00-0034777,WR,2022,exploratory:recent_production_3col+xfp,5.635,7.572240947386202
00-0034827,WR,2022,exploratory:recent_production_3col+xfp,15.429411764705884,10.822138666419626
00-0034854,WR,2022,exploratory:recent_production_3col+xfp,2.514935064935065,3.524666542256235
00-0034860,WR,2022,exploratory:recent_production_3col+xfp,4.0,4.677494452670556
00-0034928,WR,2022,exploratory:recent_production_3col+xfp,1.5818181818181818,3.4973855456098244
00-0034960,WR,2022,exploratory:recent_production_3col+xfp,14.097291666666669,10.970763684124906
00-0034983,WR,2022,exploratory:recent_production_3col+xfp,3.4642857142857144,6.418089547041918
00-0035021,WR,2022,exploratory:recent_production_3col+xfp,1.4769230769230768,4.306319219977998
00-0035140,WR,2022,exploratory:recent_production_3col+xfp,3.503333333333334,9.040016767728684
00-0035208,WR,2022,exploratory:recent_production_3col+xfp,5.028289473684211,7.169856446224655
00-0035215,WR,2022,exploratory:recent_production_3col+xfp,1.325,0.8610831570598805
00-0035216,WR,2022,exploratory:recent_production_3col+xfp,9.786309523809525,9.864993879440519
00-0035298,WR,2022,exploratory:recent_production_3col+xfp,2.768939393939394,4.190115458484879
00-0035341,WR,2022,exploratory:recent_production_3col+xfp,2.9833333333333334,5.259568132642366
00-0035406,WR,2022,exploratory:recent_production_3col+xfp,4.441883116883117,1.2543509714342038
00-0035500,WR,2022,exploratory:recent_production_3col+xfp,4.671507352941177,7.645470525170887
00-0035535,WR,2022,exploratory:recent_production_3col+xfp,7.8786764705882355,8.910731048409374
00-0035639,WR,2022,exploratory:recent_production_3col+xfp,3.395,8.685397657135315
00-0035640,WR,2022,exploratory:recent_production_3col+xfp,13.417083333333334,13.054630516254168
00-0035645,WR,2022,exploratory:recent_production_3col+xfp,0.4166666666666667,2.535477488307161
00-0035659,WR,2022,exploratory:recent_production_3col+xfp,14.038970588235294,11.512393873741008
00-0035662,WR,2022,exploratory:recent_production_3col+xfp,7.990769230769232,10.954338045592202
00-0035676,WR,2022,exploratory:recent_production_3col+xfp,16.08235294117647,14.801534021510328
00-0035703,WR,2022,exploratory:recent_production_3col+xfp,0.5875,1.2498395222357646
00-0035719,WR,2022,exploratory:recent_production_3col+xfp,12.764444444444443,11.434404296914682
00-0036133,WR,2022,exploratory:recent_production_3col+xfp,0.2833333333333333,2.115690412211348
00-0036165,WR,2022,exploratory:recent_production_3col+xfp,4.285714285714286,9.814169493709906
00-0036182,WR,2022,exploratory:recent_production_3col+xfp,8.11565934065934,5.964846121704368
00-0036196,WR,2022,exploratory:recent_production_3col+xfp,7.73875,11.378762144758754
00-0036233,WR,2022,exploratory:recent_production_3col+xfp,1.6764705882352942,9.92320634932241
00-0036252,WR,2022,exploratory:recent_production_3col+xfp,13.0625,11.959883616127666
00-0036259,WR,2022,exploratory:recent_production_3col+xfp,9.621041666666668,6.326807448945904
00-0036261,WR,2022,exploratory:recent_production_3col+xfp,11.801879699248122,11.895091547358774
00-0036268,WR,2022,exploratory:recent_production_3col+xfp,2.07875,5.972241319650313
00-0036271,WR,2022,exploratory:recent_production_3col+xfp,6.566666666666666,6.2722157258825675
00-0036309,WR,2022,exploratory:recent_production_3col+xfp,8.855357142857144,8.038559566906603
00-0036322,WR,2022,exploratory:recent_production_3col+xfp,19.22888888888889,18.148146267163593
00-0036326,WR,2022,exploratory:recent_production_3col+xfp,1.9727272727272729,7.409175458484323
00-0036331,WR,2022,exploratory:recent_production_3col+xfp,0.981794871794872,7.790837511193301
00-0036345,WR,2022,exploratory:recent_production_3col+xfp,5.335714285714285,9.172263896338691
00-0036358,WR,2022,exploratory:recent_production_3col+xfp,20.549444444444447,16.042416965050794
00-0036387,WR,2022,exploratory:recent_production_3col+xfp,2.6333333333333333,4.181928061788506
00-0036407,WR,2022,exploratory:recent_production_3col+xfp,11.51654411764706,12.265604886231344
00-0036410,WR,2022,exploratory:recent_production_3col+xfp,14.9875,13.66730407189306
00-0036415,WR,2022,exploratory:recent_production_3col+xfp,3.828125,6.657956272000668
00-0036497,WR,2022,exploratory:recent_production_3col+xfp,1.40875,1.7263734925367524
00-0036527,WR,2022,exploratory:recent_production_3col+xfp,1.9625,0.8266703164773723
00-0036550,WR,2022,exploratory:recent_production_3col+xfp,8.088235294117649,7.4660426049022846
00-0036554,WR,2022,exploratory:recent_production_3col+xfp,17.542226890756304,8.745647690054026
00-0036613,WR,2022,exploratory:recent_production_3col+xfp,11.806666666666668,13.398063256725337
00-0036620,WR,2022,exploratory:recent_production_3col+xfp,0.8025,2.2313286326529087
00-0036626,WR,2022,exploratory:recent_production_3col+xfp,4.100833333333333,4.190194214159041
00-0036630,WR,2022,exploratory:recent_production_3col+xfp,2.2142857142857144,2.014725040334739
00-0036635,WR,2022,exploratory:recent_production_3col+xfp,1.1558823529411766,0.8877703078633417
00-0036849,WR,2022,exploratory:recent_production_3col+xfp,7.284791666666667,5.885920978392385
00-0036862,WR,2022,exploratory:recent_production_3col+xfp,1.4164285714285714,6.264728742254948
00-0036877,WR,2022,exploratory:recent_production_3col+xfp,0.1454545454545454,2.6859864139971563
00-0036900,WR,2022,exploratory:recent_production_3col+xfp,20.062941176470588,16.974751699921743
00-0036912,WR,2022,exploratory:recent_production_3col+xfp,14.43529411764706,13.791783399748201
00-0036913,WR,2022,exploratory:recent_production_3col+xfp,4.076923076923077,6.758199168874125
00-0036936,WR,2022,exploratory:recent_production_3col+xfp,6.176470588235294,9.54940612036842
00-0036955,WR,2022,exploratory:recent_production_3col+xfp,2.7662500000000003,7.075724902720391
00-0036963,WR,2022,exploratory:recent_production_3col+xfp,19.5566081871345,14.706348244139264
00-0036980,WR,2022,exploratory:recent_production_3col+xfp,7.53529411764706,7.228543504578559
00-0036988,WR,2022,exploratory:recent_production_3col+xfp,8.915,10.29727764104732
00-0037093,WR,2022,exploratory:recent_production_3col+xfp,0.0,1.9295025024861343
00-0037098,WR,2022,exploratory:recent_production_3col+xfp,2.225,3.941824918320422
00-0037132,WR,2022,exploratory:recent_production_3col+xfp,1.29625,3.9961240951194847
00-0037238,WR,2022,exploratory:recent_production_3col+xfp,13.708198529411764,10.986027975970844
00-0037239,WR,2022,exploratory:recent_production_3col+xfp,12.021875,12.290686994480662
00-0037240,WR,2022,exploratory:recent_production_3col+xfp,10.7175,3.4285054899033116
00-0037247,WR,2022,exploratory:recent_production_3col+xfp,12.200555555555557,10.399580999702513
00-0037257,WR,2022,exploratory:recent_production_3col+xfp,6.21,5.030268538737233
00-0037261,WR,2022,exploratory:recent_production_3col+xfp,10.01388888888889,5.227913121099135
00-0037272,WR,2022,exploratory:recent_production_3col+xfp,0.0,2.97424332259969
00-0037273,WR,2022,exploratory:recent_production_3col+xfp,4.1375,3.621144251646151
00-0037291,WR,2022,exploratory:recent_production_3col+xfp,6.956250000000001,4.3399960949244365
00-0037300,WR,2022,exploratory:recent_production_3col+xfp,2.7,2.4839304177255563
00-0037382,WR,2022,exploratory:recent_production_3col+xfp,7.340000000000001,3.037249673967097
00-0037487,WR,2022,exploratory:recent_production_3col+xfp,1.6515789473684213,2.4187007511662086
00-0037545,WR,2022,exploratory:recent_production_3col+xfp,12.07,7.740976924343132
00-0037664,WR,2022,exploratory:recent_production_3col+xfp,7.849632352941176,8.061280784642923
00-0037740,WR,2022,exploratory:recent_production_3col+xfp,13.679411764705884,12.280430232279205
00-0037741,WR,2022,exploratory:recent_production_3col+xfp,5.426838235294118,10.066092943748213
00-0037742,WR,2022,exploratory:recent_production_3col+xfp,2.966666666666667,7.913389020084485
00-0037745,WR,2022,exploratory:recent_production_3col+xfp,0.8538461538461538,3.8847843250195115
00-0037801,WR,2022,exploratory:recent_production_3col+xfp,4.820588235294117,2.7318216874241257
00-0037816,WR,2022,exploratory:recent_production_3col+xfp,10.462030075187972,8.133742719080304
00-0038090,WR,2022,exploratory:recent_production_3col+xfp,4.130769230769231,5.853942673971784
00-0038104,WR,2022,exploratory:recent_production_3col+xfp,2.598611111111111,6.34964175690759
00-0038117,WR,2022,exploratory:recent_production_3col+xfp,9.813529411764703,7.726369107394855
00-0038124,WR,2022,exploratory:recent_production_3col+xfp,8.547077922077921,10.760049381179305
00-0026293,WR,2022,exploratory:deployed_recipe+xfp,0.0,-1.8300085700854005
00-0027944,WR,2022,exploratory:deployed_recipe+xfp,4.622222222222222,5.13671027276762
00-0028002,WR,2022,exploratory:deployed_recipe+xfp,1.8777777777777775,4.4689387239003
00-0029293,WR,2022,exploratory:deployed_recipe+xfp,1.625,5.829722824479823
00-0030035,WR,2022,exploratory:deployed_recipe+xfp,13.769117647058824,8.76445195838281
00-0030068,WR,2022,exploratory:deployed_recipe+xfp,1.2727272727272727,4.3619568512355595
00-0030279,WR,2022,exploratory:deployed_recipe+xfp,16.87205128205128,12.397765006341512
00-0030431,WR,2022,exploratory:deployed_recipe+xfp,4.234375,6.884607356782159
00-0030564,WR,2022,exploratory:deployed_recipe+xfp,10.810681114551084,12.265052497976587
00-0031236,WR,2022,exploratory:deployed_recipe+xfp,8.906470588235294,9.331839537098649
00-0031381,WR,2022,exploratory:deployed_recipe+xfp,16.42373949579832,16.547603478724504
00-0031408,WR,2022,exploratory:deployed_recipe+xfp,17.148070175438598,12.594763540072105
00-0031428,WR,2022,exploratory:deployed_recipe+xfp,2.5375,5.314521796188716
00-0031544,WR,2022,exploratory:deployed_recipe+xfp,11.553125,12.16013349937301
00-0031547,WR,2022,exploratory:deployed_recipe+xfp,5.56923076923077,6.289628259064248
00-0031549,WR,2022,exploratory:deployed_recipe+xfp,4.842222222222222,4.577583799317253
00-0031588,WR,2022,exploratory:deployed_recipe+xfp,15.298947368421054,15.600853443546278
00-0031763,WR,2022,exploratory:deployed_recipe+xfp,0.908371040723982,5.738643252847838
00-0031941,WR,2022,exploratory:deployed_recipe+xfp,3.3156250000000003,1.4343691356589205
00-0032128,WR,2022,exploratory:deployed_recipe+xfp,1.511111111111111,-0.18271527284879285
00-0032211,WR,2022,exploratory:deployed_recipe+xfp,9.511764705882351,12.380251750370707
00-0032398,WR,2022,exploratory:deployed_recipe+xfp,4.553333333333334,6.224592808649502
00-0032464,WR,2022,exploratory:deployed_recipe+xfp,5.295475113122173,6.630053576129557
00-0032688,WR,2022,exploratory:deployed_recipe+xfp,3.766666666666667,3.441455473757726
00-0032775,WR,2022,exploratory:deployed_recipe+xfp,8.87719298245614,6.013216104882121
00-0033009,WR,2022,exploratory:deployed_recipe+xfp,6.868823529411765,8.535304933209268
00-0033040,WR,2022,exploratory:deployed_recipe+xfp,17.994117647058825,17.27150338471153
00-0033251,WR,2022,exploratory:deployed_recipe+xfp,0.5900000000000001,2.9108947813608905
00-0033282,WR,2022,exploratory:deployed_recipe+xfp,7.553676470588234,8.531542371842722
00-0033292,WR,2022,exploratory:deployed_recipe+xfp,-0.0133333333333333,1.5620290407441784
00-0033307,WR,2022,exploratory:deployed_recipe+xfp,8.9625,6.338881474265225
00-0033466,WR,2022,exploratory:deployed_recipe+xfp,1.5846153846153848,6.33868131845322
00-0033536,WR,2022,exploratory:deployed_recipe+xfp,4.1,11.130368477832494
00-0033555,WR,2022,exploratory:deployed_recipe+xfp,4.800833333333333,6.987370133089658
00-0033572,WR,2022,exploratory:deployed_recipe+xfp,3.663636363636364,5.1118489129001885
00-0033591,WR,2022,exploratory:deployed_recipe+xfp,8.540909090909091,6.24465412721944
00-0033857,WR,2022,exploratory:deployed_recipe+xfp,5.083441558441558,9.689319964005172
00-0033891,WR,2022,exploratory:deployed_recipe+xfp,5.705555555555556,10.904288566780046
00-0033908,WR,2022,exploratory:deployed_recipe+xfp,13.404945054945054,17.823018154533766
00-0033921,WR,2022,exploratory:deployed_recipe+xfp,15.940225563909774,13.537725409067118
00-0033943,WR,2022,exploratory:deployed_recipe+xfp,6.505263157894737,6.8407844679826795
00-0034054,WR,2022,exploratory:deployed_recipe+xfp,3.6742857142857144,2.8106492914872963
00-0034272,WR,2022,exploratory:deployed_recipe+xfp,5.3325,7.352959488067541
00-0034279,WR,2022,exploratory:deployed_recipe+xfp,2.24,3.761569389344875
00-0034286,WR,2022,exploratory:deployed_recipe+xfp,1.7692307692307692,8.446768264107927
00-0034297,WR,2022,exploratory:deployed_recipe+xfp,2.3153846153846156,2.616923474227979
00-0034348,WR,2022,exploratory:deployed_recipe+xfp,13.37904411764706,8.96873307151348
00-0034386,WR,2022,exploratory:deployed_recipe+xfp,4.704489164086688,4.972346574642117
00-0034407,WR,2022,exploratory:deployed_recipe+xfp,5.294509803921569,4.168572727136157
00-0034418,WR,2022,exploratory:deployed_recipe+xfp,5.176858974358974,3.170851337423678
00-0034419,WR,2022,exploratory:deployed_recipe+xfp,1.7029411764705882,4.07879427222642
00-0034487,WR,2022,exploratory:deployed_recipe+xfp,2.0339285714285715,4.49048693029717
00-0034521,WR,2022,exploratory:deployed_recipe+xfp,7.396428571428571,9.45711079391705
00-0034646,WR,2022,exploratory:deployed_recipe+xfp,2.4470588235294115,2.6767745488806036
00-0034764,WR,2022,exploratory:deployed_recipe+xfp,6.123529411764706,7.120341939085098
00-0034775,WR,2022,exploratory:deployed_recipe+xfp,10.692083333333333,13.220394279602079
00-0034777,WR,2022,exploratory:deployed_recipe+xfp,5.635,7.162237488546364
00-0034827,WR,2022,exploratory:deployed_recipe+xfp,15.429411764705884,11.229012439937424
00-0034854,WR,2022,exploratory:deployed_recipe+xfp,2.514935064935065,2.9898915157892407
00-0034860,WR,2022,exploratory:deployed_recipe+xfp,4.0,4.584600543956011
00-0034928,WR,2022,exploratory:deployed_recipe+xfp,1.5818181818181818,3.443786470563239
00-0034960,WR,2022,exploratory:deployed_recipe+xfp,14.097291666666669,10.892764050788948
00-0034983,WR,2022,exploratory:deployed_recipe+xfp,3.4642857142857144,7.0245633015518205
00-0035021,WR,2022,exploratory:deployed_recipe+xfp,1.4769230769230768,3.544194751965891
00-0035140,WR,2022,exploratory:deployed_recipe+xfp,3.503333333333334,8.604890771160797
00-0035208,WR,2022,exploratory:deployed_recipe+xfp,5.028289473684211,6.74512944518113
00-0035215,WR,2022,exploratory:deployed_recipe+xfp,1.325,0.8918800688834958
00-0035216,WR,2022,exploratory:deployed_recipe+xfp,9.786309523809525,10.532618399507818
00-0035298,WR,2022,exploratory:deployed_recipe+xfp,2.768939393939394,3.4316453763287162
00-0035341,WR,2022,exploratory:deployed_recipe+xfp,2.9833333333333334,4.0913757216037325
00-0035406,WR,2022,exploratory:deployed_recipe+xfp,4.441883116883117,0.9705492302029799
00-0035500,WR,2022,exploratory:deployed_recipe+xfp,4.671507352941177,7.117558766415893
00-0035535,WR,2022,exploratory:deployed_recipe+xfp,7.8786764705882355,8.12282978358745
00-0035639,WR,2022,exploratory:deployed_recipe+xfp,3.395,8.217967095236556
00-0035640,WR,2022,exploratory:deployed_recipe+xfp,13.417083333333334,13.262421661772798
00-0035645,WR,2022,exploratory:deployed_recipe+xfp,0.4166666666666667,1.35093201215208
00-0035659,WR,2022,exploratory:deployed_recipe+xfp,14.038970588235294,11.528236879450976
00-0035662,WR,2022,exploratory:deployed_recipe+xfp,7.990769230769232,11.363084185991909
00-0035676,WR,2022,exploratory:deployed_recipe+xfp,16.08235294117647,15.145404137247215
00-0035703,WR,2022,exploratory:deployed_recipe+xfp,0.5875,1.2487305803845568
00-0035719,WR,2022,exploratory:deployed_recipe+xfp,12.764444444444443,12.97140281305041
00-0036133,WR,2022,exploratory:deployed_recipe+xfp,0.2833333333333333,1.5166118051062232
00-0036165,WR,2022,exploratory:deployed_recipe+xfp,4.285714285714286,9.765741180913889
00-0036182,WR,2022,exploratory:deployed_recipe+xfp,8.11565934065934,5.106685379104518
00-0036196,WR,2022,exploratory:deployed_recipe+xfp,7.73875,11.118363997588503
00-0036233,WR,2022,exploratory:deployed_recipe+xfp,1.6764705882352942,9.24524585410721
00-0036252,WR,2022,exploratory:deployed_recipe+xfp,13.0625,12.044328917326848
00-0036259,WR,2022,exploratory:deployed_recipe+xfp,9.621041666666668,6.33660116797194
00-0036261,WR,2022,exploratory:deployed_recipe+xfp,11.801879699248122,11.593644646984838
00-0036268,WR,2022,exploratory:deployed_recipe+xfp,2.07875,6.29497380450326
00-0036271,WR,2022,exploratory:deployed_recipe+xfp,6.566666666666666,5.969495602485706
00-0036309,WR,2022,exploratory:deployed_recipe+xfp,8.855357142857144,8.503087947903111
00-0036322,WR,2022,exploratory:deployed_recipe+xfp,19.22888888888889,18.963000026606448
00-0036326,WR,2022,exploratory:deployed_recipe+xfp,1.9727272727272729,7.2634290975216
00-0036331,WR,2022,exploratory:deployed_recipe+xfp,0.981794871794872,7.0746080689522906
00-0036345,WR,2022,exploratory:deployed_recipe+xfp,5.335714285714285,8.860932886558764
00-0036358,WR,2022,exploratory:deployed_recipe+xfp,20.549444444444447,16.34711857135643
00-0036387,WR,2022,exploratory:deployed_recipe+xfp,2.6333333333333333,3.8843182612668596
00-0036407,WR,2022,exploratory:deployed_recipe+xfp,11.51654411764706,12.117653864587322
00-0036410,WR,2022,exploratory:deployed_recipe+xfp,14.9875,13.896120970084958
00-0036415,WR,2022,exploratory:deployed_recipe+xfp,3.828125,6.221921470307129
00-0036497,WR,2022,exploratory:deployed_recipe+xfp,1.40875,1.871394674425173
00-0036527,WR,2022,exploratory:deployed_recipe+xfp,1.9625,0.8289613908186069
00-0036550,WR,2022,exploratory:deployed_recipe+xfp,8.088235294117649,7.618531251378367
00-0036554,WR,2022,exploratory:deployed_recipe+xfp,17.542226890756304,8.26161867931128
00-0036613,WR,2022,exploratory:deployed_recipe+xfp,11.806666666666668,14.200390267027938
00-0036620,WR,2022,exploratory:deployed_recipe+xfp,0.8025,1.6485247984890732
00-0036626,WR,2022,exploratory:deployed_recipe+xfp,4.100833333333333,3.7035680724315396
00-0036630,WR,2022,exploratory:deployed_recipe+xfp,2.2142857142857144,1.0950556384856505
00-0036635,WR,2022,exploratory:deployed_recipe+xfp,1.1558823529411766,0.5428267557591786
00-0036849,WR,2022,exploratory:deployed_recipe+xfp,7.284791666666667,4.9969202874515135
00-0036862,WR,2022,exploratory:deployed_recipe+xfp,1.4164285714285714,5.489939109088547
00-0036877,WR,2022,exploratory:deployed_recipe+xfp,0.1454545454545454,1.8785190258311104
00-0036900,WR,2022,exploratory:deployed_recipe+xfp,20.062941176470588,17.485479614510744
00-0036912,WR,2022,exploratory:deployed_recipe+xfp,14.43529411764706,13.862219811797523
00-0036913,WR,2022,exploratory:deployed_recipe+xfp,4.076923076923077,7.150160145234206
00-0036936,WR,2022,exploratory:deployed_recipe+xfp,6.176470588235294,9.642809941859662
00-0036955,WR,2022,exploratory:deployed_recipe+xfp,2.7662500000000003,6.073734820621902
00-0036963,WR,2022,exploratory:deployed_recipe+xfp,19.5566081871345,15.361921469475636
00-0036980,WR,2022,exploratory:deployed_recipe+xfp,7.53529411764706,7.695288276536776
00-0036988,WR,2022,exploratory:deployed_recipe+xfp,8.915,9.922493478112843
00-0037093,WR,2022,exploratory:deployed_recipe+xfp,0.0,2.1805516662148214
00-0037098,WR,2022,exploratory:deployed_recipe+xfp,2.225,4.030822035215435
00-0037132,WR,2022,exploratory:deployed_recipe+xfp,1.29625,3.953242310393561
00-0037238,WR,2022,exploratory:deployed_recipe+xfp,13.708198529411764,11.255298223258183
00-0037239,WR,2022,exploratory:deployed_recipe+xfp,12.021875,12.596468829653297
00-0037240,WR,2022,exploratory:deployed_recipe+xfp,10.7175,3.6707430315314618
00-0037247,WR,2022,exploratory:deployed_recipe+xfp,12.200555555555557,10.072864693434596
00-0037257,WR,2022,exploratory:deployed_recipe+xfp,6.21,5.130976718696013
00-0037261,WR,2022,exploratory:deployed_recipe+xfp,10.01388888888889,5.532130089067233
00-0037272,WR,2022,exploratory:deployed_recipe+xfp,0.0,2.999430060588703
00-0037273,WR,2022,exploratory:deployed_recipe+xfp,4.1375,3.981916726900685
00-0037291,WR,2022,exploratory:deployed_recipe+xfp,6.956250000000001,6.170537977467844
00-0037300,WR,2022,exploratory:deployed_recipe+xfp,2.7,2.5961219854235096
00-0037382,WR,2022,exploratory:deployed_recipe+xfp,7.340000000000001,3.0032994573256566
00-0037487,WR,2022,exploratory:deployed_recipe+xfp,1.6515789473684213,2.5844063807066657
00-0037545,WR,2022,exploratory:deployed_recipe+xfp,12.07,8.169665630068199
00-0037664,WR,2022,exploratory:deployed_recipe+xfp,7.849632352941176,7.91962694438046
00-0037740,WR,2022,exploratory:deployed_recipe+xfp,13.679411764705884,12.226760316778329
00-0037741,WR,2022,exploratory:deployed_recipe+xfp,5.426838235294118,9.917896532301594
00-0037742,WR,2022,exploratory:deployed_recipe+xfp,2.966666666666667,8.325051068719663
00-0037745,WR,2022,exploratory:deployed_recipe+xfp,0.8538461538461538,4.242953586428063
00-0037801,WR,2022,exploratory:deployed_recipe+xfp,4.820588235294117,3.0035506070328744
00-0037816,WR,2022,exploratory:deployed_recipe+xfp,10.462030075187972,8.416850765885222
00-0038090,WR,2022,exploratory:deployed_recipe+xfp,4.130769230769231,6.161678925805724
00-0038104,WR,2022,exploratory:deployed_recipe+xfp,2.598611111111111,6.433910727573473
00-0038117,WR,2022,exploratory:deployed_recipe+xfp,9.813529411764703,7.828653053169828
00-0038124,WR,2022,exploratory:deployed_recipe+xfp,8.547077922077921,10.93638842960075
00-0026293,WR,2022,deployed_recipe_reproduction,0.0,-2.620065258210386
00-0027944,WR,2022,deployed_recipe_reproduction,4.622222222222222,5.431310532870365
00-0028002,WR,2022,deployed_recipe_reproduction,1.8777777777777775,4.652228301448046
00-0029293,WR,2022,deployed_recipe_reproduction,1.625,6.368108269315119
00-0030035,WR,2022,deployed_recipe_reproduction,13.769117647058824,9.15442592433542
00-0030068,WR,2022,deployed_recipe_reproduction,1.2727272727272727,4.539884926932504
00-0030279,WR,2022,deployed_recipe_reproduction,16.87205128205128,12.32754167104526
00-0030431,WR,2022,deployed_recipe_reproduction,4.234375,7.2316216079334845
00-0030564,WR,2022,deployed_recipe_reproduction,10.810681114551084,12.301587995187514
00-0031236,WR,2022,deployed_recipe_reproduction,8.906470588235294,9.49739618831659
00-0031381,WR,2022,deployed_recipe_reproduction,16.42373949579832,16.561672980725685
00-0031408,WR,2022,deployed_recipe_reproduction,17.148070175438598,12.762070453923037
00-0031428,WR,2022,deployed_recipe_reproduction,2.5375,5.8922646812654635
00-0031544,WR,2022,deployed_recipe_reproduction,11.553125,12.327602178907583
00-0031547,WR,2022,deployed_recipe_reproduction,5.56923076923077,6.862361852580477
00-0031549,WR,2022,deployed_recipe_reproduction,4.842222222222222,4.786835854597937
00-0031588,WR,2022,deployed_recipe_reproduction,15.298947368421054,15.623882057152965
00-0031763,WR,2022,deployed_recipe_reproduction,0.908371040723982,5.778579119563721
00-0031941,WR,2022,deployed_recipe_reproduction,3.3156250000000003,1.7941062779701444
00-0032128,WR,2022,deployed_recipe_reproduction,1.511111111111111,0.2260730640529669
00-0032211,WR,2022,deployed_recipe_reproduction,9.511764705882351,12.39803602276751
00-0032398,WR,2022,deployed_recipe_reproduction,4.553333333333334,6.261194595121465
00-0032464,WR,2022,deployed_recipe_reproduction,5.295475113122173,6.611432232643144
00-0032688,WR,2022,deployed_recipe_reproduction,3.766666666666667,3.8534272481056293
00-0032775,WR,2022,deployed_recipe_reproduction,8.87719298245614,6.111681664737997
00-0033009,WR,2022,deployed_recipe_reproduction,6.868823529411765,8.942482201399974
00-0033040,WR,2022,deployed_recipe_reproduction,17.994117647058825,16.998394045463773
00-0033251,WR,2022,deployed_recipe_reproduction,0.5900000000000001,3.362119927692077
00-0033282,WR,2022,deployed_recipe_reproduction,7.553676470588234,8.570566928543615
00-0033292,WR,2022,deployed_recipe_reproduction,-0.0133333333333333,1.78833474816527
00-0033307,WR,2022,deployed_recipe_reproduction,8.9625,6.3859723180902765
00-0033466,WR,2022,deployed_recipe_reproduction,1.5846153846153848,6.449443556747509
00-0033536,WR,2022,deployed_recipe_reproduction,4.1,11.225210191403077
00-0033555,WR,2022,deployed_recipe_reproduction,4.800833333333333,7.0663699233342445
00-0033572,WR,2022,deployed_recipe_reproduction,3.663636363636364,5.115799791647923
00-0033591,WR,2022,deployed_recipe_reproduction,8.540909090909091,6.40224247359909
00-0033857,WR,2022,deployed_recipe_reproduction,5.083441558441558,9.843835972612416
00-0033891,WR,2022,deployed_recipe_reproduction,5.705555555555556,10.76494638008435
00-0033908,WR,2022,deployed_recipe_reproduction,13.404945054945054,17.69323282080612
00-0033921,WR,2022,deployed_recipe_reproduction,15.940225563909774,13.54425449675649
00-0033943,WR,2022,deployed_recipe_reproduction,6.505263157894737,6.957565520451938
00-0034054,WR,2022,deployed_recipe_reproduction,3.6742857142857144,3.028854605311302
00-0034272,WR,2022,deployed_recipe_reproduction,5.3325,7.56518974305815
00-0034279,WR,2022,deployed_recipe_reproduction,2.24,3.9772401187269084
00-0034286,WR,2022,deployed_recipe_reproduction,1.7692307692307692,8.424346317140138
00-0034297,WR,2022,deployed_recipe_reproduction,2.3153846153846156,2.9639827619704233
00-0034348,WR,2022,deployed_recipe_reproduction,13.37904411764706,9.003532109659488
00-0034386,WR,2022,deployed_recipe_reproduction,4.704489164086688,5.134264814895002
00-0034407,WR,2022,deployed_recipe_reproduction,5.294509803921569,4.342920325992911
00-0034418,WR,2022,deployed_recipe_reproduction,5.176858974358974,3.4191775388551218
00-0034419,WR,2022,deployed_recipe_reproduction,1.7029411764705882,4.357800689466993
00-0034487,WR,2022,deployed_recipe_reproduction,2.0339285714285715,4.662232834533304
00-0034521,WR,2022,deployed_recipe_reproduction,7.396428571428571,9.656330710999416
00-0034646,WR,2022,deployed_recipe_reproduction,2.4470588235294115,2.982016194230267
00-0034764,WR,2022,deployed_recipe_reproduction,6.123529411764706,7.459731253341431
00-0034775,WR,2022,deployed_recipe_reproduction,10.692083333333333,13.17653587206172
00-0034777,WR,2022,deployed_recipe_reproduction,5.635,7.42009908596858
00-0034827,WR,2022,deployed_recipe_reproduction,15.429411764705884,11.319637840388737
00-0034854,WR,2022,deployed_recipe_reproduction,2.514935064935065,3.0959624261298373
00-0034860,WR,2022,deployed_recipe_reproduction,4.0,4.8228013070163485
00-0034928,WR,2022,deployed_recipe_reproduction,1.5818181818181818,3.686441569458295
00-0034960,WR,2022,deployed_recipe_reproduction,14.097291666666669,10.994647796935336
00-0034983,WR,2022,deployed_recipe_reproduction,3.4642857142857144,7.204164228276354
00-0035021,WR,2022,deployed_recipe_reproduction,1.4769230769230768,3.565853693422302
00-0035140,WR,2022,deployed_recipe_reproduction,3.503333333333334,8.731665134462197
00-0035208,WR,2022,deployed_recipe_reproduction,5.028289473684211,6.808285569143182
00-0035215,WR,2022,deployed_recipe_reproduction,1.325,1.1613500149868767
00-0035216,WR,2022,deployed_recipe_reproduction,9.786309523809525,10.694850704332502
00-0035298,WR,2022,deployed_recipe_reproduction,2.768939393939394,3.550327830396949
00-0035341,WR,2022,deployed_recipe_reproduction,2.9833333333333334,4.358467664370215
00-0035406,WR,2022,deployed_recipe_reproduction,4.441883116883117,1.2221990132684777
00-0035500,WR,2022,deployed_recipe_reproduction,4.671507352941177,6.936041913589361
00-0035535,WR,2022,deployed_recipe_reproduction,7.8786764705882355,8.24212119252698
00-0035639,WR,2022,deployed_recipe_reproduction,3.395,8.2105100897803
00-0035640,WR,2022,deployed_recipe_reproduction,13.417083333333334,13.370296364130741
00-0035645,WR,2022,deployed_recipe_reproduction,0.4166666666666667,1.5977925701528757
00-0035659,WR,2022,deployed_recipe_reproduction,14.038970588235294,11.756671856049412
00-0035662,WR,2022,deployed_recipe_reproduction,7.990769230769232,11.293870392090824
00-0035676,WR,2022,deployed_recipe_reproduction,16.08235294117647,15.175706598964236
00-0035703,WR,2022,deployed_recipe_reproduction,0.5875,1.586511610429544
00-0035719,WR,2022,deployed_recipe_reproduction,12.764444444444443,12.79191431649286
00-0036133,WR,2022,deployed_recipe_reproduction,0.2833333333333333,1.739917885302238
00-0036165,WR,2022,deployed_recipe_reproduction,4.285714285714286,9.702436930735946
00-0036182,WR,2022,deployed_recipe_reproduction,8.11565934065934,5.473249665397422
00-0036196,WR,2022,deployed_recipe_reproduction,7.73875,11.189401111657173
00-0036233,WR,2022,deployed_recipe_reproduction,1.6764705882352942,9.472013107684319
00-0036252,WR,2022,deployed_recipe_reproduction,13.0625,12.119962383173384
00-0036259,WR,2022,deployed_recipe_reproduction,9.621041666666668,6.226545010534525
00-0036261,WR,2022,deployed_recipe_reproduction,11.801879699248122,11.775829444933212
00-0036268,WR,2022,deployed_recipe_reproduction,2.07875,6.270977707072895
00-0036271,WR,2022,deployed_recipe_reproduction,6.566666666666666,6.116685570657393
00-0036309,WR,2022,deployed_recipe_reproduction,8.855357142857144,8.520927808264492
00-0036322,WR,2022,deployed_recipe_reproduction,19.22888888888889,18.82253127807417
00-0036326,WR,2022,deployed_recipe_reproduction,1.9727272727272729,7.564192443605636
00-0036331,WR,2022,deployed_recipe_reproduction,0.981794871794872,7.151027929327071
00-0036345,WR,2022,deployed_recipe_reproduction,5.335714285714285,8.90317065185993
00-0036358,WR,2022,deployed_recipe_reproduction,20.549444444444447,16.183344003916304
00-0036387,WR,2022,deployed_recipe_reproduction,2.6333333333333333,4.011502576731278
00-0036407,WR,2022,deployed_recipe_reproduction,11.51654411764706,11.958328684623194
00-0036410,WR,2022,deployed_recipe_reproduction,14.9875,14.045897531480108
00-0036415,WR,2022,deployed_recipe_reproduction,3.828125,6.441630094180118
00-0036497,WR,2022,deployed_recipe_reproduction,1.40875,2.1684475696264904
00-0036527,WR,2022,deployed_recipe_reproduction,1.9625,1.2006936117230325
00-0036550,WR,2022,deployed_recipe_reproduction,8.088235294117649,7.460773094139247
00-0036554,WR,2022,deployed_recipe_reproduction,17.542226890756304,8.157241756695427
00-0036613,WR,2022,deployed_recipe_reproduction,11.806666666666668,14.022473868003406
00-0036620,WR,2022,deployed_recipe_reproduction,0.8025,1.8380163631448865
00-0036626,WR,2022,deployed_recipe_reproduction,4.100833333333333,3.7099643614690576
00-0036630,WR,2022,deployed_recipe_reproduction,2.2142857142857144,1.1750117966684446
00-0036635,WR,2022,deployed_recipe_reproduction,1.1558823529411766,0.6977917176956372
00-0036849,WR,2022,deployed_recipe_reproduction,7.284791666666667,4.879817369783559
00-0036862,WR,2022,deployed_recipe_reproduction,1.4164285714285714,5.511108604738498
00-0036877,WR,2022,deployed_recipe_reproduction,0.1454545454545454,2.0603531241302293
00-0036900,WR,2022,deployed_recipe_reproduction,20.062941176470588,17.286627249934476
00-0036912,WR,2022,deployed_recipe_reproduction,14.43529411764706,13.698385989368944
00-0036913,WR,2022,deployed_recipe_reproduction,4.076923076923077,7.041712552479882
00-0036936,WR,2022,deployed_recipe_reproduction,6.176470588235294,9.31750029016013
00-0036955,WR,2022,deployed_recipe_reproduction,2.7662500000000003,6.217273008352921
00-0036963,WR,2022,deployed_recipe_reproduction,19.5566081871345,14.983218441203611
00-0036980,WR,2022,deployed_recipe_reproduction,7.53529411764706,7.731982175254988
00-0036988,WR,2022,deployed_recipe_reproduction,8.915,9.753769810217415
00-0037093,WR,2022,deployed_recipe_reproduction,0.0,2.406192620549138
00-0037098,WR,2022,deployed_recipe_reproduction,2.225,4.152147496964618
00-0037132,WR,2022,deployed_recipe_reproduction,1.29625,3.416957174655821
00-0037238,WR,2022,deployed_recipe_reproduction,13.708198529411764,10.925206015980834
00-0037239,WR,2022,deployed_recipe_reproduction,12.021875,12.171919533372254
00-0037240,WR,2022,deployed_recipe_reproduction,10.7175,3.747996932773779
00-0037247,WR,2022,deployed_recipe_reproduction,12.200555555555557,10.16562989815111
00-0037257,WR,2022,deployed_recipe_reproduction,6.21,5.305049277226495
00-0037261,WR,2022,deployed_recipe_reproduction,10.01388888888889,5.556773096981185
00-0037272,WR,2022,deployed_recipe_reproduction,0.0,3.3430468773674518
00-0037273,WR,2022,deployed_recipe_reproduction,4.1375,3.947875642164095
00-0037291,WR,2022,deployed_recipe_reproduction,6.956250000000001,5.464308803885549
00-0037300,WR,2022,deployed_recipe_reproduction,2.7,2.7987284676417317
00-0037382,WR,2022,deployed_recipe_reproduction,7.340000000000001,3.2171893960544256
00-0037487,WR,2022,deployed_recipe_reproduction,1.6515789473684213,2.7654117669616776
00-0037545,WR,2022,deployed_recipe_reproduction,12.07,8.0580758343875
00-0037664,WR,2022,deployed_recipe_reproduction,7.849632352941176,8.026326204237648
00-0037740,WR,2022,deployed_recipe_reproduction,13.679411764705884,11.970991219212817
00-0037741,WR,2022,deployed_recipe_reproduction,5.426838235294118,9.90402009364985
00-0037742,WR,2022,deployed_recipe_reproduction,2.966666666666667,8.089306711248629
00-0037745,WR,2022,deployed_recipe_reproduction,0.8538461538461538,4.341284296115328
00-0037801,WR,2022,deployed_recipe_reproduction,4.820588235294117,3.3105615016930106
00-0037816,WR,2022,deployed_recipe_reproduction,10.462030075187972,8.217962864827722
00-0038090,WR,2022,deployed_recipe_reproduction,4.130769230769231,6.262222962539374
00-0038104,WR,2022,deployed_recipe_reproduction,2.598611111111111,6.430919866550963
00-0038117,WR,2022,deployed_recipe_reproduction,9.813529411764703,7.723051557371281
00-0038124,WR,2022,deployed_recipe_reproduction,8.547077922077921,10.716702985727935
00-0030035,WR,2023,ppg_only,8.445,11.44229126427057
00-0030279,WR,2023,ppg_only,11.374444444444444,17.31822753785315
00-0030431,WR,2023,ppg_only,2.65625,5.6312225380044305
00-0030564,WR,2023,ppg_only,6.204798761609907,11.116981317608673
00-0031235,WR,2023,ppg_only,1.8125,6.654135486840782
00-0031236,WR,2023,ppg_only,5.636666666666667,9.398113896732978
00-0031381,WR,2023,ppg_only,16.21785714285714,12.954542908212359
00-0031408,WR,2023,ppg_only,14.053333333333336,13.834684470873706
00-0031428,WR,2023,ppg_only,1.0,4.33273030158203
00-0031544,WR,2023,ppg_only,8.3,12.35255465387434
00-0031549,WR,2023,ppg_only,3.506666666666667,5.904206917044472
00-0031588,WR,2023,ppg_only,13.365238095238094,12.764817334768008
00-0031763,WR,2023,ppg_only,0.6230769230769231,1.7137654269357498
00-0031941,WR,2023,ppg_only,4.2625,3.057592242073702
00-0032211,WR,2023,ppg_only,5.5323529411764705,10.185012281225942
00-0032385,WR,2023,ppg_only,6.242307692307692,2.9538996965752222
00-0032398,WR,2023,ppg_only,3.86,4.690204902880092
00-0032464,WR,2023,ppg_only,4.657435897435898,5.569127902915251
00-0032775,WR,2023,ppg_only,6.185526315789474,9.159260197156904
00-0033009,WR,2023,ppg_only,5.22,7.652869993695506
00-0033040,WR,2023,ppg_only,13.10514705882353,18.5903179301117
00-0033282,WR,2023,ppg_only,4.234033613445378,8.62989885377127
00-0033307,WR,2023,ppg_only,5.782500000000001,10.629016397615828
00-0033555,WR,2023,ppg_only,7.326875,3.9715190319777176
00-0033572,WR,2023,ppg_only,0.0,4.025304409113156
00-0033589,WR,2023,ppg_only,5.673333333333334,4.7531054860353255
00-0033591,WR,2023,ppg_only,5.585227272727273,8.189991084989842
00-0033857,WR,2023,ppg_only,4.472478991596638,5.431650480738726
00-0033891,WR,2023,ppg_only,3.8916666666666666,7.772541070170227
00-0033908,WR,2023,ppg_only,10.81203007518797,11.180893562846821
00-0033921,WR,2023,ppg_only,14.453968253968254,10.400882964181527
00-0033943,WR,2023,ppg_only,4.71,7.423348324357953
00-0034054,WR,2023,ppg_only,2.72,4.746432864059876
00-0034272,WR,2023,ppg_only,5.13,4.399990331094557
00-0034348,WR,2023,ppg_only,13.743188854489166,10.171274530100018
00-0034386,WR,2023,ppg_only,3.935294117647059,5.378014093567651
00-0034407,WR,2023,ppg_only,5.349509803921569,2.9364619111460484
00-0034418,WR,2023,ppg_only,2.781025641025641,6.039142161436887
00-0034419,WR,2023,ppg_only,0.97,3.8326761605983717
00-0034487,WR,2023,ppg_only,1.5339285714285715,2.9875297113314856
00-0034521,WR,2023,ppg_only,6.527777777777778,4.495542277782989
00-0034646,WR,2023,ppg_only,0.8294117647058823,4.325037160951512
00-0034775,WR,2023,ppg_only,8.135096153846154,10.64520862694292
00-0034777,WR,2023,ppg_only,3.02,7.452848337302043
00-0034827,WR,2023,ppg_only,12.452414860681117,13.882115864234791
00-0034837,WR,2023,ppg_only,9.237394957983192,11.393934380307314
00-0034854,WR,2023,ppg_only,1.5676136363636362,3.2731179318807087
00-0034928,WR,2023,ppg_only,0.2636363636363636,3.4546132496129247
00-0034960,WR,2023,ppg_only,12.501960784313724,11.496857611742742
00-0034983,WR,2023,ppg_only,5.983333333333334,3.87632295846131
00-0035140,WR,2023,ppg_only,2.766666666666667,4.45604035568833
00-0035208,WR,2023,ppg_only,6.318914473684211,3.772230055644304
00-0035215,WR,2023,ppg_only,0.0,3.2677798343003492
00-0035216,WR,2023,ppg_only,7.608333333333333,10.22865907908888
00-0035298,WR,2023,ppg_only,2.5116666666666667,3.943777100613123
00-0035341,WR,2023,ppg_only,0.75,5.185936231509459
00-0035406,WR,2023,ppg_only,4.929761904761905,4.494086432988345
00-0035500,WR,2023,ppg_only,5.785049019607843,4.300034453902329
00-0035535,WR,2023,ppg_only,6.9660714285714285,7.925426976033852
00-0035639,WR,2023,ppg_only,3.75,3.5592399621879673
00-0035640,WR,2023,ppg_only,12.417083333333334,11.815408584850683
00-0035645,WR,2023,ppg_only,2.2387500000000005,1.598734657508007
00-0035659,WR,2023,ppg_only,13.7725,10.220180924108309
00-0035662,WR,2023,ppg_only,7.113125,9.030872106634412
00-0035676,WR,2023,ppg_only,14.62095588235294,14.018394355403965
00-0035719,WR,2023,ppg_only,11.067916666666669,12.613602453602743
00-0036133,WR,2023,ppg_only,1.3250000000000002,1.2873456319870478
00-0036165,WR,2023,ppg_only,4.583333333333333,4.49020418020263
00-0036176,WR,2023,ppg_only,0.8750000000000001,1.4866346083204618
00-0036182,WR,2023,ppg_only,5.611813186813186,6.173758032469794
00-0036196,WR,2023,ppg_only,5.145,8.826073939849474
00-0036252,WR,2023,ppg_only,11.134191176470589,13.06719246744494
00-0036259,WR,2023,ppg_only,12.55372549019608,5.180019840024561
00-0036261,WR,2023,ppg_only,8.914285714285715,12.265283782248071
00-0036268,WR,2023,ppg_only,1.47,3.2958048465972354
00-0036309,WR,2023,ppg_only,8.780833333333334,5.499104622890538
00-0036322,WR,2023,ppg_only,15.045359477124183,16.398432262468162
00-0036331,WR,2023,ppg_only,0.859514170040486,1.6510480137955281
00-0036345,WR,2023,ppg_only,2.6714285714285713,7.266014921989467
00-0036358,WR,2023,ppg_only,16.50692307692308,18.878749647084447
00-0036387,WR,2023,ppg_only,2.1,3.6539022259463385
00-0036407,WR,2023,ppg_only,10.63529411764706,7.910590204817853
00-0036410,WR,2023,ppg_only,16.3075,9.85677161432385
00-0036415,WR,2023,ppg_only,4.853125,3.49197993267544
00-0036497,WR,2023,ppg_only,0.8875,2.7296995982001313
00-0036527,WR,2023,ppg_only,3.925,1.2873456319870478
00-0036550,WR,2023,ppg_only,7.730769230769232,5.0064296167973765
00-0036554,WR,2023,ppg_only,16.117410714285715,14.220614051977575
00-0036613,WR,2023,ppg_only,11.052916666666668,11.480976771441174
00-0036620,WR,2023,ppg_only,1.2036363636363636,1.3807623396433355
00-0036626,WR,2023,ppg_only,5.267424242424243,2.920269681818959
00-0036630,WR,2023,ppg_only,2.1983766233766233,2.296246074674956
00-0036635,WR,2023,ppg_only,0.4,2.7160717490832145
00-0036841,WR,2023,ppg_only,1.2666666666666668,1.6096332734012406
00-0036849,WR,2023,ppg_only,5.128125,7.425446103056198
00-0036862,WR,2023,ppg_only,1.0920588235294115,2.5151080754696875
00-0036900,WR,2023,ppg_only,21.65294117647059,13.558564349717015
00-0036912,WR,2023,ppg_only,13.09281045751634,12.295130854167974
00-0036955,WR,2023,ppg_only,1.4200000000000002,4.360755313878917
00-0036963,WR,2023,ppg_only,18.91496732026144,16.489685635841887
00-0036980,WR,2023,ppg_only,5.055882352941177,7.235242359467397
00-0036988,WR,2023,ppg_only,5.759166666666667,9.261395797527776
00-0037091,WR,2023,ppg_only,1.8271978021978024,8.324737608760728
00-0037132,WR,2023,ppg_only,1.3257142857142856,1.6703541333778278
00-0037156,WR,2023,ppg_only,0.0,1.2873456319870478
00-0037238,WR,2023,ppg_only,16.671323529411765,9.432348372538781
00-0037239,WR,2023,ppg_only,13.16875,12.090987872436733
00-0037240,WR,2023,ppg_only,13.50514705882353,6.787721378789274
00-0037247,WR,2023,ppg_only,14.721960784313724,10.350842201483772
00-0037261,WR,2023,ppg_only,11.63888888888889,7.207888970558888
00-0037487,WR,2023,ppg_only,1.112857142857143,2.754479609073168
00-0037545,WR,2023,ppg_only,10.997619047619049,9.139331299523558
00-0037614,WR,2023,ppg_only,5.502884615384616,3.3051465173628642
00-0037664,WR,2023,ppg_only,11.15375,5.481206295709334
00-0037666,WR,2023,ppg_only,6.399754901960784,4.316538072254941
00-0037740,WR,2023,ppg_only,14.515966386554622,10.659788960137899
00-0037741,WR,2023,ppg_only,3.325,6.773653921636327
00-0037742,WR,2023,ppg_only,2.5625,4.6005248635300555
00-0037745,WR,2023,ppg_only,0.7000000000000001,1.925453604285383
00-0037801,WR,2023,ppg_only,5.881372549019608,3.911805607083698
00-0037816,WR,2023,ppg_only,10.476890756302522,9.696815988582557
00-0037837,WR,2023,ppg_only,6.4527777777777775,3.942578169605769
00-0038090,WR,2023,ppg_only,0.7947368421052632,4.3744085249979126
00-0038104,WR,2023,ppg_only,4.454166666666667,3.5459540304324064
00-0038117,WR,2023,ppg_only,12.182904411764708,7.9236685438897325
00-0038124,WR,2023,ppg_only,10.351623376623376,8.441366952864943
00-0038393,WR,2023,ppg_only,6.148717948717948,7.0136799093084825
00-0038465,WR,2023,ppg_only,3.68452380952381,3.3736521029774753
00-0038496,WR,2023,ppg_only,0.6990196078431372,4.043688017892575
00-0038543,WR,2023,ppg_only,17.661176470588238,7.872674011710301
00-0038544,WR,2023,ppg_only,11.752232142857142,5.419661170665191
00-0038559,WR,2023,ppg_only,10.378860294117649,7.869630571460866
00-0038563,WR,2023,ppg_only,8.558823529411764,5.414926930277179
00-0038573,WR,2023,ppg_only,1.4333333333333331,2.944667927818601
00-0038576,WR,2023,ppg_only,0.75,2.6936917036126165
00-0038606,WR,2023,ppg_only,9.599579831932772,4.94928057211353
00-0038618,WR,2023,ppg_only,4.235069444444445,2.717955783523341
00-0038619,WR,2023,ppg_only,6.523137254901961,4.725080473738439
00-0038621,WR,2023,ppg_only,7.570625000000001,7.009786238132221
00-0038647,WR,2023,ppg_only,1.05,3.0579515371031487
00-0038752,WR,2023,ppg_only,2.19375,4.324723155211492
00-0038821,WR,2023,ppg_only,2.6750000000000003,2.354965148058908
00-0038938,WR,2023,ppg_only,1.4183333333333334,4.75382407609422
00-0038941,WR,2023,ppg_only,0.375,3.351136281132114
00-0038976,WR,2023,ppg_only,7.468300653594771,4.776459662949398
00-0038977,WR,2023,ppg_only,10.0,13.618351042617038
00-0038979,WR,2023,ppg_only,6.966666666666667,4.290268161738263
00-0038994,WR,2023,ppg_only,11.65,11.015871469321867
00-0038997,WR,2023,ppg_only,10.87857142857143,8.1935878780119
00-0039052,WR,2023,ppg_only,2.3466666666666667,5.787080939725711
00-0039062,WR,2023,ppg_only,1.5,5.512271930255424
00-0039064,WR,2023,ppg_only,13.31764705882353,11.060809179671558
00-0039067,WR,2023,ppg_only,17.49375,11.42119007854115
00-0039075,WR,2023,ppg_only,20.848987854251018,15.046588706339838
00-0039146,WR,2023,ppg_only,11.061111111111114,10.653927519657504
00-0030035,WR,2023,recent_production_3col,8.445,9.932887563212098
00-0030279,WR,2023,recent_production_3col,11.374444444444444,15.59635691367667
00-0030431,WR,2023,recent_production_3col,2.65625,4.695018033686806
00-0030564,WR,2023,recent_production_3col,6.204798761609907,10.124281710490848
00-0031235,WR,2023,recent_production_3col,1.8125,5.683215696944912
00-0031236,WR,2023,recent_production_3col,5.636666666666667,8.716580566377365
00-0031381,WR,2023,recent_production_3col,16.21785714285714,11.899480735973047
00-0031408,WR,2023,recent_production_3col,14.053333333333336,13.261941831408839
00-0031428,WR,2023,recent_production_3col,1.0,3.6934255183095286
00-0031544,WR,2023,recent_production_3col,8.3,11.693907606584856
00-0031549,WR,2023,recent_production_3col,3.506666666666667,5.470927447703875
00-0031588,WR,2023,recent_production_3col,13.365238095238094,12.22838349675388
00-0031763,WR,2023,recent_production_3col,0.6230769230769231,1.2930210052700062
00-0031941,WR,2023,recent_production_3col,4.2625,2.4615626778096984
00-0032211,WR,2023,recent_production_3col,5.5323529411764705,9.223941534887441
00-0032385,WR,2023,recent_production_3col,6.242307692307692,1.5833164938466764
00-0032398,WR,2023,recent_production_3col,3.86,3.909089476303859
00-0032464,WR,2023,recent_production_3col,4.657435897435898,5.270373364293894
00-0032775,WR,2023,recent_production_3col,6.185526315789474,7.701234624979264
00-0033009,WR,2023,recent_production_3col,5.22,7.283398096539253
00-0033040,WR,2023,recent_production_3col,13.10514705882353,17.849654497017006
00-0033282,WR,2023,recent_production_3col,4.234033613445378,8.603253914436676
00-0033307,WR,2023,recent_production_3col,5.782500000000001,9.244263848096846
00-0033555,WR,2023,recent_production_3col,7.326875,2.825757770664134
00-0033572,WR,2023,recent_production_3col,0.0,3.2537028414175557
00-0033589,WR,2023,recent_production_3col,5.673333333333334,3.5677676819840762
00-0033591,WR,2023,recent_production_3col,5.585227272727273,7.529881656666589
00-0033857,WR,2023,recent_production_3col,4.472478991596638,4.8651527149793115
00-0033891,WR,2023,recent_production_3col,3.8916666666666666,6.6144094344351245
00-0033908,WR,2023,recent_production_3col,10.81203007518797,9.920141690292764
00-0033921,WR,2023,recent_production_3col,14.453968253968254,10.703171305608349
00-0033943,WR,2023,recent_production_3col,4.71,7.573855348332059
00-0034054,WR,2023,recent_production_3col,2.72,3.1788108106313984
00-0034272,WR,2023,recent_production_3col,5.13,4.529949962653946
00-0034348,WR,2023,recent_production_3col,13.743188854489166,9.83948697086154
00-0034386,WR,2023,recent_production_3col,3.935294117647059,5.850766918276069
00-0034407,WR,2023,recent_production_3col,5.349509803921569,2.9733601882813847
00-0034418,WR,2023,recent_production_3col,2.781025641025641,5.328874412849127
00-0034419,WR,2023,recent_production_3col,0.97,3.8456846696973255
00-0034487,WR,2023,recent_production_3col,1.5339285714285715,2.6336585050386274
00-0034521,WR,2023,recent_production_3col,6.527777777777778,4.097018291982363
00-0034646,WR,2023,recent_production_3col,0.8294117647058823,4.321336083223655
00-0034775,WR,2023,recent_production_3col,8.135096153846154,10.031453614579977
00-0034777,WR,2023,recent_production_3col,3.02,7.206792179905931
00-0034827,WR,2023,recent_production_3col,12.452414860681117,14.059733601995166
00-0034837,WR,2023,recent_production_3col,9.237394957983192,10.897499461815205
00-0034854,WR,2023,recent_production_3col,1.5676136363636362,2.916080184292311
00-0034928,WR,2023,recent_production_3col,0.2636363636363636,2.3002919340759678
00-0034960,WR,2023,recent_production_3col,12.501960784313724,11.372914762417613
00-0034983,WR,2023,recent_production_3col,5.983333333333334,3.498813835685219
00-0035140,WR,2023,recent_production_3col,2.766666666666667,4.298637571903543
00-0035208,WR,2023,recent_production_3col,6.318914473684211,3.644559860954112
00-0035215,WR,2023,recent_production_3col,0.0,3.9353022286787525
00-0035216,WR,2023,recent_production_3col,7.608333333333333,9.888398363306921
00-0035298,WR,2023,recent_production_3col,2.5116666666666667,3.6806062113026905
00-0035341,WR,2023,recent_production_3col,0.75,4.5046243071178615
00-0035406,WR,2023,recent_production_3col,4.929761904761905,4.465071240892532
00-0035500,WR,2023,recent_production_3col,5.785049019607843,4.925998869669529
00-0035535,WR,2023,recent_production_3col,6.9660714285714285,8.305200875850733
00-0035639,WR,2023,recent_production_3col,3.75,3.179440581658403
00-0035640,WR,2023,recent_production_3col,12.417083333333334,11.933486772245615
00-0035645,WR,2023,recent_production_3col,2.2387500000000005,1.2919959241767849
00-0035659,WR,2023,recent_production_3col,13.7725,10.016412382677299
00-0035662,WR,2023,recent_production_3col,7.113125,8.854414622504294
00-0035676,WR,2023,recent_production_3col,14.62095588235294,14.19138711823906
00-0035719,WR,2023,recent_production_3col,11.067916666666669,12.711117456628424
00-0036133,WR,2023,recent_production_3col,1.3250000000000002,0.8614959306708387
00-0036165,WR,2023,recent_production_3col,4.583333333333333,4.8503571038379745
00-0036176,WR,2023,recent_production_3col,0.8750000000000001,0.911291398854833
00-0036182,WR,2023,recent_production_3col,5.611813186813186,6.094264352666411
00-0036196,WR,2023,recent_production_3col,5.145,9.551267021337264
00-0036252,WR,2023,recent_production_3col,11.134191176470589,13.142788022260099
00-0036259,WR,2023,recent_production_3col,12.55372549019608,5.523287683549428
00-0036261,WR,2023,recent_production_3col,8.914285714285715,13.009962528833148
00-0036268,WR,2023,recent_production_3col,1.47,2.9184201825222464
00-0036309,WR,2023,recent_production_3col,8.780833333333334,5.572185897196976
00-0036322,WR,2023,recent_production_3col,15.045359477124183,16.088564398097397
00-0036331,WR,2023,recent_production_3col,0.859514170040486,1.9844021635758997
00-0036345,WR,2023,recent_production_3col,2.6714285714285713,7.40881015866575
00-0036358,WR,2023,recent_production_3col,16.50692307692308,19.522135877653966
00-0036387,WR,2023,recent_production_3col,2.1,3.6468752726067795
00-0036407,WR,2023,recent_production_3col,10.63529411764706,8.666852674311745
00-0036410,WR,2023,recent_production_3col,16.3075,10.028270066618425
00-0036415,WR,2023,recent_production_3col,4.853125,3.3803464335914404
00-0036497,WR,2023,recent_production_3col,0.8875,2.63088480322685
00-0036527,WR,2023,recent_production_3col,3.925,0.595612698140009
00-0036550,WR,2023,recent_production_3col,7.730769230769232,5.9909313268747155
00-0036554,WR,2023,recent_production_3col,16.117410714285715,14.892407780010313
00-0036613,WR,2023,recent_production_3col,11.052916666666668,11.733557925068691
00-0036620,WR,2023,recent_production_3col,1.2036363636363636,0.29682269897734237
00-0036626,WR,2023,recent_production_3col,5.267424242424243,3.845892019403251
00-0036630,WR,2023,recent_production_3col,2.1983766233766233,1.9462584512880188
00-0036635,WR,2023,recent_production_3col,0.4,3.7783028764531292
00-0036841,WR,2023,recent_production_3col,1.2666666666666668,2.3269036457578003
00-0036849,WR,2023,recent_production_3col,5.128125,8.068494447594832
00-0036862,WR,2023,recent_production_3col,1.0920588235294115,2.689459250040911
00-0036900,WR,2023,recent_production_3col,21.65294117647059,14.375979632895445
00-0036912,WR,2023,recent_production_3col,13.09281045751634,12.779439086504805
00-0036955,WR,2023,recent_production_3col,1.4200000000000002,4.452892539869767
00-0036963,WR,2023,recent_production_3col,18.91496732026144,17.343829927600687
00-0036980,WR,2023,recent_production_3col,5.055882352941177,8.39693526621341
00-0036988,WR,2023,recent_production_3col,5.759166666666667,9.193742345776002
00-0037091,WR,2023,recent_production_3col,1.8271978021978024,7.77015700857171
00-0037132,WR,2023,recent_production_3col,1.3257142857142856,2.1327318654117997
00-0037156,WR,2023,recent_production_3col,0.0,0.4659339111053269
00-0037238,WR,2023,recent_production_3col,16.671323529411765,10.64262974155261
00-0037239,WR,2023,recent_production_3col,13.16875,12.958209286796375
00-0037240,WR,2023,recent_production_3col,13.50514705882353,7.958076447957475
00-0037247,WR,2023,recent_production_3col,14.721960784313724,11.789309600976715
00-0037261,WR,2023,recent_production_3col,11.63888888888889,8.50018897471885
00-0037487,WR,2023,recent_production_3col,1.112857142857143,4.074764837103964
00-0037545,WR,2023,recent_production_3col,10.997619047619049,9.471382452404777
00-0037614,WR,2023,recent_production_3col,5.502884615384616,4.34086015917495
00-0037664,WR,2023,recent_production_3col,11.15375,6.70242710552586
00-0037666,WR,2023,recent_production_3col,6.399754901960784,5.065095522185722
00-0037740,WR,2023,recent_production_3col,14.515966386554622,11.705260722793863
00-0037741,WR,2023,recent_production_3col,3.325,7.951012066032475
00-0037742,WR,2023,recent_production_3col,2.5625,4.814203655887322
00-0037745,WR,2023,recent_production_3col,0.7000000000000001,1.990137492686137
00-0037801,WR,2023,recent_production_3col,5.881372549019608,4.174960562479097
00-0037816,WR,2023,recent_production_3col,10.476890756302522,11.034326387513328
00-0037837,WR,2023,recent_production_3col,6.4527777777777775,4.9631845226481826
00-0038090,WR,2023,recent_production_3col,0.7947368421052632,5.1144763279423
00-0038104,WR,2023,recent_production_3col,4.454166666666667,3.795422503304638
00-0038117,WR,2023,recent_production_3col,12.182904411764708,9.055472209164648
00-0038124,WR,2023,recent_production_3col,10.351623376623376,8.53122215925981
00-0038393,WR,2023,recent_production_3col,6.148717948717948,8.435724045734457
00-0038465,WR,2023,recent_production_3col,3.68452380952381,4.018004463494583
00-0038496,WR,2023,recent_production_3col,0.6990196078431372,5.566526769141705
00-0038543,WR,2023,recent_production_3col,17.661176470588238,9.518397802440969
00-0038544,WR,2023,recent_production_3col,11.752232142857142,6.895802594442965
00-0038559,WR,2023,recent_production_3col,10.378860294117649,8.491078670118222
00-0038563,WR,2023,recent_production_3col,8.558823529411764,6.372513875020331
00-0038573,WR,2023,recent_production_3col,1.4333333333333331,4.251972948341107
00-0038576,WR,2023,recent_production_3col,0.75,2.7257777198404907
00-0038606,WR,2023,recent_production_3col,9.599579831932772,5.527108451316251
00-0038618,WR,2023,recent_production_3col,4.235069444444445,3.6439185256515967
00-0038619,WR,2023,recent_production_3col,6.523137254901961,4.9410577969372955
00-0038621,WR,2023,recent_production_3col,7.570625000000001,7.790094239986976
00-0038647,WR,2023,recent_production_3col,1.05,3.842696827353013
00-0038752,WR,2023,recent_production_3col,2.19375,4.690492119827531
00-0038821,WR,2023,recent_production_3col,2.6750000000000003,2.6383273541873615
00-0038938,WR,2023,recent_production_3col,1.4183333333333334,5.73384731358903
00-0038941,WR,2023,recent_production_3col,0.375,4.378763478900009
00-0038976,WR,2023,recent_production_3col,7.468300653594771,6.397582978002153
00-0038977,WR,2023,recent_production_3col,10.0,13.402832666721942
00-0038979,WR,2023,recent_production_3col,6.966666666666667,4.77383391878168
00-0038994,WR,2023,recent_production_3col,11.65,12.55492245129209
00-0038997,WR,2023,recent_production_3col,10.87857142857143,9.57558868314934
00-0039052,WR,2023,recent_production_3col,2.3466666666666667,7.51011056544833
00-0039062,WR,2023,recent_production_3col,1.5,6.725912786251173
00-0039064,WR,2023,recent_production_3col,13.31764705882353,12.222350036123302
00-0039067,WR,2023,recent_production_3col,17.49375,12.829858019815411
00-0039075,WR,2023,recent_production_3col,20.848987854251018,16.32569339456339
00-0039146,WR,2023,recent_production_3col,11.061111111111114,11.82927699300085
00-0030035,WR,2023,deployed_recipe,8.445,9.647862647660581
00-0030279,WR,2023,deployed_recipe,11.374444444444444,15.66328758170161
00-0030431,WR,2023,deployed_recipe,2.65625,4.1462568024467075
00-0030564,WR,2023,deployed_recipe,6.204798761609907,11.152757310846031
00-0031235,WR,2023,deployed_recipe,1.8125,6.168641867445979
00-0031236,WR,2023,deployed_recipe,5.636666666666667,8.584704574961819
00-0031381,WR,2023,deployed_recipe,16.21785714285714,13.35222251961586
00-0031408,WR,2023,deployed_recipe,14.053333333333336,13.66095474432483
00-0031428,WR,2023,deployed_recipe,1.0,3.304108920238212
00-0031544,WR,2023,deployed_recipe,8.3,12.115377470890653
00-0031549,WR,2023,deployed_recipe,3.506666666666667,4.845466057024536
00-0031588,WR,2023,deployed_recipe,13.365238095238094,13.43639001038445
00-0031763,WR,2023,deployed_recipe,0.6230769230769231,1.2335912478085604
00-0031941,WR,2023,deployed_recipe,4.2625,2.0748939942927143
00-0032211,WR,2023,deployed_recipe,5.5323529411764705,9.74713295452603
00-0032385,WR,2023,deployed_recipe,6.242307692307692,1.9796733940050708
00-0032398,WR,2023,deployed_recipe,3.86,3.7524729564708474
00-0032464,WR,2023,deployed_recipe,4.657435897435898,5.234850795392232
00-0032775,WR,2023,deployed_recipe,6.185526315789474,6.826831735682944
00-0033009,WR,2023,deployed_recipe,5.22,7.099648761175258
00-0033040,WR,2023,deployed_recipe,13.10514705882353,19.20166748779131
00-0033282,WR,2023,deployed_recipe,4.234033613445378,8.281483181656455
00-0033307,WR,2023,deployed_recipe,5.782500000000001,7.851580389283683
00-0033555,WR,2023,deployed_recipe,7.326875,2.9200889570032116
00-0033572,WR,2023,deployed_recipe,0.0,2.7329729925273902
00-0033589,WR,2023,deployed_recipe,5.673333333333334,4.380377507028474
00-0033591,WR,2023,deployed_recipe,5.585227272727273,6.668706277794577
00-0033857,WR,2023,deployed_recipe,4.472478991596638,4.66471032650219
00-0033891,WR,2023,deployed_recipe,3.8916666666666666,6.492693441237239
00-0033908,WR,2023,deployed_recipe,10.81203007518797,11.702706453122094
00-0033921,WR,2023,deployed_recipe,14.453968253968254,11.264469833180478
00-0033943,WR,2023,deployed_recipe,4.71,7.223933231138772
00-0034054,WR,2023,deployed_recipe,2.72,2.6413107211280566
00-0034272,WR,2023,deployed_recipe,5.13,4.338785332957396
00-0034348,WR,2023,deployed_recipe,13.743188854489166,9.522661689481343
00-0034386,WR,2023,deployed_recipe,3.935294117647059,5.162296694136967
00-0034407,WR,2023,deployed_recipe,5.349509803921569,2.2027596775127276
00-0034418,WR,2023,deployed_recipe,2.781025641025641,4.050540307630834
00-0034419,WR,2023,deployed_recipe,0.97,2.9944564941165717
00-0034487,WR,2023,deployed_recipe,1.5339285714285715,1.7400663961897487
00-0034521,WR,2023,deployed_recipe,6.527777777777778,4.177580162885208
00-0034646,WR,2023,deployed_recipe,0.8294117647058823,3.3802404417467464
00-0034775,WR,2023,deployed_recipe,8.135096153846154,10.528351340178013
00-0034777,WR,2023,deployed_recipe,3.02,6.983582171880794
00-0034827,WR,2023,deployed_recipe,12.452414860681117,13.733086018207757
00-0034837,WR,2023,deployed_recipe,9.237394957983192,10.636953757242177
00-0034854,WR,2023,deployed_recipe,1.5676136363636362,2.1904437246897
00-0034928,WR,2023,deployed_recipe,0.2636363636363636,2.060202423368019
00-0034960,WR,2023,deployed_recipe,12.501960784313724,11.10764542822524
00-0034983,WR,2023,deployed_recipe,5.983333333333334,3.5022538802157652
00-0035140,WR,2023,deployed_recipe,2.766666666666667,4.62875325524257
00-0035208,WR,2023,deployed_recipe,6.318914473684211,3.030633339836753
00-0035215,WR,2023,deployed_recipe,0.0,3.063265936296495
00-0035216,WR,2023,deployed_recipe,7.608333333333333,9.65304401371737
00-0035298,WR,2023,deployed_recipe,2.5116666666666667,2.8215655541113867
00-0035341,WR,2023,deployed_recipe,0.75,3.9380516104677916
00-0035406,WR,2023,deployed_recipe,4.929761904761905,2.8986664462614087
00-0035500,WR,2023,deployed_recipe,5.785049019607843,4.6756591014635935
00-0035535,WR,2023,deployed_recipe,6.9660714285714285,7.9036670944211025
00-0035639,WR,2023,deployed_recipe,3.75,2.936388509828735
00-0035640,WR,2023,deployed_recipe,12.417083333333334,12.310528479452142
00-0035645,WR,2023,deployed_recipe,2.2387500000000005,-0.09677929352700598
00-0035659,WR,2023,deployed_recipe,13.7725,10.290184054285447
00-0035662,WR,2023,deployed_recipe,7.113125,8.918877623261789
00-0035676,WR,2023,deployed_recipe,14.62095588235294,14.71795991276506
00-0035719,WR,2023,deployed_recipe,11.067916666666669,13.013167089362735
00-0036133,WR,2023,deployed_recipe,1.3250000000000002,-0.4135505048214023
00-0036165,WR,2023,deployed_recipe,4.583333333333333,5.369556026142127
00-0036176,WR,2023,deployed_recipe,0.8750000000000001,1.51625697419074
00-0036182,WR,2023,deployed_recipe,5.611813186813186,4.958013120639672
00-0036196,WR,2023,deployed_recipe,5.145,9.362463345829617
00-0036252,WR,2023,deployed_recipe,11.134191176470589,13.051926108631239
00-0036259,WR,2023,deployed_recipe,12.55372549019608,4.840187232256877
00-0036261,WR,2023,deployed_recipe,8.914285714285715,13.140431875100717
00-0036268,WR,2023,deployed_recipe,1.47,2.510717360371866
00-0036309,WR,2023,deployed_recipe,8.780833333333334,5.411271788048249
00-0036322,WR,2023,deployed_recipe,15.045359477124183,17.06796783162312
00-0036331,WR,2023,deployed_recipe,0.859514170040486,1.8979064492282105
00-0036345,WR,2023,deployed_recipe,2.6714285714285713,7.043491035840185
00-0036358,WR,2023,deployed_recipe,16.50692307692308,19.868397751363368
00-0036387,WR,2023,deployed_recipe,2.1,2.2333580329878133
00-0036407,WR,2023,deployed_recipe,10.63529411764706,9.096303985506445
00-0036410,WR,2023,deployed_recipe,16.3075,10.472255461870066
00-0036415,WR,2023,deployed_recipe,4.853125,3.103575046785643
00-0036497,WR,2023,deployed_recipe,0.8875,1.4511437007106425
00-0036527,WR,2023,deployed_recipe,3.925,-0.1675937196926034
00-0036550,WR,2023,deployed_recipe,7.730769230769232,5.9250593853708295
00-0036554,WR,2023,deployed_recipe,16.117410714285715,14.413187295581555
00-0036613,WR,2023,deployed_recipe,11.052916666666668,12.365317465800125
00-0036620,WR,2023,deployed_recipe,1.2036363636363636,-1.1079668060129437
00-0036626,WR,2023,deployed_recipe,5.267424242424243,3.128155561221443
00-0036630,WR,2023,deployed_recipe,2.1983766233766233,0.5099319410095644
00-0036635,WR,2023,deployed_recipe,0.4,2.5174913300352597
00-0036841,WR,2023,deployed_recipe,1.2666666666666668,3.165579860449874
00-0036849,WR,2023,deployed_recipe,5.128125,6.825769122671446
00-0036862,WR,2023,deployed_recipe,1.0920588235294115,2.3498596311424467
00-0036900,WR,2023,deployed_recipe,21.65294117647059,15.46121557958254
00-0036912,WR,2023,deployed_recipe,13.09281045751634,12.890443772073152
00-0036955,WR,2023,deployed_recipe,1.4200000000000002,3.496118232451553
00-0036963,WR,2023,deployed_recipe,18.91496732026144,17.670906433503596
00-0036980,WR,2023,deployed_recipe,5.055882352941177,7.535537617734444
00-0036988,WR,2023,deployed_recipe,5.759166666666667,8.564188752868828
00-0037091,WR,2023,deployed_recipe,1.8271978021978024,8.10931154590176
00-0037132,WR,2023,deployed_recipe,1.3257142857142856,1.4409410783544319
00-0037156,WR,2023,deployed_recipe,0.0,0.7901022957105122
00-0037238,WR,2023,deployed_recipe,16.671323529411765,10.72014737838047
00-0037239,WR,2023,deployed_recipe,13.16875,13.397675740142677
00-0037240,WR,2023,deployed_recipe,13.50514705882353,6.931172040188953
00-0037247,WR,2023,deployed_recipe,14.721960784313724,11.936782000786488
00-0037261,WR,2023,deployed_recipe,11.63888888888889,8.011194784502946
00-0037487,WR,2023,deployed_recipe,1.112857142857143,3.372162257001156
00-0037545,WR,2023,deployed_recipe,10.997619047619049,9.249091742304572
00-0037614,WR,2023,deployed_recipe,5.502884615384616,4.907571407720101
00-0037664,WR,2023,deployed_recipe,11.15375,6.31864999021718
00-0037666,WR,2023,deployed_recipe,6.399754901960784,5.5124813648565425
00-0037740,WR,2023,deployed_recipe,14.515966386554622,12.122308096215061
00-0037741,WR,2023,deployed_recipe,3.325,8.009307547380214
00-0037742,WR,2023,deployed_recipe,2.5625,4.7211055691763715
00-0037745,WR,2023,deployed_recipe,0.7000000000000001,1.5299128567853773
00-0037801,WR,2023,deployed_recipe,5.881372549019608,3.234788362542699
00-0037816,WR,2023,deployed_recipe,10.476890756302522,10.738198931816974
00-0037837,WR,2023,deployed_recipe,6.4527777777777775,5.459977071288309
00-0038090,WR,2023,deployed_recipe,0.7947368421052632,4.3459460072184894
00-0038104,WR,2023,deployed_recipe,4.454166666666667,3.391681883607508
00-0038117,WR,2023,deployed_recipe,12.182904411764708,8.927940435499476
00-0038124,WR,2023,deployed_recipe,10.351623376623376,8.795515614671366
00-0038393,WR,2023,deployed_recipe,6.148717948717948,8.736075947772102
00-0038465,WR,2023,deployed_recipe,3.68452380952381,4.5581794784091985
00-0038496,WR,2023,deployed_recipe,0.6990196078431372,5.960783157397934
00-0038543,WR,2023,deployed_recipe,17.661176470588238,9.586939113201911
00-0038544,WR,2023,deployed_recipe,11.752232142857142,7.083340658207178
00-0038559,WR,2023,deployed_recipe,10.378860294117649,8.436022982769002
00-0038563,WR,2023,deployed_recipe,8.558823529411764,6.80867682011248
00-0038573,WR,2023,deployed_recipe,1.4333333333333331,4.925548571717832
00-0038576,WR,2023,deployed_recipe,0.75,3.769233735772249
00-0038606,WR,2023,deployed_recipe,9.599579831932772,5.623318826008012
00-0038618,WR,2023,deployed_recipe,4.235069444444445,4.135316814573249
00-0038619,WR,2023,deployed_recipe,6.523137254901961,5.232470570468772
00-0038621,WR,2023,deployed_recipe,7.570625000000001,8.027567843479636
00-0038647,WR,2023,deployed_recipe,1.05,4.408949534048552
00-0038752,WR,2023,deployed_recipe,2.19375,5.2773313305441185
00-0038821,WR,2023,deployed_recipe,2.6750000000000003,3.2447913656891707
00-0038938,WR,2023,deployed_recipe,1.4183333333333334,6.071847298374318
00-0038941,WR,2023,deployed_recipe,0.375,4.787437580791003
00-0038976,WR,2023,deployed_recipe,7.468300653594771,6.964725962677164
00-0038977,WR,2023,deployed_recipe,10.0,12.85446306596836
00-0038979,WR,2023,deployed_recipe,6.966666666666667,4.98928869946817
00-0038994,WR,2023,deployed_recipe,11.65,12.223017555230637
00-0038997,WR,2023,deployed_recipe,10.87857142857143,9.78049666208079
00-0039052,WR,2023,deployed_recipe,2.3466666666666667,7.751711386999969
00-0039062,WR,2023,deployed_recipe,1.5,6.839928319814032
00-0039064,WR,2023,deployed_recipe,13.31764705882353,11.968189773849279
00-0039067,WR,2023,deployed_recipe,17.49375,13.00266919375715
00-0039075,WR,2023,deployed_recipe,20.848987854251018,16.03653455012959
00-0039146,WR,2023,deployed_recipe,11.061111111111114,11.851312058233475
00-0030035,WR,2023,recent_production_3col+opportunity,8.445,9.906565167281844
00-0030279,WR,2023,recent_production_3col+opportunity,11.374444444444444,15.58107264283679
00-0030431,WR,2023,recent_production_3col+opportunity,2.65625,4.815090746087444
00-0030564,WR,2023,recent_production_3col+opportunity,6.204798761609907,10.377967688691125
00-0031235,WR,2023,recent_production_3col+opportunity,1.8125,5.814972293549863
00-0031236,WR,2023,recent_production_3col+opportunity,5.636666666666667,8.671303770222208
00-0031381,WR,2023,recent_production_3col+opportunity,16.21785714285714,12.163665174340984
00-0031408,WR,2023,recent_production_3col+opportunity,14.053333333333336,13.43702616651232
00-0031428,WR,2023,recent_production_3col+opportunity,1.0,3.7062471977854945
00-0031544,WR,2023,recent_production_3col+opportunity,8.3,11.964882754187453
00-0031549,WR,2023,recent_production_3col+opportunity,3.506666666666667,5.411544011684972
00-0031588,WR,2023,recent_production_3col+opportunity,13.365238095238094,12.360760608541723
00-0031763,WR,2023,recent_production_3col+opportunity,0.6230769230769231,1.178695034624095
00-0031941,WR,2023,recent_production_3col+opportunity,4.2625,2.3865751131237176
00-0032211,WR,2023,recent_production_3col+opportunity,5.5323529411764705,9.345445834487027
00-0032385,WR,2023,recent_production_3col+opportunity,6.242307692307692,1.5495838864687697
00-0032398,WR,2023,recent_production_3col+opportunity,3.86,3.9335898717428788
00-0032464,WR,2023,recent_production_3col+opportunity,4.657435897435898,5.0858991334111145
00-0032775,WR,2023,recent_production_3col+opportunity,6.185526315789474,7.698741083521332
00-0033009,WR,2023,recent_production_3col+opportunity,5.22,7.243509442901171
00-0033040,WR,2023,recent_production_3col+opportunity,13.10514705882353,17.73519809546527
00-0033282,WR,2023,recent_production_3col+opportunity,4.234033613445378,8.442155648579755
00-0033307,WR,2023,recent_production_3col+opportunity,5.782500000000001,9.252956001047945
00-0033555,WR,2023,recent_production_3col+opportunity,7.326875,2.860941140500181
00-0033572,WR,2023,recent_production_3col+opportunity,0.0,3.13112678620722
00-0033589,WR,2023,recent_production_3col+opportunity,5.673333333333334,3.412328166197536
00-0033591,WR,2023,recent_production_3col+opportunity,5.585227272727273,7.57670569452301
00-0033857,WR,2023,recent_production_3col+opportunity,4.472478991596638,4.895186344932764
00-0033891,WR,2023,recent_production_3col+opportunity,3.8916666666666666,6.962869989290328
00-0033908,WR,2023,recent_production_3col+opportunity,10.81203007518797,9.922237057274698
00-0033921,WR,2023,recent_production_3col+opportunity,14.453968253968254,10.740703012173068
00-0033943,WR,2023,recent_production_3col+opportunity,4.71,7.570478841237902
00-0034054,WR,2023,recent_production_3col+opportunity,2.72,3.0729462399576306
00-0034272,WR,2023,recent_production_3col+opportunity,5.13,4.67596378580083
00-0034348,WR,2023,recent_production_3col+opportunity,13.743188854489166,9.855488198794687
00-0034386,WR,2023,recent_production_3col+opportunity,3.935294117647059,6.0078273765039425
00-0034407,WR,2023,recent_production_3col+opportunity,5.349509803921569,2.8737349830454058
00-0034418,WR,2023,recent_production_3col+opportunity,2.781025641025641,5.368606325171527
00-0034419,WR,2023,recent_production_3col+opportunity,0.97,3.789972835506369
00-0034487,WR,2023,recent_production_3col+opportunity,1.5339285714285715,2.6783675582126802
00-0034521,WR,2023,recent_production_3col+opportunity,6.527777777777778,4.2186309767794965
00-0034646,WR,2023,recent_production_3col+opportunity,0.8294117647058823,4.225503797603737
00-0034775,WR,2023,recent_production_3col+opportunity,8.135096153846154,10.035865331364276
00-0034777,WR,2023,recent_production_3col+opportunity,3.02,7.374576938116293
00-0034827,WR,2023,recent_production_3col+opportunity,12.452414860681117,14.018838550366798
00-0034837,WR,2023,recent_production_3col+opportunity,9.237394957983192,10.994993070744801
00-0034854,WR,2023,recent_production_3col+opportunity,1.5676136363636362,2.915452265271739
00-0034928,WR,2023,recent_production_3col+opportunity,0.2636363636363636,2.0595298827200113
00-0034960,WR,2023,recent_production_3col+opportunity,12.501960784313724,11.244977273764762
00-0034983,WR,2023,recent_production_3col+opportunity,5.983333333333334,3.4732276791837995
00-0035140,WR,2023,recent_production_3col+opportunity,2.766666666666667,4.2341291658521065
00-0035208,WR,2023,recent_production_3col+opportunity,6.318914473684211,3.6119462778309535
00-0035215,WR,2023,recent_production_3col+opportunity,0.0,3.848536024985166
00-0035216,WR,2023,recent_production_3col+opportunity,7.608333333333333,10.038569521197568
00-0035298,WR,2023,recent_production_3col+opportunity,2.5116666666666667,3.624619938607635
00-0035341,WR,2023,recent_production_3col+opportunity,0.75,4.4719671605962
00-0035406,WR,2023,recent_production_3col+opportunity,4.929761904761905,4.389522780217725
00-0035500,WR,2023,recent_production_3col+opportunity,5.785049019607843,4.929151292384745
00-0035535,WR,2023,recent_production_3col+opportunity,6.9660714285714285,8.374324181494325
00-0035639,WR,2023,recent_production_3col+opportunity,3.75,3.141825236806575
00-0035640,WR,2023,recent_production_3col+opportunity,12.417083333333334,12.093709266991644
00-0035645,WR,2023,recent_production_3col+opportunity,2.2387500000000005,1.218024186316816
00-0035659,WR,2023,recent_production_3col+opportunity,13.7725,10.23522007621855
00-0035662,WR,2023,recent_production_3col+opportunity,7.113125,9.10967220185681
00-0035676,WR,2023,recent_production_3col+opportunity,14.62095588235294,14.37273434126876
00-0035719,WR,2023,recent_production_3col+opportunity,11.067916666666669,11.84673450934897
00-0036133,WR,2023,recent_production_3col+opportunity,1.3250000000000002,0.8582427921366662
00-0036165,WR,2023,recent_production_3col+opportunity,4.583333333333333,4.820151797958845
00-0036176,WR,2023,recent_production_3col+opportunity,0.8750000000000001,0.8378692224049251
00-0036182,WR,2023,recent_production_3col+opportunity,5.611813186813186,6.127399128225421
00-0036196,WR,2023,recent_production_3col+opportunity,5.145,9.68208738425515
00-0036252,WR,2023,recent_production_3col+opportunity,11.134191176470589,13.217339951297518
00-0036259,WR,2023,recent_production_3col+opportunity,12.55372549019608,5.4946480328326075
00-0036261,WR,2023,recent_production_3col+opportunity,8.914285714285715,13.108626705107012
00-0036268,WR,2023,recent_production_3col+opportunity,1.47,2.377928860992318
00-0036309,WR,2023,recent_production_3col+opportunity,8.780833333333334,5.655389488590274
00-0036322,WR,2023,recent_production_3col+opportunity,15.045359477124183,16.1973294862106
00-0036331,WR,2023,recent_production_3col+opportunity,0.859514170040486,1.9004345084416734
00-0036345,WR,2023,recent_production_3col+opportunity,2.6714285714285713,7.452122310768278
00-0036358,WR,2023,recent_production_3col+opportunity,16.50692307692308,19.27738320492086
00-0036387,WR,2023,recent_production_3col+opportunity,2.1,3.7428825937144694
00-0036407,WR,2023,recent_production_3col+opportunity,10.63529411764706,8.841113569153926
00-0036410,WR,2023,recent_production_3col+opportunity,16.3075,10.177859570925245
00-0036415,WR,2023,recent_production_3col+opportunity,4.853125,3.5630680706446647
00-0036497,WR,2023,recent_production_3col+opportunity,0.8875,2.644607519725999
00-0036527,WR,2023,recent_production_3col+opportunity,3.925,0.9214294938042986
00-0036550,WR,2023,recent_production_3col+opportunity,7.730769230769232,6.16093887814615
00-0036554,WR,2023,recent_production_3col+opportunity,16.117410714285715,14.819275141933353
00-0036613,WR,2023,recent_production_3col+opportunity,11.052916666666668,11.731580243796667
00-0036620,WR,2023,recent_production_3col+opportunity,1.2036363636363636,0.11301712017018328
00-0036626,WR,2023,recent_production_3col+opportunity,5.267424242424243,3.8795196700005743
00-0036630,WR,2023,recent_production_3col+opportunity,2.1983766233766233,1.861636233231093
00-0036635,WR,2023,recent_production_3col+opportunity,0.4,3.571230012434539
00-0036841,WR,2023,recent_production_3col+opportunity,1.2666666666666668,2.297767338139879
00-0036849,WR,2023,recent_production_3col+opportunity,5.128125,8.05279197247305
00-0036862,WR,2023,recent_production_3col+opportunity,1.0920588235294115,2.605313608521393
00-0036900,WR,2023,recent_production_3col+opportunity,21.65294117647059,14.361595336146808
00-0036912,WR,2023,recent_production_3col+opportunity,13.09281045751634,12.879774863039842
00-0036955,WR,2023,recent_production_3col+opportunity,1.4200000000000002,4.544988926316401
00-0036963,WR,2023,recent_production_3col+opportunity,18.91496732026144,17.220357514287272
00-0036980,WR,2023,recent_production_3col+opportunity,5.055882352941177,8.500730060652062
00-0036988,WR,2023,recent_production_3col+opportunity,5.759166666666667,9.271904989817731
00-0037091,WR,2023,recent_production_3col+opportunity,1.8271978021978024,7.648665521373994
00-0037132,WR,2023,recent_production_3col+opportunity,1.3257142857142856,2.101429744510755
00-0037156,WR,2023,recent_production_3col+opportunity,0.0,0.40353880984824286
00-0037238,WR,2023,recent_production_3col+opportunity,16.671323529411765,10.836528841095554
00-0037239,WR,2023,recent_production_3col+opportunity,13.16875,13.266399450332408
00-0037240,WR,2023,recent_production_3col+opportunity,13.50514705882353,7.97860987713173
00-0037247,WR,2023,recent_production_3col+opportunity,14.721960784313724,11.914629525768646
00-0037261,WR,2023,recent_production_3col+opportunity,11.63888888888889,8.389489404890911
00-0037487,WR,2023,recent_production_3col+opportunity,1.112857142857143,3.943823065510608
00-0037545,WR,2023,recent_production_3col+opportunity,10.997619047619049,9.447828696978384
00-0037614,WR,2023,recent_production_3col+opportunity,5.502884615384616,4.3524653909433155
00-0037664,WR,2023,recent_production_3col+opportunity,11.15375,6.897571651444621
00-0037666,WR,2023,recent_production_3col+opportunity,6.399754901960784,5.135090093504389
00-0037740,WR,2023,recent_production_3col+opportunity,14.515966386554622,11.993583392315063
00-0037741,WR,2023,recent_production_3col+opportunity,3.325,8.046968857516712
00-0037742,WR,2023,recent_production_3col+opportunity,2.5625,4.886433527778747
00-0037745,WR,2023,recent_production_3col+opportunity,0.7000000000000001,1.7969486089244882
00-0037801,WR,2023,recent_production_3col+opportunity,5.881372549019608,3.9038898989103834
00-0037816,WR,2023,recent_production_3col+opportunity,10.476890756302522,11.129383231868704
00-0037837,WR,2023,recent_production_3col+opportunity,6.4527777777777775,4.80919086789978
00-0038090,WR,2023,recent_production_3col+opportunity,0.7947368421052632,5.095626875292492
00-0038104,WR,2023,recent_production_3col+opportunity,4.454166666666667,3.7669877859737877
00-0038117,WR,2023,recent_production_3col+opportunity,12.182904411764708,8.84322595287027
00-0038124,WR,2023,recent_production_3col+opportunity,10.351623376623376,8.590543842894018
00-0038393,WR,2023,recent_production_3col+opportunity,6.148717948717948,8.407681746172189
00-0038465,WR,2023,recent_production_3col+opportunity,3.68452380952381,4.032699495714764
00-0038496,WR,2023,recent_production_3col+opportunity,0.6990196078431372,5.467961708109101
00-0038543,WR,2023,recent_production_3col+opportunity,17.661176470588238,9.522697885809881
00-0038544,WR,2023,recent_production_3col+opportunity,11.752232142857142,7.020832306847629
00-0038559,WR,2023,recent_production_3col+opportunity,10.378860294117649,8.55257070559214
00-0038563,WR,2023,recent_production_3col+opportunity,8.558823529411764,6.264891013336653
00-0038573,WR,2023,recent_production_3col+opportunity,1.4333333333333331,3.94460391882879
00-0038576,WR,2023,recent_production_3col+opportunity,0.75,2.6167432554761545
00-0038606,WR,2023,recent_production_3col+opportunity,9.599579831932772,5.4855768672667065
00-0038618,WR,2023,recent_production_3col+opportunity,4.235069444444445,3.5790519278034747
00-0038619,WR,2023,recent_production_3col+opportunity,6.523137254901961,4.892589745404946
00-0038621,WR,2023,recent_production_3col+opportunity,7.570625000000001,7.746530775857228
00-0038647,WR,2023,recent_production_3col+opportunity,1.05,3.8129861668498917
00-0038752,WR,2023,recent_production_3col+opportunity,2.19375,4.583608193560968
00-0038821,WR,2023,recent_production_3col+opportunity,2.6750000000000003,2.6507565543785847
00-0038938,WR,2023,recent_production_3col+opportunity,1.4183333333333334,5.974000902983533
00-0038941,WR,2023,recent_production_3col+opportunity,0.375,4.336952041347418
00-0038976,WR,2023,recent_production_3col+opportunity,7.468300653594771,6.283486623225054
00-0038977,WR,2023,recent_production_3col+opportunity,10.0,13.227192891740236
00-0038979,WR,2023,recent_production_3col+opportunity,6.966666666666667,4.919311820418708
00-0038994,WR,2023,recent_production_3col+opportunity,11.65,12.646786410613382
00-0038997,WR,2023,recent_production_3col+opportunity,10.87857142857143,9.61104078440754
00-0039052,WR,2023,recent_production_3col+opportunity,2.3466666666666667,7.552710397104029
00-0039062,WR,2023,recent_production_3col+opportunity,1.5,7.008432220746116
00-0039064,WR,2023,recent_production_3col+opportunity,13.31764705882353,12.074319030816174
00-0039067,WR,2023,recent_production_3col+opportunity,17.49375,12.627096260142295
00-0039075,WR,2023,recent_production_3col+opportunity,20.848987854251018,16.1654397038399
00-0039146,WR,2023,recent_production_3col+opportunity,11.061111111111114,11.620695742591609
00-0030035,WR,2023,deployed_recipe+opportunity,8.445,9.51758819663813
00-0030279,WR,2023,deployed_recipe+opportunity,11.374444444444444,15.68895905056344
00-0030431,WR,2023,deployed_recipe+opportunity,2.65625,4.234317210223235
00-0030564,WR,2023,deployed_recipe+opportunity,6.204798761609907,11.405980798217431
00-0031235,WR,2023,deployed_recipe+opportunity,1.8125,6.29885216845685
00-0031236,WR,2023,deployed_recipe+opportunity,5.636666666666667,8.580117304250269
00-0031381,WR,2023,deployed_recipe+opportunity,16.21785714285714,13.510123556519211
00-0031408,WR,2023,deployed_recipe+opportunity,14.053333333333336,13.869578025485122
00-0031428,WR,2023,deployed_recipe+opportunity,1.0,3.2208522586406443
00-0031544,WR,2023,deployed_recipe+opportunity,8.3,12.361810289766186
00-0031549,WR,2023,deployed_recipe+opportunity,3.506666666666667,4.84983765499843
00-0031588,WR,2023,deployed_recipe+opportunity,13.365238095238094,13.52176308946055
00-0031763,WR,2023,deployed_recipe+opportunity,0.6230769230769231,1.1205140155466458
00-0031941,WR,2023,deployed_recipe+opportunity,4.2625,1.9865669378644362
00-0032211,WR,2023,deployed_recipe+opportunity,5.5323529411764705,9.848641170944223
00-0032385,WR,2023,deployed_recipe+opportunity,6.242307692307692,1.9421234624758155
00-0032398,WR,2023,deployed_recipe+opportunity,3.86,3.8223176176085687
00-0032464,WR,2023,deployed_recipe+opportunity,4.657435897435898,5.08872325733316
00-0032775,WR,2023,deployed_recipe+opportunity,6.185526315789474,6.892385126367433
00-0033009,WR,2023,deployed_recipe+opportunity,5.22,6.999295060563908
00-0033040,WR,2023,deployed_recipe+opportunity,13.10514705882353,19.166973734785262
00-0033282,WR,2023,deployed_recipe+opportunity,4.234033613445378,8.160739837470967
00-0033307,WR,2023,deployed_recipe+opportunity,5.782500000000001,7.899760566630923
00-0033555,WR,2023,deployed_recipe+opportunity,7.326875,2.9413821204581265
00-0033572,WR,2023,deployed_recipe+opportunity,0.0,2.6757431364821764
00-0033589,WR,2023,deployed_recipe+opportunity,5.673333333333334,4.200813429659815
00-0033591,WR,2023,deployed_recipe+opportunity,5.585227272727273,6.7925432243851
00-0033857,WR,2023,deployed_recipe+opportunity,4.472478991596638,4.596747818272986
00-0033891,WR,2023,deployed_recipe+opportunity,3.8916666666666666,6.866493440345389
00-0033908,WR,2023,deployed_recipe+opportunity,10.81203007518797,11.69530920469116
00-0033921,WR,2023,deployed_recipe+opportunity,14.453968253968254,11.30633427832565
00-0033943,WR,2023,deployed_recipe+opportunity,4.71,7.136510585618615
00-0034054,WR,2023,deployed_recipe+opportunity,2.72,2.4767870844761766
00-0034272,WR,2023,deployed_recipe+opportunity,5.13,4.520028419013425
00-0034348,WR,2023,deployed_recipe+opportunity,13.743188854489166,9.54115227791132
00-0034386,WR,2023,deployed_recipe+opportunity,3.935294117647059,5.310198034130253
00-0034407,WR,2023,deployed_recipe+opportunity,5.349509803921569,2.120706198551804
00-0034418,WR,2023,deployed_recipe+opportunity,2.781025641025641,4.097973350712612
00-0034419,WR,2023,deployed_recipe+opportunity,0.97,2.916379566689726
00-0034487,WR,2023,deployed_recipe+opportunity,1.5339285714285715,1.7706303086654618
00-0034521,WR,2023,deployed_recipe+opportunity,6.527777777777778,4.202926170287743
00-0034646,WR,2023,deployed_recipe+opportunity,0.8294117647058823,3.2957368991246967
00-0034775,WR,2023,deployed_recipe+opportunity,8.135096153846154,10.560844206318112
00-0034777,WR,2023,deployed_recipe+opportunity,3.02,7.095209323013772
00-0034827,WR,2023,deployed_recipe+opportunity,12.452414860681117,13.687185141178436
00-0034837,WR,2023,deployed_recipe+opportunity,9.237394957983192,10.786430659470454
00-0034854,WR,2023,deployed_recipe+opportunity,1.5676136363636362,2.2147441828143757
00-0034928,WR,2023,deployed_recipe+opportunity,0.2636363636363636,1.815711833331525
00-0034960,WR,2023,deployed_recipe+opportunity,12.501960784313724,11.012554777793863
00-0034983,WR,2023,deployed_recipe+opportunity,5.983333333333334,3.4205680102596037
00-0035140,WR,2023,deployed_recipe+opportunity,2.766666666666667,4.570377677445038
00-0035208,WR,2023,deployed_recipe+opportunity,6.318914473684211,2.974097283387513
00-0035215,WR,2023,deployed_recipe+opportunity,0.0,3.0219660416011322
00-0035216,WR,2023,deployed_recipe+opportunity,7.608333333333333,9.85880337222801
00-0035298,WR,2023,deployed_recipe+opportunity,2.5116666666666667,2.775381391809134
00-0035341,WR,2023,deployed_recipe+opportunity,0.75,3.893956768708659
00-0035406,WR,2023,deployed_recipe+opportunity,4.929761904761905,2.812410135795072
00-0035500,WR,2023,deployed_recipe+opportunity,5.785049019607843,4.660369580521044
00-0035535,WR,2023,deployed_recipe+opportunity,6.9660714285714285,7.973698220666257
00-0035639,WR,2023,deployed_recipe+opportunity,3.75,2.8168580081411054
00-0035640,WR,2023,deployed_recipe+opportunity,12.417083333333334,12.434954738958591
00-0035645,WR,2023,deployed_recipe+opportunity,2.2387500000000005,-0.16323846072368653
00-0035659,WR,2023,deployed_recipe+opportunity,13.7725,10.458303709390247
00-0035662,WR,2023,deployed_recipe+opportunity,7.113125,9.150263957132069
00-0035676,WR,2023,deployed_recipe+opportunity,14.62095588235294,14.86960032386159
00-0035719,WR,2023,deployed_recipe+opportunity,11.067916666666669,12.516215694482927
00-0036133,WR,2023,deployed_recipe+opportunity,1.3250000000000002,-0.398381579437026
00-0036165,WR,2023,deployed_recipe+opportunity,4.583333333333333,5.264190325137786
00-0036176,WR,2023,deployed_recipe+opportunity,0.8750000000000001,1.3816764910852553
00-0036182,WR,2023,deployed_recipe+opportunity,5.611813186813186,5.011224164954906
00-0036196,WR,2023,deployed_recipe+opportunity,5.145,9.543570800811871
00-0036252,WR,2023,deployed_recipe+opportunity,11.134191176470589,13.036889419166506
00-0036259,WR,2023,deployed_recipe+opportunity,12.55372549019608,4.808644515830812
00-0036261,WR,2023,deployed_recipe+opportunity,8.914285714285715,13.267943249199714
00-0036268,WR,2023,deployed_recipe+opportunity,1.47,2.127069065558238
00-0036309,WR,2023,deployed_recipe+opportunity,8.780833333333334,5.490704131525745
00-0036322,WR,2023,deployed_recipe+opportunity,15.045359477124183,17.250370918252667
00-0036331,WR,2023,deployed_recipe+opportunity,0.859514170040486,1.835160692299874
00-0036345,WR,2023,deployed_recipe+opportunity,2.6714285714285713,7.064490024532895
00-0036358,WR,2023,deployed_recipe+opportunity,16.50692307692308,19.652640194828646
00-0036387,WR,2023,deployed_recipe+opportunity,2.1,2.377675192683939
00-0036407,WR,2023,deployed_recipe+opportunity,10.63529411764706,9.393727921645153
00-0036410,WR,2023,deployed_recipe+opportunity,16.3075,10.570408220770641
00-0036415,WR,2023,deployed_recipe+opportunity,4.853125,3.3226158506644503
00-0036497,WR,2023,deployed_recipe+opportunity,0.8875,1.4078343849936514
00-0036527,WR,2023,deployed_recipe+opportunity,3.925,0.13764881558617148
00-0036550,WR,2023,deployed_recipe+opportunity,7.730769230769232,6.0599962586625615
00-0036554,WR,2023,deployed_recipe+opportunity,16.117410714285715,14.358160729631301
00-0036613,WR,2023,deployed_recipe+opportunity,11.052916666666668,12.460883023448645
00-0036620,WR,2023,deployed_recipe+opportunity,1.2036363636363636,-1.2108600837086367
00-0036626,WR,2023,deployed_recipe+opportunity,5.267424242424243,3.204929417749285
00-0036630,WR,2023,deployed_recipe+opportunity,2.1983766233766233,0.4275754577976354
00-0036635,WR,2023,deployed_recipe+opportunity,0.4,2.3660668783227106
00-0036841,WR,2023,deployed_recipe+opportunity,1.2666666666666668,3.1093551082271724
00-0036849,WR,2023,deployed_recipe+opportunity,5.128125,6.8404079739141475
00-0036862,WR,2023,deployed_recipe+opportunity,1.0920588235294115,2.2693289367961205
00-0036900,WR,2023,deployed_recipe+opportunity,21.65294117647059,15.410152366294295
00-0036912,WR,2023,deployed_recipe+opportunity,13.09281045751634,12.999784917352052
00-0036955,WR,2023,deployed_recipe+opportunity,1.4200000000000002,3.510224438925894
00-0036963,WR,2023,deployed_recipe+opportunity,18.91496732026144,17.51471778162325
00-0036980,WR,2023,deployed_recipe+opportunity,5.055882352941177,7.825177015954452
00-0036988,WR,2023,deployed_recipe+opportunity,5.759166666666667,8.639632611478344
00-0037091,WR,2023,deployed_recipe+opportunity,1.8271978021978024,8.075648421426743
00-0037132,WR,2023,deployed_recipe+opportunity,1.3257142857142856,1.397332934554111
00-0037156,WR,2023,deployed_recipe+opportunity,0.0,0.6716720735886565
00-0037238,WR,2023,deployed_recipe+opportunity,16.671323529411765,10.816371669238247
00-0037239,WR,2023,deployed_recipe+opportunity,13.16875,13.75459003379904
00-0037240,WR,2023,deployed_recipe+opportunity,13.50514705882353,7.0130650264653385
00-0037247,WR,2023,deployed_recipe+opportunity,14.721960784313724,11.979249651993918
00-0037261,WR,2023,deployed_recipe+opportunity,11.63888888888889,7.904615273720002
00-0037487,WR,2023,deployed_recipe+opportunity,1.112857142857143,3.2609899528792146
00-0037545,WR,2023,deployed_recipe+opportunity,10.997619047619049,9.337449306949836
00-0037614,WR,2023,deployed_recipe+opportunity,5.502884615384616,4.892390048445441
00-0037664,WR,2023,deployed_recipe+opportunity,11.15375,6.419485333200733
00-0037666,WR,2023,deployed_recipe+opportunity,6.399754901960784,5.573810192370619
00-0037740,WR,2023,deployed_recipe+opportunity,14.515966386554622,12.307539930223419
00-0037741,WR,2023,deployed_recipe+opportunity,3.325,8.019580093820316
00-0037742,WR,2023,deployed_recipe+opportunity,2.5625,4.902451535983456
00-0037745,WR,2023,deployed_recipe+opportunity,0.7000000000000001,1.407258492718868
00-0037801,WR,2023,deployed_recipe+opportunity,5.881372549019608,3.011733223748663
00-0037816,WR,2023,deployed_recipe+opportunity,10.476890756302522,10.78797318680008
00-0037837,WR,2023,deployed_recipe+opportunity,6.4527777777777775,5.374704545493513
00-0038090,WR,2023,deployed_recipe+opportunity,0.7947368421052632,4.301861633016494
00-0038104,WR,2023,deployed_recipe+opportunity,4.454166666666667,3.363317076824504
00-0038117,WR,2023,deployed_recipe+opportunity,12.182904411764708,8.811552125188346
00-0038124,WR,2023,deployed_recipe+opportunity,10.351623376623376,8.951857845705316
00-0038393,WR,2023,deployed_recipe+opportunity,6.148717948717948,8.760383751411574
00-0038465,WR,2023,deployed_recipe+opportunity,3.68452380952381,4.530386493073067
00-0038496,WR,2023,deployed_recipe+opportunity,0.6990196078431372,5.878366653269984
00-0038543,WR,2023,deployed_recipe+opportunity,17.661176470588238,9.603280794495458
00-0038544,WR,2023,deployed_recipe+opportunity,11.752232142857142,7.1602935642225525
00-0038559,WR,2023,deployed_recipe+opportunity,10.378860294117649,8.461095395445525
00-0038563,WR,2023,deployed_recipe+opportunity,8.558823529411764,6.848582484408066
00-0038573,WR,2023,deployed_recipe+opportunity,1.4333333333333331,4.669716094505679
00-0038576,WR,2023,deployed_recipe+opportunity,0.75,3.6674235668670625
00-0038606,WR,2023,deployed_recipe+opportunity,9.599579831932772,5.518313536527456
00-0038618,WR,2023,deployed_recipe+opportunity,4.235069444444445,4.080800597910565
00-0038619,WR,2023,deployed_recipe+opportunity,6.523137254901961,5.14744566214566
00-0038621,WR,2023,deployed_recipe+opportunity,7.570625000000001,8.034825230562813
00-0038647,WR,2023,deployed_recipe+opportunity,1.05,4.360190247174324
00-0038752,WR,2023,deployed_recipe+opportunity,2.19375,5.130582686646636
00-0038821,WR,2023,deployed_recipe+opportunity,2.6750000000000003,3.271734462855182
00-0038938,WR,2023,deployed_recipe+opportunity,1.4183333333333334,6.376271455221788
00-0038941,WR,2023,deployed_recipe+opportunity,0.375,4.790124043146109
00-0038976,WR,2023,deployed_recipe+opportunity,7.468300653594771,6.920554295734803
00-0038977,WR,2023,deployed_recipe+opportunity,10.0,12.958787416001424
00-0038979,WR,2023,deployed_recipe+opportunity,6.966666666666667,5.106799466307825
00-0038994,WR,2023,deployed_recipe+opportunity,11.65,12.319075114616107
00-0038997,WR,2023,deployed_recipe+opportunity,10.87857142857143,9.753430751355054
00-0039052,WR,2023,deployed_recipe+opportunity,2.3466666666666667,7.8154239894191235
00-0039062,WR,2023,deployed_recipe+opportunity,1.5,7.057680489644811
00-0039064,WR,2023,deployed_recipe+opportunity,13.31764705882353,11.960583730679367
00-0039067,WR,2023,deployed_recipe+opportunity,17.49375,12.818549000444591
00-0039075,WR,2023,deployed_recipe+opportunity,20.848987854251018,15.898066910902134
00-0039146,WR,2023,deployed_recipe+opportunity,11.061111111111114,11.785927232628524
00-0030035,WR,2023,exploratory:recent_production_3col+xfp,8.445,9.813895070190863
00-0030279,WR,2023,exploratory:recent_production_3col+xfp,11.374444444444444,15.621715268196692
00-0030431,WR,2023,exploratory:recent_production_3col+xfp,2.65625,4.8168669676034614
00-0030564,WR,2023,exploratory:recent_production_3col+xfp,6.204798761609907,10.126891979729795
00-0031235,WR,2023,exploratory:recent_production_3col+xfp,1.8125,5.707754418204059
00-0031236,WR,2023,exploratory:recent_production_3col+xfp,5.636666666666667,8.705927174374404
00-0031381,WR,2023,exploratory:recent_production_3col+xfp,16.21785714285714,12.079991520441197
00-0031408,WR,2023,exploratory:recent_production_3col+xfp,14.053333333333336,13.169656059196516
00-0031428,WR,2023,exploratory:recent_production_3col+xfp,1.0,3.6301535177055704
00-0031544,WR,2023,exploratory:recent_production_3col+xfp,8.3,11.638890774300721
00-0031549,WR,2023,exploratory:recent_production_3col+xfp,3.506666666666667,5.296324228021173
00-0031588,WR,2023,exploratory:recent_production_3col+xfp,13.365238095238094,12.302718435695672
00-0031763,WR,2023,exploratory:recent_production_3col+xfp,0.6230769230769231,1.138434209877202
00-0031941,WR,2023,exploratory:recent_production_3col+xfp,4.2625,2.2735839019066733
00-0032211,WR,2023,exploratory:recent_production_3col+xfp,5.5323529411764705,9.243369724194373
00-0032385,WR,2023,exploratory:recent_production_3col+xfp,6.242307692307692,1.572061804672244
00-0032398,WR,2023,exploratory:recent_production_3col+xfp,3.86,3.7198296661734065
00-0032464,WR,2023,exploratory:recent_production_3col+xfp,4.657435897435898,5.10542142305562
00-0032775,WR,2023,exploratory:recent_production_3col+xfp,6.185526315789474,7.589085214800432
00-0033009,WR,2023,exploratory:recent_production_3col+xfp,5.22,7.284403250869033
00-0033040,WR,2023,exploratory:recent_production_3col+xfp,13.10514705882353,17.748327403978195
00-0033282,WR,2023,exploratory:recent_production_3col+xfp,4.234033613445378,8.578112743531591
00-0033307,WR,2023,exploratory:recent_production_3col+xfp,5.782500000000001,9.145163916918854
00-0033555,WR,2023,exploratory:recent_production_3col+xfp,7.326875,2.7186349477708496
00-0033572,WR,2023,exploratory:recent_production_3col+xfp,0.0,3.120653090352141
00-0033589,WR,2023,exploratory:recent_production_3col+xfp,5.673333333333334,3.2363272699033416
00-0033591,WR,2023,exploratory:recent_production_3col+xfp,5.585227272727273,7.47433066961492
00-0033857,WR,2023,exploratory:recent_production_3col+xfp,4.472478991596638,4.844882496693184
00-0033891,WR,2023,exploratory:recent_production_3col+xfp,3.8916666666666666,6.818997784722254
00-0033908,WR,2023,exploratory:recent_production_3col+xfp,10.81203007518797,10.003286010652417
00-0033921,WR,2023,exploratory:recent_production_3col+xfp,14.453968253968254,10.789532557085337
00-0033943,WR,2023,exploratory:recent_production_3col+xfp,4.71,7.547861058628607
00-0034054,WR,2023,exploratory:recent_production_3col+xfp,2.72,3.0741478688008583
00-0034272,WR,2023,exploratory:recent_production_3col+xfp,5.13,4.4935192732453135
00-0034348,WR,2023,exploratory:recent_production_3col+xfp,13.743188854489166,9.680457927500022
00-0034386,WR,2023,exploratory:recent_production_3col+xfp,3.935294117647059,5.815751578229519
00-0034407,WR,2023,exploratory:recent_production_3col+xfp,5.349509803921569,2.836692025484732
00-0034418,WR,2023,exploratory:recent_production_3col+xfp,2.781025641025641,5.267752201765728
00-0034419,WR,2023,exploratory:recent_production_3col+xfp,0.97,3.715750339157883
00-0034487,WR,2023,exploratory:recent_production_3col+xfp,1.5339285714285715,2.6156364110406947
00-0034521,WR,2023,exploratory:recent_production_3col+xfp,6.527777777777778,4.042795801868431
00-0034646,WR,2023,exploratory:recent_production_3col+xfp,0.8294117647058823,4.241719220219083
00-0034775,WR,2023,exploratory:recent_production_3col+xfp,8.135096153846154,9.975344694385768
00-0034777,WR,2023,exploratory:recent_production_3col+xfp,3.02,7.09423901903616
00-0034827,WR,2023,exploratory:recent_production_3col+xfp,12.452414860681117,13.893492052354311
00-0034837,WR,2023,exploratory:recent_production_3col+xfp,9.237394957983192,11.050558802068501
00-0034854,WR,2023,exploratory:recent_production_3col+xfp,1.5676136363636362,2.7752362825760772
00-0034928,WR,2023,exploratory:recent_production_3col+xfp,0.2636363636363636,1.8195579954674486
00-0034960,WR,2023,exploratory:recent_production_3col+xfp,12.501960784313724,11.290252512176494
00-0034983,WR,2023,exploratory:recent_production_3col+xfp,5.983333333333334,3.4161329023571168
00-0035140,WR,2023,exploratory:recent_production_3col+xfp,2.766666666666667,4.3031269015390405
00-0035208,WR,2023,exploratory:recent_production_3col+xfp,6.318914473684211,3.5118936194588435
00-0035215,WR,2023,exploratory:recent_production_3col+xfp,0.0,3.78151192842562
00-0035216,WR,2023,exploratory:recent_production_3col+xfp,7.608333333333333,9.789094895959842
00-0035298,WR,2023,exploratory:recent_production_3col+xfp,2.5116666666666667,3.4964061464492513
00-0035341,WR,2023,exploratory:recent_production_3col+xfp,0.75,4.362145668433842
00-0035406,WR,2023,exploratory:recent_production_3col+xfp,4.929761904761905,4.263633874257736
00-0035500,WR,2023,exploratory:recent_production_3col+xfp,5.785049019607843,4.8434318754915235
00-0035535,WR,2023,exploratory:recent_production_3col+xfp,6.9660714285714285,8.128858281353137
00-0035639,WR,2023,exploratory:recent_production_3col+xfp,3.75,3.125168211800432
00-0035640,WR,2023,exploratory:recent_production_3col+xfp,12.417083333333334,11.98287680886217
00-0035645,WR,2023,exploratory:recent_production_3col+xfp,2.2387500000000005,1.0399210663133518
00-0035659,WR,2023,exploratory:recent_production_3col+xfp,13.7725,10.056861855427073
00-0035662,WR,2023,exploratory:recent_production_3col+xfp,7.113125,9.068970846394093
00-0035676,WR,2023,exploratory:recent_production_3col+xfp,14.62095588235294,14.237482178301846
00-0035719,WR,2023,exploratory:recent_production_3col+xfp,11.067916666666669,12.62695656676588
00-0036133,WR,2023,exploratory:recent_production_3col+xfp,1.3250000000000002,0.7354619871207975
00-0036165,WR,2023,exploratory:recent_production_3col+xfp,4.583333333333333,4.735593847107593
00-0036176,WR,2023,exploratory:recent_production_3col+xfp,0.8750000000000001,0.7454373393861013
00-0036182,WR,2023,exploratory:recent_production_3col+xfp,5.611813186813186,5.982388817920701
00-0036196,WR,2023,exploratory:recent_production_3col+xfp,5.145,9.556784308399665
00-0036252,WR,2023,exploratory:recent_production_3col+xfp,11.134191176470589,13.213894132167457
00-0036259,WR,2023,exploratory:recent_production_3col+xfp,12.55372549019608,5.424420126441728
00-0036261,WR,2023,exploratory:recent_production_3col+xfp,8.914285714285715,12.894919339204503
00-0036268,WR,2023,exploratory:recent_production_3col+xfp,1.47,2.8026807244185115
00-0036309,WR,2023,exploratory:recent_production_3col+xfp,8.780833333333334,5.646506198879162
00-0036322,WR,2023,exploratory:recent_production_3col+xfp,15.045359477124183,16.093931848095057
00-0036331,WR,2023,exploratory:recent_production_3col+xfp,0.859514170040486,1.9068433541922873
00-0036345,WR,2023,exploratory:recent_production_3col+xfp,2.6714285714285713,7.451063973691783
00-0036358,WR,2023,exploratory:recent_production_3col+xfp,16.50692307692308,19.59238070143402
00-0036387,WR,2023,exploratory:recent_production_3col+xfp,2.1,3.5024538372993685
00-0036407,WR,2023,exploratory:recent_production_3col+xfp,10.63529411764706,8.692704164108571
00-0036410,WR,2023,exploratory:recent_production_3col+xfp,16.3075,10.023583019844526
00-0036415,WR,2023,exploratory:recent_production_3col+xfp,4.853125,3.452606671897804
00-0036497,WR,2023,exploratory:recent_production_3col+xfp,0.8875,2.5733743505564393
00-0036527,WR,2023,exploratory:recent_production_3col+xfp,3.925,2.0812103244739566
00-0036550,WR,2023,exploratory:recent_production_3col+xfp,7.730769230769232,6.059124830802236
00-0036554,WR,2023,exploratory:recent_production_3col+xfp,16.117410714285715,14.680363799773396
00-0036613,WR,2023,exploratory:recent_production_3col+xfp,11.052916666666668,11.760875673660383
00-0036620,WR,2023,exploratory:recent_production_3col+xfp,1.2036363636363636,0.18798886709496454
00-0036626,WR,2023,exploratory:recent_production_3col+xfp,5.267424242424243,3.815480646316639
00-0036630,WR,2023,exploratory:recent_production_3col+xfp,2.1983766233766233,1.5982945952856005
00-0036635,WR,2023,exploratory:recent_production_3col+xfp,0.4,3.5747790533137604
00-0036841,WR,2023,exploratory:recent_production_3col+xfp,1.2666666666666668,2.217709727795751
00-0036849,WR,2023,exploratory:recent_production_3col+xfp,5.128125,8.068257598091032
00-0036862,WR,2023,exploratory:recent_production_3col+xfp,1.0920588235294115,2.5889606193853987
00-0036900,WR,2023,exploratory:recent_production_3col+xfp,21.65294117647059,14.410611335280425
00-0036912,WR,2023,exploratory:recent_production_3col+xfp,13.09281045751634,12.702530942656052
00-0036955,WR,2023,exploratory:recent_production_3col+xfp,1.4200000000000002,4.514547792962345
00-0036963,WR,2023,exploratory:recent_production_3col+xfp,18.91496732026144,17.396483969643697
00-0036980,WR,2023,exploratory:recent_production_3col+xfp,5.055882352941177,8.573871868266156
00-0036988,WR,2023,exploratory:recent_production_3col+xfp,5.759166666666667,9.212946017915495
00-0037091,WR,2023,exploratory:recent_production_3col+xfp,1.8271978021978024,7.729059635910317
00-0037132,WR,2023,exploratory:recent_production_3col+xfp,1.3257142857142856,2.003836028835978
00-0037156,WR,2023,exploratory:recent_production_3col+xfp,0.0,0.29913615459006415
00-0037238,WR,2023,exploratory:recent_production_3col+xfp,16.671323529411765,10.718212175955177
00-0037239,WR,2023,exploratory:recent_production_3col+xfp,13.16875,13.070108890495852
00-0037240,WR,2023,exploratory:recent_production_3col+xfp,13.50514705882353,7.896592123398947
00-0037247,WR,2023,exploratory:recent_production_3col+xfp,14.721960784313724,11.70055578877697
00-0037261,WR,2023,exploratory:recent_production_3col+xfp,11.63888888888889,8.28193367354373
00-0037487,WR,2023,exploratory:recent_production_3col+xfp,1.112857142857143,4.05366504576646
00-0037545,WR,2023,exploratory:recent_production_3col+xfp,10.997619047619049,9.327200482207111
00-0037614,WR,2023,exploratory:recent_production_3col+xfp,5.502884615384616,4.371699199161323
00-0037664,WR,2023,exploratory:recent_production_3col+xfp,11.15375,6.761585017947486
00-0037666,WR,2023,exploratory:recent_production_3col+xfp,6.399754901960784,5.0634735115763
00-0037740,WR,2023,exploratory:recent_production_3col+xfp,14.515966386554622,11.987878780649718
00-0037741,WR,2023,exploratory:recent_production_3col+xfp,3.325,7.999633733274393
00-0037742,WR,2023,exploratory:recent_production_3col+xfp,2.5625,4.877872338794405
00-0037745,WR,2023,exploratory:recent_production_3col+xfp,0.7000000000000001,1.887162743653021
00-0037801,WR,2023,exploratory:recent_production_3col+xfp,5.881372549019608,4.011799882537971
00-0037816,WR,2023,exploratory:recent_production_3col+xfp,10.476890756302522,11.030304017792602
00-0037837,WR,2023,exploratory:recent_production_3col+xfp,6.4527777777777775,4.874795165967611
00-0038090,WR,2023,exploratory:recent_production_3col+xfp,0.7947368421052632,5.151854801747309
00-0038104,WR,2023,exploratory:recent_production_3col+xfp,4.454166666666667,3.783319138866996
00-0038117,WR,2023,exploratory:recent_production_3col+xfp,12.182904411764708,8.963026816862293
00-0038124,WR,2023,exploratory:recent_production_3col+xfp,10.351623376623376,8.568009736038029
00-0038393,WR,2023,exploratory:recent_production_3col+xfp,6.148717948717948,8.337884114346306
00-0038465,WR,2023,exploratory:recent_production_3col+xfp,3.68452380952381,3.984625300189456
00-0038496,WR,2023,exploratory:recent_production_3col+xfp,0.6990196078431372,5.443527423047641
00-0038543,WR,2023,exploratory:recent_production_3col+xfp,17.661176470588238,9.546534353407178
00-0038544,WR,2023,exploratory:recent_production_3col+xfp,11.752232142857142,6.989825508107043
00-0038559,WR,2023,exploratory:recent_production_3col+xfp,10.378860294117649,8.368930787579533
00-0038563,WR,2023,exploratory:recent_production_3col+xfp,8.558823529411764,6.323393026007079
00-0038573,WR,2023,exploratory:recent_production_3col+xfp,1.4333333333333331,4.1281480438604845
00-0038576,WR,2023,exploratory:recent_production_3col+xfp,0.75,2.4889390658687813
00-0038606,WR,2023,exploratory:recent_production_3col+xfp,9.599579831932772,5.398476264025048
00-0038618,WR,2023,exploratory:recent_production_3col+xfp,4.235069444444445,3.657992762222233
00-0038619,WR,2023,exploratory:recent_production_3col+xfp,6.523137254901961,4.828560009218496
00-0038621,WR,2023,exploratory:recent_production_3col+xfp,7.570625000000001,7.866157366608329
00-0038647,WR,2023,exploratory:recent_production_3col+xfp,1.05,3.7235096764287015
00-0038752,WR,2023,exploratory:recent_production_3col+xfp,2.19375,4.531514542245335
00-0038821,WR,2023,exploratory:recent_production_3col+xfp,2.6750000000000003,2.5866572885222237
00-0038938,WR,2023,exploratory:recent_production_3col+xfp,1.4183333333333334,5.711297885655225
00-0038941,WR,2023,exploratory:recent_production_3col+xfp,0.375,4.450924762927654
00-0038976,WR,2023,exploratory:recent_production_3col+xfp,7.468300653594771,6.258922536119527
00-0038977,WR,2023,exploratory:recent_production_3col+xfp,10.0,13.33040497083552
00-0038979,WR,2023,exploratory:recent_production_3col+xfp,6.966666666666667,4.8939296965342525
00-0038994,WR,2023,exploratory:recent_production_3col+xfp,11.65,12.568410317958865
00-0038997,WR,2023,exploratory:recent_production_3col+xfp,10.87857142857143,9.579919111141958
00-0039052,WR,2023,exploratory:recent_production_3col+xfp,2.3466666666666667,7.524347280243983
00-0039062,WR,2023,exploratory:recent_production_3col+xfp,1.5,6.9165669094849225
00-0039064,WR,2023,exploratory:recent_production_3col+xfp,13.31764705882353,12.190273668898868
00-0039067,WR,2023,exploratory:recent_production_3col+xfp,17.49375,12.733050807347784
00-0039075,WR,2023,exploratory:recent_production_3col+xfp,20.848987854251018,16.368342350054697
00-0039146,WR,2023,exploratory:recent_production_3col+xfp,11.061111111111114,11.711554617008217
00-0030035,WR,2023,exploratory:deployed_recipe+xfp,8.445,9.525735213213197
00-0030279,WR,2023,exploratory:deployed_recipe+xfp,11.374444444444444,15.692209894137257
00-0030431,WR,2023,exploratory:deployed_recipe+xfp,2.65625,4.1605486368785645
00-0030564,WR,2023,exploratory:deployed_recipe+xfp,6.204798761609907,11.089714651729118
00-0031235,WR,2023,exploratory:deployed_recipe+xfp,1.8125,6.1247924314893245
00-0031236,WR,2023,exploratory:deployed_recipe+xfp,5.636666666666667,8.550455018335667
00-0031381,WR,2023,exploratory:deployed_recipe+xfp,16.21785714285714,13.374215505619864
00-0031408,WR,2023,exploratory:deployed_recipe+xfp,14.053333333333336,13.584648987858797
00-0031428,WR,2023,exploratory:deployed_recipe+xfp,1.0,3.2306490592336536
00-0031544,WR,2023,exploratory:deployed_recipe+xfp,8.3,12.057544485146222
00-0031549,WR,2023,exploratory:deployed_recipe+xfp,3.506666666666667,4.729034355838559
00-0031588,WR,2023,exploratory:deployed_recipe+xfp,13.365238095238094,13.447752545655426
00-0031763,WR,2023,exploratory:deployed_recipe+xfp,0.6230769230769231,1.0904153094175015
00-0031941,WR,2023,exploratory:deployed_recipe+xfp,4.2625,1.9025123291054817
00-0032211,WR,2023,exploratory:deployed_recipe+xfp,5.5323529411764705,9.7151111285344
00-0032385,WR,2023,exploratory:deployed_recipe+xfp,6.242307692307692,1.920133539071299
00-0032398,WR,2023,exploratory:deployed_recipe+xfp,3.86,3.599267678360479
00-0032464,WR,2023,exploratory:deployed_recipe+xfp,4.657435897435898,5.1029938852981545
00-0032775,WR,2023,exploratory:deployed_recipe+xfp,6.185526315789474,6.776762524015796
00-0033009,WR,2023,exploratory:deployed_recipe+xfp,5.22,7.083533144496531
00-0033040,WR,2023,exploratory:deployed_recipe+xfp,13.10514705882353,19.145324938274186
00-0033282,WR,2023,exploratory:deployed_recipe+xfp,4.234033613445378,8.310399978820826
00-0033307,WR,2023,exploratory:deployed_recipe+xfp,5.782500000000001,7.823387764260547
00-0033555,WR,2023,exploratory:deployed_recipe+xfp,7.326875,2.811767373050739
00-0033572,WR,2023,exploratory:deployed_recipe+xfp,0.0,2.6267455202906107
00-0033589,WR,2023,exploratory:deployed_recipe+xfp,5.673333333333334,4.147864294851301
00-0033591,WR,2023,exploratory:deployed_recipe+xfp,5.585227272727273,6.669016506717413
00-0033857,WR,2023,exploratory:deployed_recipe+xfp,4.472478991596638,4.648428143339997
00-0033891,WR,2023,exploratory:deployed_recipe+xfp,3.8916666666666666,6.617297192456739
00-0033908,WR,2023,exploratory:deployed_recipe+xfp,10.81203007518797,11.692114157844799
00-0033921,WR,2023,exploratory:deployed_recipe+xfp,14.453968253968254,11.30960531156332
00-0033943,WR,2023,exploratory:deployed_recipe+xfp,4.71,7.204074876883127
00-0034054,WR,2023,exploratory:deployed_recipe+xfp,2.72,2.5312668267933436
00-0034272,WR,2023,exploratory:deployed_recipe+xfp,5.13,4.285424399755874
00-0034348,WR,2023,exploratory:deployed_recipe+xfp,13.743188854489166,9.444423555878405
00-0034386,WR,2023,exploratory:deployed_recipe+xfp,3.935294117647059,5.120042665879486
00-0034407,WR,2023,exploratory:deployed_recipe+xfp,5.349509803921569,2.1100917918615703
00-0034418,WR,2023,exploratory:deployed_recipe+xfp,2.781025641025641,4.00503491665875
00-0034419,WR,2023,exploratory:deployed_recipe+xfp,0.97,2.9025557277733087
00-0034487,WR,2023,exploratory:deployed_recipe+xfp,1.5339285714285715,1.7325755909448404
00-0034521,WR,2023,exploratory:deployed_recipe+xfp,6.527777777777778,4.111396142850372
00-0034646,WR,2023,exploratory:deployed_recipe+xfp,0.8294117647058823,3.338418209516785
00-0034775,WR,2023,exploratory:deployed_recipe+xfp,8.135096153846154,10.499753268789853
00-0034777,WR,2023,exploratory:deployed_recipe+xfp,3.02,6.89900254847393
00-0034827,WR,2023,exploratory:deployed_recipe+xfp,12.452414860681117,13.66155208789166
00-0034837,WR,2023,exploratory:deployed_recipe+xfp,9.237394957983192,10.723348582856218
00-0034854,WR,2023,exploratory:deployed_recipe+xfp,1.5676136363636362,2.093459981960682
00-0034928,WR,2023,exploratory:deployed_recipe+xfp,0.2636363636363636,1.631155402223933
00-0034960,WR,2023,exploratory:deployed_recipe+xfp,12.501960784313724,11.091143502195578
00-0034983,WR,2023,exploratory:deployed_recipe+xfp,5.983333333333334,3.4044682028113673
00-0035140,WR,2023,exploratory:deployed_recipe+xfp,2.766666666666667,4.606932718571181
00-0035208,WR,2023,exploratory:deployed_recipe+xfp,6.318914473684211,2.9504579108757754
00-0035215,WR,2023,exploratory:deployed_recipe+xfp,0.0,2.931556464803262
00-0035216,WR,2023,exploratory:deployed_recipe+xfp,7.608333333333333,9.590162902005165
00-0035298,WR,2023,exploratory:deployed_recipe+xfp,2.5116666666666667,2.713678857171401
00-0035341,WR,2023,exploratory:deployed_recipe+xfp,0.75,3.8579601378869155
00-0035406,WR,2023,exploratory:deployed_recipe+xfp,4.929761904761905,2.7882679945728035
00-0035500,WR,2023,exploratory:deployed_recipe+xfp,5.785049019607843,4.628532830023513
00-0035535,WR,2023,exploratory:deployed_recipe+xfp,6.9660714285714285,7.82119061930122
00-0035639,WR,2023,exploratory:deployed_recipe+xfp,3.75,2.8964546395180855
00-0035640,WR,2023,exploratory:deployed_recipe+xfp,12.417083333333334,12.336941226862365
00-0035645,WR,2023,exploratory:deployed_recipe+xfp,2.2387500000000005,-0.27007959539858195
00-0035659,WR,2023,exploratory:deployed_recipe+xfp,13.7725,10.302275412144688
00-0035662,WR,2023,exploratory:deployed_recipe+xfp,7.113125,9.035167534843909
00-0035676,WR,2023,exploratory:deployed_recipe+xfp,14.62095588235294,14.760086017747843
00-0035719,WR,2023,exploratory:deployed_recipe+xfp,11.067916666666669,12.97481683497559
00-0036133,WR,2023,exploratory:deployed_recipe+xfp,1.3250000000000002,-0.5002331353765896
00-0036165,WR,2023,exploratory:deployed_recipe+xfp,4.583333333333333,5.272572450329018
00-0036176,WR,2023,exploratory:deployed_recipe+xfp,0.8750000000000001,1.372865434663276
00-0036182,WR,2023,exploratory:deployed_recipe+xfp,5.611813186813186,4.912002216065443
00-0036196,WR,2023,exploratory:deployed_recipe+xfp,5.145,9.375013143900269
00-0036252,WR,2023,exploratory:deployed_recipe+xfp,11.134191176470589,13.123388740090203
00-0036259,WR,2023,exploratory:deployed_recipe+xfp,12.55372549019608,4.783816856220348
00-0036261,WR,2023,exploratory:deployed_recipe+xfp,8.914285714285715,13.088550364048617
00-0036268,WR,2023,exploratory:deployed_recipe+xfp,1.47,2.4188186681952444
00-0036309,WR,2023,exploratory:deployed_recipe+xfp,8.780833333333334,5.433991665686977
00-0036322,WR,2023,exploratory:deployed_recipe+xfp,15.045359477124183,17.089236957226426
00-0036331,WR,2023,exploratory:deployed_recipe+xfp,0.859514170040486,1.8362683047797583
00-0036345,WR,2023,exploratory:deployed_recipe+xfp,2.6714285714285713,7.077550828846513
00-0036358,WR,2023,exploratory:deployed_recipe+xfp,16.50692307692308,19.961062862751437
00-0036387,WR,2023,exploratory:deployed_recipe+xfp,2.1,2.0915056475900484
00-0036407,WR,2023,exploratory:deployed_recipe+xfp,10.63529411764706,9.125445882353398
00-0036410,WR,2023,exploratory:deployed_recipe+xfp,16.3075,10.451087847047821
00-0036415,WR,2023,exploratory:deployed_recipe+xfp,4.853125,3.1208896891769746
00-0036497,WR,2023,exploratory:deployed_recipe+xfp,0.8875,1.3909118288007938
00-0036527,WR,2023,exploratory:deployed_recipe+xfp,3.925,1.1487564210097445
00-0036550,WR,2023,exploratory:deployed_recipe+xfp,7.730769230769232,5.938477702847913
00-0036554,WR,2023,exploratory:deployed_recipe+xfp,16.117410714285715,14.330349842961589
00-0036613,WR,2023,exploratory:deployed_recipe+xfp,11.052916666666668,12.388897765197214
00-0036620,WR,2023,exploratory:deployed_recipe+xfp,1.2036363636363636,-1.1751667610134522
00-0036626,WR,2023,exploratory:deployed_recipe+xfp,5.267424242424243,3.1046086452595887
00-0036630,WR,2023,exploratory:deployed_recipe+xfp,2.1983766233766233,0.2487397037174226
00-0036635,WR,2023,exploratory:deployed_recipe+xfp,0.4,2.371021174417637
00-0036841,WR,2023,exploratory:deployed_recipe+xfp,1.2666666666666668,3.065182700530433
00-0036849,WR,2023,exploratory:deployed_recipe+xfp,5.128125,6.867838508534595
00-0036862,WR,2023,exploratory:deployed_recipe+xfp,1.0920588235294115,2.2847211094822937
00-0036900,WR,2023,exploratory:deployed_recipe+xfp,21.65294117647059,15.483164605968401
00-0036912,WR,2023,exploratory:deployed_recipe+xfp,13.09281045751634,12.87432306738276
00-0036955,WR,2023,exploratory:deployed_recipe+xfp,1.4200000000000002,3.540370975259106
00-0036963,WR,2023,exploratory:deployed_recipe+xfp,18.91496732026144,17.751579145684484
00-0036980,WR,2023,exploratory:deployed_recipe+xfp,5.055882352941177,7.657155787691323
00-0036988,WR,2023,exploratory:deployed_recipe+xfp,5.759166666666667,8.60523352340296
00-0037091,WR,2023,exploratory:deployed_recipe+xfp,1.8271978021978024,8.084393524403122
00-0037132,WR,2023,exploratory:deployed_recipe+xfp,1.3257142857142856,1.326131149002053
00-0037156,WR,2023,exploratory:deployed_recipe+xfp,0.0,0.6590711521584778
00-0037238,WR,2023,exploratory:deployed_recipe+xfp,16.671323529411765,10.751682391891261
00-0037239,WR,2023,exploratory:deployed_recipe+xfp,13.16875,13.476165912051576
00-0037240,WR,2023,exploratory:deployed_recipe+xfp,13.50514705882353,6.889108118170567
00-0037247,WR,2023,exploratory:deployed_recipe+xfp,14.721960784313724,11.860916614835496
00-0037261,WR,2023,exploratory:deployed_recipe+xfp,11.63888888888889,7.8780979856546445
00-0037487,WR,2023,exploratory:deployed_recipe+xfp,1.112857142857143,3.3322395259806337
00-0037545,WR,2023,exploratory:deployed_recipe+xfp,10.997619047619049,9.147357537241401
00-0037614,WR,2023,exploratory:deployed_recipe+xfp,5.502884615384616,4.8992820334643925
00-0037664,WR,2023,exploratory:deployed_recipe+xfp,11.15375,6.324437835246814
00-0037666,WR,2023,exploratory:deployed_recipe+xfp,6.399754901960784,5.495620534213225
00-0037740,WR,2023,exploratory:deployed_recipe+xfp,14.515966386554622,12.276227429899018
00-0037741,WR,2023,exploratory:deployed_recipe+xfp,3.325,8.031859699966379
00-0037742,WR,2023,exploratory:deployed_recipe+xfp,2.5625,4.727843973035212
00-0037745,WR,2023,exploratory:deployed_recipe+xfp,0.7000000000000001,1.4361352637818445
00-0037801,WR,2023,exploratory:deployed_recipe+xfp,5.881372549019608,3.11036644259575
00-0037816,WR,2023,exploratory:deployed_recipe+xfp,10.476890756302522,10.738060799773702
00-0037837,WR,2023,exploratory:deployed_recipe+xfp,6.4527777777777775,5.390055407740213
00-0038090,WR,2023,exploratory:deployed_recipe+xfp,0.7947368421052632,4.34619131586629
00-0038104,WR,2023,exploratory:deployed_recipe+xfp,4.454166666666667,3.3526247773597513
00-0038117,WR,2023,exploratory:deployed_recipe+xfp,12.182904411764708,8.888290198651273
00-0038124,WR,2023,exploratory:deployed_recipe+xfp,10.351623376623376,8.814572475229058
00-0038393,WR,2023,exploratory:deployed_recipe+xfp,6.148717948717948,8.689260733977317
00-0038465,WR,2023,exploratory:deployed_recipe+xfp,3.68452380952381,4.511221029829364
00-0038496,WR,2023,exploratory:deployed_recipe+xfp,0.6990196078431372,5.8477066509961135
00-0038543,WR,2023,exploratory:deployed_recipe+xfp,17.661176470588238,9.631153906309413
00-0038544,WR,2023,exploratory:deployed_recipe+xfp,11.752232142857142,7.124032314915248
00-0038559,WR,2023,exploratory:deployed_recipe+xfp,10.378860294117649,8.362023813130204
00-0038563,WR,2023,exploratory:deployed_recipe+xfp,8.558823529411764,6.764038460757673
00-0038573,WR,2023,exploratory:deployed_recipe+xfp,1.4333333333333331,4.803306106869715
00-0038576,WR,2023,exploratory:deployed_recipe+xfp,0.75,3.5491943398622916
00-0038606,WR,2023,exploratory:deployed_recipe+xfp,9.599579831932772,5.537633787164173
00-0038618,WR,2023,exploratory:deployed_recipe+xfp,4.235069444444445,4.118141972345167
00-0038619,WR,2023,exploratory:deployed_recipe+xfp,6.523137254901961,5.157037032944319
00-0038621,WR,2023,exploratory:deployed_recipe+xfp,7.570625000000001,8.077879908394944
00-0038647,WR,2023,exploratory:deployed_recipe+xfp,1.05,4.3122585922333165
00-0038752,WR,2023,exploratory:deployed_recipe+xfp,2.19375,5.164799353406847
00-0038821,WR,2023,exploratory:deployed_recipe+xfp,2.6750000000000003,3.1751406198969883
00-0038938,WR,2023,exploratory:deployed_recipe+xfp,1.4183333333333334,6.039612245150458
00-0038941,WR,2023,exploratory:deployed_recipe+xfp,0.375,4.805256743378848
00-0038976,WR,2023,exploratory:deployed_recipe+xfp,7.468300653594771,6.8347151617136745
00-0038977,WR,2023,exploratory:deployed_recipe+xfp,10.0,12.877617147712549
00-0038979,WR,2023,exploratory:deployed_recipe+xfp,6.966666666666667,5.0446562426905786
00-0038994,WR,2023,exploratory:deployed_recipe+xfp,11.65,12.26616859470506
00-0038997,WR,2023,exploratory:deployed_recipe+xfp,10.87857142857143,9.792831640203847
00-0039052,WR,2023,exploratory:deployed_recipe+xfp,2.3466666666666667,7.753738148019147
00-0039062,WR,2023,exploratory:deployed_recipe+xfp,1.5,6.94039587891131
00-0039064,WR,2023,exploratory:deployed_recipe+xfp,13.31764705882353,12.007264457635394
00-0039067,WR,2023,exploratory:deployed_recipe+xfp,17.49375,12.994645836484338
00-0039075,WR,2023,exploratory:deployed_recipe+xfp,20.848987854251018,16.112824440197674
00-0039146,WR,2023,exploratory:deployed_recipe+xfp,11.061111111111114,11.822005963491712
00-0030035,WR,2023,deployed_recipe_reproduction,8.445,9.827295297334427
00-0030279,WR,2023,deployed_recipe_reproduction,11.374444444444444,15.649491863333704
00-0030431,WR,2023,deployed_recipe_reproduction,2.65625,4.52091929482656
00-0030564,WR,2023,deployed_recipe_reproduction,6.204798761609907,11.179192627334535
00-0031235,WR,2023,deployed_recipe_reproduction,1.8125,6.095829830735276
00-0031236,WR,2023,deployed_recipe_reproduction,5.636666666666667,8.838945497739509
00-0031381,WR,2023,deployed_recipe_reproduction,16.21785714285714,13.364535258153213
00-0031408,WR,2023,deployed_recipe_reproduction,14.053333333333336,13.732755255122227
00-0031428,WR,2023,deployed_recipe_reproduction,1.0,3.7047757899923144
00-0031544,WR,2023,deployed_recipe_reproduction,8.3,12.147376654402413
00-0031549,WR,2023,deployed_recipe_reproduction,3.506666666666667,4.984829274998753
00-0031588,WR,2023,deployed_recipe_reproduction,13.365238095238094,13.44698931773283
00-0031763,WR,2023,deployed_recipe_reproduction,0.6230769230769231,1.4307874812855763
00-0031941,WR,2023,deployed_recipe_reproduction,4.2625,2.105346901671709
00-0032211,WR,2023,deployed_recipe_reproduction,5.5323529411764705,9.902340398923842
00-0032385,WR,2023,deployed_recipe_reproduction,6.242307692307692,2.090187518158396
00-0032398,WR,2023,deployed_recipe_reproduction,3.86,3.9017721933466714
00-0032464,WR,2023,deployed_recipe_reproduction,4.657435897435898,5.237803884715806
00-0032775,WR,2023,deployed_recipe_reproduction,6.185526315789474,6.867643725788335
00-0033009,WR,2023,deployed_recipe_reproduction,5.22,7.293688609800313
00-0033040,WR,2023,deployed_recipe_reproduction,13.10514705882353,18.828295624080916
00-0033282,WR,2023,deployed_recipe_reproduction,4.234033613445378,8.383537784570702
00-0033307,WR,2023,deployed_recipe_reproduction,5.782500000000001,8.021367415930966
00-0033555,WR,2023,deployed_recipe_reproduction,7.326875,3.0602343399519003
00-0033572,WR,2023,deployed_recipe_reproduction,0.0,2.7637077591276227
00-0033589,WR,2023,deployed_recipe_reproduction,5.673333333333334,4.15016449920601
00-0033591,WR,2023,deployed_recipe_reproduction,5.585227272727273,6.772107158583425
00-0033857,WR,2023,deployed_recipe_reproduction,4.472478991596638,4.9768261776374985
00-0033891,WR,2023,deployed_recipe_reproduction,3.8916666666666666,6.786613022383145
00-0033908,WR,2023,deployed_recipe_reproduction,10.81203007518797,11.877796825398462
00-0033921,WR,2023,deployed_recipe_reproduction,14.453968253968254,11.43906133606639
00-0033943,WR,2023,deployed_recipe_reproduction,4.71,7.426621808052191
00-0034054,WR,2023,deployed_recipe_reproduction,2.72,2.662220910616643
00-0034272,WR,2023,deployed_recipe_reproduction,5.13,4.594551884286063
00-0034348,WR,2023,deployed_recipe_reproduction,13.743188854489166,9.666650534264177
00-0034386,WR,2023,deployed_recipe_reproduction,3.935294117647059,5.263620693983868
00-0034407,WR,2023,deployed_recipe_reproduction,5.349509803921569,2.3115441123613425
00-0034418,WR,2023,deployed_recipe_reproduction,2.781025641025641,4.2074624806677585
00-0034419,WR,2023,deployed_recipe_reproduction,0.97,3.1997175663738933
00-0034487,WR,2023,deployed_recipe_reproduction,1.5339285714285715,2.01276904492992
00-0034521,WR,2023,deployed_recipe_reproduction,6.527777777777778,4.581118207217797
00-0034646,WR,2023,deployed_recipe_reproduction,0.8294117647058823,3.5285156222230976
00-0034775,WR,2023,deployed_recipe_reproduction,8.135096153846154,10.570064015233122
00-0034777,WR,2023,deployed_recipe_reproduction,3.02,7.118465708031618
00-0034827,WR,2023,deployed_recipe_reproduction,12.452414860681117,13.799680711924593
00-0034837,WR,2023,deployed_recipe_reproduction,9.237394957983192,10.669570178049652
00-0034854,WR,2023,deployed_recipe_reproduction,1.5676136363636362,2.3236853287293178
00-0034928,WR,2023,deployed_recipe_reproduction,0.2636363636363636,1.8189167236155317
00-0034960,WR,2023,deployed_recipe_reproduction,12.501960784313724,11.350549256519685
00-0034983,WR,2023,deployed_recipe_reproduction,5.983333333333334,3.7228150015074384
00-0035140,WR,2023,deployed_recipe_reproduction,2.766666666666667,4.7152497777785705
00-0035208,WR,2023,deployed_recipe_reproduction,6.318914473684211,3.3263356175033305
00-0035215,WR,2023,deployed_recipe_reproduction,0.0,3.1157155337862887
00-0035216,WR,2023,deployed_recipe_reproduction,7.608333333333333,9.828856888247717
00-0035298,WR,2023,deployed_recipe_reproduction,2.5116666666666667,2.8933000138665648
00-0035341,WR,2023,deployed_recipe_reproduction,0.75,4.053583186315869
00-0035406,WR,2023,deployed_recipe_reproduction,4.929761904761905,3.120931372717527
00-0035500,WR,2023,deployed_recipe_reproduction,5.785049019607843,4.799939570051714
00-0035535,WR,2023,deployed_recipe_reproduction,6.9660714285714285,8.087589756298675
00-0035639,WR,2023,deployed_recipe_reproduction,3.75,3.183393537936091
00-0035640,WR,2023,deployed_recipe_reproduction,12.417083333333334,12.38033459601828
00-0035645,WR,2023,deployed_recipe_reproduction,2.2387500000000005,0.13759380905453344
00-0035659,WR,2023,deployed_recipe_reproduction,13.7725,10.429698003557597
00-0035662,WR,2023,deployed_recipe_reproduction,7.113125,9.164495235539256
00-0035676,WR,2023,deployed_recipe_reproduction,14.62095588235294,14.74776074091357
00-0035719,WR,2023,deployed_recipe_reproduction,11.067916666666669,13.038834111811786
00-0036133,WR,2023,deployed_recipe_reproduction,1.3250000000000002,-0.1554806272704532
00-0036165,WR,2023,deployed_recipe_reproduction,4.583333333333333,5.491515328533906
00-0036176,WR,2023,deployed_recipe_reproduction,0.8750000000000001,1.5565021375890877
00-0036182,WR,2023,deployed_recipe_reproduction,5.611813186813186,5.258017650253951
00-0036196,WR,2023,deployed_recipe_reproduction,5.145,9.630548236494334
00-0036252,WR,2023,deployed_recipe_reproduction,11.134191176470589,13.180044678895506
00-0036259,WR,2023,deployed_recipe_reproduction,12.55372549019608,4.981714957530709
00-0036261,WR,2023,deployed_recipe_reproduction,8.914285714285715,13.09159786523372
00-0036268,WR,2023,deployed_recipe_reproduction,1.47,2.576940531297711
00-0036309,WR,2023,deployed_recipe_reproduction,8.780833333333334,5.684038279588936
00-0036322,WR,2023,deployed_recipe_reproduction,15.045359477124183,17.04758022491972
00-0036331,WR,2023,deployed_recipe_reproduction,0.859514170040486,2.1862096570310445
00-0036345,WR,2023,deployed_recipe_reproduction,2.6714285714285713,7.256251528457778
00-0036358,WR,2023,deployed_recipe_reproduction,16.50692307692308,19.752553395204433
00-0036387,WR,2023,deployed_recipe_reproduction,2.1,2.4023549817452308
00-0036407,WR,2023,deployed_recipe_reproduction,10.63529411764706,9.18003494766845
00-0036410,WR,2023,deployed_recipe_reproduction,16.3075,10.627301564919662
00-0036415,WR,2023,deployed_recipe_reproduction,4.853125,3.4060166937965297
00-0036497,WR,2023,deployed_recipe_reproduction,0.8875,1.6951913648649186
00-0036527,WR,2023,deployed_recipe_reproduction,3.925,-0.06154310810097652
00-0036550,WR,2023,deployed_recipe_reproduction,7.730769230769232,6.108147074762645
00-0036554,WR,2023,deployed_recipe_reproduction,16.117410714285715,14.248183382928078
00-0036613,WR,2023,deployed_recipe_reproduction,11.052916666666668,12.322736520531768
00-0036620,WR,2023,deployed_recipe_reproduction,1.2036363636363636,-0.8594713073027691
00-0036626,WR,2023,deployed_recipe_reproduction,5.267424242424243,3.2281873984875857
00-0036630,WR,2023,deployed_recipe_reproduction,2.1983766233766233,0.674682597980274
00-0036635,WR,2023,deployed_recipe_reproduction,0.4,2.658177081910591
00-0036841,WR,2023,deployed_recipe_reproduction,1.2666666666666668,3.168010947277516
00-0036849,WR,2023,deployed_recipe_reproduction,5.128125,7.000535983187211
00-0036862,WR,2023,deployed_recipe_reproduction,1.0920588235294115,2.5270879646111117
00-0036900,WR,2023,deployed_recipe_reproduction,21.65294117647059,15.487074536575065
00-0036912,WR,2023,deployed_recipe_reproduction,13.09281045751634,13.042274533514236
00-0036955,WR,2023,deployed_recipe_reproduction,1.4200000000000002,3.7825334166521514
00-0036963,WR,2023,deployed_recipe_reproduction,18.91496732026144,17.624798635138564
00-0036980,WR,2023,deployed_recipe_reproduction,5.055882352941177,7.788231067767105
00-0036988,WR,2023,deployed_recipe_reproduction,5.759166666666667,8.769230304934442
00-0037091,WR,2023,deployed_recipe_reproduction,1.8271978021978024,7.830225754652675
00-0037132,WR,2023,deployed_recipe_reproduction,1.3257142857142856,1.5182771642589992
00-0037156,WR,2023,deployed_recipe_reproduction,0.0,0.974306182697716
00-0037238,WR,2023,deployed_recipe_reproduction,16.671323529411765,10.726604680889869
00-0037239,WR,2023,deployed_recipe_reproduction,13.16875,13.246018337934034
00-0037240,WR,2023,deployed_recipe_reproduction,13.50514705882353,7.00800977776394
00-0037247,WR,2023,deployed_recipe_reproduction,14.721960784313724,11.82232407880626
00-0037261,WR,2023,deployed_recipe_reproduction,11.63888888888889,7.948452337202561
00-0037487,WR,2023,deployed_recipe_reproduction,1.112857142857143,3.5404216438626674
00-0037545,WR,2023,deployed_recipe_reproduction,10.997619047619049,9.24782938729383
00-0037614,WR,2023,deployed_recipe_reproduction,5.502884615384616,4.918360393325833
00-0037664,WR,2023,deployed_recipe_reproduction,11.15375,6.566593126099299
00-0037666,WR,2023,deployed_recipe_reproduction,6.399754901960784,5.522721165962357
00-0037740,WR,2023,deployed_recipe_reproduction,14.515966386554622,12.055585869299907
00-0037741,WR,2023,deployed_recipe_reproduction,3.325,8.233347131573726
00-0037742,WR,2023,deployed_recipe_reproduction,2.5625,4.843601922999033
00-0037745,WR,2023,deployed_recipe_reproduction,0.7000000000000001,1.6981491380313516
00-0037801,WR,2023,deployed_recipe_reproduction,5.881372549019608,3.3578144265393903
00-0037816,WR,2023,deployed_recipe_reproduction,10.476890756302522,10.736337896142553
00-0037837,WR,2023,deployed_recipe_reproduction,6.4527777777777775,5.488898104495778
00-0038090,WR,2023,deployed_recipe_reproduction,0.7947368421052632,4.496049967207032
00-0038104,WR,2023,deployed_recipe_reproduction,4.454166666666667,3.5339001166378874
00-0038117,WR,2023,deployed_recipe_reproduction,12.182904411764708,8.929726143035357
00-0038124,WR,2023,deployed_recipe_reproduction,10.351623376623376,8.813375335578542
00-0038393,WR,2023,deployed_recipe_reproduction,6.148717948717948,8.653729326426228
00-0038465,WR,2023,deployed_recipe_reproduction,3.68452380952381,4.542699578404846
00-0038496,WR,2023,deployed_recipe_reproduction,0.6990196078431372,6.022140418825501
00-0038543,WR,2023,deployed_recipe_reproduction,17.661176470588238,9.535827478469528
00-0038544,WR,2023,deployed_recipe_reproduction,11.752232142857142,7.174045168796823
00-0038559,WR,2023,deployed_recipe_reproduction,10.378860294117649,8.453004789859673
00-0038563,WR,2023,deployed_recipe_reproduction,8.558823529411764,6.716561723543698
00-0038573,WR,2023,deployed_recipe_reproduction,1.4333333333333331,4.922696755594761
00-0038576,WR,2023,deployed_recipe_reproduction,0.75,3.5590182316970624
00-0038606,WR,2023,deployed_recipe_reproduction,9.599579831932772,5.661814786730126
00-0038618,WR,2023,deployed_recipe_reproduction,4.235069444444445,4.201970124812377
00-0038619,WR,2023,deployed_recipe_reproduction,6.523137254901961,5.238201764634357
00-0038621,WR,2023,deployed_recipe_reproduction,7.570625000000001,7.948132636729835
00-0038647,WR,2023,deployed_recipe_reproduction,1.05,4.404987234845792
00-0038752,WR,2023,deployed_recipe_reproduction,2.19375,5.216496300495179
00-0038821,WR,2023,deployed_recipe_reproduction,2.6750000000000003,3.195325495861554
00-0038938,WR,2023,deployed_recipe_reproduction,1.4183333333333334,6.068894029917556
00-0038941,WR,2023,deployed_recipe_reproduction,0.375,4.836347790224327
00-0038976,WR,2023,deployed_recipe_reproduction,7.468300653594771,6.881983800269723
00-0038977,WR,2023,deployed_recipe_reproduction,10.0,12.700621173667313
00-0038979,WR,2023,deployed_recipe_reproduction,6.966666666666667,5.067176838879796
00-0038994,WR,2023,deployed_recipe_reproduction,11.65,12.192167839985576
00-0038997,WR,2023,deployed_recipe_reproduction,10.87857142857143,9.667665119138189
00-0039052,WR,2023,deployed_recipe_reproduction,2.3466666666666667,7.799758976614496
00-0039062,WR,2023,deployed_recipe_reproduction,1.5,6.934163389327516
00-0039064,WR,2023,deployed_recipe_reproduction,13.31764705882353,11.899713761006769
00-0039067,WR,2023,deployed_recipe_reproduction,17.49375,12.7224352265319
00-0039075,WR,2023,deployed_recipe_reproduction,20.848987854251018,15.74753035296239
00-0039146,WR,2023,deployed_recipe_reproduction,11.061111111111114,11.677985024854696
00-0024243,TE,2022,ppg_only,1.1949999999999998,4.673094920875005
00-0030061,TE,2022,ppg_only,9.115357142857142,9.406969681665371
00-0030506,TE,2022,ppg_only,14.139473684210524,14.780736774480253
00-0031260,TE,2022,ppg_only,7.925,5.677983065390482
00-0031484,TE,2022,ppg_only,1.0071428571428571,2.4810762056353126
00-0031585,TE,2022,ppg_only,2.442857142857143,5.381626222770663
00-0031610,TE,2022,ppg_only,9.433333333333334,8.76929150995928
00-0031690,TE,2022,ppg_only,0.5800000000000001,3.8612361374528965
00-0032134,TE,2022,ppg_only,2.475,4.394743337987425
00-0032141,TE,2022,ppg_only,2.425,3.045687086833415
00-0032392,TE,2022,ppg_only,4.706617647058824,5.534012550568075
00-0032394,TE,2022,ppg_only,4.041666666666667,3.2560323170836885
00-0033090,TE,2022,ppg_only,9.15528846153846,6.041722767700798
00-0033110,TE,2022,ppg_only,8.970625,8.038618604879382
00-0033217,TE,2022,ppg_only,3.116071428571429,4.285616865150818
00-0033246,TE,2022,ppg_only,3.6766666666666663,3.68304894992259
00-0033288,TE,2022,ppg_only,13.897192982456142,10.190044380947967
00-0033357,TE,2022,ppg_only,10.88125,7.7812224678626
00-0033439,TE,2022,ppg_only,2.3431818181818187,3.696096680370445
00-0033576,TE,2022,ppg_only,2.225,3.426838970219249
00-0033757,TE,2022,ppg_only,1.85,6.10448444437377
00-0033858,TE,2022,ppg_only,10.191176470588236,4.606670111322287
00-0033881,TE,2022,ppg_only,11.745751633986927,8.975558023833509
00-0033885,TE,2022,ppg_only,13.147058823529411,8.465635237718281
00-0033895,TE,2022,ppg_only,4.283333333333333,8.47037986697205
00-0034073,TE,2022,ppg_only,0.375,4.318829269927176
00-0034159,TE,2022,ppg_only,5.0992788461538465,5.57647233079197
00-0034193,TE,2022,ppg_only,0.2285714285714286,1.7282616973711757
00-0034270,TE,2022,ppg_only,7.429963235294117,6.866416083360829
00-0034351,TE,2022,ppg_only,10.282380952380954,9.579674186502437
00-0034364,TE,2022,ppg_only,3.9283653846153848,6.887255239298937
00-0034365,TE,2022,ppg_only,1.325,3.8078691964447304
00-0034383,TE,2022,ppg_only,8.509442724458204,8.952936571663853
00-0034613,TE,2022,ppg_only,5.480555555555556,4.296687666742937
00-0034753,TE,2022,ppg_only,11.666267942583731,10.147606308178178
00-0034798,TE,2022,ppg_only,3.2178571428571434,3.76845227649037
00-0034829,TE,2022,ppg_only,6.601875,5.702679468942133
00-0034830,TE,2022,ppg_only,3.448412698412699,7.395128262337426
00-0034970,TE,2022,ppg_only,3.35,6.3410956940877
00-0034981,TE,2022,ppg_only,5.008894230769231,5.865578406654751
00-0035229,TE,2022,ppg_only,12.022727272727272,10.595973772659022
00-0035249,TE,2022,ppg_only,4.638461538461538,4.053130031716304
00-0035259,TE,2022,ppg_only,0.5166666666666667,2.458934602451073
00-0035329,TE,2022,ppg_only,5.678571428571429,5.077969950529667
00-0035562,TE,2022,ppg_only,0.2799999999999999,2.3792248309878117
00-0035644,TE,2022,ppg_only,6.160952380952381,6.330024892495581
00-0035689,TE,2022,ppg_only,4.650735294117647,7.90967632751234
00-0035771,TE,2022,ppg_only,1.2166666666666666,4.192018269871987
00-0036032,TE,2022,ppg_only,0.0,2.24305397140474
00-0036040,TE,2022,ppg_only,7.854871794871795,7.324551902187664
00-0036145,TE,2022,ppg_only,2.72,4.617740912914407
00-0036232,TE,2022,ppg_only,3.08,4.655697946944532
00-0036244,TE,2022,ppg_only,4.212222222222222,4.987505686091204
00-0036290,TE,2022,ppg_only,9.421875,7.483776078027266
00-0036332,TE,2022,ppg_only,1.0392857142857144,3.529112089689307
00-0036422,TE,2022,ppg_only,3.4946428571428574,4.20258585320992
00-0036424,TE,2022,ppg_only,2.56,3.4268389702192494
00-0036429,TE,2022,ppg_only,0.7416666666666667,1.7282616973711757
00-0036438,TE,2022,ppg_only,2.45,2.276266376181099
00-0036556,TE,2022,ppg_only,5.458333333333333,3.7062449151632215
00-0036590,TE,2022,ppg_only,1.4600000000000002,3.1896075075309707
00-0036628,TE,2022,ppg_only,1.7772916666666667,4.001466290953079
00-0036637,TE,2022,ppg_only,5.43,4.275653143717909
00-0036741,TE,2022,ppg_only,1.0333333333333334,3.2258392218324534
00-0036754,TE,2022,ppg_only,3.0454545454545454,4.745845902766077
00-0036825,TE,2022,ppg_only,0.2444444444444444,1.7282616973711757
00-0036876,TE,2022,ppg_only,3.439583333333333,4.855337347083744
00-0036887,TE,2022,ppg_only,2.2041666666666666,3.056757888425535
00-0036894,TE,2022,ppg_only,8.580555555555556,8.29103288117971
00-0036970,TE,2022,ppg_only,7.897058823529412,6.749977299556653
00-0037005,TE,2022,ppg_only,4.833333333333333,4.137268123816414
00-0037078,TE,2022,ppg_only,2.875,2.1362998131950146
00-0037086,TE,2022,ppg_only,3.825,3.178536705938851
00-0037252,TE,2022,ppg_only,1.95,7.447437799860192
00-0037311,TE,2022,ppg_only,0.6545454545454545,2.7246338406619452
00-0037569,TE,2022,ppg_only,1.4975,3.746553987626837
00-0037744,TE,2022,ppg_only,12.956985294117649,5.1325331869479704
00-0037809,TE,2022,ppg_only,6.885294117647059,5.763568877698792
00-0037838,TE,2022,ppg_only,8.019301470588236,6.060108206059139
00-0038041,TE,2022,ppg_only,9.684126984126983,4.650953317690766
00-0038115,TE,2022,ppg_only,2.9077380952380953,6.127627930055034
00-0038129,TE,2022,ppg_only,8.883684210526315,5.7489163461798105
00-0024243,TE,2022,recent_production_3col,1.1949999999999998,2.264502577750074
00-0030061,TE,2022,recent_production_3col,9.115357142857142,7.980979469079054
00-0030506,TE,2022,recent_production_3col,14.139473684210524,14.241889108821086
00-0031260,TE,2022,recent_production_3col,7.925,5.209777532837151
00-0031484,TE,2022,recent_production_3col,1.0071428571428571,1.8408918665263645
00-0031585,TE,2022,recent_production_3col,2.442857142857143,4.61658503063454
00-0031610,TE,2022,recent_production_3col,9.433333333333334,7.370293657117912
00-0031690,TE,2022,recent_production_3col,0.5800000000000001,3.0883237994812625
00-0032134,TE,2022,recent_production_3col,2.475,4.477867524633464
00-0032141,TE,2022,recent_production_3col,2.425,2.9503783216287696
00-0032392,TE,2022,recent_production_3col,4.706617647058824,6.10674824454482
00-0032394,TE,2022,recent_production_3col,4.041666666666667,2.0619008127011673
00-0033090,TE,2022,recent_production_3col,9.15528846153846,6.41154782191718
00-0033110,TE,2022,recent_production_3col,8.970625,8.079486293777451
00-0033217,TE,2022,recent_production_3col,3.116071428571429,4.379235587994173
00-0033246,TE,2022,recent_production_3col,3.6766666666666663,3.9715345239544066
00-0033288,TE,2022,recent_production_3col,13.897192982456142,10.332182296613068
00-0033357,TE,2022,recent_production_3col,10.88125,7.436087293624949
00-0033439,TE,2022,recent_production_3col,2.3431818181818187,3.058818209682642
00-0033576,TE,2022,recent_production_3col,2.225,3.7399638901056362
00-0033757,TE,2022,recent_production_3col,1.85,6.622358675467353
00-0033858,TE,2022,recent_production_3col,10.191176470588236,4.635081370101702
00-0033881,TE,2022,recent_production_3col,11.745751633986927,9.525494985788741
00-0033885,TE,2022,recent_production_3col,13.147058823529411,8.568023875822062
00-0033895,TE,2022,recent_production_3col,4.283333333333333,8.606644455275314
00-0034073,TE,2022,recent_production_3col,0.375,3.2963276286903804
00-0034159,TE,2022,recent_production_3col,5.0992788461538465,6.110792494290866
00-0034193,TE,2022,recent_production_3col,0.2285714285714286,1.1089760969779978
00-0034270,TE,2022,recent_production_3col,7.429963235294117,7.447935202807368
00-0034351,TE,2022,recent_production_3col,10.282380952380954,9.592093415748076
00-0034364,TE,2022,recent_production_3col,3.9283653846153848,6.747844252600143
00-0034365,TE,2022,recent_production_3col,1.325,4.204103629419663
00-0034383,TE,2022,recent_production_3col,8.509442724458204,9.47071677180998
00-0034613,TE,2022,recent_production_3col,5.480555555555556,3.2934814688820935
00-0034753,TE,2022,recent_production_3col,11.666267942583731,10.259493197982477
00-0034798,TE,2022,recent_production_3col,3.2178571428571434,4.185643495249302
00-0034829,TE,2022,recent_production_3col,6.601875,6.550198344783654
00-0034830,TE,2022,recent_production_3col,3.448412698412699,7.49787949348598
00-0034970,TE,2022,recent_production_3col,3.35,6.151211383472056
00-0034981,TE,2022,recent_production_3col,5.008894230769231,6.354929536776144
00-0035229,TE,2022,recent_production_3col,12.022727272727272,11.246749081647689
00-0035249,TE,2022,recent_production_3col,4.638461538461538,4.562696842346696
00-0035259,TE,2022,recent_production_3col,0.5166666666666667,1.76938123795412
00-0035329,TE,2022,recent_production_3col,5.678571428571429,4.56447011452401
00-0035562,TE,2022,recent_production_3col,0.2799999999999999,1.8170896835777075
00-0035644,TE,2022,recent_production_3col,6.160952380952381,7.391050379787096
00-0035689,TE,2022,recent_production_3col,4.650735294117647,8.527785367314658
00-0035771,TE,2022,recent_production_3col,1.2166666666666666,4.243139883651535
00-0036032,TE,2022,recent_production_3col,0.0,1.5399293028291963
00-0036040,TE,2022,recent_production_3col,7.854871794871795,7.844846640586702
00-0036145,TE,2022,recent_production_3col,2.72,4.302585519813439
00-0036232,TE,2022,recent_production_3col,3.08,5.398320303613367
00-0036244,TE,2022,recent_production_3col,4.212222222222222,5.989222206146028
00-0036290,TE,2022,recent_production_3col,9.421875,8.55359961330567
00-0036332,TE,2022,recent_production_3col,1.0392857142857144,3.4727334445519755
00-0036422,TE,2022,recent_production_3col,3.4946428571428574,4.543694834888851
00-0036424,TE,2022,recent_production_3col,2.56,3.072126029720824
00-0036429,TE,2022,recent_production_3col,0.7416666666666667,1.5368984942049022
00-0036438,TE,2022,recent_production_3col,2.45,2.0493684671279837
00-0036556,TE,2022,recent_production_3col,5.458333333333333,4.043587940582103
00-0036590,TE,2022,recent_production_3col,1.4600000000000002,3.7478858049929356
00-0036628,TE,2022,recent_production_3col,1.7772916666666667,3.8996620205365398
00-0036637,TE,2022,recent_production_3col,5.43,6.116251886634096
00-0036741,TE,2022,recent_production_3col,1.0333333333333334,3.6437144073434165
00-0036754,TE,2022,recent_production_3col,3.0454545454545454,5.479798859967563
00-0036825,TE,2022,recent_production_3col,0.2444444444444444,1.2287287397989801
00-0036876,TE,2022,recent_production_3col,3.439583333333333,5.424675792101684
00-0036887,TE,2022,recent_production_3col,2.2041666666666666,2.275380482552605
00-0036894,TE,2022,recent_production_3col,8.580555555555556,8.838135174426103
00-0036970,TE,2022,recent_production_3col,7.897058823529412,6.948693829285599
00-0037005,TE,2022,recent_production_3col,4.833333333333333,5.357669529385785
00-0037078,TE,2022,recent_production_3col,2.875,2.316452450370341
00-0037086,TE,2022,recent_production_3col,3.825,2.8305365204665205
00-0037252,TE,2022,recent_production_3col,1.95,7.5790805547628075
00-0037311,TE,2022,recent_production_3col,0.6545454545454545,3.6529638596050424
00-0037569,TE,2022,recent_production_3col,1.4975,4.5594412962268125
00-0037744,TE,2022,recent_production_3col,12.956985294117649,5.658047988882405
00-0037809,TE,2022,recent_production_3col,6.885294117647059,6.844737392173629
00-0037838,TE,2022,recent_production_3col,8.019301470588236,6.9415079647342735
00-0038041,TE,2022,recent_production_3col,9.684126984126983,5.222780964148142
00-0038115,TE,2022,recent_production_3col,2.9077380952380953,6.848449536622513
00-0038129,TE,2022,recent_production_3col,8.883684210526315,6.985578850774129
00-0024243,TE,2022,deployed_recipe,1.1949999999999998,1.754378039185271
00-0030061,TE,2022,deployed_recipe,9.115357142857142,8.315589786450609
00-0030506,TE,2022,deployed_recipe,14.139473684210524,16.211653387762713
00-0031260,TE,2022,deployed_recipe,7.925,5.628292758406512
00-0031484,TE,2022,deployed_recipe,1.0071428571428571,1.3771643070713147
00-0031585,TE,2022,deployed_recipe,2.442857142857143,4.590693289439283
00-0031610,TE,2022,deployed_recipe,9.433333333333334,8.732249009101904
00-0031690,TE,2022,deployed_recipe,0.5800000000000001,3.1033894407684706
00-0032134,TE,2022,deployed_recipe,2.475,4.068824054084583
00-0032141,TE,2022,deployed_recipe,2.425,2.145849314956058
00-0032392,TE,2022,deployed_recipe,4.706617647058824,6.980170006821611
00-0032394,TE,2022,deployed_recipe,4.041666666666667,1.8575133071290892
00-0033090,TE,2022,deployed_recipe,9.15528846153846,6.2667309527955375
00-0033110,TE,2022,deployed_recipe,8.970625,7.723337944045152
00-0033217,TE,2022,deployed_recipe,3.116071428571429,4.199377045438492
00-0033246,TE,2022,deployed_recipe,3.6766666666666663,3.455765569914359
00-0033288,TE,2022,deployed_recipe,13.897192982456142,11.207659248626337
00-0033357,TE,2022,deployed_recipe,10.88125,7.906293712187613
00-0033439,TE,2022,deployed_recipe,2.3431818181818187,2.9665326054158534
00-0033576,TE,2022,deployed_recipe,2.225,3.443303123610029
00-0033757,TE,2022,deployed_recipe,1.85,5.743873179111241
00-0033858,TE,2022,deployed_recipe,10.191176470588236,5.120004844578997
00-0033881,TE,2022,deployed_recipe,11.745751633986927,8.108202470073216
00-0033885,TE,2022,deployed_recipe,13.147058823529411,8.716243496939455
00-0033895,TE,2022,deployed_recipe,4.283333333333333,8.345888300242823
00-0034073,TE,2022,deployed_recipe,0.375,3.8955991830107664
00-0034159,TE,2022,deployed_recipe,5.0992788461538465,5.470013850569803
00-0034193,TE,2022,deployed_recipe,0.2285714285714286,0.8405302386483733
00-0034270,TE,2022,deployed_recipe,7.429963235294117,7.345206991797784
00-0034351,TE,2022,deployed_recipe,10.282380952380954,8.69456707998232
00-0034364,TE,2022,deployed_recipe,3.9283653846153848,6.851083140321108
00-0034365,TE,2022,deployed_recipe,1.325,3.575248802676466
00-0034383,TE,2022,deployed_recipe,8.509442724458204,9.56388091869196
00-0034613,TE,2022,deployed_recipe,5.480555555555556,2.659458157762625
00-0034753,TE,2022,deployed_recipe,11.666267942583731,11.459729068363306
00-0034798,TE,2022,deployed_recipe,3.2178571428571434,3.5270964107905662
00-0034829,TE,2022,deployed_recipe,6.601875,6.9474422498662385
00-0034830,TE,2022,deployed_recipe,3.448412698412699,7.067632615394491
00-0034970,TE,2022,deployed_recipe,3.35,6.321214991645812
00-0034981,TE,2022,deployed_recipe,5.008894230769231,5.727277410580042
00-0035229,TE,2022,deployed_recipe,12.022727272727272,11.403319641392656
00-0035249,TE,2022,deployed_recipe,4.638461538461538,4.636599512669349
00-0035259,TE,2022,deployed_recipe,0.5166666666666667,2.2062459721495706
00-0035329,TE,2022,deployed_recipe,5.678571428571429,4.525848802704319
00-0035562,TE,2022,deployed_recipe,0.2799999999999999,2.288794277596189
00-0035644,TE,2022,deployed_recipe,6.160952380952381,5.799377170242588
00-0035689,TE,2022,deployed_recipe,4.650735294117647,7.628481643303219
00-0035771,TE,2022,deployed_recipe,1.2166666666666666,4.6316152342328305
00-0036032,TE,2022,deployed_recipe,0.0,1.9537335732790648
00-0036040,TE,2022,deployed_recipe,7.854871794871795,7.993697845205949
00-0036145,TE,2022,deployed_recipe,2.72,4.165907234694444
00-0036232,TE,2022,deployed_recipe,3.08,5.461964585715673
00-0036244,TE,2022,deployed_recipe,4.212222222222222,6.206978939422518
00-0036290,TE,2022,deployed_recipe,9.421875,7.090114516437959
00-0036332,TE,2022,deployed_recipe,1.0392857142857144,3.8634561675502628
00-0036422,TE,2022,deployed_recipe,3.4946428571428574,3.7917817196568393
00-0036424,TE,2022,deployed_recipe,2.56,3.4793088730996313
00-0036429,TE,2022,deployed_recipe,0.7416666666666667,1.6163871015319096
00-0036438,TE,2022,deployed_recipe,2.45,2.6126137561627054
00-0036556,TE,2022,deployed_recipe,5.458333333333333,4.354341142844945
00-0036590,TE,2022,deployed_recipe,1.4600000000000002,3.481258887448707
00-0036628,TE,2022,deployed_recipe,1.7772916666666667,3.814069608698034
00-0036637,TE,2022,deployed_recipe,5.43,5.895250654424371
00-0036741,TE,2022,deployed_recipe,1.0333333333333334,3.430132471623983
00-0036754,TE,2022,deployed_recipe,3.0454545454545454,5.984502265703506
00-0036825,TE,2022,deployed_recipe,0.2444444444444444,1.5803990331304973
00-0036876,TE,2022,deployed_recipe,3.439583333333333,5.633757276778289
00-0036887,TE,2022,deployed_recipe,2.2041666666666666,2.897327963059084
00-0036894,TE,2022,deployed_recipe,8.580555555555556,8.793676051478498
00-0036970,TE,2022,deployed_recipe,7.897058823529412,5.722910905188055
00-0037005,TE,2022,deployed_recipe,4.833333333333333,5.3410596106804835
00-0037078,TE,2022,deployed_recipe,2.875,2.117259728870943
00-0037086,TE,2022,deployed_recipe,3.825,2.590371434700934
00-0037252,TE,2022,deployed_recipe,1.95,6.688788263009319
00-0037311,TE,2022,deployed_recipe,0.6545454545454545,3.318380387343163
00-0037569,TE,2022,deployed_recipe,1.4975,4.282608133548525
00-0037744,TE,2022,deployed_recipe,12.956985294117649,5.605869156182233
00-0037809,TE,2022,deployed_recipe,6.885294117647059,6.25769302289768
00-0037838,TE,2022,deployed_recipe,8.019301470588236,6.347580256645802
00-0038041,TE,2022,deployed_recipe,9.684126984126983,4.9565942669697325
00-0038115,TE,2022,deployed_recipe,2.9077380952380953,6.7788276703932535
00-0038129,TE,2022,deployed_recipe,8.883684210526315,6.432522766289166
00-0024243,TE,2022,recent_production_3col+opportunity,1.1949999999999998,2.0385646554537358
00-0030061,TE,2022,recent_production_3col+opportunity,9.115357142857142,8.225550105873769
00-0030506,TE,2022,recent_production_3col+opportunity,14.139473684210524,13.16410032658156
00-0031260,TE,2022,recent_production_3col+opportunity,7.925,5.400844390742885
00-0031484,TE,2022,recent_production_3col+opportunity,1.0071428571428571,1.681657570911383
00-0031585,TE,2022,recent_production_3col+opportunity,2.442857142857143,4.031864166320789
00-0031610,TE,2022,recent_production_3col+opportunity,9.433333333333334,9.396793775870105
00-0031690,TE,2022,recent_production_3col+opportunity,0.5800000000000001,2.719423778069989
00-0032134,TE,2022,recent_production_3col+opportunity,2.475,4.289249000638437
00-0032141,TE,2022,recent_production_3col+opportunity,2.425,2.5139446255735103
00-0032392,TE,2022,recent_production_3col+opportunity,4.706617647058824,6.140633396526029
00-0032394,TE,2022,recent_production_3col+opportunity,4.041666666666667,1.8145273592868847
00-0033090,TE,2022,recent_production_3col+opportunity,9.15528846153846,6.341529286806654
00-0033110,TE,2022,recent_production_3col+opportunity,8.970625,6.190540502022078
00-0033217,TE,2022,recent_production_3col+opportunity,3.116071428571429,3.9764691828207597
00-0033246,TE,2022,recent_production_3col+opportunity,3.6766666666666663,3.2132665814463657
00-0033288,TE,2022,recent_production_3col+opportunity,13.897192982456142,9.403005674258527
00-0033357,TE,2022,recent_production_3col+opportunity,10.88125,16.359889709337878
00-0033439,TE,2022,recent_production_3col+opportunity,2.3431818181818187,3.1674188348009076
00-0033576,TE,2022,recent_production_3col+opportunity,2.225,3.8936797343318035
00-0033757,TE,2022,recent_production_3col+opportunity,1.85,6.074728055854991
00-0033858,TE,2022,recent_production_3col+opportunity,10.191176470588236,3.9805470334972357
00-0033881,TE,2022,recent_production_3col+opportunity,11.745751633986927,8.773832572860595
00-0033885,TE,2022,recent_production_3col+opportunity,13.147058823529411,8.293420018847838
00-0033895,TE,2022,recent_production_3col+opportunity,4.283333333333333,7.838520435738088
00-0034073,TE,2022,recent_production_3col+opportunity,0.375,3.473001490800362
00-0034159,TE,2022,recent_production_3col+opportunity,5.0992788461538465,5.409440884921285
00-0034193,TE,2022,recent_production_3col+opportunity,0.2285714285714286,1.8374433577233935
00-0034270,TE,2022,recent_production_3col+opportunity,7.429963235294117,7.490626740832001
00-0034351,TE,2022,recent_production_3col+opportunity,10.282380952380954,8.521317909587783
00-0034364,TE,2022,recent_production_3col+opportunity,3.9283653846153848,6.048397341589643
00-0034365,TE,2022,recent_production_3col+opportunity,1.325,3.47838001747022
00-0034383,TE,2022,recent_production_3col+opportunity,8.509442724458204,9.355002014193458
00-0034613,TE,2022,recent_production_3col+opportunity,5.480555555555556,3.4356025166573434
00-0034753,TE,2022,recent_production_3col+opportunity,11.666267942583731,11.929100594856315
00-0034798,TE,2022,recent_production_3col+opportunity,3.2178571428571434,4.006599911701506
00-0034829,TE,2022,recent_production_3col+opportunity,6.601875,6.877232041685717
00-0034830,TE,2022,recent_production_3col+opportunity,3.448412698412699,6.606707264770208
00-0034970,TE,2022,recent_production_3col+opportunity,3.35,5.28093063703912
00-0034981,TE,2022,recent_production_3col+opportunity,5.008894230769231,6.521701118252288
00-0035229,TE,2022,recent_production_3col+opportunity,12.022727272727272,11.06522005894261
00-0035249,TE,2022,recent_production_3col+opportunity,4.638461538461538,4.6306731534021655
00-0035259,TE,2022,recent_production_3col+opportunity,0.5166666666666667,1.8125620442305665
00-0035329,TE,2022,recent_production_3col+opportunity,5.678571428571429,4.780036769309046
00-0035562,TE,2022,recent_production_3col+opportunity,0.2799999999999999,1.956862617589814
00-0035644,TE,2022,recent_production_3col+opportunity,6.160952380952381,6.841779321484273
00-0035689,TE,2022,recent_production_3col+opportunity,4.650735294117647,8.280464403571404
00-0035771,TE,2022,recent_production_3col+opportunity,1.2166666666666666,3.73312338049802
00-0036032,TE,2022,recent_production_3col+opportunity,0.0,1.3950688269324365
00-0036040,TE,2022,recent_production_3col+opportunity,7.854871794871795,7.924505699360246
00-0036145,TE,2022,recent_production_3col+opportunity,2.72,4.132268801134941
00-0036232,TE,2022,recent_production_3col+opportunity,3.08,5.2200166671035655
00-0036244,TE,2022,recent_production_3col+opportunity,4.212222222222222,5.912062541969506
00-0036290,TE,2022,recent_production_3col+opportunity,9.421875,8.11166289027458
00-0036332,TE,2022,recent_production_3col+opportunity,1.0392857142857144,3.0453393677660943
00-0036422,TE,2022,recent_production_3col+opportunity,3.4946428571428574,4.152945074979822
00-0036424,TE,2022,recent_production_3col+opportunity,2.56,3.485773761737531
00-0036429,TE,2022,recent_production_3col+opportunity,0.7416666666666667,2.008484509702707
00-0036438,TE,2022,recent_production_3col+opportunity,2.45,2.5845339141802723
00-0036556,TE,2022,recent_production_3col+opportunity,5.458333333333333,4.391975608138863
00-0036590,TE,2022,recent_production_3col+opportunity,1.4600000000000002,3.60646846180005
00-0036628,TE,2022,recent_production_3col+opportunity,1.7772916666666667,3.672860734838953
00-0036637,TE,2022,recent_production_3col+opportunity,5.43,5.750159097833513
00-0036741,TE,2022,recent_production_3col+opportunity,1.0333333333333334,3.5587580686331313
00-0036754,TE,2022,recent_production_3col+opportunity,3.0454545454545454,4.598009072158148
00-0036825,TE,2022,recent_production_3col+opportunity,0.2444444444444444,2.452270435556936
00-0036876,TE,2022,recent_production_3col+opportunity,3.439583333333333,5.407889662836983
00-0036887,TE,2022,recent_production_3col+opportunity,2.2041666666666666,1.9018080809783693
00-0036894,TE,2022,recent_production_3col+opportunity,8.580555555555556,9.308038239106692
00-0036970,TE,2022,recent_production_3col+opportunity,7.897058823529412,10.014374933735308
00-0037005,TE,2022,recent_production_3col+opportunity,4.833333333333333,5.313417787752729
00-0037078,TE,2022,recent_production_3col+opportunity,2.875,2.684522956982941
00-0037086,TE,2022,recent_production_3col+opportunity,3.825,3.1547854653564253
00-0037252,TE,2022,recent_production_3col+opportunity,1.95,9.186854810819604
00-0037311,TE,2022,recent_production_3col+opportunity,0.6545454545454545,3.4769410842737636
00-0037569,TE,2022,recent_production_3col+opportunity,1.4975,4.455953400801574
00-0037744,TE,2022,recent_production_3col+opportunity,12.956985294117649,5.370619967847448
00-0037809,TE,2022,recent_production_3col+opportunity,6.885294117647059,6.92778403335134
00-0037838,TE,2022,recent_production_3col+opportunity,8.019301470588236,6.776620399758691
00-0038041,TE,2022,recent_production_3col+opportunity,9.684126984126983,4.451545511298532
00-0038115,TE,2022,recent_production_3col+opportunity,2.9077380952380953,5.9241416972104926
00-0038129,TE,2022,recent_production_3col+opportunity,8.883684210526315,6.352064954354189
00-0024243,TE,2022,deployed_recipe+opportunity,1.1949999999999998,1.7182940717508366
00-0030061,TE,2022,deployed_recipe+opportunity,9.115357142857142,8.670412611124682
00-0030506,TE,2022,deployed_recipe+opportunity,14.139473684210524,15.020453494630601
00-0031260,TE,2022,deployed_recipe+opportunity,7.925,6.101030119210089
00-0031484,TE,2022,deployed_recipe+opportunity,1.0071428571428571,1.3959086859992773
00-0031585,TE,2022,deployed_recipe+opportunity,2.442857142857143,4.1295298631235795
00-0031610,TE,2022,deployed_recipe+opportunity,9.433333333333334,9.744264109377285
00-0031690,TE,2022,deployed_recipe+opportunity,0.5800000000000001,2.8853543476391863
00-0032134,TE,2022,deployed_recipe+opportunity,2.475,3.885344731378673
00-0032141,TE,2022,deployed_recipe+opportunity,2.425,2.044719856796128
00-0032392,TE,2022,deployed_recipe+opportunity,4.706617647058824,6.809933213779989
00-0032394,TE,2022,deployed_recipe+opportunity,4.041666666666667,1.8906441401310943
00-0033090,TE,2022,deployed_recipe+opportunity,9.15528846153846,6.415586703531187
00-0033110,TE,2022,deployed_recipe+opportunity,8.970625,7.060024237521429
00-0033217,TE,2022,deployed_recipe+opportunity,3.116071428571429,3.9621936661824666
00-0033246,TE,2022,deployed_recipe+opportunity,3.6766666666666663,2.9186009758470988
00-0033288,TE,2022,deployed_recipe+opportunity,13.897192982456142,10.491118605241791
00-0033357,TE,2022,deployed_recipe+opportunity,10.88125,16.331332802907703
00-0033439,TE,2022,deployed_recipe+opportunity,2.3431818181818187,3.259606665580465
00-0033576,TE,2022,deployed_recipe+opportunity,2.225,3.5202139273231943
00-0033757,TE,2022,deployed_recipe+opportunity,1.85,5.705691111921551
00-0033858,TE,2022,deployed_recipe+opportunity,10.191176470588236,4.906591971179274
00-0033881,TE,2022,deployed_recipe+opportunity,11.745751633986927,7.722551434078012
00-0033885,TE,2022,deployed_recipe+opportunity,13.147058823529411,8.830297081722028
00-0033895,TE,2022,deployed_recipe+opportunity,4.283333333333333,8.043496758143668
00-0034073,TE,2022,deployed_recipe+opportunity,0.375,3.792836759737881
00-0034159,TE,2022,deployed_recipe+opportunity,5.0992788461538465,5.075490622027154
00-0034193,TE,2022,deployed_recipe+opportunity,0.2285714285714286,1.616167006448885
00-0034270,TE,2022,deployed_recipe+opportunity,7.429963235294117,8.040836993387932
00-0034351,TE,2022,deployed_recipe+opportunity,10.282380952380954,8.146749473368128
00-0034364,TE,2022,deployed_recipe+opportunity,3.9283653846153848,6.351343239479915
00-0034365,TE,2022,deployed_recipe+opportunity,1.325,3.379455808402076
00-0034383,TE,2022,deployed_recipe+opportunity,8.509442724458204,9.328165529651717
00-0034613,TE,2022,deployed_recipe+opportunity,5.480555555555556,2.8504799356996084
00-0034753,TE,2022,deployed_recipe+opportunity,11.666267942583731,12.338853542788868
00-0034798,TE,2022,deployed_recipe+opportunity,3.2178571428571434,3.581018425271715
00-0034829,TE,2022,deployed_recipe+opportunity,6.601875,6.8457923435905546
00-0034830,TE,2022,deployed_recipe+opportunity,3.448412698412699,6.828791032137577
00-0034970,TE,2022,deployed_recipe+opportunity,3.35,5.874920985453823
00-0034981,TE,2022,deployed_recipe+opportunity,5.008894230769231,6.13326751541584
00-0035229,TE,2022,deployed_recipe+opportunity,12.022727272727272,11.184989155579803
00-0035249,TE,2022,deployed_recipe+opportunity,4.638461538461538,4.640924046572474
00-0035259,TE,2022,deployed_recipe+opportunity,0.5166666666666667,2.2209973757930364
00-0035329,TE,2022,deployed_recipe+opportunity,5.678571428571429,4.6536471202055445
00-0035562,TE,2022,deployed_recipe+opportunity,0.2799999999999999,2.1459060292372882
00-0035644,TE,2022,deployed_recipe+opportunity,6.160952380952381,5.496311998048615
00-0035689,TE,2022,deployed_recipe+opportunity,4.650735294117647,7.796803905383163
00-0035771,TE,2022,deployed_recipe+opportunity,1.2166666666666666,4.089749374669363
00-0036032,TE,2022,deployed_recipe+opportunity,0.0,1.723304846320442
00-0036040,TE,2022,deployed_recipe+opportunity,7.854871794871795,7.786495244249454
00-0036145,TE,2022,deployed_recipe+opportunity,2.72,4.093258452013254
00-0036232,TE,2022,deployed_recipe+opportunity,3.08,5.464528449273249
00-0036244,TE,2022,deployed_recipe+opportunity,4.212222222222222,6.096686506953381
00-0036290,TE,2022,deployed_recipe+opportunity,9.421875,7.407719073893718
00-0036332,TE,2022,deployed_recipe+opportunity,1.0392857142857144,3.5685120141089612
00-0036422,TE,2022,deployed_recipe+opportunity,3.4946428571428574,3.68173175168042
00-0036424,TE,2022,deployed_recipe+opportunity,2.56,3.6364389573991254
00-0036429,TE,2022,deployed_recipe+opportunity,0.7416666666666667,1.932455537014425
00-0036438,TE,2022,deployed_recipe+opportunity,2.45,2.788430176982999
00-0036556,TE,2022,deployed_recipe+opportunity,5.458333333333333,4.662945845389611
00-0036590,TE,2022,deployed_recipe+opportunity,1.4600000000000002,3.365352036798072
00-0036628,TE,2022,deployed_recipe+opportunity,1.7772916666666667,3.7872046151094167
00-0036637,TE,2022,deployed_recipe+opportunity,5.43,5.639850709484949
00-0036741,TE,2022,deployed_recipe+opportunity,1.0333333333333334,3.4678558752366655
00-0036754,TE,2022,deployed_recipe+opportunity,3.0454545454545454,5.015307959794295
00-0036825,TE,2022,deployed_recipe+opportunity,0.2444444444444444,2.3275333327259276
00-0036876,TE,2022,deployed_recipe+opportunity,3.439583333333333,5.694816052162311
00-0036887,TE,2022,deployed_recipe+opportunity,2.2041666666666666,2.6806426405809063
00-0036894,TE,2022,deployed_recipe+opportunity,8.580555555555556,8.933135300189326
00-0036970,TE,2022,deployed_recipe+opportunity,7.897058823529412,7.507330909316233
00-0037005,TE,2022,deployed_recipe+opportunity,4.833333333333333,5.323174470421497
00-0037078,TE,2022,deployed_recipe+opportunity,2.875,2.453653371552468
00-0037086,TE,2022,deployed_recipe+opportunity,3.825,2.839615580331259
00-0037252,TE,2022,deployed_recipe+opportunity,1.95,7.720463143886072
00-0037311,TE,2022,deployed_recipe+opportunity,0.6545454545454545,3.1086286878987526
00-0037569,TE,2022,deployed_recipe+opportunity,1.4975,4.140970739732849
00-0037744,TE,2022,deployed_recipe+opportunity,12.956985294117649,5.440784561481759
00-0037809,TE,2022,deployed_recipe+opportunity,6.885294117647059,6.151904955591696
00-0037838,TE,2022,deployed_recipe+opportunity,8.019301470588236,6.1994095579103705
00-0038041,TE,2022,deployed_recipe+opportunity,9.684126984126983,4.409202154098724
00-0038115,TE,2022,deployed_recipe+opportunity,2.9077380952380953,6.181607285701948
00-0038129,TE,2022,deployed_recipe+opportunity,8.883684210526315,6.0346486895127365
00-0024243,TE,2022,exploratory:recent_production_3col+xfp,1.1949999999999998,2.0063459401201023
00-0030061,TE,2022,exploratory:recent_production_3col+xfp,9.115357142857142,8.58225312794201
00-0030506,TE,2022,exploratory:recent_production_3col+xfp,14.139473684210524,14.056215211586107
00-0031260,TE,2022,exploratory:recent_production_3col+xfp,7.925,5.624489761898422
00-0031484,TE,2022,exploratory:recent_production_3col+xfp,1.0071428571428571,1.8244016967991077
00-0031585,TE,2022,exploratory:recent_production_3col+xfp,2.442857142857143,4.270265730460883
00-0031610,TE,2022,exploratory:recent_production_3col+xfp,9.433333333333334,7.912891474846292
00-0031690,TE,2022,exploratory:recent_production_3col+xfp,0.5800000000000001,3.043041477479028
00-0032134,TE,2022,exploratory:recent_production_3col+xfp,2.475,4.144373024832618
00-0032141,TE,2022,exploratory:recent_production_3col+xfp,2.425,2.931919850448483
00-0032392,TE,2022,exploratory:recent_production_3col+xfp,4.706617647058824,5.957533437448065
00-0032394,TE,2022,exploratory:recent_production_3col+xfp,4.041666666666667,2.1042194807896726
00-0033090,TE,2022,exploratory:recent_production_3col+xfp,9.15528846153846,6.229326394398056
00-0033110,TE,2022,exploratory:recent_production_3col+xfp,8.970625,8.377855722922128
00-0033217,TE,2022,exploratory:recent_production_3col+xfp,3.116071428571429,4.119481669687533
00-0033246,TE,2022,exploratory:recent_production_3col+xfp,3.6766666666666663,3.768135388186881
00-0033288,TE,2022,exploratory:recent_production_3col+xfp,13.897192982456142,9.658103190311838
00-0033357,TE,2022,exploratory:recent_production_3col+xfp,10.88125,6.897120505342473
00-0033439,TE,2022,exploratory:recent_production_3col+xfp,2.3431818181818187,3.3413914801325477
00-0033576,TE,2022,exploratory:recent_production_3col+xfp,2.225,3.727436066544393
00-0033757,TE,2022,exploratory:recent_production_3col+xfp,1.85,6.472056500148469
00-0033858,TE,2022,exploratory:recent_production_3col+xfp,10.191176470588236,4.775061615604985
00-0033881,TE,2022,exploratory:recent_production_3col+xfp,11.745751633986927,9.305295519334669
00-0033885,TE,2022,exploratory:recent_production_3col+xfp,13.147058823529411,8.500942534535163
00-0033895,TE,2022,exploratory:recent_production_3col+xfp,4.283333333333333,8.74544545533322
00-0034073,TE,2022,exploratory:recent_production_3col+xfp,0.375,2.804029440406354
00-0034159,TE,2022,exploratory:recent_production_3col+xfp,5.0992788461538465,5.654511357072598
00-0034193,TE,2022,exploratory:recent_production_3col+xfp,0.2285714285714286,15.903098267153066
00-0034270,TE,2022,exploratory:recent_production_3col+xfp,7.429963235294117,7.39542672036703
00-0034351,TE,2022,exploratory:recent_production_3col+xfp,10.282380952380954,9.229463800131857
00-0034364,TE,2022,exploratory:recent_production_3col+xfp,3.9283653846153848,6.308559353319858
00-0034365,TE,2022,exploratory:recent_production_3col+xfp,1.325,4.177296402291046
00-0034383,TE,2022,exploratory:recent_production_3col+xfp,8.509442724458204,9.628091868603644
00-0034613,TE,2022,exploratory:recent_production_3col+xfp,5.480555555555556,3.2954696734708167
00-0034753,TE,2022,exploratory:recent_production_3col+xfp,11.666267942583731,10.704623952499684
00-0034798,TE,2022,exploratory:recent_production_3col+xfp,3.2178571428571434,3.945960672277348
00-0034829,TE,2022,exploratory:recent_production_3col+xfp,6.601875,6.458734758802963
00-0034830,TE,2022,exploratory:recent_production_3col+xfp,3.448412698412699,7.601332411291408
00-0034970,TE,2022,exploratory:recent_production_3col+xfp,3.35,6.35540684877101
00-0034981,TE,2022,exploratory:recent_production_3col+xfp,5.008894230769231,6.3680651246851605
00-0035229,TE,2022,exploratory:recent_production_3col+xfp,12.022727272727272,11.292246872606885
00-0035249,TE,2022,exploratory:recent_production_3col+xfp,4.638461538461538,4.584286193458534
00-0035259,TE,2022,exploratory:recent_production_3col+xfp,0.5166666666666667,1.8051990030327598
00-0035329,TE,2022,exploratory:recent_production_3col+xfp,5.678571428571429,4.571640011641828
00-0035562,TE,2022,exploratory:recent_production_3col+xfp,0.2799999999999999,1.909749352486417
00-0035644,TE,2022,exploratory:recent_production_3col+xfp,6.160952380952381,7.214200792305492
00-0035689,TE,2022,exploratory:recent_production_3col+xfp,4.650735294117647,8.280457201655302
00-0035771,TE,2022,exploratory:recent_production_3col+xfp,1.2166666666666666,4.055345139228426
00-0036032,TE,2022,exploratory:recent_production_3col+xfp,0.0,1.6363681696754426
00-0036040,TE,2022,exploratory:recent_production_3col+xfp,7.854871794871795,7.517672841584238
00-0036145,TE,2022,exploratory:recent_production_3col+xfp,2.72,4.307218977740947
00-0036232,TE,2022,exploratory:recent_production_3col+xfp,3.08,5.546229264139404
00-0036244,TE,2022,exploratory:recent_production_3col+xfp,4.212222222222222,5.867617596422244
00-0036290,TE,2022,exploratory:recent_production_3col+xfp,9.421875,8.011734491055591
00-0036332,TE,2022,exploratory:recent_production_3col+xfp,1.0392857142857144,3.399809857562311
00-0036422,TE,2022,exploratory:recent_production_3col+xfp,3.4946428571428574,4.294958533444935
00-0036424,TE,2022,exploratory:recent_production_3col+xfp,2.56,3.0276424358799465
00-0036429,TE,2022,exploratory:recent_production_3col+xfp,0.7416666666666667,1.610231785567302
00-0036438,TE,2022,exploratory:recent_production_3col+xfp,2.45,2.12041197370114
00-0036556,TE,2022,exploratory:recent_production_3col+xfp,5.458333333333333,4.514675975535197
00-0036590,TE,2022,exploratory:recent_production_3col+xfp,1.4600000000000002,3.7488813254236564
00-0036628,TE,2022,exploratory:recent_production_3col+xfp,1.7772916666666667,4.0429606040264225
00-0036637,TE,2022,exploratory:recent_production_3col+xfp,5.43,5.839162999725181
00-0036741,TE,2022,exploratory:recent_production_3col+xfp,1.0333333333333334,3.6124842831886026
00-0036754,TE,2022,exploratory:recent_production_3col+xfp,3.0454545454545454,5.081858973819232
00-0036825,TE,2022,exploratory:recent_production_3col+xfp,0.2444444444444444,1.4069701801202412
00-0036876,TE,2022,exploratory:recent_production_3col+xfp,3.439583333333333,5.367176165402047
00-0036887,TE,2022,exploratory:recent_production_3col+xfp,2.2041666666666666,2.1823033713912796
00-0036894,TE,2022,exploratory:recent_production_3col+xfp,8.580555555555556,8.955533134489299
00-0036970,TE,2022,exploratory:recent_production_3col+xfp,7.897058823529412,7.86568885971972
00-0037005,TE,2022,exploratory:recent_production_3col+xfp,4.833333333333333,5.3804428472800305
00-0037078,TE,2022,exploratory:recent_production_3col+xfp,2.875,2.6676372068292538
00-0037086,TE,2022,exploratory:recent_production_3col+xfp,3.825,2.994302524166667
00-0037252,TE,2022,exploratory:recent_production_3col+xfp,1.95,7.704659353766907
00-0037311,TE,2022,exploratory:recent_production_3col+xfp,0.6545454545454545,3.483857481818056
00-0037569,TE,2022,exploratory:recent_production_3col+xfp,1.4975,4.340930782631149
00-0037744,TE,2022,exploratory:recent_production_3col+xfp,12.956985294117649,5.568981764343328
00-0037809,TE,2022,exploratory:recent_production_3col+xfp,6.885294117647059,6.510623910874103
00-0037838,TE,2022,exploratory:recent_production_3col+xfp,8.019301470588236,7.107195841244959
00-0038041,TE,2022,exploratory:recent_production_3col+xfp,9.684126984126983,4.903964979861924
00-0038115,TE,2022,exploratory:recent_production_3col+xfp,2.9077380952380953,6.469584659961577
00-0038129,TE,2022,exploratory:recent_production_3col+xfp,8.883684210526315,7.1580675923125225
00-0024243,TE,2022,exploratory:deployed_recipe+xfp,1.1949999999999998,1.5450810930699923
00-0030061,TE,2022,exploratory:deployed_recipe+xfp,9.115357142857142,8.967286821028477
00-0030506,TE,2022,exploratory:deployed_recipe+xfp,14.139473684210524,15.767357488763059
00-0031260,TE,2022,exploratory:deployed_recipe+xfp,7.925,5.93374919249906
00-0031484,TE,2022,exploratory:deployed_recipe+xfp,1.0071428571428571,1.3642050335689895
00-0031585,TE,2022,exploratory:deployed_recipe+xfp,2.442857142857143,4.2736241422905525
00-0031610,TE,2022,exploratory:deployed_recipe+xfp,9.433333333333334,9.233442056363721
00-0031690,TE,2022,exploratory:deployed_recipe+xfp,0.5800000000000001,3.127753000237087
00-0032134,TE,2022,exploratory:deployed_recipe+xfp,2.475,3.607259553317812
00-0032141,TE,2022,exploratory:deployed_recipe+xfp,2.425,2.0045065947673315
00-0032392,TE,2022,exploratory:deployed_recipe+xfp,4.706617647058824,6.659676151688938
00-0032394,TE,2022,exploratory:deployed_recipe+xfp,4.041666666666667,1.8695752423112388
00-0033090,TE,2022,exploratory:deployed_recipe+xfp,9.15528846153846,5.954538974491981
00-0033110,TE,2022,exploratory:deployed_recipe+xfp,8.970625,7.896632865071681
00-0033217,TE,2022,exploratory:deployed_recipe+xfp,3.116071428571429,3.868270235069664
00-0033246,TE,2022,exploratory:deployed_recipe+xfp,3.6766666666666663,3.2951539734506543
00-0033288,TE,2022,exploratory:deployed_recipe+xfp,13.897192982456142,10.27227876757754
00-0033357,TE,2022,exploratory:deployed_recipe+xfp,10.88125,7.3903474845308335
00-0033439,TE,2022,exploratory:deployed_recipe+xfp,2.3431818181818187,3.3104743958543956
00-0033576,TE,2022,exploratory:deployed_recipe+xfp,2.225,3.542376188501999
00-0033757,TE,2022,exploratory:deployed_recipe+xfp,1.85,5.581136619624177
00-0033858,TE,2022,exploratory:deployed_recipe+xfp,10.191176470588236,5.265188161751325
00-0033881,TE,2022,exploratory:deployed_recipe+xfp,11.745751633986927,7.6662099907464665
00-0033885,TE,2022,exploratory:deployed_recipe+xfp,13.147058823529411,8.636142755298277
00-0033895,TE,2022,exploratory:deployed_recipe+xfp,4.283333333333333,8.568275177196659
00-0034073,TE,2022,exploratory:deployed_recipe+xfp,0.375,3.6645913521798477
00-0034159,TE,2022,exploratory:deployed_recipe+xfp,5.0992788461538465,5.047206179913466
00-0034193,TE,2022,exploratory:deployed_recipe+xfp,0.2285714285714286,3.9796920098162314
00-0034270,TE,2022,exploratory:deployed_recipe+xfp,7.429963235294117,7.416387353925406
00-0034351,TE,2022,exploratory:deployed_recipe+xfp,10.282380952380954,8.176091100422319
00-0034364,TE,2022,exploratory:deployed_recipe+xfp,3.9283653846153848,6.560155945820735
00-0034365,TE,2022,exploratory:deployed_recipe+xfp,1.325,3.5495319436617816
00-0034383,TE,2022,exploratory:deployed_recipe+xfp,8.509442724458204,9.440316413171875
00-0034613,TE,2022,exploratory:deployed_recipe+xfp,5.480555555555556,2.636089170213186
00-0034753,TE,2022,exploratory:deployed_recipe+xfp,11.666267942583731,11.526081917269218
00-0034798,TE,2022,exploratory:deployed_recipe+xfp,3.2178571428571434,3.2067298320397306
00-0034829,TE,2022,exploratory:deployed_recipe+xfp,6.601875,6.664615674204218
00-0034830,TE,2022,exploratory:deployed_recipe+xfp,3.448412698412699,7.257475973857869
00-0034970,TE,2022,exploratory:deployed_recipe+xfp,3.35,6.55314135917048
00-0034981,TE,2022,exploratory:deployed_recipe+xfp,5.008894230769231,5.793606867719667
00-0035229,TE,2022,exploratory:deployed_recipe+xfp,12.022727272727272,11.345083023193812
00-0035249,TE,2022,exploratory:deployed_recipe+xfp,4.638461538461538,4.701404094834901
00-0035259,TE,2022,exploratory:deployed_recipe+xfp,0.5166666666666667,2.2652312989300256
00-0035329,TE,2022,exploratory:deployed_recipe+xfp,5.678571428571429,4.69502151529014
00-0035562,TE,2022,exploratory:deployed_recipe+xfp,0.2799999999999999,2.0299765457312056
00-0035644,TE,2022,exploratory:deployed_recipe+xfp,6.160952380952381,5.3994469320852705
00-0035689,TE,2022,exploratory:deployed_recipe+xfp,4.650735294117647,7.387384223964624
00-0035771,TE,2022,exploratory:deployed_recipe+xfp,1.2166666666666666,4.26807157650382
00-0036032,TE,2022,exploratory:deployed_recipe+xfp,0.0,1.6871120298242186
00-0036040,TE,2022,exploratory:deployed_recipe+xfp,7.854871794871795,7.646312147732543
00-0036145,TE,2022,exploratory:deployed_recipe+xfp,2.72,4.125773349402323
00-0036232,TE,2022,exploratory:deployed_recipe+xfp,3.08,5.623817060775194
00-0036244,TE,2022,exploratory:deployed_recipe+xfp,4.212222222222222,6.248304484243998
00-0036290,TE,2022,exploratory:deployed_recipe+xfp,9.421875,6.445089410072743
00-0036332,TE,2022,exploratory:deployed_recipe+xfp,1.0392857142857144,3.8386083686958443
00-0036422,TE,2022,exploratory:deployed_recipe+xfp,3.4946428571428574,3.4938002555458674
00-0036424,TE,2022,exploratory:deployed_recipe+xfp,2.56,3.498574652628246
00-0036429,TE,2022,exploratory:deployed_recipe+xfp,0.7416666666666667,1.6829331656973938
00-0036438,TE,2022,exploratory:deployed_recipe+xfp,2.45,2.669349768719991
00-0036556,TE,2022,exploratory:deployed_recipe+xfp,5.458333333333333,4.758692089484871
00-0036590,TE,2022,exploratory:deployed_recipe+xfp,1.4600000000000002,3.414492301751096
00-0036628,TE,2022,exploratory:deployed_recipe+xfp,1.7772916666666667,3.891919905567578
00-0036637,TE,2022,exploratory:deployed_recipe+xfp,5.43,5.716452999552226
00-0036741,TE,2022,exploratory:deployed_recipe+xfp,1.0333333333333334,3.4087149192505777
00-0036754,TE,2022,exploratory:deployed_recipe+xfp,3.0454545454545454,5.399885241171118
00-0036825,TE,2022,exploratory:deployed_recipe+xfp,0.2444444444444444,1.3990841829437954
00-0036876,TE,2022,exploratory:deployed_recipe+xfp,3.439583333333333,5.66775953517562
00-0036887,TE,2022,exploratory:deployed_recipe+xfp,2.2041666666666666,3.013003378099487
00-0036894,TE,2022,exploratory:deployed_recipe+xfp,8.580555555555556,8.671451841875811
00-0036970,TE,2022,exploratory:deployed_recipe+xfp,7.897058823529412,6.292884178681195
00-0037005,TE,2022,exploratory:deployed_recipe+xfp,4.833333333333333,5.323109372305396
00-0037078,TE,2022,exploratory:deployed_recipe+xfp,2.875,2.2912528966854016
00-0037086,TE,2022,exploratory:deployed_recipe+xfp,3.825,2.6978036226450968
00-0037252,TE,2022,exploratory:deployed_recipe+xfp,1.95,6.816735942108135
00-0037311,TE,2022,exploratory:deployed_recipe+xfp,0.6545454545454545,3.1155070914925496
00-0037569,TE,2022,exploratory:deployed_recipe+xfp,1.4975,4.019587662859919
00-0037744,TE,2022,exploratory:deployed_recipe+xfp,12.956985294117649,5.491343813907157
00-0037809,TE,2022,exploratory:deployed_recipe+xfp,6.885294117647059,5.970019875737434
00-0037838,TE,2022,exploratory:deployed_recipe+xfp,8.019301470588236,6.458138413311027
00-0038041,TE,2022,exploratory:deployed_recipe+xfp,9.684126984126983,4.675379678622882
00-0038115,TE,2022,exploratory:deployed_recipe+xfp,2.9077380952380953,6.378943309367597
00-0038129,TE,2022,exploratory:deployed_recipe+xfp,8.883684210526315,6.614531280706336
00-0024243,TE,2022,deployed_recipe_reproduction,1.1949999999999998,2.1429869185204
00-0030061,TE,2022,deployed_recipe_reproduction,9.115357142857142,8.128997072433002
00-0030506,TE,2022,deployed_recipe_reproduction,14.139473684210524,15.507183920357893
00-0031260,TE,2022,deployed_recipe_reproduction,7.925,6.000651176999167
00-0031484,TE,2022,deployed_recipe_reproduction,1.0071428571428571,1.6497248975217498
00-0031585,TE,2022,deployed_recipe_reproduction,2.442857142857143,4.583887268665623
00-0031610,TE,2022,deployed_recipe_reproduction,9.433333333333334,8.471339922454915
00-0031690,TE,2022,deployed_recipe_reproduction,0.5800000000000001,2.8838455884886462
00-0032134,TE,2022,deployed_recipe_reproduction,2.475,4.7634082312008585
00-0032141,TE,2022,deployed_recipe_reproduction,2.425,2.9717682393763942
00-0032392,TE,2022,deployed_recipe_reproduction,4.706617647058824,6.54461468340637
00-0032394,TE,2022,deployed_recipe_reproduction,4.041666666666667,1.9979761881864082
00-0033090,TE,2022,deployed_recipe_reproduction,9.15528846153846,7.022734642233269
00-0033110,TE,2022,deployed_recipe_reproduction,8.970625,8.27449584751538
00-0033217,TE,2022,deployed_recipe_reproduction,3.116071428571429,4.532393672661693
00-0033246,TE,2022,deployed_recipe_reproduction,3.6766666666666663,3.8954780044054056
00-0033288,TE,2022,deployed_recipe_reproduction,13.897192982456142,11.224224882491608
00-0033357,TE,2022,deployed_recipe_reproduction,10.88125,7.8788300513626055
00-0033439,TE,2022,deployed_recipe_reproduction,2.3431818181818187,3.016336821459791
00-0033576,TE,2022,deployed_recipe_reproduction,2.225,3.421501540646391
00-0033757,TE,2022,deployed_recipe_reproduction,1.85,6.983305179174563
00-0033858,TE,2022,deployed_recipe_reproduction,10.191176470588236,5.025806829309679
00-0033881,TE,2022,deployed_recipe_reproduction,11.745751633986927,9.460636814255604
00-0033885,TE,2022,deployed_recipe_reproduction,13.147058823529411,8.431953896122003
00-0033895,TE,2022,deployed_recipe_reproduction,4.283333333333333,8.50669510587749
00-0034073,TE,2022,deployed_recipe_reproduction,0.375,3.3090567635914514
00-0034159,TE,2022,deployed_recipe_reproduction,5.0992788461538465,5.93386981488757
00-0034193,TE,2022,deployed_recipe_reproduction,0.2285714285714286,1.373606516781959
00-0034270,TE,2022,deployed_recipe_reproduction,7.429963235294117,7.476849910724044
00-0034351,TE,2022,deployed_recipe_reproduction,10.282380952380954,9.91629110310332
00-0034364,TE,2022,deployed_recipe_reproduction,3.9283653846153848,6.645966975007267
00-0034365,TE,2022,deployed_recipe_reproduction,1.325,4.050439060068945
00-0034383,TE,2022,deployed_recipe_reproduction,8.509442724458204,9.899385674338184
00-0034613,TE,2022,deployed_recipe_reproduction,5.480555555555556,3.1005758058705917
00-0034753,TE,2022,deployed_recipe_reproduction,11.666267942583731,11.13170207305135
00-0034798,TE,2022,deployed_recipe_reproduction,3.2178571428571434,4.247011557247249
00-0034829,TE,2022,deployed_recipe_reproduction,6.601875,7.227828447648873
00-0034830,TE,2022,deployed_recipe_reproduction,3.448412698412699,7.567958354970186
00-0034970,TE,2022,deployed_recipe_reproduction,3.35,6.208518663314888
00-0034981,TE,2022,deployed_recipe_reproduction,5.008894230769231,6.234279013962171
00-0035229,TE,2022,deployed_recipe_reproduction,12.022727272727272,11.600272828528832
00-0035249,TE,2022,deployed_recipe_reproduction,4.638461538461538,4.41740504803367
00-0035259,TE,2022,deployed_recipe_reproduction,0.5166666666666667,1.7168967297491928
00-0035329,TE,2022,deployed_recipe_reproduction,5.678571428571429,4.48664142802709
00-0035562,TE,2022,deployed_recipe_reproduction,0.2799999999999999,1.9635936436677053
00-0035644,TE,2022,deployed_recipe_reproduction,6.160952380952381,7.8503402023950715
00-0035689,TE,2022,deployed_recipe_reproduction,4.650735294117647,8.718558042753578
00-0035771,TE,2022,deployed_recipe_reproduction,1.2166666666666666,4.041077476289022
00-0036032,TE,2022,deployed_recipe_reproduction,0.0,1.5787459774010282
00-0036040,TE,2022,deployed_recipe_reproduction,7.854871794871795,7.395003745494796
00-0036145,TE,2022,deployed_recipe_reproduction,2.72,4.317809319788349
00-0036232,TE,2022,deployed_recipe_reproduction,3.08,5.378085617070705
00-0036244,TE,2022,deployed_recipe_reproduction,4.212222222222222,5.785408800777192
00-0036290,TE,2022,deployed_recipe_reproduction,9.421875,8.263629489235221
00-0036332,TE,2022,deployed_recipe_reproduction,1.0392857142857144,3.5497668486727663
00-0036422,TE,2022,deployed_recipe_reproduction,3.4946428571428574,4.583358574141606
00-0036424,TE,2022,deployed_recipe_reproduction,2.56,3.236235678220769
00-0036429,TE,2022,deployed_recipe_reproduction,0.7416666666666667,1.321157507886669
00-0036438,TE,2022,deployed_recipe_reproduction,2.45,2.3114815806765567
00-0036556,TE,2022,deployed_recipe_reproduction,5.458333333333333,4.255041708192311
00-0036590,TE,2022,deployed_recipe_reproduction,1.4600000000000002,3.8883091330952464
00-0036628,TE,2022,deployed_recipe_reproduction,1.7772916666666667,3.8979522268682096
00-0036637,TE,2022,deployed_recipe_reproduction,5.43,6.016140122772416
00-0036741,TE,2022,deployed_recipe_reproduction,1.0333333333333334,3.5034145370462606
00-0036754,TE,2022,deployed_recipe_reproduction,3.0454545454545454,5.456307077410201
00-0036825,TE,2022,deployed_recipe_reproduction,0.2444444444444444,1.1166132030838258
00-0036876,TE,2022,deployed_recipe_reproduction,3.439583333333333,5.259657910278172
00-0036887,TE,2022,deployed_recipe_reproduction,2.2041666666666666,2.2648828893923856
00-0036894,TE,2022,deployed_recipe_reproduction,8.580555555555556,8.772699975756188
00-0036970,TE,2022,deployed_recipe_reproduction,7.897058823529412,6.981173188933734
00-0037005,TE,2022,deployed_recipe_reproduction,4.833333333333333,5.312980149820174
00-0037078,TE,2022,deployed_recipe_reproduction,2.875,2.5236781031111577
00-0037086,TE,2022,deployed_recipe_reproduction,3.825,2.9751814409233726
00-0037252,TE,2022,deployed_recipe_reproduction,1.95,7.180887110060121
00-0037311,TE,2022,deployed_recipe_reproduction,0.6545454545454545,3.8866497315129105
00-0037569,TE,2022,deployed_recipe_reproduction,1.4975,4.6660504012063795
00-0037744,TE,2022,deployed_recipe_reproduction,12.956985294117649,5.6106996511667155
00-0037809,TE,2022,deployed_recipe_reproduction,6.885294117647059,6.796228138876856
00-0037838,TE,2022,deployed_recipe_reproduction,8.019301470588236,6.751735446518873
00-0038041,TE,2022,deployed_recipe_reproduction,9.684126984126983,5.258362243407255
00-0038115,TE,2022,deployed_recipe_reproduction,2.9077380952380953,6.691251560994164
00-0038129,TE,2022,deployed_recipe_reproduction,8.883684210526315,6.841670947150275
00-0024243,TE,2023,ppg_only,0.24,2.931243787306702
00-0030061,TE,2023,ppg_only,10.28403846153846,6.573169879220115
00-0030506,TE,2023,ppg_only,11.78498452012384,12.616460751921986
00-0031484,TE,2023,ppg_only,0.9625,1.7934524161632206
00-0031585,TE,2023,ppg_only,2.2857142857142856,3.2442606274029435
00-0031610,TE,2023,ppg_only,9.855555555555556,7.99747931034587
00-0032392,TE,2023,ppg_only,5.215992647058824,3.539887643049394
00-0033090,TE,2023,ppg_only,9.424702380952382,7.851226427793781
00-0033110,TE,2023,ppg_only,8.791538461538462,6.152708766630521
00-0033217,TE,2023,ppg_only,2.7579545454545453,3.8752628288667954
00-0033246,TE,2023,ppg_only,2.504166666666667,4.232002656151083
00-0033288,TE,2023,ppg_only,14.6825,9.797478683218996
00-0033357,TE,2023,ppg_only,8.003173076923076,7.6751878972097405
00-0033439,TE,2023,ppg_only,0.835,3.8260292999050494
00-0033858,TE,2023,ppg_only,8.957679738562092,6.517639347363639
00-0033881,TE,2023,ppg_only,7.983333333333333,10.858957874711512
00-0033885,TE,2023,ppg_only,10.672727272727272,10.335217279517801
00-0033895,TE,2023,ppg_only,1.16,6.587744208282798
00-0034159,TE,2023,ppg_only,4.846875000000001,3.586706401183447
00-0034270,TE,2023,ppg_only,5.251041666666667,6.472630389964181
00-0034351,TE,2023,ppg_only,11.726339285714284,8.31745208022203
00-0034364,TE,2023,ppg_only,5.6875,2.944620575345003
00-0034365,TE,2023,ppg_only,2.711111111111111,2.357379580463592
00-0034383,TE,2023,ppg_only,8.457894736842107,8.412107281540893
00-0034613,TE,2023,ppg_only,4.528888888888888,6.084598620868839
00-0034753,TE,2023,ppg_only,9.205572755417958,10.219161124901014
00-0034798,TE,2023,ppg_only,1.0440476190476191,5.201858008322296
00-0034829,TE,2023,ppg_only,7.367708333333333,4.468504268668244
00-0034830,TE,2023,ppg_only,2.185714285714286,4.712734692051979
00-0034981,TE,2023,ppg_only,4.149553571428571,3.9131000293179894
00-0035229,TE,2023,ppg_only,8.482727272727272,11.591376363302718
00-0035249,TE,2023,ppg_only,4.880128205128205,4.287650094390416
00-0035631,TE,2023,ppg_only,2.988257575757576,3.934885084123222
00-0035644,TE,2023,ppg_only,6.591208791208791,4.839487190263789
00-0035689,TE,2023,ppg_only,5.207679738562091,5.139751492430184
00-0036040,TE,2023,ppg_only,9.384509803921569,6.66871836520798
00-0036232,TE,2023,ppg_only,2.1166666666666667,3.6801655602777092
00-0036244,TE,2023,ppg_only,6.83202614379085,4.296924667430304
00-0036290,TE,2023,ppg_only,6.2875000000000005,9.308961904267623
00-0036332,TE,2023,ppg_only,1.1071428571428572,2.444328702712548
00-0036422,TE,2023,ppg_only,3.232142857142857,4.06158237654313
00-0036429,TE,2023,ppg_only,1.3976190476190478,1.7951085899203436
00-0036628,TE,2023,ppg_only,2.005625,3.017033587925672
00-0036637,TE,2023,ppg_only,4.685714285714286,4.398944970869079
00-0036741,TE,2023,ppg_only,1.2222222222222223,2.4559219190124093
00-0036754,TE,2023,ppg_only,3.890909090909091,3.459262093327635
00-0036876,TE,2023,ppg_only,1.4645833333333331,4.820938044184011
00-0036887,TE,2023,ppg_only,1.7991666666666668,3.4181588719008555
00-0036894,TE,2023,ppg_only,8.493055555555557,6.617886570662435
00-0036970,TE,2023,ppg_only,10.058823529411764,7.053655112757204
00-0037005,TE,2023,ppg_only,4.979375,4.236639942671028
00-0037292,TE,2023,ppg_only,1.6564393939393938,3.693234276833916
00-0037475,TE,2023,ppg_only,2.9499999999999997,3.319616533352039
00-0037539,TE,2023,ppg_only,3.2181818181818183,3.770923882168048
00-0037569,TE,2023,ppg_only,2.02,2.113922038166516
00-0037744,TE,2023,ppg_only,16.90992647058824,8.862196855535487
00-0037805,TE,2023,ppg_only,2.692857142857143,3.5990130461786842
00-0037809,TE,2023,ppg_only,7.197058823529412,6.075733220168946
00-0037838,TE,2023,ppg_only,6.962009803921569,6.483115431176554
00-0038041,TE,2023,ppg_only,9.2609243697479,9.721004133591844
00-0038046,TE,2023,ppg_only,2.678671328671329,3.0425386637853657
00-0038115,TE,2023,ppg_only,3.396474358974359,3.94482212666596
00-0038129,TE,2023,ppg_only,8.933333333333334,7.033411849620604
00-0038394,TE,2023,ppg_only,0.9857142857142858,3.8829414526498205
00-0038547,TE,2023,ppg_only,3.3505952380952384,2.9446205753450023
00-0038558,TE,2023,ppg_only,4.4980769230769235,2.4481931081458352
00-0038589,TE,2023,ppg_only,3.190952380952381,3.3215487360686815
00-0038720,TE,2023,ppg_only,2.1948051948051948,2.0478407052573093
00-0038783,TE,2023,ppg_only,2.7285714285714286,2.2982541773343024
00-0038809,TE,2023,ppg_only,2.0500000000000003,2.777219627894266
00-0038933,TE,2023,ppg_only,9.209375,8.186835176576931
00-0038935,TE,2023,ppg_only,7.9035714285714285,2.8765900533216433
00-0038996,TE,2023,ppg_only,12.1,5.431031051964187
00-0039041,TE,2023,ppg_only,3.348823529411765,3.7311757119970967
00-0039050,TE,2023,ppg_only,2.2875,2.6182269472104602
00-0039065,TE,2023,ppg_only,11.577124183006536,11.3096612072161
00-0039066,TE,2023,ppg_only,4.502097902097902,5.256129548363402
00-0039074,TE,2023,ppg_only,3.2308333333333334,4.070277288768025
00-0039144,TE,2023,ppg_only,2.6464285714285714,6.454689756595165
00-0024243,TE,2023,recent_production_3col,0.24,0.9653134469173454
00-0030061,TE,2023,recent_production_3col,10.28403846153846,5.091657515604527
00-0030506,TE,2023,recent_production_3col,11.78498452012384,12.087716831185482
00-0031484,TE,2023,recent_production_3col,0.9625,0.9372404269482408
00-0031585,TE,2023,recent_production_3col,2.2857142857142856,2.658889642462862
00-0031610,TE,2023,recent_production_3col,9.855555555555556,7.272052684653385
00-0032392,TE,2023,recent_production_3col,5.215992647058824,3.93741815425829
00-0033090,TE,2023,recent_production_3col,9.424702380952382,7.489951892554285
00-0033110,TE,2023,recent_production_3col,8.791538461538462,6.218707651107194
00-0033217,TE,2023,recent_production_3col,2.7579545454545453,3.871657989785559
00-0033246,TE,2023,recent_production_3col,2.504166666666667,3.7835181178422426
00-0033288,TE,2023,recent_production_3col,14.6825,9.948524210448383
00-0033357,TE,2023,recent_production_3col,8.003173076923076,7.281457326179978
00-0033439,TE,2023,recent_production_3col,0.835,3.5431583265936464
00-0033858,TE,2023,recent_production_3col,8.957679738562092,6.904501050219759
00-0033881,TE,2023,recent_production_3col,7.983333333333333,10.767911160965898
00-0033885,TE,2023,recent_production_3col,10.672727272727272,10.50905603279768
00-0033895,TE,2023,recent_production_3col,1.16,6.595934822884489
00-0034159,TE,2023,recent_production_3col,4.846875000000001,3.8071030473057332
00-0034270,TE,2023,recent_production_3col,5.251041666666667,6.863303650005836
00-0034351,TE,2023,recent_production_3col,11.726339285714284,8.289429797963168
00-0034364,TE,2023,recent_production_3col,5.6875,2.7783262802271684
00-0034365,TE,2023,recent_production_3col,2.711111111111111,2.025711302139393
00-0034383,TE,2023,recent_production_3col,8.457894736842107,8.748803478202742
00-0034613,TE,2023,recent_production_3col,4.528888888888888,5.7416959771554215
00-0034753,TE,2023,recent_production_3col,9.205572755417958,9.50515792967744
00-0034798,TE,2023,recent_production_3col,1.0440476190476191,5.306444035346912
00-0034829,TE,2023,recent_production_3col,7.367708333333333,4.7664278766391135
00-0034830,TE,2023,recent_production_3col,2.185714285714286,3.982039292965143
00-0034981,TE,2023,recent_production_3col,4.149553571428571,4.216122623080535
00-0035229,TE,2023,recent_production_3col,8.482727272727272,11.506636522996473
00-0035249,TE,2023,recent_production_3col,4.880128205128205,4.558954135350254
00-0035631,TE,2023,recent_production_3col,2.988257575757576,4.2570303716804325
00-0035644,TE,2023,recent_production_3col,6.591208791208791,5.326527128481025
00-0035689,TE,2023,recent_production_3col,5.207679738562091,5.097395475773596
00-0036040,TE,2023,recent_production_3col,9.384509803921569,6.628116633982271
00-0036232,TE,2023,recent_production_3col,2.1166666666666667,4.375648372252613
00-0036244,TE,2023,recent_production_3col,6.83202614379085,5.050443996586987
00-0036290,TE,2023,recent_production_3col,6.2875000000000005,9.76927374589005
00-0036332,TE,2023,recent_production_3col,1.1071428571428572,2.4780314880999175
00-0036422,TE,2023,recent_production_3col,3.232142857142857,4.7457326773103965
00-0036429,TE,2023,recent_production_3col,1.3976190476190478,2.14625809855246
00-0036628,TE,2023,recent_production_3col,2.005625,3.658406941637226
00-0036637,TE,2023,recent_production_3col,4.685714285714286,5.799994516372015
00-0036741,TE,2023,recent_production_3col,1.2222222222222223,2.0739735436936346
00-0036754,TE,2023,recent_production_3col,3.890909090909091,3.648516189195074
00-0036876,TE,2023,recent_production_3col,1.4645833333333331,5.419815206765525
00-0036887,TE,2023,recent_production_3col,1.7991666666666668,3.3693934200011846
00-0036894,TE,2023,recent_production_3col,8.493055555555557,6.670888352574687
00-0036970,TE,2023,recent_production_3col,10.058823529411764,7.946456638570109
00-0037005,TE,2023,recent_production_3col,4.979375,5.1055308492185745
00-0037292,TE,2023,recent_production_3col,1.6564393939393938,3.862674575431093
00-0037475,TE,2023,recent_production_3col,2.9499999999999997,3.6519303808376575
00-0037539,TE,2023,recent_production_3col,3.2181818181818183,3.408849285284284
00-0037569,TE,2023,recent_production_3col,2.02,2.1336700215547912
00-0037744,TE,2023,recent_production_3col,16.90992647058824,9.491576682732696
00-0037805,TE,2023,recent_production_3col,2.692857142857143,3.865731266887849
00-0037809,TE,2023,recent_production_3col,7.197058823529412,6.94108308767067
00-0037838,TE,2023,recent_production_3col,6.962009803921569,7.292998826437744
00-0038041,TE,2023,recent_production_3col,9.2609243697479,10.408890318836185
00-0038046,TE,2023,recent_production_3col,2.678671328671329,3.2461151907187915
00-0038115,TE,2023,recent_production_3col,3.396474358974359,4.707191504785413
00-0038129,TE,2023,recent_production_3col,8.933333333333334,8.080129161901029
00-0038394,TE,2023,recent_production_3col,0.9857142857142858,4.14658291101396
00-0038547,TE,2023,recent_production_3col,3.3505952380952384,3.439924685008598
00-0038558,TE,2023,recent_production_3col,4.4980769230769235,2.791400292617595
00-0038589,TE,2023,recent_production_3col,3.190952380952381,3.370263509316191
00-0038720,TE,2023,recent_production_3col,2.1948051948051948,2.445919046787974
00-0038783,TE,2023,recent_production_3col,2.7285714285714286,1.908690253941736
00-0038809,TE,2023,recent_production_3col,2.0500000000000003,2.7198290951421074
00-0038933,TE,2023,recent_production_3col,9.209375,9.00464156103935
00-0038935,TE,2023,recent_production_3col,7.9035714285714285,2.810784394315706
00-0038996,TE,2023,recent_production_3col,12.1,6.330009596437268
00-0039041,TE,2023,recent_production_3col,3.348823529411765,4.117935763982095
00-0039050,TE,2023,recent_production_3col,2.2875,2.7055345656577092
00-0039065,TE,2023,recent_production_3col,11.577124183006536,12.346013598993743
00-0039066,TE,2023,recent_production_3col,4.502097902097902,5.886484077406716
00-0039074,TE,2023,recent_production_3col,3.2308333333333334,4.144885275628825
00-0039144,TE,2023,recent_production_3col,2.6464285714285714,6.873278515872909
00-0024243,TE,2023,deployed_recipe,0.24,1.0340176648009471
00-0030061,TE,2023,deployed_recipe,10.28403846153846,5.630001191509512
00-0030506,TE,2023,deployed_recipe,11.78498452012384,12.987273494018167
00-0031484,TE,2023,deployed_recipe,0.9625,0.48898953303365467
00-0031585,TE,2023,deployed_recipe,2.2857142857142856,2.6734298800132716
00-0031610,TE,2023,deployed_recipe,9.855555555555556,7.8206599871409495
00-0032392,TE,2023,deployed_recipe,5.215992647058824,3.812293185963007
00-0033090,TE,2023,deployed_recipe,9.424702380952382,7.576819087115119
00-0033110,TE,2023,deployed_recipe,8.791538461538462,5.410168804136877
00-0033217,TE,2023,deployed_recipe,2.7579545454545453,3.698591551151276
00-0033246,TE,2023,deployed_recipe,2.504166666666667,4.0920471078776846
00-0033288,TE,2023,deployed_recipe,14.6825,10.83557160894946
00-0033357,TE,2023,deployed_recipe,8.003173076923076,8.038329385310348
00-0033439,TE,2023,deployed_recipe,0.835,2.900217455976966
00-0033858,TE,2023,deployed_recipe,8.957679738562092,5.439377344085116
00-0033881,TE,2023,deployed_recipe,7.983333333333333,10.432577216409577
00-0033885,TE,2023,deployed_recipe,10.672727272727272,10.949805187630677
00-0033895,TE,2023,deployed_recipe,1.16,6.399661530152929
00-0034159,TE,2023,deployed_recipe,4.846875000000001,3.5501472832018592
00-0034270,TE,2023,deployed_recipe,5.251041666666667,7.286932237709709
00-0034351,TE,2023,deployed_recipe,11.726339285714284,7.874605832416749
00-0034364,TE,2023,deployed_recipe,5.6875,3.082668645580032
00-0034365,TE,2023,deployed_recipe,2.711111111111111,1.8468539027450408
00-0034383,TE,2023,deployed_recipe,8.457894736842107,9.411165834055964
00-0034613,TE,2023,deployed_recipe,4.528888888888888,5.862228735013172
00-0034753,TE,2023,deployed_recipe,9.205572755417958,10.841633088152548
00-0034798,TE,2023,deployed_recipe,1.0440476190476191,4.339264391132337
00-0034829,TE,2023,deployed_recipe,7.367708333333333,5.3419240858046875
00-0034830,TE,2023,deployed_recipe,2.185714285714286,4.045446635777491
00-0034981,TE,2023,deployed_recipe,4.149553571428571,3.790859452323337
00-0035229,TE,2023,deployed_recipe,8.482727272727272,12.229503531119422
00-0035249,TE,2023,deployed_recipe,4.880128205128205,3.798108103564335
00-0035631,TE,2023,deployed_recipe,2.988257575757576,3.4851512381481182
00-0035644,TE,2023,deployed_recipe,6.591208791208791,5.713592429156858
00-0035689,TE,2023,deployed_recipe,5.207679738562091,5.723709965111857
00-0036040,TE,2023,deployed_recipe,9.384509803921569,7.101201011086918
00-0036232,TE,2023,deployed_recipe,2.1166666666666667,4.262119760376422
00-0036244,TE,2023,deployed_recipe,6.83202614379085,4.498598287033164
00-0036290,TE,2023,deployed_recipe,6.2875000000000005,8.516235513607043
00-0036332,TE,2023,deployed_recipe,1.1071428571428572,2.5811663947978145
00-0036422,TE,2023,deployed_recipe,3.232142857142857,4.217005597707518
00-0036429,TE,2023,deployed_recipe,1.3976190476190478,1.6639009412534715
00-0036628,TE,2023,deployed_recipe,2.005625,3.379520508552277
00-0036637,TE,2023,deployed_recipe,4.685714285714286,5.102667388868184
00-0036741,TE,2023,deployed_recipe,1.2222222222222223,1.509653670957519
00-0036754,TE,2023,deployed_recipe,3.890909090909091,4.131001952304553
00-0036876,TE,2023,deployed_recipe,1.4645833333333331,4.214988737741409
00-0036887,TE,2023,deployed_recipe,1.7991666666666668,2.785264998507971
00-0036894,TE,2023,deployed_recipe,8.493055555555557,5.9575322003009745
00-0036970,TE,2023,deployed_recipe,10.058823529411764,8.697372261503787
00-0037005,TE,2023,deployed_recipe,4.979375,4.608240680529062
00-0037292,TE,2023,deployed_recipe,1.6564393939393938,3.8664855611371216
00-0037475,TE,2023,deployed_recipe,2.9499999999999997,3.9137281097413057
00-0037539,TE,2023,deployed_recipe,3.2181818181818183,3.588599167853774
00-0037569,TE,2023,deployed_recipe,2.02,3.3277600118973005
00-0037744,TE,2023,deployed_recipe,16.90992647058824,10.722857157385182
00-0037805,TE,2023,deployed_recipe,2.692857142857143,4.092313639992765
00-0037809,TE,2023,deployed_recipe,7.197058823529412,7.898787612259817
00-0037838,TE,2023,deployed_recipe,6.962009803921569,8.25634546264989
00-0038041,TE,2023,deployed_recipe,9.2609243697479,11.03205888268746
00-0038046,TE,2023,deployed_recipe,2.678671328671329,3.4516170392712473
00-0038115,TE,2023,deployed_recipe,3.396474358974359,5.353409746976524
00-0038129,TE,2023,deployed_recipe,8.933333333333334,7.3963230679165095
00-0038394,TE,2023,deployed_recipe,0.9857142857142858,4.482098799185139
00-0038547,TE,2023,deployed_recipe,3.3505952380952384,3.672316185667631
00-0038558,TE,2023,deployed_recipe,4.4980769230769235,2.7800604598267418
00-0038589,TE,2023,deployed_recipe,3.190952380952381,3.656652479073955
00-0038720,TE,2023,deployed_recipe,2.1948051948051948,2.6995238737095466
00-0038783,TE,2023,deployed_recipe,2.7285714285714286,2.5860711458977708
00-0038809,TE,2023,deployed_recipe,2.0500000000000003,3.341659518489328
00-0038933,TE,2023,deployed_recipe,9.209375,8.30469167309093
00-0038935,TE,2023,deployed_recipe,7.9035714285714285,3.1353958929967023
00-0038996,TE,2023,deployed_recipe,12.1,5.949866715081768
00-0039041,TE,2023,deployed_recipe,3.348823529411765,4.164114726431189
00-0039050,TE,2023,deployed_recipe,2.2875,3.205615387221455
00-0039065,TE,2023,deployed_recipe,11.577124183006536,11.858824791926095
00-0039066,TE,2023,deployed_recipe,4.502097902097902,5.341432431093699
00-0039074,TE,2023,deployed_recipe,3.2308333333333334,4.455337866204997
00-0039144,TE,2023,deployed_recipe,2.6464285714285714,6.166586493332936
00-0024243,TE,2023,recent_production_3col+opportunity,0.24,0.6917673404991964
00-0030061,TE,2023,recent_production_3col+opportunity,10.28403846153846,5.730959133814242
00-0030506,TE,2023,recent_production_3col+opportunity,11.78498452012384,11.30659878172467
00-0031484,TE,2023,recent_production_3col+opportunity,0.9625,0.9704398767065583
00-0031585,TE,2023,recent_production_3col+opportunity,2.2857142857142856,2.461260809696
00-0031610,TE,2023,recent_production_3col+opportunity,9.855555555555556,7.604733136428466
00-0032392,TE,2023,recent_production_3col+opportunity,5.215992647058824,3.593781565028783
00-0033090,TE,2023,recent_production_3col+opportunity,9.424702380952382,7.6105011450164035
00-0033110,TE,2023,recent_production_3col+opportunity,8.791538461538462,5.877056308154863
00-0033217,TE,2023,recent_production_3col+opportunity,2.7579545454545453,3.975460765007116
00-0033246,TE,2023,recent_production_3col+opportunity,2.504166666666667,3.466081709006856
00-0033288,TE,2023,recent_production_3col+opportunity,14.6825,10.142975922016344
00-0033357,TE,2023,recent_production_3col+opportunity,8.003173076923076,14.791366336916406
00-0033439,TE,2023,recent_production_3col+opportunity,0.835,3.348808703302531
00-0033858,TE,2023,recent_production_3col+opportunity,8.957679738562092,6.623900925692105
00-0033881,TE,2023,recent_production_3col+opportunity,7.983333333333333,9.558745640164833
00-0033885,TE,2023,recent_production_3col+opportunity,10.672727272727272,9.456727254570048
00-0033895,TE,2023,recent_production_3col+opportunity,1.16,6.062268295819374
00-0034159,TE,2023,recent_production_3col+opportunity,4.846875000000001,3.322110426407576
00-0034270,TE,2023,recent_production_3col+opportunity,5.251041666666667,6.950897465121827
00-0034351,TE,2023,recent_production_3col+opportunity,11.726339285714284,7.658923193391139
00-0034364,TE,2023,recent_production_3col+opportunity,5.6875,2.661576665344424
00-0034365,TE,2023,recent_production_3col+opportunity,2.711111111111111,2.2793267407895925
00-0034383,TE,2023,recent_production_3col+opportunity,8.457894736842107,8.843693361409263
00-0034613,TE,2023,recent_production_3col+opportunity,4.528888888888888,5.291284931620021
00-0034753,TE,2023,recent_production_3col+opportunity,9.205572755417958,9.072831126280201
00-0034798,TE,2023,recent_production_3col+opportunity,1.0440476190476191,5.087489991564042
00-0034829,TE,2023,recent_production_3col+opportunity,7.367708333333333,5.04736179586126
00-0034830,TE,2023,recent_production_3col+opportunity,2.185714285714286,4.263890446931166
00-0034981,TE,2023,recent_production_3col+opportunity,4.149553571428571,3.8800213569307975
00-0035229,TE,2023,recent_production_3col+opportunity,8.482727272727272,11.456344485294949
00-0035249,TE,2023,recent_production_3col+opportunity,4.880128205128205,3.869652337555929
00-0035631,TE,2023,recent_production_3col+opportunity,2.988257575757576,3.4806304302397013
00-0035644,TE,2023,recent_production_3col+opportunity,6.591208791208791,5.201053135028193
00-0035689,TE,2023,recent_production_3col+opportunity,5.207679738562091,5.030197320448541
00-0036040,TE,2023,recent_production_3col+opportunity,9.384509803921569,6.641711107898824
00-0036232,TE,2023,recent_production_3col+opportunity,2.1166666666666667,4.6546074876438
00-0036244,TE,2023,recent_production_3col+opportunity,6.83202614379085,4.838421617369466
00-0036290,TE,2023,recent_production_3col+opportunity,6.2875000000000005,9.294324106596937
00-0036332,TE,2023,recent_production_3col+opportunity,1.1071428571428572,2.3204667954279183
00-0036422,TE,2023,recent_production_3col+opportunity,3.232142857142857,4.575038496825954
00-0036429,TE,2023,recent_production_3col+opportunity,1.3976190476190478,2.1215720218504264
00-0036628,TE,2023,recent_production_3col+opportunity,2.005625,3.6657869800494125
00-0036637,TE,2023,recent_production_3col+opportunity,4.685714285714286,5.699802955635668
00-0036741,TE,2023,recent_production_3col+opportunity,1.2222222222222223,1.9622572814250894
00-0036754,TE,2023,recent_production_3col+opportunity,3.890909090909091,3.207821211428566
00-0036876,TE,2023,recent_production_3col+opportunity,1.4645833333333331,5.74836130491972
00-0036887,TE,2023,recent_production_3col+opportunity,1.7991666666666668,3.121918162560228
00-0036894,TE,2023,recent_production_3col+opportunity,8.493055555555557,6.527053607593386
00-0036970,TE,2023,recent_production_3col+opportunity,10.058823529411764,9.335533821162766
00-0037005,TE,2023,recent_production_3col+opportunity,4.979375,4.872556477324802
00-0037292,TE,2023,recent_production_3col+opportunity,1.6564393939393938,4.1623468163329616
00-0037475,TE,2023,recent_production_3col+opportunity,2.9499999999999997,3.825942293722007
00-0037539,TE,2023,recent_production_3col+opportunity,3.2181818181818183,3.7180562578273104
00-0037569,TE,2023,recent_production_3col+opportunity,2.02,2.3353879659764325
00-0037744,TE,2023,recent_production_3col+opportunity,16.90992647058824,8.888028434427335
00-0037805,TE,2023,recent_production_3col+opportunity,2.692857142857143,3.852631056182138
00-0037809,TE,2023,recent_production_3col+opportunity,7.197058823529412,7.076617326283031
00-0037838,TE,2023,recent_production_3col+opportunity,6.962009803921569,6.731615421601614
00-0038041,TE,2023,recent_production_3col+opportunity,9.2609243697479,9.23745128336619
00-0038046,TE,2023,recent_production_3col+opportunity,2.678671328671329,3.2875583981425134
00-0038115,TE,2023,recent_production_3col+opportunity,3.396474358974359,4.327390370453094
00-0038129,TE,2023,recent_production_3col+opportunity,8.933333333333334,7.700222107083752
00-0038394,TE,2023,recent_production_3col+opportunity,0.9857142857142858,4.29396798271176
00-0038547,TE,2023,recent_production_3col+opportunity,3.3505952380952384,3.276082917662249
00-0038558,TE,2023,recent_production_3col+opportunity,4.4980769230769235,2.4879524488389997
00-0038589,TE,2023,recent_production_3col+opportunity,3.190952380952381,3.657789095014251
00-0038720,TE,2023,recent_production_3col+opportunity,2.1948051948051948,2.381800621803511
00-0038783,TE,2023,recent_production_3col+opportunity,2.7285714285714286,1.5958191680813782
00-0038809,TE,2023,recent_production_3col+opportunity,2.0500000000000003,2.587878626250771
00-0038933,TE,2023,recent_production_3col+opportunity,9.209375,8.471527839965281
00-0038935,TE,2023,recent_production_3col+opportunity,7.9035714285714285,2.908894153055662
00-0038996,TE,2023,recent_production_3col+opportunity,12.1,5.514231217572432
00-0039041,TE,2023,recent_production_3col+opportunity,3.348823529411765,4.0030094300286105
00-0039050,TE,2023,recent_production_3col+opportunity,2.2875,2.889329147048814
00-0039065,TE,2023,recent_production_3col+opportunity,11.577124183006536,11.751244578313303
00-0039066,TE,2023,recent_production_3col+opportunity,4.502097902097902,5.496209147682856
00-0039074,TE,2023,recent_production_3col+opportunity,3.2308333333333334,3.554015228728428
00-0039144,TE,2023,recent_production_3col+opportunity,2.6464285714285714,6.818850852612931
00-0024243,TE,2023,deployed_recipe+opportunity,0.24,0.9519600689943957
00-0030061,TE,2023,deployed_recipe+opportunity,10.28403846153846,6.1243371167962195
00-0030506,TE,2023,deployed_recipe+opportunity,11.78498452012384,12.326895004812696
00-0031484,TE,2023,deployed_recipe+opportunity,0.9625,0.5966076905638236
00-0031585,TE,2023,deployed_recipe+opportunity,2.2857142857142856,2.480633883408747
00-0031610,TE,2023,deployed_recipe+opportunity,9.855555555555556,7.896625557614496
00-0032392,TE,2023,deployed_recipe+opportunity,5.215992647058824,3.551659390500907
00-0033090,TE,2023,deployed_recipe+opportunity,9.424702380952382,7.480331518455782
00-0033110,TE,2023,deployed_recipe+opportunity,8.791538461538462,5.389766825771064
00-0033217,TE,2023,deployed_recipe+opportunity,2.7579545454545453,3.6987352018409494
00-0033246,TE,2023,deployed_recipe+opportunity,2.504166666666667,3.8470678591157466
00-0033288,TE,2023,deployed_recipe+opportunity,14.6825,10.927427181394627
00-0033357,TE,2023,deployed_recipe+opportunity,8.003173076923076,15.554965943202065
00-0033439,TE,2023,deployed_recipe+opportunity,0.835,2.754709466141202
00-0033858,TE,2023,deployed_recipe+opportunity,8.957679738562092,5.408458393097523
00-0033881,TE,2023,deployed_recipe+opportunity,7.983333333333333,9.730175820966489
00-0033885,TE,2023,deployed_recipe+opportunity,10.672727272727272,10.487062669199696
00-0033895,TE,2023,deployed_recipe+opportunity,1.16,6.323231047531486
00-0034159,TE,2023,deployed_recipe+opportunity,4.846875000000001,3.207262008037782
00-0034270,TE,2023,deployed_recipe+opportunity,5.251041666666667,7.409527342348687
00-0034351,TE,2023,deployed_recipe+opportunity,11.726339285714284,7.437033023581812
00-0034364,TE,2023,deployed_recipe+opportunity,5.6875,2.82942036078276
00-0034365,TE,2023,deployed_recipe+opportunity,2.711111111111111,2.0258748922272476
00-0034383,TE,2023,deployed_recipe+opportunity,8.457894736842107,9.429355932577467
00-0034613,TE,2023,deployed_recipe+opportunity,4.528888888888888,5.2857850552570245
00-0034753,TE,2023,deployed_recipe+opportunity,9.205572755417958,10.566173273735055
00-0034798,TE,2023,deployed_recipe+opportunity,1.0440476190476191,4.359583869414854
00-0034829,TE,2023,deployed_recipe+opportunity,7.367708333333333,5.409251864650552
00-0034830,TE,2023,deployed_recipe+opportunity,2.185714285714286,4.207105754722097
00-0034981,TE,2023,deployed_recipe+opportunity,4.149553571428571,3.6367212036980607
00-0035229,TE,2023,deployed_recipe+opportunity,8.482727272727272,12.086904230281228
00-0035249,TE,2023,deployed_recipe+opportunity,4.880128205128205,3.389070532711605
00-0035631,TE,2023,deployed_recipe+opportunity,2.988257575757576,2.927869698685055
00-0035644,TE,2023,deployed_recipe+opportunity,6.591208791208791,5.596912203540835
00-0035689,TE,2023,deployed_recipe+opportunity,5.207679738562091,5.655170230197717
00-0036040,TE,2023,deployed_recipe+opportunity,9.384509803921569,7.053335721164972
00-0036232,TE,2023,deployed_recipe+opportunity,2.1166666666666667,4.582957283063506
00-0036244,TE,2023,deployed_recipe+opportunity,6.83202614379085,4.317356904562358
00-0036290,TE,2023,deployed_recipe+opportunity,6.2875000000000005,8.597231677291813
00-0036332,TE,2023,deployed_recipe+opportunity,1.1071428571428572,2.394327364578732
00-0036422,TE,2023,deployed_recipe+opportunity,3.232142857142857,4.182575184638577
00-0036429,TE,2023,deployed_recipe+opportunity,1.3976190476190478,1.6052952371429114
00-0036628,TE,2023,deployed_recipe+opportunity,2.005625,3.378972670305976
00-0036637,TE,2023,deployed_recipe+opportunity,4.685714285714286,5.061497061011994
00-0036741,TE,2023,deployed_recipe+opportunity,1.2222222222222223,1.5632736112799357
00-0036754,TE,2023,deployed_recipe+opportunity,3.890909090909091,3.5667248698654044
00-0036876,TE,2023,deployed_recipe+opportunity,1.4645833333333331,4.503787590562566
00-0036887,TE,2023,deployed_recipe+opportunity,1.7991666666666668,2.5772101820134594
00-0036894,TE,2023,deployed_recipe+opportunity,8.493055555555557,5.718817289342587
00-0036970,TE,2023,deployed_recipe+opportunity,10.058823529411764,9.334269774725612
00-0037005,TE,2023,deployed_recipe+opportunity,4.979375,4.494456515585378
00-0037292,TE,2023,deployed_recipe+opportunity,1.6564393939393938,3.9766563940206163
00-0037475,TE,2023,deployed_recipe+opportunity,2.9499999999999997,3.904174770963202
00-0037539,TE,2023,deployed_recipe+opportunity,3.2181818181818183,3.730634872420783
00-0037569,TE,2023,deployed_recipe+opportunity,2.02,3.268291082300718
00-0037744,TE,2023,deployed_recipe+opportunity,16.90992647058824,10.224830810786816
00-0037805,TE,2023,deployed_recipe+opportunity,2.692857142857143,4.04221467225826
00-0037809,TE,2023,deployed_recipe+opportunity,7.197058823529412,7.947711541843054
00-0037838,TE,2023,deployed_recipe+opportunity,6.962009803921569,7.48069369179624
00-0038041,TE,2023,deployed_recipe+opportunity,9.2609243697479,10.138356040864995
00-0038046,TE,2023,deployed_recipe+opportunity,2.678671328671329,3.370889262244212
00-0038115,TE,2023,deployed_recipe+opportunity,3.396474358974359,4.820908592364004
00-0038129,TE,2023,deployed_recipe+opportunity,8.933333333333334,6.945850097200749
00-0038394,TE,2023,deployed_recipe+opportunity,0.9857142857142858,4.473604760706271
00-0038547,TE,2023,deployed_recipe+opportunity,3.3505952380952384,3.4397028893738115
00-0038558,TE,2023,deployed_recipe+opportunity,4.4980769230769235,2.6235931577698386
00-0038589,TE,2023,deployed_recipe+opportunity,3.190952380952381,3.743238635357965
00-0038720,TE,2023,deployed_recipe+opportunity,2.1948051948051948,2.6142759921658465
00-0038783,TE,2023,deployed_recipe+opportunity,2.7285714285714286,2.3184508841284703
00-0038809,TE,2023,deployed_recipe+opportunity,2.0500000000000003,3.1612999463899527
00-0038933,TE,2023,deployed_recipe+opportunity,9.209375,8.101271954730736
00-0038935,TE,2023,deployed_recipe+opportunity,7.9035714285714285,3.1520379738528703
00-0038996,TE,2023,deployed_recipe+opportunity,12.1,5.426208229862694
00-0039041,TE,2023,deployed_recipe+opportunity,3.348823529411765,4.01971968395438
00-0039050,TE,2023,deployed_recipe+opportunity,2.2875,3.221987769838255
00-0039065,TE,2023,deployed_recipe+opportunity,11.577124183006536,11.563300760040649
00-0039066,TE,2023,deployed_recipe+opportunity,4.502097902097902,5.156857322368718
00-0039074,TE,2023,deployed_recipe+opportunity,3.2308333333333334,4.023449576496407
00-0039144,TE,2023,deployed_recipe+opportunity,2.6464285714285714,6.462551590746385
00-0024243,TE,2023,exploratory:recent_production_3col+xfp,0.24,0.8478186939897197
00-0030061,TE,2023,exploratory:recent_production_3col+xfp,10.28403846153846,5.8200784592866555
00-0030506,TE,2023,exploratory:recent_production_3col+xfp,11.78498452012384,11.85910698424207
00-0031484,TE,2023,exploratory:recent_production_3col+xfp,0.9625,1.0033700337021525
00-0031585,TE,2023,exploratory:recent_production_3col+xfp,2.2857142857142856,2.509997644332498
00-0031610,TE,2023,exploratory:recent_production_3col+xfp,9.855555555555556,7.328850634897466
00-0032392,TE,2023,exploratory:recent_production_3col+xfp,5.215992647058824,3.74321958422764
00-0033090,TE,2023,exploratory:recent_production_3col+xfp,9.424702380952382,7.225673264829101
00-0033110,TE,2023,exploratory:recent_production_3col+xfp,8.791538461538462,6.2970355693405615
00-0033217,TE,2023,exploratory:recent_production_3col+xfp,2.7579545454545453,3.6387009951361824
00-0033246,TE,2023,exploratory:recent_production_3col+xfp,2.504166666666667,3.6281365373796253
00-0033288,TE,2023,exploratory:recent_production_3col+xfp,14.6825,9.400047261618992
00-0033357,TE,2023,exploratory:recent_production_3col+xfp,8.003173076923076,7.5238818431403125
00-0033439,TE,2023,exploratory:recent_production_3col+xfp,0.835,3.1177964778982554
00-0033858,TE,2023,exploratory:recent_production_3col+xfp,8.957679738562092,6.8123803461971555
00-0033881,TE,2023,exploratory:recent_production_3col+xfp,7.983333333333333,10.762839268353662
00-0033885,TE,2023,exploratory:recent_production_3col+xfp,10.672727272727272,10.52361358822715
00-0033895,TE,2023,exploratory:recent_production_3col+xfp,1.16,6.704714786374057
00-0034159,TE,2023,exploratory:recent_production_3col+xfp,4.846875000000001,3.587953780487234
00-0034270,TE,2023,exploratory:recent_production_3col+xfp,5.251041666666667,6.849422710618269
00-0034351,TE,2023,exploratory:recent_production_3col+xfp,11.726339285714284,8.301767756972172
00-0034364,TE,2023,exploratory:recent_production_3col+xfp,5.6875,2.6952464890266272
00-0034365,TE,2023,exploratory:recent_production_3col+xfp,2.711111111111111,2.105311132028576
00-0034383,TE,2023,exploratory:recent_production_3col+xfp,8.457894736842107,8.308909721276681
00-0034613,TE,2023,exploratory:recent_production_3col+xfp,4.528888888888888,5.613588039378278
00-0034753,TE,2023,exploratory:recent_production_3col+xfp,9.205572755417958,9.281667138901101
00-0034798,TE,2023,exploratory:recent_production_3col+xfp,1.0440476190476191,5.318265169549378
00-0034829,TE,2023,exploratory:recent_production_3col+xfp,7.367708333333333,4.760571654303607
00-0034830,TE,2023,exploratory:recent_production_3col+xfp,2.185714285714286,4.217759286208705
00-0034981,TE,2023,exploratory:recent_production_3col+xfp,4.149553571428571,4.040032710751866
00-0035229,TE,2023,exploratory:recent_production_3col+xfp,8.482727272727272,11.638451243329072
00-0035249,TE,2023,exploratory:recent_production_3col+xfp,4.880128205128205,4.374373280842217
00-0035631,TE,2023,exploratory:recent_production_3col+xfp,2.988257575757576,3.9523293055081696
00-0035644,TE,2023,exploratory:recent_production_3col+xfp,6.591208791208791,5.1496606156384
00-0035689,TE,2023,exploratory:recent_production_3col+xfp,5.207679738562091,4.77834505070842
00-0036040,TE,2023,exploratory:recent_production_3col+xfp,9.384509803921569,6.728233765502378
00-0036232,TE,2023,exploratory:recent_production_3col+xfp,2.1166666666666667,4.24818510060122
00-0036244,TE,2023,exploratory:recent_production_3col+xfp,6.83202614379085,4.913796169585008
00-0036290,TE,2023,exploratory:recent_production_3col+xfp,6.2875000000000005,9.353019768434766
00-0036332,TE,2023,exploratory:recent_production_3col+xfp,1.1071428571428572,2.307502706305061
00-0036422,TE,2023,exploratory:recent_production_3col+xfp,3.232142857142857,4.707981299916096
00-0036429,TE,2023,exploratory:recent_production_3col+xfp,1.3976190476190478,1.9381394335735482
00-0036628,TE,2023,exploratory:recent_production_3col+xfp,2.005625,3.710978085328102
00-0036637,TE,2023,exploratory:recent_production_3col+xfp,4.685714285714286,5.441841767767717
00-0036741,TE,2023,exploratory:recent_production_3col+xfp,1.2222222222222223,2.2261748991399575
00-0036754,TE,2023,exploratory:recent_production_3col+xfp,3.890909090909091,3.4405866849962297
00-0036876,TE,2023,exploratory:recent_production_3col+xfp,1.4645833333333331,5.525479658911772
00-0036887,TE,2023,exploratory:recent_production_3col+xfp,1.7991666666666668,3.2594504013888703
00-0036894,TE,2023,exploratory:recent_production_3col+xfp,8.493055555555557,6.600599253637746
00-0036970,TE,2023,exploratory:recent_production_3col+xfp,10.058823529411764,8.11358771160895
00-0037005,TE,2023,exploratory:recent_production_3col+xfp,4.979375,4.850161146355383
00-0037292,TE,2023,exploratory:recent_production_3col+xfp,1.6564393939393938,3.8632311964348434
00-0037475,TE,2023,exploratory:recent_production_3col+xfp,2.9499999999999997,3.632436772054724
00-0037539,TE,2023,exploratory:recent_production_3col+xfp,3.2181818181818183,3.4862761210180815
00-0037569,TE,2023,exploratory:recent_production_3col+xfp,2.02,2.4268078007502876
00-0037744,TE,2023,exploratory:recent_production_3col+xfp,16.90992647058824,9.406721876722937
00-0037805,TE,2023,exploratory:recent_production_3col+xfp,2.692857142857143,3.8396104199668257
00-0037809,TE,2023,exploratory:recent_production_3col+xfp,7.197058823529412,6.891751215013638
00-0037838,TE,2023,exploratory:recent_production_3col+xfp,6.962009803921569,6.688228100466758
00-0038041,TE,2023,exploratory:recent_production_3col+xfp,9.2609243697479,10.466163989761949
00-0038046,TE,2023,exploratory:recent_production_3col+xfp,2.678671328671329,3.044041033489112
00-0038115,TE,2023,exploratory:recent_production_3col+xfp,3.396474358974359,4.41965170942999
00-0038129,TE,2023,exploratory:recent_production_3col+xfp,8.933333333333334,7.433735870881918
00-0038394,TE,2023,exploratory:recent_production_3col+xfp,0.9857142857142858,4.0882816249831135
00-0038547,TE,2023,exploratory:recent_production_3col+xfp,3.3505952380952384,3.4436456483989644
00-0038558,TE,2023,exploratory:recent_production_3col+xfp,4.4980769230769235,2.8575481896260255
00-0038589,TE,2023,exploratory:recent_production_3col+xfp,3.190952380952381,3.4914449121352056
00-0038720,TE,2023,exploratory:recent_production_3col+xfp,2.1948051948051948,2.547068485939322
00-0038783,TE,2023,exploratory:recent_production_3col+xfp,2.7285714285714286,1.9283443137273935
00-0038809,TE,2023,exploratory:recent_production_3col+xfp,2.0500000000000003,2.685554073402371
00-0038933,TE,2023,exploratory:recent_production_3col+xfp,9.209375,8.838848685732046
00-0038935,TE,2023,exploratory:recent_production_3col+xfp,7.9035714285714285,2.879824146624801
00-0038996,TE,2023,exploratory:recent_production_3col+xfp,12.1,6.0773406377131565
00-0039041,TE,2023,exploratory:recent_production_3col+xfp,3.348823529411765,3.9372375914333095
00-0039050,TE,2023,exploratory:recent_production_3col+xfp,2.2875,2.6654865131705563
00-0039065,TE,2023,exploratory:recent_production_3col+xfp,11.577124183006536,12.31864206018557
00-0039066,TE,2023,exploratory:recent_production_3col+xfp,4.502097902097902,5.7262724730083825
00-0039074,TE,2023,exploratory:recent_production_3col+xfp,3.2308333333333334,3.816155769163383
00-0039144,TE,2023,exploratory:recent_production_3col+xfp,2.6464285714285714,6.712240198165224
00-0024243,TE,2023,exploratory:deployed_recipe+xfp,0.24,0.7132488241285326
00-0030061,TE,2023,exploratory:deployed_recipe+xfp,10.28403846153846,6.209936706333712
00-0030506,TE,2023,exploratory:deployed_recipe+xfp,11.78498452012384,12.671682219176194
00-0031484,TE,2023,exploratory:deployed_recipe+xfp,0.9625,0.4148960569148361
00-0031585,TE,2023,exploratory:deployed_recipe+xfp,2.2857142857142856,2.478073690124896
00-0031610,TE,2023,exploratory:deployed_recipe+xfp,9.855555555555556,7.667816232524636
00-0032392,TE,2023,exploratory:deployed_recipe+xfp,5.215992647058824,3.7287527550240585
00-0033090,TE,2023,exploratory:deployed_recipe+xfp,9.424702380952382,7.375498312839957
00-0033110,TE,2023,exploratory:deployed_recipe+xfp,8.791538461538462,5.809634687538779
00-0033217,TE,2023,exploratory:deployed_recipe+xfp,2.7579545454545453,3.4726108652605205
00-0033246,TE,2023,exploratory:deployed_recipe+xfp,2.504166666666667,3.8746832068068207
00-0033288,TE,2023,exploratory:deployed_recipe+xfp,14.6825,10.251586728181678
00-0033357,TE,2023,exploratory:deployed_recipe+xfp,8.003173076923076,8.218385209832904
00-0033439,TE,2023,exploratory:deployed_recipe+xfp,0.835,2.704841924689778
00-0033858,TE,2023,exploratory:deployed_recipe+xfp,8.957679738562092,5.527270670623345
00-0033881,TE,2023,exploratory:deployed_recipe+xfp,7.983333333333333,10.28326066872529
00-0033885,TE,2023,exploratory:deployed_recipe+xfp,10.672727272727272,10.77317667261972
00-0033895,TE,2023,exploratory:deployed_recipe+xfp,1.16,6.5323818970340035
00-0034159,TE,2023,exploratory:deployed_recipe+xfp,4.846875000000001,3.4005469302956435
00-0034270,TE,2023,exploratory:deployed_recipe+xfp,5.251041666666667,6.859102653544847
00-0034351,TE,2023,exploratory:deployed_recipe+xfp,11.726339285714284,8.099786978403703
00-0034364,TE,2023,exploratory:deployed_recipe+xfp,5.6875,2.79472328754901
00-0034365,TE,2023,exploratory:deployed_recipe+xfp,2.711111111111111,1.7287516376231498
00-0034383,TE,2023,exploratory:deployed_recipe+xfp,8.457894736842107,9.250121107434936
00-0034613,TE,2023,exploratory:deployed_recipe+xfp,4.528888888888888,5.216039603205525
00-0034753,TE,2023,exploratory:deployed_recipe+xfp,9.205572755417958,10.632911403615516
00-0034798,TE,2023,exploratory:deployed_recipe+xfp,1.0440476190476191,4.649925496205132
00-0034829,TE,2023,exploratory:deployed_recipe+xfp,7.367708333333333,5.11830386568032
00-0034830,TE,2023,exploratory:deployed_recipe+xfp,2.185714285714286,4.139816996029475
00-0034981,TE,2023,exploratory:deployed_recipe+xfp,4.149553571428571,3.8504535299394904
00-0035229,TE,2023,exploratory:deployed_recipe+xfp,8.482727272727272,12.084657279710083
00-0035249,TE,2023,exploratory:deployed_recipe+xfp,4.880128205128205,3.784054910798103
00-0035631,TE,2023,exploratory:deployed_recipe+xfp,2.988257575757576,3.338646832910258
00-0035644,TE,2023,exploratory:deployed_recipe+xfp,6.591208791208791,5.558962312113686
00-0035689,TE,2023,exploratory:deployed_recipe+xfp,5.207679738562091,5.891445838804792
00-0036040,TE,2023,exploratory:deployed_recipe+xfp,9.384509803921569,7.035757229197335
00-0036232,TE,2023,exploratory:deployed_recipe+xfp,2.1166666666666667,4.131491655791745
00-0036244,TE,2023,exploratory:deployed_recipe+xfp,6.83202614379085,4.4412137690472
00-0036290,TE,2023,exploratory:deployed_recipe+xfp,6.2875000000000005,8.265001291899953
00-0036332,TE,2023,exploratory:deployed_recipe+xfp,1.1071428571428572,2.2437640234623437
00-0036422,TE,2023,exploratory:deployed_recipe+xfp,3.232142857142857,4.357706374779281
00-0036429,TE,2023,exploratory:deployed_recipe+xfp,1.3976190476190478,1.3936172953794372
00-0036628,TE,2023,exploratory:deployed_recipe+xfp,2.005625,3.4339562474082017
00-0036637,TE,2023,exploratory:deployed_recipe+xfp,4.685714285714286,5.068518711208585
00-0036741,TE,2023,exploratory:deployed_recipe+xfp,1.2222222222222223,1.5275909633543492
00-0036754,TE,2023,exploratory:deployed_recipe+xfp,3.890909090909091,3.2535882313487026
00-0036876,TE,2023,exploratory:deployed_recipe+xfp,1.4645833333333331,4.423632322593068
00-0036887,TE,2023,exploratory:deployed_recipe+xfp,1.7991666666666668,2.7353025675143634
00-0036894,TE,2023,exploratory:deployed_recipe+xfp,8.493055555555557,6.0613772026600286
00-0036970,TE,2023,exploratory:deployed_recipe+xfp,10.058823529411764,8.391377059364856
00-0037005,TE,2023,exploratory:deployed_recipe+xfp,4.979375,4.4810399417689535
00-0037292,TE,2023,exploratory:deployed_recipe+xfp,1.6564393939393938,3.9016835032381074
00-0037475,TE,2023,exploratory:deployed_recipe+xfp,2.9499999999999997,3.8095699926418547
00-0037539,TE,2023,exploratory:deployed_recipe+xfp,3.2181818181818183,3.5402209116704153
00-0037569,TE,2023,exploratory:deployed_recipe+xfp,2.02,2.65574669722712
00-0037744,TE,2023,exploratory:deployed_recipe+xfp,16.90992647058824,9.690068086551884
00-0037805,TE,2023,exploratory:deployed_recipe+xfp,2.692857142857143,3.985982187841092
00-0037809,TE,2023,exploratory:deployed_recipe+xfp,7.197058823529412,6.9342664517505685
00-0037838,TE,2023,exploratory:deployed_recipe+xfp,6.962009803921569,7.009280004451894
00-0038041,TE,2023,exploratory:deployed_recipe+xfp,9.2609243697479,10.415444330925359
00-0038046,TE,2023,exploratory:deployed_recipe+xfp,2.678671328671329,3.257697521754541
00-0038115,TE,2023,exploratory:deployed_recipe+xfp,3.396474358974359,4.558894755560632
00-0038129,TE,2023,exploratory:deployed_recipe+xfp,8.933333333333334,6.984523234488511
00-0038394,TE,2023,exploratory:deployed_recipe+xfp,0.9857142857142858,4.325214425322804
00-0038547,TE,2023,exploratory:deployed_recipe+xfp,3.3505952380952384,3.617340054204984
00-0038558,TE,2023,exploratory:deployed_recipe+xfp,4.4980769230769235,2.8831920888219145
00-0038589,TE,2023,exploratory:deployed_recipe+xfp,3.190952380952381,3.6655687341037373
00-0038720,TE,2023,exploratory:deployed_recipe+xfp,2.1948051948051948,2.6979502705792022
00-0038783,TE,2023,exploratory:deployed_recipe+xfp,2.7285714285714286,2.251166660064385
00-0038809,TE,2023,exploratory:deployed_recipe+xfp,2.0500000000000003,2.9862579448487967
00-0038933,TE,2023,exploratory:deployed_recipe+xfp,9.209375,8.245873211289073
00-0038935,TE,2023,exploratory:deployed_recipe+xfp,7.9035714285714285,3.022678374726387
00-0038996,TE,2023,exploratory:deployed_recipe+xfp,12.1,6.005341906549601
00-0039041,TE,2023,exploratory:deployed_recipe+xfp,3.348823529411765,4.117119031955938
00-0039050,TE,2023,exploratory:deployed_recipe+xfp,2.2875,2.967185262529128
00-0039065,TE,2023,exploratory:deployed_recipe+xfp,11.577124183006536,11.847780623514351
00-0039066,TE,2023,exploratory:deployed_recipe+xfp,4.502097902097902,5.524733745291506
00-0039074,TE,2023,exploratory:deployed_recipe+xfp,3.2308333333333334,4.090219779175689
00-0039144,TE,2023,exploratory:deployed_recipe+xfp,2.6464285714285714,6.273940716137029
00-0024243,TE,2023,deployed_recipe_reproduction,0.24,0.7909737241731394
00-0030061,TE,2023,deployed_recipe_reproduction,10.28403846153846,5.69690333663924
00-0030506,TE,2023,deployed_recipe_reproduction,11.78498452012384,13.049119451589554
00-0031484,TE,2023,deployed_recipe_reproduction,0.9625,0.34478272756348627
00-0031585,TE,2023,deployed_recipe_reproduction,2.2857142857142856,2.6085256487614936
00-0031610,TE,2023,deployed_recipe_reproduction,9.855555555555556,7.760748001038233
00-0032392,TE,2023,deployed_recipe_reproduction,5.215992647058824,3.9415032612037937
00-0033090,TE,2023,deployed_recipe_reproduction,9.424702380952382,7.761272401073344
00-0033110,TE,2023,deployed_recipe_reproduction,8.791538461538462,5.85673355467009
00-0033217,TE,2023,deployed_recipe_reproduction,2.7579545454545453,3.639908358024906
00-0033246,TE,2023,deployed_recipe_reproduction,2.504166666666667,3.8963300867211474
00-0033288,TE,2023,deployed_recipe_reproduction,14.6825,10.777757491137674
00-0033357,TE,2023,deployed_recipe_reproduction,8.003173076923076,7.9710595974079475
00-0033439,TE,2023,deployed_recipe_reproduction,0.835,2.9636008734666843
00-0033858,TE,2023,deployed_recipe_reproduction,8.957679738562092,5.52023457879673
00-0033881,TE,2023,deployed_recipe_reproduction,7.983333333333333,10.329236938425288
00-0033885,TE,2023,deployed_recipe_reproduction,10.672727272727272,10.688754373297684
00-0033895,TE,2023,deployed_recipe_reproduction,1.16,6.418067215539247
00-0034159,TE,2023,deployed_recipe_reproduction,4.846875000000001,3.593461767096457
00-0034270,TE,2023,deployed_recipe_reproduction,5.251041666666667,6.88222533892988
00-0034351,TE,2023,deployed_recipe_reproduction,11.726339285714284,8.335452645648656
00-0034364,TE,2023,deployed_recipe_reproduction,5.6875,2.8598688160904606
00-0034365,TE,2023,deployed_recipe_reproduction,2.711111111111111,1.6411151307099159
00-0034383,TE,2023,deployed_recipe_reproduction,8.457894736842107,9.369877309238268
00-0034613,TE,2023,deployed_recipe_reproduction,4.528888888888888,5.306386668115488
00-0034753,TE,2023,deployed_recipe_reproduction,9.205572755417958,10.879346938202563
00-0034798,TE,2023,deployed_recipe_reproduction,1.0440476190476191,4.6467080152709
00-0034829,TE,2023,deployed_recipe_reproduction,7.367708333333333,5.200849014672909
00-0034830,TE,2023,deployed_recipe_reproduction,2.185714285714286,4.005360577442962
00-0034981,TE,2023,deployed_recipe_reproduction,4.149553571428571,4.047528638671128
00-0035229,TE,2023,deployed_recipe_reproduction,8.482727272727272,12.07839817396523
00-0035249,TE,2023,deployed_recipe_reproduction,4.880128205128205,3.8758018935379264
00-0035631,TE,2023,deployed_recipe_reproduction,2.988257575757576,3.5988205144821945
00-0035644,TE,2023,deployed_recipe_reproduction,6.591208791208791,5.763422049822602
00-0035689,TE,2023,deployed_recipe_reproduction,5.207679738562091,5.82139985882376
00-0036040,TE,2023,deployed_recipe_reproduction,9.384509803921569,6.956771308263781
00-0036232,TE,2023,deployed_recipe_reproduction,2.1166666666666667,4.228964679501951
00-0036244,TE,2023,deployed_recipe_reproduction,6.83202614379085,4.543034463001593
00-0036290,TE,2023,deployed_recipe_reproduction,6.2875000000000005,8.645282799812009
00-0036332,TE,2023,deployed_recipe_reproduction,1.1071428571428572,2.3461805635485122
00-0036422,TE,2023,deployed_recipe_reproduction,3.232142857142857,4.454929466474732
00-0036429,TE,2023,deployed_recipe_reproduction,1.3976190476190478,1.5189461740546832
00-0036628,TE,2023,deployed_recipe_reproduction,2.005625,3.4018561033039996
00-0036637,TE,2023,deployed_recipe_reproduction,4.685714285714286,5.250720444711902
00-0036741,TE,2023,deployed_recipe_reproduction,1.2222222222222223,1.4107626896325938
00-0036754,TE,2023,deployed_recipe_reproduction,3.890909090909091,3.4806720552743995
00-0036876,TE,2023,deployed_recipe_reproduction,1.4645833333333331,4.2979614951691385
00-0036887,TE,2023,deployed_recipe_reproduction,1.7991666666666668,2.7338412287460176
00-0036894,TE,2023,deployed_recipe_reproduction,8.493055555555557,6.356901876709595
00-0036970,TE,2023,deployed_recipe_reproduction,10.058823529411764,8.43954146994319
00-0037005,TE,2023,deployed_recipe_reproduction,4.979375,4.71245031362155
00-0037292,TE,2023,deployed_recipe_reproduction,1.6564393939393938,3.9030844061527583
00-0037475,TE,2023,deployed_recipe_reproduction,2.9499999999999997,3.8182778701842572
00-0037539,TE,2023,deployed_recipe_reproduction,3.2181818181818183,3.4971583815644003
00-0037569,TE,2023,deployed_recipe_reproduction,2.02,2.4409180857188995
00-0037744,TE,2023,deployed_recipe_reproduction,16.90992647058824,9.601465602124714
00-0037805,TE,2023,deployed_recipe_reproduction,2.692857142857143,4.014054590093011
00-0037809,TE,2023,deployed_recipe_reproduction,7.197058823529412,6.933981492996029
00-0037838,TE,2023,deployed_recipe_reproduction,6.962009803921569,7.540401321615011
00-0038041,TE,2023,deployed_recipe_reproduction,9.2609243697479,10.262947382759418
00-0038046,TE,2023,deployed_recipe_reproduction,2.678671328671329,3.4054741169673397
00-0038115,TE,2023,deployed_recipe_reproduction,3.396474358974359,4.9363426061388225
00-0038129,TE,2023,deployed_recipe_reproduction,8.933333333333334,7.320094946984888
00-0038394,TE,2023,deployed_recipe_reproduction,0.9857142857142858,4.289896783099714
00-0038547,TE,2023,deployed_recipe_reproduction,3.3505952380952384,3.6540220224567976
00-0038558,TE,2023,deployed_recipe_reproduction,4.4980769230769235,2.928222306670281
00-0038589,TE,2023,deployed_recipe_reproduction,3.190952380952381,3.529316734226879
00-0038720,TE,2023,deployed_recipe_reproduction,2.1948051948051948,2.6936566812307543
00-0038783,TE,2023,deployed_recipe_reproduction,2.7285714285714286,2.2509031155063095
00-0038809,TE,2023,deployed_recipe_reproduction,2.0500000000000003,3.0697334312043862
00-0038933,TE,2023,deployed_recipe_reproduction,9.209375,8.271753037616175
00-0038935,TE,2023,deployed_recipe_reproduction,7.9035714285714285,3.039155484728286
00-0038996,TE,2023,deployed_recipe_reproduction,12.1,6.231988972141274
00-0039041,TE,2023,deployed_recipe_reproduction,3.348823529411765,4.184549525924497
00-0039050,TE,2023,deployed_recipe_reproduction,2.2875,2.9903805942889026
00-0039065,TE,2023,deployed_recipe_reproduction,11.577124183006536,11.767924898766415
00-0039066,TE,2023,deployed_recipe_reproduction,4.502097902097902,5.707703374907155
00-0039074,TE,2023,deployed_recipe_reproduction,3.2308333333333334,4.330667054065424
00-0039144,TE,2023,deployed_recipe_reproduction,2.6464285714285714,6.234869186930079
