player_id,position,feature_season,forecast_cutoff,arm,identity_status,forecast_season_year1,p_appear_year1,e_points_year1_given_appear,e_games_year1_given_appear,e_points_year1,e_games_year1,forecast_season_year2,p_appear_year2,e_points_year2_given_appear,e_games_year2_given_appear,e_points_year2,e_games_year2
00-0023459,QB,2025,post-2025-season,served_features,resolved,2026,0.5593660946078252,162.06643185997257,10.484310695683185,90.65446705653807,5.864567928499353,2027,0.12978996121004013,177.1882620406213,11.525817185959886,22.997257657126667,1.4959353654797476
00-0026158,QB,2025,post-2025-season,served_features,resolved,2026,0.6302872471363079,125.99365222480688,8.820581967313297,79.41219221742288,5.559500326318057,2027,0.31883840707886263,137.45202034816216,9.692636760774366,43.82498321757944,3.0903848651993258
00-0026498,QB,2025,post-2025-season,served_features,resolved,2026,0.9859765521048709,243.35296401523073,13.869602904151712,239.9403164042379,13.675103250499209,2027,0.8698026104443389,245.4084543538161,14.450952452194441,213.45691422205962,12.569476166325746
00-0027973,QB,2025,post-2025-season,served_features,resolved,2026,0.30943496378392243,0.0,3.276596379816836,0.0,1.013893482123154,2027,0.09824365475068778,0.0,3.7742195336014035,0.0,0.37079312081243815
00-0028118,QB,2025,post-2025-season,served_features,resolved,2026,0.8054591801151655,53.238302770843376,5.775062117502683,42.88127970052645,4.651576798277863,2027,0.604362534132135,41.96415565477659,5.287640344191264,25.361563454236144,3.1956517179947466
00-0029263,QB,2025,post-2025-season,served_features,resolved,2026,0.6614415983583759,65.90092838381045,5.969400854520299,43.589615403488445,3.9484100424557615,2027,0.4038545276924412,58.58126780903595,5.964609544028279,23.65831024264262,2.4088345702733673
00-0029604,QB,2025,post-2025-season,served_features,resolved,2026,0.7624606935229244,93.931841924569,7.523313763780236,71.61933733769258,5.736231029922442,2027,0.43853677138954406,102.56207789767325,8.107204486486875,44.977242508248544,3.5553072804987806
00-0030565,QB,2025,post-2025-season,served_features,resolved,2026,0.9350051031986022,157.8402286367735,10.406218669133281,147.58141926541737,9.729867560640184,2027,0.8021575874434096,155.11575761630303,10.528057089635745,124.42728190395033,8.445160875488693
00-0032268,QB,2025,post-2025-season,served_features,resolved,2026,0.914030781352797,113.4697908311486,8.330499072621489,103.7148815733332,7.61433257640697,2027,0.9023047584504453,100.49774745477808,8.428599082189836,90.67959574199739,7.605165058930945
00-0032950,QB,2025,post-2025-season,served_features,resolved,2026,0.848222084681189,83.30603751969315,6.615663870833272,70.66202081148347,5.611552200068222,2027,0.743979633728263,74.85474791827158,6.380310581770909,55.69040793905715,4.746821129698482
00-0033077,QB,2025,post-2025-season,served_features,resolved,2026,0.9910839203201688,232.42859616052715,13.171298597415763,230.35624427728857,13.053862249634355,2027,0.970598322154755,224.35429825914937,13.414553467657795,217.75790545853786,13.020143088163907
00-0033106,QB,2025,post-2025-season,served_features,resolved,2026,0.988657685262178,233.564210461728,13.252734216259878,230.9150516751802,13.102417533642356,2027,0.9646524599454496,220.58210201728954,12.914720140972157,212.78506733091646,12.458216553495834
00-0033119,QB,2025,post-2025-season,served_features,resolved,2026,0.9768248766003776,152.7096520395532,10.221689650250276,149.17058700922314,9.984800731253083,2027,0.8928996558457571,149.3682971720209,10.760215795466681,133.37090113916423,9.60779298059828
00-0033319,QB,2025,post-2025-season,served_features,resolved,2026,0.9157746067436531,0.0,3.4619461964227836,0.0,3.17036241659676,2027,0.77882995769212,0.0,3.4831114592216843,0.0,2.712751550422563
00-0033662,QB,2025,post-2025-season,served_features,resolved,2026,0.6500096963638101,0.0,2.965654335527659,0.0,1.9277040741563505,2027,0.5795658750785821,0.0,1.8066491274514005,0.0,1.0470721825113278
00-0033869,QB,2025,post-2025-season,served_features,resolved,2026,0.9328852789797201,8.496366110617913,4.3452398519407165,7.9261348694176315,4.053610291511513,2027,0.8538518742991287,0.0,4.056033126468392,0.0,3.4632514872543916
00-0033873,QB,2025,post-2025-season,served_features,resolved,2026,0.974419619635747,227.75781636847887,12.472836279105941,221.9316847948415,12.153776382865356,2027,0.9317556149054989,213.3650026037537,12.02331408378578,198.8040392003739,11.202790407339764
00-0033949,QB,2025,post-2025-season,served_features,resolved,2026,0.6968490307385348,22.13137765499153,4.1865437260331975,15.422229067789315,2.9173889376307276,2027,0.6350347765386007,5.664605993645523,3.760592721028619,3.597221801353903,2.3881071582510978
00-0034771,QB,2025,post-2025-season,served_features,resolved,2026,0.8963105696613819,33.77317791624591,5.271480984137941,30.271256337385577,4.724884123851821,2027,0.7401441761591593,10.745195510709692,4.555472008208024,7.952993878943322,3.3717060765312383
00-0034796,QB,2025,post-2025-season,served_features,resolved,2026,0.9852244866136662,233.69002216433012,12.378918932450766,230.23713211358842,12.196014050056,2027,0.9746833125018206,213.37316988803335,11.580231710712754,207.97126802548206,11.287058603336131
00-0034855,QB,2025,post-2025-season,served_features,resolved,2026,0.9767104834382838,237.43889658958005,13.072476136045772,231.9090594750614,12.768024486572694,2027,0.9494628482842231,226.28839297681898,12.622834620554496,214.85242212943015,11.984912512252372
00-0034857,QB,2025,post-2025-season,served_features,resolved,2026,0.9944303365682038,315.51098802404624,15.730025402678745,313.7536980117188,15.64241445541222,2027,0.9897662858202246,295.44854810571417,15.368955969361838,292.4250121095707,15.211674466729837
00-0034869,QB,2025,post-2025-season,served_features,resolved,2026,0.9970095560360731,231.1747313555976,13.886494426856949,230.48341627560282,13.84496764341805,2027,0.9839470042209696,193.81120020350008,12.387399998320282,190.69994982470448,12.188545118434085
00-0035100,QB,2025,post-2025-season,served_features,resolved,2026,0.8133361156848932,69.57309548527319,6.354055890552603,56.58631123816627,5.167983136866769,2027,0.81155471707441,58.913800172948726,5.769517485703245,47.81177243113573,4.6822791307657585
00-0035228,QB,2025,post-2025-season,served_features,resolved,2026,0.8543521625407627,130.30376975292273,8.109630572870149,111.32530747562316,6.928480417338296,2027,0.8956511008514499,103.47872929229504,7.1645285285401386,92.68083780535324,6.416917863668594
00-0035289,QB,2025,post-2025-season,served_features,resolved,2026,0.6423197303623062,0.0,3.1645811856009,0.0,2.0326729338447973,2027,0.611367421723969,0.0,2.7103419104603925,0.0,1.6570147457885864
00-0035710,QB,2025,post-2025-season,served_features,resolved,2026,0.9843222340117671,183.0891213972326,11.370212929651473,180.21869299697562,11.191953392104017,2027,0.9553202940116174,151.66560813656628,10.281118387787101,144.88923335647524,9.82176104098902
00-0035993,QB,2025,post-2025-season,served_features,resolved,2026,0.9172002794332254,57.47040718034441,6.302095614113295,52.711873524953134,5.780283858279618,2027,0.7760967369100045,12.023067936755893,4.632181217642434,9.33106379336355,3.5950207277881043
00-0036212,QB,2025,post-2025-season,served_features,resolved,2026,0.9500658598206903,172.4841406433768,11.012129695630875,163.87129338578265,10.462248467736504,2027,0.9037619774289939,158.61408258911007,10.363640419421413,143.34937692881988,9.366264158819344
00-0036264,QB,2025,post-2025-season,served_features,resolved,2026,0.992521936504021,225.93139322451347,13.024583480187406,224.24186392024555,12.927184817913885,2027,0.9753965449491349,206.51134498168219,12.62032507100094,201.43045238793167,12.309821470389261
00-0036355,QB,2025,post-2025-season,served_features,resolved,2026,0.9904659706460734,245.33747066647663,13.522849035665544,242.99841601952434,13.393921796010792,2027,0.982901703408917,225.18377761373776,13.099878236036405,221.3335185965976,12.875892632649581
00-0036389,QB,2025,post-2025-season,served_features,resolved,2026,0.993453600595564,275.48840825437844,14.376529788751377,273.684951102653,14.282415282704438,2027,0.9905816373525206,251.22627649181211,13.741288415585197,248.8601363132363,13.611867978043609
00-0036442,QB,2025,post-2025-season,served_features,resolved,2026,0.9738159957072741,173.77151918123536,10.14740970044085,169.22148497704038,9.881709881284458,2027,0.9556134258471983,134.83456678552454,8.699302559074814,128.84972228853798,8.313170320958783
00-0036898,QB,2025,post-2025-season,served_features,resolved,2026,0.7451801377675059,30.265446517113475,5.646559672297018,22.553209605217702,4.207704114514735,2027,0.7722814646521768,12.060336689701415,4.6266831653274005,9.313974482920996,3.5731016514006146
00-0036945,QB,2025,post-2025-season,served_features,resolved,2026,0.9445393679598207,143.6714328757181,9.238534846492684,135.70332440231257,8.726159864780978,2027,0.9554181656973656,127.93169504929344,8.756870065317854,122.22826541855068,8.366472735056155
00-0036971,QB,2025,post-2025-season,served_features,resolved,2026,0.9925300292120941,243.82132122351987,13.995194750614587,241.99998307651157,13.890651054656441,2027,0.9620943735295958,238.16657305657478,13.537297518236436,229.13871990055603,13.024157775091435
00-0036972,QB,2025,post-2025-season,served_features,resolved,2026,0.9637528186761282,128.02730850243475,9.432666174074757,123.38667943673971,9.090758612895517,2027,0.9163600852207086,102.33385789464998,8.616520153382865,93.77466274130533,7.895835142059875
00-0037012,QB,2025,post-2025-season,served_features,resolved,2026,0.3335100270068096,0.0,3.8418693330948646,0.0,1.281301945037102,2027,0.4991590911346387,0.0,3.737468612052221,0.0,1.8655914355362262
00-0037013,QB,2025,post-2025-season,served_features,resolved,2026,0.6669817374041715,8.485353507731752,4.152128667846696,5.659575825075505,2.769393992806058,2027,0.6634037881203599,0.0,2.994459537956534,0.0,1.9865358008535074
00-0037834,QB,2025,post-2025-season,served_features,resolved,2026,0.9941325827073264,208.78248956498052,11.806945259094242,207.55747557529952,11.737668984307382,2027,0.9830237817746191,172.8415353756284,10.71737411651856,169.90733975268185,10.535433634713492
00-0038102,QB,2025,post-2025-season,served_features,resolved,2026,0.5723900154105749,0.0,4.085625332283961,0.0,2.338571146907851,2027,0.6796910031371758,0.0,3.6398547304347035,0.0,2.473976513002758
00-0038128,QB,2025,post-2025-season,served_features,resolved,2026,0.9468518240786722,88.71891997252601,7.031245274874947,84.003671206276,6.657547414059889,2027,0.8212345500090529,47.74300075380046,6.201705850663007,39.20820174012919,5.093055113557745
00-0038400,QB,2025,post-2025-season,served_features,resolved,2026,0.763573293722165,40.03298075772901,5.124641668641649,30.568114974695188,3.9130395180705557,2027,0.6438647737001791,25.67161762521522,4.327543385458301,16.52905027277673,2.7863527425558163
00-0039150,QB,2025,post-2025-season,served_features,resolved,2026,0.9833497649527252,201.48276837613085,12.614651365161127,198.12803292469263,12.404614454891767,2027,0.9504515408087979,181.42900949720186,11.531910912205204,172.43948162402953,10.960522494975226
00-0039163,QB,2025,post-2025-season,served_features,resolved,2026,0.977639219508043,202.33412868180596,12.343943517026752,197.8097796443207,12.0679233056374,2027,0.9428794502009303,193.23502599369183,11.885024831954953,182.19733506849465,11.206145679178091
00-0039376,QB,2025,post-2025-season,served_features,resolved,2026,0.8333288972041746,113.21964761259039,8.460626782183631,94.3492040868452,7.05048478605319,2027,0.7640411304265246,93.30531785626783,7.909473529395692,71.28910052970906,6.043163096478158
00-0039398,QB,2025,post-2025-season,served_features,resolved,2026,0.7938282000494548,36.84945304608067,4.9808386129672275,29.252134984377115,3.953930150868597,2027,0.6402735042749899,22.106645942920508,4.189968502172473,14.1542996656402,2.6827258156877996
00-0039732,QB,2025,post-2025-season,served_features,resolved,2026,0.989368603768087,257.35949266907414,14.028735114652882,254.6234019284651,13.879590073016455,2027,0.9630749004391386,243.05078604883906,13.364502839208168,234.07611157564006,12.87101724128899
00-0039851,QB,2025,post-2025-season,served_features,resolved,2026,0.9957788244933411,302.7217297975198,16.0606778922011,301.4438882463651,15.992882952062201,2027,0.9908517937124081,266.63942598748895,15.42670455150459,264.2001535141503,15.285577875929693
00-0039910,QB,2025,post-2025-season,served_features,resolved,2026,0.909797173809976,164.725488143567,9.456209882151459,149.86678356748595,8.603233025735364,2027,0.902972512456206,135.36622925376463,8.034794207285666,122.23198413099462,7.2551983124213075
00-0039917,QB,2025,post-2025-season,served_features,resolved,2026,0.8773301418023115,110.7042854521639,8.400108732713115,97.12420645387053,7.369668585626032,2027,0.7746813821354068,105.19541748884441,7.987846073669019,81.49293141456914,6.188035636634798
00-0039918,QB,2025,post-2025-season,served_features,resolved,2026,0.995972746813658,250.31617537825446,14.027145971657418,249.30808876336943,13.970655103347777,2027,0.9555085468126928,249.6601025561229,13.641793676018027,238.55236179050885,13.034850451290568
00-0039923,QB,2025,post-2025-season,served_features,resolved,2026,0.9372466995956258,132.1724306231229,9.21312650426793,123.87817437905375,8.634972409082103,2027,0.8273668603420393,132.6497058602681,8.427243398756701,109.74997066290504,6.972421912167508
00-0040206,QB,2025,post-2025-season,served_features,resolved,2026,0.7597352155122009,65.4444489378599,6.16335614184518,49.72045251788222,4.6825187067031955,2027,0.6906377963301716,52.45929551418115,5.215510316015144,36.230372250947326,3.602028551389976
00-0040234,QB,2025,post-2025-season,served_features,resolved,2026,0.7446151998415227,71.48429805165495,6.387092455395686,53.22829487926402,4.75592612508074,2027,0.7269165089522918,51.82485162239303,5.2416441515664935,37.67234021832045,3.8102376678269128
00-0040398,QB,2025,post-2025-season,served_features,resolved,2026,0.33542850810237296,33.69897706238675,5.236377906566801,11.303597600612475,1.756430429059929,2027,0.3241474803750654,48.626328333937835,4.639754317623392,15.7621018093366,1.5039646716169537
00-0040494,QB,2025,post-2025-season,served_features,resolved,2026,0.5255461831121612,44.66597687910931,5.713125980425604,23.47403366379194,3.0025115526515997,2027,0.5452908274838164,41.553686941900935,5.110816429948302,22.65884433755262,2.786881320204394
00-0040668,QB,2025,post-2025-season,served_features,resolved,2026,0.9473532304398762,105.16051860720665,8.001597773375103,99.62415701726994,7.580339499287424,2027,0.8518518811482709,102.28672355090504,7.207281833483124,87.1331378733316,6.139536587818359
00-0040676,QB,2025,post-2025-season,served_features,resolved,2026,0.9738570000306824,182.65205090754003,11.756662454318004,177.87697834626843,11.44930802813549,2027,0.897186458228417,190.20645997550255,11.440275940862968,170.6506601575863,10.264060652538618
00-0040691,QB,2025,post-2025-season,served_features,resolved,2026,0.9589365110498482,207.257720811057,11.995598028362789,198.74699568269853,11.503016921274652,2027,0.914127502579655,195.63381025865758,11.283509356968215,178.83424639188874,10.314566228819524
00-0040704,QB,2025,post-2025-season,served_features,resolved,2026,0.8358142062513332,94.81376101268687,7.760655356064594,79.24668840252248,6.486465996419286,2027,0.6701714570467118,102.98046218829774,7.358494140176594,69.0145663920753,4.931452739591839
00-0040743,QB,2025,post-2025-season,served_features,resolved,2026,0.9319553232008644,153.76263181628033,9.950788479938605,143.29990323055705,9.273690293924622,2027,0.8691686449755858,143.28377223009204,9.39975442247716,124.53776215621956,8.169971814487743
00-0031687,RB,2025,post-2025-season,served_features,resolved,2026,0.23782330872536409,36.815836107864186,9.488690970976858,8.75566395666299,2.256631882190204,2027,0.12496615877843388,13.51523103178387,7.883175022066674,1.6889465070451197,0.9851301014857681
00-0032104,RB,2025,post-2025-season,served_features,resolved,2026,0.70794370410095,0.3529761654818486,8.99748534860309,0.2498872540505698,6.369713105284099,2027,0.21558577662106226,3.2734298022227364,8.539025418709276,0.7057049061267189,1.8408924264794306
00-0032764,RB,2025,post-2025-season,served_features,resolved,2026,0.9414200272333685,180.45500342923668,13.857574765814473,169.8839542427496,13.045798413421501,2027,0.9119926517771025,148.15373971284714,12.203466838936254,135.1151219514141,11.12947208331541
00-0033280,RB,2025,post-2025-season,served_features,resolved,2026,0.9638196574333485,288.2202927191668,16.66424329193845,277.7923837939268,16.061325261022095,2027,0.8620177510928378,219.7987149940571,14.060743616836167,189.4703939922727,12.120610591278087
00-0033293,RB,2025,post-2025-season,served_features,resolved,2026,0.690833443864495,97.11748509419496,10.651661375919398,67.09200668708147,7.358523911204823,2027,0.2613949916728379,84.2131202260026,9.91309821392698,22.01288786021965,2.5912342250814677
00-0033376,RB,2025,post-2025-season,served_features,resolved,2026,0.2065513632681218,0.0,5.710398951138513,0.0,1.1794906881625127,2027,0.06899058023025875,0.0,6.03332035570425,0.0,0.4162422720550673
00-0033526,RB,2025,post-2025-season,served_features,resolved,2026,0.6922687415766482,52.29384484262297,10.710785814880749,36.201394161407094,7.414742217364511,2027,0.45182154349890147,33.04202786461245,9.490004314883317,14.929100030122909,4.287788397361815
00-0033854,RB,2025,post-2025-season,served_features,resolved,2026,0.6943305089359442,0.0,9.24529204243241,0.0,6.41928832908353,2027,0.2833672761790407,0.0,8.45459736706279,0.0,2.395756227095072
00-0033906,RB,2025,post-2025-season,served_features,resolved,2026,0.6381732621147129,96.65582570942297,10.186514732272785,61.68316359537359,6.500761336274105,2027,0.10070882595681385,106.6474776446608,10.300398528219223,10.74034226484934,1.0373410426642513
00-0033923,RB,2025,post-2025-season,served_features,resolved,2026,0.8738361799886505,90.69151881806846,12.214331704037273,79.24953036134976,10.673324957370195,2027,0.5965493432603435,73.34386093928649,10.786940615839713,43.75323207550931,6.434942340167506
00-0033955,RB,2025,post-2025-season,served_features,resolved,2026,0.7526967952317427,54.213726458472834,11.104033268606257,40.80649816286284,8.357970255426583,2027,0.5654098827771692,32.11551419648005,9.613486203313972,18.1584291171603,5.435560107295686
00-0034367,RB,2025,post-2025-season,served_features,resolved,2026,0.334474194994276,0.0,5.78007795334697,0.0,1.9332869204498901,2027,0.12252061121864896,0.0,6.547292713529398,0.0,0.8021783050890285
00-0034791,RB,2025,post-2025-season,served_features,resolved,2026,0.8571383366471252,68.44721287547709,11.661490519882005,58.66873019221813,9.99551058703788,2027,0.7298960149331354,49.284026266386306,10.180373980598231,35.97221437169534,7.43061439896763
00-0034844,RB,2025,post-2025-season,served_features,resolved,2026,0.9559410756201893,172.7719708526954,13.793869056174348,165.15982365394564,13.18612602252335,2027,0.8279767774121911,162.02159274537132,12.775066938412136,134.150116232503,10.577458754891508
00-0034975,RB,2025,post-2025-season,served_features,resolved,2026,0.7674019071315026,53.62124316459709,9.164566810130246,41.14904426727385,7.032906048128022,2027,0.4323338537498447,50.74531450666652,9.172766699809928,21.938917380415035,3.965697576877071
00-0035243,RB,2025,post-2025-season,served_features,resolved,2026,0.640473029072962,31.23500569496717,6.796865955344968,20.00517871056684,4.353209326622683,2027,0.2705537000277592,32.58918249472761,7.7231022055530545,8.817123904828435,2.0895138774049267
00-0035250,RB,2025,post-2025-season,served_features,resolved,2026,0.8831436056638345,84.16384693628368,12.279211760923957,74.32876324984863,10.844307349252146,2027,0.6283937180981389,60.33580813264302,10.50434547068817,37.914642806927475,6.600864706513084
00-0035261,RB,2025,post-2025-season,served_features,resolved,2026,0.9126380762407622,138.25866585743682,13.018489685763317,126.18012283174549,11.881169382375239,2027,0.8224506799976168,115.4341280593857,11.668551262220603,94.93887711737375,9.596807920200385
00-0035291,RB,2025,post-2025-season,served_features,resolved,2026,0.505658027015772,0.0,6.72349408333581,0.0,3.3997887528318023,2027,0.3068861685434603,0.0,7.136370756111364,0.0,2.1900534786486134
00-0035537,RB,2025,post-2025-season,served_features,resolved,2026,0.9095736068768624,61.34272758390399,11.552458982686625,55.79572598415635,10.507811785179282,2027,0.708579765650702,49.24379564783355,10.507778474393444,34.89315717989296,7.445599208895198
00-0035567,RB,2025,post-2025-season,served_features,resolved,2026,0.3751588212993534,0.0,5.895376894405349,0.0,2.2117026468205534,2027,0.14459799383891198,0.0,6.422700576484172,0.0,0.9287096183876348
00-0035594,RB,2025,post-2025-season,served_features,resolved,2026,0.6678956741942974,0.0,7.074857753224298,0.0,4.725266888918495,2027,0.34723938736215665,0.0,7.35770140460593,0.0,2.5548837281290426
00-0035628,RB,2025,post-2025-season,served_features,resolved,2026,0.5286952638027794,0.0,7.035989050539257,0.0,3.71989408718832,2027,0.19650690232378493,0.0,7.18889927552593,0.0,1.4126683277513021
00-0035685,RB,2025,post-2025-season,served_features,resolved,2026,0.9149092860697806,133.1798302051813,13.112671398448054,121.84746337191703,11.99690482762174,2027,0.8883830934491949,110.12141650652593,11.457818047004261,97.83000465107473,10.178931840775657
00-0035700,RB,2025,post-2025-season,served_features,resolved,2026,0.9684079576291466,172.5360830678426,13.27175695698245,167.08531582106224,12.852475048861791,2027,0.8290923807348083,161.01638555306695,12.735178274549,133.49745843550608,10.558639274728039
00-0036139,RB,2025,post-2025-season,served_features,resolved,2026,0.975489003171632,132.6841976842037,13.121426216143828,129.43197573559164,12.799806979776262,2027,0.9333746254783707,117.29053391786908,12.278771692035875,109.47600816774919,11.460693929388405
00-0036158,RB,2025,post-2025-season,served_features,resolved,2026,0.9418583072094926,113.35089839273711,10.458536862457363,106.76048528085856,9.85045982516217,2027,0.913388441657559,96.63387657039605,10.193998574035756,88.26426593196295,9.311080471797897
00-0036187,RB,2025,post-2025-season,served_features,resolved,2026,0.6940897688689673,0.0,8.163232811704571,0.0,5.666016375499596,2027,0.2760784423091583,0.0,7.89089822325936,0.0,2.178506889897549
00-0036223,RB,2025,post-2025-season,served_features,resolved,2026,0.9879748571664163,244.87455818019123,14.86156428493357,241.92990664176372,14.682851851676757,2027,0.9732504574383022,213.44733136926004,14.074932355771633,207.7377128941172,13.698434353667903
00-0036265,RB,2025,post-2025-season,served_features,resolved,2026,0.4853002023940621,6.0361964151815855,6.955172290977002,2.9293673419779354,3.3753465204967115,2027,0.2365292277520747,17.41933707828933,7.598881829760792,4.120182347080856,1.7973576509725924
00-0036275,RB,2025,post-2025-season,served_features,resolved,2026,0.9768596971702801,174.53542665061332,13.984294142493328,170.49662402340377,13.660693341176154,2027,0.9511410306963402,148.6724127912484,12.801574861371353,141.40843193837975,12.176103108181106
00-0036328,RB,2025,post-2025-season,served_features,resolved,2026,0.6191243071147825,28.666011037778944,7.159317638730889,17.747824221509596,4.432507572493902,2027,0.3023197021627656,28.78279709606724,7.745364098591065,8.701606645494364,2.341576167428228
00-0036414,RB,2025,post-2025-season,served_features,resolved,2026,0.5999492958764737,0.0,6.354722383233316,0.0,3.812511219311295,2027,0.28083548909869444,9.335410854381166,7.209425399175416,2.621714673227396,2.024662508097978
00-0036425,RB,2025,post-2025-season,served_features,resolved,2026,0.5308753040237825,0.0,6.040285216095832,0.0,3.2066382504852333,2027,0.2686088932018,0.0,6.769212491322707,0.0,1.8182706751419915
00-0036555,RB,2025,post-2025-season,served_features,resolved,2026,0.964728178566293,109.2049554216598,12.246001033437128,105.35309773435108,11.814062271708742,2027,0.6691714153715933,113.66277747830279,11.806683274311904,76.05988168022233,7.900694957515415
00-0036755,RB,2025,post-2025-season,served_features,resolved,2026,0.7045803783019873,34.6354249006643,7.8430586132811575,24.40344077916012,5.526065204790298,2027,0.4892010390615084,39.743900596967535,8.371001654439409,19.442757468393822,4.0951027073373645
00-0036842,RB,2025,post-2025-season,served_features,resolved,2026,0.7841486114823809,0.0,7.87668768263957,0.0,6.176493709422192,2027,0.3865391675004192,8.754667848677627,8.4461954456027,3.3840220219705364,3.2647853560891003
00-0036875,RB,2025,post-2025-season,served_features,resolved,2026,0.9563655739665318,165.6394073465836,13.90577637851409,158.41182687849158,13.299005807687868,2027,0.9740645903762551,128.35489790819648,12.148746429484119,125.02596105373345,11.83366371442044
00-0036906,RB,2025,post-2025-season,served_features,resolved,2026,0.38162418396819847,5.145278757231409,6.777851364528528,1.963562807017343,2.5865919960459403,2027,0.2396277939571226,1.9496564846244553,7.013395803134484,0.46719188238475695,1.6806045644532586
00-0036919,RB,2025,post-2025-season,served_features,resolved,2026,0.9691869394072116,146.1472918153098,13.637236407665887,141.64404645713273,13.217031415918298,2027,0.9696516318226281,102.005938909242,11.877750933703554,98.91022511894583,11.517280575248396
00-0036924,RB,2025,post-2025-season,served_features,resolved,2026,0.8920840981729171,67.85960410525678,10.28029364049953,60.536473730609174,9.170886481237797,2027,0.49024834642688203,72.86054172428263,10.529007056928927,35.7197601000964,5.161828299176379
00-0036973,RB,2025,post-2025-season,served_features,resolved,2026,0.9633463533103085,198.13939962556816,14.559892924525716,190.876868076385,14.02621975343041,2027,0.9365292457598761,155.06145008527386,12.779296572813973,145.2195828947942,11.968184980679238
00-0036997,RB,2025,post-2025-season,served_features,resolved,2026,0.9680043371156384,180.40748805606813,13.495868988101321,174.63523088641168,13.064059713626522,2027,0.9627786162915078,146.24154640847257,12.4609264211329,140.79823369547955,11.997113497448625
00-0037085,RB,2025,post-2025-season,served_features,resolved,2026,0.9013755139029714,55.124888084129566,11.943533042717458,49.688224325676074,10.76560823419657,2027,0.8368650104377632,37.30053838208791,10.303667200140909,31.215515442460184,8.62277855899316
00-0037120,RB,2025,post-2025-season,served_features,resolved,2026,0.8281190031857711,1.9605383006430372,8.284886421455292,1.6235590232360377,6.860871884842887,2027,0.42099359905464373,8.223410647022334,8.406504955295125,3.4620032447942086,3.5390847766003914
00-0037157,RB,2025,post-2025-season,served_features,resolved,2026,0.9202933863799401,95.5460618338032,10.615400528375051,87.93040880029788,9.76928290003768,2027,0.8426503072188488,88.78380236263243,10.556249694677001,74.81369833692978,8.895227048298453
00-0037197,RB,2025,post-2025-season,served_features,resolved,2026,0.7603906105653042,97.49954677167369,11.062223311256131,74.1377398995534,8.41161073785579,2027,0.4988005159143793,82.24639362606541,10.25422219310907,41.02454357277855,5.114811320223482
00-0037228,RB,2025,post-2025-season,served_features,resolved,2026,0.9515091533050772,159.53376170472131,13.545610082823522,151.79783452323332,12.888771980908126,2027,0.9558865436365128,117.63791168665165,11.779512189460608,112.44849680277078,11.259877192507671
00-0037248,RB,2025,post-2025-season,served_features,resolved,2026,0.9863578166686436,210.9443381054486,15.06921178225292,208.06659677230243,14.86363483246039,2027,0.9882966325488998,178.3644207511506,13.591921714961238,176.27695639489724,13.432850460764458
00-0037256,RB,2025,post-2025-season,served_features,resolved,2026,0.9209382414619004,124.36744824403377,12.914857178459789,114.53473908096437,11.893785858662358,2027,0.7212623992894879,112.87541844001889,11.717053135924221,81.41279512485293,8.451069857419121
00-0037258,RB,2025,post-2025-season,served_features,resolved,2026,0.5997852204126805,0.0,6.59380824374449,0.0,3.954868730833238,2027,0.34379608513534615,2.5307515876550326,7.334565398915631,0.8700624882858621,2.5215948703163624
00-0037263,RB,2025,post-2025-season,served_features,resolved,2026,0.9461282885340266,97.08626715107437,12.462878854386979,91.85606377980328,11.791482240708064,2027,0.8311053771277845,80.43628980202651,11.26485183494695,66.851032970673,9.3622789325722
00-0037267,RB,2025,post-2025-season,served_features,resolved,2026,0.8173367913774547,58.86947857318964,10.390396389714017,48.11619072707464,8.492453246308743,2027,0.54411123037187,57.663087797785806,9.76085125132008,31.3751336486944,5.310988783832576
00-0037525,RB,2025,post-2025-season,served_features,resolved,2026,0.9620975330098237,88.3735571882449,11.719272908555377,85.02398135411299,11.275083553989989,2027,0.9433435543584721,77.71146238710982,11.083462217763673,73.30860714265089,10.455512643103017
00-0037557,RB,2025,post-2025-season,served_features,resolved,2026,0.7276076615735226,0.0,7.826854589331376,0.0,5.694879365219396,2027,0.46431573482997035,0.0,7.969675091355764,0.0,3.7004455463989627
00-0037563,RB,2025,post-2025-season,served_features,resolved,2026,0.7593459907896642,43.76834917384623,8.943817472641438,33.23532046864225,6.791451940204824,2027,0.5346936441170114,43.84565524828511,8.94907496941807,23.44399318340373,4.78501350687448
00-0037594,RB,2025,post-2025-season,served_features,resolved,2026,0.8721935228615799,37.00565325299543,11.015709024502693,32.27609107652417,9.6078300608991,2027,0.7936289954850445,23.030435933707324,9.648317727686543,18.277621735650815,7.657184706344418
00-0037617,RB,2025,post-2025-season,served_features,resolved,2026,0.7843814330216345,24.514750178113957,9.44743212615123,19.228914874876395,7.41039034948513,2027,0.6373782721299418,16.02636082533823,8.721545388410988,10.214854171385069,5.558923529968258
00-0037746,RB,2025,post-2025-season,served_features,resolved,2026,0.933473542629711,79.76303747009071,12.938447346387346,74.45668515811195,12.07769828056018,2027,0.7277394385777719,70.92763626297166,11.118235444657019,51.61683819366341,8.091178420470182
00-0037840,RB,2025,post-2025-season,served_features,resolved,2026,0.9827846120607617,226.11611329541842,15.711877447899958,222.22343668572503,15.441391382380592,2027,0.966400582717058,194.18122005853775,13.985871973744612,187.65684421728014,13.515954825232962
00-0038040,RB,2025,post-2025-season,served_features,resolved,2026,0.5991574105407973,2.0471757428514934,6.709155923778863,1.226580517008834,4.0198404902057945,2027,0.31111643776009906,5.883337494443609,7.332072550991938,1.8304030034117222,2.281128293463214
00-0038120,RB,2025,post-2025-season,served_features,resolved,2026,0.9623687925146975,180.88413078446374,13.699103911091289,174.077242528115,13.183590089450293,2027,0.9418795164547616,158.15050056577988,12.581922930889728,148.95871699997525,11.850655486217494
00-0038134,RB,2025,post-2025-season,served_features,resolved,2026,0.9873040428229961,176.35754140515945,14.888449593894602,174.11851361163787,14.699426475418536,2027,0.9450050209248617,158.94717281984148,13.486218694000254,150.20587637656192,12.74454437912097
00-0038397,RB,2025,post-2025-season,served_features,resolved,2026,0.6302924179973587,12.305581793150346,7.161366767494139,7.756114903269005,4.513755176049809,2027,0.41133667527740275,25.32477228047199,7.902593096217414,10.417007632006678,3.250626370268227
00-0038440,RB,2025,post-2025-season,served_features,resolved,2026,0.8425592583496919,46.423528549761116,9.360066026959071,39.11457378486247,7.886410289778783,2027,0.6379512951647389,47.90701608989137,9.279025225527889,30.562342962024186,5.9195661604918
00-0038454,RB,2025,post-2025-season,served_features,resolved,2026,0.8458353242816482,76.43181277481366,10.80403453687582,64.64872714381873,9.138434056048487,2027,0.8087413895933867,58.2522685713479,9.980788570508306,47.11102063135907,8.07187681775068
00-0038488,RB,2025,post-2025-season,served_features,resolved,2026,0.7785075761696294,0.0,9.005192580098354,0.0,7.010610648473101,2027,0.5418784060189135,0.0,8.463866899173617,0.0,4.586386704080443
00-0038542,RB,2025,post-2025-season,served_features,resolved,2026,0.9943975867464593,259.5998688409832,15.103391278961565,258.1454830951711,15.0187758394869,2027,0.9906032294444955,238.75184802060608,14.898850139051435,236.50835168505375,14.758849062753923
00-0038551,RB,2025,post-2025-season,served_features,resolved,2026,0.8157540256095501,47.604285615473145,8.27035309330328,38.83338762708902,6.746573829074546,2027,0.6201266574863099,48.90517554576631,8.88256711231907,30.327403044977284,5.508316653260248
00-0038555,RB,2025,post-2025-season,served_features,resolved,2026,0.968695143472433,49.80657536191961,11.180994679235727,48.24738766608527,10.830975244966764,2027,0.8386547183971984,58.718648573419216,10.938115209262719,49.24467168400495,9.173301930620338
00-0038597,RB,2025,post-2025-season,served_features,resolved,2026,0.992316666283897,169.4468673766525,13.41572038079048,168.14495054744944,13.312642924062944,2027,0.9587420803125999,163.21158770199148,13.449154867303417,156.47781712452965,12.894270715924806
00-0038611,RB,2025,post-2025-season,served_features,resolved,2026,0.8917603084897707,76.14926756750833,10.40355001110757,67.90689433727132,9.277472967294043,2027,0.8925430915398375,53.99597876945269,9.726374034847534,48.19373782160673,8.68120795053562
00-0038685,RB,2025,post-2025-season,served_features,resolved,2026,0.9430782933996523,39.86647312796704,11.5541226891224,37.59720544138626,10.896442307387755,2027,0.7414150692959316,36.020394809909845,10.523479866950254,26.706063514056122,7.802266554789264
00-0038705,RB,2025,post-2025-season,served_features,resolved,2026,0.8370868463124564,53.93696838030257,9.917168444797372,45.14992676112216,8.301531257804841,2027,0.6673762065879673,43.827256286888186,9.45517932877544,29.249268045902078,6.3101617130471155
00-0038738,RB,2025,post-2025-season,served_features,resolved,2026,0.9042329365811314,28.212291159963343,10.087574306922233,25.510482883255545,9.121516938528663,2027,0.7238825919002467,23.43514416492137,9.598948372092927,16.964292899659224,6.948511627107282
00-0038794,RB,2025,post-2025-season,served_features,resolved,2026,0.831586579306525,38.07360421368614,9.011317112233622,31.661498289929753,7.493690372408711,2027,0.5900333646666297,38.866933554289446,9.066531122588106,22.932787579311732,5.349555864115375
00-0038797,RB,2025,post-2025-season,served_features,resolved,2026,0.9511812882840015,61.785700246512256,12.135437793112944,58.769401958006675,11.54300135394353,2027,0.7968592413448057,50.59923882615523,10.892137427059904,40.32047106363469,8.679500366750318
00-0038896,RB,2025,post-2025-season,served_features,resolved,2026,0.8061596488460809,19.604615729311234,8.927434102369398,15.8044501321039,7.196937141062642,2027,0.5707339224417495,29.893435324432858,8.902018937367158,17.061197597972317,5.080684185774293
00-0038951,RB,2025,post-2025-season,served_features,resolved,2026,0.9536911934535347,89.0204654794243,12.277839931433373,84.89803396486136,11.709267817240159,2027,0.9135113945571046,71.47318827625637,11.073345604509866,65.29157189568545,10.115627385588592
00-0039021,RB,2025,post-2025-season,served_features,resolved,2026,0.6975991737391546,1.5600310134798647,7.1098867873601845,1.0882763460110096,4.959851148241397,2027,0.3789318868887351,14.929389454017269,7.80951255465885,5.657221715907546,2.959273328018144
00-0039032,RB,2025,post-2025-season,served_features,resolved,2026,0.9299505175338115,104.3307948996628,11.211649628485025,97.02247671165537,10.426279374417415,2027,0.8104006084976102,97.58421260333085,10.975149124818442,79.08230527349949,8.89426752910488
00-0039040,RB,2025,post-2025-season,served_features,resolved,2026,0.9861272928238921,245.74070302193638,14.682573223029635,242.33161420766217,14.478886184114783,2027,0.9878067070678789,214.09224752343937,13.937283408532222,211.48175803488988,13.767342029253998
00-0039139,RB,2025,post-2025-season,served_features,resolved,2026,0.9941578039378871,260.59769727356087,15.303532484503005,259.0752344327536,15.214126247285625,2027,0.9888190383075387,240.76054035716942,14.898335161904356,238.06860597837962,14.731757447177655
00-0039165,RB,2025,post-2025-season,served_features,resolved,2026,0.9814594777111262,130.15456058482744,13.189052772800867,127.74142705330587,12.94452084589762,2027,0.9426998544530812,112.31068379623827,12.109785852910274,105.87526526823984,11.415893360996497
00-0039299,RB,2025,post-2025-season,served_features,resolved,2026,0.8383019430158902,39.55438657725178,9.566531008153103,33.15851912251182,8.019641532056509,2027,0.6344253617995765,42.392892581279895,9.324644929386706,26.895126213609082,5.915791232978748
00-0039361,RB,2025,post-2025-season,served_features,resolved,2026,0.9755881914822659,135.16838785300615,10.826062462605991,131.86868305108774,10.561778698767824,2027,0.7568944406611042,141.1156820975155,11.749750637397582,106.8096752697092,8.893320936600496
00-0039363,RB,2025,post-2025-season,served_features,resolved,2026,0.7302284352006587,3.476878995748926,7.470223099649822,2.538915908447776,5.454969324657104,2027,0.4476992576390286,12.521273327640046,7.828850312171451,5.605764773479818,3.5049704729262365
00-0039364,RB,2025,post-2025-season,served_features,resolved,2026,0.7037459482160923,13.73071037121359,8.029591003739279,9.66293178987024,5.650792134713903,2027,0.5929848629217391,9.32711220188223,7.948605259691921,5.530836350488815,4.713402600337428
00-0039373,RB,2025,post-2025-season,served_features,resolved,2026,0.8617266471278914,97.06591197950269,8.561081334281848,83.64428288050787,7.377311913979872,2027,0.8015812234837929,84.3042706721192,9.356963528089619,67.57672043026615,7.500366272939304
00-0039384,RB,2025,post-2025-season,served_features,resolved,2026,0.9678796654550821,119.1683864226196,11.985053036131715,115.340657983547,11.60008912307258,2027,0.8713416859682571,108.42237753969269,11.552424054503442,94.47293724212273,10.066108652671279
00-0039391,RB,2025,post-2025-season,served_features,resolved,2026,0.9336302701831652,114.8428403025444,11.909617156695735,107.22075202026663,11.1191790837839,2027,0.9470930549446562,82.34897257863784,10.732758235636044,77.99214001105584,10.16492078537096
00-0039405,RB,2025,post-2025-season,served_features,resolved,2026,0.719163121649391,58.52999378947344,7.280301886702451,42.09261304375718,5.235724631390886,2027,0.5110844948381758,58.662712337266036,8.291734770817945,29.981602700728832,4.237777076675626
00-0039407,RB,2025,post-2025-season,served_features,resolved,2026,0.8589496554693681,37.473215402166446,11.319876393237362,32.18760545902028,9.723203927927065,2027,0.79864525816572,17.30616198468907,9.621054018538759,13.82148420611977,7.683809170462225
00-0039603,RB,2025,post-2025-season,served_features,resolved,2026,0.7323853579804347,15.865932095445487,8.171259231234327,11.619976357416112,5.984510617218484,2027,0.4713287603605343,25.324240197113113,8.379136922051659,11.936042739177736,3.9493282183617913
00-0039738,RB,2025,post-2025-season,served_features,resolved,2026,0.961520451629527,117.70258659710203,13.655535589512253,113.17344422280905,13.130076747270902,2027,0.9800458103017545,81.36982152271469,11.686711399797975,79.74615266833806,11.453512543577759
00-0039746,RB,2025,post-2025-season,served_features,resolved,2026,0.897034392411301,52.27031655974241,11.0238334164936,46.8882716563149,9.888757710807733,2027,0.8521958934094139,40.86213839745824,10.019825753306968,34.82254653824104,8.538854359646086
00-0039757,RB,2025,post-2025-season,served_features,resolved,2026,0.7534896695783874,29.47525278165635,7.500506153832329,22.209298479189687,5.6515539035217826,2027,0.5204071146942889,40.849295671792376,8.331913569802854,21.258264097851374,4.335987100743296
00-0039794,RB,2025,post-2025-season,served_features,resolved,2026,0.7702305970727729,45.690597815494876,7.364485366860507,35.19229643604055,5.6723519612506665,2027,0.6121302603824837,51.38041939365637,8.453073560537213,31.45150950200009,5.1743821196439335
00-0039796,RB,2025,post-2025-season,served_features,resolved,2026,0.879331763213914,50.435106869948015,10.960108460420479,44.349191451833576,9.637571497517277,2027,0.8295861664132295,34.29278834006162,9.79457705584002,28.448822814652015,8.125445631393298
00-0039798,RB,2025,post-2025-season,served_features,resolved,2026,0.9350545509376372,82.04792349712153,11.86392501804077,76.71928426096659,11.093417080101913,2027,0.9045839783829769,67.07309681719249,10.842987381920715,60.67324876136257,9.808392663494258
00-0039874,RB,2025,post-2025-season,served_features,resolved,2026,0.8748740573648707,72.4364491565297,9.446263118308675,63.372770174677306,8.264290541250846,2027,0.8077702126841779,60.665149602019795,9.485935053204177,49.003500796541005,7.662455775435037
00-0039875,RB,2025,post-2025-season,served_features,resolved,2026,0.9501990890430051,70.61226445647257,12.52988165965833,67.09570936180401,11.905882138824001,2027,0.8662671409068377,58.22513770549717,11.013602893230207,50.438523569047945,9.540722289401806
00-0039921,RB,2025,post-2025-season,served_features,resolved,2026,0.7945625645482911,82.62321563205442,7.946563631906744,65.64931410383161,6.3140419787140045,2027,0.7329247916867264,71.53220175297957,8.815209166527975,52.42772406869544,6.460885342052437
00-0040078,RB,2025,post-2025-season,served_features,resolved,2026,0.9535887293738726,84.18430567571046,12.121539013998564,80.27720508252243,11.558962986414716,2027,0.8981835636303511,83.52002329423274,11.43500384101057,75.01631215690391,10.270732500045627
00-0040122,RB,2025,post-2025-season,served_features,resolved,2026,0.9771261121595278,178.12037601425078,13.705120192484161,174.04607051119808,13.391630810361088,2027,0.9617584088693241,156.86038010636034,13.249725738250048,150.8617895857305,12.743035143974296
00-0040142,RB,2025,post-2025-season,served_features,resolved,2026,0.8381784595877294,36.17117035791868,8.992978152876965,30.31789585208562,7.537720575284519,2027,0.6767041148705134,49.19059701925734,9.361121349487673,33.28747941586865,6.334709337000522
00-0040162,RB,2025,post-2025-season,served_features,resolved,2026,0.9511869645837486,101.0926353043138,11.794294013521949,96.15799691688215,11.21857872213022,2027,0.9062858076523593,98.98869891470284,11.509944662229096,89.71205294436768,10.431299494242259
00-0040179,RB,2025,post-2025-season,served_features,resolved,2026,0.735977212170182,29.370371751454186,7.238789375838527,21.615924322037117,5.327584024316771,2027,0.534999348801939,45.395479418921056,8.378905033595117,24.28655192767459,4.482708736646677
00-0040198,RB,2025,post-2025-season,served_features,resolved,2026,0.9477327680481957,83.77659050760136,12.145163032668606,79.39782001940924,11.510368979347637,2027,0.8991881576243371,85.32179048022275,11.53743083347,76.72034358712119,10.37432117486611
00-0040202,RB,2025,post-2025-season,served_features,resolved,2026,0.8729921329009427,84.90818684007246,9.514575659425052,74.12417913026661,8.30614969856887,2027,0.7965473828713798,85.81007764950232,10.066216828693458,68.35179277570096,8.018218670311615
00-0040205,RB,2025,post-2025-season,served_features,resolved,2026,0.6673718928868344,6.10880315034013,6.474041419275126,4.076843521715549,4.320593276609409,2027,0.4149821092183843,25.966543416015327,7.67399200863229,10.77565095588879,3.1845693898672534
00-0040208,RB,2025,post-2025-season,served_features,resolved,2026,0.8700986065239235,35.11083618277847,9.597114182755384,30.5498896365253,8.350435677066441,2027,0.7095592231843122,45.65942168484921,9.573696070440873,32.398063781746544,6.793104346744728
00-0040236,RB,2025,post-2025-season,served_features,resolved,2026,0.9740504352780432,132.09903256113626,13.523984599697826,128.67112016598318,13.173043086029221,2027,0.965089591238008,116.27774749761431,12.50589484631326,112.2184438025489,12.069308945293976
00-0040238,RB,2025,post-2025-season,served_features,resolved,2026,0.9330834856913349,69.5491435800806,11.895637532889946,64.89515731854873,11.099622933709623,2027,0.8760859203802179,74.48598233407373,11.27687429053292,65.25612038857163,9.87951079183355
00-0040242,RB,2025,post-2025-season,served_features,resolved,2026,0.9580743488069385,122.17733196282946,12.77699062578007,117.05496775925698,12.241306973506598,2027,0.9708148337725038,100.17244254956665,11.629182587645813,97.24889316234324,11.289782960735465
00-0040466,RB,2025,post-2025-season,served_features,resolved,2026,0.7510194657565306,50.081199744751174,7.240418931626582,37.61195587674912,5.437695557883665,2027,0.5789208516271049,58.85107641911038,8.466866570797514,34.07011527972321,4.901645605779162
00-0040556,RB,2025,post-2025-season,served_features,resolved,2026,0.7031450965767275,25.41056725052026,6.810289267606504,17.867315763436498,4.788621504786626,2027,0.48631806828209656,40.38182278169313,8.021626782632865,19.638410048902962,3.901062041409944
00-0040583,RB,2025,post-2025-season,served_features,resolved,2026,0.9569254720849194,124.7064510357335,13.174287692971335,119.33477952940416,12.606811469979139,2027,0.9387017546774243,102.34247162178957,11.879113032104069,96.06905768939838,11.150944247247548
00-0040586,RB,2025,post-2025-season,served_features,resolved,2026,0.770549807672549,53.15095443962142,7.685019947856119,40.9554577210627,5.921690642780235,2027,0.6288797917610921,65.41663538434888,8.920148880115862,41.139200038220615,5.609701370205202
00-0040644,RB,2025,post-2025-season,served_features,resolved,2026,0.9496114553407027,65.41636698479205,12.153466550204435,62.12013145552987,11.541071058174182,2027,0.8833724085054537,71.47916209774382,11.381290290268495,63.142719580235706,10.053917815614215
00-0040649,RB,2025,post-2025-season,served_features,resolved,2026,0.5988850655889104,8.018709478646166,6.82939168377277,4.802285352057426,4.090020686468614,2027,0.4317530455299612,26.500606386555447,7.8672979051901715,11.441717515786054,3.3967298306573404
00-0040666,RB,2025,post-2025-season,served_features,resolved,2026,0.946998861975948,154.66677443653583,11.09587016025542,146.46925937689008,10.507776414394762,2027,0.9647996505107,132.66693834630803,11.299579043351825,127.99701575084258,10.90182991194387
00-0040715,RB,2025,post-2025-season,served_features,resolved,2026,0.9534926013997471,163.375534461443,10.55127927835941,155.77736335871532,10.06056672721816,2027,0.9504645001175253,139.85491229380455,11.08767848508906,132.92712930231127,10.538444788794013
00-0040719,RB,2025,post-2025-season,served_features,resolved,2026,0.9561505687227174,95.68181134915753,11.963381289577551,91.48621833791672,11.438793823876292,2027,0.9025496209211951,90.1843793328287,11.358867166103913,81.3958773798578,10.251941254861295
00-0040730,RB,2025,post-2025-season,served_features,resolved,2026,0.984316297553466,150.04500910262448,14.180385190667895,147.6917478262714,13.957984248760221,2027,0.923253328210688,124.62078644873696,12.735196128016767,115.0565558530298,11.757812210607346
00-0040734,RB,2025,post-2025-season,served_features,resolved,2026,0.985383355697767,160.4600523904844,14.833471699525962,158.11466487997504,14.616656119926752,2027,0.9912455594769534,128.64412340647357,13.072637369373114,127.51791607947213,12.95819374304358
00-0040784,RB,2025,post-2025-season,served_features,resolved,2026,0.9704225297494656,151.3645998159193,12.762468724597062,146.8876178678799,12.384987185571918,2027,0.9678982482532174,120.60351677643453,11.728546104654466,116.73193262108849,11.352039229252155
00-0030035,WR,2025,post-2025-season,served_features,resolved,2026,0.5169960912633217,36.5308998334167,9.105023303410613,18.886332424208362,4.707261458724744,2027,0.27850460423337925,0.0,7.931598600689796,0.0,2.2089867292231364
00-0030279,WR,2025,post-2025-season,served_features,resolved,2026,0.9280077513842414,125.04168336934,11.965231006028931,116.03965141288151,11.103827120697913,2027,0.6381428280305247,94.06286066612799,10.810920211271622,60.02553991812412,6.898911197233231
00-0030564,WR,2025,post-2025-season,served_features,resolved,2026,0.7780302919999879,44.82566590359884,10.176759614075419,34.87572593207091,7.917827254152781,2027,0.45179170260439,22.214004847721156,9.159189529405921,10.036103071814114,4.138045831966603
00-0031236,WR,2025,post-2025-season,served_features,resolved,2026,0.7122904932446998,37.36124252995258,9.793413056172305,26.612057869894777,6.975755016330054,2027,0.3301435050045745,5.060746873609162,8.890030714045238,1.6707727107942711,2.934985899533215
00-0031381,WR,2025,post-2025-season,served_features,resolved,2026,0.9441597276316477,176.0042410324802,12.844599020558581,166.17611627524138,12.127353112788319,2027,0.8041721375016084,132.2133358467163,11.659315088824105,106.32228089407187,9.376096336784435
00-0031408,WR,2025,post-2025-season,served_features,resolved,2026,0.5281226510980352,112.70813108190782,9.51757912235483,59.52371698728203,5.026449118133344,2027,0.46263900807600655,69.34429710629065,9.152624769628478,32.0813768289822,4.234361244712807
00-0031588,WR,2025,post-2025-season,served_features,resolved,2026,0.9673281363742054,152.14969838729897,13.365311991653577,147.17868419088336,12.928642340946075,2027,0.8581034891462188,121.92087043690793,12.073287139669016,104.62072432165478,10.360129820014155
00-0031763,WR,2025,post-2025-season,served_features,resolved,2026,0.2503301002826999,0.0,5.703142806308802,0.0,1.427668310629841,2027,0.10050871440029671,0.0,6.017712914704321,0.0,0.6048325886869936
00-0032211,WR,2025,post-2025-season,served_features,resolved,2026,0.7580629707299379,37.72467074578651,10.096784886102723,28.597675975359703,7.653998745580168,2027,0.3405114891669839,0.979358817746089,8.952240918743941,0.33348292945953756,3.048340886623108
00-0032385,WR,2025,post-2025-season,served_features,resolved,2026,0.7772987775132211,40.129052759281834,9.719664644650571,31.19226365255332,7.555083446125365,2027,0.3898409526625322,17.561942093517928,9.09553161234686,6.8463642363412545,3.5458107087294777
00-0032398,WR,2025,post-2025-season,served_features,resolved,2026,0.5290215691681589,15.661788675499395,8.294623581979582,8.28542402109279,4.388034782998053,2027,0.22134497244597484,0.0,7.677867394920241,0.0,1.6994573469724694
00-0032464,WR,2025,post-2025-season,served_features,resolved,2026,0.764372050447686,33.92016930489437,10.044526251066927,25.92762936311477,7.6777551263036345,2027,0.48182766788270565,6.409511835428816,9.34734611655717,3.0882801399312667,4.503809980233206
00-0032775,WR,2025,post-2025-season,served_features,resolved,2026,0.8058935273538101,53.056083351954484,10.498128872164068,42.75755416008436,8.460374107403178,2027,0.4464650625981394,19.048645482033578,9.65890728340706,8.504554697545887,4.312364644915958
00-0032951,WR,2025,post-2025-season,served_features,resolved,2026,0.2477914180886918,0.0,6.54207536878316,0.0,1.6210701328738806,2027,0.1497422988653606,0.0,6.0777512346333165,0.0,0.9100964418057765
00-0033040,WR,2025,post-2025-season,served_features,resolved,2026,0.5143005964383027,119.57947252120661,9.120375870767353,61.49979403943419,4.690614750077154,2027,0.34130229105076965,75.51522113897084,9.51400655293717,25.77351798393626,3.2471522335894916
00-0033282,WR,2025,post-2025-season,served_features,resolved,2026,0.39394516309352484,9.088065916921735,7.847597831725596,3.5801996098464373,3.091523207711532,2027,0.23250027684887234,0.0,7.877540668920645,0.0,1.831530386412301
00-0033307,WR,2025,post-2025-season,served_features,resolved,2026,0.8183593809096739,60.00662375345497,10.626917252683947,49.10698346535714,8.696637423884768,2027,0.497184632685368,28.648599237737756,10.031874520054611,14.24364328896496,4.987693848399054
00-0033375,WR,2025,post-2025-season,served_features,resolved,2026,0.635003118607901,27.228108361722747,9.300916377177767,17.28993372348781,5.906110905419183,2027,0.3427166328706998,0.0,8.36722366666789,0.0,2.86758672151645
00-0033555,WR,2025,post-2025-season,served_features,resolved,2026,0.8882323919084616,72.86714975551082,11.13651307008207,64.72296271888945,9.891811641758842,2027,0.5532921225906743,38.59957072811264,10.346509659035242,21.3568384192463,5.724642290652523
00-0033572,WR,2025,post-2025-season,served_features,resolved,2026,0.5877493581710531,0.0,8.172542379528073,0.0,4.803406538193356,2027,0.305273082741586,0.0,7.735412891678073,0.0,2.361413339721571
00-0033591,WR,2025,post-2025-season,served_features,resolved,2026,0.2853396571138803,8.785201868474907,7.1506102831083735,2.506766488826851,2.04035268633713,2027,0.18706234085531206,0.0,7.5175145627984525,0.0,1.4062438715309764
00-0033857,WR,2025,post-2025-season,served_features,resolved,2026,0.8626414955924974,44.06538926792697,10.908616765579454,38.0126333019501,9.410225481504852,2027,0.5541287233518314,19.351084100316314,10.096502421175284,10.722991527982202,5.594761996964535
00-0033891,WR,2025,post-2025-season,served_features,resolved,2026,0.39772697690614417,10.404444137095048,7.7252193085186835,4.138128113035669,3.0725281215141096,2027,0.18852536037903941,0.0,7.853638873041428,0.0,1.4806100988269681
00-0033908,WR,2025,post-2025-season,served_features,resolved,2026,0.8906630516217501,106.79456021980835,11.991994443093592,95.11796890197726,10.680826365716808,2027,0.6694578523604928,64.4519017006254,10.79802990073611,43.14783169305027,7.228825907071181
00-0033921,WR,2025,post-2025-season,served_features,resolved,2026,0.627005490091587,116.72876064705667,10.294285998129721,73.18957377729133,6.454573837400288,2027,0.6512226439585553,69.218922537976,10.21089482936037,45.07692974714317,6.649565927958802
00-0033943,WR,2025,post-2025-season,served_features,resolved,2026,0.2675040203507118,8.186897142769858,7.378610631246639,2.1900278998886926,1.9738080084609795,2027,0.1251851107827723,0.0,7.472417817725301,0.0,0.9354354523271035
00-0034272,WR,2025,post-2025-season,served_features,resolved,2026,0.5588901023097557,14.209382003667905,8.48949229498415,7.941482961788356,4.744693217301574,2027,0.26365336038068077,0.0,8.101155524451972,0.0,2.1358968769882787
00-0034348,WR,2025,post-2025-season,served_features,resolved,2026,0.9612521318082166,160.47048630617513,13.368445423243779,154.25259705411207,12.850446662054878,2027,0.8621003047791782,129.6430967261468,12.180262183125222,111.76535320012765,10.500607740362552
00-0034407,WR,2025,post-2025-season,served_features,resolved,2026,0.33435736647823155,0.210102114000982,7.506260400133866,0.07024918952887753,2.509773459488596,2027,0.19115910122317437,0.0,7.5901397602690786,0.0,1.4509242947313172
00-0034418,WR,2025,post-2025-season,served_features,resolved,2026,0.3045165249117808,0.0,6.984171738238024,0.0,2.1267957071153147,2027,0.1458364225780291,0.0,7.031311248827121,0.0,1.0254212785616015
00-0034419,WR,2025,post-2025-season,served_features,resolved,2026,0.3865551979678547,0.0,6.700291871810078,0.0,2.5900326509499525,2027,0.1353572222502308,0.0,6.942897388268975,0.0,0.9397713048444706
00-0034487,WR,2025,post-2025-season,served_features,resolved,2026,0.289929723831576,0.0,6.501967696223286,0.0,1.8851136985278456,2027,0.15423572870817448,0.0,6.79108652497264,0.0,1.0474281788994195
00-0034521,WR,2025,post-2025-season,served_features,resolved,2026,0.4689284568540263,15.867475347580985,8.256344714547696,7.440710728910456,3.8716349862477473,2027,0.2762712150752242,0.0,7.980237489062982,0.0,2.204709907692286
00-0034775,WR,2025,post-2025-season,served_features,resolved,2026,0.8041835133326998,79.71776561370999,10.550923129787712,64.10771282626598,8.484878431415927,2027,0.5505908138779234,50.37374268389787,10.019762263919471,27.73531998240442,5.516789059754726
00-0034827,WR,2025,post-2025-season,served_features,resolved,2026,0.9561420894356664,152.14022731098595,13.455644560421288,145.46767482834335,12.865508104704869,2027,0.8531380847357685,106.26264535272225,12.598931381506105,90.65670973517767,10.748628188535488
00-0034837,WR,2025,post-2025-season,served_features,resolved,2026,0.45805462599431673,57.132422187758216,8.493841148774566,26.169770277362993,3.8906432306570715,2027,0.27861955893766815,28.326749057733764,8.531461504591697,7.892386328603789,2.3770320415030333
00-0034854,WR,2025,post-2025-season,served_features,resolved,2026,0.4735673262421209,0.0,7.172354297300648,0.0,3.3965926474338537,2027,0.17980116972166324,0.0,7.057577395384049,0.0,1.2689606710912213
00-0034860,WR,2025,post-2025-season,served_features,resolved,2026,0.3810688912239203,1.1991831143132643,7.720959217760879,0.45697137974580326,2.942217368297245,2027,0.259812713451519,0.0,7.571842954115092,0.0,1.9672610637374077
00-0034960,WR,2025,post-2025-season,served_features,resolved,2026,0.9313626868386357,138.62686315670885,12.627478440700708,129.11188773764422,11.760762248527957,2027,0.8036392809042159,102.614071451412,11.852993576747235,82.46469859186656,9.525531234579438
00-0034983,WR,2025,post-2025-season,served_features,resolved,2026,0.5446096570384713,29.26532880392522,8.025940444220412,15.93818068302381,4.371004672738074,2027,0.23981807903768024,15.752398316847689,7.878289565373752,3.7777099045828,1.889356269670534
00-0035021,WR,2025,post-2025-season,served_features,resolved,2026,0.6042269550694066,6.62980801331441,8.96846351778755,4.005908708579717,5.41898740300383,2027,0.4149370212150747,0.0,8.565253988072369,0.0,3.554040975761288
00-0035208,WR,2025,post-2025-season,served_features,resolved,2026,0.9207614064503289,64.7000788538046,11.309248932532764,59.573335602876305,10.413119953015748,2027,0.7065459526809695,52.208185291242245,10.727626807089411,36.88748201434533,7.579561302420895
00-0035298,WR,2025,post-2025-season,served_features,resolved,2026,0.4838710139197299,0.0,7.391604487347481,0.0,3.576583157786451,2027,0.24698097527989665,0.0,7.727474877592536,0.0,1.9085392817187046
00-0035359,WR,2025,post-2025-season,served_features,resolved,2026,0.6165544948657575,37.653904838903955,9.16602710971085,23.21568427767373,5.651355214553613,2027,0.34439057667037704,19.101881108101253,8.23151758108863,6.578507850307971,2.8348570866234604
00-0035406,WR,2025,post-2025-season,served_features,resolved,2026,0.7071310474948685,35.83819871079746,9.292721413324678,25.34230299469545,6.571171827082274,2027,0.444189194529862,19.156921205411038,9.33120366066038,8.509297399903563,4.144819838022834
00-0035500,WR,2025,post-2025-season,served_features,resolved,2026,0.8493786862555038,56.58354694982739,10.398104760540232,48.060858771921005,8.831928561054763,2027,0.6430300692419065,38.17097010921067,10.210588117662127,24.545081552356482,6.565715184300865
00-0035535,WR,2025,post-2025-season,served_features,resolved,2026,0.8349717461521924,74.23311517754756,10.909235776644316,61.9825538021137,9.108903645610672,2027,0.5413354222887641,46.65441826737688,10.381830510038265,25.255689214407095,5.620052603281939
00-0035544,WR,2025,post-2025-season,served_features,resolved,2026,0.33364139507138096,0.0,7.108859510614241,0.0,2.37180980448779,2027,0.2182759445287365,2.7566009394536195,6.925928477348624,0.6016996737480411,1.5117635801317446
00-0035602,WR,2025,post-2025-season,served_features,resolved,2026,0.5723973902438122,0.0,8.02629839550789,0.0,4.594232254906814,2027,0.345305403914556,0.0,7.497308169580132,0.0,2.5888610257687676
00-0035640,WR,2025,post-2025-season,served_features,resolved,2026,0.9437129984057575,149.21470412298436,12.632098453228675,140.8158558341295,11.921075507453164,2027,0.806024341797922,133.54373836031468,11.798650887102866,107.63950381310654,9.509999815380556
00-0035645,WR,2025,post-2025-season,served_features,resolved,2026,0.8596542470754511,30.856084795049156,10.343787639319798,26.525564342184257,8.892080974987818,2027,0.6256936664751087,28.429790260853622,9.642038454954498,17.78833970543184,6.032962393174472
00-0035659,WR,2025,post-2025-season,served_features,resolved,2026,0.7812172482040394,126.97547788283262,10.833026397211931,99.19543342101936,8.462947071751623,2027,0.6988006785660088,90.18915127902312,10.77550690177651,63.02424011307378,7.529931534854136
00-0035662,WR,2025,post-2025-season,served_features,resolved,2026,0.9450692428813531,92.45245190842894,11.858603169714392,87.37396872762365,11.207201119232394,2027,0.7351123789051675,80.64001972138011,11.354149689106071,59.279476732343355,8.346575988404132
00-0035676,WR,2025,post-2025-season,served_features,resolved,2026,0.9602676948095491,178.8249552665887,13.310500846806303,171.71982756826785,12.781643964923239,2027,0.8814647426071532,154.4242406909675,12.655077508865661,136.11952357296875,11.155004639025844
00-0035719,WR,2025,post-2025-season,served_features,resolved,2026,0.9582338586889865,134.72190328953303,12.465679862397039,129.0950892390537,11.945036515726308,2027,0.7771595940288535,117.83930902267392,11.873102002142046,91.57994956070188,9.22729513184788
00-0035876,WR,2025,post-2025-season,served_features,resolved,2026,0.22061865861212032,0.0,6.5364695792808885,0.0,1.4420671506398801,2027,0.15805652296346592,0.0,6.3919366345101505,0.0,1.0102872794534727
00-0035891,WR,2025,post-2025-season,served_features,resolved,2026,0.3668824809805768,23.206098990395596,8.334925939937131,8.513911171477195,3.0579383076335005,2027,0.34105067602316363,1.5482893309641383,8.192178866062784,0.5280451230047711,2.7939481403733866
00-0036133,WR,2025,post-2025-season,served_features,resolved,2026,0.43058218533248604,0.0,7.245772193308593,0.0,3.119900425416174,2027,0.22025312548584144,0.0,7.42508137070385,0.0,1.6353973788842187
00-0036165,WR,2025,post-2025-season,served_features,resolved,2026,0.4603642995612423,29.35453002188229,8.298186243701227,13.5137776524733,3.820188697710252,2027,0.28267828411317447,7.270278250839397,8.305749395305066,2.055149780972612,2.3478549873388723
00-0036176,WR,2025,post-2025-season,served_features,resolved,2026,0.5651558885081915,0.0,7.363777716382897,0.0,4.161682338079197,2027,0.3611719996710099,4.405902563820121,7.739714961547241,1.591288639330542,2.7953683295456506
00-0036182,WR,2025,post-2025-season,served_features,resolved,2026,0.6165690497521034,26.784386857415363,9.508978772844129,16.514423952869315,5.862942006085427,2027,0.44868968326783387,0.0,8.986152165515326,0.0,4.031993768941631
00-0036196,WR,2025,post-2025-season,served_features,resolved,2026,0.6011348762127765,37.07517702614898,8.832723397417116,22.28718195218084,5.3096580861280325,2027,0.3528143056028075,15.045345661214213,9.107481985750187,5.308213182015506,3.213249932592531
00-0036252,WR,2025,post-2025-season,served_features,resolved,2026,0.9599838473720245,143.87444049623724,13.022367120663326,138.11713892607523,12.501262090385332,2027,0.8090639334419362,109.12408415063818,12.405081106317617,88.28836075616417,10.036503714543576
00-0036259,WR,2025,post-2025-season,served_features,resolved,2026,0.9410590609509529,140.5951331780252,12.922865750105128,132.30832400278658,12.161179907589164,2027,0.873596108263395,104.02861794485645,12.096273670073735,90.87899578464616,10.56725760266539
00-0036309,WR,2025,post-2025-season,served_features,resolved,2026,0.851668864044517,76.14205115807476,11.117880449873946,64.84781421581704,9.468752613326886,2027,0.6488227411457572,51.63620033493666,10.570516806582908,33.50274104366507,6.858391689774419
00-0036322,WR,2025,post-2025-season,served_features,resolved,2026,0.9765492343889285,180.6083086808673,13.556214298346285,176.37290556658024,13.23831069426231,2027,0.918415136289573,183.50153443964652,12.958476374027132,168.53058676173373,11.90126084515734
00-0036331,WR,2025,post-2025-season,served_features,resolved,2026,0.8963625109876436,5.814918722001067,10.753614499099587,5.212275146841937,9.639136894606038,2027,0.6486656508498907,0.0,9.917064188091862,0.0,6.43285889608875
00-0036358,WR,2025,post-2025-season,served_features,resolved,2026,0.9613994198878619,202.61267215740006,13.262393578944547,194.79170547405397,12.750457493121793,2027,0.9218445474386694,180.69110233917746,13.143689479679313,166.56910746205335,12.116438480069377
00-0036407,WR,2025,post-2025-season,served_features,resolved,2026,0.9422667303371051,115.55756930026213,12.389372740812629,108.88605299026143,11.674093743413174,2027,0.8422364970298037,106.51262104607895,11.629650788794272,89.70881683931249,9.794916342033982
00-0036410,WR,2025,post-2025-season,served_features,resolved,2026,0.9533143789743415,189.8941153447183,13.508330591285363,181.0287906407321,12.877685788611304,2027,0.9394696448698248,153.31318985682975,12.9246949835126,144.03308802865587,12.142358606211388
00-0036415,WR,2025,post-2025-season,served_features,resolved,2026,0.8180017511468151,40.366927427644086,10.263225556973119,33.020217324229264,8.395336478018757,2027,0.48663541137720334,18.696070525193363,9.718580777608189,9.098169971164678,4.729405554713941
00-0036427,WR,2025,post-2025-season,served_features,resolved,2026,0.5758058091227896,36.17887557168831,8.996645158487345,20.832006721708712,5.180320544873433,2027,0.46976091028734795,23.230139612338917,8.869715240159469,10.91261153039451,4.166645505206875
00-0036550,WR,2025,post-2025-season,served_features,resolved,2026,0.7983539916710541,64.00182087366632,10.595322128617603,51.0961091687073,8.458817714422514,2027,0.671279553562811,42.37330986417025,10.254301879544958,28.444336528598864,6.883503187799233
00-0036554,WR,2025,post-2025-season,served_features,resolved,2026,0.9704191521706386,199.1549978071412,13.793058297522977,193.26382412255134,13.385047938922439,2027,0.9460374111812361,181.52339126461186,13.189052105809472,171.72791914081202,12.477336710114423
00-0036613,WR,2025,post-2025-season,served_features,resolved,2026,0.9741813935554454,146.51260229750673,12.994962290693021,142.72985107961986,12.65945047354779,2027,0.8673383421300356,143.2760903558939,12.602403628554029,124.2688466761542,10.930547870043597
00-0036620,WR,2025,post-2025-season,served_features,resolved,2026,0.6676162905800419,0.0,8.662835911405383,0.0,5.783450377076038,2027,0.4269631905238925,0.0,8.553151795254362,0.0,3.651880979536961
00-0036626,WR,2025,post-2025-season,served_features,resolved,2026,0.844568678362819,43.098098587104964,9.981896796281466,36.39930416366172,8.430397384789496,2027,0.6339057622579958,42.096291957488035,9.980538492268122,26.68508204154659,6.326720860686492
00-0036630,WR,2025,post-2025-season,served_features,resolved,2026,0.7334756823230859,3.671685530336511,9.146020433625429,2.693092049639374,6.708383578094297,2027,0.5069343473555882,0.5280300588555349,9.05313657060125,0.2676765732700634,4.589345878938753
00-0036646,WR,2025,post-2025-season,served_features,resolved,2026,0.33075824033919565,0.0,7.136687258934554,0.0,2.3605181196163505,2027,0.20583231311416778,0.0,6.957043650456617,0.0,1.4319843870097193
00-0036841,WR,2025,post-2025-season,served_features,resolved,2026,0.5430719981514799,0.0,7.638752023582226,0.0,4.14839232483046,2027,0.30749919590393315,7.9843373358183385,7.7811893459022645,2.455177310589891,2.3927094670411977
00-0036849,WR,2025,post-2025-season,served_features,resolved,2026,0.64489233775077,34.276136481873564,8.975367226124677,22.104417784859898,5.788145552627187,2027,0.5185639981219771,27.92082885482884,9.22875784115881,14.478736641839506,4.785701563810858
00-0036862,WR,2025,post-2025-season,served_features,resolved,2026,0.8318105409577767,6.561925098427849,10.341236255132186,5.458278465847682,8.601949323553677,2027,0.5960950715799554,0.0,9.681240161774596,0.0,5.770939547215767
00-0036900,WR,2025,post-2025-season,served_features,resolved,2026,0.9941474955737468,266.195622843377,15.412827508497813,264.6377117824369,15.322623867283253,2027,0.9845234587122423,257.9065644215151,15.034775069445873,253.91506282886178,14.802088752331445
00-0036912,WR,2025,post-2025-season,served_features,resolved,2026,0.975481747566881,164.83154416946581,13.66152829247359,160.79016276057806,13.326571493176527,2027,0.9082977208857806,146.91580847670056,13.022493632323457,133.44329400147896,11.828301286488987
00-0036959,WR,2025,post-2025-season,served_features,resolved,2026,0.4250571207807043,23.696143159591138,7.481227782777061,10.07221438502319,3.1799491412518295,2027,0.34768424923619434,41.575536831655256,8.012794482388502,14.455159309905804,2.785922433893167
00-0036963,WR,2025,post-2025-season,served_features,resolved,2026,0.9939574781966308,248.96398393133532,15.246919669114057,247.45961363017656,15.154789824579217,2027,0.974757804656515,241.59565690043877,14.815460542624955,235.49725213482031,14.44148579350432
00-0036980,WR,2025,post-2025-season,served_features,resolved,2026,0.7768156587334673,37.47644508074782,9.54548264384853,29.11228937238973,7.415080387910074,2027,0.5453216468117297,27.49641913664246,9.655205805134937,14.994392565019425,5.265192729962356
00-0036988,WR,2025,post-2025-season,served_features,resolved,2026,0.7950735187043322,54.646239257085114,10.201119842581654,43.44777773008947,8.110640247965978,2027,0.5786268497341049,38.5540309925191,10.071566753995267,22.308397497752374,5.827678942751026
00-0037091,WR,2025,post-2025-season,served_features,resolved,2026,0.8319086980489742,20.0703858915372,9.84003103400459,16.696728596369212,8.18600740626026,2027,0.5860035506295417,23.76438383351399,9.825583156260711,13.926013304962476,5.7578266165745955
00-0037093,WR,2025,post-2025-season,served_features,resolved,2026,0.6351547366681589,0.0,8.873266212126815,0.0,5.635897064349879,2027,0.5097036660420153,6.157922773244962,8.855446884987884,3.1387158127265713,4.513653741718669
00-0037132,WR,2025,post-2025-season,served_features,resolved,2026,0.48999138162959105,0.0,7.451516973011833,0.0,3.651179096842416,2027,0.28287049552452365,0.0,7.640887011957808,0.0,2.161381495319402
00-0037231,WR,2025,post-2025-season,served_features,resolved,2026,0.6835744092051911,45.23694700949685,8.614682149128017,30.922819326263348,5.8887762605806895,2027,0.5645257242717242,57.59322180239863,8.923181988175536,32.51285525114115,5.037365774683198
00-0037238,WR,2025,post-2025-season,served_features,resolved,2026,0.9840560862683149,206.91639886719352,13.7053169298996,203.61734165398403,13.486800539103879,2027,0.9538189544010429,192.78257759142335,13.814174669812589,183.87967658498934,13.176221639474015
00-0037239,WR,2025,post-2025-season,served_features,resolved,2026,0.9941687390567922,195.98464915201822,14.457226073888123,194.84181152194975,14.372922216136333,2027,0.9544433334420962,194.19494226888887,14.286278183618561,185.34806803671373,13.635442972053996
00-0037240,WR,2025,post-2025-season,served_features,resolved,2026,0.9890144848977019,175.60489622612826,14.187630625989943,173.67578598659864,14.031772195482304,2027,0.9581845662470508,166.56339124544894,13.844168330746076,159.59847079315833,13.265268427047086
00-0037247,WR,2025,post-2025-season,served_features,resolved,2026,0.9939138713143418,213.94878193374072,14.976155224705115,212.64666211475216,14.885008416791168,2027,0.9707959381893035,200.26314248349541,14.563848333086522,194.41464529200312,14.138524806165455
00-0037261,WR,2025,post-2025-season,served_features,resolved,2026,0.9894614651200591,152.54591353481922,13.884814831793303,150.93830310424008,13.738489226386928,2027,0.9486303209973744,147.22506110599215,13.545374637557071,139.66215697583542,12.849553090455458
00-0037291,WR,2025,post-2025-season,served_features,resolved,2026,0.8930501001367097,85.41061807973699,11.808555535986494,76.27596102884739,10.545631703882636,2027,0.7805417670651542,62.86381767886249,10.886933826917247,49.06783533552101,8.49770656718339
00-0037487,WR,2025,post-2025-season,served_features,resolved,2026,0.6507390621023356,0.0,8.076516032842642,0.0,5.255704468266497,2027,0.454677060116218,9.507378024135988,8.858919909246,4.322786689427689,4.027947660141004
00-0037545,WR,2025,post-2025-season,served_features,resolved,2026,0.9770677184802786,135.43951132991674,13.677463224041588,132.3335743272056,13.363807786912231,2027,0.9212049103494513,119.6850510232127,12.69475869703779,110.25445669800816,11.694474047412614
00-0037614,WR,2025,post-2025-season,served_features,resolved,2026,0.944200923592189,60.08530371849831,11.032183287910993,56.732599265323294,10.416597649683872,2027,0.7568614761137272,62.69526409402779,11.092477781079786,47.45163012754583,8.395469107146768
00-0037664,WR,2025,post-2025-season,served_features,resolved,2026,0.9720739203248417,147.12305368332045,13.216129653483499,143.01448356410745,12.847054963783098,2027,0.9139096531630253,124.87524233508933,13.033137292929938,114.12468941111023,11.911109983007691
00-0037666,WR,2025,post-2025-season,served_features,resolved,2026,0.7891636201231117,49.29817117229071,10.16256187687116,38.90432322777376,8.01992412047677,2027,0.6008877662791843,29.199011351703575,9.960252972180514,17.545328708685705,5.984994160029156
00-0037740,WR,2025,post-2025-season,served_features,resolved,2026,0.9069624695800886,157.49552059602658,11.478714978268028,142.842526307574,10.410763684295924,2027,0.8017048567076117,127.23503701318104,11.973879130824479,102.00494711683999,9.599517052811901
00-0037741,WR,2025,post-2025-season,served_features,resolved,2026,0.9002038654272059,45.294528953505576,11.115586926637224,40.774310046650214,10.006294317850944,2027,0.6581596239395546,27.236700925098518,10.606376665737205,17.92609683821696,6.980688877682866
00-0037742,WR,2025,post-2025-season,served_features,resolved,2026,0.7112701144424322,16.860665134025496,8.948434045184591,11.99248721945384,6.364753707399,2027,0.3937295659699482,6.675438444292695,9.227087239055058,2.628317481330469,3.6329770537999955
00-0037745,WR,2025,post-2025-season,served_features,resolved,2026,0.4466568908475124,0.0,7.243065269006104,0.0,3.2351650132598677,2027,0.26082234860941955,0.0,7.165559926193406,0.0,1.8689381690513034
00-0037801,WR,2025,post-2025-season,served_features,resolved,2026,0.8739457723256646,53.965527987137406,10.680579304875216,47.16294503568107,9.334247129484682,2027,0.7463301387491144,55.00498489746795,10.136385765208361,41.0518780104202,7.565090194562504
00-0037816,WR,2025,post-2025-season,served_features,resolved,2026,0.9770324842752514,147.3777814434419,13.461693603634238,143.99287993066108,13.152511944111021,2027,0.9099136467619648,126.49779277656432,13.008835071196906,115.10206793266298,11.836916559757722
00-0037837,WR,2025,post-2025-season,served_features,resolved,2026,0.9300515464893746,72.69956825936406,11.384971062812669,67.61434588873139,10.588609943705702,2027,0.7596981041814737,70.99848500820661,10.921531222159995,53.93741446049135,8.297066564233722
00-0038090,WR,2025,post-2025-season,served_features,resolved,2026,0.9380535208729023,45.114058402851654,11.57385482179226,42.319401325660735,10.856895265654046,2027,0.8045542455192731,40.54298536119025,10.692055293385682,32.61903099837136,8.602338479620268
00-0038104,WR,2025,post-2025-season,served_features,resolved,2026,0.934896945232838,60.6986284559036,10.868015455539794,56.74696232324729,10.160474450127424,2027,0.759554928580641,70.35601636543124,10.983360820741273,53.439258985663535,8.342465843773548
00-0038117,WR,2025,post-2025-season,served_features,resolved,2026,0.9925864577306545,169.75589241884256,14.013544331391518,168.497399934925,13.909654328147399,2027,0.9464075863588941,170.68619957557064,13.893027673617672,161.5387141650883,13.148466787805823
00-0038124,WR,2025,post-2025-season,served_features,resolved,2026,0.9320676585795149,134.99335644386423,12.01910666777479,125.8229416644224,11.202620610050285,2027,0.8332026973018055,106.4689636344604,12.182548004434425,88.71022767916024,10.150531857303491
00-0038359,WR,2025,post-2025-season,served_features,resolved,2026,0.888370027295566,31.492248258251962,11.008735054114638,27.976769444782036,9.779830260513476,2027,0.7244315202554652,34.55258796452348,9.990063763820466,25.030983827900435,7.237117079873495
00-0038393,WR,2025,post-2025-season,served_features,resolved,2026,0.9173782418909981,76.72635920672029,11.2232095087038,70.38709251575825,10.295928207469025,2027,0.7881888106591115,62.59879713025644,11.134663566588639,49.33967145878783,8.77621723363884
00-0038465,WR,2025,post-2025-season,served_features,resolved,2026,0.6037017173791429,11.116934935235513,8.479669080662923,6.71131271239387,5.119190786803024,2027,0.5030875997895753,9.796004707251797,8.849737399895982,4.928248495698687,4.452193147281706
00-0038496,WR,2025,post-2025-season,served_features,resolved,2026,0.6686659271727616,0.0,7.840413299788175,0.0,5.242617228520511,2027,0.4179317305540263,0.0,8.29881538588751,0.0,3.468338275772347
00-0038519,WR,2025,post-2025-season,served_features,resolved,2026,0.7737695819515777,7.231791275120543,9.595296052322913,5.595740111711089,7.424548215107525,2027,0.6779290675717199,29.657014522591368,9.334072732527437,20.105352202261322,6.327839224208941
00-0038543,WR,2025,post-2025-season,served_features,resolved,2026,0.9994925161989756,264.3341364436899,17.0,264.19999115138694,16.991372775382587,2027,0.9950515484994176,287.0206103612936,16.88574184063554,285.60030279125317,16.802183566085798
00-0038544,WR,2025,post-2025-season,served_features,resolved,2026,0.9754792725035121,152.1900634284564,13.071433299167929,148.458252355454,12.750912245250513,2027,0.9200919134409611,135.72608492503133,12.802766732622528,124.88047318252246,11.779722140356943
00-0038559,WR,2025,post-2025-season,served_features,resolved,2026,0.9872174908986888,154.05108803660272,13.765173782066963,152.08192860170794,13.589220322916562,2027,0.9156834254040273,140.05546260053544,13.30391477364046,128.24646574060392,12.182174251210341
00-0038563,WR,2025,post-2025-season,served_features,resolved,2026,0.986104564742168,121.45421838288827,13.358096576212416,119.76655915455827,13.172480010069789,2027,0.893079040515851,106.66248378454227,13.184327738177435,95.25802867733653,11.774646766258023
00-0038573,WR,2025,post-2025-season,served_features,resolved,2026,0.7874487844075101,0.6040724313102288,9.360889591727412,0.47567610172932884,7.3712211299786645,2027,0.5834682797004902,0.778604239319634,9.19621542418676,0.45429087608333557,5.3656999933053635
00-0038576,WR,2025,post-2025-season,served_features,resolved,2026,0.7980841565367753,0.0,9.495672006257925,0.0,7.578345383864225,2027,0.534352452046976,0.0,9.001324363345333,0.0,4.809879745223764
00-0038606,WR,2025,post-2025-season,served_features,resolved,2026,0.9938689614159915,152.40065080270523,14.125938386458184,151.46627653240583,14.039331713175482,2027,0.9628294195177143,151.2846790505492,14.012538383396699,145.661339712164,13.491684197655534
00-0038608,WR,2025,post-2025-season,served_features,resolved,2026,0.9732561407034278,129.53429730288616,13.283899528191803,126.07005028173742,12.92863678830004,2027,0.9172033561075703,110.11195614599106,12.456255569757884,100.9950557246726,11.424919413115546
00-0038618,WR,2025,post-2025-season,served_features,resolved,2026,0.9702052370383358,71.321363197954,12.30726043485165,69.1963600873682,11.940568527487777,2027,0.8094563861240124,65.362214828082,11.664768654896495,52.90786220380059,9.442121480365174
00-0038619,WR,2025,post-2025-season,served_features,resolved,2026,0.8716391477468632,72.82461855939259,11.351267893580227,63.47678845609936,9.894209472606601,2027,0.6724728948353256,40.243002175776624,10.77319814061196,27.06232817000881,7.244683740251872
00-0038621,WR,2025,post-2025-season,served_features,resolved,2026,0.9841645416799337,101.52588332344875,13.172647384650507,99.91817442967236,12.964052476025943,2027,0.9187470536915628,102.1232326989135,12.649101538875207,93.82541915558464,11.62132477068701
00-0038640,WR,2025,post-2025-season,served_features,resolved,2026,0.4329365877284715,0.12564815163297283,7.589342304946856,0.05439768202236883,3.2857039606070244,2027,0.3178920566171634,0.0,7.899566221044303,0.0,2.5112093523912473
00-0038679,WR,2025,post-2025-season,served_features,resolved,2026,0.7696153354450348,54.341682296755806,9.986721672340146,41.82219204946523,7.68593414985426,2027,0.5967591816423767,47.55882418704098,9.441258199744604,28.38116500173225,5.6341575169539695
00-0038752,WR,2025,post-2025-season,served_features,resolved,2026,0.5734902293446161,0.0,8.218851109860179,0.0,4.7134308079429665,2027,0.3585033022453784,0.0,8.391926327530788,0.0,3.0085333006197184
00-0038824,WR,2025,post-2025-season,served_features,resolved,2026,0.6723575901515376,10.894796382661298,8.587989547201504,7.325199041037839,5.774199956202998,2027,0.5891604810208563,32.57183335436517,8.560528183615443,19.190037006788952,5.0435249024514714
00-0038839,WR,2025,post-2025-season,served_features,resolved,2026,0.6936160031542923,41.15014787960937,8.832660657398888,28.542401101462726,6.12647478240318,2027,0.4763595102883791,47.95880472134763,8.610118236294763,22.84563273107716,4.1015117065664155
00-0038840,WR,2025,post-2025-season,served_features,resolved,2026,0.8486072715660781,48.147248513345,10.665241867552655,40.858105194323606,9.050601801816162,2027,0.6851389141624775,42.588755832766495,9.805712688347771,29.179213926792517,6.71827534388382
00-0038938,WR,2025,post-2025-season,served_features,resolved,2026,0.6820105352771012,0.0,8.071196313878463,0.0,5.504640918354817,2027,0.38213542142248696,4.232286598219446,8.535024367911513,1.6173066227913317,3.2615351336830614
00-0038953,WR,2025,post-2025-season,served_features,resolved,2026,0.56980463145092,19.926686956900788,7.9961291480250525,11.354318517514708,4.556231422224374,2027,0.39226934634347266,28.898868294564778,7.976304541215828,11.336140175975032,3.1288597686192055
00-0038976,WR,2025,post-2025-season,served_features,resolved,2026,0.9909192066700414,107.00712078174605,13.171603597473695,106.0354112330931,13.051994987380898,2027,0.9451010124355537,114.40810043796208,13.221178300704793,108.12721155474647,12.495348997587072
00-0038979,WR,2025,post-2025-season,served_features,resolved,2026,0.8492974735089489,64.5427203422646,10.628318535111788,54.815969320079965,9.026604079518775,2027,0.7143635444657236,48.71692109120886,10.507470352388651,34.80159242617293,7.506153764300863
00-0038994,WR,2025,post-2025-season,served_features,resolved,2026,0.9690275483948689,144.00560943567746,12.882448552075179,139.54540266656352,12.483447537740439,2027,0.9162165262647723,123.38990781762456,12.92077094596808,113.05187271679445,11.838223872777672
00-0038997,WR,2025,post-2025-season,served_features,resolved,2026,0.9732363885311722,133.48794677591445,13.06036950671462,129.9153272326323,12.710826851597584,2027,0.9338502118569459,112.76312751434692,12.916263883699628,105.30387051892468,12.061855764193117
00-0039062,WR,2025,post-2025-season,served_features,resolved,2026,0.597947446581805,0.0,7.671351580255165,0.0,4.587065089244871,2027,0.34095751407992475,0.0,8.267922728828585,0.0,2.8190103802263025
00-0039064,WR,2025,post-2025-season,served_features,resolved,2026,0.992950287678492,184.00655099353082,14.277052318385532,182.70935774375354,14.176403206741796,2027,0.9538158604888178,195.4756561364485,14.0600442883003,186.4477811624029,13.41069324135604
00-0039067,WR,2025,post-2025-season,served_features,resolved,2026,0.9673605821448751,207.40150588449902,12.810983349727028,200.6320414701527,12.39284031104024,2027,0.9290431410007608,181.51550279679793,13.304145044538387,168.63573285866954,12.360124700507649
00-0039075,WR,2025,post-2025-season,served_features,resolved,2026,0.9990727186644089,304.4292244444057,17.0,304.14693290656993,16.984236217294953,2027,0.9953423246892595,295.5222279992805,17.072340328665394,294.14578141415325,16.99282291062001
00-0039146,WR,2025,post-2025-season,served_features,resolved,2026,0.825598122306874,112.92640658810915,10.276319360069788,93.23182923800552,8.484109967899395,2027,0.7286902445205303,94.94994841129927,10.82982589869135,69.1891011250414,7.891588482232172
00-0039337,WR,2025,post-2025-season,served_features,resolved,2026,0.8976835721423085,172.42849782412145,11.29351454374217,154.78622986588962,10.138002477667584,2027,0.9040749244383618,147.2687083857399,12.053719515195514,133.14194640597293,10.89746555990159
00-0039342,WR,2025,post-2025-season,served_features,resolved,2026,0.9383009497965149,92.58813432117651,12.051576495662706,86.87553437344722,11.308005672425672,2027,0.8442368305126557,71.77432671345308,11.51031592865624,60.594530096745466,9.71743263780808
00-0039355,WR,2025,post-2025-season,served_features,resolved,2026,0.8295949275970685,53.79738004318081,9.885262170637938,44.63003360183456,8.200763354728421,2027,0.6755467590910357,53.30897812310374,10.140748351943289,36.01270740151765,6.85054968391305
00-0039379,WR,2025,post-2025-season,served_features,resolved,2026,0.6209085531698575,12.140685385967167,8.587117150057669,7.538255397491307,5.3318144855423775,2027,0.4210347581484647,8.4147996439782,8.656452275903147,3.542923132970148,3.6446672904086084
00-0039394,WR,2025,post-2025-season,served_features,resolved,2026,0.6070339896338872,32.59105035724876,8.20817467988492,19.78387532471964,4.9826410235423975,2027,0.44496719409486385,41.28527906842365,8.401963907248152,18.370594784499886,3.7385983046945293
00-0039410,WR,2025,post-2025-season,served_features,resolved,2026,0.9291330064255486,80.10226358279175,11.590362217690586,74.42565698417104,10.768988092883944,2027,0.7848273156903098,69.12187972076342,11.168414165193498,54.248739316715216,8.765276509786446
00-0039424,WR,2025,post-2025-season,served_features,resolved,2026,0.6705867011118537,66.75213547654974,9.562806530536939,44.76309432139102,6.4126908846836566,2027,0.5196706875449844,47.16596359924891,9.367095812879993,24.510768732343386,4.8678051213790905
00-0039451,WR,2025,post-2025-season,served_features,resolved,2026,0.9355398278936068,48.100741838838054,10.965431262554208,45.00015974146137,10.25859767614914,2027,0.7937904501874556,61.175054253109664,10.458437948640366,48.56017385581794,8.301808167508806
00-0039491,WR,2025,post-2025-season,served_features,resolved,2026,0.936014333987427,118.03044506881764,11.727964622258433,110.47818843132893,10.977542994931333,2027,0.9081003866213396,122.82689163524878,11.550204721041263,111.53914778146681,10.488745372733193
00-0039521,WR,2025,post-2025-season,served_features,resolved,2026,0.5291653855661044,23.27865941491784,8.27555720616134,12.318260784757024,4.379138419772719,2027,0.3883003641996698,20.73850516540918,8.102409774230212,8.052769108685117,3.1461686662285557
00-0039589,WR,2025,post-2025-season,served_features,resolved,2026,0.9459417490313419,32.254547503853615,11.110637757210956,30.510923080009793,10.510016112909797,2027,0.8466481144483988,51.404603168794154,10.602534638301844,43.52161034682776,8.976615959892092
00-0039623,WR,2025,post-2025-season,served_features,resolved,2026,0.6650778916627942,15.051575792727334,8.508183286794527,10.010470294429846,5.658604602261926,2027,0.5300272268218148,31.947571359156825,8.46206468862031,16.933082651185927,4.485124680096227
00-0039739,WR,2025,post-2025-season,served_features,resolved,2026,0.8101544030897646,56.19869906157339,9.611792872235796,45.52962349265031,7.787036317028646,2027,0.635809559866562,61.781566134328386,9.481276634332383,39.28131037173422,6.028286323847991
00-0039751,WR,2025,post-2025-season,served_features,resolved,2026,0.8699150713031345,46.7066825941814,11.174144695266094,40.630847119250184,9.720556879333946,2027,0.7364931632680749,24.310940758306458,10.409320454192311,17.904841661107895,7.666393348779169
00-0039792,WR,2025,post-2025-season,served_features,resolved,2026,0.7852679080154376,58.6941371257167,9.50346459995859,46.09062227348278,7.46276576530825,2027,0.668152062841632,68.39486503029613,9.66723941167412,45.69817015776736,6.459185954893988
00-0039816,WR,2025,post-2025-season,served_features,resolved,2026,0.7446299773524828,2.6503413214983667,9.06760862641272,1.973523598203678,6.7520132061268825,2027,0.5601891828847916,6.073244509796609,8.85260776849822,3.402165879402509,4.959135112234576
00-0039849,WR,2025,post-2025-season,served_features,resolved,2026,0.9483706089607532,139.7641180760478,12.164726587602333,132.54818177064405,11.53666916172549,2027,0.893476575650932,128.69810351922555,11.902163403773063,114.98874082512681,10.634304200840997
00-0039855,WR,2025,post-2025-season,served_features,resolved,2026,0.6443184703073347,77.83980676840162,9.131839378948133,50.15362522603505,5.883812779736142,2027,0.6241984441236352,64.46151923364467,9.813318148671588,40.236780011486786,6.125457920091038
00-0039868,WR,2025,post-2025-season,served_features,resolved,2026,0.99253269715678,136.89425501098083,13.698990687299208,135.87202415131685,13.596696175190695,2027,0.955194194922488,141.45050121411455,13.384017905164619,135.11269762859857,12.784336207751883
00-0039880,WR,2025,post-2025-season,served_features,resolved,2026,0.964971417907305,87.41070734981335,12.193324123127582,84.34883421162988,11.76620926809777,2027,0.8208831548182385,82.83129205173563,11.545506574336121,67.99481233709963,9.47751186071575
00-0039890,WR,2025,post-2025-season,served_features,resolved,2026,0.9704357698340937,80.47287048000277,11.974704197357646,78.0937520150208,11.620681286298321,2027,0.8614688705317632,95.05624782040184,11.526661729395363,81.88799844682895,9.929860261023924
00-0039893,WR,2025,post-2025-season,served_features,resolved,2026,0.9684796933563965,158.51260709333042,13.076708341963997,153.5162411108716,12.664526485136324,2027,0.9490286168713178,151.97356816983716,12.578188595373422,144.2272652012195,11.937060925413823
00-0039894,WR,2025,post-2025-season,served_features,resolved,2026,0.9686264444470227,129.20565850562366,12.491511051119542,125.15201760073846,12.099607935216612,2027,0.9298018654616431,129.40900020167712,12.291756158007512,120.32472979504553,11.428897805515025
00-0039901,WR,2025,post-2025-season,served_features,resolved,2026,0.9687228078038699,114.6350232109003,12.318037957982142,111.04956155752514,11.932764317291108,2027,0.8916478638366382,107.94367420642706,12.044631239536512,96.24774652083872,10.73956971543277
00-0039915,WR,2025,post-2025-season,served_features,resolved,2026,0.9800077433058879,167.66543804734948,13.671217460325028,164.31342757117613,13.397898971537183,2027,0.9558313547184366,160.37033339922704,12.983740055632268,153.2869930296305,12.41026584668702
00-0039916,WR,2025,post-2025-season,served_features,resolved,2026,0.823106498331906,100.35248473261933,10.925029371209467,82.60078230717235,8.992462669909449,2027,0.7465267651292576,67.99669223497489,10.974484559402818,50.76135069366551,8.192746457091971
00-0039919,WR,2025,post-2025-season,served_features,resolved,2026,0.9783149568752274,142.30799991802053,12.942678574631827,139.2220448027981,12.662016031590866,2027,0.9060431703189898,130.05931473525683,12.756727952412724,117.83935385224741,11.558146236900901
00-0039920,WR,2025,post-2025-season,served_features,resolved,2026,0.8729516599234697,34.69420977290034,10.157687005178824,30.28636801098641,8.867169732153911,2027,0.7043601732368047,32.23252585202232,10.063963746313853,22.703307492990227,7.088655247802547
00-0040009,WR,2025,post-2025-season,served_features,resolved,2026,0.8587345589001133,47.40016717042479,10.040219673877237,40.70416164688636,8.621883612907208,2027,0.7077257589481804,55.509587725621174,9.787395310647469,39.285565102015845,6.926791774353841
00-0040024,WR,2025,post-2025-season,served_features,resolved,2026,0.6888297448491104,36.87317803647084,8.725295373614168,25.39934181863803,6.010242985939771,2027,0.5273394741466887,44.21928906102684,8.74557996795388,23.318576640582318,4.611889541408614
00-0040075,WR,2025,post-2025-season,served_features,resolved,2026,0.8635506198394097,35.344356652996645,10.199364058233021,30.52164109552042,8.807667154454922,2027,0.7238000438615889,37.35164596168961,9.504564416070235,27.035122985373484,6.879404141236933
00-0040124,WR,2025,post-2025-season,served_features,resolved,2026,0.9958331168581604,169.79937567613365,14.393447807845806,169.0918415201339,14.333471992822346,2027,0.9643259219160633,192.39269475833564,13.671004419027703,185.52926274274776,13.183303939897465
00-0040129,WR,2025,post-2025-season,served_features,resolved,2026,0.9922008266033017,152.90465938777535,13.731225848237697,151.712129436047,13.624133636898065,2027,0.9456469541392143,168.35548054048328,13.081531186409679,159.20484738575178,12.370510121905456
00-0040130,WR,2025,post-2025-season,served_features,resolved,2026,0.9848499912171375,124.23498211764586,13.389447077610019,122.35282104742475,13.186596836786553,2027,0.9267387316252532,122.73986635868951,12.424791304745405,113.747788069105,11.514535334468231
00-0040131,WR,2025,post-2025-season,served_features,resolved,2026,0.9506941935184656,74.35059120165602,11.79440261519683,70.6846753400795,11.212870082286633,2027,0.8517632823428414,72.88201669657117,10.993008367746205,62.07822576523723,9.363440890133829
00-0040134,WR,2025,post-2025-season,served_features,resolved,2026,0.946486557354467,91.13179610935215,11.821321757054932,86.25501996506992,11.18872213321438,2027,0.8574074795624397,81.21061403985871,11.260987758784044,69.63058789763333,9.655255131642514
00-0040138,WR,2025,post-2025-season,served_features,resolved,2026,0.9720489609816597,85.84857769923377,12.49867193640766,83.44902075429347,12.149321069435695,2027,0.8983466385570671,85.3452855418515,11.59434756878569,76.66965038321536,10.415743164680928
00-0040154,WR,2025,post-2025-season,served_features,resolved,2026,0.8852312132904218,39.66241783179176,10.027082255101332,35.110410259268676,8.87628619044621,2027,0.7574175579951876,53.67832125218757,9.793360752786315,40.65690300011309,7.417663385941323
00-0040164,WR,2025,post-2025-season,served_features,resolved,2026,0.9404033289415678,71.3490207301432,11.310064712350787,67.09685661134759,10.636022506039234,2027,0.8187213758640253,77.67881676055345,10.706533232066182,63.597307733689824,8.765667618491134
00-0040170,WR,2025,post-2025-season,served_features,resolved,2026,0.9779222849499645,114.01843861193214,12.610408525032478,111.50117201380793,12.331999518952271,2027,0.8949338833506802,121.83526736090383,11.90450939685146,109.03450894836205,10.653748823908941
00-0040184,WR,2025,post-2025-season,served_features,resolved,2026,0.7841624934441491,34.49300448690299,9.275368679613152,27.048120404830073,7.273396231419214,2027,0.5877210759243887,42.648736970240435,8.985412425592608,25.065561578965962,5.280916258393659
00-0040218,WR,2025,post-2025-season,served_features,resolved,2026,0.8739421529792312,51.61877949990523,10.011852612666907,45.11182729030738,8.749780027624857,2027,0.7162185291369608,60.92752783385211,9.784141365963137,43.6374243691128,7.007583337998213
00-0040237,WR,2025,post-2025-season,served_features,resolved,2026,0.957863162457803,95.98761262330945,11.913712277207978,91.94299818413772,11.411706118458788,2027,0.8572344681125248,93.7475365113478,11.311183712845528,80.36361959816473,9.69633655380419
00-0040259,WR,2025,post-2025-season,served_features,resolved,2026,0.8967487820591877,47.45648091877663,10.401513436438984,42.55654146472802,9.327544505698935,2027,0.7581574505597334,52.621673139646674,9.94967422377142,39.89551355174213,7.543419643394435
00-0040277,WR,2025,post-2025-season,served_features,resolved,2026,0.796848842995417,53.10340997928911,9.031283014322407,42.31539080110781,7.196567420726972,2027,0.6384224219008918,67.78852104312871,9.314128668643104,43.2777117814338,5.94634858253166
00-0040432,WR,2025,post-2025-season,served_features,resolved,2026,0.603474975517479,15.499790691651867,7.672805067693191,9.35373580817066,4.630345850376537,2027,0.4357998977272756,35.66464488763083,7.97213841258883,15.542648594509119,3.4742571048738977
00-0040506,WR,2025,post-2025-season,served_features,resolved,2026,0.8769402541827429,37.31354832815835,10.560234982330275,32.721752555355245,9.260695149634206,2027,0.7361645225762519,35.63964754102288,9.618252928470483,26.236644116822998,7.080616575105109
00-0040534,WR,2025,post-2025-season,served_features,resolved,2026,0.7701688643826887,24.587064771401195,9.232477888171845,18.93619175349367,7.110567010571594,2027,0.5971856409341828,32.746720638922426,8.809554887826188,19.55587135324752,5.260939682031345
00-0040563,WR,2025,post-2025-season,served_features,resolved,2026,0.7391517210233979,39.87900723593833,9.452611691263789,29.476636831148355,6.986914199763521,2027,0.6488730164162108,46.042901077557076,9.409067493922285,29.87599610674766,6.1052900064450695
00-0040581,WR,2025,post-2025-season,served_features,resolved,2026,0.8471136673404753,46.48062590943796,9.861405220778767,39.37437347442471,8.353731141704412,2027,0.6580402424735837,56.60063106055074,9.507901153203798,37.24549298724266,6.256581580269094
00-0040582,WR,2025,post-2025-season,served_features,resolved,2026,0.802090179615864,37.72799261727121,9.9545740183532,30.261252374933058,7.984466062380332,2027,0.6235404456580157,33.72944365389907,9.288123271456284,21.031672327749153,5.791520524010438
00-0040590,WR,2025,post-2025-season,served_features,resolved,2026,0.8907083904907102,54.29164994874887,10.468633665593366,48.358028142935154,9.32449984291753,2027,0.7313882036154151,55.36960171387257,9.942177871809822,40.49667353241027,7.271591613687916
00-0040648,WR,2025,post-2025-season,served_features,resolved,2026,0.8886192851299529,92.01309460239308,10.386266715640364,81.76461034817326,9.229436904021364,2027,0.7418060236357386,87.68421094132246,10.435662911736033,65.04467585401973,7.74123760855786
00-0040667,WR,2025,post-2025-season,served_features,resolved,2026,0.9664526645748838,98.64254550061537,12.087447831994576,95.33335093951894,11.68194616514106,2027,0.8840828769170217,102.46802334429128,11.623693582422261,90.59022487022158,10.276308462749794
00-0040669,WR,2025,post-2025-season,served_features,resolved,2026,0.9384354944627465,85.6368695865925,11.449684159126278,80.36467805473568,10.744790015311946,2027,0.8273328015216024,81.28411934158103,10.890855224870332,67.2490181740865,9.010361764158153
00-0040705,WR,2025,post-2025-season,served_features,resolved,2026,0.979948856473278,109.17557777028513,12.634607385068891,106.98648259080035,12.381269058987094,2027,0.8785510585141334,114.60362858236752,11.917820562721014,100.68513920059958,10.470413870560051
00-0040727,WR,2025,post-2025-season,served_features,resolved,2026,0.9550795361131074,85.49256126296532,12.066935873116309,81.65219575215434,11.52488351600254,2027,0.856233300735559,79.21378335554685,11.266444534699719,67.82547918627137,9.646704991500041
00-0040729,WR,2025,post-2025-season,served_features,resolved,2026,0.9123073748077067,64.680980249598,10.944546564437703,59.008935291499874,9.984790544662866,2027,0.7803202460448598,65.51842872333152,10.427994305692076,51.12535642186267,8.137175082372037
00-0040735,WR,2025,post-2025-season,served_features,resolved,2026,0.993504844126149,125.13334564958332,13.351531288666848,124.32058506457281,13.264811011792359,2027,0.947249060042446,148.04027801063643,13.161362562660202,140.23101419399774,12.467088316357714
00-0040782,WR,2025,post-2025-season,served_features,resolved,2026,0.9661964699980844,81.87875779541568,11.757082662253895,79.11096674975876,11.359651765745394,2027,0.8779095238253892,95.94113025786726,11.26882274180331,84.22763197995388,9.893006807329261
00-0030061,TE,2025,post-2025-season,served_features,resolved,2026,0.6861994892885364,103.77349116560285,11.382884587858143,71.20931663952511,7.81092959081861,2027,0.6108140898488345,89.0741828405295,10.553211379335162,54.40776592076669,6.4460502036509695
00-0030506,TE,2025,post-2025-season,served_features,resolved,2026,0.8222031101316846,143.5067223725378,13.783189582838569,117.99167345950478,11.332581342544508,2027,0.47189836181976696,129.58838474385686,12.199927107777594,61.15254647149573,5.757125616480814
00-0031484,TE,2025,post-2025-season,served_features,resolved,2026,0.2773494958795771,0.0,5.086991636893232,0.0,1.4108745660359625,2027,0.18103370572697375,0.0,4.70648311008576,0.0,0.8520320783602376
00-0031610,TE,2025,post-2025-season,served_features,resolved,2026,0.5570041998134105,86.37365926380474,9.95293216350088,48.11049096319174,5.543825015527964,2027,0.35407179572326425,76.21102634495307,9.0956100713062,26.984174951870532,3.2204989911459942
00-0032392,TE,2025,post-2025-season,served_features,resolved,2026,0.931677413953939,54.26726549011565,10.949154934733837,50.55958557418278,10.201080354573831,2027,0.7509741458418846,44.52688392532599,10.002012409052579,33.43853862282243,7.511252725588191
00-0033090,TE,2025,post-2025-season,served_features,resolved,2026,0.9700168301948138,132.22256281390764,14.706964615223665,128.25811126098134,14.26600319784655,2027,0.907229360270887,118.45096595775873,13.379114485847127,107.46219406932606,12.137925475986046
00-0033110,TE,2025,post-2025-season,served_features,resolved,2026,0.8731130704038447,79.34608863017648,11.116174728216553,69.27810706842898,9.705677448098777,2027,0.548120663440753,70.72673637812537,10.548901811135838,38.76678566657732,5.7820710592911375
00-0033217,TE,2025,post-2025-season,served_features,resolved,2026,0.6715048638005049,21.95394372484192,8.499519675072447,14.742179990833923,5.707468801779235,2027,0.4177316476302213,14.38401959416612,7.597432742239235,6.0086602046164,3.1736880971753862
00-0033246,TE,2025,post-2025-season,served_features,resolved,2026,0.7042395077004094,19.392224293168127,8.862862908082407,13.656770489436642,6.241578211204174,2027,0.4100642160354885,13.829303422438969,7.94599512159988,5.670902466239333,3.2583682601606707
00-0033288,TE,2025,post-2025-season,served_features,resolved,2026,0.9528271363926899,153.52248863510079,13.285989409848153,146.28039321806236,12.65925124352922,2027,0.7669164877400275,142.6971598557621,13.141876589455451,109.43680464705832,10.078721836298067
00-0033357,TE,2025,post-2025-season,served_features,resolved,2026,0.6784186085454208,54.27193843452315,10.2575522259364,36.81909295581194,6.958914308201757,2027,0.2029740292018798,47.46341555494243,9.22758773782449,9.633840694869841,1.8729606629600957
00-0033439,TE,2025,post-2025-season,served_features,resolved,2026,0.26283209873886393,0.0,5.988907621524202,0.0,1.5740771593183838,2027,0.17353861628893635,0.0,5.5696864232612535,0.0,0.966555675056033
00-0033455,TE,2025,post-2025-season,served_features,resolved,2026,0.3830029685679686,12.30898336350701,7.1209349364561,4.714377168276925,2.727339219642045,2027,0.22146812400887672,14.001747680664977,6.90253420010921,3.100940791682513,1.5286913002052993
00-0033576,TE,2025,post-2025-season,served_features,resolved,2026,0.5755214853298368,7.472756939552866,7.9568177956202675,4.300732173360311,4.579319596234255,2027,0.2938509532434554,5.401430783080713,7.064761213532678,1.5872155844868112,2.075986817033968
00-0033858,TE,2025,post-2025-season,served_features,resolved,2026,0.9637502754761358,86.8266469428035,13.005887077918185,83.67920490979606,12.534427254155165,2027,0.7664437955216922,80.08004830396261,12.24920534060246,61.37685616764956,9.388327433375931
00-0033881,TE,2025,post-2025-season,served_features,resolved,2026,0.9556739202229806,89.98722857814323,13.256152744119024,85.99844750527558,12.66855946004685,2027,0.7139806909125994,85.76229830834235,11.970764209676672,61.23262500044273,8.546894501176768
00-0033885,TE,2025,post-2025-season,served_features,resolved,2026,0.733167219881213,108.4005214530511,12.076011358760098,79.47570894740727,8.853735675156091,2027,0.45964089068890474,106.87207664256862,11.914548062770802,49.12277649776313,5.476413483727736
00-0034073,TE,2025,post-2025-season,served_features,resolved,2026,0.17183175132353717,0.0,5.882263159927893,0.0,1.0107595805163336,2027,0.14116069794966782,0.0,5.525663942629683,0.0,0.7800065787769194
00-0034159,TE,2025,post-2025-season,served_features,resolved,2026,0.7131175060488709,23.857275617128607,8.380951167116045,17.01304088920729,5.976602994611168,2027,0.5179627358823511,22.531295657725295,8.38868924621122,11.67037154184953,4.345028432434421
00-0034270,TE,2025,post-2025-season,served_features,resolved,2026,0.5788442763484736,26.375125992552505,8.01661036915549,15.26709071875887,4.640369027901479,2027,0.3239621407494376,27.747934883989984,7.936640707874998,8.989280386393393,2.571171114082316
00-0034351,TE,2025,post-2025-season,served_features,resolved,2026,0.9564180943305691,147.43532519771185,14.083264597851436,141.0098127626033,13.469489088630239,2027,0.9051078464396181,134.86693722971205,13.533826024488487,122.06912311189183,12.249572127113233
00-0034365,TE,2025,post-2025-season,served_features,resolved,2026,0.7638317730752906,19.117700728079697,8.361359888164634,14.602707244251889,6.386672348697406,2027,0.5230633965011486,16.24324885737741,8.079298244478831,8.49624891755323,4.225985181102865
00-0034383,TE,2025,post-2025-season,served_features,resolved,2026,0.9794651375044977,127.58322024495283,14.241084743142713,124.96331636048933,13.948646026155481,2027,0.9207616451586091,116.68565428692588,13.170595741937076,107.43967500763858,12.126979403064954
00-0034613,TE,2025,post-2025-season,served_features,resolved,2026,0.34046118808706777,44.72337031935474,9.174043034598425,15.22657179418542,3.1234055911212684,2027,0.16630867365736635,40.50651593789266,8.427892698832606,6.736584940111899,1.4016316564694524
00-0034753,TE,2025,post-2025-season,served_features,resolved,2026,0.8630175243909187,121.32056149847803,13.569850687937032,104.70177064213271,11.711018947057823,2027,0.5957451304479698,113.4422466743247,12.547145330126163,67.58266604330635,7.474900731445647
00-0034798,TE,2025,post-2025-season,served_features,resolved,2026,0.5012242951785209,5.906246269062642,7.782520681997757,2.9603541233616912,3.900788443546587,2027,0.26832690776494533,3.6310274616214713,7.011259058636328,0.9743023707864881,1.8813094627428473
00-0034829,TE,2025,post-2025-season,served_features,resolved,2026,0.8653789015792307,67.32996502995223,10.561241077926674,58.265931180988076,9.139475203329635,2027,0.7141617288294555,59.831315174610594,10.259554868330518,42.72923548323994,7.32698144178758
00-0034981,TE,2025,post-2025-season,served_features,resolved,2026,0.7067711424350009,15.687300888223788,8.031000196141155,11.087331570491532,5.676079183522401,2027,0.4933088169038128,17.335071530801912,8.152402841443273,8.551543627802857,4.021652200635662
00-0035229,TE,2025,post-2025-season,served_features,resolved,2026,0.9123189937789595,106.89397608967457,13.188338949458831,97.52140470716407,12.031972119986142,2027,0.6228751193118095,105.55069278745064,12.450702020796918,65.74490036342748,7.7552325067196675
00-0035249,TE,2025,post-2025-season,served_features,resolved,2026,0.9049847095119051,52.141607941944685,10.216748374846512,47.18735791682445,9.2460010601667,2027,0.7443805184431233,47.759126196069644,9.864977008838059,35.55096311822087,7.343296700268366
00-0035631,TE,2025,post-2025-season,served_features,resolved,2026,0.8408812810708036,29.692583543996843,9.38877745293447,24.967937688777926,7.8948472123122135,2027,0.6039922997699215,25.569938107400723,8.758783670903608,15.444045722463517,5.290237892576306
00-0035644,TE,2025,post-2025-season,served_features,resolved,2026,0.9235946280746632,70.39891065143938,11.109459268855238,65.0200556999776,10.260636901528972,2027,0.8198835864304579,65.33189516099465,10.814947161244413,53.564548512894966,8.86699766561697
00-0035689,TE,2025,post-2025-season,served_features,resolved,2026,0.9747059509910607,82.99150468291452,12.423781345823052,80.89231349613927,12.109533611585459,2027,0.8881001719232914,72.48732647563362,11.342375904451597,64.37600710526998,10.07316599076206
00-0036040,TE,2025,post-2025-season,served_features,resolved,2026,0.9746930998308522,123.56804351896942,13.622531545055372,120.44091937753794,13.277787499193588,2027,0.9354479550349291,112.049098323436,12.972859595742742,104.8160998901659,12.135434979792805
00-0036232,TE,2025,post-2025-season,served_features,resolved,2026,0.5101675563982099,4.587415881317703,7.3582995248141145,2.340350750354193,3.753965687820526,2027,0.40046648330173623,6.150790454549025,7.444314028679795,2.4631854228591354,2.9811982596591777
00-0036244,TE,2025,post-2025-season,served_features,resolved,2026,0.9899649435828488,107.42148043176755,13.182882326202593,106.34349981522085,13.050591358318485,2027,0.969053921724704,97.46206816429799,12.729556986765754,94.44599937401338,12.33562711984346
00-0036290,TE,2025,post-2025-season,served_features,resolved,2026,0.9776555206248968,90.73106000972707,13.520029378986008,88.70372171065847,13.217931361376467,2027,0.8398392538864282,90.80552807752346,12.662580745746853,76.26204694939041,10.634532365784688
00-0036332,TE,2025,post-2025-season,served_features,resolved,2026,0.5956748014679059,1.3296199859160112,7.189716677504547,0.7920211211382797,4.282733054483013,2027,0.4740520822819416,0.0,7.0183798222287255,0.0,3.3270775689730905
00-0036422,TE,2025,post-2025-season,served_features,resolved,2026,0.9158043600964404,42.55865095719325,10.362031383020229,38.97539810642012,9.489593520026075,2027,0.7291525128537055,37.79092376543282,9.66247839815639,27.555347026628162,7.045420404410379
00-0036429,TE,2025,post-2025-season,served_features,resolved,2026,0.6933494313131173,0.6908372595358117,7.19973967144213,0.47899162102906745,4.991935406796891,2027,0.5285345391542018,0.0,7.117989833253533,0.0,3.7621034762229497
00-0036590,TE,2025,post-2025-season,served_features,resolved,2026,0.6115640047726421,22.320298126059754,9.19183567271184,13.650290909692401,5.621395835215685,2027,0.377368384989898,26.4859192011428,8.679024011172492,9.994948553908188,3.2751892743847097
00-0036628,TE,2025,post-2025-season,served_features,resolved,2026,0.7928745900412985,20.627516236456955,8.582605591550363,16.355033479551036,6.80492988988665,2027,0.6139184066020044,17.121492927811815,8.186057356818143,10.511199656889715,5.02557128885041
00-0036637,TE,2025,post-2025-season,served_features,resolved,2026,0.9321133060959859,49.42021974224114,10.994744653891129,46.0652444119305,10.248347789019626,2027,0.8009241166275514,48.68363926981861,10.695872733597023,38.99190077639384,8.566582420716909
00-0036741,TE,2025,post-2025-season,served_features,resolved,2026,0.7186634257211656,10.334314370693988,8.084193270973234,7.426893768122413,5.809814030309619,2027,0.6199417474417988,8.240122052373039,7.847467516761871,5.108395664281843,4.864972725334107
00-0036754,TE,2025,post-2025-season,served_features,resolved,2026,0.7848760517225779,36.70745437423663,8.752693051574134,28.81080185803752,6.869779164259148,2027,0.6605988429656978,34.452595181329,8.820085995316296,22.759344513951515,5.8265386033639
00-0036825,TE,2025,post-2025-season,served_features,resolved,2026,0.36963747891157306,0.6194031847905279,8.038997221707124,0.22895463165576996,2.9715146660089613,2027,0.1984584265415322,4.244617895350586,7.251167412108347,0.8423801887813074,1.4390552751962566
00-0036876,TE,2025,post-2025-season,served_features,resolved,2026,0.8108830285513624,19.49521888113594,9.32218613084718,15.808342128607215,7.559202522500869,2027,0.5832545672795253,19.306282739214538,8.691246274097297,11.260477584836744,5.0692090847184055
00-0036887,TE,2025,post-2025-season,served_features,resolved,2026,0.9072204251237386,31.34793147764452,10.178036388415713,28.439483721898487,9.233722499223383,2027,0.7392074848378107,25.89304540961931,9.272310012196417,19.140332972035914,6.854160962752164
00-0036894,TE,2025,post-2025-season,served_features,resolved,2026,0.9708821662726038,103.97598788775883,13.08234493611516,100.9484323608013,12.701415391500914,2027,0.8960928212285416,98.54013780995379,12.69216048810379,88.30111009437077,11.373353899270349
00-0036970,TE,2025,post-2025-season,served_features,resolved,2026,0.9885911120143677,148.6131256147687,14.726342253752673,146.9176151114351,14.558331064541525,2027,0.9781877696719292,139.75917132634146,14.528978184786244,136.710712090911,14.212068766188171
00-0037004,TE,2025,post-2025-season,served_features,resolved,2026,0.6773000361674546,36.871295822459665,8.420837439136521,24.972929994092848,5.703433502087422,2027,0.587616479036136,36.56592752148032,8.368459083156111,21.48674158286281,4.917444461402165
00-0037005,TE,2025,post-2025-season,served_features,resolved,2026,0.9771817814860257,67.41413823224528,12.058602519022683,65.87586769513064,11.783446691770463,2027,0.9206261672483638,65.24630323260811,11.697913999992478,60.06745407216054,10.769405730614052
00-0037086,TE,2025,post-2025-season,served_features,resolved,2026,0.7896987555824336,27.51224307409297,8.830013809908406,21.726384118892646,6.973050917460372,2027,0.6414771308168834,29.827104054736054,8.645713831411733,19.133405129608715,5.546027702437843
00-0037112,TE,2025,post-2025-season,served_features,resolved,2026,0.9577381957040254,93.32235782073724,11.477608759329389,89.37838659807832,10.992544304156846,2027,0.9101482763639442,88.54807893562902,11.284244053150259,80.59188141860123,10.270335275044795
00-0037252,TE,2025,post-2025-season,served_features,resolved,2026,0.9023547059898956,65.9831870754764,9.95417338256187,59.54023937376778,8.982195195994061,2027,0.8470127157745471,65.00920186871554,10.038325231011964,55.0636206251565,8.5025891157476
00-0037292,TE,2025,post-2025-season,served_features,resolved,2026,0.8272264871151563,16.008087080329858,8.916806621283243,13.242313640894787,7.376218617609303,2027,0.634092449199388,15.207634688866605,8.480774012096623,9.643046326392998,5.377594764436868
00-0037306,TE,2025,post-2025-season,served_features,resolved,2026,0.878102437803319,35.92069133079041,9.90708850614091,31.542046625147606,8.699438568775575,2027,0.6994474480201717,40.67858694658793,9.672168335144594,28.452533828857593,6.765173458838399
00-0037348,TE,2025,post-2025-season,served_features,resolved,2026,0.3518510358313156,16.649238809643506,8.131722522498988,5.858051920976008,2.8611549926341073,2027,0.23090364466894017,20.497699866946064,7.794235462964449,4.732993606607896,1.7997173758063953
00-0037475,TE,2025,post-2025-season,served_features,resolved,2026,0.6106068243520697,11.772910402656734,7.5663393340200304,7.188619434347674,4.6200584327161245,2027,0.4851800507636951,12.328390858745578,7.764006767719416,5.981489302680854,3.7669411976917786
00-0037654,TE,2025,post-2025-season,served_features,resolved,2026,0.2801423525016263,5.342680706393537,7.219861042390203,1.4967111417541359,2.0225888571500352,2027,0.17811560359814804,12.923520375593455,7.286060572678873,2.3018806323117933,1.2977610767553658
00-0037744,TE,2025,post-2025-season,served_features,resolved,2026,0.9917708203316437,220.1062038289213,16.95096559370316,218.29491033149324,16.811473052280448,2027,0.9915692229504979,206.60475668650815,17.0,204.86291804551757,16.856676790158463
00-0037805,TE,2025,post-2025-season,served_features,resolved,2026,0.9461055354179638,46.226601852698366,10.723875597267106,43.73524389640023,10.145918063708033,2027,0.8613737688309546,43.97174020631361,10.31870741797365,37.876103583567975,8.888263898083892
00-0037809,TE,2025,post-2025-season,served_features,resolved,2026,0.9848058813821204,97.64173371519885,13.221494138204505,96.15815363107471,13.020605187963026,2027,0.9415095891461093,92.38487206793845,12.75608804328882,86.9812429440006,12.009979212748453
00-0037838,TE,2025,post-2025-season,served_features,resolved,2026,0.9403152197275471,74.35993721517232,11.504511369806853,69.92178070141136,10.817867136557995,2027,0.8168656383613,75.97522294672784,11.588502277074706,62.061548992020924,9.466249310214009
00-0038041,TE,2025,post-2025-season,served_features,resolved,2026,0.9698945266028589,142.03059546110245,14.576073841805746,137.75469714786811,14.137254238526499,2027,0.9297277718394055,135.49611011116374,13.995400013230983,125.97449654655901,13.011912070302428
00-0038046,TE,2025,post-2025-season,served_features,resolved,2026,0.9334780046184742,36.32880425398906,10.071596251571428,33.91213970518885,9.401613572239802,2027,0.8016017162667873,33.5506011519029,9.697384731800058,26.89421946514782,7.773440244310266
00-0038115,TE,2025,post-2025-season,served_features,resolved,2026,0.9550583545198678,54.82075139746594,10.719761479396299,52.35701662320656,10.237997759357693,2027,0.8675316392894132,52.12867111079083,10.441699989805098,45.22327150272305,9.058505109123866
00-0038129,TE,2025,post-2025-season,served_features,resolved,2026,0.9770858288723897,107.90457309722001,13.156646754137672,105.43202924381858,12.855173098947843,2027,0.9132181913615949,104.86546396647493,13.002644007687108,95.76504933975873,11.8742510436187
00-0038547,TE,2025,post-2025-season,served_features,resolved,2026,0.9178761481350177,34.239210981458804,10.263644955391047,31.427355090843605,9.42075489747974,2027,0.7733737074176819,30.897370707450754,9.799766540790843,23.895214133479673,7.578881781479166
00-0038558,TE,2025,post-2025-season,served_features,resolved,2026,0.974015918477233,63.39820791281463,11.060018316889558,61.75086371001072,10.772633899300203,2027,0.9461844855878252,60.39150938175131,11.121689852535896,57.14150923824469,10.523170391989012
00-0038564,TE,2025,post-2025-season,served_features,resolved,2026,0.861657361343389,14.244407880704962,9.070334816198303,12.273798908387214,7.815520764226503,2027,0.6322872079036512,21.73591527041404,8.838266135652322,13.74334117756043,5.588322617621
00-0038589,TE,2025,post-2025-season,served_features,resolved,2026,0.7824083344360189,18.54131856163464,8.162862772465717,14.5068821740562,6.386691866034685,2027,0.5874648900264658,20.085515884138644,8.410595301707906,11.799535380000341,4.940929443974945
00-0038643,TE,2025,post-2025-season,served_features,resolved,2026,0.35079415962342986,0.0,7.055239449238792,0.0,2.4749367935377924,2027,0.3324391515217661,0.007261147562175552,6.905214431912469,0.002413889734643981,2.2955636268208357
00-0038710,TE,2025,post-2025-season,served_features,resolved,2026,0.5280310362102569,9.16589494331528,8.512147592224247,4.839877004713122,4.494678113496812,2027,0.3078335631064969,17.27662973075202,8.313525699013464,5.318326488489032,2.559182237904745
00-0038720,TE,2025,post-2025-season,served_features,resolved,2026,0.9254208809711998,27.694148271110688,9.364141878411031,25.62874309079828,8.665772426658442,2027,0.8402732688515201,26.71587948905382,9.304413851386979,22.448639388510532,7.818250241652298
00-0038783,TE,2025,post-2025-season,served_features,resolved,2026,0.7637778746010545,15.780784265813892,7.967747599603705,12.053013866081097,6.085589326982971,2027,0.6662132192193811,16.022399243341297,8.223121867187215,10.674334179524582,5.478352491172083
00-0038933,TE,2025,post-2025-season,served_features,resolved,2026,0.9779400663655479,129.86565866618344,13.37701151849317,127.00083085461301,13.081915532167908,2027,0.9413939137221496,123.51037542462282,13.17278746234968,116.2719157062777,12.40078194381143
00-0038935,TE,2025,post-2025-season,served_features,resolved,2026,0.9883199733220867,92.36348288529135,12.03385383078422,91.28467494112616,11.893298097002551,2027,0.9752327667695642,86.28015403812279,12.341076998813737,84.14323333990266,12.03542266646935
00-0038996,TE,2025,post-2025-season,served_features,resolved,2026,0.981766760991442,140.1080603174897,12.217559982525305,137.55343656669544,11.994794291262528,2027,0.9670079578979741,133.96367526300565,13.178505776761147,129.54394004858645,12.743719959332452
00-0039041,TE,2025,post-2025-season,served_features,resolved,2026,0.9777715059371828,58.10802805756167,11.882742158341369,56.81637410088214,11.61860669482469,2027,0.9141709786108487,54.56358133723242,11.269588750427049,49.880442547570404,10.302330976519707
00-0039050,TE,2025,post-2025-season,served_features,resolved,2026,0.8427460861599931,4.6296076065982845,8.15607829016673,3.9015836909172377,6.873503057452501,2027,0.6568146216850419,8.689074379308522,8.411453063348725,5.707111101238717,5.52476536162488
00-0039065,TE,2025,post-2025-season,served_features,resolved,2026,0.9553773698876377,136.20539462028705,13.009197298737673,130.12755167683764,12.42869269961736,2027,0.8465322925139275,139.60114493056366,13.582584875138899,118.1768772556391,11.498096712616329
00-0039066,TE,2025,post-2025-season,served_features,resolved,2026,0.9577500273023056,68.59536296034591,11.403736612324561,65.69721074808285,10.92192905180215,2027,0.9080963269824703,68.36270360723276,11.27457017184418,62.079920048319345,10.23839576135782
00-0039074,TE,2025,post-2025-season,served_features,resolved,2026,0.970823929084402,59.73464335406274,11.499925239049638,57.99182116344665,11.16440260475105,2027,0.9031339660643032,57.62973575956329,11.127074142908658,52.04737181977219,10.049238601376652
00-0039144,TE,2025,post-2025-season,served_features,resolved,2026,0.917687437659574,55.48944592105417,11.101694370727563,50.9219674444417,10.187885460752693,2027,0.7611160544815817,54.97829952968438,10.472956621173836,41.84486642013997,7.971135422264587
00-0039305,TE,2025,post-2025-season,served_features,resolved,2026,0.572041574688861,2.2788766673749734,7.3502652035453915,1.3036121973268835,4.204657281416847,2027,0.36184055146688415,10.806679300041424,7.4964859402480775,3.9102947974527504,2.7125326066831077
00-0039338,TE,2025,post-2025-season,served_features,resolved,2026,0.9933053606486264,166.13563719842608,14.421569408633024,165.02341902397197,14.325022202561424,2027,0.9941812261102319,162.35866805730802,15.643408852925878,161.41393967883863,15.552383393945505
00-0039356,TE,2025,post-2025-season,served_features,resolved,2026,0.969993202303184,64.38069557528746,11.249230707595895,62.44883706757951,10.911677317508255,2027,0.9390956499166094,69.42567119311434,11.49402233664768,65.19734580999454,10.793986376390178
00-0039359,TE,2025,post-2025-season,served_features,resolved,2026,0.7707439531830922,32.27842048325679,8.876469535754104,24.878397405771434,6.841485220296406,2027,0.6616781464849455,36.34121936963102,8.963561181235164,24.046190673500252,5.930992548304092
00-0039458,TE,2025,post-2025-season,served_features,resolved,2026,0.6295934104948175,12.025646034649391,7.606607449600181,7.571267500358389,4.789069926489064,2027,0.40581521845835306,19.514512570773718,7.797393535599755,7.919286182016814,3.1643009610551647
00-0039530,TE,2025,post-2025-season,served_features,resolved,2026,0.8266681610298147,36.27880786364818,10.854304532741267,29.990535380996022,8.972907967338806,2027,0.5499941091123323,37.88569052542468,9.879602708490726,20.836906608636472,5.433723290040142
00-0039648,TE,2025,post-2025-season,served_features,resolved,2026,0.5219767312825504,17.011227991330507,8.990057124084458,8.879465182016924,4.692600631673011,2027,0.345259729484331,21.357135566314952,8.389802922644863,7.3737588481860845,2.896661087499215
00-0039686,TE,2025,post-2025-season,served_features,resolved,2026,0.5822079418328933,8.59829478433717,8.615207096080843,5.005995509661445,5.015841991873365,2027,0.36496271053182816,15.459561066897578,8.166279742015666,5.642163310607262,2.980387589607196
00-0039754,TE,2025,post-2025-season,served_features,resolved,2026,0.6568927272757721,12.841776356021235,7.486559026033326,8.435669493572316,4.91786617652208,2027,0.5169838677536793,21.590102426966027,7.888876742562632,11.161734657890996,4.078422010602076
00-0039793,TE,2025,post-2025-season,served_features,resolved,2026,0.9985322303901144,118.67872685310374,14.592011654162665,118.50453382448885,14.57059394290959,2027,0.9882684270745653,113.33235037522391,14.165083977207365,112.00278364198606,13.99890526153385
00-0039847,TE,2025,post-2025-season,served_features,resolved,2026,0.9803055538837588,105.6078235148793,12.937829985398174,103.527935925212,12.68302658988966,2027,0.9741651037204454,103.13236592799693,12.918344569545225,100.46795195118206,12.584600477487477
00-0039912,TE,2025,post-2025-season,served_features,resolved,2026,0.9096563895115536,38.25886156656615,9.48788004712615,34.802417879464905,8.630710707787483,2027,0.8078248375551322,43.712873154606214,9.663468803271968,35.312344655187864,7.806390116222266
00-0040058,TE,2025,post-2025-season,served_features,resolved,2026,0.614421643609438,0.0,7.241798029227185,0.0,4.449517447805356,2027,0.42280764210421934,10.67024166358631,7.685318975543469,4.51145971846313,3.2494115948683486
00-0040126,TE,2025,post-2025-season,served_features,resolved,2026,0.9974116244433068,136.50374878635245,14.844941934592988,136.15042581959685,14.806517649748958,2027,0.9940476623168077,133.02070736305117,14.759839649667873,132.2289231939692,14.671984099923279
00-0040128,TE,2025,post-2025-season,served_features,resolved,2026,0.9893230910904178,130.0200628146481,14.1936179684009,128.63185044755795,14.042074002254875,2027,0.9854467933377632,124.75058935792447,13.975897031488616,122.93506824976275,13.77250291369922
00-0040187,TE,2025,post-2025-season,served_features,resolved,2026,0.9781268517774736,60.828318714843434,11.964123867504064,59.49781188346659,11.702430812797482,2027,0.9212960906667816,66.30734242873132,11.728070254842299,61.08869536209379,10.805025276851575
00-0040189,TE,2025,post-2025-season,served_features,resolved,2026,0.9901200372782206,108.53813439958945,13.484973957582827,107.46578167783002,13.351742917577743,2027,0.9799306117375313,107.77248315748918,13.367649149940288,105.60955534899115,13.099368608993677
00-0040194,TE,2025,post-2025-season,served_features,resolved,2026,0.9571741464200765,56.75210588996876,11.227473604710582,54.32164851277264,10.746647464042791,2027,0.8363679840624428,58.45236530665772,10.768538045144652,48.88768693521079,9.006460456117352
00-0040509,TE,2025,post-2025-season,served_features,resolved,2026,0.781639967290491,10.891132598631529,8.205509983910359,8.512944528150749,6.4137545554254904,2027,0.6018707220896403,22.709182291446353,8.59491873430225,13.66799194381809,5.173029944916273
00-0040584,TE,2025,post-2025-season,served_features,resolved,2026,0.9859839512428699,85.36528352958567,12.675999428375732,84.16879955346876,12.498332002342265,2027,0.9430128495962978,85.65230530583848,12.32980763667972,80.77122450095085,11.627167034439537
00-0040663,TE,2025,post-2025-season,served_features,resolved,2026,0.989120537525812,138.7172794406489,14.352857361070217,137.2081100044529,14.19670598801308,2027,0.9903990688085511,135.46147067503193,14.456136127717796,134.1609144159885,14.317343759461359
00-0040736,TE,2025,post-2025-season,served_features,resolved,2026,0.97318771489541,85.66276001899372,12.271030047922473,83.36594567451839,11.942015691750585,2027,0.9557311190692537,89.9753129598453,12.489282337851826,85.99220654371926,11.93639578512699
00-0040737,TE,2025,post-2025-season,served_features,resolved,2026,0.9722622887649062,63.6205667783173,11.520063215874053,61.855877868407326,11.200523028982113,2027,0.9211268826907922,69.09832463126313,11.510743316574894,63.64832436675179,10.602855108650504
00-0040739,TE,2025,post-2025-season,served_features,resolved,2026,0.9633632641610875,51.853764657137944,11.213032507942742,49.95401197914124,10.802223597996106,2027,0.888022673818595,58.86021461848186,11.149720835015335,52.26920516704062,9.901204908241215
