player_id,position,feature_season,forecast_cutoff,arm,identity_status,forecast_season_year1,p_appear_year1,e_points_year1_given_appear,e_games_year1_given_appear,e_points_year1,e_games_year1,forecast_season_year2,p_appear_year2,e_points_year2_given_appear,e_games_year2_given_appear,e_points_year2,e_games_year2
00-0023459,QB,2025,post-2025-season,recent_production_3col,resolved,2026,0.8501278032574278,170.4272308482396,10.840714802445142,144.88492737626044,9.215993060742969,2027,0.5355582239329395,175.33854709750514,11.730649650662812,93.90400087052191,6.282445892488533
00-0026158,QB,2025,post-2025-season,recent_production_3col,resolved,2026,0.7876490458573119,123.26420101186413,8.78139789900029,97.08893031535868,6.916659676440982,2027,0.5016300705049284,125.96011878870081,9.371870439131964,63.18538326878514,4.701212029144821
00-0026498,QB,2025,post-2025-season,recent_production_3col,resolved,2026,0.9584251096791132,259.9187407000577,14.352480643547313,249.1126475631098,13.755777834959183,2027,0.8254643716614893,253.83805431822574,14.779224780520867,209.53427001156922,12.19972349709657
00-0027973,QB,2025,post-2025-season,recent_production_3col,resolved,2026,0.4417015907027004,0.0,2.9340178963637538,0.0,1.2959603719740607,2027,0.2780266574883441,0.0,3.1865257992526397,0.0,0.8859391169665856
00-0028118,QB,2025,post-2025-season,recent_production_3col,resolved,2026,0.6977390853860561,59.84648707402418,5.821317782311427,41.75723315459806,4.061760945171559,2027,0.5080579053415873,54.61714910909761,5.758056571054529,27.748674372097277,2.925426160328327
00-0029263,QB,2025,post-2025-season,recent_production_3col,resolved,2026,0.6456675804798124,45.90179424217564,5.333659274177252,29.637300428027732,3.443770878661739,2027,0.44264939889491195,43.774464469199245,5.405054399544392,19.376740384237728,2.392544080952624
00-0029604,QB,2025,post-2025-season,recent_production_3col,resolved,2026,0.7670978856938374,96.33322617584666,7.557620708814907,73.89701412155821,5.797434866607876,2027,0.5405668357322597,95.27984449943978,7.78555514912131,51.50512405012391,4.208612911379508
00-0030565,QB,2025,post-2025-season,recent_production_3col,resolved,2026,0.879837165546712,153.93126766047985,10.21544237947949,135.43445022740883,8.987925867966995,2027,0.6934151295477303,154.86974884697136,10.540838204625395,107.3890269597471,7.309176689201983
00-0032268,QB,2025,post-2025-season,recent_production_3col,resolved,2026,0.8631957650319723,123.19653108128635,8.584696198822176,106.34272389599612,7.410273402909373,2027,0.7328192100088656,115.44601328917497,8.359367859906808,84.6010562572462,6.125905351270409
00-0032950,QB,2025,post-2025-season,recent_production_3col,resolved,2026,0.7998348560068584,88.0405980359159,6.694319625994975,70.4179390528145,5.354350174121578,2027,0.6705521063439916,73.44897081018553,6.193252820839042,49.25136208556827,4.152898724134488
00-0033077,QB,2025,post-2025-season,recent_production_3col,resolved,2026,0.9565056097032076,228.570175124059,13.040278366240592,218.628654717007,12.473099409400506,2027,0.8679875319355342,219.1791325627565,13.001016786723937,190.24475432491832,11.284720473360961
00-0033106,QB,2025,post-2025-season,recent_production_3col,resolved,2026,0.9565005301801504,223.46664623629377,12.900753594061722,213.74596560259508,12.339577652443518,2027,0.8741791493708198,214.8902903433935,12.824618069235676,187.85261122043622,11.211013714770088
00-0033119,QB,2025,post-2025-season,recent_production_3col,resolved,2026,0.9237888190981963,183.62708969981608,11.109375252439346,169.63265234823166,10.26271664536967,2027,0.8022157240065383,175.12920064267502,11.052329047803973,140.49139848824984,8.866352149042557
00-0033319,QB,2025,post-2025-season,recent_production_3col,resolved,2026,0.5660795587005782,0.0,3.146014494091289,0.0,1.7808944964808198,2027,0.4815904486801514,0.0,2.896455701408714,0.0,1.394905400823605
00-0033662,QB,2025,post-2025-season,recent_production_3col,resolved,2026,0.5315662970988163,0.0,3.054829566601992,0.0,1.6238444409866026,2027,0.4239801895525774,0.0,2.936740885682629,0.0,1.245119957378525
00-0033869,QB,2025,post-2025-season,recent_production_3col,resolved,2026,0.7086016059339374,37.17752591943014,4.935763870947395,26.34405457115878,3.497490205464031,2027,0.6028047291454731,29.71404619562079,4.4657971203145,17.911767568767264,2.692003623529816
00-0033873,QB,2025,post-2025-season,recent_production_3col,resolved,2026,0.9587126040987466,220.6749289017576,12.41475867692239,211.56383574670977,11.902185620409773,2027,0.8943545289937838,203.85516166928653,11.978313206006806,182.3187870976864,10.712858665498237
00-0033949,QB,2025,post-2025-season,recent_production_3col,resolved,2026,0.578059220156695,0.0,3.2757249147942487,0.0,1.8935629896938195,2027,0.49231150562100834,0.0,3.005943333155256,0.0,1.4798604881570965
00-0034771,QB,2025,post-2025-season,recent_production_3col,resolved,2026,0.6679716771016401,18.213353840247372,4.6215884716858895,12.166004510315634,3.087090202305629,2027,0.5604885666451234,20.13641479878709,4.393612528052433,11.286230267943827,2.462569588242165
00-0034796,QB,2025,post-2025-season,recent_production_3col,resolved,2026,0.9462834461898904,187.55759756298514,11.240500609941453,177.48264978099814,10.636699654074963,2027,0.8845061533109105,174.21709906987593,10.744058974991777,154.09609613928177,9.50318627491554
00-0034855,QB,2025,post-2025-season,recent_production_3col,resolved,2026,0.95457070656226,214.71604632118493,12.641145067917055,204.96164804706845,12.06686677923761,2027,0.875864908219872,207.70428774758125,12.546857520048032,181.92089692490913,10.98935221024468
00-0034857,QB,2025,post-2025-season,recent_production_3col,resolved,2026,0.9799816022992099,278.4015121314596,14.907435280289594,272.8283599411107,14.609012312149968,2027,0.9381540419546247,260.9209633632761,14.527007631460442,244.784056409952,13.628570926960293
00-0034869,QB,2025,post-2025-season,recent_production_3col,resolved,2026,0.9665183859626277,232.1803208956234,13.695793076102003,224.4065490043229,13.237235818392241,2027,0.9045053060125325,229.69090038813832,13.697277774061089,207.75663814386718,12.389260424565785
00-0035100,QB,2025,post-2025-season,recent_production_3col,resolved,2026,0.7940440217165782,64.7850589766156,6.042663598322764,51.442188776937556,4.798140905492577,2027,0.711013350022854,54.03643185321948,5.408687212649895,38.42062443523924,3.8456488142919745
00-0035228,QB,2025,post-2025-season,recent_production_3col,resolved,2026,0.8776749230965363,109.69058383386056,7.549740951782255,96.27267473079773,6.626218309254261,2027,0.8176102024526235,89.47378303330046,6.622173488116966,73.1546778600589,5.4143566062957085
00-0035289,QB,2025,post-2025-season,recent_production_3col,resolved,2026,0.586451308918303,0.0,3.227974365509665,0.0,1.8930497918078715,2027,0.513684749304291,0.0,2.907010576116581,0.0,1.4932869990173685
00-0035710,QB,2025,post-2025-season,recent_production_3col,resolved,2026,0.9502777617269488,194.11672786120246,11.456467061665432,184.46480966570272,10.88682587665794,2027,0.891607334901482,179.42754116477627,10.926354701177967,159.97891178585212,9.742017995305567
00-0035993,QB,2025,post-2025-season,recent_production_3col,resolved,2026,0.7976758866299687,56.39720527648214,5.823513313662924,44.98669072237024,4.6452761457775,2027,0.7369971452232014,46.90388679466997,5.106450311300141,34.56803066754398,3.763439301652332
00-0036212,QB,2025,post-2025-season,recent_production_3col,resolved,2026,0.9307312012306942,161.35631059005559,10.547172370938636,150.17935278163543,9.816582410390906,2027,0.8608106092763794,156.0295336991099,10.226016471205444,134.31187796864015,8.80266346904865
00-0036264,QB,2025,post-2025-season,recent_production_3col,resolved,2026,0.9632532800288239,216.5431765012474,12.645985581786242,208.5859250326871,12.181287090852813,2027,0.9125404724644122,205.59070657743638,12.249245045135115,187.60984051446613,11.177931860819958
00-0036355,QB,2025,post-2025-season,recent_production_3col,resolved,2026,0.9692091568490747,231.9692126074965,13.29476749997291,224.82668496625544,12.885410399153225,2027,0.9223001218253802,220.70575599465252,12.922694919502437,203.55694564143067,11.918603098569319
00-0036389,QB,2025,post-2025-season,recent_production_3col,resolved,2026,0.9717126786646482,239.00346836569844,13.526377970804798,232.24270045577433,13.143752970641218,2027,0.9276169052520011,226.29362826466854,13.118195649525948,209.9137951291186,12.168660050903524
00-0036442,QB,2025,post-2025-season,recent_production_3col,resolved,2026,0.9087719747435453,143.28430347743722,9.049925074232124,130.21275942094405,8.224318280991053,2027,0.8372898839986274,124.97740709342858,8.324548153838,104.64231868770605,6.970059958068007
00-0036898,QB,2025,post-2025-season,recent_production_3col,resolved,2026,0.8562509633206,90.31119156150554,7.081030966348532,77.32904477317037,6.06313958623893,2027,0.7958867621687792,76.70539455013365,6.293729634131042,61.04880810938459,5.00909610047425
00-0036945,QB,2025,post-2025-season,recent_production_3col,resolved,2026,0.9296907482240151,151.49689550412543,9.546739843815343,140.8452621348458,8.875515708496703,2027,0.8829641733047949,133.65813818636,8.693843065688574,118.01534748917739,7.676351955337336
00-0036971,QB,2025,post-2025-season,recent_production_3col,resolved,2026,0.9793580219277975,260.5998671892603,14.40684017851585,255.2205704451207,14.1094544994612,2027,0.9457084849580992,246.075589765559,13.928578325013603,232.71577318235754,13.172374705368835
00-0036972,QB,2025,post-2025-season,recent_production_3col,resolved,2026,0.9124144950222169,139.4793910007804,9.545125131673533,127.26301810598339,8.709110526939778,2027,0.8404915762394164,132.92911683621978,9.128560153336483,111.7258029377879,7.672477912074109
00-0037012,QB,2025,post-2025-season,recent_production_3col,resolved,2026,0.7360704529511042,17.647000295348477,4.463786796103884,12.989435500625422,3.285661568885344,2027,0.7045074194975967,12.791181886447482,3.7156434971738443,9.011482543145517,2.6176984119669706
00-0037013,QB,2025,post-2025-season,recent_production_3col,resolved,2026,0.6587485812306422,0.0,3.6278093389169026,0.0,2.3898142549867836,2027,0.6203329892007546,0.0,3.0686278098832744,0.0,1.9035710620494566
00-0037834,QB,2025,post-2025-season,recent_production_3col,resolved,2026,0.9522942307332299,186.0423938838875,10.965913727219643,177.1670983674252,10.442776377149597,2027,0.9104352534389585,166.82222099448296,10.14339297910426,151.88083105036205,9.234902557661739
00-0038102,QB,2025,post-2025-season,recent_production_3col,resolved,2026,0.7018977249664172,15.596768947499955,4.620977878374644,10.94733664107708,3.243453859951304,2027,0.6334080763984928,17.353749593485514,4.21721654356111,10.992005148310787,2.671219018612944
00-0038128,QB,2025,post-2025-season,recent_production_3col,resolved,2026,0.857729442339831,84.7983824689777,6.646304175836241,72.73406930643594,5.700730774360909,2027,0.816024303750696,66.36959939397534,5.616517558003739,54.15920613568134,4.583214829773561
00-0038400,QB,2025,post-2025-season,recent_production_3col,resolved,2026,0.7370466677733054,18.05198977403807,4.477121512250918,13.305158909632544,3.299847491820721,2027,0.7054250310701243,13.112897438939164,3.7268992350169468,9.250166083283014,2.6290480086570525
00-0039150,QB,2025,post-2025-season,recent_production_3col,resolved,2026,0.9679236617358828,213.28876696644136,12.765236935710178,206.44724432928933,12.355774877738735,2027,0.9310378803741958,205.16228067518875,12.299841397605203,191.01385493256356,11.451618263765134
00-0039163,QB,2025,post-2025-season,recent_production_3col,resolved,2026,0.96407507662422,203.15141699366797,12.290590722502415,195.8532179044893,11.849052192553444,2027,0.9263136455861796,194.24845788462872,11.77337821742428,179.9349971726039,10.905840897447202
00-0039376,QB,2025,post-2025-season,recent_production_3col,resolved,2026,0.9028649851629923,118.02918370958741,8.473293704029164,106.56441719875673,7.650240194369967,2027,0.8540790781484913,106.83735562041342,7.72912804930419,91.24755020010522,6.60128655924137
00-0039398,QB,2025,post-2025-season,recent_production_3col,resolved,2026,0.7215188391940167,11.719427016346394,4.268615041588216,8.455787376853248,3.079886169772849,2027,0.6908896831375414,8.08243607270552,3.550900425106618,5.584071697250951,2.4532804695548722
00-0039732,QB,2025,post-2025-season,recent_production_3col,resolved,2026,0.9781992628702301,251.01426222896256,14.119738209097147,245.5419662822858,13.811917508059452,2027,0.9460320095964726,238.22627584048584,13.627610758407322,225.36968247205843,12.892155991774588
00-0039851,QB,2025,post-2025-season,recent_production_3col,resolved,2026,0.9882422563181839,293.4369372959294,15.9961685192044,289.9867810004267,15.808089669864458,2027,0.96863668310523,280.03934330585344,15.47169153376538,271.2563806387487,14.986447969293767
00-0039910,QB,2025,post-2025-season,recent_production_3col,resolved,2026,0.9250391491655712,139.45224311677302,8.896945055647368,128.9987843219701,8.230022484448877,2027,0.8887965627728439,118.13357718575784,7.835093641982115,104.99671735076203,6.963804297997068
00-0039917,QB,2025,post-2025-season,recent_production_3col,resolved,2026,0.9201458559601228,135.32509801160313,9.042780369379228,124.51882814277407,8.320676883241845,2027,0.8760315949529016,120.57688446824017,8.209827641229818,105.62916041516418,7.192068402834976
00-0039918,QB,2025,post-2025-season,recent_production_3col,resolved,2026,0.9827750566482889,265.95567210887157,14.781077715615076,261.37460072273,14.526474489286368,2027,0.9568229066876569,252.72164705325085,14.253033540267921,241.8098609163836,13.637628981115817
00-0039923,QB,2025,post-2025-season,recent_production_3col,resolved,2026,0.9393138033502081,144.49452881673068,9.571100089536095,135.72570542613954,8.990266427347667,2027,0.9128072299083835,130.0177091745838,8.605715654913743,118.68110495068566,7.855359468341024
00-0040206,QB,2025,post-2025-season,recent_production_3col,resolved,2026,0.8269259241631517,51.49137132435354,5.776041152143565,42.57954981881905,4.776358167740713,2027,0.8053294483318119,42.06798705241815,4.831871952293017,33.87858880535371,3.8912487737500903
00-0040234,QB,2025,post-2025-season,recent_production_3col,resolved,2026,0.8512333039936606,60.21742329760245,5.951007258955558,51.259076191602965,5.065695571130997,2027,0.8408852080199972,45.904173174309236,4.795114989600802,38.600140208664996,4.032141265510277
00-0040398,QB,2025,post-2025-season,recent_production_3col,resolved,2026,0.8065400795181574,45.61210532265028,5.553945536489094,36.787991053920926,4.479479674639429,2027,0.7764599129490333,37.63231638517242,4.703029505343091,29.219985104501458,3.651713880315431
00-0040494,QB,2025,post-2025-season,recent_production_3col,resolved,2026,0.7621496431623173,25.816484155370514,5.183879347246443,19.676024186721254,3.9508917947003828,2027,0.721383566599158,27.628899250677698,4.642294762225733,19.931033882662682,3.3488751527789895
00-0040668,QB,2025,post-2025-season,recent_production_3col,resolved,2026,0.906457026595312,110.49957673260559,8.141539107303888,100.16311776507818,7.379955331116133,2027,0.8749554321841998,97.52567015725458,7.206024928559446,85.3306148814944,6.304950655697848
00-0040676,QB,2025,post-2025-season,recent_production_3col,resolved,2026,0.9614041529181363,192.75665494399914,12.117709394379089,185.31704856576897,11.650016135611171,2027,0.9234246190939079,188.61728018870923,11.69464120207276,174.17384011278773,10.79911959746396
00-0040691,QB,2025,post-2025-season,recent_production_3col,resolved,2026,0.9727652035104781,214.58916420144456,12.442493742436373,208.74487198556162,12.103624957538969,2027,0.9505298251259077,197.14314526770642,11.532709276149099,187.3904393960844,10.962184131485936
00-0040704,QB,2025,post-2025-season,recent_production_3col,resolved,2026,0.8769713333787785,97.35876987288503,7.933561008299682,85.38085023154164,6.957505575890458,2027,0.8179761997797588,93.27810620408847,7.3993612995281755,76.29927083547302,6.052501436585474
00-0040743,QB,2025,post-2025-season,recent_production_3col,resolved,2026,0.9338807249640964,158.19518344837238,10.049014236779012,147.73543260459422,9.38458070061771,2027,0.8824254673543659,144.70095325290583,9.36944472410746,127.68780630081768,8.267836639521423
00-0031687,RB,2025,post-2025-season,recent_production_3col,resolved,2026,0.47036760904021435,3.815312169957082,8.663116594968908,1.7945992631247445,4.074849439612128,2027,0.15616347731786057,0.0,7.713476851471814,0.0,1.2045633673366611
00-0032104,RB,2025,post-2025-season,recent_production_3col,resolved,2026,0.5725592983821861,15.70202162393852,9.284720163077571,8.990338484184154,5.3160528622466305,2027,0.22763975090340607,5.548050807640834,8.240991338479022,1.2629569038508004,1.8759772154884915
00-0032764,RB,2025,post-2025-season,recent_production_3col,resolved,2026,0.9348249642617172,165.2461192569055,13.346898931529797,154.47619752872416,12.477014316672093,2027,0.7449712885019029,132.92715201017037,11.971554852377118,99.02691170990494,8.918464643746589
00-0033280,RB,2025,post-2025-season,recent_production_3col,resolved,2026,0.9862294234902492,255.56589925054757,15.719934307534096,252.04660948163465,15.503461749423941,2027,0.9390359570218103,212.57740058480368,14.319617640546637,199.61782279935986,13.446635855277108
00-0033293,RB,2025,post-2025-season,recent_production_3col,resolved,2026,0.7627437233023089,85.74845295052772,10.158150065289535,65.40409427089837,7.748065202662532,2027,0.4191499551998625,68.52844319827734,9.546390894912468,28.72369389647427,4.001369315922936
00-0033376,RB,2025,post-2025-season,recent_production_3col,resolved,2026,0.27665570041702386,0.0,5.643325967941975,0.0,1.5612582983425665,2027,0.08976139260096676,0.0,6.09327992782259,0.0,0.5469412918288739
00-0033526,RB,2025,post-2025-season,recent_production_3col,resolved,2026,0.7809200646872374,52.748312973226206,10.753274949604302,41.19221597919445,8.39744816924464,2027,0.4638190426937046,39.227909998981005,9.553919806885084,18.194651662602173,4.4312899388018625
00-0033854,RB,2025,post-2025-season,recent_production_3col,resolved,2026,0.6248396148416929,11.240340148777207,9.62875973752111,7.023409809251567,6.01643052579589,2027,0.2816859200034728,2.554072752958348,8.450847249817588,0.7194463331728748,2.3804846823736856
00-0033906,RB,2025,post-2025-season,recent_production_3col,resolved,2026,0.7586894071035112,79.79980078754049,9.741330733573522,60.5432635464774,7.390644438654107,2027,0.43373737371539334,65.93168515009188,9.375162562781938,28.59703596163105,4.066358388135914
00-0033923,RB,2025,post-2025-season,recent_production_3col,resolved,2026,0.8760279314659456,91.83618041356029,12.15252420948434,80.45105916142461,10.645950645324392,2027,0.621160488494218,71.27699506578583,10.665610955830948,44.27445307346349,6.625056111413235
00-0033955,RB,2025,post-2025-season,recent_production_3col,resolved,2026,0.7928308409071877,49.34232784813828,11.063254436081047,39.12011928015762,8.77128931772831,2027,0.4805976171200423,35.448667714113355,9.663835346794245,17.036545233483054,4.644416239909752
00-0034367,RB,2025,post-2025-season,recent_production_3col,resolved,2026,0.32253772396504365,0.0,5.39630828682118,0.0,1.7405129926450071,2027,0.12447331302782438,0.0,6.177341624957863,0.0,0.7689141777631895
00-0034791,RB,2025,post-2025-season,recent_production_3col,resolved,2026,0.832974955903742,62.337110703900606,11.651687177050565,51.925252039748294,9.705563612507891,2027,0.5424109310201454,45.82186240024987,10.092427178409993,24.854279045596524,5.474242822094383
00-0034844,RB,2025,post-2025-season,recent_production_3col,resolved,2026,0.9560956270931461,160.14507829122488,13.416244440038154,153.11400905472962,12.827212641133213,2027,0.8462428300067781,133.61411232528684,12.23379817607178,113.06998454299428,10.352763990250743
00-0034975,RB,2025,post-2025-season,recent_production_3col,resolved,2026,0.7526054060338878,59.46472644392235,9.132241601089593,44.75347459002225,6.872974398187595,2027,0.46621697735919665,52.616933843479615,9.044850983284455,24.530907854415883,4.216863086091236
00-0035243,RB,2025,post-2025-season,recent_production_3col,resolved,2026,0.5623592764114799,43.0282489311331,6.646342990755295,24.197334934165042,3.737632635063659,2027,0.27992670527581703,43.47472197286115,7.668906174498152,12.16973568464519,2.1467316384966377
00-0035250,RB,2025,post-2025-season,recent_production_3col,resolved,2026,0.8933176257180097,79.23996765333706,12.042632461103874,70.78645976605095,10.757895837547945,2027,0.693313163509116,63.80003530939649,10.66176565489368,44.233404312350984,7.391942474787179
00-0035261,RB,2025,post-2025-season,recent_production_3col,resolved,2026,0.9341501001752465,123.86527939486547,12.800283767536108,115.70876315494847,11.957386363715436,2027,0.7869158757450941,102.3077998525452,11.528860956689623,80.50763191651941,9.072243716076839
00-0035291,RB,2025,post-2025-season,recent_production_3col,resolved,2026,0.5246899053295279,11.330905974185242,6.843796564720327,5.945211982893037,3.5908709716376563,2027,0.25277778861842604,14.442324160541176,7.405200245489208,3.6506987638120645,1.8718701423313877
00-0035537,RB,2025,post-2025-season,recent_production_3col,resolved,2026,0.8876433484128191,74.31379687667484,11.958995628575641,65.96414749288175,10.615322923403149,2027,0.6816744649475079,59.54917818450346,10.566047342357763,40.59315417698521,7.202604668711766
00-0035567,RB,2025,post-2025-season,recent_production_3col,resolved,2026,0.3588495623046247,0.0,5.836691534681529,0.0,2.0944942025275752,2027,0.14198079872189537,0.0,6.436497967162608,0.0,0.913859122349603
00-0035594,RB,2025,post-2025-season,recent_production_3col,resolved,2026,0.5665203715802642,0.0,7.325279426918377,0.0,4.1499200228670645,2027,0.30096361466620286,0.0,7.527512356230724,0.0,2.2655073281757043
00-0035628,RB,2025,post-2025-season,recent_production_3col,resolved,2026,0.47168696775780355,0.0,7.131495676016183,0.0,3.3638335709979605,2027,0.20414256539973327,0.0,7.183815725328027,0.0,1.466522571527409
00-0035685,RB,2025,post-2025-season,recent_production_3col,resolved,2026,0.9257384999896947,112.92338477564394,12.614511603049866,104.53752483596375,11.677739049509983,2027,0.7660424123570949,92.86589602690043,11.316253693080435,71.13921501814995,8.668730277892221
00-0035700,RB,2025,post-2025-season,recent_production_3col,resolved,2026,0.9615030654099214,167.68533105058168,13.22844057147337,161.22995982941177,12.719186160064618,2027,0.8714034447405137,142.6571065706671,12.324666972859506,124.31189408239389,10.739757255429412
00-0036139,RB,2025,post-2025-season,recent_production_3col,resolved,2026,0.9589785052645106,143.24724808535416,13.549142311150145,137.37103185214744,12.993336241162902,2027,0.8646234833156305,119.8888190493354,12.202012612740292,103.6586883370337,10.55014664868877
00-0036158,RB,2025,post-2025-season,recent_production_3col,resolved,2026,0.8713344304006958,113.7237476465679,10.105438389355255,99.09141687865471,8.805216402938186,2027,0.6662438278134659,101.13399055117596,10.219587918330863,67.37989698686636,6.808737373385004
00-0036187,RB,2025,post-2025-season,recent_production_3col,resolved,2026,0.6343980509314823,2.520594845411239,8.53324712107635,1.5990604571168308,5.413475341727519,2027,0.3414564046571615,2.638925476791485,8.114489750611044,0.9010780054634061,2.770744495871034
00-0036223,RB,2025,post-2025-season,recent_production_3col,resolved,2026,0.9863594264500641,234.7710657530799,14.787216608775235,231.5686537632782,14.585510493024403,2027,0.9519312623468947,201.40232872141542,13.924730055917493,191.72117301938124,13.255385859969286
00-0036265,RB,2025,post-2025-season,recent_production_3col,resolved,2026,0.5383784448910403,2.5021000970432397,6.745884317741081,1.3470767592078603,3.631838708400299,2027,0.27866466213488333,8.52007062210734,7.354104657992319,2.3742426012748874,2.0493290898240013
00-0036275,RB,2025,post-2025-season,recent_production_3col,resolved,2026,0.9730291955866778,166.49328748736838,13.99579877374362,162.00282959441554,13.618320822408766,2027,0.9121155144951314,141.64436856853843,12.774149593532812,129.19602611223044,11.651500028742953
00-0036328,RB,2025,post-2025-season,recent_production_3col,resolved,2026,0.5916269339326103,30.280315139667515,6.84969806019777,17.914650004594694,4.0524658617189555,2027,0.32073782786682487,33.33042853238331,7.7177554693546,10.690329249347066,2.475376125248102
00-0036414,RB,2025,post-2025-season,recent_production_3col,resolved,2026,0.5257491919540761,3.564121205490949,6.08028611813849,1.873833843813254,3.1967055134608975,2027,0.2851341795227854,12.813087356466951,7.143001936012053,3.6534491505399798,2.0367139963544645
00-0036425,RB,2025,post-2025-season,recent_production_3col,resolved,2026,0.46991992310236047,0.0,6.143803193659481,0.0,2.8870955243205,2027,0.23011945950600213,0.0,6.90989291155147,0.0,1.5901008220505797
00-0036555,RB,2025,post-2025-season,recent_production_3col,resolved,2026,0.9376629353772383,111.27792575551032,12.322735916992272,104.3411865066022,11.554572731805498,2027,0.8209684391362524,95.67865796764139,11.349092016786562,78.5491584903459,9.317246358634966
00-0036755,RB,2025,post-2025-season,recent_production_3col,resolved,2026,0.6816598599855149,31.033131618399167,7.650076216707042,21.15404015391003,5.21474988275904,2027,0.424903530293306,33.99593567055463,8.205027831750915,14.444993082042792,3.486345291865794
00-0036842,RB,2025,post-2025-season,recent_production_3col,resolved,2026,0.6661285198264032,10.27416133666118,8.349064906262354,6.843911883647772,5.56155024794311,2027,0.39020002493449324,11.86599092842215,8.20950335507663,4.630109956142793,3.2033484138507067
00-0036875,RB,2025,post-2025-season,recent_production_3col,resolved,2026,0.9619954869950377,149.9796814801258,13.663445982272064,144.27977672483425,13.144173371746206,2027,0.8730584865399262,125.69832378668922,12.332827639872711,109.7419883258125,10.76727983402504
00-0036906,RB,2025,post-2025-season,recent_production_3col,resolved,2026,0.49607112479773613,0.0,6.2943494922103005,0.0,3.122445032470823,2027,0.24784884574664506,5.104737223093522,7.082185874116119,1.2652032285836636,1.7553115942628745
00-0036919,RB,2025,post-2025-season,recent_production_3col,resolved,2026,0.968741516997113,153.6305082371948,13.77741371103101,148.82825160673755,13.346752658721003,2027,0.9000950603057194,130.5449082979844,12.524218444133474,117.50282710707887,11.272987155754322
00-0036924,RB,2025,post-2025-season,recent_production_3col,resolved,2026,0.8909320355840085,87.85392408830697,10.821622227419223,78.27187542203828,9.64132991939576,2027,0.7213060621171069,77.98630054932096,10.36566295190995,56.25199134831187,7.476815525075352
00-0036973,RB,2025,post-2025-season,recent_production_3col,resolved,2026,0.9766840332805857,179.13712581413475,14.21046664389942,174.96037055044084,13.879135876562914,2027,0.922642021367631,152.55490185576392,13.019826595708329,140.75356301774258,12.012639128120375
00-0036997,RB,2025,post-2025-season,recent_production_3col,resolved,2026,0.9741748073288188,175.62328162337178,13.467179119859491,171.0877765379031,13.119386624351812,2027,0.9213210717778721,152.8993446385562,12.719812196750256,140.86938807652882,11.719031005923197
00-0037085,RB,2025,post-2025-season,recent_production_3col,resolved,2026,0.8993152828918165,48.31992407832679,11.989444091205222,43.454846191811555,10.782290304597842,2027,0.7388688919791775,39.67102931693768,10.477973629476786,29.31168947507921,7.7418487657985535
00-0037120,RB,2025,post-2025-season,recent_production_3col,resolved,2026,0.7397573456268542,13.273625705847408,8.503957530038921,9.819262119002058,6.290865049745092,2027,0.5115540062298896,17.846744728605955,8.508690970650125,9.12957376408054,4.352654953808159
00-0037157,RB,2025,post-2025-season,recent_production_3col,resolved,2026,0.9159596508652643,94.71946530191425,10.674346830423765,86.7592083680859,9.777270996009692,2027,0.7992119651226437,88.14331579020377,10.56387487253357,70.4451926251145,8.44277519618727
00-0037197,RB,2025,post-2025-season,recent_production_3col,resolved,2026,0.8803287455977957,78.98681669031498,10.671075928868403,69.53436525574803,9.394054886639553,2027,0.7012863361255329,70.33475772451351,10.193369989345303,49.324804546901106,7.14847109259993
00-0037228,RB,2025,post-2025-season,recent_production_3col,resolved,2026,0.9575372560820163,149.61626053821516,13.289469286147204,143.26314358101462,12.725161955043626,2027,0.8605051911078525,126.22489632806641,12.149670386601713,108.61717853735165,10.454854437920122
00-0037248,RB,2025,post-2025-season,recent_production_3col,resolved,2026,0.9832894917947352,198.48536837458767,14.906768817210487,195.1685769977391,14.657669134576507,2027,0.9424794831052135,168.41057993069273,13.571869779148702,158.72351632252852,12.791208814223337
00-0037256,RB,2025,post-2025-season,recent_production_3col,resolved,2026,0.9415610234909098,107.67585971519449,12.629386329546815,101.38339267870214,11.891337918510203,2027,0.8303478872995853,91.73021489917505,11.455197592490862,76.16799014306694,9.511799119524083
00-0037258,RB,2025,post-2025-season,recent_production_3col,resolved,2026,0.5829204494095028,0.2744353052168407,6.444223906035173,0.15997395145083484,3.756469895401485,2027,0.3496283802138713,10.83043959578373,7.375630390937459,3.7866290528780406,2.5787297066396664
00-0037263,RB,2025,post-2025-season,recent_production_3col,resolved,2026,0.9454626956976238,100.39251917975042,12.557713088850935,94.91738181156224,11.872849268782339,2027,0.8504135564850386,87.14156359600176,11.434131279515045,74.10636701534303,9.723740246729214
00-0037267,RB,2025,post-2025-season,recent_production_3col,resolved,2026,0.8326187089424945,45.867791622601246,10.108779070178587,38.190381442853614,8.416758578397005,2027,0.6199167345278841,41.75591828484798,9.549848411219223,25.885192510356127,5.920110842319323
00-0037525,RB,2025,post-2025-season,recent_production_3col,resolved,2026,0.9303148470970756,101.17927566335277,12.151280410309393,94.12858236814489,11.304516576950673,2027,0.8040591103680766,86.96440086161067,11.152869476087934,69.92451879047947,8.967566308994542
00-0037557,RB,2025,post-2025-season,recent_production_3col,resolved,2026,0.6652701433101088,5.884468066934858,7.958713675183812,3.914760914193512,5.294694587253658,2027,0.40861803869543856,10.614478877437705,8.068566484882972,4.337267540672755,3.2969618121366286
00-0037563,RB,2025,post-2025-season,recent_production_3col,resolved,2026,0.7381550473323756,39.53561575003479,8.845867691480061,29.183414315281546,6.529621884500396,2027,0.46887523156081057,37.11608225028681,8.77807013153997,17.402811659733317,4.115819665582838
00-0037594,RB,2025,post-2025-season,recent_production_3col,resolved,2026,0.8691127793561557,28.577083940004364,10.970619668891725,24.836708848991353,9.534705751689796,2027,0.6991493590838062,26.01125946049902,9.862620567553167,18.18575538077048,6.895444848691561
00-0037617,RB,2025,post-2025-season,recent_production_3col,resolved,2026,0.7621130788219134,18.040906683116674,9.268525981466587,13.74921093700888,7.063664871876397,2027,0.5195833927798111,18.58390892536977,8.833060362464558,9.655890450554638,4.589511471758203
00-0037746,RB,2025,post-2025-season,recent_production_3col,resolved,2026,0.9232308907580695,64.07868781555098,12.624803870755951,59.159424030559386,11.65560892324394,2027,0.7888814802699831,52.429299217821665,10.960271188695081,41.36050317647302,8.646354959498222
00-0037840,RB,2025,post-2025-season,recent_production_3col,resolved,2026,0.9868269568480543,196.02276062050055,15.284748789094802,193.44054433608318,15.083402133729408,2027,0.9570545778970972,167.14162870834684,13.820568834968297,159.96366091250025,13.22703867264836
00-0038040,RB,2025,post-2025-season,recent_production_3col,resolved,2026,0.5656878528049063,7.7895956419155965,6.519832997673557,4.4064796328936895,3.68819032910053,2027,0.3169385081558175,15.619131234246098,7.401201095091437,4.95030415207189,2.345725633639483
00-0038120,RB,2025,post-2025-season,recent_production_3col,resolved,2026,0.9730061867023695,158.29272601417358,13.224923639408603,154.019801721774,12.867932519810987,2027,0.9241200569578422,139.64082017874446,12.503522754868465,129.04488269722114,11.554756160402722
00-0038134,RB,2025,post-2025-season,recent_production_3col,resolved,2026,0.9820503555571024,169.42143842652456,14.833109893442344,166.3803838457642,14.566860844872627,2027,0.9432874048151836,144.18700023392444,13.303689947274352,136.00978125874485,12.549203164830269
00-0038397,RB,2025,post-2025-season,recent_production_3col,resolved,2026,0.627560211031431,6.683845452628418,6.920849781324423,4.19451546275296,4.343249949284789,2027,0.3904557811143396,15.521030132265466,7.676264668574435,6.060275943992914,2.997241917208638
00-0038440,RB,2025,post-2025-season,recent_production_3col,resolved,2026,0.7917380538210199,41.9468529394798,9.306596104657144,33.21091971022026,7.368386287599533,2027,0.5588507430881852,40.05283550777526,9.12147077906376,22.38355688630905,5.097540722936949
00-0038454,RB,2025,post-2025-season,recent_production_3col,resolved,2026,0.912170620447857,67.73363484518288,10.63597000851797,61.784631721919055,9.701819361734636,2027,0.805218167932771,65.71295529541968,10.336073701004159,52.91326547242591,8.322794329140665
00-0038488,RB,2025,post-2025-season,recent_production_3col,resolved,2026,0.7318030285346478,8.516904270314797,9.422649625559831,6.2326963387560435,6.89552353280555,2027,0.46221308071571565,7.829111185822995,8.70364617658455,3.6187176004651165,4.022939112738705
00-0038542,RB,2025,post-2025-season,recent_production_3col,resolved,2026,0.9931023356426932,252.6201851116139,15.246211360591596,250.87769586483327,15.141048111905679,2027,0.9796022904868315,221.89328223015124,14.632908106250069,217.3671675162971,14.334430297365891
00-0038551,RB,2025,post-2025-season,recent_production_3col,resolved,2026,0.8202820710159343,54.65290817245177,8.207045543770764,44.830800702742415,6.732092315566377,2027,0.6562556145001038,59.46646466845087,9.025333048196993,39.02520131314294,5.922925485612613
00-0038555,RB,2025,post-2025-season,recent_production_3col,resolved,2026,0.9364066645199443,69.02776163876518,11.761361311964185,64.63805603543386,11.013417116350299,2027,0.8516784734685522,64.30915455268214,10.889506654180963,54.77072257948152,9.274358404058484
00-0038597,RB,2025,post-2025-season,recent_production_3col,resolved,2026,0.9810249939165274,192.88861988037291,14.128117614910469,189.2285571447102,13.860036497219527,2027,0.9402007745508159,166.95765737634633,13.231383359601184,156.97371878243055,12.440156883075808
00-0038611,RB,2025,post-2025-season,recent_production_3col,resolved,2026,0.8764921724609865,85.36524063083375,10.411562692685777,74.82196521317435,9.125653203225916,2027,0.6939799282798856,76.67895629890796,10.141210633788742,53.21365659289263,7.037796628307924
00-0038685,RB,2025,post-2025-season,recent_production_3col,resolved,2026,0.9162680590022763,52.025486066247545,12.104341118103367,47.66929113657061,11.090821141786014,2027,0.7876311049017699,44.564845574065004,10.670427970543503,35.10065855927757,8.40436097221393
00-0038705,RB,2025,post-2025-season,recent_production_3col,resolved,2026,0.8365480068212312,57.696581435247595,9.941802483318867,48.265960200055225,8.316795051630764,2027,0.6258603935552163,52.80330878075873,9.60359277837868,33.04749961454326,6.010508355820114
00-0038738,RB,2025,post-2025-season,recent_production_3col,resolved,2026,0.867421951486218,46.164466315226825,10.533606310327968,40.04407146047383,9.137081341892227,2027,0.6957411233807704,42.86798793651822,9.852161901369952,29.8250220840265,6.854554188988358
00-0038794,RB,2025,post-2025-season,recent_production_3col,resolved,2026,0.802319939575941,43.42179085902023,9.015814945111709,34.83816861828826,7.233568101989892,2027,0.5933393282220145,43.861990332951336,9.094487043369929,26.02504387863384,5.3961168328369284
00-0038797,RB,2025,post-2025-season,recent_production_3col,resolved,2026,0.9282520572592623,79.68321135640963,12.521931924968307,73.96610487061184,11.623509070212265,2027,0.7997967661305582,66.73481967875668,11.087380219288782,53.374292967375524,8.867650844247088
00-0038896,RB,2025,post-2025-season,recent_production_3col,resolved,2026,0.7581322543539887,12.129573995710231,8.852340262118213,9.195821277721317,6.71124467922826,2027,0.5345521474013841,16.01935434025168,8.662557169065362,8.563180262565218,4.630588536711144
00-0038951,RB,2025,post-2025-season,recent_production_3col,resolved,2026,0.9451429051634843,86.38640440792027,12.371900170822409,81.64749722872939,11.693213669843699,2027,0.8598043843565961,76.75174256944506,11.282437622372566,65.99148476821766,9.700689333945743
00-0039021,RB,2025,post-2025-season,recent_production_3col,resolved,2026,0.6549239782102444,3.273827429814844,6.914938050126233,2.1441080843081575,4.528758736866063,2027,0.43707409474622066,14.274719431213967,7.730459224867053,6.239110073154131,3.378783467681338
00-0039032,RB,2025,post-2025-season,recent_production_3col,resolved,2026,0.9330381325738251,106.09420296805895,11.235274343833138,98.98993701422609,10.48293939272468,2027,0.8335862955368584,97.1185523159046,10.960988300575334,80.95669425291749,9.136929632899438
00-0039040,RB,2025,post-2025-season,recent_production_3col,resolved,2026,0.9881364007974593,229.1926389172846,14.428666751571201,226.4735893089973,14.257490832203537,2027,0.9637164183673144,200.8212813487675,13.881148568041635,193.53476599336898,13.37749078081766
00-0039139,RB,2025,post-2025-season,recent_production_3col,resolved,2026,0.992917002550629,250.35994204938063,15.207836813902173,248.5866432184202,15.100119744538853,2027,0.9790996265935625,219.94288896108267,14.588990292263,215.34600045370544,14.284074947531812
00-0039165,RB,2025,post-2025-season,recent_production_3col,resolved,2026,0.9700109086620345,139.70495869649966,13.277145887598582,135.51533392978365,12.878976346867896,2027,0.9168312916882471,122.7610196859344,12.31844759334954,112.55114424762156,11.293938218604636
00-0039299,RB,2025,post-2025-season,recent_production_3col,resolved,2026,0.7942148977856026,33.80465316843579,9.536163845556935,26.84815916084698,7.57376339386576,2027,0.5626047250188053,32.186651725027474,9.13935896257949,18.10836234303514,5.1418465359901875
00-0039361,RB,2025,post-2025-season,recent_production_3col,resolved,2026,0.9533137263074074,153.22063766624353,10.983954098100376,146.06733704080372,10.471154210849589,2027,0.8854454740698192,142.00132660081618,11.468847674722081,125.73443195060291,10.155039266378838
00-0039363,RB,2025,post-2025-season,recent_production_3col,resolved,2026,0.6328024940225816,0.0,7.161062210000534,0.0,4.531538026339198,2027,0.39573675947652515,8.19586452904953,7.706335182776553,3.2434048698346576,3.049680112671928
00-0039364,RB,2025,post-2025-season,recent_production_3col,resolved,2026,0.7123616435786241,6.96281121855732,7.713182871085741,4.960039643579175,5.494575627269129,2027,0.49927484829788926,15.77764529937565,8.15432984090777,7.877381463343683,4.071251794290179
00-0039373,RB,2025,post-2025-season,recent_production_3col,resolved,2026,0.8809144894104021,100.88322371167621,8.308317444325855,88.86949350604661,7.318917219327847,2027,0.7641130969304714,102.73579280272259,9.691876091873421,78.50176480409559,7.405689455627794
00-0039384,RB,2025,post-2025-season,recent_production_3col,resolved,2026,0.9401908492500035,124.42951873376168,12.178217964200549,116.98749489006462,11.449849090113362,2027,0.8267510393895378,107.86751259792243,11.42853920517762,89.17957815669642,9.448556666584679
00-0039391,RB,2025,post-2025-season,recent_production_3col,resolved,2026,0.9437525052641839,112.4011198919854,11.710160082826564,106.07883849256112,11.051492915212211,2027,0.8563635429125981,101.7207001107402,11.259631076325116,87.10989913438338,9.642337560410565
00-0039405,RB,2025,post-2025-season,recent_production_3col,resolved,2026,0.6809969429945869,59.032804150707605,7.022036852406398,40.20115916303004,4.781985630084089,2027,0.42333388961096213,60.67773858276257,8.220790135166466,25.686943087038028,3.480139063595447
00-0039407,RB,2025,post-2025-season,recent_production_3col,resolved,2026,0.8628948922921021,28.103712934521127,11.278405493531938,24.250550345641766,9.732078493567895,2027,0.6710586985774287,23.066369811196907,9.909065320587185,15.478888106407487,6.6495644781519685
00-0039603,RB,2025,post-2025-season,recent_production_3col,resolved,2026,0.6744215861314337,9.387522841450206,8.018188756092778,6.331148044575911,5.407639578785318,2027,0.4179595167462354,13.637310610694982,8.136632840464067,5.699843752564383,3.40078312994191
00-0039738,RB,2025,post-2025-season,recent_production_3col,resolved,2026,0.9637930450740771,108.4354442114462,13.797685906742814,104.50932697050995,13.298113715035335,2027,0.8947931082822438,91.56138902774863,12.118697238079713,81.92849988677894,10.84372676999279
00-0039746,RB,2025,post-2025-season,recent_production_3col,resolved,2026,0.9089962685691539,45.59432631567173,10.995700482929449,41.44507248886998,9.995050709286913,2027,0.7998446566869416,44.928310268757556,10.258085841471953,35.93566890243878,8.20487514813731
00-0039757,RB,2025,post-2025-season,recent_production_3col,resolved,2026,0.7114895264279648,25.44159592479486,7.291303796503284,18.101429036103934,5.187686285216543,2027,0.4976877955922286,33.403576493232634,8.161191631278674,16.624552349813335,4.0617254723768275
00-0039794,RB,2025,post-2025-season,recent_production_3col,resolved,2026,0.8006185056729893,45.102622195192524,7.045448190349998,36.10999398384844,5.640716201954483,2027,0.6652919506227508,57.138394589937334,8.55238451456897,38.01371399219184,5.689832576173398
00-0039796,RB,2025,post-2025-season,recent_production_3col,resolved,2026,0.892384531409013,43.3228273760682,10.905151067278409,38.660621007306176,9.73158812511774,2027,0.7559289731017287,41.27196575243241,10.093496164721245,31.198674689125944,7.629966190803968
00-0039798,RB,2025,post-2025-season,recent_production_3col,resolved,2026,0.9427996004739163,78.57221751854824,11.923407674987637,74.07785528483693,11.241383992265972,2027,0.8644548843938508,72.54519023216241,11.0749608847193,62.712044035473866,9.573804031266441
00-0039874,RB,2025,post-2025-season,recent_production_3col,resolved,2026,0.8900600291224451,70.84418747886897,9.269538878285978,63.05557957059808,8.250446043958855,2027,0.7797394133593817,73.45402308819175,9.81258356340428,57.27499687167311,7.651258151268764
00-0039875,RB,2025,post-2025-season,recent_production_3col,resolved,2026,0.9254583299125557,66.7751181354082,12.670584031718771,61.79758930930849,11.726097537011151,2027,0.7937781003780328,54.7560841703947,11.012664370293688,43.46418047691557,8.741611803952567
00-0039921,RB,2025,post-2025-season,recent_production_3col,resolved,2026,0.8255908809208534,85.99533944606672,7.635759744399992,70.99696804836604,6.30401361387918,2027,0.6630662122131432,89.03277777255052,9.106047063690486,59.0346267204596,6.0379121347558655
00-0040078,RB,2025,post-2025-season,recent_production_3col,resolved,2026,0.9558303943173866,78.71636242435926,12.345645254970176,75.23949173530562,11.800342972160715,2027,0.899259251384275,73.52563993794874,11.374310633971213,66.11861192814953,10.22845406571715
00-0040122,RB,2025,post-2025-season,recent_production_3col,resolved,2026,0.9868645683516641,184.0784620946172,14.134489508338746,181.66051203784258,13.948826887517841,2027,0.9660317659810922,164.4439723268375,13.421556424445273,158.85810099184067,12.96564985492174
00-0040142,RB,2025,post-2025-season,recent_production_3col,resolved,2026,0.8477538940453916,29.743417246915982,8.939533968747378,25.215097793289885,7.578524732956644,2027,0.7144136987213154,37.14745824237173,9.190067893472644,26.5386530410284,6.565510395275799
00-0040162,RB,2025,post-2025-season,recent_production_3col,resolved,2026,0.9622305637585099,97.88833958999132,11.987519010871871,94.19115218906181,11.534757175897095,2027,0.9183510263393999,93.44597436537101,11.515094704488181,85.81620646572372,10.57489904026211
00-0040179,RB,2025,post-2025-season,recent_production_3col,resolved,2026,0.7511817055180928,25.020193751077954,7.0203102233910615,18.794711814327865,5.2735286068730005,2027,0.5844426202547462,37.27259307936981,8.217814078820318,21.783691962995814,4.80284079299209
00-0040198,RB,2025,post-2025-season,recent_production_3col,resolved,2026,0.9616434384769018,77.69215652279192,12.380239989721936,74.71215254126328,11.905376552885446,2027,0.917405852968076,74.33807768758074,11.474862882805736,68.1981875689821,10.527106370692112
00-0040202,RB,2025,post-2025-season,recent_production_3col,resolved,2026,0.9041276651694037,83.76170195989437,9.488853239137791,75.73127202361476,8.579134724236784,2027,0.8031678713084666,84.60071510457794,10.06357824960957,67.9485762617179,8.082742720485102
00-0040205,RB,2025,post-2025-season,recent_production_3col,resolved,2026,0.6329799732148678,0.5262764709770948,6.184660700035143,0.3331224665026966,3.91476636425129,2027,0.43463077690512386,15.280406655656293,7.4453343411923445,6.6413350161741205,3.2359714490308273
00-0040208,RB,2025,post-2025-season,recent_production_3col,resolved,2026,0.85319302388031,28.008152798991098,9.593701801237776,23.896360579872983,8.185279450004035,2027,0.7063150396883793,32.27349103427673,9.388089112739667,22.795252100757722,6.630948534262759
00-0040236,RB,2025,post-2025-season,recent_production_3col,resolved,2026,0.9765162773486806,128.6486479085341,13.877027950024294,125.62749874158284,13.551143674421317,2027,0.9380738136713787,113.23627661633252,12.576261866341977,106.2239858514302,11.797461930689348
00-0040238,RB,2025,post-2025-season,recent_production_3col,resolved,2026,0.9541821408638692,61.98636498778647,12.113586088367216,59.146282448415285,11.558567507337013,2027,0.9033385029677216,60.78534497174529,11.169690380485346,54.90974252915291,10.090011386920592
00-0040242,RB,2025,post-2025-season,recent_production_3col,resolved,2026,0.9601280535242271,114.7263751113065,12.853057948543658,110.15201122350905,12.340581509969319,2027,0.8933421075527646,101.20667355853558,11.833099443902718,90.41218305518683,10.571005996097501
00-0040466,RB,2025,post-2025-season,recent_production_3col,resolved,2026,0.7531210212674483,48.802750082266904,7.00430165881183,36.7543769826169,5.275086818549648,2027,0.5665901147870495,56.938806479608076,8.38337380404432,32.26096489911873,4.749936725936214
00-0040556,RB,2025,post-2025-season,recent_production_3col,resolved,2026,0.6889592886050452,21.70881081062467,6.544299079906546,14.956486852549487,4.508755638511065,2027,0.49249528155860745,33.55909229269636,7.856923085096783,16.527694607542788,3.869497546979063
00-0040583,RB,2025,post-2025-season,recent_production_3col,resolved,2026,0.9619492714202376,122.9076100193318,13.307782208370728,118.23088591009892,12.801411399561422,2027,0.8899520596107742,105.72995642669261,12.047708134254739,94.0945924844925,10.721882667669483
00-0040586,RB,2025,post-2025-season,recent_production_3col,resolved,2026,0.8272820853807271,50.608901033549344,7.506740646342406,41.86783718586154,6.210192056318413,2027,0.7010517441163685,61.049661320188676,8.835470434907693,42.79897154623187,6.194121958480647
00-0040644,RB,2025,post-2025-season,recent_production_3col,resolved,2026,0.9564426083871288,57.050127695457945,12.397584858778696,54.56517294186258,11.85757840003107,2027,0.9076590840824568,55.68562809862041,11.249872246544504,50.543566196550124,10.211048739343235
00-0040649,RB,2025,post-2025-season,recent_production_3col,resolved,2026,0.6617934449187453,1.796048441404409,6.574025480053269,1.1886130852779668,4.350646969428061,2027,0.46400476727214596,15.535936258499618,7.64610251275018,7.208748487980009,3.5478280169676175
00-0040666,RB,2025,post-2025-season,recent_production_3col,resolved,2026,0.9605663115074279,154.67110814307003,11.060564041663376,148.57185584575527,10.624405204692279,2027,0.9081160714508831,144.94919492965917,11.61748429938347,131.63069345949035,10.550024202098433
00-0040715,RB,2025,post-2025-season,recent_production_3col,resolved,2026,0.9511575810957166,168.04584571312324,10.500044372726144,159.8380801216783,9.98719680695989,2027,0.8806405937236632,156.47453876037753,11.404718383295513,137.79783071657522,10.043457968316538
00-0040719,RB,2025,post-2025-season,recent_production_3col,resolved,2026,0.9510126223743364,92.42707282791075,12.158636266473295,87.89931290845517,11.563016560274479,2027,0.8813385470178777,84.50072589592408,11.344168638726563,74.47374698306967,9.998053105181045
00-0040730,RB,2025,post-2025-season,recent_production_3col,resolved,2026,0.9803803075356651,157.68339637486253,14.317997941654435,154.5896966312559,14.037083225334195,2027,0.9430716789823019,136.59450201090655,13.019970462100218,128.81840635117706,12.27876540399283
00-0040734,RB,2025,post-2025-season,recent_production_3col,resolved,2026,0.9859159036362153,153.89919722199562,15.041346365789082,151.7316660980119,14.829502594132245,2027,0.9610279840491245,133.34495908327415,13.419086018755435,128.14823721091196,12.896117184386327
00-0040784,RB,2025,post-2025-season,recent_production_3col,resolved,2026,0.9737341734838307,152.5439119172048,12.49567442386601,148.5372199906897,12.167465207246211,2027,0.9362312733828064,139.7529166326175,12.280534768419416,130.84105109791668,11.497420704059138
00-0030035,WR,2025,post-2025-season,recent_production_3col,resolved,2026,0.5256513263689125,7.87124479290641,8.792421707029174,4.13753026556565,4.621748132294703,2027,0.21360493875594128,0.0,7.822332799945958,0.0,1.670888918661047
00-0030279,WR,2025,post-2025-season,recent_production_3col,resolved,2026,0.8989012795599237,107.9867302434929,11.889515223188937,97.06940999136808,10.687500447471727,2027,0.6433704783988488,72.92162865975915,10.804236073994886,46.915623116452444,6.951126531660189
00-0030564,WR,2025,post-2025-season,recent_production_3col,resolved,2026,0.7363582919001923,32.69712780748203,10.02016593758352,24.07680118235975,7.37843227435549,2027,0.3925193986616311,1.6343682763798313,8.961336975410838,0.6415212530362578,3.517498600792502
00-0031236,WR,2025,post-2025-season,recent_production_3col,resolved,2026,0.7106443414528338,35.45403024439713,9.734760755338904,25.19520597487845,6.917952646178707,2027,0.39248564163396843,8.097551896983305,8.90228011136001,3.1781728519518504,3.4940171215124494
00-0031381,WR,2025,post-2025-season,recent_production_3col,resolved,2026,0.9369691829518645,158.0815357477581,12.750839123612787,148.11752738935286,11.94714331560214,2027,0.7499219505084954,120.78549909347619,11.802986661929983,90.57969707332177,8.85131877934029
00-0031408,WR,2025,post-2025-season,recent_production_3col,resolved,2026,0.6219831107425636,86.27235039187151,9.233873437699557,53.65994486780867,5.7433133249835,2027,0.36579218594169305,58.2056374250611,9.097989477901606,21.291167347842716,3.3279734587961514
00-0031588,WR,2025,post-2025-season,recent_production_3col,resolved,2026,0.9572136231900827,131.83412729163848,13.211734351480347,126.19342264493184,12.64645210720538,2027,0.7979377930774867,98.12960407863423,11.906029158015812,78.30131971407293,9.500270630663344
00-0031763,WR,2025,post-2025-season,recent_production_3col,resolved,2026,0.13723685639027816,0.0,5.505484820158431,0.0,0.755555429622939,2027,0.07242664016539657,0.0,5.6277639814045965,0.0,0.40760003681697027
00-0032211,WR,2025,post-2025-season,recent_production_3col,resolved,2026,0.7365278358104196,32.76263690253964,10.021592621588761,24.13059405327011,7.38118192495244,2027,0.39271063820203367,1.6966206958244925,8.962821640868789,0.6662809962440149,3.5197954066765806
00-0032385,WR,2025,post-2025-season,recent_production_3col,resolved,2026,0.6928553639465206,52.180462913803325,9.639713143691734,36.15351362304112,6.678926958512595,2027,0.3912003471740503,24.51134740182829,9.00821344032347,9.588847613298983,3.5240162252724874
00-0032398,WR,2025,post-2025-season,recent_production_3col,resolved,2026,0.469605993380923,16.695867382598905,8.177930924544992,7.84047938756151,3.840405375621521,2027,0.23291977837739244,0.0,7.79428896681501,0.0,1.8154440587599072
00-0032464,WR,2025,post-2025-season,recent_production_3col,resolved,2026,0.7533574724124873,41.10934517078151,9.971801131070185,30.97003237039245,7.512330895503016,2027,0.4523003704591575,16.796168662481392,9.182057621202917,7.596913308334826,4.15304806364741
00-0032775,WR,2025,post-2025-season,recent_production_3col,resolved,2026,0.8038664400726728,51.60972471597671,10.430144083448786,41.48732568056283,8.384442793807027,2027,0.5105585679958764,26.51509452153377,9.55660608559008,13.537508689189588,4.879207117959549
00-0032951,WR,2025,post-2025-season,recent_production_3col,resolved,2026,0.2567989348314418,0.0,6.490407433020939,0.0,1.6667297154218497,2027,0.13944675633880865,0.0,6.514078095926132,0.0,0.908367061014582
00-0033040,WR,2025,post-2025-season,recent_production_3col,resolved,2026,0.5854068555503994,110.30478823382836,8.952492873479338,64.57317923211815,5.240850702400899,2027,0.3775037155785471,85.40556821617686,9.247964538365448,32.24091933270383,3.4911409747716
00-0033282,WR,2025,post-2025-season,recent_production_3col,resolved,2026,0.4497390653140171,13.24949163099059,7.755520034290001,5.9588139820076,3.4879603312457186,2027,0.2649246724550402,0.0,7.761287546200341,0.0,2.056156561006508
00-0033307,WR,2025,post-2025-season,recent_production_3col,resolved,2026,0.8269780083743715,63.98918482431495,10.583964287912556,52.91764862351153,8.752705707523399,2027,0.5658585996219478,41.863021580631084,9.852203168789867,23.68855076755929,5.5749538882823515
00-0033375,WR,2025,post-2025-season,recent_production_3col,resolved,2026,0.6492609198785396,25.802149454233913,9.294896757694838,16.75232728949947,6.034813219077006,2027,0.3407149518585689,0.0,8.546961599571077,0.0,2.912077609934897
00-0033555,WR,2025,post-2025-season,recent_production_3col,resolved,2026,0.8496876969088515,86.42183439774605,11.07441991840442,73.431569432059,9.409798355070562,2027,0.5725197576106773,56.272131712736865,10.19396210407848,32.216907208412216,5.8362447129194415
00-0033572,WR,2025,post-2025-season,recent_production_3col,resolved,2026,0.4725899566867444,0.0,7.93728748314436,0.0,3.7510823478694317,2027,0.24477528891312794,0.0,7.507651022511673,0.0,1.8376874480942351
00-0033591,WR,2025,post-2025-season,recent_production_3col,resolved,2026,0.3202125184984953,6.574896255918617,6.921173843340023,2.1053640889740275,2.216246507341819,2027,0.1950586422459739,0.0,7.200298547342654,0.0,1.4044804584103163
00-0033857,WR,2025,post-2025-season,recent_production_3col,resolved,2026,0.8668146053946418,53.3400128422796,10.925241583550397,46.23590218362572,9.47015897208637,2027,0.6273881622744482,34.548812271143134,10.035610117952324,21.675515839557395,6.296222989204966
00-0033891,WR,2025,post-2025-season,recent_production_3col,resolved,2026,0.4224403058834678,27.1730780252944,7.715215651519436,11.479003392800704,3.2592180597847893,2027,0.24389924441616173,9.212169412135012,7.788663391577484,2.2468411590534063,1.899649116217568
00-0033908,WR,2025,post-2025-season,recent_production_3col,resolved,2026,0.9016885113892574,88.0645739774033,11.79918028507033,79.40681461581391,10.63918530685854,2027,0.6519182846876335,57.05487084010056,10.64091163280954,37.195113531152835,6.93700485917388
00-0033921,WR,2025,post-2025-season,recent_production_3col,resolved,2026,0.745707284372444,85.95917901762103,9.798344238827749,64.10038595211495,7.306696673682623,2027,0.5199206617015545,67.62192926832113,9.682289836231725,35.15803821072123,5.034022538439834
00-0033943,WR,2025,post-2025-season,recent_production_3col,resolved,2026,0.3618827136477274,19.64244412271111,7.321549040711712,7.1082609818005515,2.64954203495767,2027,0.20937688445557628,2.315353234574303,7.481419761284122,0.48478144666930867,1.5664363609220506
00-0034272,WR,2025,post-2025-season,recent_production_3col,resolved,2026,0.5151750738754736,19.678411230632577,8.356762592862482,10.137826959493086,4.305195786137723,2027,0.27306613703801935,0.0,8.013492125973496,0.0,2.1882133390241676
00-0034348,WR,2025,post-2025-season,recent_production_3col,resolved,2026,0.9640263778886549,147.07478943459773,13.312082222790398,141.78397653737187,12.833198407392581,2027,0.8458480889223602,119.78038447895023,12.281506270630913,101.31600930190558,10.38828860810114
00-0034407,WR,2025,post-2025-season,recent_production_3col,resolved,2026,0.37253414837875803,0.8293836525355545,7.25536844682451,0.30897373267659656,2.702872505511881,2027,0.21795060565627547,0.0,7.343231314059686,0.0,1.6004617123734362
00-0034418,WR,2025,post-2025-season,recent_production_3col,resolved,2026,0.3036391513966882,0.0,6.870380939749846,0.0,2.086116638317624,2027,0.16710198485999514,0.0,6.909493996227212,0.0,1.154590161147787
00-0034419,WR,2025,post-2025-season,recent_production_3col,resolved,2026,0.27584352390783784,0.0,6.671551807924391,0.0,1.8403043606315705,2027,0.15524351659054536,0.0,6.805006178641425,0.0,1.0564330895926837
00-0034487,WR,2025,post-2025-season,recent_production_3col,resolved,2026,0.25784221293791704,0.0,6.423974467513901,0.0,1.6563717925604615,2027,0.15486424135879595,0.0,6.682892635246561,0.0,1.0349410980397433
00-0034521,WR,2025,post-2025-season,recent_production_3col,resolved,2026,0.47217198102862895,7.619339488310359,7.9783504031492365,3.5976386203251622,3.7671535151955355,2027,0.2581589321333446,0.0,7.755226511943047,0.0,2.0020809947754197
00-0034775,WR,2025,post-2025-season,recent_production_3col,resolved,2026,0.8276029654962533,76.71925908161684,10.515758941891315,63.493086326621466,8.702873284752995,2027,0.5955414898667998,57.803577386126264,10.01917329679138,34.42442859616449,5.966833392404794
00-0034827,WR,2025,post-2025-season,recent_production_3col,resolved,2026,0.9685675186671587,136.14749500828182,13.301856316516295,131.86804141292092,12.88374596615526,2027,0.8722677067250597,116.04521511867132,12.337072065543275,101.22249366797966,10.761229558313229
00-0034837,WR,2025,post-2025-season,recent_production_3col,resolved,2026,0.4835139001972021,44.83047384508798,8.215550444658259,21.676157256527148,3.9723328377635725,2027,0.27161428363681384,22.407865988696187,8.173806630354996,6.08629646834944,2.220122632489711
00-0034854,WR,2025,post-2025-season,recent_production_3col,resolved,2026,0.3174382195028129,0.0,7.0510080708429665,0.0,2.238259447708355,2027,0.15908368179715274,0.0,6.85951455460365,0.0,1.0912368306875049
00-0034860,WR,2025,post-2025-season,recent_production_3col,resolved,2026,0.4216922736103607,3.841102944569002,7.666405044763882,1.6197634338667537,3.2328637737444206,2027,0.230251866163342,0.0,7.533025343895289,0.0,1.7344931432876416
00-0034960,WR,2025,post-2025-season,recent_production_3col,resolved,2026,0.9419092471211791,121.79701717748779,12.416126369026147,114.72173675125283,11.694864240410837,2027,0.795607675080279,99.60259059082216,11.587085521511629,79.24458553193689,9.218774172726228
00-0034983,WR,2025,post-2025-season,recent_production_3col,resolved,2026,0.45656810517993063,37.56718777443608,7.941582847017509,17.151979739112935,3.625873432592223,2027,0.26812099329030603,19.08955329735582,8.024230310905786,5.11830999155528,2.1514646013502405
00-0035021,WR,2025,post-2025-season,recent_production_3col,resolved,2026,0.6732494291325198,14.13834143591177,9.03706122080017,9.51863030060825,6.084196307939347,2027,0.42360436428484916,1.9176570905721348,8.615905764802356,0.8123279127681425,3.649735284237269
00-0035208,WR,2025,post-2025-season,recent_production_3col,resolved,2026,0.8923355052108817,72.3203331413608,11.222818035092159,64.53400101071546,10.014519001233756,2027,0.6952051314101697,56.16944874453388,10.480805804358948,39.04928899568047,7.286309976503832
00-0035298,WR,2025,post-2025-season,recent_production_3col,resolved,2026,0.39957467500936583,10.239098118261879,7.344512309717402,4.0912843029934995,2.934681119257618,2027,0.2513790008377955,0.02837173716613961,7.571523563165673,0.007132058940856723,1.9033220281284122
00-0035359,WR,2025,post-2025-season,recent_production_3col,resolved,2026,0.6656185542969711,32.95206894538748,9.219041109147199,21.933508492522932,6.136364815074904,2027,0.3940764713334029,13.147198641206984,8.739074155955535,5.181001648446157,3.4438635060998934
00-0035406,WR,2025,post-2025-season,recent_production_3col,resolved,2026,0.7074535909539539,50.10034891357079,9.245149098339537,35.44367174695168,6.540513928525014,2027,0.49831915877712624,40.19465402495817,9.172819741061002,20.029766181054786,4.570991816979735
00-0035500,WR,2025,post-2025-season,recent_production_3col,resolved,2026,0.8323063772563332,69.36984768364859,10.353792273630292,57.73696661640119,8.617527338129841,2027,0.6328359751743506,57.72786735147157,10.019253348798648,36.53227123010407,6.340543963505871
00-0035535,WR,2025,post-2025-season,recent_production_3col,resolved,2026,0.87040644137291,79.65346646216699,10.923199288317996,69.3308902863512,9.50762302095197,2027,0.6691146669676202,63.656917141607224,10.373854081761259,42.59377691339191,6.941297919088372
00-0035544,WR,2025,post-2025-season,recent_production_3col,resolved,2026,0.3368681283307707,0.0,7.000705351889179,0.0,2.3583145088861173,2027,0.19453661651754006,0.0,7.078218529815346,0.0,1.3769726837620342
00-0035602,WR,2025,post-2025-season,recent_production_3col,resolved,2026,0.5326394314717638,0.0,8.210928788537341,0.0,4.373464441781668,2027,0.2972128001818722,0.0,7.825516949830388,0.0,2.325843805529793
00-0035640,WR,2025,post-2025-season,recent_production_3col,resolved,2026,0.9540305667811358,141.15810909159137,12.721995421348364,134.66915082240433,12.137172502415995,2027,0.8412109649984785,121.58506925223504,12.040910825892594,102.27869343507948,10.128946215309735
00-0035645,WR,2025,post-2025-season,recent_production_3col,resolved,2026,0.7978507166927115,27.380851636300868,10.13023092851861,21.84583210167945,8.082412006581245,2027,0.5245212811552622,10.139612348553982,9.310711536018985,5.318442459481251,4.883666343339757
00-0035659,WR,2025,post-2025-season,recent_production_3col,resolved,2026,0.8014688738687409,109.08055327867258,10.417675800892514,87.42466819723691,8.349442892470957,2027,0.5723842303245076,86.00997169338874,10.191265957261582,49.230751447953,5.833319920979527
00-0035662,WR,2025,post-2025-season,recent_production_3col,resolved,2026,0.9252395767688851,102.38900777280631,11.877665993497295,94.7343622174974,10.989686656825617,2027,0.7672169208487662,84.74330926963692,11.16226724955868,65.01650080038556,8.563880308897437
00-0035676,WR,2025,post-2025-season,recent_production_3col,resolved,2026,0.9655578639877846,163.7096150651755,13.213131390152217,158.07110623659332,12.758042921665322,2027,0.8747182812051724,143.01546464606236,12.552006909792393,125.09824142096276,10.97946990980905
00-0035719,WR,2025,post-2025-season,recent_production_3col,resolved,2026,0.9419781699774141,133.44253312564499,12.440085833652287,125.69995315084553,11.718289287945735,2027,0.8016357515606591,110.92861389520212,11.714440587397114,88.92434276946253,9.390714384390774
00-0035876,WR,2025,post-2025-season,recent_production_3col,resolved,2026,0.27982999458272395,0.0,6.4876014024082655,0.0,1.8154254652907773,2027,0.17524086777977962,0.0,6.7822090586754635,0.0,1.1885202009061706
00-0035891,WR,2025,post-2025-season,recent_production_3col,resolved,2026,0.560821897164032,13.763182277652056,8.224121974294299,7.718693995967209,4.612267688132133,2027,0.36432684345668676,5.923373936928357,8.212719220057773,2.1580441290547157,2.992114069639711
00-0036133,WR,2025,post-2025-season,recent_production_3col,resolved,2026,0.36447121014728934,0.0,7.198776647949991,0.0,2.6237468364583805,2027,0.21257720495068025,0.0,7.28433958422761,0.0,1.5484845487267056
00-0036165,WR,2025,post-2025-season,recent_production_3col,resolved,2026,0.5522638985963282,34.264618542762996,8.211287942990111,18.923111820342328,4.534797891892743,2027,0.37383161044651875,25.924505017669503,8.404207347744313,9.691399460784247,3.1417583673337224
00-0036176,WR,2025,post-2025-season,recent_production_3col,resolved,2026,0.4249483012958089,0.0,7.37453777391688,0.0,3.133797299867754,2027,0.27167182008909346,0.0,7.533451056655766,0.0,2.0466263601137764
00-0036182,WR,2025,post-2025-season,recent_production_3col,resolved,2026,0.7095754528972984,15.366832421913841,9.293477172139696,10.903927075376403,6.594423273411729,2027,0.45316820676886543,2.8256308959674072,8.780320771206277,1.2804860861162526,3.97896221874297
00-0036196,WR,2025,post-2025-season,recent_production_3col,resolved,2026,0.6558208576531999,44.62930901124936,8.780552405036783,29.268831712227236,5.75846940894009,2027,0.47312847748712733,38.838933763311246,8.927288895491468,18.375805598658836,4.223754603211617
00-0036252,WR,2025,post-2025-season,recent_production_3col,resolved,2026,0.9606960845161582,141.8774348355591,12.967322562711264,136.30109612771798,12.457656012654745,2027,0.8558387338854028,122.00919011803633,12.19378636519545,104.42019079300361,10.43591468405796
00-0036259,WR,2025,post-2025-season,recent_production_3col,resolved,2026,0.9557575464350815,132.61444879441225,12.765589444370335,126.7472602015882,12.200808446148967,2027,0.8412761146746894,113.20669800856014,11.98385466944111,95.23809105579238,10.081730695133551
00-0036309,WR,2025,post-2025-season,recent_production_3col,resolved,2026,0.8655218499791482,64.90570492794205,10.831677843877046,56.17730580343312,9.375053845810612,2027,0.6521996308126499,49.38287122640642,10.176191269147376,32.207490382330896,6.63690818881683
00-0036322,WR,2025,post-2025-season,recent_production_3col,resolved,2026,0.9729609505980414,149.48024990806684,13.360652999477244,145.4384460461855,12.999393642981953,2027,0.9026260604209406,135.88293670846423,12.669309319961206,122.65147983958909,11.43564875973089
00-0036331,WR,2025,post-2025-season,recent_production_3col,resolved,2026,0.8635941117445426,17.467080985375688,10.717185466265375,15.084468288335508,9.255298263140968,2027,0.6149809172579419,3.2648003209547483,9.647358353573651,2.007789896044774,5.932941289396792
00-0036358,WR,2025,post-2025-season,recent_production_3col,resolved,2026,0.9662827470029973,178.61421819015766,13.076499060432317,172.59183740657826,12.635595433296652,2027,0.8968858137960298,164.60633743927903,12.78329464902954,147.63308891021165,11.465155624289292
00-0036407,WR,2025,post-2025-season,recent_production_3col,resolved,2026,0.946711035080825,96.54890110151352,12.207892323243366,91.40391009773008,11.557346377492983,2027,0.829030953616988,85.58298179717174,11.469699629936407,70.95094101269461,9.508736021906595
00-0036410,WR,2025,post-2025-season,recent_production_3col,resolved,2026,0.9717104115674285,169.09512975339803,13.328511177968808,164.31149812672214,12.951453082325143,2027,0.9052282687649689,155.04158504605414,12.840704975116804,140.34802561781626,11.623769134346707
00-0036415,WR,2025,post-2025-season,recent_production_3col,resolved,2026,0.8024666765348868,52.6478016122906,10.22118221407894,42.24810638668289,8.202158121589424,2027,0.5491709586850927,34.669347558813755,9.61020288966542,19.03939883586043,5.277644334075807
00-0036427,WR,2025,post-2025-season,recent_production_3col,resolved,2026,0.6732677379505552,38.09762694134769,8.983748884490574,25.649903112085287,6.048468289776792,2027,0.46166083918641465,28.788627395596052,8.900796036598557,13.29058188247588,4.109148967683203
00-0036550,WR,2025,post-2025-season,recent_production_3col,resolved,2026,0.8446738388959854,53.970566940148544,10.361958378154613,45.58752596472802,8.752475161756275,2027,0.65412689871386,46.15913782667248,9.958433102688769,30.19393367386689,6.514078961511247
00-0036554,WR,2025,post-2025-season,recent_production_3col,resolved,2026,0.9776660595827101,175.7301997356312,13.702673829521565,171.80545192521717,13.396639128655472,2027,0.9200494214216836,161.08735877279008,13.127651991378753,148.20833123725268,12.078088619293235
00-0036613,WR,2025,post-2025-season,recent_production_3col,resolved,2026,0.9621921034689215,145.75545213279526,12.93599485039502,140.24474507971797,12.44691209556472,2027,0.8698700018590773,129.27830944370172,12.296710988589584,112.45532327613118,10.696540010504958
00-0036620,WR,2025,post-2025-season,recent_production_3col,resolved,2026,0.604090040174116,3.162127645707173,8.568355354601689,1.9102098165309291,5.176058130387436,2027,0.36645843311526777,0.0,8.230573230406982,0.0,3.01616296965541
00-0036626,WR,2025,post-2025-season,recent_production_3col,resolved,2026,0.7941892862778369,51.344849420268716,9.845451683340853,40.77752931512622,7.8191522454754,2027,0.597469120370171,44.1828430748881,9.625778951580141,26.39788438740669,5.751105683078293
00-0036630,WR,2025,post-2025-season,recent_production_3col,resolved,2026,0.70582131229882,15.707901708925903,9.06933558449032,11.086971797654957,6.401330343923343,2027,0.4896691058490337,10.317526896988198,8.818120942454533,5.052174170221567,4.317961397160349
00-0036646,WR,2025,post-2025-season,recent_production_3col,resolved,2026,0.38284284820516723,0.0,7.185954035858764,0.0,2.7510911101595856,2027,0.22645612811382743,0.0,7.201677625130561,0.0,1.6308640309110507
00-0036841,WR,2025,post-2025-season,recent_production_3col,resolved,2026,0.42979371492383367,0.0,7.406875944702319,0.0,3.18342872825359,2027,0.275283426037694,0.0,7.567103473702667,0.0,2.0830981694226054
00-0036849,WR,2025,post-2025-season,recent_production_3col,resolved,2026,0.665257597924691,36.234681905326326,8.827392134170674,24.105397445902657,5.872489687117694,2027,0.4737049067646223,30.602186773872944,8.873610352956824,14.49640603251104,4.203472764912999
00-0036862,WR,2025,post-2025-season,recent_production_3col,resolved,2026,0.8286330578146373,20.358063503682388,10.320823732991157,16.869364412240905,8.55217572903434,2027,0.5728610998772492,6.530952048175493,9.439731940695442,3.741328373563386,5.407655222093191
00-0036900,WR,2025,post-2025-season,recent_production_3col,resolved,2026,0.9913386578974338,237.11000750908795,15.153305120760145,235.0563166181097,15.022057161124673,2027,0.9667756019049272,222.74021798365274,14.670341614709866,215.33980830958058,14.182928344712032
00-0036912,WR,2025,post-2025-season,recent_production_3col,resolved,2026,0.9735267201604568,150.25865548146766,13.49339020348817,146.28081604659326,13.136175908647077,2027,0.8970706943010288,133.03875394160335,12.671915542132409,119.34516736733785,11.367604073504717
00-0036959,WR,2025,post-2025-season,recent_production_3col,resolved,2026,0.37933085205522143,15.404126837844473,7.22733705912518,5.843260558566247,2.741551924728233,2027,0.24358588238783282,5.196074447982255,7.552008098623309,1.265690379364629,1.8395625565032185
00-0036963,WR,2025,post-2025-season,recent_production_3col,resolved,2026,0.990558119034062,229.7288913536458,15.108340905896185,227.55981850704777,14.9656897494699,2027,0.9611766838506043,212.14215052818366,14.488024505951778,203.9060887496153,13.925551350177019
00-0036980,WR,2025,post-2025-season,recent_production_3col,resolved,2026,0.7561395366756489,35.791826933267494,9.3909467978249,27.063615434095894,7.1008661606529895,2027,0.5684967159531826,32.98690441386444,9.288328180468124,18.75294682874348,5.2803840672915285
00-0036988,WR,2025,post-2025-season,recent_production_3col,resolved,2026,0.8201276454890297,52.30660844405193,10.096058636344358,42.89809562673691,8.280056798144283,2027,0.6252241266486834,44.83734505355848,9.784148877823977,28.033389902356767,6.117285937138192
00-0037091,WR,2025,post-2025-season,recent_production_3col,resolved,2026,0.7920012233729992,27.242856156641423,9.779871304016712,21.57637540423465,7.745670037211725,2027,0.5768936172992503,20.76015069324754,9.352689595844561,11.97639842910511,5.395506932423832
00-0037093,WR,2025,post-2025-season,recent_production_3col,resolved,2026,0.6837862339048402,7.912319397069652,8.899560187866765,5.410335081974473,6.085396744270867,2027,0.46586284409027157,2.909488983072606,8.641445752958305,1.3554228125035162,4.025728495524954
00-0037132,WR,2025,post-2025-season,recent_production_3col,resolved,2026,0.40308104274767487,0.0,7.324546196367788,0.0,2.9523857184854436,2027,0.240392738838072,0.0,7.345902269617277,0.0,1.7659015658301063
00-0037231,WR,2025,post-2025-season,recent_production_3col,resolved,2026,0.6711289859704451,62.17379783917018,8.817197358908329,41.72663789773373,5.917476722585434,2027,0.5183156237776921,59.35456353322465,9.203370514148894,30.76439762177599,4.770250728898303
00-0037238,WR,2025,post-2025-season,recent_production_3col,resolved,2026,0.9773140857618005,199.3346141641846,13.525848197596032,194.8125262025513,13.219001965386463,2027,0.9348806491721149,191.20499102872336,13.41953481559648,178.75384613788128,12.545663419992634
00-0037239,WR,2025,post-2025-season,recent_production_3col,resolved,2026,0.9868353791713205,205.37085095367325,14.462076720221386,202.6672215716049,14.271688963804399,2027,0.951760610301584,192.57892076271062,13.951021200332372,183.28903115633784,13.278032451958675
00-0037240,WR,2025,post-2025-season,recent_production_3col,resolved,2026,0.9843016600236639,169.72632032669438,14.029333449254537,167.0618988472734,13.809096203126755,2027,0.9441241948786958,161.77140025171323,13.431372708111601,152.732293017048,12.680883944161554
00-0037247,WR,2025,post-2025-season,recent_production_3col,resolved,2026,0.9915684357429323,216.89286876817744,15.056545933027298,215.0641226082588,14.929595698503487,2027,0.9678457946292605,206.5931422518748,14.50033183783667,199.95030392772162,14.034085189978997
00-0037261,WR,2025,post-2025-season,recent_production_3col,resolved,2026,0.9795649406961631,148.7375093701175,13.68801526241323,145.69804954543415,13.408299858773992,2027,0.9240716133623497,138.24212189048765,12.940657591171256,127.74562060997752,11.95809433824336
00-0037291,WR,2025,post-2025-season,recent_production_3col,resolved,2026,0.9371776734782507,83.44708208999043,11.922555522195374,78.20474225164583,11.17355284620633,2027,0.8050851374533722,73.13249790823797,11.172766538346108,58.87788713076222,8.995028284258813
00-0037487,WR,2025,post-2025-season,recent_production_3col,resolved,2026,0.5121516675005249,0.0,7.806942477460891,0.0,3.998338607912274,2027,0.34189458785406035,0.0,7.91411076797229,0.0,2.705791639247267
00-0037545,WR,2025,post-2025-season,recent_production_3col,resolved,2026,0.9741611427589885,117.47363948320384,13.468368754726292,114.43825488301528,13.12036149720362,2027,0.8888430483827183,101.10525605042298,12.338611589169343,89.86670399537324,10.967089137727616
00-0037614,WR,2025,post-2025-season,recent_production_3col,resolved,2026,0.8888645388909847,72.20161245313179,10.872878184922572,64.17745296033857,9.664515854259049,2027,0.7382077973098095,66.80830366648715,10.523220698444268,49.31841069164234,7.7683235724035375
00-0037664,WR,2025,post-2025-season,recent_production_3col,resolved,2026,0.9693411281106579,152.18037779593197,13.07401135776142,147.5146990890148,12.673176918464009,2027,0.9025525054789623,142.29216823221566,12.608965745846824,128.42615294802025,11.380253625412463
00-0037666,WR,2025,post-2025-season,recent_production_3col,resolved,2026,0.8089132344465423,46.73833536415461,9.974790495898961,37.80725803206551,8.068740042964258,2027,0.6091203960129369,39.54588940076161,9.6579523138981,24.088207812475716,5.882855738115671
00-0037740,WR,2025,post-2025-season,recent_production_3col,resolved,2026,0.9024865128485905,152.45448027792105,11.242689917740439,137.58811227416518,10.146376018899575,2027,0.8003763365062223,144.6282025352705,11.522593072568597,115.75699090065974,9.222410830474429
00-0037741,WR,2025,post-2025-season,recent_production_3col,resolved,2026,0.9085082913973712,53.77461635346886,11.16055159659549,48.85468482383913,10.139453662075171,2027,0.755160507208544,48.519040615316186,10.515319747450388,36.639663320334115,7.940754193944653
00-0037742,WR,2025,post-2025-season,recent_production_3col,resolved,2026,0.6991537064074419,37.268330175395946,8.963779953332278,26.056291173744384,6.2670599777929885,2027,0.5208979019349148,34.908895347549645,9.048644714741252,18.18397034540412,4.713420047263174
00-0037745,WR,2025,post-2025-season,recent_production_3col,resolved,2026,0.3625910452029102,0.0,7.066353422457634,0.0,2.562196473222075,2027,0.21897616028410088,0.0,7.179638229309679,0.0,1.5721696116831747
00-0037801,WR,2025,post-2025-season,recent_production_3col,resolved,2026,0.8437522068618714,62.44286656736546,10.664164535334459,52.68630646899597,8.997912361026552,2027,0.6040354844875454,43.71802236851188,9.968766455955306,26.407236822201423,6.021488675966154
00-0037816,WR,2025,post-2025-season,recent_production_3col,resolved,2026,0.9757697783200939,147.22206615149128,13.42534994737554,143.65484285246686,13.100050742020315,2027,0.9149297300279208,137.0614612050463,12.769739242483574,125.40160569756534,11.683414077652442
00-0037837,WR,2025,post-2025-season,recent_production_3col,resolved,2026,0.9115532072682782,78.81486221799624,11.362350394214126,71.84394043522191,10.357386943951871,2027,0.7597890526497662,69.24945072870779,10.794638018665262,52.61497456568155,8.201647793898829
00-0038090,WR,2025,post-2025-season,recent_production_3col,resolved,2026,0.9254918148319051,35.91008346572267,11.460474563345786,33.234488317456865,10.606575402465776,2027,0.7725675514875108,30.764278853769824,10.52016618216481,23.767483587335956,8.12753902859678
00-0038104,WR,2025,post-2025-season,recent_production_3col,resolved,2026,0.8876728344340141,82.85210403757732,10.875167599866558,73.54556202985809,9.653590848318501,2027,0.7430683360383548,77.18876858705852,10.62802502841555,57.3565298348352,7.897348873238731
00-0038117,WR,2025,post-2025-season,recent_production_3col,resolved,2026,0.9828639108250053,174.59573925482945,13.905720287088666,171.6038510973846,13.667430624206583,2027,0.9416766332954606,166.65818891978526,13.405157690690231,156.93812225310222,12.623323762963928
00-0038124,WR,2025,post-2025-season,recent_production_3col,resolved,2026,0.9331982526017567,147.82783569558035,11.946697825967437,137.95267795701517,11.148637535554018,2027,0.828645201682166,135.86933829516818,11.812421231968507,112.58747523402208,9.788306174119244
00-0038359,WR,2025,post-2025-season,recent_production_3col,resolved,2026,0.8990770086197372,43.081137152903345,11.275018912314195,38.73325991936896,10.13711027581441,2027,0.6860809323899856,27.60549632382029,10.227862547632682,18.939604656934943,7.017141473036444
00-0038393,WR,2025,post-2025-season,recent_production_3col,resolved,2026,0.9106045430811629,79.63877476508331,11.14872436559638,72.51943010650234,10.152079056871719,2027,0.7865044903486085,77.20018624088021,10.843381108743454,60.71829313420115,8.528367932587999
00-0038465,WR,2025,post-2025-season,recent_production_3col,resolved,2026,0.6044656754176394,17.384084711269047,8.301071310936411,10.508082506514704,5.017712676655167,2027,0.43417034562815066,16.272606843141034,8.461424993338053,7.065083337357552,3.6736998138642547
00-0038496,WR,2025,post-2025-season,recent_production_3col,resolved,2026,0.5462285816560744,0.33654737165470294,7.814018266513036,0.18383179347902812,4.268240114752072,2027,0.4007449696154322,3.656450647600451,8.090103282990519,1.4653042036729702,3.242068194327744
00-0038519,WR,2025,post-2025-season,recent_production_3col,resolved,2026,0.7851157512167117,12.594630053295248,9.69051758311193,9.888242435589472,7.608177991943677,2027,0.5586761984625951,6.58069197066817,9.157282604593163,3.6764759734262165,5.11595583378176
00-0038543,WR,2025,post-2025-season,recent_production_3col,resolved,2026,0.9975806928321513,265.6247794268281,16.920710229620287,264.9821514940026,16.879773834076676,2027,0.9889322730710441,255.4485391104031,16.166095127261094,252.62130443512845,15.987173200885044
00-0038544,WR,2025,post-2025-season,recent_production_3col,resolved,2026,0.9711034870398524,157.60745123022696,13.076419626869079,153.05314547313688,12.698556697648929,2027,0.9140042098730902,151.033334947678,12.746997404944874,138.0451039733502,11.650809291360972
00-0038559,WR,2025,post-2025-season,recent_production_3col,resolved,2026,0.9810570220265383,166.0886855280845,13.836234940884644,162.9424712164848,13.574135447163826,2027,0.9312679191290404,154.99015800511097,13.1973228943736,144.33736193090087,12.290243429917348
00-0038563,WR,2025,post-2025-season,recent_production_3col,resolved,2026,0.974168605557395,131.60002700316213,13.199003358204884,128.20061479698597,12.858054696209827,2027,0.9137566983050285,125.5404921349159,12.567297411583835,114.71346559678915,11.483452189426176
00-0038573,WR,2025,post-2025-season,recent_production_3col,resolved,2026,0.752244629981564,11.114185858233583,9.31282972379504,8.360586628473254,7.005526149657512,2027,0.5458153501099964,9.017181593525663,9.002192629837175,4.921716128475625,4.913534922012206
00-0038576,WR,2025,post-2025-season,recent_production_3col,resolved,2026,0.7535301531035045,9.930273238398556,9.518615522819891,7.482760313690097,7.172563812243867,2027,0.506727235968096,0.7243428129581275,8.945290677659013,0.3670442315036275,4.532822420021328
00-0038606,WR,2025,post-2025-season,recent_production_3col,resolved,2026,0.9857544877590466,166.41999104919694,14.071203453068991,164.04925302956624,13.87075195203335,2027,0.9508703486740947,161.9538860371806,13.508047983306742,153.99714808529853,12.844402295793284
00-0038608,WR,2025,post-2025-season,recent_production_3col,resolved,2026,0.9799947738680868,128.9648014968817,13.48515030543394,126.38483147987928,13.215376824150896,2027,0.9314688107151112,126.10127408853779,12.795755347341952,117.45940380491056,11.918847015590133
00-0038618,WR,2025,post-2025-season,recent_production_3col,resolved,2026,0.9578082106241244,92.68356036581787,12.467249315262913,88.77307510825703,11.94123375805681,2027,0.8596996913455732,84.97480165233263,11.670278847650767,73.05281075266167,10.032935123242137
00-0038619,WR,2025,post-2025-season,recent_production_3col,resolved,2026,0.9114733586693666,78.74061857693096,11.360733485674855,71.76997607801879,10.3550059071356,2027,0.7596231349353351,69.1788979866705,10.792955397812918,52.54989136000639,8.198578614503894
00-0038621,WR,2025,post-2025-season,recent_production_3col,resolved,2026,0.9698103627101319,95.61836679698584,12.990487475463944,92.73168298513527,12.598309370361113,2027,0.8868418609157201,87.24481947469648,12.009938035687805,77.37235805819589,10.650915797051862
00-0038640,WR,2025,post-2025-season,recent_production_3col,resolved,2026,0.49344561851959273,6.713797963392921,7.609366680072188,3.3128941886620016,3.754808647990601,2027,0.35305561977361544,6.651665231367929,7.9464527374471645,2.3484077907872134,2.8055397962211517
00-0038679,WR,2025,post-2025-season,recent_production_3col,resolved,2026,0.8119550051879177,48.223208185460564,10.0071286666844,39.15507525240367,8.125338208473892,2027,0.6134396429044398,40.95694424150746,9.691604730945002,25.124613249967386,5.945214545321881
00-0038752,WR,2025,post-2025-season,recent_production_3col,resolved,2026,0.5484427247345474,10.004597948721369,8.142265979493656,5.486948958870411,4.465566539306909,2027,0.353738801325965,2.3516413712904978,8.127536539407807,0.8318667998288494,2.8750250331830993
00-0038824,WR,2025,post-2025-season,recent_production_3col,resolved,2026,0.6645529520545588,13.74656120241854,8.681174567589512,9.135317827665906,5.769100186192568,2027,0.4752126366360936,12.297027168013216,8.652132173541311,5.843702703297235,4.111602542712542
00-0038839,WR,2025,post-2025-season,recent_production_3col,resolved,2026,0.6669090026649788,36.79150921331606,8.839518948215215,24.536588715991993,5.895154765792391,2027,0.47540463324086374,31.131332339152635,8.886230009349411,14.7999796329943,4.224554918488714
00-0038840,WR,2025,post-2025-season,recent_production_3col,resolved,2026,0.8711071479646675,35.61852836271498,10.651264245564295,31.027554656743266,9.27839241917155,2027,0.6743223571198235,27.94110590928915,9.95223095159389,18.841312397286487,6.711011833879656
00-0038938,WR,2025,post-2025-season,recent_production_3col,resolved,2026,0.5821160194526863,11.287484428786087,8.052512276055648,6.570625505319136,4.687496392731405,2027,0.4333237802600429,14.062980098100951,8.33828985871141,6.093823697830853,3.613179282480807
00-0038953,WR,2025,post-2025-season,recent_production_3col,resolved,2026,0.550080218486069,12.202731736680533,7.9585683060499335,6.712481339840116,4.377850992628252,2027,0.3933236260726216,11.60828100290314,8.207424294301038,4.565811176531792,3.228173884151012
00-0038976,WR,2025,post-2025-season,recent_production_3col,resolved,2026,0.9717301633397502,113.94720590804697,12.928429564871792,110.72593700913463,12.56294497279932,2027,0.9105650534579623,112.08969806200079,12.318830951487602,102.0649619079126,11.217096963880909
00-0038979,WR,2025,post-2025-season,recent_production_3col,resolved,2026,0.8593368324395861,63.548757360599964,10.454771379655853,54.609787855729806,8.984170121273502,2027,0.6954386450985273,58.845055657362735,10.190543606805845,40.92312577710377,7.086897838734516
00-0038994,WR,2025,post-2025-season,recent_production_3col,resolved,2026,0.9635984137044444,129.00993203941448,12.56748769866054,124.31376586529798,12.110011210679415,2027,0.8993221918706552,127.18194022611429,12.25048576583803,114.37754125051175,11.01713371041372
00-0038997,WR,2025,post-2025-season,recent_production_3col,resolved,2026,0.9648191842926542,119.2610255233499,12.700618141412548,115.06532536334387,12.25380003521014,2027,0.8913168147800926,114.07434837011647,12.151079336676835,101.67638483736685,10.830461330506997
00-0039062,WR,2025,post-2025-season,recent_production_3col,resolved,2026,0.5086137810702916,0.5643739603950024,7.589318598059229,0.2870483739341172,3.8600320279059894,2027,0.3764483872527528,4.132396012936681,7.958693531767212,1.5556338145597195,2.9960373446726822
00-0039064,WR,2025,post-2025-season,recent_production_3col,resolved,2026,0.9844110983783044,180.9592501061632,14.160092210074115,178.13829415872243,13.939351925657132,2027,0.9420442996867611,169.1214572190508,13.534341953328589,159.31990472792523,12.74994968714458
00-0039067,WR,2025,post-2025-season,recent_production_3col,resolved,2026,0.9565259431652591,205.84779766928716,12.635172905316633,196.89875881410632,12.08587068031412,2027,0.8954214273102648,195.1077152359745,12.869245687597159,174.70362885584098,11.523398341994717
00-0039075,WR,2025,post-2025-season,recent_production_3col,resolved,2026,0.9978412147012284,296.43991060921746,17.0,295.7999604882251,16.963300649920882,2027,0.9899340842539429,281.6667457310769,16.57629251911593,278.8315120000818,16.409436955236515
00-0039146,WR,2025,post-2025-season,recent_production_3col,resolved,2026,0.81946363211949,110.57555614819974,10.10097212058526,90.61264686483636,8.277379301872504,2027,0.683714968217874,105.09066420231429,10.436896923658187,71.85206013508058,7.135862648452185
00-0039337,WR,2025,post-2025-season,recent_production_3col,resolved,2026,0.9050216051237339,157.1934659537618,10.998543193940181,142.26348287243653,9.953919215402461,2027,0.8402677337064,159.88327103564583,11.675100600924967,134.34475381068822,9.81021032273345
00-0039342,WR,2025,post-2025-season,recent_production_3col,resolved,2026,0.9464673997432848,86.33861093845701,11.983620261029145,81.71668059236853,11.342105907967198,2027,0.8456957500246605,82.78861682295508,11.404942152465091,70.01398139759321,9.645111107616831
00-0039355,WR,2025,post-2025-season,recent_production_3col,resolved,2026,0.8233602701424805,67.21478097485455,9.959504042611924,55.341980221023896,8.20025993901008,2027,0.6751519774697434,66.43160980552699,10.015517512294409,44.85143272669995,6.761996453808416
00-0039379,WR,2025,post-2025-season,recent_production_3col,resolved,2026,0.6657901755886527,25.714163534609014,8.71214856190808,17.120237454822668,5.800462920787209,2027,0.4855531678541165,23.929124867996165,8.78678684459506,11.618862383632255,4.266452187652008
00-0039394,WR,2025,post-2025-season,recent_production_3col,resolved,2026,0.5957725491222953,27.069353820706233,8.166554946579314,16.127177928855495,4.865409258070848,2027,0.45507596700704445,29.319724920249712,8.559389176054385,13.342702170463177,3.8951723062825785
00-0039410,WR,2025,post-2025-season,recent_production_3col,resolved,2026,0.9289284042878729,96.63333607366765,11.750408443639392,89.76545067992583,10.915288165280689,2027,0.7973241608181136,86.18210881765773,11.198467023228066,68.71507759057431,8.928808321744636
00-0039424,WR,2025,post-2025-season,recent_production_3col,resolved,2026,0.7305859643576541,69.39089738512638,9.55138999180363,50.696015683755576,6.978111468117901,2027,0.5132877321431938,55.20175858399,9.458402837606021,28.334385473892308,4.854882142211544
00-0039451,WR,2025,post-2025-season,recent_production_3col,resolved,2026,0.9196258485724718,65.25387231389035,11.294766785020586,60.00914769930114,10.386959489102725,2027,0.792167554257747,63.01151567721132,10.790515052815492,49.915678264090175,8.547895918570251
00-0039491,WR,2025,post-2025-season,recent_production_3col,resolved,2026,0.9390447166120612,122.21403200760679,11.846284452427302,114.7644410526005,11.124190826535463,2027,0.8481420618862575,117.91833023748688,11.671712405223094,100.01149574180675,9.899270225109325
00-0039521,WR,2025,post-2025-season,recent_production_3col,resolved,2026,0.5998919336256943,15.952243062152597,8.26988807482188,9.569621936221788,4.961039148072968,2027,0.4298692999934124,14.91194681813613,8.428974448328542,6.410188140251171,3.62335734576535
00-0039589,WR,2025,post-2025-season,recent_production_3col,resolved,2026,0.9288681843205072,41.363128584209015,11.347663687065925,38.4208941458299,10.540483765284678,2027,0.8072118708991198,43.11401731730763,10.673821624077355,34.80214658068094,8.616035522814963
00-0039623,WR,2025,post-2025-season,recent_production_3col,resolved,2026,0.6645499366068159,25.296543053616723,8.703053451374675,16.810816082652583,5.783613619396771,2027,0.4842762257773247,23.532265694036397,8.77732210230062,11.396116814297162,4.250648420134037
00-0039739,WR,2025,post-2025-season,recent_production_3col,resolved,2026,0.7907969532710475,51.499876949366566,9.617258401799361,40.72594578539293,7.6052986429633185,2027,0.6316266972645525,51.4979460743003,9.659362765214713,32.52747759481832,6.101111401072764
00-0039751,WR,2025,post-2025-season,recent_production_3col,resolved,2026,0.9157040099243061,48.95842356506806,11.285323939515614,44.831424778105465,10.334016384709216,2027,0.7635868880036085,43.68283203804293,10.542741055556343,33.35563777511353,8.050298833640147
00-0039792,WR,2025,post-2025-season,recent_production_3col,resolved,2026,0.7685603757250078,53.33631576118832,9.427591751696447,40.99217888120655,7.245673458865806,2027,0.6122085886482079,53.50253418377784,9.564409799125546,32.75471094175313,5.8554138243757405
00-0039816,WR,2025,post-2025-season,recent_production_3col,resolved,2026,0.7519645578811597,11.852580518628898,9.21312601888524,8.912720469441625,6.927944233494449,2027,0.565619996337461,13.302759395457656,9.033962411665865,7.524306720536884,5.109789786199206
00-0039849,WR,2025,post-2025-season,recent_production_3col,resolved,2026,0.9544962951167507,134.6626400914659,12.231271959501964,128.53499105794464,11.674703769910025,2027,0.885822276425413,133.07252289939714,12.105449723055568,117.87860516441688,10.723277030830468
00-0039855,WR,2025,post-2025-season,recent_production_3col,resolved,2026,0.7005547021631641,73.27255513913202,8.943125891069657,51.33143304222865,6.265148895025985,2027,0.5696321690091729,73.48545579217867,9.469942387645728,41.85967957352642,5.394383822666542
00-0039868,WR,2025,post-2025-season,recent_production_3col,resolved,2026,0.9846187314596381,149.8808245700612,13.824883287824978,147.57546735829823,13.61223904543578,2027,0.9496315936542808,149.56138309482483,13.284820835995685,142.02821457747692,12.615685581898179
00-0039880,WR,2025,post-2025-season,recent_production_3col,resolved,2026,0.9543322240305492,98.02473576322204,12.353910259440337,93.5481640909226,11.789734653365516,2027,0.8548435022431251,90.30989420209995,11.654755483562006,77.20082624692922,9.962991995355413
00-0039890,WR,2025,post-2025-season,recent_production_3col,resolved,2026,0.9543506182947656,88.20750017051124,12.138198301257557,84.18088232596304,11.584097053789623,2027,0.8699340803805575,87.88904374455127,11.5989059988384,76.4576744454428,10.090283623520016
00-0039893,WR,2025,post-2025-season,recent_production_3col,resolved,2026,0.9709069415954477,134.83296219749593,12.92396541306501,130.9102589534254,12.547967732484295,2027,0.9142037269079918,132.45604333681734,12.519029116527458,121.09180847000489,11.444943075599065
00-0039894,WR,2025,post-2025-season,recent_production_3col,resolved,2026,0.9610617844789652,113.06034741579728,12.334007689463686,108.6579792412379,11.853743439813249,2027,0.8975899532625519,115.34970905876055,12.040620607648536,103.53673996290183,10.807540088471368
00-0039901,WR,2025,post-2025-season,recent_production_3col,resolved,2026,0.9630364097805516,117.11723208829389,12.422360191788188,112.78815871374616,11.963185160100542,2027,0.9020658383717542,119.20491246294111,12.132563818508817,107.53067929891455,10.94437135254197
00-0039915,WR,2025,post-2025-season,recent_production_3col,resolved,2026,0.9792016858631875,148.23933714779648,13.561381095535832,145.15620884636374,13.279327231381847,2027,0.9285142096938463,141.3526066738618,12.944402437903513,131.2479038739459,12.019061599589078
00-0039916,WR,2025,post-2025-season,recent_production_3col,resolved,2026,0.8809882230811005,101.05198742966405,10.812209403844939,89.02561084447343,9.525429150274118,2027,0.7454748965756915,95.00276466464362,10.767351909679395,70.82217616277997,8.026790551262321
00-0039919,WR,2025,post-2025-season,recent_production_3col,resolved,2026,0.9714880886994094,147.94206051106534,12.979799376174885,143.72394960414724,12.609720487661924,2027,0.9184506050619383,145.1728894456236,12.67955408318601,133.3341281499229,11.645544119617762
00-0039920,WR,2025,post-2025-season,recent_production_3col,resolved,2026,0.8644718707349387,45.38466171044561,10.286939441027451,39.233763411501265,8.892769782722025,2027,0.7222875940708868,48.23285059955418,10.082098148110685,34.83798961473252,7.28217441458541
00-0040009,WR,2025,post-2025-season,recent_production_3col,resolved,2026,0.8292270155750916,35.62738561520354,9.960564868501397,29.543190646438184,8.259569479349517,2027,0.659288830079465,35.63619483649576,9.709355836175716,23.494545202237163,6.401269850057513
00-0040024,WR,2025,post-2025-season,recent_production_3col,resolved,2026,0.676575474551045,30.23042658654939,8.694720828042888,20.453165213675184,5.882634870321972,2027,0.5171608345146534,31.80476062310818,8.904176351450948,16.448176545385415,4.604891272582014
00-0040075,WR,2025,post-2025-season,recent_production_3col,resolved,2026,0.8633110099981364,21.542261597396283,10.227012588064403,18.597671617292253,8.829092566665533,2027,0.705601981181203,25.056846127134946,9.814892082068617,17.68016026945897,6.925407298187318
00-0040124,WR,2025,post-2025-season,recent_production_3col,resolved,2026,0.9907265807612843,176.74100878764492,14.639516792445502,175.10201531648354,14.503758415776936,2027,0.9667731135202101,174.8268131698592,14.030139754081931,169.01786249504087,13.563961893177463
00-0040129,WR,2025,post-2025-season,recent_production_3col,resolved,2026,0.9840823719488515,157.96931778676452,13.887161216393036,155.45482094274112,13.666110549464157,2027,0.9458058093752383,153.9233239288183,13.316526139231,145.58157397022296,12.594847783181892
00-0040130,WR,2025,post-2025-season,recent_production_3col,resolved,2026,0.9812023618923316,122.1755303139934,13.566952135877528,119.87891890953848,13.311925479403243,2027,0.932857701092448,119.39007542473044,12.778459790781259,111.37395129396802,11.92048462393049
00-0040131,WR,2025,post-2025-season,recent_production_3col,resolved,2026,0.946560646167125,64.2258027593168,11.845576404894668,60.79361736046123,11.212556456039147,2027,0.8470792653123136,64.84011170349709,11.191969868902424,54.92471418456666,9.480485613947415
00-0040134,WR,2025,post-2025-season,recent_production_3col,resolved,2026,0.9452361566233407,85.38669724800775,11.847104325909896,80.71059353346763,11.198311360138824,2027,0.8533056682975485,85.46791713998121,11.398403628865676,72.93025815313116,9.726322426054427
00-0040138,WR,2025,post-2025-season,recent_production_3col,resolved,2026,0.9654630739367935,75.34342304201493,12.547023249394673,72.74129281106397,12.113687635116996,2027,0.8867664690113781,74.88614840804948,11.717080268920467,66.40652540166808,10.390313897193492
00-0040154,WR,2025,post-2025-season,recent_production_3col,resolved,2026,0.8490607697176467,25.258872276905436,9.96250832649655,21.446317537629056,8.458774988013625,2027,0.7080073069062879,32.432027692602816,9.777585566976782,22.96211258414987,6.922602025321021
00-0040164,WR,2025,post-2025-season,recent_production_3col,resolved,2026,0.9269341176203172,62.29692487670023,11.344245770196322,57.74514509104332,10.515368443064943,2027,0.8142864080636315,63.52601436638358,10.875108543786375,51.728370057001136,8.855453073421918
00-0040170,WR,2025,post-2025-season,recent_production_3col,resolved,2026,0.9707665975036972,112.21027489515728,12.774817199756416,108.92998676492637,12.401365826739246,2027,0.9145481641490094,114.023006886015,12.294501186817069,104.27953161835488,11.243913489531367
00-0040184,WR,2025,post-2025-season,recent_production_3col,resolved,2026,0.7544546919064562,24.408226235166104,9.25690666379327,18.414900804235323,6.983916665038973,2027,0.577526796370782,25.49366688180413,9.181944204697848,14.723275761992243,5.302818820994416
00-0040218,WR,2025,post-2025-season,recent_production_3col,resolved,2026,0.8400708094617628,42.37276577997293,9.991683763587233,35.59612364791554,8.393721867162679,2027,0.6929375515685534,45.630130857808595,9.87726494151232,31.618831154362585,6.844327784765459
00-0040237,WR,2025,post-2025-season,recent_production_3col,resolved,2026,0.9501874609819546,92.88530499560281,12.010412088376363,88.2584521163063,11.41214296760131,2027,0.8644277723427383,92.59374408574766,11.568348334952523,80.04060393291644,10.000001580867835
00-0040259,WR,2025,post-2025-season,recent_production_3col,resolved,2026,0.8822867851887437,35.23240752300265,10.409377447125319,31.085087567929715,9.18405616364041,2027,0.7526688419777737,41.65030043989057,10.140193894930958,31.348883400118797,7.632207996327775
00-0040277,WR,2025,post-2025-season,recent_production_3col,resolved,2026,0.726949727692863,49.164539577509615,8.991290957830952,35.7401486580156,6.536216513402512,2027,0.5918562678313629,53.3814869077835,9.348324818472053,31.594167612529503,5.532864637536172
00-0040432,WR,2025,post-2025-season,recent_production_3col,resolved,2026,0.5260463710941462,6.65168548844926,7.606105803819702,3.4990950128583265,4.001164356257478,2027,0.4112151196732189,13.500978184373537,8.111688497730759,5.551806359792681,3.335648956346227
00-0040506,WR,2025,post-2025-season,recent_production_3col,resolved,2026,0.883596845025683,22.929901241126338,10.6026793117072,20.260788393409726,9.368493988643563,2027,0.7160591566366548,22.532165576730847,9.967878780759174,16.134363480071354,7.13759087320682
00-0040534,WR,2025,post-2025-season,recent_production_3col,resolved,2026,0.7517126837225933,11.75133918990349,9.210921143604414,8.833630719776837,6.923966252416053,2027,0.565315464416514,13.20655111086134,9.031667928685396,7.4658675745770084,5.10574154956052
00-0040563,WR,2025,post-2025-season,recent_production_3col,resolved,2026,0.7636873390598128,28.19465192949628,9.33936899929614,21.53189870775463,7.132357859570176,2027,0.5887938547362632,29.09185672570598,9.267757868167443,17.12910646296351,5.456798879960642
00-0040581,WR,2025,post-2025-season,recent_production_3col,resolved,2026,0.8304129121513634,37.10821668625183,9.877030248984314,30.815142283174197,8.20201345246617,2027,0.67905692804794,40.62730005880066,9.757951826527856,27.58824957281107,6.626204791361792
00-0040582,WR,2025,post-2025-season,recent_production_3col,resolved,2026,0.833327487807957,26.26901893775981,9.98641588101974,21.89069555858303,8.321954858335666,2027,0.6571548880517764,26.483618984073416,9.633835580653901,17.403839668684665,6.330922142513835
00-0040590,WR,2025,post-2025-season,recent_production_3col,resolved,2026,0.8807694189781219,44.842727409505976,10.504798342584339,39.49610296586488,9.252305132680346,2027,0.741596051850098,47.45841286406019,10.20638911880484,35.19497160705894,7.56901787415147
00-0040648,WR,2025,post-2025-season,recent_production_3col,resolved,2026,0.8707890099945452,95.7143916494955,10.464395513665114,83.34704034669436,9.112280609535805,2027,0.7598127777953607,97.09830097947119,10.676453648059606,73.776529786422,8.112105903335582
00-0040667,WR,2025,post-2025-season,recent_production_3col,resolved,2026,0.9571431764209858,94.01175781700405,12.148821043212054,89.9827124978877,11.6281611630701,2027,0.885199493353129,96.98864358697095,11.745485972802381,85.85429816419389,10.39709823231095
00-0040669,WR,2025,post-2025-season,recent_production_3col,resolved,2026,0.9338957860261676,81.91825113514004,11.541905710893765,76.5031095337406,10.778937106115047,2027,0.833859236664741,82.43134384817515,11.183223396636334,68.73613745848813,9.325234124970446
00-0040705,WR,2025,post-2025-season,recent_production_3col,resolved,2026,0.9656597685881477,109.58897106380334,12.71963753244426,105.82566043728555,12.282842236105243,2027,0.8900191864781511,104.62367920150714,12.068449817712136,93.11708184927645,10.741151888812546
00-0040727,WR,2025,post-2025-season,recent_production_3col,resolved,2026,0.9550399123486728,77.85169453130084,12.142326677984578,74.3514755213692,11.596406606251342,2027,0.8674594290794905,77.78861494798822,11.500780284156333,67.47846751166618,9.976460299262913
00-0040729,WR,2025,post-2025-season,recent_production_3col,resolved,2026,0.9082790130617429,55.27008710991717,10.961551038762227,50.20066017203212,9.956146759112878,2027,0.7836403005328224,57.107948938361616,10.579282697848212,44.752090268870774,8.290352272763462
00-0040735,WR,2025,post-2025-season,recent_production_3col,resolved,2026,0.978874132528411,125.64245939874348,13.297010205886195,122.98815345268113,13.016099330508277,2027,0.9333912724296993,126.52798790029733,12.735494616553634,118.10011962422813,11.887199525166583
00-0040782,WR,2025,post-2025-season,recent_production_3col,resolved,2026,0.9511891231587113,73.08784924201193,11.80700816188398,69.5203672340654,11.23069774063017,2027,0.8768286418585275,80.4293787031187,11.42288521750577,70.52278289378074,10.015912931371435
00-0030061,TE,2025,post-2025-season,recent_production_3col,resolved,2026,0.7734847434696183,99.0093287396397,11.066018628646917,76.58220524127931,8.559396580208977,2027,0.5588983623796625,83.11521446223482,10.184654892622708,46.452957251777484,5.692186940888849
00-0030506,TE,2025,post-2025-season,recent_production_3col,resolved,2026,0.8846199074612303,125.5463709938015,12.785328784340715,111.06081909062998,11.310156366064888,2027,0.7117224789032328,104.7902712732829,11.504913286821523,74.58159163556313,8.188305404063355
00-0031484,TE,2025,post-2025-season,recent_production_3col,resolved,2026,0.21352299961645965,0.0,5.4402872616440305,0.0,1.1616264548814486,2027,0.09144755556899659,0.0,5.161607449189118,0.0,0.47201638403506857
00-0031610,TE,2025,post-2025-season,recent_production_3col,resolved,2026,0.6946934173147219,91.6379579651323,10.055238841431933,63.660286174540595,6.985308232670075,2027,0.5255308770397206,80.6919373769206,9.745650113121878,42.406104619727294,5.121640051271192
00-0032392,TE,2025,post-2025-season,recent_production_3col,resolved,2026,0.8734373797921597,56.62615831449781,11.024992630001329,49.459403345910985,9.629640674976233,2027,0.6447221472966581,47.621705197821655,9.915855171171447,30.702768033068,6.392971438240327
00-0033090,TE,2025,post-2025-season,recent_production_3col,resolved,2026,0.9738633350496575,128.2344136989846,14.503287667760187,124.88279379303064,14.124220097309504,2027,0.912754373611474,112.30370409684889,13.181967840930872,102.50569708716763,12.031898799615453
00-0033110,TE,2025,post-2025-season,recent_production_3col,resolved,2026,0.8046231164045075,70.31274483830815,10.55164165554197,56.57525987475445,8.490094792065795,2027,0.5824826874357766,60.370131900206715,9.767426787355621,35.164556670084714,5.689357004431096
00-0033217,TE,2025,post-2025-season,recent_production_3col,resolved,2026,0.6414456065411741,28.225004992518123,8.748542637855389,18.104805447053455,5.611714238690473,2027,0.35389605510263283,21.940913707514355,7.98353007573353,7.764802806436612,2.82533979959532
00-0033246,TE,2025,post-2025-season,recent_production_3col,resolved,2026,0.699305087936426,21.389712267403027,8.917716661972756,14.957934618091123,6.23620463449299,2027,0.39617645953552394,16.469828507713963,8.086031203463339,6.524958347343359,3.2034952138818773
00-0033288,TE,2025,post-2025-season,recent_production_3col,resolved,2026,0.8872340422702067,139.08473693141522,12.401004200895578,123.40071336574783,11.002593085370398,2027,0.8069174514688016,125.03895394471546,12.065104649757497,100.89611405139465,9.735543495686708
00-0033357,TE,2025,post-2025-season,recent_production_3col,resolved,2026,0.6123173793923373,33.93938911305331,9.073033455796837,20.781677799881628,5.555576068792521,2027,0.28970272351680787,22.34321186169342,7.873829379268353,6.472889328445631,2.2810698156806986
00-0033439,TE,2025,post-2025-season,recent_production_3col,resolved,2026,0.32802398238830505,0.0,6.1149346685992185,0.0,2.005845222038226,2027,0.1546678635819197,0.0,5.909921773155089,0.0,0.9140749745901683
00-0033455,TE,2025,post-2025-season,recent_production_3col,resolved,2026,0.4355955231471069,12.442119115973593,6.966111179870434,5.419731385381137,3.034406843696572,2027,0.25261257854404234,12.540293587965358,6.956570670586104,3.1678358989552495,1.7573172549206135
00-0033576,TE,2025,post-2025-season,recent_production_3col,resolved,2026,0.5865721118035703,7.9637981200278904,7.992482200048189,4.671341881242062,4.688167162634712,2027,0.29795335426072417,4.80929268780578,7.32000047517084,1.4329448879533058,2.1810186947672463
00-0033858,TE,2025,post-2025-season,recent_production_3col,resolved,2026,0.9322763980146559,71.7840498186285,12.124792097991108,66.9225753998156,11.303657503791714,2027,0.7791046884441692,62.25184020581696,10.944017606221042,48.500700568629235,8.526535427422347
00-0033881,TE,2025,post-2025-season,recent_production_3col,resolved,2026,0.9288803059528796,82.18262475566891,12.321765946868064,76.33782162705644,11.44544572260658,2027,0.7760639721273799,70.61155774639278,11.112677596712267,54.79908598276744,8.624148716675467
00-0033885,TE,2025,post-2025-season,recent_production_3col,resolved,2026,0.8530348157205401,83.0451664037956,10.792146140034589,70.84041821974337,9.206076393793543,2027,0.7209519624746512,77.19620877689384,10.532227972061218,55.65475821330451,7.593230425687951
00-0034073,TE,2025,post-2025-season,recent_production_3col,resolved,2026,0.3327073967573437,0.0,6.012843232607048,0.0,2.000517419030702,2027,0.17056799571825446,0.0,6.004655844055612,0.0,1.0242021122984692
00-0034159,TE,2025,post-2025-season,recent_production_3col,resolved,2026,0.6295872146740706,21.81587473322673,8.145762486429863,13.734995808970652,5.12846791522791,2027,0.39650026249756753,21.329049501829246,7.923939832156662,8.456973726298909,3.1418442234650477
00-0034270,TE,2025,post-2025-season,recent_production_3col,resolved,2026,0.4922952610168299,17.563956477095044,7.379995032354553,8.646652538379746,3.6331365807558926,2027,0.2901565734567624,16.88453689324419,7.283080679914158,4.8991593693480215,2.1132337342930394
00-0034351,TE,2025,post-2025-season,recent_production_3col,resolved,2026,0.9592782375204353,145.40182514761258,13.865562607211025,139.4808065598563,13.300932460074645,2027,0.9122258044261419,131.8856678596486,13.269165071311738,120.30950945554692,12.104474781240615
00-0034365,TE,2025,post-2025-season,recent_production_3col,resolved,2026,0.6784962487412206,25.940832553665395,8.529113559029756,17.60075757688611,5.786971554889571,2027,0.4384803844594876,24.74225819440578,8.215047708186752,10.848994885478954,3.60213727743876
00-0034383,TE,2025,post-2025-season,recent_production_3col,resolved,2026,0.9738990936050226,126.96080010756666,14.193292953735863,123.64700814812763,13.822835142913911,2027,0.9256177033031859,114.69683823802174,13.248749317757213,106.16542398601472,12.263276915142082
00-0034613,TE,2025,post-2025-season,recent_production_3col,resolved,2026,0.6917302521496247,46.65049940357266,9.177392198229324,32.26956171533923,6.348279819357169,2027,0.45434273237703815,40.9406972119518,8.693879364048854,18.60110823669917,3.950000905218303
00-0034753,TE,2025,post-2025-season,recent_production_3col,resolved,2026,0.9404763972047848,97.5548609533704,12.657099232553321,91.74804415923953,11.903703085295195,2027,0.8332036653158504,86.75975391039562,11.714596678717824,72.28854496004281,9.760644890404578
00-0034798,TE,2025,post-2025-season,recent_production_3col,resolved,2026,0.5888795579778762,8.071346977751038,7.8602832318024936,4.753051240544098,4.628760115124765,2027,0.3192231413241973,6.701049948604442,7.3798254786967705,2.139130214763861,2.3558110717339313
00-0034829,TE,2025,post-2025-season,recent_production_3col,resolved,2026,0.8229130224712164,64.97258098182046,10.374105601255525,53.466782993505745,8.53698659576476,2027,0.6310021211569425,58.526024256644234,9.83441152303446,36.93004544882518,6.205534531365021
00-0034981,TE,2025,post-2025-season,recent_production_3col,resolved,2026,0.6066393556715224,12.913425577608017,7.7376021057247915,7.833792171912284,4.693933955859502,2027,0.38288878292287937,14.805928466445131,7.663793226611119,5.66902393056039,2.934380461109738
00-0035229,TE,2025,post-2025-season,recent_production_3col,resolved,2026,0.9381922748725378,92.7795172913072,12.239852288848617,87.04502638910745,11.483334862978722,2027,0.8482586649889461,85.88245088533054,11.65702139058382,72.85053313396922,9.88816940252422
00-0035249,TE,2025,post-2025-season,recent_production_3col,resolved,2026,0.8540504111236845,54.75512762584942,10.304196598094649,46.76363925998651,8.800303340902007,2027,0.6804805338742833,51.68748576155322,9.872807775659908,35.172327905641154,6.71825350601923
00-0035631,TE,2025,post-2025-season,recent_production_3col,resolved,2026,0.7934687392880722,34.08105058450438,9.549466249466084,27.042248240899706,7.577202945837849,2027,0.5491191519610946,31.026932226533702,8.937986229649196,17.037482712188545,4.908019418664908
00-0035644,TE,2025,post-2025-season,recent_production_3col,resolved,2026,0.8915971159673229,69.34550500826646,11.008086250173355,61.828252270667925,9.814777952974106,2027,0.7523203883670385,64.87486219558018,10.535573573467083,48.806681522236985,7.926126802460264
00-0035689,TE,2025,post-2025-season,recent_production_3col,resolved,2026,0.9527754040710988,89.20924367724692,12.780014501035986,84.99637319146605,12.176483480259064,2027,0.8535511883756027,79.87810266322731,11.763461726163188,68.18004945338606,10.040716735777508
00-0036040,TE,2025,post-2025-season,recent_production_3col,resolved,2026,0.9642045818255983,127.74037428079745,13.703149222777569,123.16785416566172,13.212639266042018,2027,0.9115785206409485,116.30350349615327,12.987197386114792,106.01977566238277,11.838850180506515
00-0036232,TE,2025,post-2025-season,recent_production_3col,resolved,2026,0.5890091405257332,6.028140156319559,7.391224130794207,3.550629652442442,4.353498572712155,2027,0.3776813442884343,10.166735407818358,7.4752820559323245,3.839786295849661,2.8232745758197315
00-0036244,TE,2025,post-2025-season,recent_production_3col,resolved,2026,0.9764798899255361,119.74255744407722,13.822741423346065,116.92619931239471,13.497629023538114,2027,0.9421285297998249,112.89001295798809,13.30504356095876,106.3569019371925,12.535061129008703
00-0036290,TE,2025,post-2025-season,recent_production_3col,resolved,2026,0.9682681685465468,79.6172036196412,12.850778267773574,77.09080393358748,12.442999537734885,2027,0.8995118580006879,74.97568900201209,12.024692331453146,67.44152131908163,10.816353340952043
00-0036332,TE,2025,post-2025-season,recent_production_3col,resolved,2026,0.599347857462168,10.342880641824301,7.658870544383852,6.198983352664328,4.59032765135657,2027,0.3723651286828304,12.405170690754368,7.572505592798627,4.619252980595226,2.8197370195139135
00-0036422,TE,2025,post-2025-season,recent_production_3col,resolved,2026,0.8820882944926881,47.20491907038956,10.586966939558385,41.638906554465294,9.33863961156553,2027,0.6955544096646951,43.75739354705147,9.893914506925094,30.435648037085123,6.881755864137246
00-0036429,TE,2025,post-2025-season,recent_production_3col,resolved,2026,0.6062354841005487,12.770617525620032,7.733228130094739,7.7420014979072125,4.688157299107965,2027,0.3823011433198584,14.672553034462311,7.658721691399314,5.6093338004961995,2.9279380589905575
00-0036590,TE,2025,post-2025-season,recent_production_3col,resolved,2026,0.8314562630259767,24.813280841312903,9.373151479805212,20.63115776173209,7.793365502175246,2027,0.6297078580477317,26.866661872964276,9.066114175261704,16.918148100916994,5.709003338120225
00-0036628,TE,2025,post-2025-season,recent_production_3col,resolved,2026,0.758346494977157,30.44962005118972,9.04573809275394,23.091362639205883,6.859803777121304,2027,0.5326578168005438,29.865964948420505,8.720410589814719,15.908339686067231,4.64499486637505
00-0036637,TE,2025,post-2025-season,recent_production_3col,resolved,2026,0.9122291901601569,45.282233400720585,10.771113020909706,41.30777510378255,9.825723708187983,2027,0.7667723043874738,44.66574472629594,10.226882429769558,34.248456010964595,7.841690207374171
00-0036741,TE,2025,post-2025-season,recent_production_3col,resolved,2026,0.7368587732477111,20.13852813832286,8.594433302431327,14.839251139019096,6.332883579988822,2027,0.5122583194389277,22.02724347145029,8.410238924443844,11.28363872255722,4.308214857515459
00-0036754,TE,2025,post-2025-season,recent_production_3col,resolved,2026,0.7602999002361208,44.795343128962415,9.092620568271533,34.057894911992925,6.913118510941747,2027,0.5933147062971659,45.49474163307801,9.141256707559647,26.992699270095123,5.4236420386327495
00-0036825,TE,2025,post-2025-season,recent_production_3col,resolved,2026,0.6952967177842824,3.558863861852391,8.222118481615116,2.474466362187063,5.716811993500477,2027,0.41638762770393895,4.751371106055437,7.76544050943181,1.9784121431914639,3.2334333517983787
00-0036876,TE,2025,post-2025-season,recent_production_3col,resolved,2026,0.8212959886382875,19.531752984897835,9.346879985526959,16.041350377570488,7.676555038396786,2027,0.5844611392388938,20.142672294630465,8.822545914183221,11.772609196635424,5.156435235990973
00-0036887,TE,2025,post-2025-season,recent_production_3col,resolved,2026,0.8880336087162005,37.99834854871664,10.561995237160602,33.74381058697284,9.379406745699052,2027,0.6828105997563139,34.719635176720665,9.711580483335364,23.70693491833705,6.631170094407932
00-0036894,TE,2025,post-2025-season,recent_production_3col,resolved,2026,0.9562879057206725,94.65032271738681,12.675679772739894,90.51295888719562,12.121599263459323,2027,0.8862709337235987,88.54241702077371,12.068701746771495,78.47257060714537,10.696139565942799
00-0036970,TE,2025,post-2025-season,recent_production_3col,resolved,2026,0.9863433076349883,151.63336692171373,14.921021828446815,149.56255667739296,14.717250023564093,2027,0.9719190669181009,144.02642211389355,14.638204365296694,139.98202579248795,14.227149928075635
00-0037004,TE,2025,post-2025-season,recent_production_3col,resolved,2026,0.7226449351441566,42.33449580321705,8.760238461694053,30.59280897407636,6.330541954998245,2027,0.55821895651434,43.63572721041239,8.909246304344896,24.358290110140796,4.9733101753406475
00-0037005,TE,2025,post-2025-season,recent_production_3col,resolved,2026,0.957740795857278,67.95936553105193,12.101214455754041,65.08745682966534,11.589826763693473,2027,0.8792871963066784,66.31846671549778,11.522075281318504,58.31297866162781,10.13121326974503
00-0037086,TE,2025,post-2025-season,recent_production_3col,resolved,2026,0.7518816770642334,26.8029038977621,8.798552165167095,20.152612332840846,6.615470157682977,2027,0.5411906265357396,28.251430297315242,8.646910567661417,15.28940926313481,4.679626947711189
00-0037112,TE,2025,post-2025-season,recent_production_3col,resolved,2026,0.9335052407807443,98.93564140630119,11.900407812014482,92.35693975278656,11.109093059943628,2027,0.8724790713628549,95.65387223258485,11.8430363160488,83.4560016177468,10.332801327142821
00-0037252,TE,2025,post-2025-season,recent_production_3col,resolved,2026,0.8832168183469403,74.31560555793348,10.49682281045481,65.6367926944042,9.270970445401487,2027,0.8006338656976899,75.32991018127935,10.735474929659095,60.31167719109745,8.595184793033596
00-0037292,TE,2025,post-2025-season,recent_production_3col,resolved,2026,0.794382665120001,19.020451944624803,9.074209273535494,15.109517307557956,7.208394546567754,2027,0.5575752082498434,20.104434602518197,8.65976965075387,11.209734310244441,4.828472866414763
00-0037306,TE,2025,post-2025-season,recent_production_3col,resolved,2026,0.8666486850769417,33.24156742468834,9.752813418156805,28.80876069850265,8.452262924646348,2027,0.7060985499647032,36.09027211545694,9.566051576860124,25.48328880855571,6.754575147308496
00-0037348,TE,2025,post-2025-season,recent_production_3col,resolved,2026,0.7062921478336754,21.428375622428575,8.376928805804244,15.13469344295185,5.916559038501266,2027,0.4926585097149746,23.671186574889028,8.311426758528029,11.661811501169943,4.094695120461581
00-0037475,TE,2025,post-2025-season,recent_production_3col,resolved,2026,0.6098627569264213,13.35895349170272,7.615754879803552,8.147128206101664,4.64456526707284,2027,0.4081306889228104,17.013340916269797,7.735620863471655,6.9436665490358305,3.157144272254352
00-0037654,TE,2025,post-2025-season,recent_production_3col,resolved,2026,0.5959795363042093,7.768461075105327,7.309034283918774,4.629843829338572,4.356034863361479,2027,0.408241473943471,13.583418440953928,7.59309161204656,5.545314765525956,3.099814911489694
00-0037744,TE,2025,post-2025-season,recent_production_3col,resolved,2026,0.9919925126192982,212.00495950196105,16.64858697304389,210.3073324641029,16.515273622950726,2027,0.9878371473778416,199.0583876325361,16.581553633385575,196.63726980055708,16.37987464029629
00-0037805,TE,2025,post-2025-season,recent_production_3col,resolved,2026,0.9310185781316834,52.49665154219816,11.113596166405854,48.87535787549177,10.346964500776906,2027,0.819738325764841,52.75566379693464,10.683711782067634,43.24583951551204,8.757848009186228
00-0037809,TE,2025,post-2025-season,recent_production_3col,resolved,2026,0.9701778227481102,99.16139701051486,13.192374347250311,96.20418825232227,12.798949021093328,2027,0.9191900398578409,93.66825952516986,12.57414583925743,86.09893120635546,11.55802961516534
00-0037838,TE,2025,post-2025-season,recent_production_3col,resolved,2026,0.9176702258216236,64.6286184322725,10.971157543072959,59.307758871283056,10.067904620076371,2027,0.8211493911670614,64.96488445421852,10.825316805514529,53.345875316820035,8.889202304038813
00-0038041,TE,2025,post-2025-season,recent_production_3col,resolved,2026,0.9807132147163452,136.85432226169618,14.346846620899964,134.21484233309474,14.070142070625138,2027,0.9563952308952747,128.87152795498838,13.912732809573292,123.25211473433795,13.306071307796111
00-0038046,TE,2025,post-2025-season,recent_production_3col,resolved,2026,0.8948193840233566,42.524784736230956,10.429646503408271,38.05200168340002,9.332649859761144,2027,0.7390929477286933,42.529719791050624,9.98433883803798,31.43341596644295,7.379354422927567
00-0038115,TE,2025,post-2025-season,recent_production_3col,resolved,2026,0.9273651782759409,61.94929132268113,11.14610456527388,57.44961559152638,10.33650924725749,2027,0.8289722107483914,62.02323829622044,10.874784450945397,51.415540968192154,9.014894107712438
00-0038129,TE,2025,post-2025-season,recent_production_3col,resolved,2026,0.9600612545331648,101.90541457710856,12.762398284778307,97.83544016262111,12.252684108136172,2027,0.9069907089892745,97.10961465231254,12.382357087648275,88.07751824317619,11.230682833884478
00-0038547,TE,2025,post-2025-season,recent_production_3col,resolved,2026,0.8859748579809944,35.56867434945328,10.352085301887646,31.51295120532911,9.171687305147048,2027,0.6947113277978463,34.24175559595788,9.681301211264891,23.788135496197235,6.72570961928873
00-0038558,TE,2025,post-2025-season,recent_production_3col,resolved,2026,0.946108832521572,73.99172014482939,11.636461733032178,70.00421996248741,11.009359224921022,2027,0.8794111430165951,74.62227293273988,11.503070705211808,65.6236583342771,10.115928557071026
00-0038564,TE,2025,post-2025-season,recent_production_3col,resolved,2026,0.8019462171597956,7.451077424178745,8.705882747288074,5.975363354084899,6.9816497362244,2027,0.5808731344053585,12.442562122506956,8.505536739498659,7.227550060134006,4.940637785672519
00-0038589,TE,2025,post-2025-season,recent_production_3col,resolved,2026,0.706041448970836,20.630283417127927,8.216991542104635,14.565835196508012,5.80153661456866,2027,0.5136401919817879,24.717121304529968,8.339089776252429,12.695706932095913,4.283291673627662
00-0038643,TE,2025,post-2025-season,recent_production_3col,resolved,2026,0.5983585412855428,0.0,7.158529480938494,0.0,4.283367257963911,2027,0.37703887492406013,0.7177851727161766,7.265204527878024,0.2706329139580794,2.7392645412843177
00-0038710,TE,2025,post-2025-season,recent_production_3col,resolved,2026,0.7735224106656169,7.227556246245133,8.442026258914744,5.590676730816872,6.530096502698172,2027,0.5551705981064637,12.673096134238854,8.352980387935522,7.035730360706098,4.637329117941725
00-0038720,TE,2025,post-2025-season,recent_production_3col,resolved,2026,0.8737028609618918,38.51248279806302,9.914252882320548,33.6484664034133,8.662111107583145,2027,0.7247864738075661,41.01303805955014,9.753237331041296,29.72569523531685,7.069014493373738
00-0038783,TE,2025,post-2025-season,recent_production_3col,resolved,2026,0.7116292050120389,22.915212248935667,8.28697515218547,16.307134275392222,5.897253539504265,2027,0.5235769642660291,26.851128216255095,8.420234339641311,14.058632198584759,4.40864073395797
00-0038933,TE,2025,post-2025-season,recent_production_3col,resolved,2026,0.9661502151230282,130.53864043754686,13.382376472050856,126.11993554060354,12.929385907329285,2027,0.9355559913610169,124.29087762003967,13.25458895121723,116.28107522894703,12.400410106338816
00-0038935,TE,2025,post-2025-season,recent_production_3col,resolved,2026,0.957116937569043,109.08693371348406,12.58985298285495,104.40895192464706,12.049961531394612,2027,0.9167891631502916,106.04739049916523,12.548781188934312,97.22309839000188,11.504586604759208
00-0038996,TE,2025,post-2025-season,recent_production_3col,resolved,2026,0.9387886966394752,148.1221917744374,12.500386688971307,139.05543935930646,11.735221727228819,2027,0.9292413462748185,144.70078618366105,13.211946081504504,134.46195336032986,12.277086563687558
00-0039041,TE,2025,post-2025-season,recent_production_3col,resolved,2026,0.9614245181078809,61.84070411585741,12.170820327880481,59.455169154040256,11.701325068710092,2027,0.8786801436244924,60.164657851283735,11.449402019474036,52.86549020188444,10.060362210886
00-0039050,TE,2025,post-2025-season,recent_production_3col,resolved,2026,0.7361462203534198,4.29663241603933,8.095246482555009,3.162949713315335,5.9592851009621866,2027,0.5174048273512978,10.37505424796312,8.104276181315246,5.368103151927707,4.1931916184006495
00-0039065,TE,2025,post-2025-season,recent_production_3col,resolved,2026,0.9424816409411894,124.72945942577613,12.162433584041743,117.55522559331298,11.462870362125892,2027,0.9218099990463816,123.7658974267212,12.726443683528228,114.08864178890043,11.731363039776985
00-0039066,TE,2025,post-2025-season,recent_production_3col,resolved,2026,0.9462943611168746,74.29930671834197,11.645882603619981,70.30901498246011,11.020433038034694,2027,0.8799782075535709,74.90954309393364,11.51399401182185,65.9187654604567,10.13206381230554
00-0039074,TE,2025,post-2025-season,recent_production_3col,resolved,2026,0.9567305518400694,65.18040663796795,11.880606505085915,62.3600864119032,11.366539217805565,2027,0.8844367485781889,65.51437305734369,11.479391879375823,57.94331909197555,10.152796029450018
00-0039144,TE,2025,post-2025-season,recent_production_3col,resolved,2026,0.9332661152094167,55.49562063394581,11.20544965463695,51.79218228017815,10.457666468357727,2027,0.8273294841181447,55.55654786857386,10.790214021515542,45.96357008749222,8.927062199944825
00-0039305,TE,2025,post-2025-season,recent_production_3col,resolved,2026,0.5654183175786707,0.0,6.984485292168903,0.0,3.949155923051111,2027,0.3645131613115011,3.686961387828653,7.216783699330619,1.3439459511108616,2.6306126407443133
00-0039338,TE,2025,post-2025-season,recent_production_3col,resolved,2026,0.9806747143816796,162.87388056117507,14.22328303093671,159.72629629956617,13.948414023933648,2027,0.9742451778846045,159.42498655007952,14.715544051505985,155.3190243807329,14.336547832128183
00-0039356,TE,2025,post-2025-season,recent_production_3col,resolved,2026,0.9485019296306071,62.50623287170494,11.270704535126885,59.28728249275222,10.690284999864286,2027,0.8892751870359625,67.03874686032692,11.351816877577518,59.61589415287377,10.094889077005742
00-0039359,TE,2025,post-2025-season,recent_production_3col,resolved,2026,0.7975456216460194,33.411624015089515,8.986990764131898,26.647294445317637,7.1675351357066095,2027,0.6403380337816017,37.56697044346062,9.138235422622019,24.05555998889712,5.851559702755168
00-0039458,TE,2025,post-2025-season,recent_production_3col,resolved,2026,0.5999661456085845,9.167979984587562,7.351899245093286,5.50047761436965,4.410890652981281,2027,0.41414403507386466,14.890497674385564,7.642792657122251,6.166810791128035,3.1652169902535126
00-0039530,TE,2025,post-2025-season,recent_production_3col,resolved,2026,0.9304823312107663,38.35085973720864,11.072837256770335,35.68479737221501,10.303079423797087,2027,0.7809464981628294,37.313612717053076,10.269965813619233,29.139935185186616,8.020293838397913
00-0039648,TE,2025,post-2025-season,recent_production_3col,resolved,2026,0.8245561034758627,20.723777534384283,9.247896723126447,17.087917253052527,7.625409687368342,2027,0.6129488033468229,23.047274502547154,8.92088384874183,14.12679932674202,5.468045079882304
00-0039686,TE,2025,post-2025-season,recent_production_3col,resolved,2026,0.8089983164834212,11.249771607059113,8.822230499047462,9.101046290933814,7.13716962135809,2027,0.5968921027512918,15.99034861324997,8.640439576132676,9.544512807488978,5.157410147293313
00-0039754,TE,2025,post-2025-season,recent_production_3col,resolved,2026,0.6017765232409117,9.108919448324734,7.214597305279195,5.481533876094382,4.341575282954165,2027,0.43781271757096213,16.626650264537595,7.696700869567742,7.279358936419161,3.3697135240362406
00-0039793,TE,2025,post-2025-season,recent_production_3col,resolved,2026,0.991724492790612,122.27662015461041,15.035938970923858,121.26471910298135,14.911508949570061,2027,0.9766351037551979,117.99488624372324,14.430763213147317,115.23794796922142,14.093589927938824
00-0039847,TE,2025,post-2025-season,recent_production_3col,resolved,2026,0.9736444164349165,108.498849074323,13.207379112868407,105.6392985908293,12.859290928983466,2027,0.9421189637358159,105.97158742546586,13.01775756029005,99.83784213071931,12.264276262864545
00-0039912,TE,2025,post-2025-season,recent_production_3col,resolved,2026,0.8760990279738416,38.9679019424103,9.65721559572781,34.13974101392564,8.460677196350957,2027,0.7634979572030701,45.02100053032257,9.881421860984943,34.37344193613961,7.5444454051237635
00-0040058,TE,2025,post-2025-season,recent_production_3col,resolved,2026,0.5940084887955914,0.0,6.7981956789612905,0.0,4.038185941796516,2027,0.41162240395356403,1.5759318861569653,7.273618862617626,0.6486888714470045,2.9939844816726553
00-0040126,TE,2025,post-2025-season,recent_production_3col,resolved,2026,0.9938756755613016,146.47236331110557,15.506028742176671,145.57531903688545,15.411064791403799,2027,0.9872583976339862,144.1750996937246,15.402036683043747,142.33807790234675,15.205790056001645
00-0040128,TE,2025,post-2025-season,recent_production_3col,resolved,2026,0.9891199823691184,141.38161163168678,14.85006221349245,139.84337720445157,14.688493274789963,2027,0.977313709068015,137.15584736308116,14.67538245505264,134.04428990677937,14.342452459139167
00-0040187,TE,2025,post-2025-season,recent_production_3col,resolved,2026,0.9666337827237498,58.311802101115134,11.913267230449762,56.36615784243962,11.515766567568543,2027,0.9099424740956527,61.803488442249815,11.636715632718102,56.237619180882874,10.588741813183068
00-0040189,TE,2025,post-2025-season,recent_production_3col,resolved,2026,0.9852933082294099,114.92427267360401,13.90422444614611,113.23411681843406,13.699739302907535,2027,0.9677046694948148,114.23735521086772,13.791809925455933,110.5480220682945,13.34639886564864
00-0040194,TE,2025,post-2025-season,recent_production_3col,resolved,2026,0.9341042985149722,56.638085049849686,11.240441459677367,52.905878704721175,10.499744684690537,2027,0.8301540657542018,56.62355132443642,10.830786303209983,47.00627134942261,8.99122128492469
00-0040509,TE,2025,post-2025-season,recent_production_3col,resolved,2026,0.7396198728969855,4.420094964793343,7.828041911701,3.2691900760530577,5.789775363764569,2027,0.56647623677099,14.072986200704797,8.220671953272866,7.972012263105325,4.656815311818837
00-0040584,TE,2025,post-2025-season,recent_production_3col,resolved,2026,0.975242603318187,84.94089574329226,12.864365561133518,82.83798029286706,12.545877359876682,2027,0.9357740849366265,84.88239070346809,12.526387677825674,79.43074148777106,11.721868966778754
00-0040663,TE,2025,post-2025-season,recent_production_3col,resolved,2026,0.9915083347647162,146.96944085449223,15.00723260431758,145.72142556293906,14.879796208933678,2027,0.9845861928465418,145.51792751751927,15.130452462706629,143.27494224539333,14.897234586301902
00-0040736,TE,2025,post-2025-season,recent_production_3col,resolved,2026,0.9730082877159408,90.20277597633458,12.497531865746712,87.76804859995791,12.160202081365616,2027,0.9461113003491628,93.81863390500178,12.680645365010834,88.76286972084328,11.997301875556984
00-0040737,TE,2025,post-2025-season,recent_production_3col,resolved,2026,0.9561956758811974,62.704121835179166,11.533775950951231,59.957410158726084,11.028546690882113,2027,0.8991382802644389,66.78427366849554,11.50346295358982,60.04829697500073,10.343203897176434
00-0040739,TE,2025,post-2025-season,recent_production_3col,resolved,2026,0.9487441168773398,48.78582938373491,11.107481556853068,46.28526861480015,10.538157780387904,2027,0.8749255061790507,53.7852988744776,11.009183329485424,47.05812984274384,9.632215297168
