gsis_id,name,position,position_current,team,draft_season,pick,round,age_at_draft,identity_status,coverage_status,p_appear_year1,p_qual_year1,e_points_year1_given_appear,e_games_year1_given_appear,e_ppg_year1_given_appear,e_points_year1,e_games_year1,e_ppg_given_qual_year1,p_appear_by_h1,p_qual_h1,e_qual_seasons_h1,p_appear_year2,p_qual_year2,e_points_year2_given_appear,e_games_year2_given_appear,e_ppg_year2_given_appear,e_points_year2,e_games_year2,e_ppg_given_qual_year2,p_appear_by_h2,p_qual_h2,e_qual_seasons_h2,p_appear_year3,p_qual_year3,e_points_year3_given_appear,e_games_year3_given_appear,e_ppg_year3_given_appear,e_points_year3,e_games_year3,e_ppg_given_qual_year3,p_appear_by_h3,p_qual_h3,e_qual_seasons_h3,p_appear_year4,p_qual_year4,e_points_year4_given_appear,e_games_year4_given_appear,e_ppg_year4_given_appear,e_points_year4,e_games_year4,e_ppg_given_qual_year4,p_appear_by_h4,p_qual_h4,e_qual_seasons_h4,p_appear_year5,p_qual_year5,e_points_year5_given_appear,e_games_year5_given_appear,e_ppg_year5_given_appear,e_points_year5,e_games_year5,e_ppg_given_qual_year5,p_appear_by_h5,p_qual_h5,e_qual_seasons_h5,p_appear_year6,p_qual_year6,e_points_year6_given_appear,e_games_year6_given_appear,e_ppg_year6_given_appear,e_points_year6,e_games_year6,e_ppg_given_qual_year6,p_appear_by_h6,p_qual_h6,e_qual_seasons_h6,model_version,model_policy,scoring_arm_id,evaluation_sha256,p_appear_year1_lo90,p_appear_year1_hi90,p_qual_year1_lo90,p_qual_year1_hi90,e_points_year1_given_appear_lo90,e_points_year1_given_appear_hi90,e_games_year1_given_appear_lo90,e_games_year1_given_appear_hi90,e_ppg_year1_given_appear_lo90,e_ppg_year1_given_appear_hi90,e_points_year1_lo90,e_points_year1_hi90,e_games_year1_lo90,e_games_year1_hi90,e_ppg_given_qual_year1_lo90,e_ppg_given_qual_year1_hi90,p_appear_by_h1_lo90,p_appear_by_h1_hi90,p_qual_h1_lo90,p_qual_h1_hi90,e_qual_seasons_h1_lo90,e_qual_seasons_h1_hi90,p_appear_year2_lo90,p_appear_year2_hi90,p_qual_year2_lo90,p_qual_year2_hi90,e_points_year2_given_appear_lo90,e_points_year2_given_appear_hi90,e_games_year2_given_appear_lo90,e_games_year2_given_appear_hi90,e_ppg_year2_given_appear_lo90,e_ppg_year2_given_appear_hi90,e_points_year2_lo90,e_points_year2_hi90,e_games_year2_lo90,e_games_year2_hi90,e_ppg_given_qual_year2_lo90,e_ppg_given_qual_year2_hi90,p_appear_by_h2_lo90,p_appear_by_h2_hi90,p_qual_h2_lo90,p_qual_h2_hi90,e_qual_seasons_h2_lo90,e_qual_seasons_h2_hi90,p_appear_year3_lo90,p_appear_year3_hi90,p_qual_year3_lo90,p_qual_year3_hi90,e_points_year3_given_appear_lo90,e_points_year3_given_appear_hi90,e_games_year3_given_appear_lo90,e_games_year3_given_appear_hi90,e_ppg_year3_given_appear_lo90,e_ppg_year3_given_appear_hi90,e_points_year3_lo90,e_points_year3_hi90,e_games_year3_lo90,e_games_year3_hi90,e_ppg_given_qual_year3_lo90,e_ppg_given_qual_year3_hi90,p_appear_by_h3_lo90,p_appear_by_h3_hi90,p_qual_h3_lo90,p_qual_h3_hi90,e_qual_seasons_h3_lo90,e_qual_seasons_h3_hi90,p_appear_year4_lo90,p_appear_year4_hi90,p_qual_year4_lo90,p_qual_year4_hi90,e_points_year4_given_appear_lo90,e_points_year4_given_appear_hi90,e_games_year4_given_appear_lo90,e_games_year4_given_appear_hi90,e_ppg_year4_given_appear_lo90,e_ppg_year4_given_appear_hi90,e_points_year4_lo90,e_points_year4_hi90,e_games_year4_lo90,e_games_year4_hi90,e_ppg_given_qual_year4_lo90,e_ppg_given_qual_year4_hi90,p_appear_by_h4_lo90,p_appear_by_h4_hi90,p_qual_h4_lo90,p_qual_h4_hi90,e_qual_seasons_h4_lo90,e_qual_seasons_h4_hi90,p_appear_year5_lo90,p_appear_year5_hi90,p_qual_year5_lo90,p_qual_year5_hi90,e_points_year5_given_appear_lo90,e_points_year5_given_appear_hi90,e_games_year5_given_appear_lo90,e_games_year5_given_appear_hi90,e_ppg_year5_given_appear_lo90,e_ppg_year5_given_appear_hi90,e_points_year5_lo90,e_points_year5_hi90,e_games_year5_lo90,e_games_year5_hi90,e_ppg_given_qual_year5_lo90,e_ppg_given_qual_year5_hi90,p_appear_by_h5_lo90,p_appear_by_h5_hi90,p_qual_h5_lo90,p_qual_h5_hi90,e_qual_seasons_h5_lo90,e_qual_seasons_h5_hi90,p_appear_year6_lo90,p_appear_year6_hi90,p_qual_year6_lo90,p_qual_year6_hi90,e_points_year6_given_appear_lo90,e_points_year6_given_appear_hi90,e_games_year6_given_appear_lo90,e_games_year6_given_appear_hi90,e_ppg_year6_given_appear_lo90,e_ppg_year6_given_appear_hi90,e_points_year6_lo90,e_points_year6_hi90,e_games_year6_lo90,e_games_year6_hi90,e_ppg_given_qual_year6_lo90,e_ppg_given_qual_year6_hi90,p_appear_by_h6_lo90,p_appear_by_h6_hi90,p_qual_h6_lo90,p_qual_h6_hi90,e_qual_seasons_h6_lo90,e_qual_seasons_h6_hi90
00-0041562,Fernando Mendoza,QB,QB,LVR,2026,1,1,22.0,resolved,scored,0.9862248699585445,0.9163345357386958,198.60706313487046,13.44075257999398,15.111366450365473,195.87122501303605,13.255604465349535,15.747210577239478,0.9862248699585445,0.9163345357386958,0.9163345357386958,0.9951970785627675,0.954302214073386,235.92562357707016,14.159151122734704,17.211826433943326,234.7924913419994,14.091145832274307,16.64664067371063,0.9999966077013747,0.9841880683142544,1.870636749812082,0.9769892428110056,0.8594139228907016,217.262728001923,13.21092187217258,15.763948415452074,212.26334812165223,12.906928556729243,17.450460968325658,0.9999966847402058,0.9888961042393594,2.7300506727027836,0.8571223438226023,0.8260170849981732,199.6818692763466,12.6699339501902,15.242160861287417,171.15179181302068,10.859683483464588,16.405131836461333,0.9999976229409953,0.9900835352312884,3.5560677577009567,0.88719354261694,0.8311912590798691,203.4287279508318,12.449941745067786,15.59240872765318,180.48065382075617,11.045507922181217,17.165860453912714,0.9999982420573857,0.9903865963603077,4.387259016780826,0.8340146569387437,0.6258285500145444,168.24995760497137,11.332416854787706,13.866501635455794,140.32293067186836,9.451401755432604,16.19611603928708,0.9999982421433418,0.990609132095336,5.01308756679537,dg165_rookie_capital_v3_chain,inner_menu,dg165_rookie_capital_v3_chain:inner_menu:trend,12a85a78dd469fb63f936a1a721c1e50ac9fc44864694929747a009c3dd9281e,0.9603874867400971,0.9982675209247115,0.8552542645200425,0.9688363082956958,173.347207608123,219.49568097398404,12.335403794522795,14.67544810297551,13.500367833134849,16.421514011889883,170.3797377831053,217.1571085824203,12.066024135729899,14.48677988387264,14.538890608961815,17.096942378449057,0.9603874867400971,0.9982675209247115,0.8552542645200425,0.9688363082956958,0.8552542645200425,0.9688363082956958,0.9846109090883227,0.9992950746834929,0.9116156448378349,0.9877145863599817,213.06702525868258,257.33384472489337,13.182157036987583,15.025217381134196,15.940734330878072,18.394258720172754,211.61795901300326,256.0238778209381,13.101392904690881,14.97940566405258,15.193017919312243,17.734957480620114,0.9999220728260587,0.9999999833621978,0.9628580485087371,0.9970293203239393,1.786985772992236,1.938798690069554,0.9436833654651797,0.9927201697243544,0.7478210081775671,0.9358914429510535,189.9887426224237,239.9366598073396,11.889970349505099,14.29502939513729,13.94150542528565,16.99779557806058,185.60392914873523,235.0629384828124,11.669537223884653,14.05963641439493,15.950491546452655,18.529117794198367,0.9999282126848329,0.999999993176302,0.9728982979151745,0.9987627634932389,2.5687097856866337,2.837816926654956,0.7073882840274686,0.942744486898085,0.6855766762814612,0.9209259291837513,177.89072456610785,224.14858891575722,11.600568917022283,13.873997789417757,13.974219057160242,16.722528420727755,138.11248424018788,199.2663258719247,8.787884126376827,12.367694514859497,15.166593179415777,17.65919985419003,0.9999566355539695,0.999999998553808,0.9757851769338225,0.9989715696192151,3.305925565809934,3.733972453707917,0.7919105286467635,0.954435059304148,0.7191201887343033,0.9162792360217313,172.50708176836665,230.32268529830253,11.195536556620588,13.699787809715895,13.566581689417118,17.35034534593856,148.00142645477155,208.56513672544693,9.329600516340692,12.511131610253711,15.490643760298086,18.44548911247575,0.9999623638585358,0.999999999997816,0.9763077640649687,0.9992204284436892,4.106553744264141,4.616098932474081,0.7064557573558979,0.9437616396481973,0.4696811287543901,0.7714291379809135,135.97918017080607,203.01626811458124,9.684480802188189,13.011668422302396,11.77762629042871,15.766694055030412,105.1621695596487,174.19403065019677,7.397070171294347,11.45714746377976,14.62728635657796,17.582912359622114,0.9999623659019616,0.9999999999978161,0.9763257012543178,0.9993285331515046,4.63737721638697,5.28229706507183
00-0041027,Jeremiyah Love,RB,RB,ARI,2026,3,1,21.0,resolved,scored,0.9946162826224414,0.950421684015737,254.71935576644168,15.394494712433161,18.192497196507396,253.34801874440134,15.3116151037311,18.197700789793778,0.9946162826224414,0.950421684015737,0.950421684015737,0.9970172484524792,0.946257052616122,260.91163198902575,14.869427783866616,19.519878828195758,260.1333974149443,14.825075975133538,17.519229859469007,0.9999925690901331,0.996232186969723,1.8966787366318592,0.9901691748187575,0.8659999663058812,250.3443779955928,12.56890996548575,18.793919704242544,247.88328618041123,12.445347208896283,20.429905982807277,0.999992835268479,0.9973318834407163,2.76267870293774,0.9263952087996677,0.892342442615262,220.84045488816193,12.944172477473051,17.65267446657642,204.58553931753238,11.99141936500756,17.190099055979328,0.9999944069818949,0.997372863994218,3.655021145553002,0.9522627384813054,0.8039954903882544,206.86436636768997,12.553853885826538,16.684112073738895,196.9892280114965,11.954567279811355,18.121570604714297,0.9999962156193963,0.9976258172738162,4.459016635941256,0.8806976972600911,0.7415294634541656,212.81236821201458,13.634161374537367,14.758013782119853,187.42336263278784,12.007574526627538,17.055876066846068,0.9999962157524175,0.9977480519389432,5.200546099395422,dg165_rookie_capital_v3_chain,inner_menu,dg165_rookie_capital_v3_chain:inner_menu:trend,12a85a78dd469fb63f936a1a721c1e50ac9fc44864694929747a009c3dd9281e,0.9761814737857251,0.9992441887190389,0.8939102577062256,0.979417466210208,229.62106218012258,280.50551538378755,14.405874644475707,16.51802017622091,16.56074381764517,19.89738348058461,228.30702105699802,278.47145974515956,14.20995159718613,16.439460898718416,16.734406564146244,19.786092312699527,0.9761814737857251,0.9992441887190389,0.8939102577062256,0.979417466210208,0.8939102577062256,0.979417466210208,0.9872111272111458,0.9994286789315678,0.8605960255209869,0.9836522534681325,234.78625843775126,293.1731011240824,13.72064860484287,16.217872653927422,17.959385205982997,21.760113125392422,233.38330062688487,290.6538476838972,13.636551732621392,16.188082083312235,15.912888060369427,19.477510651088636,0.999896081642884,0.9999998553985525,0.9880105150257396,0.9991691450414446,1.803844454220779,1.955597729364104,0.9770257392550794,0.9969541112468818,0.6994236191143943,0.9480887779847943,206.1752764025117,299.37046236613844,10.970930015597917,14.2973618231284,16.28677693816722,21.32273448766768,204.76126604486262,295.97466437002964,10.850503949320787,14.112134928630578,17.93510878212865,22.729532466596563,0.9999063935792508,0.9999999243698386,0.9916327104744136,0.9994245832244647,2.568058196300005,2.8653008220009943,0.7612681681279425,0.98002367422782,0.7116554013381327,0.955683604832072,184.477803475577,258.7101711284805,11.483770151250354,14.727554439430909,15.031107323247904,20.66967924486118,159.16794172282928,242.85045053213236,9.204485980681717,13.776590058731587,14.799091424583537,19.683659891575505,0.9999322808203326,0.9999999609223481,0.9916473185998645,0.9994393124765967,3.3920853865265577,3.7962685722574157,0.8637258943188519,0.9884949616252247,0.6190308395078413,0.9012828728594928,168.2250735100276,237.79766469177443,10.796333018550904,14.022461597141511,14.44278034784387,18.776432239938384,156.35128607891073,227.27881527908343,9.917714359554179,13.4927778819108,16.47782731731107,19.771634716515383,0.9999462017363351,0.9999999998818754,0.9917571784941518,0.9996003952231144,4.1206306218979805,4.63528891620565,0.7702742343689506,0.9592787633955312,0.5884220370942277,0.8582049085653866,172.18931198870612,252.78512683869593,12.065947938178578,15.335993808443057,12.34116918667781,17.30511962519067,146.43057643844816,227.7748683978193,9.747953163949052,14.08055127178185,14.696299096763621,19.987448894783704,0.9999462307664415,0.9999999998819071,0.9923448014864453,0.9996397187357234,4.724941985912318,5.443761344800625
00-0041438,Carnell Tate,WR,WR,TEN,2026,4,1,21.0,resolved,scored,0.994668284847819,0.8397853610142684,182.50232777316054,14.499914979928583,13.065918952798055,181.5292773468641,14.422605563524762,14.440143058641276,0.994668284847819,0.8397853610142684,0.8397853610142684,0.9897645959808834,0.8149332805312071,191.51155875309763,13.653048370271794,14.518114158899213,189.55136057492888,13.51330390410952,15.600871561637774,0.9999675405211409,0.9306188621849759,1.6547186415454753,0.9800660554534749,0.8371879259190097,186.7806161195359,12.79802059363289,13.667127702026946,183.05734167544327,12.542905560814125,15.787026529825607,0.9999691510539485,0.9495630429132872,2.491906567464485,0.9402007776280004,0.8809152926521445,181.03981397025433,12.200658621835483,13.894362072098364,170.21377387646163,11.471068723823489,15.497731987228619,0.9999761597897134,0.950100861739254,3.3728218601166295,0.9135271350191247,0.722131468528858,182.60750136145862,12.931401609853085,13.712302752754663,166.8169075517342,11.813186264430787,16.804752128010502,0.9999819763967264,0.9528178381213707,4.094953328645488,0.8595158567155541,0.7031765959968109,166.14680358973007,12.256746451428993,12.044987757962254,142.80581222797773,10.534867926745319,14.754169869504445,0.99998197719842,0.9543822914096094,4.798129924642299,dg165_rookie_capital_v3_chain,inner_menu,dg165_rookie_capital_v3_chain:inner_menu:trend,12a85a78dd469fb63f936a1a721c1e50ac9fc44864694929747a009c3dd9281e,0.9855465672390596,0.9986594462700122,0.7484828469063803,0.9092274089743914,163.72056269165017,201.15580273760375,13.575305040338032,15.411182635249581,11.929771559933616,14.182212463663438,162.69271776772055,200.139588992509,13.521859576212806,15.316820183602946,13.441644718474059,15.542451448766425,0.9855465672390596,0.9986594462700122,0.7484828469063803,0.9092274089743914,0.7484828469063803,0.9092274089743914,0.9646489414246588,0.9983566892072165,0.7076036161301723,0.8905331717244044,174.5484612568686,208.85844292455414,12.480742878804877,14.593385780149578,13.353551054987895,15.638239198222342,170.59640081551734,206.18005897542776,12.332328436347535,14.464847276819546,14.568686008186651,16.655716280432973,0.9997367120401757,0.9999989189964961,0.8660745174253655,0.9709354661370604,1.4988677018438332,1.7789382484526461,0.9381189381093262,0.9928247982276556,0.7314174198372492,0.9059308992103009,164.2596486439524,209.3634682063056,11.580219782273875,13.783335174595162,12.264856519663216,15.043757841886753,159.24502864574282,204.06561087041356,11.274034810366446,13.507867913985605,14.49896874108315,17.033015963258073,0.9997452174503756,0.9999993518070697,0.9005789505022489,0.9832527201064114,2.2860206272101413,2.652662792238294,0.8505848845334227,0.9748043520912718,0.7874750783738442,0.9336855693429132,157.47572185091929,202.1240696446352,11.091481936366497,13.163345560276724,12.197141404533799,15.377855139323044,141.45239397852157,190.0468902824237,9.976117553391749,12.634696680762582,14.007605298737706,16.993401903002788,0.9998035801431571,0.9999998154665236,0.9015501525840074,0.9834255029674889,3.1047298538931867,3.571847624534553,0.8122117549311327,0.9575438541136899,0.5764230125164296,0.8090220692299511,151.97471826757723,211.31295877364522,11.532100018526735,14.317770025618925,11.899908748535639,15.545004210770015,135.08472537316186,193.6534460914192,9.882047989982306,13.22387315331671,14.870948364252357,18.275989227128328,0.9998398805703413,0.9999999965165263,0.906170158763864,0.9845866935552156,3.695678057652613,4.350131286468456,0.756990724859312,0.9310083678894371,0.5676460824087338,0.810944103263371,131.95970299246386,194.43309659103852,10.916273543607868,13.66884332550772,10.046845791735354,13.821004706600982,108.84487180590371,171.12790006969524,8.851171291661464,12.1314409806926,12.649368208298728,16.4019255074513,0.9998398865207144,0.9999999965165484,0.9125852943312263,0.9869286700649351,4.345143827014476,5.136468450771563
00-0041029,Jordyn Tyson,WR,WR,NOR,2026,8,1,22.0,resolved,scored,0.9924947520863566,0.7847953441297263,159.2675016362955,14.061758998821649,11.518440133203399,158.07215955192848,13.956222011433587,13.60359503957003,0.9924947520863566,0.7847953441297263,0.7847953441297263,0.9831927749259383,0.767509955756957,168.71513882134985,13.441291390724166,12.803222103318696,165.87950550977786,13.215380581034216,14.148550242658786,0.9998635094744404,0.8893312888683419,1.5523052998866833,0.9662496081695975,0.7788187723163388,166.1898525217107,12.684732570002005,12.195482811218817,160.58087988086615,12.256617875500568,14.864444708505715,0.9998715037405123,0.9117655779465157,2.331124072203022,0.9248588133063527,0.8045848676670376,156.726458027404,11.730107903857975,12.161123481529742,144.94984598493275,10.848693675917556,14.717124972839734,0.9999046002769355,0.913029868861346,3.1357089398700597,0.8839739058329585,0.5931307049827148,155.8947834569129,12.296850457104636,11.891722634352014,137.8069206313906,10.870094928010587,15.692894294644328,0.9999328842160551,0.9164316801714072,3.7288396448527745,0.7801977675506312,0.5648130466282388,145.28641271573485,11.89970054620767,10.821672360210107,113.35213485625597,9.28411980067225,14.246959121874582,0.9999328891777003,0.9186319226095329,4.293652691481014,dg165_rookie_capital_v3_chain,inner_menu,dg165_rookie_capital_v3_chain:inner_menu:trend,12a85a78dd469fb63f936a1a721c1e50ac9fc44864694929747a009c3dd9281e,0.9842316135563852,0.9974165533029233,0.7065225631188005,0.8567739417121126,145.1214625761468,173.627119724277,13.378893001441062,14.831690388392381,10.641358715398571,12.392130809299093,143.81799997867867,172.01483819111948,13.262250972711902,14.742447179451267,12.794088058429484,14.461371118890192,0.9842316135563852,0.9974165533029233,0.7065225631188005,0.8567739417121126,0.7065225631188005,0.8567739417121126,0.9526416549613905,0.9964359952203881,0.6872680510918993,0.8394896203199834,155.33364420158279,181.6453219207722,12.500552349212128,14.18328810143909,11.898584334697544,13.68137993064843,150.62233863798005,178.28951312733676,12.260262059568126,13.929289295030848,13.357824218123662,15.026925798364596,0.9992992629473287,0.9999889424947553,0.8332155511075234,0.9400386673496851,1.4235498372987436,1.6799551197219718,0.9241546016268388,0.9857986152114309,0.6873981599423269,0.849062511819259,147.48417668384667,185.82898872244044,11.743403147357263,13.535410750790879,11.150835166819938,13.302803394971082,140.68815213566262,179.623814453924,11.199055315450595,13.145813588076544,13.64933055235138,15.890578351465713,0.9993095007635862,0.999993073946845,0.8577668132111754,0.9569838532173841,2.142829265940558,2.509625315270641,0.8643408836458591,0.9626465674772239,0.7261339791740156,0.8757276653497437,138.5249582604178,174.19830604014552,10.893117987780744,12.518076292165699,10.974287560271208,13.35557905701256,125.93623518699896,162.91533783625283,9.576169110742459,11.789059995899876,13.428260485241738,15.924706438610743,0.9995631033873967,0.9999973031801556,0.8593724294969762,0.9579657708105846,2.9035794823217764,3.3639453234015875,0.8101307730965462,0.9329250345161962,0.4659795961145017,0.7019163373971565,132.0582290176749,179.85187605257786,11.146186164840806,13.410395347170496,10.385713448517533,13.220238154475686,112.48034341223867,159.10040576424333,9.419897091305376,12.078005031063466,14.066138659823267,17.112109577202048,0.9996199640731513,0.9999998974067881,0.86525803940974,0.9606419357057404,3.4222416408038763,4.014821679824194,0.6761574030899654,0.8683515957667666,0.4411765774243335,0.6848140794124398,117.60069094515421,168.14432927211334,10.688325779030086,13.02181501208009,9.122439500086706,12.289012264491081,88.23173568359678,138.0981925343225,7.761636161654303,10.79036520772915,12.394775068109801,15.707998226151464,0.9996199883337632,0.9999998974215474,0.86758599685226,0.9637139928309328,3.9450053588002105,4.646803143292634
00-0041568,Ty Simpson,QB,QB,LAR,2026,13,1,23.0,resolved,scored,0.9509680529253602,0.7755131255309552,128.42656027195096,10.974007186043757,10.778198257330569,122.12955596571862,10.435930246500943,13.758882644112763,0.9509680529253602,0.7755131255309552,0.7755131255309552,0.9733601918287313,0.8218668505103498,157.7303197194432,11.485663967339866,12.438855095501076,153.52841425932436,11.17968808253028,14.546965885210728,0.9985808805327293,0.8961839559476811,1.597379976041305,0.8923213788691295,0.6170788838456572,143.02556220435955,10.309868648475454,11.450201665491658,127.62476687972656,9.199716208367226,15.742646138287984,0.9986819885901795,0.911912157330619,2.214458859886962,0.8184445411058178,0.5774454452142217,134.88609271621885,9.529189767631125,11.635673701260075,110.39678625468252,7.7991133464791105,15.741412239143122,0.9991003906444007,0.925439645642008,2.791904305101184,0.8015466847912992,0.4783696435504447,123.67077890396162,8.941629000224408,11.358267301791454,99.12790283602818,7.167133081763613,15.896517181109692,0.9994407826389046,0.9264443512262549,3.270273948651629,0.6298411697095764,0.3824084589572692,123.04034126264312,9.191832104976484,10.844994050403287,77.4958724623286,5.789394284772427,15.368477693929197,0.9994413139091678,0.9269923072741215,3.652682407608898,dg165_rookie_capital_v3_chain,inner_menu,dg165_rookie_capital_v3_chain:inner_menu:trend,12a85a78dd469fb63f936a1a721c1e50ac9fc44864694929747a009c3dd9281e,0.927086763372725,0.9784227039203592,0.7190212832285088,0.8469872642899564,116.47515613488297,139.80147413574613,10.289855285050637,11.6789891970303,10.060865716004317,11.482032768084299,110.58101886656893,134.39094039457265,9.721327270766793,11.214424814539221,13.00886479087723,14.520750898870535,0.927086763372725,0.9784227039203592,0.7190212832285088,0.8469872642899564,0.7190212832285088,0.8469872642899564,0.9541547024103724,0.9889242840936961,0.772421839837887,0.8970343173407799,144.06634146443838,171.55362351938788,10.819397961195373,12.16705798451856,11.586834714762384,13.282890126360877,139.70584748412807,167.86444600190842,10.447297513876206,11.856265625639884,13.755655142185685,15.369846579960004,0.9957140244250348,0.9997948500254237,0.8564576157775172,0.9492498663602547,1.5204291933514027,1.7173023227833661,0.8060533336089334,0.9468040685448366,0.5204704136331253,0.7299263447253274,126.29969523611877,159.91692597200276,9.486109436021323,11.171575152873114,10.283145746231256,12.538215223345084,108.79147233647883,145.8580057490543,8.20096825216019,10.175145010070134,14.583452752293447,16.853242918987842,0.9964055364774093,0.999862647321648,0.8796948682898605,0.960553806792148,2.077428459261335,2.3801253717342985,0.7073424753900638,0.9009631261978283,0.4769369417475195,0.6922608422597883,117.5096917823918,153.27095687221657,8.732458061637564,10.434556740909695,10.472642204782396,12.693539843023292,90.55890136223464,130.49580521624918,6.7335648493944324,9.040895766985532,14.679097618874207,16.820325449300345,0.9969757661006737,0.9999530086972587,0.8984014059348457,0.9674938374635965,2.5767755724656674,3.049947007747293,0.6925938495946437,0.8732104480644342,0.34153791167014536,0.6113233387732513,101.27601892731559,145.17814037667898,7.927915016759493,9.957236998450975,9.854053278001718,12.753858405887852,78.14141229705646,118.40146667555925,6.0249018332850515,8.15139085076097,14.47686780031309,17.332231054701143,0.9973126396835653,0.9999979640905886,0.8995336607181545,0.9687554066526575,3.015423289360313,3.592199288133394,0.5120643631105983,0.7470739191643803,0.28487044630219577,0.4991270082492979,100.52820914137175,147.19647806780284,8.071877314711797,10.460965469633377,9.41508967303724,12.126633623673271,56.02888218639824,99.15317919759393,4.465091858889865,7.250919689728276,13.862717051248495,16.81320978117463,0.9973382396940191,0.9999979838884286,0.9011755107591909,0.9691110405396072,3.311076250546009,4.040746245500541
00-0041032,Kenyon Sadiq,TE,TE,NYJ,2026,16,1,21.0,resolved,scored,0.9897209055961911,0.5941666971366857,114.17404348150401,13.81039910763149,8.530817588131917,113.00043771009305,13.668440711449866,11.058536165082042,0.9897209055961911,0.5941666971366857,0.5941666971366857,0.9831145235109378,0.8061490511502797,136.78936452807318,13.359043609907424,10.54894948391231,134.47961092938064,13.133469793115975,11.755295848468672,0.9996885415563324,0.8743052852464656,1.4003157482869653,0.9724027249655022,0.7517077807879607,137.71433998597075,13.32433728638648,10.29590309829509,133.91379946918357,12.956621885641658,11.908916649524956,0.9997289535885954,0.9150299660493703,2.152023529074926,0.9541926406589091,0.739337919749244,141.16827561609458,13.264431234419593,10.845074091347033,134.70172968738598,12.656822666409344,12.85589120850357,0.9999024543924534,0.917771207636948,2.8913614488241697,0.9531585803396667,0.5708631303340734,134.105994323131,13.278929791719182,9.854150516305031,127.82427916407495,12.656925868705162,13.10797859872359,0.9999175649912484,0.9204974699404583,3.462224579158243,0.8722762248549293,0.47508902367909545,130.8620712382699,13.522743412871439,9.355132300234558,114.14787347641489,11.79556757386136,12.871800717812064,0.9999175781890998,0.9272965576882376,3.9373136028373388,dg165_rookie_capital_v3_chain,inner_menu,dg165_rookie_capital_v3_chain:inner_menu:trend,12a85a78dd469fb63f936a1a721c1e50ac9fc44864694929747a009c3dd9281e,0.9828246513266446,0.9966334410478443,0.4757860735679799,0.7240320500655648,101.18665193490435,127.27199533712648,12.952057651358261,15.069458996081087,7.814773766162585,9.295556819694996,100.79689367237803,126.53388057558696,12.816554145606627,14.883043476655512,10.114651295241181,12.100344202450023,0.9828246513266446,0.9966334410478443,0.4757860735679799,0.7240320500655648,0.4757860735679799,0.7240320500655648,0.9527786659357778,0.9962307336821852,0.7217049829126329,0.8956943297133718,123.6878604947969,153.8365322189471,12.53344872254986,14.575875469300268,9.742072512049694,11.632864886022135,121.74698406941341,150.11700667431643,12.237880228583197,14.213183087988027,10.844672566044299,12.651946163413298,0.9986381024536468,0.9999621882651717,0.8110293846310775,0.9301061787594648,1.2587057145048692,1.5969689367329973,0.9302756639329993,0.9885888375041272,0.6494260919843914,0.8459581421125052,124.00540789086008,154.40323828156053,12.404258102115119,14.397009787631854,9.36527669283747,11.488516560616182,118.97907974480036,150.27949893671703,11.721093951748637,13.997377118372237,10.864183550560258,13.038857668228607,0.9988694992223567,0.9999708989785471,0.8749396858289951,0.9511287210640369,1.9519314792863542,2.3652810652367404,0.9021737303818025,0.985606751582335,0.6375541388274696,0.8302398054884647,123.70170595959226,158.74413225770095,12.301842439952239,14.148865690156747,9.810986166635619,12.289796624912245,115.73623504156039,153.24674327549423,11.381096810798255,13.59652976965401,11.476213874285792,14.685329770675377,0.9996593521992495,0.9999942461372083,0.8805566560412998,0.9538564966932573,2.624435238658707,3.1797175546267766,0.9184697762729724,0.9745205207142945,0.4117388800074019,0.6780904401945077,113.4640020926424,150.45372509051364,12.261910584778873,14.403079946909397,8.754997989877243,10.9993371493136,108.30565533461555,144.44308778026175,11.528782348380217,13.726349291542064,11.887921883038716,14.36233067727972,0.9996737665405179,0.9999995117595359,0.8833566879616829,0.9549625847828233,3.1089877772843875,3.7993009047687187,0.787132619918373,0.9253231310150845,0.3418602974267624,0.6176161969442683,111.47642756201866,152.27720970466993,12.389864560900772,14.917739606300014,8.135756569185055,10.737596590635494,96.16269097022857,133.83036008046128,10.308193192968062,13.301220230410266,11.13656435850347,14.68669334256334,0.9996738119478369,0.9999995118088775,0.8955554826553266,0.964523427095488,3.5523507335138427,4.33220571343944
00-0040867,Makai Lemon,WR,WR,PHI,2026,20,1,22.0,resolved,scored,0.9872572686187311,0.6870204063179973,129.9121669657693,13.59868846023969,9.657607397620678,128.25673111896594,13.425404026053293,12.67429445433892,0.9872572686187311,0.6870204063179973,0.6870204063179973,0.9757089795700581,0.7011316071245122,145.5519128208801,13.237156309324805,11.000364860323822,142.01630833293098,12.915612274980662,13.202099637735333,0.9991123419179636,0.8137157956650654,1.3881520134425096,0.9420743770776789,0.6952297098339625,146.26578996787674,12.530368161918831,10.892933974837542,137.79325297176212,11.804538780693663,14.113893019555276,0.9991976283901566,0.8437278472447581,2.083381723276472,0.898515484546679,0.6558789282722729,136.7121886578193,11.707059809026557,10.646094348702377,122.8380184353175,10.518974516924448,14.225552332017411,0.9993937829409831,0.8481382469728018,2.739260651548745,0.8271853501852511,0.4526603103971354,132.57008501926865,11.81318688687331,10.296855838184852,109.66003220075224,9.771695131822115,14.924595258654062,0.9995996320028422,0.85348365164088,3.1919209619458804,0.6688230202278745,0.4276929623606292,133.7046810514296,11.881593191588724,10.245641960925035,89.42476859942181,7.9466830435173215,13.977920607934045,0.999599699459022,0.8576720513873347,3.6196139243065097,dg165_rookie_capital_v3_chain,inner_menu,dg165_rookie_capital_v3_chain:inner_menu:trend,12a85a78dd469fb63f936a1a721c1e50ac9fc44864694929747a009c3dd9281e,0.9799473778147665,0.9933460222710843,0.6188563022217806,0.7590395535395353,122.4746634534831,139.66643619950955,13.077519850287167,14.180379301725301,9.147294477138608,10.273579314358194,120.17466737200505,137.93458321607235,12.891174417407163,14.028095279062528,12.013322133967469,13.441503331506429,0.9799473778147665,0.9933460222710843,0.6188563022217806,0.7590395535395353,0.6188563022217806,0.7590395535395353,0.9513979870183777,0.9895531981167757,0.6364296048819422,0.7641254226028822,136.48340659938685,154.64906560839208,12.657304201908564,13.790209796981573,10.318924517712857,11.615053456368374,132.11735098400322,151.81171811566202,12.283212243676749,13.466473162935067,12.538918644563006,13.885371419028347,0.9978105923655635,0.9997874198951254,0.7524197940275814,0.8644390966514488,1.270525488637192,1.5056228085092507,0.9063795882182302,0.9677303347138992,0.6306241991943211,0.7581556870008671,135.0229663992472,160.6751130360694,11.940154821950498,13.225868131351705,10.025527615280241,11.693281817415658,126.1834604982385,150.22023086131773,11.1132794234517,12.588384885454301,13.021367879967753,14.97860056275358,0.9979389155707103,0.999861745785773,0.7934605611330798,0.8909124222533834,1.9227636168743816,2.244214033082978,0.8492692934981756,0.9359937318017124,0.5917718354607199,0.7313333514613292,125.51247450770242,149.3270173009062,11.104937016909796,12.353186191409298,9.894880348402461,11.52254377599165,110.09201949350697,135.68082245840287,9.621165585276524,11.230279043394681,13.191986757607904,15.208340451666292,0.9982872839987611,0.9999245522273875,0.7970495476852212,0.8935339082950797,2.5413850548779364,2.947156745054651,0.7623185170013291,0.8758221308888828,0.3618906080908685,0.55442829138936,115.09315694746054,151.74539325394912,10.93699205028104,12.697887003944723,9.11349446176939,11.431616782381054,91.19684275938761,128.12991939598888,8.646811053200434,10.741918210723934,13.659773087639364,16.034398499995916,0.9985887681695907,0.9999877209281635,0.8044961054131134,0.8987998882277234,2.9662262108410147,3.471327648154215,0.5819778857148434,0.7562147922034705,0.3360453490840624,0.5234076041829258,113.83206673264898,151.80490467851817,10.841135010468829,12.760858608066329,8.994526100260147,11.490860858908338,74.22684858767273,108.6012258090974,6.722009601011892,9.196108339347036,12.692693964667868,15.25848381183292,0.9985891295013699,0.9999877257621977,0.8095511658963291,0.9051422514468321,3.3338477408848375,3.943246764510616
00-0041547,KC Concepcion,WR,WR,CLE,2026,24,1,21.0,resolved,scored,0.9849802636772372,0.6602760743226234,125.09947839511207,13.59440432314425,9.42715610313976,123.22051721550233,13.390219954745596,12.622943489306659,0.9849802636772372,0.6602760743226234,0.6602760743226234,0.9785892611288598,0.695261128807935,146.2170598779183,13.25387270213988,10.9927194076118,143.0864445903663,12.97009749468303,13.750136009549788,0.9987088068030892,0.7965734171764767,1.3555372031305584,0.9424172572545851,0.6913299610699943,147.82013501403992,12.496168921152154,11.12006034607483,139.30824620693397,11.776605240862201,14.31936124735415,0.9988760491162687,0.8332741194616284,2.0468671642005525,0.8966370480498884,0.6510627681933,141.90293806921167,12.155589256048716,10.931800408566637,127.23543149998409,10.89915166785046,14.53648693326489,0.9991055160520421,0.8399681479965628,2.6979299323938526,0.811378452073611,0.4661538893624031,136.9972514279498,11.985622337252467,10.593622638698474,111.15661780194921,9.724875699138803,15.302382819833966,0.9993940358242197,0.8470869632685495,3.1640838217562557,0.6718126053717914,0.45197407924815386,143.49932211064487,12.221338449391467,10.918589894730351,96.40465345623825,8.21044922481613,14.228078872213636,0.9993941707828354,0.8529439107781625,3.6160579010044094,dg165_rookie_capital_v3_chain,inner_menu,dg165_rookie_capital_v3_chain:inner_menu:trend,12a85a78dd469fb63f936a1a721c1e50ac9fc44864694929747a009c3dd9281e,0.9770845405847743,0.9913801325703345,0.5900795557940391,0.7299584311933741,116.95079586704503,133.86143980224404,13.076413194250874,14.144419042294558,8.89911261699321,9.955504142471291,115.02036282214574,131.84498567219282,12.904177989573519,13.930166372502825,11.954536553857432,13.324673884015967,0.9770845405847743,0.9913801325703345,0.5900795557940391,0.7299584311933741,0.5900795557940391,0.7299584311933741,0.9610082076357845,0.9897928300244248,0.6233521407585398,0.7581992905821336,136.51146988138225,156.09300066427969,12.703062282873406,13.791354278198165,10.343684624061273,11.550892212866975,132.74824794685327,152.91111030757634,12.412705390713944,13.53908247769689,12.997506247677604,14.47232353338021,0.9969844600932213,0.9996576754542611,0.7400810324911857,0.8544655601560823,1.2330509175338955,1.4768641830066667,0.9126194448354893,0.9648060799201145,0.6302384728969259,0.7496728412129828,136.1180021579698,160.3949186981592,11.918196010824982,13.15047456656887,10.231207641771386,11.934104518830297,127.48726641129906,151.2803465727487,11.149848524287572,12.437597711679947,13.393503183281798,15.238828326702102,0.9973799874140986,0.9997650020106832,0.7799529815994054,0.8819366815979172,1.8579222096565404,2.2095817533409106,0.8512688125938698,0.9316412368515766,0.588872250629887,0.7173095840879914,130.81944705286762,155.37261021916672,11.539440571664223,12.801254383197968,10.099462824757332,11.890684469439696,114.14001477529422,141.45706854406095,9.96142938628962,11.569118963144229,13.519235078687453,15.56187781861538,0.9974996249435868,0.9998612926561959,0.7867303362473513,0.8861228196185358,2.4892577385347394,2.8943674666406984,0.7363104276390777,0.8598835973351983,0.3752132785838718,0.5549596840884071,121.34742994630894,155.49704410057637,11.085292279133178,12.817292830558037,9.54681169141819,11.779393475810027,92.77041466007003,126.14999952720586,8.519792716533248,10.671255761915546,14.243831619028828,16.356436718561902,0.9980660942363215,0.999978766428708,0.7933695153895657,0.8917724687943851,2.9255356823219127,3.418196917915189,0.579815525600317,0.7510306060500466,0.36483669808638886,0.5450632242101648,124.79209389859507,162.68106415719433,11.273728552908898,13.17237677696915,9.772225055968587,12.216841945528593,80.1937123052086,114.55336889655565,7.033332860629615,9.462976758110464,13.102624493259077,15.406733448965234,0.9980662335269027,0.9999789708223411,0.8094641633656022,0.9018922872963734,3.322684518297191,3.9172279402221584
00-0041511,Omar Cooper Jr.,WR,WR,NYJ,2026,30,1,22.0,resolved,scored,0.9839107434462308,0.636585666166149,116.92222443804005,13.393776482570981,8.834175794464526,115.04103277221903,13.178280576519056,12.263072394409296,0.9839107434462308,0.636585666166149,0.636585666166149,0.97130894848017,0.6643130851414045,135.30202202999055,13.146825096786,10.202587821327317,131.42006474519093,12.769628860611919,12.78328857319536,0.9980374454844079,0.7712084540589611,1.3008987513075536,0.9266037927669576,0.6503549404096837,137.44925183611963,12.462060823173324,10.3165469326165,127.36099806432915,11.547392824444916,13.781768606293337,0.9982704536948973,0.8042155924384827,1.9512536917172372,0.883675595097337,0.5667976520927452,127.85573337419311,11.696860864589572,9.975683277456014,112.98299127604653,10.336230485286942,14.008027973186056,0.9986834998504882,0.8116131603175363,2.5180513438099825,0.7979706491396825,0.3894989762538051,122.24874153665374,11.599162347532276,9.591116038107018,97.55090764051285,9.255791107936895,14.584617519219742,0.9991568731078623,0.8179203572496468,2.9075503200637876,0.6138518829452466,0.36584280111331374,128.57968314629719,11.873580559524765,9.990744448601633,78.92888060785772,7.288619783766352,13.858869168968774,0.9991570776360807,0.8232852604501911,3.2733931211771012,dg165_rookie_capital_v3_chain,inner_menu,dg165_rookie_capital_v3_chain:inner_menu:trend,12a85a78dd469fb63f936a1a721c1e50ac9fc44864694929747a009c3dd9281e,0.9770318849781986,0.9903599909815587,0.5664003598068693,0.7176703518237272,110.11709388259607,125.21093099939145,12.91088399022502,13.982888102860265,8.378043631082738,9.395221454738135,108.42685961069071,123.34905457402164,12.684449595808825,13.7291715811749,11.527441200669712,12.991659974959168,0.9770318849781986,0.9903599909815587,0.5664003598068693,0.7176703518237272,0.5664003598068693,0.7176703518237272,0.9526226765538955,0.9840995448056192,0.5865881336145342,0.7276015838600716,126.55408180149489,144.0967745928128,12.62514830450221,13.64238359651699,9.577102109602102,10.75382536653967,121.4275498743718,140.71426841739927,12.142419371467096,13.328461002829817,12.047976714466591,13.582452882533032,0.9958826903679067,0.9992712081537005,0.7111594945780065,0.8277838522722448,1.1751483149868638,1.4311915706009413,0.8923119374426471,0.951678620265847,0.593611520021189,0.723241210981186,127.20997102401947,151.20886999379383,11.938951744517198,13.126507618176955,9.508723590086781,11.130701659958701,116.76254620551636,139.36948042193714,10.919383643576483,12.318726117609312,12.738932199173464,14.618724355896385,0.9964356221642557,0.9995040327880035,0.7458750589537244,0.8551094987635726,1.778289690065714,2.125332623455755,0.8406993706026031,0.9240805019295515,0.49949079058085133,0.639056286696658,116.76339818952214,140.09019710775013,11.06555661123193,12.345001020156497,9.251281700756518,10.863452088415249,101.09885432024082,125.76262621104797,9.515280990820052,11.0487245267904,12.9959145023473,15.056142662544199,0.9967283867417766,0.9996899959236177,0.7593012265980723,0.8594610914181952,2.319588259326352,2.741027886208048,0.7298304799196287,0.8488944163429221,0.29805080207526463,0.4889908878813009,107.05554100824209,140.33714737104066,10.772600298305182,12.39092538844052,8.536295543211397,10.734935172787257,82.26725025303296,114.35767570353366,8.239238014858211,10.225550965788377,13.361537909098645,15.853499430695983,0.997439001590814,0.9999435148676113,0.7625791970629822,0.8697174438819784,2.6738895850223376,3.1694779637317225,0.5223786233590274,0.6931114660848029,0.28425864411953283,0.44950533762739686,111.14533337705988,146.76576772956935,10.923518289083509,12.830558320462902,8.945009432721589,11.316330492402871,64.44810697993327,94.36010143402756,6.112222865799092,8.46780202213993,12.548901367415075,14.998446106919888,0.9974633219192438,0.9999435515029402,0.7763390052771123,0.8735875561692906,2.9888646122744618,3.5711854725448076
00-0041512,Jadarian Price,RB,RB,SEA,2026,32,1,22.0,resolved,scored,0.984347153944308,0.78350361875733,146.4531251668274,14.009113172659143,10.941997690846598,144.16071694421606,13.789830680790743,13.92993830615957,0.984347153944308,0.78350361875733,0.78350361875733,0.9827879968974316,0.7961957566242917,163.98404096285338,13.499197110656006,12.471473659152277,161.16154714102905,13.266848888105212,14.422801329862615,0.9985840696386917,0.9146095342993336,1.5796993753816215,0.9430022464232914,0.7386423532452112,162.98188086110653,12.580361727416381,12.377210796285183,153.6922797783167,11.863309369771248,15.457863561038415,0.9987629690961569,0.9272074763884749,2.318341728626833,0.8995499869513943,0.583356670998255,141.62716300277665,11.794065641669377,11.339160682589826,127.40071263111074,10.609351594067576,15.280937811671663,0.9990022128473598,0.9312031872088805,2.901698399625088,0.8444015105154732,0.3614263797295006,119.27049600110428,10.601398336357846,10.255428964385942,100.71218698326216,8.95183676879679,15.563528666801961,0.9995116925470763,0.934020276888635,3.2631247793545883,0.6027885687855306,0.3403881130738027,137.01914308650976,11.97167043705166,10.402806825687252,82.59357315733703,7.216386088722417,14.65992542125426,0.9995118225284283,0.9378886208145338,3.603512892428391,dg165_rookie_capital_v3_chain,inner_menu,dg165_rookie_capital_v3_chain:inner_menu:trend,12a85a78dd469fb63f936a1a721c1e50ac9fc44864694929747a009c3dd9281e,0.9737202159193203,0.9928066655287053,0.7192609657601088,0.8350307860091554,136.20904947465422,156.43098759584387,13.431549079561293,14.5662463078267,10.21587736049808,11.628401253332706,134.23085967442907,154.1174494425606,13.20255414027213,14.398070748796101,13.03222862368104,14.830150100039079,0.9737202159193203,0.9928066655287053,0.7192609657601088,0.8350307860091554,0.7192609657601088,0.8350307860091554,0.9656082184870299,0.9924055946884871,0.7131081697036206,0.8655448631827878,153.6670445016088,177.3568484305098,12.872976507502305,14.179551897109658,11.826996109494113,13.31385837302472,149.19761313896464,174.7739290632936,12.60259899791834,13.968370771273298,13.66782984544521,15.31870074838379,0.9965642020798547,0.9995583105886348,0.8796331293841935,0.94599249680963,1.4636059658352423,1.6852954744223476,0.9026173211347528,0.9693691043657792,0.6569379682739458,0.8126469654569485,147.16492150471774,181.94369611937557,11.921877958882563,13.266431657771543,11.359497878059592,13.492214182225403,138.41901977260034,172.9671176186748,11.094983854364143,12.610443514962807,14.437513030528084,16.56363692726727,0.9969447408526692,0.9996815917938594,0.89799455369221,0.9540852473600313,2.1508969780051896,2.470388526235421,0.8362137550328487,0.9439888408351961,0.47329646957966826,0.7036504177440424,126.69636391718923,158.59690876110528,10.910240905128857,12.640208418853769,10.220483886153774,12.543942136831403,112.68391367507229,145.58110000371877,9.582651160612288,11.536648373156094,14.126708551665978,16.490992629096752,0.9972668645175513,0.9997587758995906,0.9033688668595904,0.9576855875016901,2.6564798437163044,3.1302553450870105,0.754650760823014,0.9014750432438807,0.2515770443278218,0.456321379191562,101.52574787772137,136.65009924352105,9.563509835062545,11.397068467202894,9.193708780646425,11.322810221196224,83.82033191153643,116.37487191841647,7.883350287404287,9.869247551851243,14.382965579366141,16.728409417143514,0.9979086421345154,0.9999753341512736,0.9067768019880051,0.95981259807719,2.978995340071593,3.5231934015206194,0.4869378716223747,0.7153948816439589,0.2327596496821056,0.4426052210326166,117.23203557436919,160.29392331002646,10.750648870318825,13.146830807982987,9.248727626847394,11.726143131140029,64.30661648080022,105.51406196308223,5.807887142818416,8.772575228798335,13.293926871745146,16.03798915069124,0.9979285137028585,0.9999753526201468,0.9120298249449659,0.962865536555865,3.2999918306552383,3.919314248377927
00-0041035,De'Zhaun Stribling,WR,WR,SFO,2026,33,2,23.0,resolved,scored,0.9768228833038799,0.5315714185349472,109.84670777448092,12.474270106194364,8.252230691030915,107.30077780970717,12.185152492244175,12.12126800513702,0.9768228833038799,0.5315714185349472,0.5315714185349472,0.9416676617650606,0.5622334714226068,121.21258972616016,12.350186470401955,9.311673143059725,114.14197594392084,11.629771215945896,12.05550982762441,0.9970330504410828,0.6726646979283315,1.0938048899575539,0.8924872102873408,0.5485727110878557,122.39853276123596,11.789479607134105,9.131475652774913,109.23912504733917,10.521959765310612,13.259372085383532,0.9972993970927889,0.7062793261961988,1.6423776010454096,0.829149395618922,0.4716674249208706,111.26625745669887,10.81207082826706,8.904867648588253,92.25635012300124,8.96482199264661,13.410690349862437,0.9978978476277981,0.7130819483379784,2.11404502596628,0.7382102245211771,0.33062966786338993,110.72817910399701,11.223839644386167,8.699836542979355,81.74067395718275,8.285553183872002,13.922662094441243,0.9984277482919732,0.7199906006801076,2.44467469382967,0.5432339065697812,0.28927428694663593,111.08166118537096,11.35165148279344,8.66902965887135,60.343324753989904,6.166601981016529,13.511897536269664,0.9984280991555687,0.7238999699157223,2.733948980776306,dg165_rookie_capital_v3_chain,inner_menu,dg165_rookie_capital_v3_chain:inner_menu:trend,12a85a78dd469fb63f936a1a721c1e50ac9fc44864694929747a009c3dd9281e,0.9659822451257284,0.9864601491728966,0.4623363332980976,0.6184427424527038,103.46833790208908,118.49491887985879,11.974562989492739,13.02463779862597,7.788040528291315,8.827396667986577,101.04945046835732,116.03761614368354,11.643937155037827,12.744135162530759,11.479814113331637,12.739642605338561,0.9659822451257284,0.9864601491728966,0.4623363332980976,0.6184427424527038,0.4623363332980976,0.6184427424527038,0.9055532902725606,0.9693079478849123,0.4828862256600373,0.6421588383918584,111.47103440179838,129.66612912627963,11.76195207649537,12.844388985976815,8.710713245169416,9.904105780249001,103.84661149514308,124.30541323924147,10.861311941642652,12.304022298622117,11.37675655807041,12.808677489729213,0.994025227054132,0.9989793929786727,0.6068676278604908,0.7488924129887821,0.9659356167294746,1.2416454351158073,0.8507503321428564,0.9337956960274167,0.4799966790858346,0.6299703690470579,111.39931448903975,135.7261813972657,11.145949299368073,12.5082397444915,8.330694951104126,9.887116171507936,97.49631727251551,124.43847881830449,9.78397507021584,11.417108810744825,12.193009597340254,14.078553574269275,0.9946368643218358,0.9991637478997738,0.6421072781751864,0.7777518999681133,1.4747111017271894,1.8429108394432487,0.7676118435452659,0.891219852945857,0.39153608876624696,0.5616162881841567,101.01425508413493,122.08947686231603,10.144112461374956,11.444862010980831,8.1960874955928,9.679321046874374,80.5549761434272,104.41350595007458,8.148953731446868,9.852425663688525,12.310567475516535,14.355590124112814,0.9953149093137452,0.9995160696819305,0.6543360741189519,0.7833903586780164,1.8816122386557281,2.352037374281803,0.6688173031864343,0.802106589196939,0.2525357774498123,0.4344613501007528,94.56137835026897,129.07762698970393,10.346814499818723,12.04767827106521,7.56582702785674,9.817655832184892,66.54402985601283,101.17521357470541,7.319644846350691,9.277817398046324,12.458834862202655,15.29004435600311,0.9960301835726995,0.9997431140905992,0.6583815042059717,0.7916295930136754,2.1974948837319856,2.763239714592342,0.4606089279821582,0.6271462956005158,0.21007442797330161,0.37362606046888946,92.9873403270407,128.4580092357691,10.282829741258084,12.310327493530734,7.382783332975902,10.07243136631012,47.085411453891304,74.6954527113746,5.001936092144588,7.374054132258328,11.988609055501358,14.872304565945804,0.9960303925077935,0.9997432190767207,0.6688219669009261,0.7962976565399561,2.44622676335243,3.1089659634262916
00-0041037,Denzel Boston,WR,WR,CLE,2026,39,2,22.0,resolved,scored,0.972968142110772,0.5028982047264994,105.52314534946912,12.477701769659221,8.052785070777935,102.67065868035792,12.140406308637624,12.085401285762382,0.972968142110772,0.5028982047264994,0.5028982047264994,0.949376081057106,0.554534259441557,122.26368841963804,12.37030421451064,9.334067361988728,116.07422136742304,11.744070936656312,12.619316203140947,0.995873395977263,0.6526624923117533,1.0574324641680564,0.8940028505240138,0.5441330215982145,124.28485766836593,11.757852425885673,9.38030542814657,111.11101703249048,10.511553584782483,13.477346198700129,0.996370101825304,0.6932551600389663,1.601565485766271,0.8293473469736081,0.47038498967670994,116.79048977825146,11.260984308580474,9.215817514002596,96.85988284934115,9.339267460632646,13.729815661037387,0.9970391559057032,0.7033233728346,2.0719504754429807,0.7282425155733105,0.34514249477617065,115.54398764444718,11.404334021721926,9.023177424748821,84.14404422156373,8.305120896417066,14.31325125200541,0.9977416757420777,0.7124730170923764,2.4170929702191515,0.5513617702834591,0.31214073114530666,121.06928004001736,11.691698450001713,9.351575559524573,66.75297256980784,6.446355555013319,13.76653858954931,0.9977423328339851,0.7179541533144932,2.7292337013644583,dg165_rookie_capital_v3_chain,inner_menu,dg165_rookie_capital_v3_chain:inner_menu:trend,12a85a78dd469fb63f936a1a721c1e50ac9fc44864694929747a009c3dd9281e,0.9631541549492961,0.9827639432055367,0.43875493875153726,0.5781524020924401,99.67219908244591,113.06193349866497,12.027778828834748,12.984416872441427,7.642810727188132,8.527068015976754,96.38841644552456,110.07219968332693,11.683420598216482,12.628055190941659,11.500473207080226,12.677740289701783,0.9631541549492961,0.9827639432055367,0.43875493875153726,0.5781524020924401,0.43875493875153726,0.5781524020924401,0.9259420775691192,0.9705245881852972,0.49486856725544465,0.6166047569398179,114.8721646012222,129.63164451223653,11.878574590209167,12.82209094578382,8.766122906909075,9.848176202306178,108.27789375367615,124.69606234728815,11.224130640205269,12.34170896105038,11.97425442024787,13.31889463465902,0.9923935072397898,0.9982762713439324,0.5861934810593055,0.7179441610276704,0.9422872256420318,1.1886002151168371,0.855189287344808,0.9254924240223332,0.49149656404627234,0.6217115610977092,114.15544441626332,136.36560149115482,11.221737761888717,12.340505281485248,8.639633261624565,10.139972184131341,102.13144615378543,122.08140482097569,9.942436925569805,11.252810930701047,12.56459422206024,14.194140775281525,0.9934226870931884,0.9988098947469749,0.6365377171050773,0.7549334857314091,1.4567253526992876,1.7871123645544953,0.7817738187156192,0.8780826165375926,0.4137757865265372,0.5382166687799613,107.5253186058738,127.72590890141855,10.67266316751277,11.801903305677149,8.590535853532742,10.006627281302508,87.1103920438147,108.4466220547172,8.519837314345407,10.09236762237408,12.72816239056235,14.560454340230288,0.993876330507475,0.9991621407234804,0.6494133526899769,0.7655714197577015,1.8811988684159526,2.300467226302117,0.6648404558575969,0.7853653026979212,0.26781399151362606,0.4237499533629209,101.02129411525765,132.49417872204825,10.583908530762645,12.135647798091652,8.11852657682678,10.039150292055542,69.90826631442444,98.04438697314896,7.358591918281697,9.168172202554652,13.107737821066175,15.446550608976345,0.994806377448346,0.9996470134597873,0.6541520585719905,0.7762503634904765,2.1939515712889657,2.7153654990773672,0.4771406817288769,0.6335327352655495,0.24205481909129237,0.39234132481772993,105.14475171485596,137.24642759879106,10.775915250266598,12.557498422278789,8.326262763179379,10.624062303930256,54.93832211196422,79.8461624867484,5.465176809872054,7.517458123124195,12.526688542213162,14.963108264882447,0.9948099422078512,0.9996471563079924,0.6671431525892424,0.7830410049199094,2.46864234692108,3.055196356510932
00-0041489,Germie Bernard,WR,WR,PIT,2026,47,2,22.0,resolved,scored,0.9699523815911486,0.4765813698494536,99.54546492517863,12.3834058699662,7.673860301525003,96.55436078077517,12.011314015783526,11.896166109976933,0.9699523815911486,0.4765813698494536,0.4765813698494536,0.9456554846757858,0.5328100837899064,117.54691839536557,12.328735814978232,8.966948248199126,111.15888808731447,11.65873664255296,12.426588737516472,0.9941953793799827,0.6268640088510951,1.00939145363936,0.882286042817745,0.5189952027881216,120.227684413926,11.726418919480023,9.11506502914215,106.07520791870346,10.346055744891167,13.324509987196743,0.9949639180721405,0.668035989832874,1.5283866564274815,0.8191075918472385,0.4273084388403947,112.71494754513344,11.256290982926473,8.907309364081048,92.32566924888205,9.220113400156688,13.629715826198485,0.9958814601654524,0.6804597902792379,1.9556950952678762,0.7122766227614395,0.3172571229854683,110.79433669282051,11.30584472537549,8.698411785596651,78.91621596065603,8.05288889845569,14.156801115804052,0.9968891728603225,0.6900813416353057,2.2729522182533444,0.5261275173398575,0.28529480537889496,118.71087086409969,11.688011216302755,9.234277437045328,62.4570557689812,6.149384323873777,13.711753785485152,0.996890243276287,0.6960547037333934,2.5582470236322394,dg165_rookie_capital_v3_chain,inner_menu,dg165_rookie_capital_v3_chain:inner_menu:trend,12a85a78dd469fb63f936a1a721c1e50ac9fc44864694929747a009c3dd9281e,0.9597595259408263,0.980116027710925,0.4129286435171306,0.5576331814380914,93.94141910991566,106.68285861000409,11.922721481545537,12.873795317189431,7.292468005078786,8.12173714578603,90.62169172116978,103.44830007339829,11.570727572721703,12.490877694745581,11.324412183745897,12.473357104131379,0.9597595259408263,0.980116027710925,0.4129286435171306,0.5576331814380914,0.4129286435171306,0.5576331814380914,0.9232817679587906,0.9653432844254745,0.4711275954975165,0.5947561341041213,109.99394978433745,125.45612308290964,11.863464071580836,12.793515518428032,8.422187707428712,9.485927222682122,102.51090455406892,119.81419138897304,11.131031166093077,12.223343068701181,11.76648333258972,13.151296877361183,0.9899195641735606,0.9972108957888575,0.5607264232981561,0.6941640382421772,0.8950496465661341,1.1371165922285527,0.8471366993061832,0.914713279477866,0.46899094322296536,0.5949292886341176,110.42412085763715,131.65495012074723,11.219714913639626,12.312907884917564,8.38344110528177,9.870818741318216,97.81010848207258,117.26927209463513,9.752367010580944,11.083097375387947,12.37440729892445,14.065219266825522,0.9911176492393311,0.9980856014771312,0.6098227529213284,0.7326167351921931,1.3823731641114199,1.7122360512075903,0.7716017853893046,0.8688434061105096,0.37143593493751653,0.4928655370268908,102.94605156664645,123.3209025255803,10.64240562923892,11.830665582170289,8.239727127632877,9.708766894956229,81.98352151877236,103.85660938195758,8.447358629777243,9.987132461734435,12.606462214895046,14.476974115333004,0.9918114320538947,0.9985414532956296,0.6251510102850986,0.7424737252290721,1.7723445662684776,2.1857619393110705,0.6495346338812377,0.7673276715047855,0.23992728485052922,0.3918442086096971,96.50163707207804,127.33651303452383,10.502088607319441,12.019428559343934,7.77139486431687,9.702898979073389,65.96484385011638,93.6500566488667,7.1767811453726065,8.939540205561983,13.002881418368,15.362756528229747,0.9930630716908239,0.9993758768689848,0.6290803396370526,0.7540544697657158,2.049352750509838,2.5695727197935345,0.4504331424199112,0.6028529922587469,0.21935826915787535,0.35802504459505086,102.63184915170582,135.57273120292135,10.78917423584996,12.591272382602614,8.190549941795624,10.544793079613452,51.1195704224699,75.1429055224779,5.188266575645706,7.169211407212095,12.561416300751024,14.890791010535004,0.9930714612553371,0.9993765383674001,0.6436615858663951,0.7579217814572923,2.304874304900089,2.8809396374107843
00-0041483,Eli Stowers,TE,TE,PHI,2026,54,2,23.0,resolved,scored,0.971683189099626,0.2808183263490736,77.71084645701444,11.472816299920044,6.185729903309404,75.51032311298317,11.14794273026048,9.964206196241495,0.971683189099626,0.2808183263490736,0.2808183263490736,0.9381634080171375,0.4552060193537766,90.89231816115708,11.661873663950592,7.149379333570811,85.27184696864909,10.94074314043719,9.920932212689351,0.9939851969939926,0.49878941188007,0.7360243457028501,0.8983389454896415,0.3832828582533392,93.53129796927463,11.780958870049364,7.1395845956907324,84.02280758799563,10.583294168176986,11.545369867667915,0.9948508469612437,0.5564542723352478,1.1193072039561893,0.8650392810313636,0.33648497529410915,87.9993237555793,11.0655808127922,7.037157505182754,76.12287175277251,9.572162070492217,11.960772541716848,0.9979395404739185,0.5690851300291113,1.4557921792502984,0.8046023383230267,0.20413721423557218,74.54709273363002,11.001824417670525,6.078947023952297,59.980765128662235,8.852093652277077,11.307332214615606,0.9981835060086757,0.5742287825979618,1.6599293934858705,0.630240106234246,0.18632037819189678,76.07937925934638,10.972364644796786,6.243998815644499,47.94827606664595,6.91522425937761,11.132214315384822,0.9981841642038152,0.5856975942716335,1.8462497716777673,dg165_rookie_capital_v3_chain,inner_menu,dg165_rookie_capital_v3_chain:inner_menu:trend,12a85a78dd469fb63f936a1a721c1e50ac9fc44864694929747a009c3dd9281e,0.9603896137551481,0.9848758849290602,0.20337659482130924,0.3643003773057411,71.3882340901008,85.5918513477776,10.961583299337203,12.130488128768583,5.793108723405915,6.7359994639930605,69.60478371251439,83.26092978579194,10.619631331974574,11.820755950368005,9.15938000006242,10.857294295531734,0.9603896137551481,0.9848758849290602,0.20337659482130924,0.3643003773057411,0.20337659482130924,0.3643003773057411,0.8940088152792506,0.9650552771976929,0.3825264999675202,0.5592629984402568,83.6175957528536,100.71983059493806,11.05013244416801,12.277778133016056,6.648525141843122,7.789838883040909,77.63922639572449,94.48523423684418,10.264481167015242,11.714734774126857,9.101909126218295,10.76908878440936,0.9899173935309078,0.9979094786042382,0.42515527444695767,0.5942903211364258,0.6104959136527196,0.9077727660865633,0.8510073705314855,0.9334262161169607,0.2937532371514003,0.47950402539308373,83.21109167086574,105.37574323420506,11.069507164627838,12.420403707254877,6.4627090153903515,7.880242439599341,74.13732505465927,94.8902360279133,9.76810410152921,11.402557204328241,10.566046488287965,12.498489953676703,0.9913769631880511,0.9982098945910363,0.4884961861951276,0.646158717119433,0.9483802541722473,1.372400881985587,0.8132172278761274,0.9152825186354909,0.24703953756283364,0.4420735372011723,75.18938878961796,101.42051619519978,10.273969096165088,11.7246325292384,6.2210383047712545,8.008801653038622,64.96877577757006,88.29223738638252,8.74134985079989,10.370608068469338,10.911190622833754,13.19319631544929,0.995346123863499,0.9995615277283272,0.5052928053926836,0.6574047079773062,1.2083081843930161,1.785399371288416,0.7480246957953233,0.8555993565169241,0.12990415543682152,0.28931534199997727,59.27802522279814,89.81022447117402,10.148942066903496,11.864935470478397,5.107205601838016,7.188077325690623,47.65217399180562,73.60984992335851,7.846057739330532,9.831156808963454,9.840195118325983,12.755274571388515,0.9957928122348405,0.9996778221950864,0.5107015336072872,0.6597786140955407,1.3705434443524767,2.0259428377320834,0.5303599297732606,0.7235304390063686,0.12194858926472814,0.2810101535318884,59.74829853724106,93.62096848989202,10.04466809674181,11.979973179183217,5.134483722786558,7.493066545517499,34.34563157575831,61.0458198369173,5.600171376489648,8.09953991010033,9.650494018180622,12.4911039908909,0.9957982605380707,0.9996781465686229,0.5218294000716914,0.6834023351196516,1.5159442405880363,2.2930548730541735
00-0041503,Nate Boerkircher,TE,TE,JAX,2026,56,2,25.0,resolved,scored,0.9742453928482159,0.2831907683378789,74.71492563810845,11.255892159125256,5.851782396127119,72.7906720799242,10.966001078424139,9.669712277173607,0.9742453928482159,0.2831907683378789,0.2831907683378789,0.9059231698363017,0.4262166072661343,79.4787556618204,11.521359529067306,6.377099387245178,72.00164626380125,10.437466545396335,8.434201727736772,0.9937825766577129,0.47700360904981687,0.7094073756040131,0.8695761596874823,0.3337007980182432,81.72575734135494,11.761307937993946,6.118527695527442,71.06677021644649,10.227352989622677,10.848770333404424,0.9943909807377009,0.5181480944226464,1.0431081736222563,0.8371520959481009,0.25048357492745893,68.77139887493655,10.133537692334663,5.793840744174482,57.572120709436,8.483312318507044,11.14506810346404,0.9982997427509857,0.5271817792750119,1.2935917485497153,0.7677805647314926,0.13540329258303965,55.17290319828726,10.414146202972097,4.777904592138764,42.360682775456965,7.995779052914245,10.225440006702403,0.9985468304676859,0.5305673179682572,1.428995041132755,0.5268699981507741,0.11442713332016013,51.09206931909754,10.235230926910592,4.637123676968951,26.91887846767214,5.392636099534129,10.491439179995725,0.9985472627081263,0.5383905283998255,1.543422174452915,dg165_rookie_capital_v3_chain,inner_menu,dg165_rookie_capital_v3_chain:inner_menu:trend,12a85a78dd469fb63f936a1a721c1e50ac9fc44864694929747a009c3dd9281e,0.9598795967913041,0.9873544688754479,0.19672183995897005,0.4248641538471789,65.63784469458012,85.87333515228443,10.532221664084007,12.093160768308667,5.20130405094409,6.653440838143059,64.39667066176418,83.47779664943022,10.222570510940585,11.842181968499855,8.552011844814281,10.748003396091324,0.9598795967913041,0.9873544688754479,0.19672183995897005,0.4248641538471789,0.19672183995897005,0.4248641538471789,0.8216026791534462,0.9484687165370304,0.3204703659312475,0.555575910333878,69.57803085636932,91.3414808815603,10.706538165956559,12.324898036403301,5.498623853683445,7.308943267832937,60.40770320565078,83.5346151563988,9.214767579187761,11.400330029858015,7.280947391728946,9.602376578465794,0.9882070835659807,0.9981917272658395,0.3649401626771753,0.6132480206905175,0.5407957997559273,0.9545042311715505,0.8023233281459294,0.9169219754733849,0.22705344767269198,0.46330664255187526,67.21822932004861,97.9274441636263,10.884182806443622,12.626169940817295,5.204853683944892,7.139947484823501,57.00235577548046,85.66870371209514,9.069330199961232,11.228021739551922,9.452071470102437,12.122772568321546,0.9892771738200812,0.9983079421460637,0.3970931105308279,0.6480297186196722,0.7932325027863617,1.3823668000874534,0.7673770237822228,0.9080923833702208,0.1426399607636257,0.3847879763327982,51.183471915979915,86.61886737981214,8.914938071133077,11.052372676910334,4.6784110495341436,7.083481635159723,42.67148351549163,72.96090202214035,7.27173328442728,9.576676227977858,9.693840964250086,12.438321633757953,0.9947218233990853,0.9998134873658056,0.4136783209034693,0.6660720987879754,0.9645695453852572,1.747089659134506,0.6916496554187008,0.8513874885761119,0.06928948106506481,0.2225695305386752,32.5175895214797,76.23064095598095,9.195560597704795,11.568100897906161,3.390784203373445,6.242498200545816,24.8266126465076,61.2025342624419,6.684901693217717,9.188773427114338,8.10436068716568,12.039059175094025,0.9954449121029063,0.999885027019537,0.4151157295016499,0.667429861244966,1.0641160011574216,1.9141373970741513,0.4115509992964865,0.6464269860558812,0.061898795022079824,0.20922251576667067,26.745312724032477,74.17471180432085,8.990247387072792,11.5069453132461,2.934855499405178,6.333912029175706,12.5236449251932,42.29598077141147,4.084875302390601,6.880058929794074,8.185941553827195,12.249288611788348,0.9954451167061246,0.9998850530897501,0.440061642674131,0.6764425305424421,1.1627474962341384,2.0885797236364
00-0041472,Marlin Klein,TE,TE,HOU,2026,59,2,23.0,resolved,scored,0.9700878696120923,0.26679090640732295,75.4240012717772,11.372469919515598,6.05346070233189,73.16790871135808,11.03229511645049,9.8975484879249,0.9700878696120923,0.26679090640732295,0.26679090640732295,0.9361200210975543,0.4326800331513443,88.78528107259913,11.598943277228706,6.97865634701514,83.11367919083379,10.858003025388673,9.886812877859647,0.9928098189914388,0.4741396652155616,0.6994709395586672,0.8924365147636611,0.3622869643807568,91.66136247269355,11.716142402305929,7.02161751757761,81.80194686361928,10.45591329198865,11.577080804653253,0.9938917668440813,0.5315410650333432,1.061757903939424,0.8586398626360721,0.3152551847001881,85.85258993862007,11.002729624108687,6.8691698813786175,73.71645603184776,9.447382253066523,11.965128412659643,0.9975237367488519,0.5454611636443355,1.3770130886396121,0.7940011302635155,0.1882275595557692,71.53345201152356,10.879271816810048,5.901627851355067,56.79764174880066,8.638154118991189,11.25724989413253,0.997818890295041,0.5506612157564763,1.5652406481953813,0.6189404556748039,0.17542129531638997,74.15817501218393,10.849552393143842,6.1667020709029625,45.899494634052985,6.715226902080109,11.050903544816759,0.9978197465552779,0.5624298249731424,1.7406619435117714,dg165_rookie_capital_v3_chain,inner_menu,dg165_rookie_capital_v3_chain:inner_menu:trend,12a85a78dd469fb63f936a1a721c1e50ac9fc44864694929747a009c3dd9281e,0.9579603192895205,0.9837290287741759,0.19557926233401704,0.3479308131181612,68.99157032030374,82.87188032535342,10.886085015470025,12.02370909603446,5.678152475408445,6.603597122429455,67.13953535144604,80.64032259934834,10.49399460400981,11.743831953130908,9.091381902017082,10.803127622283696,0.9579603192895205,0.9837290287741759,0.19557926233401704,0.3479308131181612,0.19557926233401704,0.3479308131181612,0.895909269068978,0.9625735282711404,0.35923520341971327,0.5342309929357624,81.3461204623854,98.38942153119997,10.982127207415694,12.21972080402085,6.4615968217920345,7.6267248602579985,75.36103656829337,91.7798619358975,10.15607263025341,11.634832620446685,9.039015023890874,10.783812909502823,0.9878110751986753,0.997227351994598,0.4001736142330013,0.5696475022764853,0.5757517230230408,0.8639871356363782,0.845518597812165,0.9273671457357965,0.277459578797867,0.4609256170393589,81.41468099072624,103.70210138000655,11.03546405426834,12.365179804866127,6.362084575977091,7.811932778248399,72.57672885149599,92.51108039778939,9.650224031257697,11.250398614538726,10.554872394887171,12.538217164093881,0.9899889879848708,0.9977237730609071,0.46422681523439224,0.6232791541523213,0.8894029630502764,1.2876908905559254,0.8069282000021027,0.9105708271620353,0.22272654407470596,0.41723459145144065,73.42069820663816,99.53498079486721,10.212155254780246,11.654336436533018,6.102347616845297,7.818641496681594,62.772661517105945,85.60162079369184,8.626003874968225,10.218000687478899,10.921200222888244,13.1781649523437,0.9945785982097043,0.9993913664415757,0.47913710646337093,0.6366265019273124,1.1320517053107226,1.7020985584409685,0.7371538966415332,0.8478399266821494,0.12124644893845683,0.27316256126954214,56.290126185074314,87.22373961559742,10.026026612993789,11.765511869923607,4.9558117806592366,7.000209777323073,44.549780782526746,70.04381608906455,7.68383812587533,9.554410529404835,9.754696426706527,12.698673326138497,0.9948790904320285,0.999606753408487,0.4833187862800775,0.6386451684652538,1.2863831440166273,1.9179275847774881,0.5223177283039637,0.7115430693675359,0.11407657374019732,0.2733258280315697,57.395231370065964,92.03408767240461,9.884729736845966,11.87086179464286,5.05009516844843,7.470970391586982,32.771031403106754,58.695498365095204,5.420777578475769,7.902933871918941,9.578472896185302,12.436388684003447,0.9948819061065185,0.9996071971968054,0.4948547483865151,0.6556020604250099,1.419112066752777,2.1727326423908186
00-0041510,Max Klare,TE,TE,LAR,2026,61,2,23.0,resolved,scored,0.9694650068316027,0.2616225605636118,74.56310564867606,11.334693965007656,6.003667223994259,72.28632172707925,10.988589162220274,9.872454821897062,0.9694650068316027,0.2616225605636118,0.2616225605636118,0.9353145880217928,0.4242593396510012,87.99207521023416,11.575252782201465,6.914386726650225,82.30027157444277,10.826502787232874,9.87396846398868,0.9923193851641013,0.46493731773671454,0.685881900214613,0.8901620648267702,0.3544901174888779,90.95741482687986,11.69174188155996,6.977208153151359,80.96684019360045,10.407545094711042,11.589018563724725,0.9934945703400624,0.5221892438916202,1.040372017703491,0.8562045675930805,0.3074690096198124,85.04444002147049,10.979068943624657,6.805930003575897,72.81543799477882,9.40032897745077,11.966768204567575,0.9973498381850279,0.5366155107787066,1.3478410273233035,0.7900156906264779,0.18244940340273466,70.39895015542537,10.833136206773332,5.834875059969656,55.616275226417365,8.558347582044737,11.238396125291088,0.9976665101865111,0.5418325501669526,1.530290430726038,0.6148706609454541,0.17140341638908602,73.4349269593019,10.8033190361183,6.137603280281921,45.15298207594711,6.6426439161426645,11.020293651788183,0.9976674543286842,0.5537048799394295,1.7016938471151242,dg165_rookie_capital_v3_chain,inner_menu,dg165_rookie_capital_v3_chain:inner_menu:trend,12a85a78dd469fb63f936a1a721c1e50ac9fc44864694929747a009c3dd9281e,0.9573917789981613,0.9831014016679646,0.19148405150280282,0.34196319983760903,68.10015938588947,81.85307611098663,10.842366194435883,11.979733382227607,5.624681728665663,6.553835127642421,66.2110651097291,79.63454212765389,10.438354499273501,11.692701399832313,9.030222406737767,10.782436646002433,0.9573917789981613,0.9831014016679646,0.19148405150280282,0.34196319983760903,0.19148405150280282,0.34196319983760903,0.8954781878970176,0.9611921856224981,0.35062223120596736,0.5247597295226795,80.22510129181971,97.5399973165768,10.965364382561287,12.217270781312008,6.4025670835547395,7.544961567598723,74.53777450250372,91.03933321873659,10.121795278855517,11.620561827398783,9.01784683976227,10.781239977505196,0.9873776930762795,0.9969712685372816,0.39135303141818856,0.5624076138784707,0.5641206459089542,0.8474165192409562,0.8440225398635018,0.924895792259676,0.27176000537015915,0.4534706949100457,80.80527144877387,103.06646922065018,11.024541561293754,12.347721305088047,6.317653207367947,7.797080500989041,72.00013872588161,91.58229634880588,9.607528024084335,11.208803962100383,10.57375409120765,12.553098178125278,0.9894217639634323,0.9974298435599902,0.45355641125881946,0.6120777404761594,0.8669367582501996,1.2595551370451938,0.8046115526589444,0.9073024410531733,0.21600393857810643,0.40786888791031245,72.26552739998421,98.94156171311568,10.165114321547401,11.622568206134689,6.0468370597994845,7.743011784263118,61.84181020055248,84.68133117815935,8.564820489680862,10.171147745267616,10.928787263179471,13.203977203718383,0.9941817495104184,0.9993354442579959,0.469563618817993,0.6254975170954732,1.1103973713442346,1.6717221661347008,0.731877606964971,0.8455202082763891,0.11735267833225865,0.26516951431160163,54.803278101188525,86.25471156451057,9.976385007318001,11.736196547856764,4.884444049756071,6.92948599105348,43.173449049757,68.8609614140116,7.618085357427123,9.482216524753175,9.744032730081416,12.687305950133261,0.99458500428912,0.999547222542037,0.4731719646498164,0.6307313970661292,1.2554173725820643,1.8746133678999521,0.5195876208879671,0.7080627268610648,0.10956829012116985,0.26717107094506554,56.54552485834906,91.42197594256386,9.82338351145224,11.835528792839224,5.016713101754654,7.454890456288821,31.912056980222474,58.016545307218124,5.351220600151637,7.842945745462236,9.551212655720665,12.443883769167426,0.9945865193602577,0.999547441168003,0.48493473840201945,0.6497771356682962,1.3821521184104286,2.1244073511271115
00-0041561,Carson Beck,QB,QB,ARI,2026,65,3,24.0,resolved,scored,0.8044078160515042,0.40646603428848455,78.01969734820526,7.826496060323713,7.510019812710744,62.75965435286913,6.2956946032207,12.638341686527307,0.8044078160515042,0.40646603428848455,0.40646603428848455,0.7938701593054756,0.41490568175344994,93.88821046343058,8.35062219699516,8.608548079180428,74.53504859750966,6.629309773828387,13.169217563837774,0.9379012892696281,0.512261162101997,0.8213717160419345,0.6210640403498113,0.23997827318830003,79.4688517582783,7.1708148312853695,7.435720647818898,49.35524615495653,4.453535231718442,14.359831462627133,0.9442109858850707,0.5375420547803688,1.0613499892302345,0.6248677681238803,0.21753530523747241,80.14222063614666,6.531104067012434,8.501838617328017,50.07829054140055,4.0810764217388575,14.89775910239926,0.9571477554856638,0.5757869503301295,1.278885294467707,0.5945004667717231,0.15731094843834256,70.19435958111254,6.527488433886168,8.25013202727785,41.730579535713574,3.8805949207923502,14.799598377747422,0.9655934710138353,0.5782031921212397,1.4361962429060495,0.4077599188709275,0.17567769553623164,81.77690680030119,7.367370722751598,7.707224288377342,33.34534488240621,3.004118488201238,14.705431643131833,0.9657736468197461,0.5786688176802366,1.611873938442281,dg165_rookie_capital_v3_chain,inner_menu,dg165_rookie_capital_v3_chain:inner_menu:trend,12a85a78dd469fb63f936a1a721c1e50ac9fc44864694929747a009c3dd9281e,0.7577865194179856,0.8559733753307011,0.32038778041950217,0.510305061278886,69.91174756852487,87.20185862510424,7.128279313985539,8.604233792206992,6.80265523549515,8.23050968273093,54.974651232239594,72.26502655990134,5.658946458800816,7.063411237928068,11.854875244047191,13.470197287022156,0.7577865194179856,0.8559733753307011,0.32038778041950217,0.510305061278886,0.32038778041950217,0.510305061278886,0.7248512913152467,0.8583415042043381,0.329087953674487,0.505099247632696,80.38465687275931,107.59482716357921,7.57410860413216,9.080148769144968,7.677080542910937,9.501010155177047,61.981983574645994,87.10381188521175,5.788824239679134,7.480812207053546,12.095654309118874,14.16596145681899,0.9113132803509796,0.9646714467151672,0.42534461496385984,0.605471818696723,0.6864906812713069,0.9878643316065767,0.5292242314579786,0.7189432734227481,0.16187053981587426,0.3451512574347274,61.861759298165765,98.25736443324169,6.2358490215820295,8.085454324069538,6.215113797722927,8.724151825077412,37.46654904733106,64.09452959051613,3.6291554342293244,5.504668378732239,12.834332589916402,15.636415276243374,0.922213471236297,0.9725554643984725,0.4554333852042454,0.6328264206044985,0.8761875603435914,1.2819422211082352,0.5128704343103827,0.7343784627747119,0.13521818344312236,0.31682222816909866,63.13774382402949,97.62081132523555,5.639034842395027,7.321295122574036,7.322750685894638,9.822389330833403,36.30495449131583,66.77632873951401,3.1958850538440418,5.116741667172611,13.440907651116643,16.20332838661913,0.931607386159456,0.9848230400450328,0.49919514437326573,0.6701996642841777,1.0436179136265866,1.5506933492350476,0.48922033642100154,0.6805231302161103,0.08739417785438935,0.24140693084924922,48.92779617274198,93.28926162463772,5.457259804993347,7.649781820499858,6.646655527445434,9.986939584994952,27.243195234621204,56.50002808830173,2.9975902583949305,4.721686508664242,12.931346249875324,16.815438819546117,0.9415132229388034,0.9919592818699946,0.5001695757909573,0.6728478329462731,1.1442475511976347,1.7844895616039758,0.3152803184486964,0.5244146344788375,0.10402223763258299,0.26079538943457664,56.199103042958065,108.37469288102295,6.225489507923379,8.801044578329433,6.110982165941713,9.425934553591224,20.84287616378111,50.15209712793802,2.1154616472158456,4.194610289901239,12.60324164646111,16.370575298809598,0.9424857736159965,0.9920701406486356,0.5006321318180463,0.6739200618632347,1.2819136044958348,2.00609961708993
00-0041558,Sam Roush,TE,TE,CHI,2026,69,3,23.0,resolved,scored,0.9526802473178176,0.17576362398340967,68.38700878734664,10.411567637334338,5.571025892231981,65.15095244485516,9.918894831701863,9.868110956767618,0.9526802473178176,0.17576362398340967,0.17576362398340967,0.9059581856482412,0.31688573454837565,78.65394330615655,10.76960735054373,6.324502322710043,71.25718377172521,9.756813935442558,9.933514991067202,0.987348587186081,0.348553940885169,0.4926493585317853,0.8557360313044933,0.26499948374619564,80.89569822704509,10.94153324195845,6.249764056803911,69.2253637504175,9.36306423285971,11.54363342535135,0.989179996910634,0.40475909451872555,0.757648842277981,0.804992829032224,0.24753604914470953,76.72250522204725,10.462326873557608,6.246092196614045,61.76106652913539,8.422098108205002,11.835371071433194,0.9946880491662055,0.41861666520292845,1.0051848914226906,0.7230514823545586,0.15276414137140323,66.17898549960208,10.606250119630015,5.476838594031624,47.850813566208124,7.668864871221698,11.117323680725312,0.9950437963901747,0.42475916734717295,1.1579490327940938,0.5555633319654947,0.13794659531109943,66.56717028185787,10.455713727163339,5.555803235036974,36.98227892130342,5.808811156340226,10.891844015050896,0.995045920501539,0.4340530512351319,1.2958956281051932,dg165_rookie_capital_v3_chain,inner_menu,dg165_rookie_capital_v3_chain:inner_menu:trend,12a85a78dd469fb63f936a1a721c1e50ac9fc44864694929747a009c3dd9281e,0.9373505109449082,0.971992737553241,0.12691020898377997,0.2399740837391816,62.57323765105045,75.15318312484723,9.947200669251584,10.979478000353197,5.21107293623504,6.018562264551577,59.934366810799176,71.92630632316953,9.474681313179875,10.531271025074266,9.095433423674091,10.670819768720795,0.9373505109449082,0.971992737553241,0.12691020898377997,0.2399740837391816,0.12691020898377997,0.2399740837391816,0.8552949276576374,0.9450057115954523,0.2587642392183416,0.40025727652452536,71.73894449638198,86.52900300365441,10.237248669869686,11.390737920225336,5.850824067154327,6.88626182429887,64.69267660118894,79.24289965359569,9.135188574379159,10.578455249258445,9.121612462340439,10.77224435188979,0.979554374369118,0.9945266328212102,0.2868498785614767,0.42518955499012634,0.3944866090577414,0.6222483078387568,0.8073925451112933,0.8972802648763321,0.19813862765610943,0.3421309282467166,71.76244699160658,91.25802217846307,10.341028495035896,11.544454945617163,5.632144443014127,6.95539645834935,61.23921739728543,79.12113146999008,8.646013292667982,10.20291649347697,10.577989739552956,12.443084861761749,0.9830714475758001,0.9951612174325031,0.33751848330278217,0.4883479638919974,0.6212147880968216,0.9311766332819471,0.7439706731594243,0.8667032684527675,0.17710961075393208,0.3323257418860551,64.41679175972978,88.50806582002323,9.663478816271441,11.05668873769294,5.4934070827291865,7.153096300656426,52.503473966750796,72.15814864149608,7.553483873923136,9.211694758295724,10.772658265633728,12.960492735093563,0.98982788566825,0.9985786937155984,0.35244911777465554,0.5006853338700089,0.8119311004474721,1.2553700290848278,0.6556466647479451,0.7886360014935763,0.09874002819198746,0.22086368902554993,52.47158078600023,81.72314811165039,9.75128342169676,11.37772461097185,4.557351330356562,6.478813667182977,37.35956721264032,59.30829018202441,6.729664114529354,8.50450392042183,9.741687462913733,12.427378125119734,0.9903451169012452,0.9987926781416471,0.3600701248071919,0.5101232120406287,0.9335926009527663,1.4356213403728177,0.464170107796339,0.6464012712009604,0.08968333936986705,0.21222038840129434,50.61536839010895,83.80184612971138,9.519650093582278,11.35770985768714,4.43098999455167,6.689878096959004,25.702778342773282,47.99479707295428,4.7698023049271505,6.881663611488018,9.452221230312698,12.091318205918176,0.9903568301018628,0.9987934476516872,0.37104078785644606,0.5173974638438245,1.0442616760995038,1.5948525321975486
00-0041040,Antonio Williams,WR,WR,WAS,2026,71,3,22.0,resolved,scored,0.9456687792499718,0.3232536132727695,83.33543221417327,11.391439980542993,6.587503543879861,78.807716450246,10.772529140299415,11.566194846450951,0.9456687792499718,0.3232536132727695,0.3232536132727695,0.9061550501061304,0.3941679098351867,100.7124364090889,11.518759875203212,7.8029631763372524,91.26108286058842,10.43778243187525,12.107505549707238,0.9847454088160217,0.46871025351043505,0.7174215231079561,0.8172019000682438,0.38201098625627883,103.79799819643738,10.99691222406095,7.965352885923957,84.82392134940876,8.986697564386304,12.89708202005848,0.9869532328080353,0.5128430635466095,1.099432509364235,0.7362534745172846,0.29860312255642824,98.36962818767583,10.81663714702723,7.899150233289949,72.42498054014975,7.963786682091526,13.270941217499733,0.9887395068284356,0.5301999288638702,1.3980356319206633,0.6113307842348424,0.2440580732988336,100.26697121399006,11.031750295759474,7.869095460948909,61.296286145100915,6.7440485597895945,13.759520732065562,0.9905009141319369,0.5428505405464132,1.6420937052194968,0.4341881851126108,0.2087139709469346,109.30237412237591,11.503161549288894,8.50070473458387,47.45779944869399,4.994536836142913,13.575331328805772,0.9905054009911997,0.5484719331070146,1.8508076761664314,dg165_rookie_capital_v3_chain,inner_menu,dg165_rookie_capital_v3_chain:inner_menu:trend,12a85a78dd469fb63f936a1a721c1e50ac9fc44864694929747a009c3dd9281e,0.9311342651068281,0.9608718133494997,0.2717405205209047,0.39270987309495253,78.13710044301254,89.88976722781165,10.95221143120457,11.87788550227222,6.2641135279573845,6.948461049313764,73.73039106085639,85.12449285056498,10.35432918515869,11.232178804944017,10.956705981940413,12.089999751589902,0.9311342651068281,0.9608718133494997,0.2717405205209047,0.39270987309495253,0.2717405205209047,0.39270987309495253,0.8784403127739604,0.9316807818700789,0.3384515633561918,0.45036714801325917,93.50725135569651,107.82242263753916,11.068968483939507,11.987115017641834,7.327004324822961,8.276690965547617,84.14414822708514,98.76513578691055,9.951756281191164,11.03370252408248,11.48875350361056,12.832307758704355,0.977035918234375,0.9913204869437938,0.41464841638485067,0.5342256240047136,0.6278586370007273,0.8431010476715554,0.7789027240541262,0.8584339542409174,0.3423509530483633,0.4473450782987138,94.73538434676279,114.07612368017465,10.496960521913921,11.563110001722828,7.38008438695914,8.670018401370008,77.16703877297606,94.87454923984149,8.407264279286077,9.708217049459941,12.010833795232065,13.676113322961312,0.9804986098113918,0.9927882599096469,0.4623762744311646,0.5801782712730139,0.9750942791398409,1.2780817658066668,0.6841693310131267,0.7921467933456615,0.2512000304603385,0.35738108170701693,88.83037095987095,108.63154717556696,10.2095786312142,11.38133912384877,7.284510198802231,8.684303116600443,63.517708771936555,82.7091002505427,7.148143651262864,8.737418685920689,12.277576017104774,14.158725599787402,0.9815238816611026,0.9951380444011774,0.4796221933796983,0.593675382348673,1.231292788854543,1.6099162361837698,0.5524068519997357,0.6757010007641392,0.1840558474113397,0.3067554493314196,86.29301074182206,115.90273141455023,10.280543596043913,11.765381383643078,6.991220100696268,8.815500044572726,51.20148629692514,73.63231793770295,5.922873506076899,7.566768559543016,12.629744977863151,14.915025980890684,0.983565382601831,0.9964426826163324,0.4939723520996941,0.6112228614071515,1.4555509833359357,1.8976073303492893,0.3700408890007566,0.5020725485192525,0.15355374169623906,0.26880435596403873,93.16380922690325,126.59263769857286,10.613697929469318,12.37132277785721,7.518902400971631,9.698077663293747,38.13088245039968,58.27675652699321,4.1783854181694595,5.908715516765618,12.36930764054668,14.720076115403735,0.9835679885187101,0.9964504986669823,0.5035076713264671,0.6211663665602346,1.6444508782584712,2.1543452183289205
00-0041041,Oscar Delp,TE,TE,NOR,2026,73,3,23.0,resolved,scored,0.9510341693767933,0.16925690982783972,66.93172366565862,10.347709972040441,5.486853425515495,63.65435622132671,9.841025758211442,9.825691832034039,0.9510341693767933,0.16925690982783972,0.16925690982783972,0.9041152017289042,0.3042982431343078,77.31308309156134,10.729560190338201,6.2158589288028,69.89993371561052,9.700758475950042,9.91180238863128,0.9859101275998254,0.3348380094609486,0.47355515296214756,0.8510422771531234,0.2537452203443765,79.70572291771585,10.900285831877383,6.1746930661066415,67.83293993402879,9.276604075980856,11.563813389910148,0.9880084370026233,0.39021882086575355,0.7273003733065241,0.8003547892158767,0.23614962822479718,75.35638310577411,10.422330112796544,6.139189512021286,60.31184211669269,8.341561820565563,11.838143027408162,0.9940713156714557,0.4047959602582049,0.9634500015313212,0.716145415902391,0.14417996951547152,64.26118776965222,10.52826102889149,5.363997569489767,46.02035504167923,7.5397658732644315,11.085452675058143,0.9944701482394356,0.41091366631444703,1.1076299710467927,0.5499104683430267,0.1318685927535087,65.3445689555117,10.377559401831082,5.506613721333357,35.93366251799864,5.70672855091851,10.840100086163812,0.9944726422071059,0.4202583136947308,1.2394985638003013,dg165_rookie_capital_v3_chain,inner_menu,dg165_rookie_capital_v3_chain:inner_menu:trend,12a85a78dd469fb63f936a1a721c1e50ac9fc44864694929747a009c3dd9281e,0.9354451777533301,0.9705042361170799,0.12127829249299395,0.23125935478596216,61.37356919838154,73.4743046896997,9.898990609230228,10.913673496785298,5.133904432827812,5.918175223058596,58.59291911119974,70.08085134344215,9.395901464408578,10.44840819493379,9.020434525469769,10.696365249347723,0.9354451777533301,0.9705042361170799,0.12127829249299395,0.23125935478596216,0.12127829249299395,0.23125935478596216,0.8553771267942767,0.9415849080496672,0.2456933296722645,0.38019840415963535,70.78235828563801,85.16377434599198,10.19207170355997,11.350261067928699,5.750776836408973,6.766139751245217,63.264559738459404,77.84037454638313,9.062910187235998,10.513426096029272,9.04194519038339,10.797881790023675,0.9781752657752628,0.9938709378851109,0.27258543700079896,0.40755011620480996,0.37359109527856027,0.5988281439456913,0.8042549623301561,0.8915549810478266,0.18771747876218878,0.3289587524040558,70.65178714892795,90.21407955752616,10.294153184962333,11.514661654034112,5.574903832720236,6.87414306106504,59.752786344978446,77.43886003580182,8.56143844955717,10.103101806936845,10.579550363887513,12.457370023683547,0.9814774886628176,0.9948111807974529,0.32089053217010954,0.46686181635478696,0.5878144971991491,0.8988643894626452,0.743624613349405,0.8597851052160808,0.16528152663647294,0.317549878250862,63.39316996484226,87.28376271021418,9.631847937372084,11.025356238216034,5.453193541793188,7.019067396860285,51.32455390950858,70.33383483887832,7.506618562061801,9.105326847143958,10.797673264319286,12.972297046267675,0.9884163635174481,0.9981859559411905,0.3400345527725855,0.4812259244654283,0.7700166226729999,1.1982010453564509,0.6479441437743773,0.7812458599197026,0.09415556070678759,0.20930652173887349,50.91650501856994,79.91469467291786,9.664811342647821,11.302489811144412,4.454981328455767,6.385484898692101,35.86653490757859,57.47229737320008,6.558064513257661,8.352363199371064,9.716547422090418,12.385712144903648,0.9892544105707151,0.9986110422540859,0.34624674194048727,0.4922958254593616,0.8906960633826635,1.3744195896376994,0.464416199617074,0.6389322944279682,0.08553423519559841,0.20551139623546585,49.54963402813584,82.55302787242601,9.447491034898048,11.309952610782334,4.3774669239881545,6.650018674264538,24.764811972935966,46.83270374214155,4.654719439356319,6.755017590764564,9.413762797305143,12.0691915045518,0.9892737909306121,0.9986119419491062,0.3601745769692799,0.5041969296302143,0.9938790961820602,1.5404563513451313
00-0041042,Malachi Fields,WR,WR,NYG,2026,74,3,23.0,resolved,scored,0.9474980742932775,0.32294187938967367,80.98119552871815,11.282668280409066,6.363643917373777,76.72952681742781,10.690306468577434,11.390662762471342,0.9474980742932775,0.32294187938967367,0.32294187938967367,0.8858288739276267,0.37962831877885095,94.39212952168145,11.45220515191226,7.370452069670712,83.61527380182177,10.144693993706602,11.328399056559803,0.9840317500082997,0.4595680339927335,0.7025701981685246,0.7944496245238226,0.3586915965335112,97.37931524630862,10.993424339562216,7.420217190059425,77.36296043381684,8.733721838796255,12.508371192032754,0.9859653270738864,0.49582975351692066,1.0612617947020357,0.717947190278599,0.2562266594515129,88.29251743046879,10.36248064874483,7.24355908515557,63.389364811829296,7.4397138660827045,12.839992165241393,0.9882722761535956,0.5104909276854138,1.3174884541535485,0.5953011425461857,0.2074823358163349,90.14522246788464,10.74123134553752,7.182951695400655,53.66355393021181,6.3942672923513895,13.194157664522448,0.9903092445001996,0.5204820788887128,1.5249707899698834,0.39069460098038544,0.168230522782954,96.68012417686967,11.1589954917032,7.687122505061609,37.77240253801621,4.359759290972902,13.259488958312827,0.9903134787267573,0.5248635432924135,1.6932013127528374,dg165_rookie_capital_v3_chain,inner_menu,dg165_rookie_capital_v3_chain:inner_menu:trend,12a85a78dd469fb63f936a1a721c1e50ac9fc44864694929747a009c3dd9281e,0.9317475843206722,0.9643803435276608,0.26656476868764134,0.4005803972289097,75.65296988737398,87.91259314562798,10.81571703872673,11.855526562649418,6.0200329655476486,6.810086129775243,71.4977555653093,83.34170171460038,10.215718921746095,11.217605616761475,10.686676495152055,11.99117929349636,0.9317475843206722,0.9643803435276608,0.26656476868764134,0.4005803972289097,0.26656476868764134,0.4005803972289097,0.8501180274027004,0.9167354771600995,0.3152947553941601,0.44170734814104634,86.79891589099306,102.2933182517366,10.897473445600914,11.937290565754617,6.846943654014708,7.908886240600459,75.52207144056372,91.7891472764321,9.45016264830356,10.732307488785654,10.677210433527732,12.105333526383292,0.9766994096764127,0.9912964211948214,0.3919763834750197,0.5299656869795567,0.5925724020956312,0.824821938394937,0.7463830862139156,0.8400089339767108,0.30996156585209084,0.43626393186438245,87.95226152711305,109.03207760368676,10.436058278254901,11.662777959911713,6.829472716855556,8.146845715499975,68.92970814203991,88.37988682777004,8.113651268482318,9.4979968115919,11.521428391403632,13.31621256487656,0.979087531817727,0.9923197474278572,0.43557217663180514,0.5684946078878778,0.929718086220066,1.2550868299756541,0.662619908367048,0.7826800559265055,0.19791474953394655,0.326589936269579,78.09272915137365,98.62234696369467,9.634993624931383,11.010981695614861,6.559513728263995,8.04419950835537,54.33128834271362,73.21250565589442,6.566080409928784,8.37614640748993,11.82940741647787,13.666712104740766,0.9804273059977635,0.9942114767811084,0.4518033212295372,0.5797433861226754,1.1510553946862492,1.5471085503492463,0.5359556692190719,0.6625529046102149,0.14825613613137797,0.2786001642194662,75.05105454022116,106.92847697197911,9.884904951565575,11.554261263289865,6.138926141167838,8.210627693467474,42.225697476229236,67.7688259281439,5.527388905306114,7.362141507287884,11.76292887374729,14.568457015957934,0.9829625955933581,0.9961954778489054,0.4604748143197727,0.601256803184302,1.3393852447032908,1.7988757586782735,0.32462554396587695,0.46731909873571276,0.11529988763960479,0.2264427289026059,79.3437125113879,115.1576961140802,10.132528036120249,12.096865220570004,6.5916882279799145,9.027254417363036,26.951621089250537,47.790762678882494,3.4669865703766454,5.310454067938534,11.846958328526917,14.690281735806414,0.98296815496186,0.9962320568630696,0.4667768108366579,0.6041455220685167,1.4761493757938422,1.990811321181072
00-0041523,Caleb Douglas,WR,WR,MIA,2026,75,3,22.0,resolved,scored,0.9440020421784512,0.3163430356280952,81.57953305570302,11.363741261446977,6.476197211619095,77.01124580454812,10.727394957593475,11.510608421227479,0.9440020421784512,0.3163430356280952,0.3163430356280952,0.9041787859013459,0.38768774581420634,99.32692030109108,11.506549467055377,7.695124667550123,89.80929420516028,10.40397792703591,12.050893290321643,0.9833155676472247,0.4608847065814174,0.7040307814423015,0.8121153670076084,0.37472930244437835,102.60623373303606,10.987678865378681,7.887440491759885,83.32809916537303,8.92326285431875,12.852187519831928,0.9857972588455249,0.5048310419820626,1.0787600838866798,0.73247154138564,0.2881021263567107,97.17246797342912,10.815258517528605,7.808528259149744,71.17606739674436,7.921869076818349,13.241537635628342,0.9877348155874006,0.5231415710441326,1.3668622102433905,0.6067153555619297,0.2371340267367934,98.87179657817326,11.002819797589934,7.773697970281777,59.987037215973174,6.675579725678616,13.713564668341878,0.9896727128159977,0.5358830007501533,1.603996236980184,0.4279335323903011,0.2022269813982636,108.60960897044595,11.502078451818047,8.466249283651013,46.47769361825227,4.922125061716862,13.55923870013959,0.989677837163782,0.5416020064556543,1.8062232183784475,dg165_rookie_capital_v3_chain,inner_menu,dg165_rookie_capital_v3_chain:inner_menu:trend,12a85a78dd469fb63f936a1a721c1e50ac9fc44864694929747a009c3dd9281e,0.9291953806373937,0.9593816665943422,0.26528337476583447,0.38468212390834455,76.29056424305321,88.21103539506919,10.915046681708375,11.863208730259828,6.1463192986493,6.83829663647452,71.74544056472777,83.03775918321944,10.304007194732899,11.195875102107966,10.884483582959579,12.047967858759765,0.9291953806373937,0.9593816665943422,0.26528337476583447,0.38468212390834455,0.26528337476583447,0.38468212390834455,0.8751865461975229,0.92957220698602,0.3317757035448018,0.44149677930436027,92.2336351046993,106.68236429787413,11.054838646601437,11.981569658058396,7.224101991399433,8.18598956785765,82.71606809356018,97.37246479410086,9.906685395924331,11.002722123270916,11.420468821429123,12.798319351758597,0.9752999956182036,0.9903748635184847,0.4066004627864376,0.5260423436722592,0.6153046884068282,0.8298608505255901,0.7726923922262949,0.8524616473163065,0.3332304572515648,0.44155362041570256,93.58562215864512,112.80078399860686,10.505322229805602,11.565841442891125,7.3097245047693775,8.601258359477683,75.98259227922735,93.06884780056824,8.327638790693937,9.632393312561653,11.973675922074532,13.62660218976592,0.9788426540640528,0.9923140596409962,0.45348039422468606,0.5717297130111539,0.9515094341989249,1.2551436922199395,0.6803721225208887,0.7891075374683353,0.23886138083721248,0.3467354926028321,87.90462087570177,107.76204283958408,10.20085777725798,11.405651229225981,7.17408780987249,8.58616940456676,62.27275159811929,81.55437315548319,7.087710045455505,8.713078113990607,12.264662053540427,14.16281720495312,0.9802699875760199,0.9943399001990372,0.47319614351564276,0.5858971048713659,1.2012311637258835,1.5769637746039822,0.5482553086074723,0.6708802155036381,0.17810930543532663,0.29749325584698944,85.1443885260671,114.40502485847792,10.260163269205494,11.74790707332134,6.87645989060718,8.691506953261497,50.29702702850753,72.70593067915394,5.8381044327432505,7.49864577028988,12.581856517511545,14.866778989036128,0.982465983307096,0.9962130192598853,0.48757742927300024,0.602507463092495,1.413081816717381,1.8616664154039375,0.3634257985068413,0.49595159219585827,0.14840787777513714,0.2627786284434847,92.80378610050589,126.3657946654856,10.595149317665795,12.370945563965376,7.469583893976663,9.690054409425876,36.98823095920413,57.14736531040143,4.102139928218398,5.841212363655607,12.374191362812399,14.69363010508548,0.9824668946053793,0.9962497268517205,0.4953335118357787,0.613862789720823,1.5909689243789782,2.10470455001003
00-0041565,Drew Allar,QB,QB,PIT,2026,76,3,22.0,resolved,scored,0.7703219644103977,0.369243198445474,75.86128593944063,7.857204566913373,7.534040934448347,58.43761480756879,6.052577256759058,12.792403093103502,0.7703219644103977,0.369243198445474,0.369243198445474,0.8131802700621256,0.41972057982309974,99.99154310501558,8.305824556764819,9.041179006626978,81.31115002606523,6.754132656158649,14.55883502695522,0.9173436834981836,0.5008738497778732,0.7889637782685737,0.6503957632659262,0.262094973014809,86.31771870267863,6.986800942604598,8.175029010903772,56.14067853900218,4.5441857318524095,14.986982131501732,0.9308508329133629,0.5402260784886004,1.0510587512833827,0.627049169904194,0.26580822360249357,95.09804349429575,7.273511113388697,9.492122811638898,59.63114923261109,4.560849105939313,15.699710602587786,0.9421081547386642,0.5965527309062779,1.3168669748858761,0.5785732818545034,0.18695644281629892,84.02201074024983,6.867364340958723,9.2576935216993,48.612890502000674,3.9732735244390773,15.815896282032092,0.9517433671484186,0.6001209181553688,1.503823417702175,0.47957704025919695,0.23632097511807063,103.95696183471962,7.9445169032342555,9.146185140041425,49.85537207103313,3.810007902742245,15.280876453030713,0.9521262661160237,0.6007941383887209,1.7401443928202456,dg165_rookie_capital_v3_chain,inner_menu,dg165_rookie_capital_v3_chain:inner_menu:trend,12a85a78dd469fb63f936a1a721c1e50ac9fc44864694929747a009c3dd9281e,0.7159925728386005,0.831250389084071,0.27585010186037834,0.4591657910571762,67.06595030216968,85.2389909516188,7.198989510368059,8.542180258451204,6.719245676079561,8.333643930810835,51.40835688677168,68.21632447938872,5.52768209275572,6.779483257335048,11.79914905310543,13.76129339723336,0.7159925728386005,0.831250389084071,0.27585010186037834,0.4591657910571762,0.27585010186037834,0.4591657910571762,0.7481344306179448,0.8658555208196321,0.33506216119625853,0.5095801687957178,85.88155656410406,113.54679339160518,7.492018951410272,8.988552057425332,8.085285429475343,9.94987802324797,68.30671942242932,92.54550539945689,5.922558264346027,7.473675356891871,13.324227553574136,15.675035233504152,0.8803421168768399,0.9529878158842575,0.41804175763117307,0.5956828662822414,0.6470401273129877,0.9502138193397639,0.542828534972167,0.7306168401022772,0.1798548750919811,0.3533787935806497,68.90308662685595,105.79079727928938,6.185937473982873,7.92857028873761,6.955029268402595,9.51252054910608,41.832956636637086,71.14852528415084,3.796145348662671,5.5435653804269425,13.654567192046509,16.358460787980675,0.8977999072181045,0.9628350288734371,0.4556658300895442,0.6374421884794874,0.8568045906464783,1.2559466773372687,0.5208273616549204,0.7071123839948306,0.18572124040492222,0.3491480675100361,78.45575401127402,112.85540728062647,6.430818105281161,8.161055619184882,8.35839308886739,10.8869983183911,44.40753816844284,75.07289751207044,3.5323538233782377,5.500351978816447,14.248753884877072,17.16555919557909,0.902727378326073,0.9735329051833934,0.5140875052109388,0.6743031302472436,1.0675950667143872,1.5803283385035123,0.48065244323585576,0.6601289876421038,0.11574556847797018,0.2586221856178421,64.24796496661197,106.40228218116307,5.665915402136236,7.99802977537564,7.824794795259404,10.771908244674341,33.61914853500933,63.60892329196939,3.0838869229133397,4.8465814027922525,14.190048252813218,17.73944883459852,0.9191421471990497,0.9851324521194381,0.5167256518082962,0.6764934654249476,1.2159034999386973,1.8194644065239236,0.39118946036383345,0.5838145699219023,0.14643706226905795,0.3208665684529266,80.96190206155251,130.04654123217958,6.856205486382893,9.236441499035594,7.7582611837873925,10.723786379203139,35.58377890256081,66.15038333213879,2.8119218049784633,4.888715755029712,13.546192731725315,16.916917757649507,0.9195184993948146,0.9852749993280101,0.5169733739915033,0.6775935409815876,1.3781925548231475,2.1052190237862525
00-0041044,Zachariah Branch,WR,WR,ATL,2026,79,3,22.0,resolved,scored,0.9423776152100922,0.30985523080288246,79.91489161315083,11.33748210214935,6.370675699973074,75.31000497817408,10.684189345910607,11.45791093764822,0.9423776152100922,0.30985523080288246,0.30985523080288246,0.9022222302842884,0.3815638274215262,98.0134123347759,11.49497365910803,7.592890749409585,88.42987947445509,10.371020771779595,11.997223287306278,0.9818618416226494,0.45349157810498214,0.6914190582244086,0.8072016324949198,0.3678637399638736,101.47640773706762,10.97892538347039,7.813577366085306,81.9119219850811,8.862206492577213,12.809626279763393,0.9846302667916195,0.4972494727255217,1.0592827981882822,0.7288611895601801,0.27833842929050523,96.03752665496191,10.813951538260309,7.722616096693272,69.99802592015304,7.8818695820225475,13.213662218804727,0.9867198808534492,0.5165034084064156,1.3376212274787873,0.6023914969599391,0.2306935889091853,97.54913205773367,10.975392877328378,7.683258484782881,58.762767687400974,6.611483345097295,13.669997036429766,0.9888381398450771,0.529326254796719,1.5683148163879725,0.4221160269768449,0.19620205756037098,107.95284825825149,11.501051645165969,8.433584553864009,45.56862740760733,4.854778226512964,13.543982438714721,0.9888439430562592,0.5351368762791394,1.7645168739483434,dg165_rookie_capital_v3_chain,inner_menu,dg165_rookie_capital_v3_chain:inner_menu:trend,12a85a78dd469fb63f936a1a721c1e50ac9fc44864694929747a009c3dd9281e,0.9270693561225082,0.9584081109672405,0.25894157928488604,0.37843066358743915,74.36103579791369,86.54789113996908,10.879813461215612,11.841653895857473,6.021802808225151,6.724129036567094,69.96893465861301,81.26712436490503,10.254141318738249,11.161350716977006,10.837386445507653,12.008120450452495,0.9270693561225082,0.9584081109672405,0.25894157928488604,0.37843066358743915,0.25894157928488604,0.37843066358743915,0.8717128322888237,0.9281394008907944,0.3264621792129442,0.43557767339421066,90.89787828858987,105.54749765719875,11.04632786620567,11.972442564242751,7.113962725629236,8.106880134171515,81.17622493136886,96.42653830523821,9.852399541540706,10.973348195687308,11.369965683763013,12.766060005501707,0.9734621776853969,0.9896147799983346,0.39737967091161064,0.520051320566182,0.6016822222839127,0.816316163614404,0.7667326561348768,0.8461861299919883,0.3271773853863064,0.4376098261191312,92.40624493603688,111.91658480325722,10.508016883669882,11.562203340553243,7.225391892582164,8.531681994647853,74.13769676584253,91.61989452397818,8.28140229650252,9.589469665011007,11.939095319760408,13.579664252705474,0.97706455509307,0.9911787542928714,0.44686782566939404,0.5636558191294284,0.92748697974547,1.2336833061075965,0.6751468454520008,0.7852284927232128,0.2276957237839588,0.3360010717908798,86.73333029126175,106.6807338342187,10.17990535294953,11.428851856800677,7.062076676708093,8.493058641348771,60.85321313925483,80.51968055818173,7.035147172516626,8.696603654089728,12.253012507293507,14.151712195922807,0.9790220925319553,0.9938308687460312,0.46860449768590323,0.5793807112140488,1.1743940047929238,1.5467328397903457,0.5446935825885749,0.6662647058653388,0.17288856056030913,0.28881594600760263,84.05001892358815,112.98515721403297,10.23753338941701,11.731340939098162,6.796868600648188,8.660703227785904,49.059333604720756,71.41277839504265,5.757966215255768,7.434515407970455,12.53231819306169,14.821202371942567,0.9811175785512202,0.9958822441074978,0.4814886242794285,0.5956990422202149,1.3807475611562274,1.8253338529699379,0.3588387436438239,0.49037502665154764,0.1417392930603617,0.25715999549223006,92.2890628957435,125.5356443142451,10.577564715633835,12.400234441734476,7.4813391654009065,9.684150776527785,35.97429777565793,55.936875392577285,4.0449570869323495,5.752428247989869,12.378821267917266,14.669666176538938,0.9811341152339084,0.9959216467922535,0.48862897546922585,0.6066809841852128,1.5434013812702347,2.056214468436105
00-0040870,Ja'Kobi Lane,WR,WR,BAL,2026,80,3,22.0,resolved,scored,0.9419777614599543,0.30829413377384457,79.51190340363925,11.331125098582019,6.345130303855824,74.89844477758022,10.673667855184995,11.44515355698322,0.9419777614599543,0.30829413377384457,0.30829413377384457,0.9017360662991325,0.38008440365079427,97.69542900816052,11.492171305400435,7.568141237250592,88.09549184922483,10.362905346167555,11.984230472237057,0.9814951486298107,0.4517058660263177,0.6883785374246388,0.8059988345009523,0.36620759665922176,101.20289144488825,10.976806278472134,7.795696056631126,81.56941255270632,8.847293066991275,12.799322752834785,0.9843371849531264,0.4954165814246158,1.0545861340838605,0.7279836060185203,0.2760046043358513,95.76277200922354,10.813635135447225,7.701817870938109,69.71372808960398,7.872149100071441,13.206913940149645,0.9864648857572182,0.5149047739671243,1.3305907384197118,0.6013525876986889,0.2291527824449954,97.22893204753855,10.96875317390271,7.661364252548418,58.468869885967294,6.596088104954602,13.659449875024244,0.9886287768741046,0.52774663343836,1.5597435208647072,0.4207244696024173,0.19476198672419914,107.79385496593082,11.500803068527386,8.425676844350983,45.35151245694114,4.838669271008038,13.540289094719858,0.9886347561459724,0.5335792877159323,1.7545055075889064,dg165_rookie_capital_v3_chain,inner_menu,dg165_rookie_capital_v3_chain:inner_menu:trend,12a85a78dd469fb63f936a1a721c1e50ac9fc44864694929747a009c3dd9281e,0.9264930509714798,0.958156076180133,0.2565397986217199,0.37731483963811185,73.84450284344928,86.11376748363097,10.871283953251462,11.836391697343938,5.991957299114291,6.700132352211094,69.51287706815587,80.90484920023013,10.234285268742344,11.15295499217167,10.826683491936695,11.998473907168792,0.9264930509714798,0.958156076180133,0.2565397986217199,0.37731483963811185,0.2565397986217199,0.37731483963811185,0.8708886460793582,0.9277480627499615,0.32525675156893247,0.43471188920647696,90.57044269382975,105.36544694785209,11.047160225114325,11.970233012623533,7.087358608192176,8.087020551446802,80.80321557334999,96.0257289674563,9.836129939865321,10.968512453234936,11.354245616238007,12.758250434109476,0.9730223643621826,0.9894121966527852,0.39447711184512063,0.5188943728698077,0.5980978286077466,0.8131051806064901,0.7654337146647324,0.8446666879412869,0.32553592395859304,0.43515955908373655,92.23761377282973,111.73206786712495,10.50975401528769,11.561322602930302,7.203711171348466,8.514838454669592,73.69240490474904,91.2589964198619,8.26981273216953,9.572584714059207,11.930723802234665,13.568301183920426,0.9766253057200457,0.9910598982577957,0.4445357476808828,0.5618091210578912,0.9225218886403292,1.2284906338567552,0.6738708647264816,0.78427518511447,0.2255278841150656,0.3334321353462,86.52833346337985,106.39145394571256,10.174833041434779,11.434468429311055,7.032806733588798,8.470517727253812,60.5112919110959,80.2686211226729,7.026866220103289,8.692518039162787,12.242530598630024,14.149023816556934,0.9787168423710871,0.9937020011411977,0.46650629710772673,0.5782356060333694,1.1681417041232063,1.5394276758111058,0.5438389737681971,0.6652472430941645,0.1716517652027757,0.28673127646726115,83.64663486379501,112.73219529202487,10.227525882257602,11.727330491803944,6.778437671648918,8.653246043398699,48.75562106390324,71.08797510396732,5.733318213802728,7.419058700046944,12.520325604050063,14.814989841411096,0.9807144420908112,0.9957951368344591,0.4796072285432404,0.5936760461406545,1.370522349925557,1.8179496020387702,0.3574554803288111,0.4890616338285069,0.14057387610453798,0.25580828771129094,92.09875382296393,125.38551462972566,10.573518869447549,12.401950001301103,7.484184964900115,9.683220004979965,35.74582671999574,55.648098152179685,4.022038071609624,5.730909024780381,12.379942108189965,14.663818651560357,0.9807316109352011,0.9958353465414828,0.4866889129668024,0.6049545041483092,1.5314711115020705,2.0443515870529128
00-0041047,Chris Brazzell II,WR,WR,CAR,2026,83,3,22.0,resolved,scored,0.940792511932623,0.30374701173661783,78.33248898420197,11.312520232497201,6.270367301316775,73.6946190773819,10.642734325819662,11.407816884704927,0.940792511932623,0.30374701173661783,0.30374701173661783,0.9002845659353131,0.3757620236281411,96.76479602263139,11.483969734503097,7.495707526225318,87.11585238505381,10.338840707641394,11.94620476061563,0.98038818106852,0.4464893606230359,0.6795090353647589,0.8024493185835047,0.36137466058088374,100.40239889614018,10.970604352628516,7.743363324032721,80.56783657835692,8.803353987215983,12.7691677062507,0.9834555023197871,0.49005880798358487,1.0408836959456427,0.7254074257842824,0.269244474747367,94.95865520544919,10.812709128106828,7.640948280276681,68.88371362852214,7.843619494374187,13.187163940114088,0.9856975422155696,0.5102459663228938,1.3101281706930097,0.5983301330839077,0.22468483930827585,96.2918115556368,10.949320937980696,7.597287010112144,57.61429242297473,6.551308654000407,13.62858179017163,0.9879995021566924,0.5231418889321732,1.5348130100012856,0.4166901436680134,0.19058913749054932,107.32853370557913,11.500075566171335,8.40253357017012,44.722742129454986,4.791968139860944,13.529479887252569,0.9880060245680792,0.529038677803811,1.7254021474918348,dg165_rookie_capital_v3_chain,inner_menu,dg165_rookie_capital_v3_chain:inner_menu:trend,12a85a78dd469fb63f936a1a721c1e50ac9fc44864694929747a009c3dd9281e,0.9248203907844004,0.9566537470179568,0.25093954097891763,0.3740536701698645,72.51989629880026,84.84322981523478,10.846320878783803,11.820990966855245,5.916011516695038,6.632796132505651,68.35917926873218,79.84474722086186,10.195322018966984,11.127607450151514,10.774402042949895,11.970241636402577,0.9248203907844004,0.9566537470179568,0.25093954097891763,0.3740536701698645,0.25093954097891763,0.3740536701698645,0.8687990206378932,0.9268735632975786,0.3205571909158242,0.43213190768993154,89.61723243671088,104.81276542386124,11.043786454974509,11.963735242490403,7.016467095294167,8.028612053506643,79.7347996226485,94.85136771287256,9.786941682032198,10.951918916098508,11.316416449757549,12.735394378045736,0.9709561907540787,0.9886421967587021,0.3860307644385583,0.5141797643428282,0.5878085050762429,0.802864416032955,0.7629199811199826,0.8400473996133747,0.3200092718473733,0.42797426396091426,91.15355233990665,111.19204726610411,10.51427665069536,11.557947804012832,7.148166997628817,8.465306058754301,72.39296725915278,90.20013139420784,8.23099827630658,9.52273577458649,11.887998555406364,13.536276908898424,0.9753142258510777,0.9902780904400409,0.4379084231452122,0.557792971368356,0.9082385972424484,1.21330165543398,0.6702380184868897,0.7825460714697866,0.21737935684831694,0.3265327503371279,85.48291404486642,105.54482651665981,10.15998804796059,11.45090629635084,6.965174923132436,8.420138419268667,59.52723191994284,79.46395063443246,6.984735677307335,8.670533901261452,12.196987953645461,14.138794224507954,0.9777980918714928,0.9932772323540296,0.46144123070486287,0.5733411424575643,1.1465958430012801,1.518082615707283,0.5409885148853524,0.662831057755535,0.1671377602269293,0.28302399041232673,82.3422573998257,112.15709776502236,10.205119778628198,11.703266935694154,6.7170813446415885,8.63142130861221,47.878225542123694,70.14229545369824,5.68921100413433,7.380695712011397,12.48522722629891,14.796807800554642,0.9795076795743527,0.9954191600626268,0.47357325519402743,0.5890109387632181,1.3407934306478235,1.7926736155104264,0.3535592338182626,0.48475293812349723,0.13720994487258004,0.251885317557277,91.5417815362114,125.01790236553053,10.573938303491975,12.390100091400509,7.4692952112204924,9.680016088437856,34.979655146438986,55.31156738408806,3.9563913192744993,5.680027298158394,12.378988486805111,14.646330926444111,0.9795268189663069,0.9954194232479265,0.4810286863935453,0.5994832068862529,1.5094996610739873,2.0109961528545055
00-0041048,Ted Hurst,WR,WR,TAM,2026,84,3,22.0,resolved,scored,0.9404020639521116,0.3022748027731394,77.94880607219062,11.306467763509744,6.246045666739355,73.30321811289095,10.632625620812577,11.395670651024501,0.9404020639521116,0.3022748027731394,0.3022748027731394,0.8998030414005445,0.3743583534649729,96.4620458035252,11.481301628574343,7.472143648494177,86.7968421937306,10.330910124628218,11.933834371102186,0.9800170815135812,0.4447955695971447,0.6766331562381123,0.8012852573412061,0.35980709907959313,100.1419855019292,10.9685867641299,7.7263386252449555,80.24229662357267,8.788966867965176,12.75935777354635,0.983160945486616,0.4883180983314518,1.0364402553177055,0.7245668953646075,0.26706850058188375,94.69706278145915,10.812407882686175,7.621146401129691,68.61435677970918,7.8343128109737314,13.180738940214999,0.9854411062279365,0.5087369825096912,1.3035087558995893,0.5973527964914246,0.2232447538860044,95.98695084398813,10.942999311974965,7.57644162907692,57.338073513341214,6.53683124101198,13.618539894389047,0.9877894544869763,0.521649980497406,1.5267535097855935,0.4153901556501094,0.18924512883122296,107.17715704505152,11.499838897687498,8.3950046823722,44.52033594708017,4.776919869661592,13.525963474251984,0.987796162872592,0.5275675175164524,1.7159986386168165,dg165_rookie_capital_v3_chain,inner_menu,dg165_rookie_capital_v3_chain:inner_menu:trend,12a85a78dd469fb63f936a1a721c1e50ac9fc44864694929747a009c3dd9281e,0.9243946208995316,0.9562183713733023,0.24938366698701664,0.3729942267150699,72.111000503409,84.42990301135956,10.838199980016876,11.815980855885243,5.888457940762998,6.610890552554587,67.9894197080835,79.49993525730682,10.178608511394115,11.118283706189244,10.760285630382329,11.961057214301444,0.9243946208995316,0.9562183713733023,0.24938366698701664,0.3729942267150699,0.24938366698701664,0.3729942267150699,0.8686063420112857,0.9261019361298735,0.3183803094590642,0.431295821915195,89.31516789701553,104.59512556322761,11.041400887843903,11.961334877016617,6.996669117282462,8.00939390170879,79.32437772677261,94.46908958622222,9.770150375222313,10.942226236225686,11.304144337013707,12.727816533862876,0.9705115078498561,0.9883146901607428,0.38359159753896005,0.5125654346094864,0.5847854511487719,0.7996809332830127,0.7613444089958648,0.8384975723637623,0.31822255922963094,0.42685282853280765,90.90754579960034,111.01636968125258,10.515205697806323,11.55681401248834,7.127116900322991,8.449178407310404,72.02801430809821,89.85481477947366,8.200532519808142,9.50638116010526,11.87225305729012,13.5287785499045,0.9748821773290205,0.9900103806290549,0.43622028107269395,0.5564880574360275,0.9030746819903195,1.208327721037336,0.6697903663394553,0.7821119176622975,0.2145196218969697,0.32460305370487497,85.1043439325615,105.26940468696688,10.155199788623884,11.456253804901815,6.9537093351121815,8.397672206486313,59.23708018039614,79.19281812738075,6.972605941108789,8.661597523247714,12.182172182055426,14.135396499393567,0.9774576455734441,0.9931063420617305,0.46004338203444173,0.5717649746743242,1.1394602416264235,1.5121698199160507,0.5394819409375058,0.6617659658979171,0.16565016360011275,0.28135455984208757,81.92750509160031,111.74318091554817,10.196365642809198,11.690992389709235,6.701261422076691,8.624321363369255,47.60105433612583,69.83200779786668,5.678139831864559,7.368596117548393,12.46886923467824,14.790840784548953,0.9791201078672352,0.9954118851621047,0.472041656585474,0.5875631360955563,1.3311869217855163,1.783730383633754,0.3522791690026153,0.4839298363742285,0.136130793481324,0.2503754434848795,91.36058928913613,124.97949783663225,10.582839409462313,12.386101505175654,7.454856436030755,9.675776449420363,34.71979659630921,55.25540780631193,3.9354937081855867,5.6602134351769395,12.379483495294503,14.640641881790701,0.9791387093073639,0.9954134028476233,0.47924687412621353,0.5984404748500585,1.5011418799523495,2.000193635293928
00-0041524,Will Kacmarek,TE,TE,MIA,2026,87,3,23.0,resolved,scored,0.9455550027430104,0.1501755860568805,62.4008533043078,10.148896145998178,5.224791696852213,59.00343901732095,9.596339523167835,9.693624546973856,0.9455550027430104,0.1501755860568805,0.1501755860568805,0.8976890915854265,0.26697270333388706,73.1384621087143,10.60487775627262,5.87760965649531,65.65559961032687,9.519883079402865,9.844202586105569,0.9805787461360161,0.29420629478714333,0.41714828939076753,0.8359297308022209,0.22066731367794928,76.00086551250493,10.77186655167337,5.940967783219835,63.53138304860404,9.004523506777767,11.626641492767765,0.9837351189057718,0.34671294519190443,0.6378156030687168,0.7859452370539408,0.20339196909682972,71.10311196710671,10.297804591864853,5.806359746945189,55.88315219026058,8.093510471088383,11.846773207833134,0.9917829898922624,0.3636579334803767,0.8412075721655465,0.6952435167416471,0.1198119387616415,58.29033521010932,10.285450562083442,5.012679435316772,40.525977643525856,7.150892820055243,10.986225799986185,0.9923435175454725,0.3696585075501592,0.9610195109271881,0.5345671565147374,0.1141863714496059,61.53813403033042,10.13423449526669,5.353467573951283,32.89626532581653,5.417428917588279,10.679001047713944,0.9923475648165814,0.3790913160671487,1.075205882376794,dg165_rookie_capital_v3_chain,inner_menu,dg165_rookie_capital_v3_chain:inner_menu:trend,12a85a78dd469fb63f936a1a721c1e50ac9fc44864694929747a009c3dd9281e,0.9281158686168625,0.9660356261624937,0.10715931473040033,0.2051247667323165,57.15611617042842,68.6574532789885,9.684180618143664,10.695486360192252,4.866560020012558,5.6589710669698094,54.4548393594531,65.24009970621205,9.119780372191089,10.20656163458685,8.797887445158338,10.584188575053165,0.9281158686168625,0.9660356261624937,0.10715931473040033,0.2051247667323165,0.10715931473040033,0.2051247667323165,0.8548256844768707,0.9299905576439751,0.20591069458915348,0.3340105973682565,66.65528986810227,80.59067413152773,10.033401028492303,11.267150976880929,5.408863217165305,6.418325844850063,58.885032102914074,72.83577079931845,8.828798070745188,10.335322896080338,8.905367375958862,10.777506605845392,0.9692576183854232,0.9904031600062857,0.23275300527276527,0.36234418777439537,0.32443421993672167,0.5297768477476128,0.7904103507998715,0.8771561728470512,0.16185705088813265,0.2893315811837848,67.33253111604357,86.95386398614414,10.18783681460322,11.392030254531285,5.341385174356454,6.741451050362224,55.48342462444805,73.50377638683949,8.287190889253369,9.717806677716162,10.580490000838447,12.549412597156687,0.9756735548491463,0.9916957166279938,0.27913904448201166,0.41973489516133483,0.5021995765444264,0.7989442478703417,0.7326824787418638,0.8397973282624908,0.13769644365129674,0.2788452753758108,59.19998268464256,82.87652694523297,9.528402136509149,10.937957545698742,5.156578674943472,6.633259982760398,47.59029601835942,65.43463863265815,7.3308490169189495,8.799571961949306,10.771674120215577,12.980884934660189,0.9839887525059099,0.9973937363543565,0.3010901487774912,0.4337660235412292,0.6497709231431826,1.0512775141387962,0.6268750838502692,0.7630030298475552,0.07614311649062566,0.17471125204260218,44.49304260089488,73.68253883496878,9.424989247171608,11.059886880071678,4.082070359160139,6.045750359362868,30.28477646530032,51.81064098659374,6.176601786690397,7.979966864219351,9.539988101975128,12.308976684676203,0.9853796486225029,0.9979208076550459,0.3072772634080203,0.4423286234768667,0.7523601385909863,1.2066606808379845,0.45224116584477736,0.62077221116118,0.07193181468944002,0.1840030860743062,44.56929584730739,79.9583199021923,9.174889747474026,11.091771638526613,4.212461470758437,6.539047874001428,22.5910490781409,43.55348264944241,4.359901479556373,6.492299675335575,9.276182741855548,12.025516205647623,0.9853813726464187,0.9979226416430288,0.32526629466042756,0.4594170888280682,0.8351385692284524,1.3651120630629423
00-0041051,Zavion Thomas,WR,WR,CHI,2026,89,3,21.0,resolved,scored,0.9349063599773423,0.2904245274246009,77.12480508316456,11.365103832482186,6.268437015928372,72.1044707842634,10.625307854790464,11.47058939967517,0.9349063599773423,0.2904245274246009,0.2904245274246009,0.9130874242525644,0.3756471189053826,100.27452103568226,11.525755094507186,7.709463357218638,91.5594041306307,10.524022031809439,12.610470733918476,0.9776164853701548,0.43903882636263963,0.6660716463299835,0.8143091171117561,0.3707454154855953,104.40353391593243,10.955361952865655,8.130450216594845,85.01674952643022,8.921051119477756,13.066808017039794,0.9819925642334764,0.49178599742824397,1.0368170618155788,0.7360641579021201,0.2920133181157639,102.6072725085275,11.264069014312382,8.112708669268944,75.52553563362265,8.291077473571207,13.558466501240458,0.9839983785425676,0.518163348270296,1.3288303799313428,0.6048039512551234,0.24730809084662758,103.58338566836662,11.18115306868316,8.089912665996845,62.64764093661145,6.762405555527924,14.100720911076392,0.9863624782294206,0.5345156642898067,1.5761384707779704,0.453753749965054,0.21991771492332188,118.54547831543402,11.84204451171903,9.14622136446664,53.790455327029186,5.373372104445597,13.812677635154092,0.986371332913008,0.5421408083074135,1.7960561857012922,dg165_rookie_capital_v3_chain,inner_menu,dg165_rookie_capital_v3_chain:inner_menu:trend,12a85a78dd469fb63f936a1a721c1e50ac9fc44864694929747a009c3dd9281e,0.9151844834175983,0.9507377038437842,0.23252031119327338,0.36170183066909417,70.27892885610898,83.27639486280148,10.889926806549232,11.886081853874332,5.859840606950222,6.6885954423961405,65.5801058109214,77.95794520504913,10.098788073593031,11.157175275706656,10.79815384486484,12.044033810209319,0.9151844834175983,0.9507377038437842,0.23252031119327338,0.36170183066909417,0.23252031119327338,0.36170183066909417,0.886681727797035,0.9365020016088916,0.31847907239354867,0.4445636397647267,91.67824089557813,109.65300360974643,11.03117144842408,12.070105815481464,7.226509736265815,8.310171070983195,83.22018123334931,100.8037024654718,9.986090179745439,11.102253071628503,11.878933884374202,13.449626963301302,0.965761652096502,0.9868867084673406,0.3732489252933748,0.5123721880842369,0.5536578219277387,0.789838486083347,0.7701069067880661,0.8496210379835719,0.31688832115080084,0.43598785776201887,93.98745590936548,116.3922266763393,10.365182424936666,11.582305479940551,7.390428289181289,8.923873790114007,75.84513899063325,95.21622418067945,8.283600110789932,9.647889697364548,12.192720196239208,13.991305371180104,0.971272337340163,0.9906423837088593,0.4337316715964052,0.5611840231797952,0.8831650107963857,1.1998175286438022,0.6732265357911742,0.7872895928470867,0.23495851800390652,0.3614028960370229,92.97705805347475,115.77275246445333,10.60436484056346,11.951867440509428,7.460812308133645,8.976888200550126,65.43333327049632,87.53926057751373,7.414114699477279,8.989133888193114,12.52547991270767,14.495710783208953,0.9727855253837149,0.9932634474828974,0.4602483605444195,0.5850105890287934,1.1445916288360904,1.5473105354653798,0.5324065547028458,0.6685907374194823,0.187383907094886,0.31051866779743575,89.59850242795218,118.86487890264101,10.375851992981953,11.971606061248975,7.172943473516324,9.085504898221256,52.74184665557521,75.0836137787151,5.823740951153012,7.613621669478989,13.038304818144043,15.15894908075618,0.9773329601031517,0.9965917534973368,0.4750765228865969,0.6009222550033326,1.3554665643968757,1.8366587107517578,0.3788555958300129,0.5282445223559776,0.16677389716230018,0.28778435057068286,102.27752641147305,137.70897805673786,11.008733716222045,12.874187634228832,8.189755809829341,10.434429646610033,42.278108601042966,67.12548704621088,4.42524458208027,6.3625613817663975,12.702258688765038,15.001458328879496,0.9774127756487538,0.9965923747991782,0.4865958190854166,0.6204684823950855,1.5478442561377141,2.091936551946162
00-0041052,Kaelon Black,RB,RB,SFO,2026,90,3,24.0,resolved,scored,0.9530658853351935,0.4419429287038447,91.56235432954242,11.699613748282193,7.058934703042842,87.26495629246003,11.15050273508637,12.033637019312266,0.9530658853351935,0.4419429287038447,0.4419429287038447,0.8860500409569252,0.43271558801876014,100.5852748165528,11.374850795750342,8.138988082928973,89.12358687087018,10.078687013453504,12.133146331183518,0.9838187000758003,0.5755577642051783,0.8746585167226049,0.7890881647235836,0.4103995627928102,101.27206318883005,11.270793104324015,7.687357141022228,79.91258647944468,8.893649445670258,12.552182172242626,0.9857909005947417,0.5990024150183533,1.285058079515415,0.7564376584392855,0.23107632227308642,82.01496159201405,9.724800944737908,7.0111621167962035,62.03920550365103,7.356205655425694,13.533073324726544,0.9878542511480813,0.6127869674089711,1.5161344017885015,0.6787698857505005,0.13747163837240245,66.77794805198965,9.21581469675597,6.264571766036919,45.32686016990187,6.255417488814833,13.513793432340957,0.9918056196648741,0.6195794545106303,1.6536060401609038,0.35819154147146376,0.1140729621015875,76.60785784696768,10.355314078720637,6.32069362878952,27.44028669103212,3.7091859122780955,13.107951587028632,0.9918095794184225,0.6254920084475883,1.7676790022624913,dg165_rookie_capital_v3_chain,inner_menu,dg165_rookie_capital_v3_chain:inner_menu:trend,12a85a78dd469fb63f936a1a721c1e50ac9fc44864694929747a009c3dd9281e,0.932977656291544,0.9703953659433943,0.3485212235405628,0.5425446964554185,82.59087207717648,100.57389156041098,11.087501734953783,12.366111899169148,6.530166717086036,7.714085906133689,78.65500765405574,96.32656963736213,10.460226363417766,11.882676604187266,11.098271717068172,12.748775753064965,0.932977656291544,0.9703953659433943,0.3485212235405628,0.5425446964554185,0.3485212235405628,0.5425446964554185,0.8380258699432049,0.9259004932686095,0.3270191933970637,0.5386718079618039,89.56496180847435,110.84346852777846,10.645211703562692,12.026871526916592,7.3379363868882335,8.84654665272182,78.78760444773513,99.55914804530458,9.16062522538329,10.89060846496019,11.17449250389939,13.242198572353596,0.9744345358449168,0.9923280101870331,0.480442545474261,0.6657607969695291,0.707084174885402,1.0641518525716598,0.7198791966880517,0.8467163134126675,0.3240156917951893,0.5115945851290877,89.39582098102288,115.92277921766969,10.556119683831815,11.994333660555755,6.802077476717028,8.62511967912289,67.63234266369359,92.34548266901683,7.932589592402829,9.862763703089755,11.534767915626023,13.604529616250037,0.9766073910465093,0.9935951236568613,0.5117148805667936,0.6834361944516211,1.0516860470037905,1.5385310496053028,0.6850017738816065,0.8319776735268506,0.1495149439622831,0.3212038653885741,66.80470000470716,98.10699623326391,8.721141357473549,10.534087958986508,5.9755419042142135,8.010473423492074,49.586813017775974,76.45599814378413,6.323566572731998,8.30604104304337,12.366448303425704,14.847713372831056,0.979118749250718,0.9948779840484041,0.5236113314855589,0.6983940069230776,1.2685860015046877,1.8166786212826451,0.5837454778572484,0.752441330338659,0.07857203984963547,0.2114645441877926,46.634435554016136,84.43034203433704,8.235012272640123,10.193812665241117,5.020956574512382,7.355216199669423,31.048305542960367,57.684014571832535,5.2133304568932965,7.194577446676122,11.811156598323333,14.998821195392104,0.9823198064766412,0.9980347175403134,0.5333000046531015,0.7068756842659826,1.3501892340102744,1.98027045171241,0.2629375222005553,0.46155705222622456,0.06259213138527982,0.18220559236892586,54.76584887181822,97.09475250969201,9.145168916097338,11.609863759689935,4.871997298847691,7.708491435471761,17.064985511272297,39.16344410302018,2.531746498322123,4.84577294870376,11.340806323466417,15.039091896848587,0.9823270366418476,0.9980401596064925,0.5433391061354266,0.7144939560535988,1.413676767809678,2.121402894118011
00-0041525,Chris Bell,WR,WR,MIA,2026,94,3,22.0,resolved,scored,0.936615673013982,0.28862123737167733,74.3453331441136,11.249624189137364,6.017621754642574,69.63300423822265,10.536574331063264,11.281595661299084,0.936615673013982,0.28862123737167733,0.28862123737167733,0.8950504742617469,0.36124016231494244,93.61867648900578,11.45624331301605,7.25083643666251,83.79344079124168,10.253916010572981,11.817654154767332,0.9762611689730962,0.42897189175563744,0.6498613996866198,0.7901344467607112,0.345206894148796,97.69623515243175,10.949637977756675,7.566446070038941,77.193160712771,8.651686145784844,12.667224853836498,0.9802075583051785,0.4720351160218952,0.9950682938354158,0.7166171637840708,0.24722745654896783,92.24023922083555,10.809578646136806,7.435171125198914,66.10093861719938,7.746329591095415,13.120396630264601,0.982867874042134,0.494737032546562,1.2422957503843837,0.5883222117056013,0.21004546496640542,93.12376020695544,10.88362786889019,7.380665992778433,54.786776567298084,6.403080019206197,13.524228423989143,0.9856883364275124,0.5077979014521457,1.452341215350789,0.40348724296704974,0.1769493869543155,105.7554578213503,11.497616154772086,8.324294878758302,42.67097810505475,4.6391414429824005,13.492938028878058,0.9856970354251597,0.5139072752083106,1.6292906023051046,dg165_rookie_capital_v3_chain,inner_menu,dg165_rookie_capital_v3_chain:inner_menu:trend,12a85a78dd469fb63f936a1a721c1e50ac9fc44864694929747a009c3dd9281e,0.9185836228680838,0.9525776451205438,0.23433020047433403,0.3589154580912259,68.44716637244305,80.65259840944286,10.765187381432376,11.786802993852183,5.652475312536454,6.4282242802168215,63.834489317916834,76.26326044343968,10.029237061309328,11.046212768243423,10.626942869225928,11.874721938202024,0.9185836228680838,0.9525776451205438,0.23433020047433403,0.3589154580912259,0.23433020047433403,0.3589154580912259,0.8598581162474327,0.9206363888031428,0.30428454293039997,0.42106640619238256,85.93271462950672,102.51965113795038,10.985955832821693,11.924009232849857,6.761853114461004,7.825302714461004,76.03366622191173,91.67164047718013,9.63402601844182,10.82289024593203,11.168117682836057,12.645846309215628,0.9655566607562082,0.9855481670867952,0.3638423059874609,0.4953725805155505,0.5521363654678889,0.7697841987905265,0.7462856882352509,0.8245076696490398,0.30127037115723043,0.41959332171184155,88.8415987642261,109.0709641329711,10.457538735095682,11.552692291295026,6.975159975184104,8.320440431750875,68.76657242019654,86.96714298735938,8.012742748463486,9.355892917125104,11.792125728089044,13.458355466692481,0.9697159939018754,0.9889501867434769,0.4191493585454954,0.5409867634733276,0.8578236099145862,1.177046437950864,0.6582858334924747,0.7753716589809401,0.19348582412697116,0.306764018620852,81.92725045391214,103.36495314094124,10.11422306667245,11.503109094984463,6.7352597221846775,8.196594015132343,56.55423884586056,76.73637961382832,6.854738970301375,8.572892368196962,12.087417462445137,14.058265206952113,0.9720869747334967,0.9916190987300849,0.4417600803623259,0.5582557073134687,1.070266624119086,1.4476666875259072,0.5264810064470951,0.6531287401954204,0.15274737726376864,0.26755410456547835,77.91837474023403,109.05528148437547,10.100713402186479,11.620592508234799,6.534341516566694,8.43792580304532,45.03927200528016,67.19471259728688,5.501484806425969,7.249582616527916,12.35455861814405,14.733967109013944,0.9762342071994193,0.994777605794702,0.45618570929163077,0.5745996025467095,1.2558448909782307,1.718784752472953,0.3395459597271157,0.4734323634430147,0.12612908758266528,0.23818177837413207,89.63295238446375,124.18975946917038,10.592171815863079,12.388269419063876,7.319250356421795,9.638767603819671,32.37705063569802,53.11850189981202,3.790853905286692,5.5198488787950355,12.37602491684614,14.687814982393189,0.9762355741688461,0.9947802293781768,0.46102445128847136,0.5884592035042634,1.4034891396115026,1.9149337372739932
00-0041395,Eli Raridon,TE,TE,NWE,2026,95,3,22.0,resolved,scored,0.9392418897456456,0.13859199502275132,61.15747845011228,10.137068888128839,5.233208925815015,57.44166563156205,9.52115973896792,9.76096617335193,0.9392418897456456,0.13859199502275132,0.13859199502275132,0.9106806278812041,0.2554637342691616,76.31945144646537,10.599697584066645,6.059096972634515,69.50264596281615,9.652939251208695,10.546667580351372,0.9767865356272741,0.27902946485736047,0.3940557292919129,0.8450473445798703,0.2226992336624129,79.66206733262113,10.703993855255602,6.31008425086003,67.31821846317432,9.045381583782994,12.012954462700655,0.981535666921303,0.33998168455655686,0.6167549629543259,0.7953734533597936,0.21796544759643646,78.14369639649527,10.688483850387936,6.2266444621204995,62.153421661179706,8.501336311263437,12.259846988391187,0.9895710270889548,0.36212011796065496,0.8347204105507623,0.7061581657045526,0.13204353387736736,64.36485504843732,10.432380832507688,5.450640875030671,45.45176797684391,7.366910912614962,11.467136169074552,0.9902135655359176,0.3694822932036632,0.9667639444281296,0.59124527915667,0.13347690965505474,71.72876254924739,10.355581263213828,6.064246360135256,42.40929223699227,6.122688534798441,10.901918054606389,0.9902198507346418,0.3806177605168611,1.1002408540831843,dg165_rookie_capital_v3_chain,inner_menu,dg165_rookie_capital_v3_chain:inner_menu:trend,12a85a78dd469fb63f936a1a721c1e50ac9fc44864694929747a009c3dd9281e,0.9195258321514082,0.9612523295723873,0.09583845373785545,0.18807875974713192,55.84496624659928,67.01901972095166,9.635703375326708,10.658672456588153,4.859674212304522,5.631099756840993,52.42193439728517,63.40919680391411,9.050887660860965,10.07741093862197,8.994238151015605,10.623383677215086,0.9195258321514082,0.9612523295723873,0.09583845373785545,0.18807875974713192,0.09583845373785545,0.18807875974713192,0.8728121746578046,0.9369613340953858,0.19880379279663435,0.3163554704760408,69.42893689861249,84.22453458538746,10.025522358753681,11.225973449103456,5.639471847434166,6.559821982063105,62.84464244464336,76.62410112427928,9.059299293657997,10.40039626603906,9.69873579206588,11.546026919056319,0.9639992454523205,0.9878296752940571,0.21886809672877441,0.3412323685371853,0.3101515172722407,0.4901915768097952,0.8011410217699786,0.8805057908657302,0.16633621182698838,0.28341288515722596,70.99389668944413,91.23602900707657,10.116663901324674,11.420582800382334,5.72670424617438,7.085496176659541,59.190970217469314,76.97951313352054,8.380622085960763,9.735762860302058,11.028889634452309,12.982349160919949,0.9714110086823439,0.99106394875838,0.27781735672055924,0.41200225214479863,0.48761107028778305,0.7665451019813114,0.7477584481275503,0.844981454568885,0.15874619973327392,0.2857777606964227,68.43802419976957,90.517702043227,9.974912910358556,11.267590830617602,5.584442849165502,6.9624389820815535,53.78276337939428,72.78769890157413,7.7239042604618735,9.152003747368594,11.210471307731327,13.506387998003078,0.9801711705988017,0.9964506795638292,0.3050178162247653,0.43723001122867466,0.6586319546863583,1.0428937640464793,0.6432233076875186,0.771298170340936,0.0886395258825533,0.18796658216954043,50.87792939845658,79.01791302044731,9.619739946170556,11.222908784902202,4.643156065051343,6.490339907832097,35.712105001161106,55.97329258501164,6.347030588890332,8.157762359003078,10.159500850924852,12.723670183614514,0.9811731168901762,0.9968522421386522,0.3111230160294273,0.44149260510737626,0.7584132742151818,1.2095586148775028,0.5090197065264482,0.6762730967861813,0.08629752063242137,0.19976441390750208,55.104401923296315,88.79710368235897,9.391156091990517,11.294979546267239,5.064769882628381,7.167272913243784,31.587879600607035,54.44760567345079,5.250054804775207,7.2307100005105225,9.435169589665914,12.088541639945282,0.981200587200828,0.9968526471630074,0.32638837537656373,0.46087865271727735,0.8565165604396512,1.3712443960208427
00-0041550,Brenen Thompson,WR,WR,LAC,2026,105,4,23.0,resolved,scored,0.9098539629147262,0.20328194048370393,66.77787375921318,10.322357581665456,5.404492434432766,60.758113074839414,9.391837952301184,11.124217862151784,0.9098539629147262,0.20328194048370393,0.20328194048370393,0.8232456774503232,0.2607484020945043,79.14107009138262,10.656183749054833,6.329709106818533,65.1525438615238,8.77265720952577,11.074014595772628,0.9645633469469663,0.3188608870249051,0.4640303425782082,0.7072912832210492,0.24341328229624296,82.3116245493841,10.274469891295336,6.359546409548956,58.218294551543096,7.267042993830312,12.132250433730052,0.9691124861118416,0.35254874262880775,0.7074436248744511,0.6224580197288867,0.16757356281603822,75.31536007085094,9.924402365112256,6.338966327279614,46.88064988486994,6.177523843180454,12.514821131768471,0.972923139422506,0.3693222986098284,0.8750171876904893,0.48837567672675974,0.15202168659205956,81.21231769227394,10.500199832399264,6.462659392656423,39.66212061151289,5.1280421989142,12.849397686331024,0.9757960702336447,0.38071814411881105,1.027038874282549,0.30645474248334453,0.11554038616315145,88.06334682493086,10.975383631276909,6.992926853410708,26.987430273455644,3.36345836437888,13.141457793562799,0.9758097925166951,0.3842238276840693,1.1425792604457004,dg165_rookie_capital_v3_chain,inner_menu,dg165_rookie_capital_v3_chain:inner_menu:trend,12a85a78dd469fb63f936a1a721c1e50ac9fc44864694929747a009c3dd9281e,0.8872091219193283,0.9333176212139861,0.1656649728752874,0.2550395797548153,61.832133536895185,73.71713611023732,9.861027239210864,10.85943765751281,5.048777199309869,5.809083888145976,55.98141453149954,66.65881750529041,8.92819204283015,9.90810144929539,10.280693945112413,11.821952290836318,0.8872091219193283,0.9333176212139861,0.1656649728752874,0.2550395797548153,0.1656649728752874,0.2550395797548153,0.7817495117731702,0.8629222423381945,0.2114233972174169,0.31579475650339844,72.34898658285468,86.44256724716121,10.107161287637274,11.132825920656845,5.850264064776099,6.8525798734685655,57.772795719125476,72.37576616964124,8.09253506387754,9.33473759804843,10.452889291407958,11.814148583746592,0.9520709629682078,0.9774264360754124,0.268402167489018,0.3771331616534029,0.3889525271904756,0.5580151265204539,0.6600238896059321,0.7570864357094425,0.2021858134088544,0.30060710165688226,73.75138457509239,92.9737160251752,9.662627681505402,10.948583694696543,5.800967294587611,7.016035685257625,51.12064213338277,68.4023364554866,6.5957706935594205,7.9755111999288575,11.167893460459407,13.019641974030863,0.9572933634325933,0.9812822168954066,0.3052846590768135,0.41237283567610244,0.5967411826160804,0.8599603309732431,0.5627512664456078,0.6965101392749682,0.1291695960237629,0.21837270085955526,65.18283269411425,85.56404768733644,9.110787235549257,10.57785329850992,5.683165176517994,7.100510018013307,40.36049624978309,55.69182403277911,5.473432575684665,7.0926046587165725,11.404347896077649,13.421893063122704,0.9613087255200343,0.984826785820557,0.3233552910700108,0.431085278408667,0.7576505575483191,1.0617741011444244,0.4251163414922071,0.5604020113501622,0.10960624881300321,0.20706371867017445,66.69696837655619,97.19336670971197,9.606876283049678,11.325849575096116,5.498566846547967,7.497445062241564,31.535358294033244,50.784107701477694,4.396093105826742,5.975277790570008,11.443668959377183,14.210066101530106,0.9631877582345568,0.9873616526479564,0.32896596152874286,0.4517565217750266,0.8827103549537989,1.2554319234504252,0.2487694220567622,0.3755145488063348,0.07943292299585804,0.16549284563737882,70.49071180928378,106.07663133137764,9.944618346520592,11.865411546362395,5.849340155571415,8.332516166488848,19.693919014524884,35.488349027033784,2.589763644392477,4.218760437980831,11.708587580654942,14.622571984215956,0.9635373775639078,0.9873831005097561,0.3335293022393856,0.4570001229464238,0.9755470149798857,1.3903533453079462
00-0041496,Jonah Coleman,RB,RB,DEN,2026,108,4,23.0,resolved,scored,0.9231544553162042,0.3080941469442078,81.33733082327166,10.9040495586517,6.402492805694943,75.08691933303126,10.066121931058007,11.93718830958274,0.9231544553162042,0.3080941469442078,0.3080941469442078,0.8487349432089932,0.32344163331067294,92.39408164023631,10.612992870230213,7.621924473039918,78.41808563377305,9.00761790099229,12.794754838976328,0.9711065967835872,0.43450011142251066,0.6315357802548807,0.7407571711915177,0.31635263298945127,93.02757842291201,10.607913871395919,7.153609072852878,68.91084583535337,7.857888271618503,12.46184861539261,0.9753467191857105,0.4648688028756651,0.9478884132443319,0.6901789590740994,0.2045435003765504,80.45894860798214,9.694955376627302,6.831205174401523,55.53107339845357,6.691254210110475,13.688795601960853,0.9775362628379229,0.48310057015386987,1.1524319136208823,0.6015043447542671,0.1330364498281156,69.7718583636594,9.298460069904783,6.319553676100773,41.96807594732048,5.593064131571793,13.836924896343046,0.9818320502471131,0.4937743053706082,1.2854683634489978,0.3344170354668202,0.11229853037968422,79.60696467402873,10.42036137606212,6.359238117039132,26.62192512880057,3.4847463598756496,13.235195703093595,0.9818430544347275,0.5005209838332635,1.397766893828682,dg165_rookie_capital_v3_chain,inner_menu,dg165_rookie_capital_v3_chain:inner_menu:trend,12a85a78dd469fb63f936a1a721c1e50ac9fc44864694929747a009c3dd9281e,0.9034092688394909,0.9464496720624691,0.24448720378718208,0.36982917829332684,74.00490662321057,88.10935450393411,10.413097178903527,11.420916161618845,5.918942451165829,6.859746323192512,68.81346383894225,81.0219741902771,9.479348341623364,10.66409745179883,11.210834976551363,12.529484958647766,0.9034092688394909,0.9464496720624691,0.24448720378718208,0.36982917829332684,0.24448720378718208,0.36982917829332684,0.8051720478922819,0.8894402579009734,0.2587957130467258,0.39870541320149355,84.24398902290346,100.20792372636015,10.028858099089454,11.128533997576097,7.026551231660034,8.177566720134479,70.73855969788654,86.8011811103874,8.272113446267825,9.668528449169104,11.957737519598226,13.731076820065592,0.9570526068402369,0.9830442082071286,0.3665557302676358,0.5028156258103643,0.5202443636735018,0.7536563977123977,0.6882810241475197,0.7968662087908117,0.25906026648291725,0.3799986368496898,83.54563954726585,104.28292921670175,9.932370316389122,11.168586925021792,6.508294261393912,7.886507777801559,60.12519349868742,79.0645028005209,7.1268346060448255,8.655293127746367,11.607497386527372,13.182146693439785,0.9617188886305148,0.9864006822392856,0.39935232654583436,0.529169731929132,0.8092577638622636,1.1071993734352177,0.6340270851824497,0.7534020850347917,0.151079363721541,0.26808337678702,68.34617446860855,92.53323617855337,8.940939829772415,10.257755361170814,5.983769327598632,7.56641955350864,46.508703907421655,66.16174396480965,5.8978400322694995,7.468897205427151,12.595793432933986,14.815438632642847,0.9644003902714681,0.9880380644300498,0.4226142585326701,0.545104663761903,0.9785139188369739,1.346901993524056,0.5279411397991008,0.6661676453767974,0.09010966243160533,0.18669829817761366,54.68365640008343,83.06873560293367,8.458965393067594,10.112127828652143,5.418768070014669,7.215880390517572,31.82443440700619,50.36865513075549,4.75587931689924,6.250089094737723,12.553552818373186,15.080497785312472,0.9677836747996187,0.9923640106122443,0.4316136401940399,0.5613825584651174,1.0834292819530544,1.5095822845112747,0.2578546234166286,0.4065252099316416,0.06836995466360332,0.16251841053262533,61.918685790736866,97.56497563408556,9.265311880556892,11.454820046012978,5.333163320451596,7.5250131727548855,18.604543240987173,35.33436596602325,2.627340879969215,4.320207474775958,11.78471379063523,14.944913657881912,0.967866312658704,0.9924095744042382,0.43776929998818664,0.5692120655410898,1.1684499513046076,1.6540920991958623
00-0041056,Cade Klubnik,QB,QB,NYJ,2026,110,4,22.0,resolved,scored,0.6538954478426985,0.2262256985003668,62.89906985921698,6.730796530968718,6.680980233151016,41.129415454481865,4.401237211955871,12.613449571189271,0.6538954478426985,0.2262256985003668,0.2262256985003668,0.6840744588647232,0.2626686634507366,83.07374376130896,7.210626146831547,8.051444367930909,56.8286263093841,4.932605179469615,14.46933563829386,0.8296991777828512,0.3262431421293111,0.48889436195110336,0.5267441002709621,0.16482129526603861,68.95223081743517,5.908092262906327,7.060010153213241,36.32018078360559,3.1120527433424257,14.702426935274943,0.859136141827491,0.3684602953833739,0.653715657217142,0.5144574990843442,0.18054211536055936,81.74533557687008,6.456802280113662,8.730813061745906,42.05450090268705,3.321750353109366,15.525496454408405,0.8766259642002986,0.42390895278701934,0.8342577725777014,0.46308647524950675,0.1231181816989439,73.80570557510399,6.344018800781981,8.624576835744088,34.17842404807777,2.9378293053707303,15.658035718485824,0.888972198586942,0.42786364463774906,0.9573759542766453,0.4066091187268631,0.16888211820362706,94.98979311404409,7.508741171397024,8.349921625725408,38.62371606614852,3.0531226304498578,15.190051505174742,0.8902689895090794,0.42835162952610634,1.1262580724802724,dg165_rookie_capital_v3_chain,inner_menu,dg165_rookie_capital_v3_chain:inner_menu:trend,12a85a78dd469fb63f936a1a721c1e50ac9fc44864694929747a009c3dd9281e,0.5909359297077251,0.7213017047761782,0.14776665686187826,0.3062445003079444,53.018619692194555,72.22096453334431,6.07514079707681,7.409001987968454,5.799863799215865,7.5145524516713635,33.817855084740486,50.448305942676306,3.804545808404784,5.103597502437311,11.384268801558017,13.714326630259668,0.5909359297077251,0.7213017047761782,0.14776665686187826,0.3062445003079444,0.14776665686187826,0.3062445003079444,0.6027013762465585,0.7590238665817068,0.19100457540155913,0.3459966767002674,67.56763596063445,96.66774587422479,6.365961324475042,7.925643060239025,7.024265865838606,9.036374077988837,44.929646860780544,68.08135257590014,4.098241294012863,5.786030697225126,13.127731190587534,15.67375226829186,0.7754837116837506,0.8882046411609467,0.2525321177279575,0.41144200425166055,0.367117441060021,0.6237009486046491,0.4218000438897737,0.6150049066907208,0.10177757312157733,0.23605769366635135,51.09806027227671,89.96662002900474,5.049739409391608,6.917095915968252,5.8482962775947485,8.536700311358585,25.21676866085639,49.8209105192237,2.4598110989530966,3.87781508002583,13.297301608415678,16.166382594586455,0.8005510225557788,0.9111111062977546,0.2883272407543159,0.4545657173691062,0.47586632741568036,0.8501930803175284,0.41777447314857297,0.6077147680099462,0.12462266370428224,0.2486783633873504,64.90128388099228,99.67594826599796,5.4360354829327076,7.259483640091446,7.455395307532931,10.170336800118672,31.0980928408036,56.23462808520451,2.517014461593971,4.127276178864762,14.00899926955263,17.015371330933988,0.8179171549622142,0.9311286780242471,0.337236086105469,0.5059977141278632,0.6184073016085739,1.034147572728444,0.37337913354549457,0.5559713031971978,0.06997113124996368,0.17427593052055484,51.915925159681954,98.27469231149158,5.0484190488335985,7.495712982501286,7.085309643888416,10.250478901533976,22.941620365754893,47.474196936489115,2.14523700313269,3.683248243141197,13.67240362796583,17.737007289641845,0.8303986983587702,0.9488487852796836,0.35017476043025,0.507654791122944,0.7224264702516047,1.2086864939012127,0.3250509371871949,0.5020396366678326,0.10416585234584745,0.23420026179545497,70.65368886439985,120.42974951877868,6.317736698167936,8.928540126023245,6.753697987220786,10.088303313366422,26.182457775170104,52.6525126636142,2.168104361519254,3.989711925268289,13.292615860376094,16.970195400574806,0.8329201562738543,0.9499663429502918,0.3508475037096848,0.5082664654048393,0.8452884083404073,1.4367417550173782
00-0040876,Elijah Sarratt,WR,WR,BAL,2026,115,4,23.0,resolved,scored,0.9054044817129697,0.19457339904521906,63.863398143662835,10.27638270833751,5.219744016697337,57.82220689669208,9.304282959926446,11.031954431140994,0.9054044817129697,0.19457339904521906,0.19457339904521906,0.81777435066486,0.25190618928052455,76.84136347541165,10.635916675839885,6.150716650012975,62.83889612030726,8.69777985331052,10.980048465243657,0.9596425752888115,0.3078369754051169,0.44647958832574364,0.6961017251193288,0.233628278936792,80.33351068600679,10.259144182754905,6.230225900540818,55.92029537342136,7.141407963863616,12.057733668031158,0.9650683326395666,0.3408607785021731,0.6801078672625356,0.6154003015016658,0.15593221692618425,73.32829023514992,9.922114089024621,6.188550209935633,45.12625191931292,6.106072001919678,12.466016494007457,0.9693518504680205,0.35899011800767733,0.8360400841887199,0.4814968289969016,0.14379843999264055,78.89657966375019,10.452180428178862,6.3043167799882385,37.98845292679715,5.032691732271599,12.77311891686795,0.9726615504979564,0.37040642408849933,0.9798385241813604,0.2981712960687808,0.108422234930137,86.91348173566121,10.973585885003825,6.935737025007297,25.91510549497241,3.2720083258536694,13.114746935133688,0.9726783701481048,0.37397927288834615,1.0882607591114974,dg165_rookie_capital_v3_chain,inner_menu,dg165_rookie_capital_v3_chain:inner_menu:trend,12a85a78dd469fb63f936a1a721c1e50ac9fc44864694929747a009c3dd9281e,0.881386283431274,0.9292340723356705,0.1574756958772689,0.24465574718283953,58.63168990810167,71.16750114953886,9.804482860343596,10.818782808319385,4.869884594883606,5.613952582927699,52.82199115654001,64.33153454469137,8.842777463664781,9.833932059396398,10.184604099559836,11.70480159331547,0.881386283431274,0.9292340723356705,0.1574756958772689,0.24465574718283953,0.1574756958772689,0.24465574718283953,0.7727689781062193,0.8547858722869026,0.20145845197816536,0.3040434079235121,70.09727719968303,84.54368837778699,10.073699846620903,11.13130954574981,5.659566997025588,6.717799707134076,55.57646368747244,70.23450443709349,8.054761035815945,9.283611844324462,10.320191848676291,11.732582940911827,0.9455549172636146,0.9741098167897455,0.25313407254519504,0.3661730626134947,0.3689584718995811,0.5419627479127812,0.6473577130210931,0.7458315845259251,0.19194812103418238,0.29127477984554706,71.58829044658214,90.9045902170272,9.655508721580922,10.91957059428743,5.6619188572302654,6.8934531972197215,48.478215205256014,65.61479588214196,6.467886967357465,7.852472799987933,11.0796210117505,12.968190056369771,0.952325062968492,0.9787867866181211,0.2937656707165127,0.39493818690372007,0.5689913284059,0.8291005712482699,0.5537529011642043,0.6910570832870181,0.11791497654177496,0.20495058083449957,63.24552356513487,84.35370544273334,9.085672391293738,10.622114548884793,5.49562249864066,6.970946602966812,38.39605152596019,53.56037460412197,5.360375138145256,7.01311405154434,11.377276667395403,13.370437380370126,0.9558508199562035,0.9821384492928369,0.307847951441661,0.41977436354069153,0.7142162785167158,1.0193304372584253,0.4172395757402463,0.5535780498783599,0.10210466746510602,0.19595341932239577,63.941108995265495,94.98812320837575,9.562822235420715,11.280486601784329,5.336469816368084,7.340630986482468,30.30898004222756,48.695459460941606,4.263895644715827,5.836724226406782,11.393706915312142,14.104159508762127,0.9585420160151993,0.9863276220966848,0.31710922228435146,0.4401263250994612,0.8292175727849328,1.2033654978233241,0.23963854200451745,0.3654081675899267,0.07227662074632266,0.15704431297003715,70.45310729983498,105.15067572704362,9.897028506083254,11.84352619619145,5.779524500611851,8.34503325257092,18.43573802741734,34.55305107819931,2.496120609832122,4.107765137144102,11.730474061233695,14.64094501158221,0.9585671709532606,0.9863617327165449,0.31760477713118074,0.4455975207298706,0.90892612211171,1.3299320056551036
00-0041397,Kaden Wetjen,WR,WR,PIT,2026,121,4,24.0,resolved,scored,0.9079974971093729,0.19366641483870844,61.20566718705982,10.162823488075661,4.976645908288307,55.57459261475959,9.227818290737048,10.846814641885409,0.9079974971093729,0.19366641483870844,0.19366641483870844,0.7833990429628328,0.23798793278227698,70.28158030638971,10.567251473195167,5.699566449257148,55.058522749941176,8.278374690848679,10.191156958920844,0.9578573277981588,0.2974337913486139,0.4316543476209854,0.663601964261767,0.21323070960492477,73.70884000278119,10.254060380033874,5.671623619669882,48.9133310093019,6.8046146098492395,11.661263155424981,0.9626115658292308,0.3236909193891251,0.6448850572259102,0.5916199399221529,0.12593274763788365,63.04425912894825,9.46771930476045,5.517295719257353,37.298240798305,5.601291526282185,12.029985248613967,0.968130901480496,0.3388310621291526,0.7708178048637938,0.4591972208778509,0.11700945726108743,68.53368523044587,10.156661053864465,5.6016842589441485,31.470477794338162,4.663910529332867,12.199812681291885,0.971983628972583,0.34766097095700693,0.8878272621248813,0.2582140630319077,0.08234228318620765,74.17149242252248,10.629232621976458,6.116199423892371,19.152122419559884,2.7446173422318387,12.796123071988198,0.9719997099525599,0.35037342274163713,0.9701695453110889,dg165_rookie_capital_v3_chain,inner_menu,dg165_rookie_capital_v3_chain:inner_menu:trend,12a85a78dd469fb63f936a1a721c1e50ac9fc44864694929747a009c3dd9281e,0.8786545116832346,0.9328962090527545,0.15007768602722096,0.25813167817453286,54.78860141860787,69.39980319650985,9.626173498987914,10.868431175115743,4.525830624841037,5.483745219414865,49.45729891794442,62.887426471789425,8.639695357933107,9.915859560250498,9.834651974170654,11.66803768231937,0.8786545116832346,0.9328962090527545,0.15007768602722096,0.25813167817453286,0.15007768602722096,0.25813167817453286,0.7222626297014175,0.8373026350806424,0.17812584247604177,0.2974542762309211,61.654660696012265,79.23539768080084,9.880108082135068,11.137534399758806,5.061875265073835,6.362970469240171,47.01723714760071,63.725215085180366,7.407175431455642,8.994431895497987,9.328755760500632,11.139622605425318,0.9397510552147145,0.9746103586824355,0.2264581009068123,0.36345089616335285,0.3324640479133416,0.541081136578868,0.5993105685207915,0.7253544013348731,0.16186691645470272,0.28019144585287226,62.377193669176016,86.37944077557361,9.489102044166765,11.065452963404189,4.940586188337895,6.507103811406483,39.66424648555099,59.33731483231504,5.962208346077887,7.658539226072773,10.572727991950208,12.72001002241187,0.9447021311431233,0.9791195922732253,0.26354127605150035,0.3944547388069348,0.514442534537064,0.8206813824753182,0.5246717418723519,0.6819812927343686,0.08507283594972843,0.18753066231234822,50.598365830545035,75.52296567702032,8.442471791387568,10.240820388747936,4.715961519056954,6.3908927763187,29.50046111443351,47.71682003234821,4.776073523969329,6.592131528712501,10.903487258385313,13.07485620961077,0.9524067903526634,0.983642724822304,0.2822432335099558,0.4070621086031581,0.6156429644396795,0.9719554609590587,0.39399689714123504,0.5426328591242712,0.07620268924614924,0.17868809787806306,49.98050439811891,88.35097994626766,9.091542065609868,11.135071899308995,4.359016528205367,6.797539587997558,22.688919089735396,44.70685160485848,3.841165829088329,5.619274673924939,10.516371655126935,13.88271206833181,0.9563950823915928,0.986433294121652,0.28776597685081834,0.4262236802484872,0.7085721730252595,1.1232630478074161,0.19805099827499598,0.33339276438997245,0.04821971865359081,0.13055596713656917,51.23051395937823,94.70590544636227,9.410757384743441,11.637573131047374,4.67898881099076,7.665178907825093,11.760351444913127,27.349133559161036,1.9442267596578091,3.6187436422317814,10.99830235834238,14.59683789700911,0.9564015868133733,0.9864909274686025,0.2924176623702848,0.4266900112176273,0.7690742897134711,1.2186423186208692
00-0040878,Mike Washington Jr.,RB,RB,LVR,2026,122,4,23.0,resolved,scored,0.9188930587892843,0.28879550302167434,75.81535349149796,10.837236371438477,6.03634367341327,69.6662020729934,9.958261278173586,11.724306619185755,0.9188930587892843,0.28879550302167434,0.28879550302167434,0.8390765086751143,0.2982389850424541,87.67458777817656,10.545388186025727,7.277060627116924,73.56568701244224,8.848387501754264,12.673228259787866,0.9652655587912361,0.4061607349062726,0.5870344880641285,0.7252366556461028,0.2946821639732956,88.81321706966023,10.6083241463742,6.848235969900791,64.41060052477175,7.693545525926223,12.224094471349758,0.9707290880183932,0.4366978662854053,0.8817166520374241,0.6774697056531064,0.1842364967718224,76.85238551980723,9.659065343086642,6.536339366561562,52.06516299684286,6.5437241548650285,13.611535057519589,0.9732831218733571,0.45719465598081205,1.0659531488092466,0.5868020818345145,0.1183932130605134,65.72835522856934,9.211757436040243,6.020145036752318,38.569535683682986,5.405478440822984,13.732529433677268,0.978535100037669,0.4679847329776113,1.18434636186976,0.31898253009545036,0.1005237419206611,76.3271784960875,10.352435026865093,6.175530262632215,24.34703651172904,3.302245917518189,13.127459398612924,0.9785496146948807,0.47514267468705146,1.284870103790421,dg165_rookie_capital_v3_chain,inner_menu,dg165_rookie_capital_v3_chain:inner_menu:trend,12a85a78dd469fb63f936a1a721c1e50ac9fc44864694929747a009c3dd9281e,0.8972611789123618,0.9415730863427383,0.22527159291946233,0.3490843151282949,68.67666319247148,82.55748040321714,10.328814681774483,11.356717578591146,5.556102113234963,6.505778140998747,63.27572613900477,75.48256171951641,9.349422534181182,10.539033950011577,10.970532670975809,12.352650571042025,0.8972611789123618,0.9415730863427383,0.22527159291946233,0.3490843151282949,0.22527159291946233,0.3490843151282949,0.7888044803457229,0.8820832259101148,0.23120448120819215,0.3638235489103147,78.71441266447479,96.06368976129987,9.951554231611695,11.05115834109056,6.648597155853775,7.8347701941646255,65.4623398032938,81.71634863548344,8.071217518645271,9.489056411172042,11.809399716328855,13.72338264590417,0.9491393560512549,0.9787333579116445,0.33651350578054373,0.4733780858549311,0.4682415180743848,0.6991975740496187,0.6762561165234112,0.7790502980731617,0.2395010291286752,0.35398829151078215,79.10311051774616,99.8557038806698,9.971744376567472,11.176712347881452,6.182991262342643,7.544767166874122,55.48672797099845,74.42811199169942,6.89877268131862,8.514938966771057,11.376726365314756,13.000003708244556,0.9549631408784789,0.9832675681070736,0.3696971218885009,0.498849631674766,0.7321368981000309,1.0243951418074737,0.6179112161288567,0.7366743649594063,0.13235985599987313,0.24134539406587413,64.67453249978304,89.18343706557582,8.823361810183865,10.278582872029896,5.7015678479663965,7.266544747538808,43.55930296731996,62.023247006880275,5.675625987155603,7.267887613244367,12.516711452031968,14.781222101147211,0.9580226694464129,0.9854053933735881,0.39434762391783607,0.5186414119140205,0.8902358306723416,1.255165383591312,0.516533536749307,0.651528626325351,0.07950231428123897,0.1663332908965414,50.87527427418188,79.29432615317425,8.366251794553131,10.002685674105559,5.071602604875768,6.91085799669415,28.95431966768933,46.83728229253871,4.553607053819503,6.024651515466476,12.43297634437607,15.005190343088406,0.9626568932895201,0.9906393529701014,0.4065349727365024,0.5308607026424438,0.9870105171647007,1.3930714155471071,0.2502857899957786,0.3887801516994264,0.05800648829464476,0.14810069130404666,58.89156330191986,94.70011067636669,9.219055168304292,11.394938716115211,5.075726502858244,7.404565048867001,16.5944759034963,32.542323173598724,2.4885563250524165,4.163202147790083,11.608170000221925,14.880455771894125,0.9626937971494707,0.9906823735774865,0.41091025995986413,0.5424869242398526,1.0508463953706741,1.5368326475775484
00-0041443,Skyler Bell,WR,WR,BUF,2026,125,4,24.0,resolved,scored,0.9063998681994462,0.1906319747571754,60.163717133589756,10.146387076164462,4.9105967628739995,54.53238528027452,9.196683908536032,10.813829673213139,0.9063998681994462,0.1906319747571754,0.1906319747571754,0.7812861572155544,0.23500417283748232,69.45941544809017,10.560005820527042,5.635575109290465,54.267679777877085,8.25038636769346,10.157563260553069,0.9559713561288463,0.29363000653148025,0.42563614759465773,0.6593815115797563,0.20993711436206436,73.00164731442285,10.248581307658737,5.625390427476795,48.1359365539964,6.757725034192054,11.634622771957673,0.9610227519486888,0.31966216592393265,0.635573261956722,0.5890723912682148,0.12244077256712799,62.33386460359675,9.466901226414162,5.463520665977407,36.71915867902987,5.576690143343785,12.012537171624283,0.9667645097753836,0.33522155609691745,0.75801403452385,0.45677449196956965,0.11452917100593049,67.70578900452827,10.139493704606817,5.545075415536463,30.926277375942277,4.631462085750429,12.172542366351998,0.9708074248862214,0.3440541743607174,0.8725432055297805,0.2553251210513296,0.08032050166645277,73.76040578146248,10.628589912250094,6.095753569260774,18.832884534947098,2.713746005950196,12.78657371078581,0.9708246779259799,0.3467847571196062,0.9528637071962333,dg165_rookie_capital_v3_chain,inner_menu,dg165_rookie_capital_v3_chain:inner_menu:trend,12a85a78dd469fb63f936a1a721c1e50ac9fc44864694929747a009c3dd9281e,0.8759536495903087,0.9321567562895078,0.1470767645390446,0.25422256750657296,53.644511421457594,68.40412033030292,9.604483644460798,10.85331675741239,4.460458238324998,5.41115883770564,48.31667207248196,61.641642293519396,8.603078594804234,9.890368192900091,9.802322459979608,11.629850760649548,0.8759536495903087,0.9321567562895078,0.1470767645390446,0.25422256750657296,0.1470767645390446,0.25422256750657296,0.7173090062972143,0.8361691789228687,0.17529082044833455,0.29429683169826376,61.05206721250623,78.65698900723713,9.867922304970342,11.124482659158272,5.008708994022215,6.316656566037087,46.018116666678175,63.17466441168787,7.3884750943028425,8.94620271758235,9.287509973757516,11.132200826099867,0.9364573047435254,0.9728814268871531,0.22178976311924392,0.3613995338522983,0.32487051939194816,0.5361386952854159,0.5921408115859157,0.7186681760408973,0.15723257938471544,0.27642870009545556,61.50402667928914,85.61864884386651,9.48831493009671,11.047777263208037,4.892273504776821,6.4694259965358265,38.784807706441626,58.23705932333608,5.897460241660216,7.590862288263253,10.55105438770479,12.707136140917829,0.9418475182249811,0.9772078004395889,0.25933660267422315,0.39046497628979643,0.5049393516163163,0.81018634343851,0.5201950980501233,0.6797611499781085,0.08205529759506598,0.18445914781074246,49.749344711616665,75.01067870485822,8.44626913681837,10.265042181750445,4.676922632363161,6.357766452828249,28.990857637815367,47.113275056468034,4.762978908480072,6.555318726559417,10.902648578190757,13.074343426020317,0.9503718972239309,0.9831628739447512,0.27668882930746797,0.4031869372249313,0.6011735330862551,0.9596157287608953,0.3895520084589501,0.5410573362980573,0.07441761697897802,0.1755073984985578,48.879347142722736,87.3274046060667,9.075698528694588,11.124000699115653,4.3061982275865125,6.749076312855249,22.32581174076478,44.17495372328602,3.813543575268165,5.599737239548373,10.496115584724036,13.848600348097872,0.9544875831618181,0.9862928324203208,0.28385682410059887,0.41952949993800404,0.6920480471315749,1.1066462029828983,0.19508059138317155,0.3314578950732798,0.04669970160257437,0.12810432638919553,50.6573778551275,94.23349067387879,9.399071953577682,11.636785959175562,4.6387990542976825,7.643176128443788,11.563827849976555,27.01730864269455,1.9088843561165745,3.5779285277740898,10.977638774521845,14.58320978670929,0.954494608165359,0.9863002516982612,0.2869326183621889,0.423766889867217,0.7483830514635763,1.198318732375907
00-0040879,Matthew Hibner,TE,TE,BAL,2026,133,4,24.0,resolved,scored,0.9061387640047593,0.07713992666825355,47.417835088216506,8.796591776372477,4.202432461412583,42.96713847861801,7.970932799696587,9.328989748046315,0.9061387640047593,0.07713992666825355,0.07713992666825355,0.8118811347313398,0.13732736933844822,51.3592707056125,9.527844134790016,4.35593940477993,41.69762297944674,7.7354769076966585,9.051335436926593,0.9510449201657645,0.15484460352819163,0.21446729600670178,0.7358476371307694,0.10605930282546149,54.059898160512176,9.804673240686533,4.325961945544325,39.77984832494291,7.214745636998469,11.334307566970937,0.9582504664629374,0.18776361610042075,0.3205265988321633,0.681702008184389,0.09860990520776154,46.306062197484536,9.11416296317214,4.087960147912099,31.566935591136428,6.213143194914229,11.321445607166735,0.9768875987448037,0.2023846176441288,0.4191365040399248,0.5632928515933632,0.05380404040115657,34.751411555812474,9.373036337123231,3.437393880621589,19.57522171216816,5.279764366426357,10.164139693404222,0.977875079429647,0.20699727238071114,0.47294054444108136,0.39451593320063183,0.05011419937818161,36.036382450211946,9.025543429836139,3.7211826768666674,14.216927051520237,3.560720688864636,9.970287376632147,0.977889580059183,0.2122086934454715,0.523054743819263,dg165_rookie_capital_v3_chain,inner_menu,dg165_rookie_capital_v3_chain:inner_menu:trend,12a85a78dd469fb63f936a1a721c1e50ac9fc44864694929747a009c3dd9281e,0.8721481441415982,0.9366709295864761,0.048129155555843336,0.11569437461828683,41.19101173372183,54.406022672991014,8.160749278318454,9.540033402084013,3.7701866975951024,4.72194829642013,37.40985110753962,50.0481799292398,7.324402326158653,8.677804638798246,8.316794562415115,10.479417252129739,0.8721481441415982,0.9366709295864761,0.048129155555843336,0.11569437461828683,0.048129155555843336,0.11569437461828683,0.7435741105588962,0.8617605023591753,0.08695548154152877,0.18271517360879033,43.07068483685075,59.49315418970876,8.82861873202717,10.208528197169892,3.812472502690715,4.932414087257571,33.93086655530686,48.46309456493686,6.854390821846286,8.505566087277314,7.890838422917039,10.186016979850951,0.9266257154806177,0.9700361814700003,0.10913688930357782,0.20646127004465203,0.14618770692477223,0.29272579630136125,0.671904204563435,0.7970197055580324,0.07307376393719167,0.15792431325864018,43.511207488616925,66.27238610239102,9.084811170987441,10.626092214966498,3.621861691203333,5.049449684360571,31.760645438117443,49.047652346392944,6.373609494216338,8.049303848292483,10.102260147865492,12.453161352147177,0.9371800892252653,0.975898072931679,0.13827407730937546,0.24461873936790998,0.22607795173486378,0.4274100293183539,0.6065714039092692,0.74934877396961,0.05951355626322596,0.14976466288995027,33.73178742216017,60.06119444044694,8.188275613870093,9.810057324984781,3.271788782116303,4.993673316242818,23.839839804750902,39.91032518732121,5.377399790683912,6.947145903577825,9.971407326678534,12.65790909444375,0.9570635754422844,0.9920275354997538,0.1536101997737572,0.2619810175484938,0.29652641316454625,0.5717332697234982,0.4776305597337372,0.6492424055972357,0.029236241064652637,0.09050673722917839,18.227455164485644,53.25008111352162,8.365064022565669,10.160890600481599,2.3618683724569234,4.462224870828915,10.001277604879812,30.72080867989602,4.272194419934181,6.235150713154991,8.422488009436725,11.64262826735308,0.9589840886209232,0.9924670145805846,0.15615500183981046,0.2679094368141601,0.3422134244136032,0.6431744001760573,0.30393507025993166,0.4995660374593535,0.027705282104882566,0.0957680717841205,15.387199634905564,56.49283842435299,7.904342994674413,10.11510015907182,2.4526790413208683,5.128183754784174,6.272486855428266,23.161725117415205,2.733475662953767,4.6315152992305535,8.17552011006917,11.383913155729672,0.9592038860531535,0.9924681733587686,0.16495468196796792,0.2801420918732716,0.37588607668245533,0.7101031998547157
00-0041067,Bryce Lance,WR,WR,NOR,2026,136,4,24.0,resolved,scored,0.9021403917324147,0.1829116806609191,57.46166793387208,10.10376315815325,4.739314041677907,51.83849161946129,9.115012853467912,10.728291016243166,0.9021403917324147,0.1829116806609191,0.1829116806609191,0.7756185323279576,0.22736135499454058,67.32732678414149,10.541215946743616,5.469628816212411,52.220322385880614,8.175962441565346,10.07044600815896,0.9508256200121094,0.28389214313497707,0.4102730356554597,0.6483582729225681,0.20154081093405932,71.16771157896129,10.234372638944604,5.505495659440954,46.14217456718679,6.635540168632109,11.565537285001483,0.9567183377641665,0.3093419751993971,0.611813846589519,0.5824649616658758,0.11388116501724185,60.49162566679055,9.464779735145429,5.324067878201312,35.23425242511367,5.51290256560744,11.967289741280023,0.9630593864508429,0.3260316905318267,0.7256950116067609,0.4506317878987382,0.10831168961943563,65.55883740426695,10.094974274746994,5.398273868267218,29.54289611204749,4.549116306221006,12.101823302214543,0.9676257673335473,0.3348663230914839,0.8340067012261965,0.24807432802539597,0.07527305862422204,72.69435052690251,10.626923197712301,6.042732116878423,18.03360215820393,2.6362668312499715,12.761809717820125,0.9676464071988741,0.3376428601275831,0.9092797598504185,dg165_rookie_capital_v3_chain,inner_menu,dg165_rookie_capital_v3_chain:inner_menu:trend,12a85a78dd469fb63f936a1a721c1e50ac9fc44864694929747a009c3dd9281e,0.8653645743922782,0.9282039876379893,0.13841407198988187,0.24626488906611507,50.74761834383,65.55949557909909,9.548236174755505,10.808814891860402,4.278795938820764,5.253110632085549,45.423581685338775,59.5023112855279,8.49020874925684,9.817256946714107,9.687402628772732,11.530360775721691,0.8653645743922782,0.9282039876379893,0.13841407198988187,0.24626488906611507,0.13841407198988187,0.24626488906611507,0.7040470910307537,0.8319321423260088,0.1682778494326729,0.28548343053251524,59.4642598263724,76.60375881318441,9.836321395381415,11.092242867119111,4.821943259765727,6.1580548190119,43.407868716022975,60.85105618723887,7.257007137317093,8.881992456753418,9.180754470812595,11.027840189248652,0.9284740536866434,0.9691833033947802,0.21308827840364816,0.3560252619350402,0.3097980799226899,0.5226062334176915,0.5802508921746813,0.7096523713289876,0.1508883149796134,0.26676437258178093,59.82910472131396,84.12319221953946,9.472268051885958,11.000888392135945,4.768905265095009,6.364446182943998,36.59569518872701,56.35960704328667,5.7554281756264185,7.469254085792359,10.451146565406086,12.644093258260066,0.9356373151645393,0.974787469575917,0.2469383944619584,0.3814864881707099,0.4783248637625951,0.7849267911651758,0.5107281409703113,0.6706298250523308,0.07526721510765398,0.16978993532034808,47.885714554827324,73.75142974255301,8.450079782045446,10.33562800143771,4.5119716470033975,6.227492765635262,27.43187696113582,45.39572163932927,4.638164212748588,6.450185437347098,10.874203884097108,13.073013643958696,0.9443844289271391,0.9811878134397615,0.26614036927274953,0.39466916503024724,0.5735805631070207,0.928354445195113,0.3784894549293523,0.5360328933731574,0.07040343782330749,0.1675835402279205,46.023758172025495,85.7086288961542,9.036094588222682,11.089610434441521,4.181569605429436,6.598946261722862,20.853375057881166,42.36994129617097,3.7019188731164,5.488873088410739,10.443586292519194,13.78594917118338,0.9498624516508288,0.9856093383187811,0.2727046930349966,0.4052692733360645,0.6575175231986045,1.0718132066268031,0.1890228254332603,0.325163072808083,0.042947874002250384,0.1222379411941319,49.20952234740667,92.97850688673783,9.393909720107144,11.631363570255623,4.533927684248889,7.610343803663088,10.884962784850057,26.31421650249586,1.8668326311502883,3.472832071743334,10.970032950377943,14.594861385902378,0.9500237826998857,0.9856223383662377,0.27317636487116115,0.4118889814309527,0.7056447762690149,1.147253737211336
00-0041069,Colbie Young,WR,WR,CIN,2026,140,4,24.0,resolved,scored,0.9006369779913536,0.1803078534215436,56.532990150077374,10.08911357822723,4.6804452179942615,50.91570140558064,9.086628763706106,10.698891903010162,0.9006369779913536,0.1803078534215436,0.1803078534215436,0.773608596638224,0.2247665883612356,66.59454095052433,10.534757982046008,5.412594090234521,51.51810936850187,8.149779338413941,10.040504341333612,0.9489727803050537,0.28058790950847523,0.4050744417827792,0.6445469780682682,0.198704234539822,70.53739908331602,10.229489206409959,5.464288560961867,45.46466741994677,6.593386355173506,11.541793025672098,0.9551793150686375,0.30583866796335235,0.6037786763226012,0.5801947886783276,0.11110440366431763,59.85845941162678,9.464050591571732,5.276138807957356,34.729566208939055,5.4909928330179625,11.951738476210942,0.961733494485177,0.3229315475717697,0.7148830799869188,0.44856816060046417,0.10624553766681467,64.82094327034315,10.07967321899185,5.347819074331608,29.076611291164863,4.521420475296934,12.077517592399168,0.9664899193244494,0.3317652269793256,0.8211286176537335,0.2456629824257536,0.07360257201578513,72.32795385606805,10.626350358119545,6.024508967981962,17.768300857033964,2.610500921276622,12.753298484898206,0.9665118471154245,0.3345571969959811,0.8947311896695186,dg165_rookie_capital_v3_chain,inner_menu,dg165_rookie_capital_v3_chain:inner_menu:trend,12a85a78dd469fb63f936a1a721c1e50ac9fc44864694929747a009c3dd9281e,0.861732026185922,0.9267283351771051,0.13507056266966744,0.2439858349837085,49.659161794405335,64.5818154502726,9.529228908574716,10.800602889715652,4.221104266500923,5.196179841835752,44.368352723323966,58.640560321275665,8.436487898968663,9.798827843810878,9.647208405881475,11.493541341841022,0.861732026185922,0.9267283351771051,0.13507056266966744,0.2439858349837085,0.13507056266966744,0.2439858349837085,0.6995759585348333,0.8297223023199816,0.16587778037570813,0.2835691854792709,58.91784033351169,75.9165609327054,9.825460356031723,11.09539048069003,4.7579252632545685,6.103324286539358,42.64438986537861,60.27438223775816,7.184040652106501,8.87371597624437,9.147091410963176,10.986300463108154,0.9256604306173195,0.9677472562314459,0.21151819662684818,0.3541753092279286,0.3042049668897,0.5156686451081557,0.5754133093085837,0.70683599517532,0.14795654464206134,0.26347526895515794,59.052602370424076,83.42468641469196,9.455160642372103,11.00848258070898,4.725002368040562,6.318183603727437,35.855300113762155,55.31805284152083,5.697389201005391,7.452011279141802,10.399016808315276,12.629046568025599,0.9328964992361048,0.9737933358488217,0.24378536498618114,0.37890823319262784,0.47061576736007643,0.7765777111883645,0.505155872296981,0.6671828377044093,0.07309099219056076,0.16596257834868205,47.24519626818733,73.355936379277,8.44039481845597,10.360056700180143,4.45291666651466,6.180781897691674,27.13314829329155,44.81276398043451,4.614437320022388,6.42514018028258,10.862957810020669,13.072556605997265,0.942141817861455,0.9807928065758058,0.26240592015200953,0.3931655732305218,0.5649574114012557,0.9179235762143907,0.3750089365347784,0.534031744440148,0.06896909607852887,0.16492657567634164,45.01293206431279,85.15226558533833,9.025393100099706,11.078780250006712,4.139515275460475,6.55901140143772,20.317395642070274,41.663163672213436,3.659720009333631,5.433279805604406,10.425532296065615,13.771879128506407,0.9480566501321827,0.984879123782823,0.26967352447717097,0.40185554219559183,0.6463854556392886,1.0579195357093443,0.18872318731195153,0.32091956146291606,0.04163839969062825,0.11978189707843225,49.196173010056164,92.53953651792497,9.401267115695529,11.629356473767665,4.497529147828155,7.6047719268745615,10.66300622963381,26.230291372453184,1.8443066407523914,3.4370026544266725,10.97487873193944,14.584051739517589,0.9482330483230549,0.9848915081191665,0.26971883239498334,0.4083278743933817,0.6925215079361625,1.1329042416947532
00-0041070,Reggie Virgil,WR,WR,ARI,2026,143,5,22.0,resolved,scored,0.8447928937777855,0.11699425221023554,54.91679911784803,9.470629451818617,4.668440560747556,46.393321643780176,8.000720460498972,11.032925492904168,0.8447928937777855,0.11699425221023554,0.11699425221023554,0.7785242047721123,0.1756976384432576,70.20085702525562,9.926633694889295,5.7207409122300525,54.65306638990788,7.728124603377743,11.598350070667228,0.9283364751002046,0.21182872058331037,0.2926918906534931,0.6388012633265071,0.17097923531991674,73.65447924624215,9.558940280692978,5.843479326746463,47.05057439215548,6.106263127369311,12.144533956701224,0.9399517850250547,0.2486928648842213,0.46367112597340987,0.5490535472650382,0.12739362334786478,72.4071390690533,9.940471166261705,6.089345936358185,39.75539655317665,5.45785095532182,12.620398378243918,0.9444612797443988,0.26966714159159016,0.5910647493212746,0.4116837334326082,0.12862620291002588,82.3916351895767,10.549489727463373,6.427859466298051,33.9192959784624,4.34305331681107,13.069686980407319,0.9475621487634966,0.284890212320888,0.7196909522313005,0.2758334484618312,0.0975912824910934,92.06408910841469,11.135930432875385,7.112078164010715,25.39435517827134,3.0716620931310703,13.339159116290613,0.9476038618460132,0.28821207184228703,0.8172822347223939,dg165_rookie_capital_v3_chain,inner_menu,dg165_rookie_capital_v3_chain:inner_menu:trend,12a85a78dd469fb63f936a1a721c1e50ac9fc44864694929747a009c3dd9281e,0.8146130700729729,0.8751377429127652,0.08868448634245099,0.15630549275740546,49.91370479286811,60.699080571526025,8.998543744240571,9.935675712048626,4.328839726864809,5.046698318548081,42.32387659501095,51.2502742988214,7.468704089600309,8.508261058195753,10.134521880341001,11.88779775133043,0.8146130700729729,0.8751377429127652,0.08868448634245099,0.15630549275740546,0.08868448634245099,0.15630549275740546,0.732744040487681,0.8212699753485501,0.13834733789405082,0.21975206232599917,63.86688017567845,77.7737639552823,9.485863758239539,10.442768835612844,5.315675322998321,6.207582803762698,49.04185908106975,60.88255806634982,7.1972426277690635,8.476204499140955,10.894259103389775,12.284118955070717,0.9084256787477852,0.9484423144583787,0.17595342544049944,0.2566915723661514,0.23906031148082155,0.3750785037114744,0.5860009316716551,0.6949430663657102,0.1373415746766299,0.20935277849421624,64.43750960568815,83.46525297020571,8.99347672401956,10.14766461846246,5.280972952780276,6.4424736649764185,40.22454589301771,55.10544573105193,5.52252359130324,6.817755504638851,11.18605448977348,13.021434109964298,0.9202443698549899,0.9609910080972724,0.21019036172420594,0.3017163221761542,0.38484280308245883,0.573163145251316,0.48410087890680475,0.6159459980486749,0.09814955842899101,0.16957977800936808,64.27888883086148,83.86276464862567,9.169784598822636,10.656973895336408,5.524862186391794,6.862391349230187,34.064419974342556,47.29083308042508,4.746540986518429,6.2825378959222995,11.546059750071937,13.643641511462528,0.9253872432874396,0.9650778990571379,0.22746066061026177,0.32836981222741235,0.49736335191945663,0.7273931972944444,0.3489011145032512,0.4895934064484841,0.09739131587824151,0.16861255788580834,67.2718986336884,98.57349129666076,9.759686488602846,11.348902788915927,5.41058636189848,7.4382188939445735,27.208378251751718,42.690125428585155,3.5878017456023987,5.1905989309714,11.803753619409846,14.26144289820801,0.9301351623907076,0.9702609132919761,0.2425035467948976,0.34472089050757143,0.5990999502301136,0.8899468262356975,0.2201178405649532,0.33838634909209836,0.06791713488196259,0.13986271660530739,76.00724833525312,111.5550680458043,10.168307744372564,11.954100996683243,6.131896255110146,8.509601275279019,19.65039586897782,34.031103357763605,2.463462223639388,3.852125354333003,12.029759090131567,14.797977873379956,0.9301719084390421,0.9702737878266996,0.2474896474150831,0.3503470909045379,0.6791868997817043,1.0084985340103483
00-0041077,Justin Joly,TE,TE,DEN,2026,152,5,22.0,resolved,scored,0.8435167423141765,0.043576738946505794,43.032523759532616,8.037508456720033,4.034034626079039,36.29865425519835,6.7797729497351265,9.584012126131501,0.8435167423141765,0.043576738946505794,0.043576738946505794,0.8066861963159019,0.09486477838305263,52.324322355557285,8.829549408280073,4.4483663316236735,42.20930857581162,7.122675627348774,10.579632038822169,0.918339175942245,0.10510472145660918,0.13844151732955842,0.7242834934871418,0.08915785243721719,54.81829245137283,9.039958165202885,4.557407756435186,39.70398436368013,6.547492480870758,12.00223318116657,0.9350677565846472,0.14524844302857248,0.2275993697667756,0.6571763952624431,0.10043992233417054,56.08075371519509,9.496342320080757,4.6829119841595865,36.85494757015277,6.240772014088857,12.0080483950793,0.9526216614829242,0.16328706903320364,0.3280392921009462,0.5433732806311548,0.06278663126557509,48.3174901114061,9.669244965684449,4.286955133576889,26.254433113698113,5.2540093582302365,11.098566777430115,0.9534923167949602,0.17055091770949404,0.3908259233665213,0.47429603542448234,0.061040699361015215,53.143488064476514,9.350351507453508,4.705523471708782,25.20574569760951,4.434834649810531,10.439763241475259,0.9535333398687371,0.17563120306403926,0.45186662272753647,dg165_rookie_capital_v3_chain,inner_menu,dg165_rookie_capital_v3_chain:inner_menu:trend,12a85a78dd469fb63f936a1a721c1e50ac9fc44864694929747a009c3dd9281e,0.8049695141801096,0.885024020307468,0.02356887629445931,0.0644424090766939,38.340711289893946,48.034135383712595,7.503378442481549,8.584184436654631,3.6950930814832437,4.341960298283698,32.30843572690568,41.458666926825146,6.279063518256572,7.367334085810082,8.644743044866095,10.619268332635182,0.8049695141801096,0.885024020307468,0.02356887629445931,0.0644424090766939,0.02356887629445931,0.0644424090766939,0.752159624051908,0.8536378511462297,0.0649453605176958,0.12643912448632347,45.66306381107184,59.083248667395395,8.251007211765481,9.486889187886405,4.0023004019651065,4.872985253588599,36.114287850257234,48.458424164473705,6.519479068651099,7.833331233349183,9.54508207872022,11.816918747022102,0.890115410966367,0.9458663908673127,0.07301168228062618,0.14077577633574848,0.09739341963459133,0.18311308000193335,0.6618253161245178,0.7762784102163377,0.05746764527701341,0.126961257884774,46.51406997391397,63.70737411378397,8.498723197741935,9.749488636291598,4.042117004557379,5.144597635722565,33.07910010250673,46.54499148189895,5.811608422017492,7.249916716454182,10.833098444448531,13.131009081383127,0.9099740589440765,0.9613785006285522,0.1057571035485312,0.1882894293560014,0.16592068193243112,0.2952981902640872,0.5916293943235494,0.7195792356713056,0.06864743158047334,0.1436523406412339,48.03345370137082,66.84044003829898,8.671629106453885,10.179295483205287,4.062846963977639,5.333769220241394,30.48906768831964,43.507594352025095,5.445386479983972,6.881799465995592,10.807904823659397,13.365691118048545,0.9250036630624995,0.9781371529798872,0.12395358709694736,0.2096279140093965,0.23550402580521135,0.4324996082596159,0.4638205325231963,0.6156232414200912,0.03838724464083311,0.09680372882757787,35.58818947420471,62.87312722470606,8.68955239631861,10.493746653116819,3.4111333315604426,5.28698675338694,19.20792877902109,34.408301394659226,4.268310019598746,6.126096734160915,9.756169275582653,12.348369341648365,0.9275728970828901,0.9787610317827342,0.13141000664251948,0.21862739199391507,0.27605584989747156,0.5122924051905574,0.37515706622343276,0.5685055905135118,0.03752454772043578,0.09683139925918699,37.05039981824433,68.87408623906289,8.290951080136061,10.369263934441712,3.7411912428225937,5.729419823297862,16.538305560996257,35.18906796165058,3.5172667014709935,5.438541199427598,8.930566088812187,11.743833166587422,0.9275820237718619,0.9788405949974702,0.13431559638054644,0.22324364169847458,0.32399362718310365,0.5863015834818779
00-0041081,Max Bredeson,TE,RB,MIN,2026,159,5,23.0,resolved,scored,0.8476462714970903,0.04309486328004467,40.84143801746559,7.898632163819322,3.8269710865618682,34.61909265808422,6.695246103588443,9.416561723641959,0.8476462714970903,0.04309486328004467,0.04309486328004467,0.7757257198750881,0.08711496055674284,45.97891423588276,8.740218620627846,4.010481523434352,35.66702634470509,6.7800123813521855,9.82592548620601,0.9155282373283103,0.09786664864430575,0.1302098238367875,0.6941214797027142,0.07487734509754121,48.348758951430156,9.010487322193143,4.011124384777517,33.55991210515655,6.2543727929232515,11.663544757158245,0.9302026956926566,0.1295243870516514,0.2050871689343287,0.63245711770174,0.08066639205190186,45.81613262927796,9.011271043962749,4.010337836214813,28.97673918695378,5.699242511293829,11.60151640721102,0.9520559702351488,0.14445164852416456,0.28575356098623056,0.5109465264245898,0.04763226662410432,37.71698382756662,9.338261099790802,3.582689828967175,19.271361873907598,4.771352071783981,10.542441104140615,0.9530472487644773,0.15005555470040405,0.33338582761033486,0.4032203172602628,0.04456528957344269,40.06753074112313,8.944561191791284,3.8786578486248153,16.156042457271003,3.6066288015079158,10.09473099942369,0.9530856969637136,0.1541878872455151,0.37795111718377755,dg165_rookie_capital_v3_chain,inner_menu,dg165_rookie_capital_v3_chain:inner_menu:trend,12a85a78dd469fb63f936a1a721c1e50ac9fc44864694929747a009c3dd9281e,0.807872257324994,0.8902766866775423,0.024320101080507802,0.06550317445261503,35.99205565623074,46.03837596511701,7.362776209041036,8.52767038675229,3.4707820538809746,4.206660973006773,30.344341941905174,39.745100574612295,6.151825177370188,7.38555504053491,8.41067601684575,10.46857633486069,0.807872257324994,0.8902766866775423,0.024320101080507802,0.06550317445261503,0.024320101080507802,0.06550317445261503,0.7191707369118046,0.8243673239712768,0.05779384649611627,0.11476697258190798,39.31714973788568,51.900396554440725,8.167343301829852,9.399581917097121,3.5483967857582783,4.434070094553686,29.595888152104106,41.062802093205555,6.144817287968918,7.553909325403804,8.70756945500167,10.90630739425855,0.8857643382186858,0.9440945282920395,0.06953659964190738,0.13007542067129305,0.09077790663186684,0.17243319395607765,0.6259296938201212,0.7534835340801531,0.04918887056075567,0.10965860899007843,39.587601614377014,57.0641871250236,8.378020013103638,9.72032241280316,3.4794618372627713,4.582612135821564,27.22349673307683,41.07061976885589,5.575626568808565,7.007757517360939,10.39817423533677,12.767838081192108,0.9023778503588387,0.9546534753711757,0.09489489751156802,0.16533649149302074,0.14686721563014568,0.2718565705606224,0.5630703502623413,0.6944637775396185,0.052837967291393416,0.11557814554702324,37.490642123721756,56.58430314648173,8.235352517863712,9.723976757981905,3.327814898442584,4.736661642797575,23.01782087193232,35.4620983527984,5.012200634771602,6.330318028334194,10.396518805891438,12.985661923835801,0.9237372288223306,0.9762681602558537,0.10850860273116796,0.18666085363989907,0.2071245292205981,0.3785409018606921,0.4342741364616574,0.582972854611276,0.02792853856723065,0.07490361358830588,24.00326232568801,53.253446443995294,8.302282592368678,10.13567885423316,2.58608799227631,4.577766071863875,12.196472712085548,27.885880091552167,3.8889303642481243,5.538306641541085,8.926194263710928,11.90228952408688,0.9260343777105335,0.9766391520617917,0.11341148680262549,0.19275462206969474,0.24114131886438583,0.43995063788307787,0.3177158078986509,0.4970881278624649,0.025712804306635084,0.0760088982824996,21.693335080564893,57.327086324405975,7.810343982836567,10.02100051839427,2.76205336618032,5.012369270665715,8.92620206527247,24.435985888785716,2.8377460346107006,4.564442421600898,8.510887707948603,11.340814617012944,0.9260725538111977,0.9766434928327719,0.11799279632091511,0.20317496963201276,0.2676282015952881,0.49819681605197974
00-0041013,Emmett Johnson,RB,RB,KAN,2026,161,5,22.0,resolved,scored,0.8649189241216952,0.17173699834539213,61.283744634405735,9.989564634817794,5.09434238410138,53.005470475338925,8.640163496390743,11.46183166301612,0.8649189241216952,0.17173699834539213,0.17173699834539213,0.7865141735445718,0.19037234275109438,75.80266541583322,9.730805425695667,6.4910380017074525,59.61987074200975,7.653416387314063,13.240058293453842,0.9319097544448718,0.2635094157777175,0.3621093410964865,0.6615727762841566,0.20121431353424765,77.28195552496965,9.945764886547243,6.076327682539464,51.12763787332288,6.579847288262539,11.9483366629476,0.9453761384902495,0.29887058518761567,0.5633236546307342,0.6003164385111053,0.1425217844982067,72.48361709888212,9.601229168821726,6.126416835355997,43.51310686720357,5.763775699955998,13.707001902886638,0.9481758968429643,0.3250966075162974,0.7058454391289409,0.5065319492810265,0.09905609297529169,65.56874093821287,9.22678349993725,5.841618407636191,33.21266215933561,4.673660631817228,13.974242966529639,0.9538611913420995,0.34021575416334504,0.8049015321042327,0.295152160753667,0.08549686699835768,76.76838291625631,10.364506623146836,6.070801153928189,22.65835409529795,3.0591065249674814,13.17068006388276,0.9539038015128785,0.34763191471155835,0.8903983991025903,dg165_rookie_capital_v3_chain,inner_menu,dg165_rookie_capital_v3_chain:inner_menu:trend,12a85a78dd469fb63f936a1a721c1e50ac9fc44864694929747a009c3dd9281e,0.8332170469362771,0.8958075157599731,0.12933884170108442,0.21555089790353513,54.68625635000486,66.82388028971089,9.439586798909945,10.463158868944586,4.665595420653486,5.486165602786851,47.809856468610285,57.652664347574344,8.055738405581808,9.196289666419004,10.695806348463908,12.197178330986658,0.8332170469362771,0.8958075157599731,0.12933884170108442,0.21555089790353513,0.12933884170108442,0.21555089790353513,0.7364466999349215,0.828634306860477,0.14685262747250702,0.23810961709732129,66.43977383652303,84.05197608217847,9.183283475157443,10.24896388066414,5.854644792743783,7.012522342181729,52.23403139195719,66.62366117409596,6.9292431341502345,8.255067587669837,12.262907960541355,14.177116654716302,0.9053859081818104,0.9538276559415743,0.21525464135712097,0.3129787697520657,0.28622339363681776,0.4397422750724016,0.6025969095305224,0.7138906892392151,0.15535782072243515,0.2494853097891482,66.69650353107698,88.34446578410993,9.279533200610462,10.53325485518994,5.387872823393681,6.733299246336122,42.63595855865236,59.06943871686336,5.815959554894062,7.31586164823669,11.217630756211165,12.712341400333548,0.917617159519414,0.9674716816449362,0.24863060015837496,0.35070479239507746,0.4455754110340051,0.664185547014141,0.541480873890863,0.663736621290789,0.10032585148981032,0.18732706403775728,61.50288578777106,85.01701111204054,8.781807009174713,10.198356168190355,5.404310269191354,7.011946021675442,35.34665936090576,51.738461875920784,4.961509564809236,6.414763409591155,12.675586504784633,14.965238424221642,0.9200023058386065,0.9689373673841198,0.2718842830562721,0.3763958003764546,0.5696338621346756,0.8362885242317585,0.4378876912282422,0.571170215017646,0.06964391315328788,0.13626614211988744,51.9711142274615,79.72051120956033,8.360430954539266,10.050074162514026,4.942808398009943,6.736450213950813,25.29394206044756,39.96738603161088,3.857148800636581,5.254173266625189,12.73531047023721,15.095701869226406,0.9246552278787427,0.9729532682880196,0.2881259060598256,0.39144550211656876,0.660578877683224,0.9608473880048931,0.22867427588274056,0.35338458881903523,0.04762950096165656,0.12253443450077267,60.86966189639142,93.5193033939814,9.327306169482743,11.290517418010777,4.855007443334955,7.185297969701382,15.823974372013048,30.03759403906468,2.2834271336942433,3.8101072174341715,11.799420531624525,14.921354795990156,0.9246798319440881,0.9730215094411547,0.29922649859634814,0.4044076171674991,0.7304981782000718,1.07182899670727
00-0041084,Tanner Koziol,TE,TE,JAX,2026,164,5,,resolved,scored_age_imputed,0.8450797370226073,0.0419900502559398,40.04185473017907,7.863546584249244,3.780723862129231,33.83856006527717,6.6453238794823735,9.393255209548729,0.8450797370226073,0.0419900502559398,0.0419900502559398,0.7724980097399375,0.08440451435724161,45.242199895716794,8.718215344756736,3.950789136871948,34.94950937569763,6.734804002308762,9.813995841786143,0.9119734516951508,0.09490256134134215,0.1263945646131814,0.6902454899922734,0.07258543478140547,47.69494592507309,8.98782458809852,3.9698778217315414,32.92122132020706,6.203805386776667,11.6746323180484,0.9274975835989977,0.12593857286320967,0.19897999939458688,0.6297160281324347,0.07842441653737657,45.06553853861794,8.989295459265609,3.951601854727362,28.378491934187654,5.6607034323176695,11.603039414378241,0.9500791644360541,0.14111211001605217,0.27740441593196347,0.5080214002485154,0.045884084464287885,36.663280336469825,9.295411233042449,3.5206911209481584,18.62573101423726,4.722267830496004,10.52493008647081,0.9511139842322377,0.14664305597274296,0.32328850039625134,0.4027197361960828,0.043215721829982026,39.39579186810642,8.901620539520794,3.8516314518857753,15.865462908359602,3.5848582753934464,10.066301119848845,0.9511551526678186,0.1507426885942612,0.36650422222623336,dg165_rookie_capital_v3_chain,inner_menu,dg165_rookie_capital_v3_chain:inner_menu:trend,12a85a78dd469fb63f936a1a721c1e50ac9fc44864694929747a009c3dd9281e,0.803941531840639,0.8883648854262945,0.023485991358218158,0.06398663433019072,35.40661903034511,45.79555973876887,7.309687427142117,8.503230207170404,3.415187428188402,4.207775867275667,29.931917525229675,39.29882816484572,6.086054962822857,7.318836979544223,8.434785510829046,10.454251569460112,0.803941531840639,0.8883648854262945,0.023485991358218158,0.06398663433019072,0.023485991358218158,0.06398663433019072,0.7164334831101979,0.8244788729486067,0.055579332427516205,0.11263045451731156,38.3783168203936,53.843872641379065,8.123560551090815,9.389670714917488,3.4989338682716604,4.5102114812313845,28.87160293605441,42.09653211292989,6.086691923536462,7.513185622760108,8.691741345669644,11.043048830326711,0.8808976741285617,0.9400953255909871,0.06728675159390643,0.1267054922565273,0.0876433784613394,0.16893098223830574,0.6259624023812593,0.7472327214734079,0.04775117227453713,0.10707765041973381,38.69815087595703,58.51926655052264,8.3254510688635,9.66904425210027,3.425130320287936,4.759325675230427,26.43342995119238,41.20853340449619,5.502312632253315,6.966413090919067,10.475003293374828,12.776590677727095,0.8986640236509268,0.9536196504544311,0.0923666120902652,0.1673942150471136,0.1422654311527232,0.26600706466204105,0.5596866456199443,0.6924771435629598,0.050923890388383165,0.11982089764337425,36.909267354091156,57.11303516920156,8.199920494198548,9.772101610233422,3.2811486289366756,4.813791047776033,22.538544462392878,36.48654434910121,4.9831625781015925,6.324380524554268,10.380100500486625,12.997074573654498,0.9214635582376605,0.9742177025685818,0.10705063841294568,0.18739186533078023,0.2014323002872751,0.377885746921843,0.43100023248375674,0.5816845861907203,0.026521189690049757,0.0748301776652872,23.615157819911975,52.593460117904534,8.27599683141165,10.100143771936438,2.5402582870921195,4.519894446641049,11.641971701826652,27.56898737178557,3.8096426750420758,5.528415618606161,9.126568439202167,11.937770422775683,0.9229049770895358,0.9751407604417511,0.11124927435281985,0.19346472004510407,0.2333844707618386,0.43365772919015155,0.3186754178178396,0.5052268627989683,0.025074523932552665,0.07693643886801524,21.60345011674991,58.4261829401666,7.7650921095212215,10.006852596274808,2.764336605107419,5.1147965307036,9.064816892477749,25.06963001918786,2.823115120274856,4.605662505766663,8.472104201274817,11.428038186417497,0.9236369357011276,0.9751461049051686,0.11560261479308744,0.20649034989522302,0.2580587356651137,0.49702214654122695
00-0040886,Nicholas Singleton,RB,RB,TEN,2026,165,5,22.0,resolved,scored,0.8635345699825021,0.16901738208973963,60.17195818833806,9.976112570186014,5.020622479427406,51.9605660391716,8.614718078392613,11.418970390001203,0.8635345699825021,0.16901738208973963,0.16901738208973963,0.7838435819818121,0.18647912919224968,74.8524497606646,9.717194002273708,6.421603643940395,58.67261234051298,7.616760153554404,13.215590318404168,0.9297177630194721,0.258941162987402,0.35549651128198934,0.6585023770081727,0.19781530009655746,76.4334424743245,9.94584749068207,6.014844330389101,50.33160355226011,6.549364213974913,11.900467608266357,0.943802268726487,0.2942088598439494,0.5533118113785468,0.5976683126410149,0.1397233805445156,71.75747721865322,9.594003124518752,6.067049005886844,42.887170328648544,5.734031658903747,13.691446383375293,0.9466720338835078,0.3209381520707122,0.6930351919230624,0.50414816933053,0.09672813696195116,64.75462821914068,9.209326924624218,5.781335931439163,32.645927272358854,4.642865309815659,13.953224144203997,0.9525582790476004,0.33602486805488063,0.7897633288850135,0.2932551439701973,0.08355940979812501,76.10803579790553,10.350830436188666,6.033813696303081,22.319072995203715,3.0354342697756076,13.148988601590473,0.9526030744753301,0.3434927359034769,0.8733227386831386,dg165_rookie_capital_v3_chain,inner_menu,dg165_rookie_capital_v3_chain:inner_menu:trend,12a85a78dd469fb63f936a1a721c1e50ac9fc44864694929747a009c3dd9281e,0.8326689773061147,0.8948319674060294,0.12682136503252062,0.21230039300128276,53.52018126181605,65.92795861379328,9.427759065316065,10.454408966727081,4.577452787357889,5.410538456810937,46.650447592656924,56.601789848376896,8.037706622286178,9.178088357884738,10.641800787878843,12.152686757604272,0.8326689773061147,0.8948319674060294,0.12682136503252062,0.21230039300128276,0.12682136503252062,0.21230039300128276,0.7328615283322094,0.827460999710489,0.14375185972177876,0.23294656960321994,65.58531636460987,83.21424935903852,9.175679258297375,10.234632457094948,5.782460892014694,6.949470658239305,51.126921902081705,65.82177344612248,6.886181423828646,8.21746717196017,12.234759542410647,14.156608836915519,0.9029346086481143,0.9523587696055702,0.2106431449761288,0.30799449410707647,0.2798530490718276,0.43269083812674547,0.6008482886304203,0.7123625051254535,0.15207562139536837,0.24516868130597702,65.79329915988859,87.59581524023125,9.276965404871497,10.536747566891028,5.329770901176164,6.683979844898781,41.42752345062335,58.422436137601586,5.793106757270439,7.270853737249073,11.176245640501977,12.659147029388235,0.9153171832462154,0.966667840415246,0.2434368339803235,0.34532921491286045,0.4364739086155109,0.6536129010065778,0.5364827463879003,0.6619447790394327,0.09771940506408654,0.18383314232536913,60.73240858440837,84.48185402226531,8.77477615433217,10.1952158250448,5.327703327451228,6.95144163433682,34.838033235765224,50.98895140596904,4.933542355151093,6.38957331995193,12.65005544646639,14.974582859838362,0.9185179978070305,0.9676416627355043,0.2682510365418478,0.37219135365169526,0.5578854809726775,0.823316747927876,0.43349128221527,0.5684911899019351,0.06803539501151497,0.1327559946837558,50.90310932768201,79.00676790979713,8.348135048818284,10.047420459444435,4.875402291512881,6.674922587561865,24.722519878215003,39.459458839621504,3.8341087835317875,5.229396591161333,12.710713118875743,15.086604221235701,0.9226440633100443,0.9721445283288431,0.28477913610191463,0.3872764134733496,0.6456476649092113,0.9420338447587939,0.22618629602822007,0.35145906385574804,0.045959753133464745,0.1209416948694503,60.053773335693315,92.98725165364525,9.299966543773897,11.276341303954993,4.813796202827087,7.170320863648095,15.437839602690557,29.678385650592755,2.254451548003313,3.7992613687608254,11.757113012167132,14.89736727358535,0.9226700065790525,0.9722095923956486,0.29418804300669416,0.39821183117438497,0.7126530352484531,1.0474685521764455
00-0041446,Kendrick Law,WR,WR,DET,2026,168,5,23.0,resolved,scored,0.8403250690082553,0.10953940960005071,48.72662322351471,9.301347099860768,4.201420999881987,40.94620302283925,7.816155143560236,10.735959244002547,0.8403250690082553,0.10953940960005071,0.10953940960005071,0.7310908009679673,0.15690985766436452,60.85375014334767,9.833404100695454,5.052645682131336,44.4896169342046,7.189111280219134,10.695568374172936,0.914497534507384,0.19318123482725075,0.2664492672644152,0.5883785407135804,0.14393241819247352,64.6322663548544,9.535281190787547,5.128136129961485,38.02823856088067,5.610354832329229,11.657746554715485,0.9268520842466617,0.22085429207584942,0.4103816854568887,0.5141919801861324,0.09395905962251992,59.71471080742948,9.483302912479118,5.235781925082162,30.70482539631441,4.8762383032725545,12.125214229090723,0.9334881379861556,0.2397475593290102,0.5043407450794086,0.3803288430559669,0.09754815810069027,69.22198641860618,10.195769179515498,5.533310239016189,26.327118008624343,3.8777450961108144,12.403928246135273,0.9377694566311583,0.25138238788452044,0.6018889031800989,0.22541953665920214,0.06791991191266682,77.92842365951033,10.789398239378402,6.223224518954503,17.566589153908826,2.432141151952291,12.988160771733472,0.9378204502698713,0.25393929790338554,0.6698088150927657,dg165_rookie_capital_v3_chain,inner_menu,dg165_rookie_capital_v3_chain:inner_menu:trend,12a85a78dd469fb63f936a1a721c1e50ac9fc44864694929747a009c3dd9281e,0.8053645117071844,0.8743329043947,0.08403874323266954,0.14648063670184433,43.6279725245311,55.48479824611364,8.815728514365663,9.822499896885112,3.8249681419156696,4.578041991257836,36.32317751603594,46.4701040609132,7.282705833558113,8.376473357779478,9.749679470436904,11.66931197442272,0.8053645117071844,0.8743329043947,0.08403874323266954,0.14648063670184433,0.08403874323266954,0.14648063670184433,0.6742899760307702,0.7795320311558049,0.12140114686082704,0.1951636674039825,54.10396471530473,68.68172411400425,9.29665585852982,10.372322485045283,4.557114250267767,5.585293504780811,38.64423004232129,51.130241259445135,6.529932031248466,7.880821879785029,9.911322436089549,11.472592615095527,0.8888816606258814,0.9382269529801526,0.15102606554517808,0.2424326837597172,0.21264068196809335,0.34359169492430613,0.5278490930908052,0.6405688964322437,0.11263525165701008,0.18172808643164748,54.80428832544654,74.34790448493429,8.889493651877059,10.221535449379179,4.528583330993623,5.811832882076703,30.73431178792607,45.88178366717912,4.895128948008513,6.355303539021131,10.61101002056534,12.525692374322185,0.9008907562233986,0.951371147650802,0.18477265668643272,0.26665594613834764,0.33478140079748375,0.5137680922606587,0.4491686876139391,0.5866907872053603,0.06903389888750984,0.12927210843913844,49.51906335505792,70.87600472749484,8.587341914626762,10.276014990753005,4.599344050609033,6.053695943932773,24.89274510059318,37.948428522941406,4.203570551845304,5.73188178657769,10.948779543178308,13.127407526911396,0.9086779435667769,0.9578092511885395,0.19892965164738813,0.29938546589108195,0.4189369614470058,0.6293822794959506,0.31386686210141734,0.4557567130981404,0.06738493653870087,0.13852111748522666,52.78330047147249,86.06709339695654,9.26793486292985,11.079041399241778,4.494482568232628,6.653487470852362,20.00874474380603,34.24258762481683,3.1673495213555767,4.702143236571752,11.015994950999731,13.809343777570723,0.913171263961425,0.9626460969759832,0.20767386545557362,0.3080660182894763,0.494510032956459,0.7564004174408976,0.17412435928508013,0.2875798784187428,0.04364712102712469,0.1035240113471472,59.97604189138298,99.34212991958245,9.711810082493576,11.733457819755884,5.019096678146907,7.7784938251914175,12.252704706020035,25.30549928828142,1.8359172101459846,3.1224608033530092,11.557766735832928,14.565412474565303,0.9140072643466267,0.9627220374884593,0.20961168143195077,0.3132980506325745,0.5471880069242995,0.8505713552463204
00-0041398,Riley Nowakowski,TE,FB,PIT,2026,169,5,24.0,resolved,scored,0.8503953179075346,0.04204691173677584,38.23791390685269,7.741658144981294,3.596052458903095,32.51734295293893,6.583469839332822,9.237089433249125,0.8503953179075346,0.04204691173677584,0.04204691173677584,0.7379321056011627,0.07851641240891762,39.253496597032836,8.639538177039535,3.541806388683857,28.966415396056515,6.3753925984044155,9.066065424430649,0.911202001519285,0.08965932555497919,0.12056332414569346,0.6604705303877809,0.06184511297771349,41.54197780985671,8.969326663719027,3.4435653493568674,27.437252117433488,5.9239759388077715,11.330575481608124,0.9243110664770294,0.11430337483380493,0.18240843712340693,0.6067368918228262,0.06308369597862788,35.16434261785393,8.514864395477105,3.3074666913657698,21.33550394294964,5.166282357604627,11.195770011789858,0.951436350152662,0.12670667660750196,0.24549213310203483,0.4769473440990765,0.03496200395929583,26.572959744257034,8.985174559397702,2.8464445588005356,12.673902574875068,4.285455142371324,9.977282956468338,0.9525672315641301,0.1309668077449713,0.28045413706133066,0.3360520650451431,0.031472342406713774,26.645079326058465,8.51662137294617,3.0378515602518696,8.954133930813597,2.8620281995861627,9.735034152275638,0.9526038144635374,0.13422738049515737,0.3119264794680444,dg165_rookie_capital_v3_chain,inner_menu,dg165_rookie_capital_v3_chain:inner_menu:trend,12a85a78dd469fb63f936a1a721c1e50ac9fc44864694929747a009c3dd9281e,0.8003452424429851,0.8927575899612682,0.024625801846652317,0.06785939063134798,32.27095072836502,44.80599621835677,7.059445661120254,8.461233811886304,3.159052743253428,4.0837207830758615,27.162868716433454,38.943040229972226,5.914539310433575,7.31244817148952,8.113168679457775,10.350240241203863,0.8003452424429851,0.8927575899612682,0.024625801846652317,0.06785939063134798,0.024625801846652317,0.06785939063134798,0.659845631928793,0.7935749333495224,0.04549663311041022,0.10806591063776408,30.53627725781703,47.06877156011898,7.966572780763827,9.366216248003724,2.97131447482873,4.064171702246026,21.910382735991693,34.64054976521786,5.54605814454331,7.103915610970673,7.861020245558442,10.243769753570724,0.8762763375828047,0.9427337238059003,0.06037101608334403,0.12505366686209507,0.07939663637873023,0.16962288552710908,0.5826530814649108,0.7295177924498089,0.03944852633262653,0.09680029865541674,31.081212658538423,53.42096226075323,8.165755153992263,9.821480407223772,2.7699255059898737,4.12993205175015,19.66817414397261,35.65553857235105,5.142668477823233,6.724453433090553,9.943241000536407,12.608739650190026,0.8924408625122369,0.953916343428658,0.07914131105174585,0.1556835780886505,0.12469812012798535,0.24977463026683627,0.5182971155356989,0.6757733877484259,0.03773610948402808,0.09948575764424401,24.281938063357057,48.2604603061826,7.579977351925238,9.257853441743263,2.4769963624965903,4.105608270063069,14.407176948254682,28.038661593394973,4.299998640122445,5.845595391279551,9.83108718132439,12.547682319099119,0.9206414136264223,0.9792034862664514,0.09208510670845656,0.17072382157786162,0.16836529702582503,0.3386859089614801,0.3861911031141514,0.5619234018321817,0.01781909644604013,0.06035466245378164,10.456093429842154,44.339730866608775,7.887995167362974,9.773843236995246,1.765637547860611,3.9292123029040313,4.7785123636666755,21.686814750988884,3.341531839957399,5.163009224883059,8.175311184245617,11.461545696929761,0.9229686713286509,0.979832021422103,0.09534554051665023,0.17465905502924478,0.19295840715353224,0.39048267513445467,0.25026930025322214,0.44447892603813427,0.015868493968135316,0.060253520042255336,5.370466699196392,45.6054928686718,7.328610744619137,9.689175088023571,1.7289674861029822,4.387880313940782,1.9572950841453227,16.67641439095408,2.078384661497832,3.8223221810354477,7.913810879780492,11.203085175881943,0.9230095925395777,0.979845057893577,0.09808372003430571,0.18639858349983485,0.21271913081671476,0.44123437642884467
00-0041087,Joe Royer,TE,TE,CLE,2026,170,5,24.0,resolved,scored,0.8499162017143971,0.04183976677656995,38.08555666765183,7.7349727350633355,3.587240244406753,32.369531663149075,6.5740786473494515,9.232648474816024,0.8499162017143971,0.04183976677656995,0.04183976677656995,0.7373367674594283,0.07804818019768425,39.113118771818066,8.635345545179415,3.53043225497876,28.83954056046902,6.367157770177765,9.063792280760241,0.9105324379025417,0.08914026966486122,0.1198879469742542,0.6597131293651582,0.061466180958407154,41.417396482016095,8.965008374862444,3.435705989897848,27.323600243308334,5.914333729765355,11.33268816979653,0.9237795740109545,0.11368504104318329,0.18135412793266137,0.6062444861058396,0.06273169358032574,35.02132006444174,8.510677040053952,3.2962747966332646,21.23148218521561,5.159551028560276,11.196060214412862,0.9510698895022301,0.12612602549592308,0.2440858215129871,0.47641932632141504,0.034705231556208894,26.372180966870843,8.977009697147942,2.8346309652224937,12.56421668986305,4.276820912296032,9.973946305552555,0.9522098639482199,0.1303752411263311,0.278791053069196,0.33595837943840867,0.03128117849205404,26.51708230337927,8.508439211896235,3.0327017937945424,8.908635998078203,2.85848144917887,9.729616958054965,0.9522469197311254,0.13363114013273558,0.31007223156125,dg165_rookie_capital_v3_chain,inner_menu,dg165_rookie_capital_v3_chain:inner_menu:trend,12a85a78dd469fb63f936a1a721c1e50ac9fc44864694929747a009c3dd9281e,0.7992981028572003,0.8924235167708515,0.024443897504053593,0.06756752903469501,32.14682557929565,44.6473681155656,7.0474557323012865,8.458606919487151,3.151768735493396,4.075561391197662,26.98935751812616,38.82267560457595,5.900937945213493,7.304274566121823,8.108416221240553,10.350715192918079,0.7992981028572003,0.8924235167708515,0.024443897504053593,0.06756752903469501,0.024443897504053593,0.06756752903469501,0.6589246032831627,0.7934407893001493,0.04520406863053134,0.10748533480612792,30.364231177632256,46.943022778286974,7.9632926213250235,9.359669311663485,2.9598889639541555,4.056137296584228,21.796199933347637,34.46872485042878,5.542404764699383,7.100874396022019,7.859672248030085,10.24347666466659,0.8753593247829978,0.9421581361577478,0.05987163967155736,0.1241928358778984,0.07887331914413838,0.16879274625393798,0.5819613546470952,0.729162171022353,0.03924007997948183,0.09618840008921624,30.91172182581044,53.31291913520847,8.161661115299005,9.81836664664851,2.7604543830516803,4.122902196407455,19.545661691459998,35.562623869751576,5.133366876952085,6.711480807221902,9.940182221898926,12.609915927436797,0.8915027737978313,0.9536979625154467,0.07886755584173913,0.15481100314021123,0.12400835507187721,0.2482230393169898,0.5173079062573209,0.6754106868667018,0.03739575035064379,0.09909981107026355,24.13972390995028,48.0780428295595,7.5743524861379745,9.255776759769722,2.46404804521989,4.093832324804569,14.303432006937737,27.91406080199667,4.292291284642524,5.836410575218186,9.827828232162895,12.548276717860611,0.9199906468009043,0.9790813293979682,0.0914864516384868,0.17015689996903655,0.16727735281861617,0.3370145501490258,0.3854625118354308,0.5623349095805755,0.017669196979109313,0.05986423192415838,10.287041750248756,44.1647946217983,7.8791911209977155,9.76883060213266,1.751771228279725,3.9183576383692924,4.6984353080035275,21.60990845465754,3.336376763384184,5.156793910781913,8.172447577173141,11.458118913499895,0.9222409767151879,0.9797174502004724,0.09487324934960732,0.17377157565968912,0.19195409127562282,0.3885695376919958,0.2504703075372854,0.4450654727213609,0.0157787216137209,0.05989125694264151,5.276086806182025,45.53507588209656,7.317763223630124,9.682386595545372,1.7260552650436123,4.3856816619475465,1.9228636284979364,16.647129830414745,2.072616795439676,3.817104927602068,7.909058729333124,11.200423838467447,0.9222464590843742,0.9797207560596225,0.09747092105816453,0.1856777982414873,0.21148167984153923,0.4388553865954628
00-0040887,Josh Cuevas,TE,TE,BAL,2026,173,5,22.0,resolved,scored,0.8323162765130022,0.039063153846208586,39.69055044646795,7.890863232312547,3.840737702150462,33.035091160355684,6.567693903991732,9.486599199475078,0.8323162765130022,0.039063153846208586,0.039063153846208586,0.7923565712546331,0.08296392105177733,49.245118846261775,8.737583553152211,4.198873419432262,39.01969352005089,6.92328174522656,10.52977037472856,0.9028141562143424,0.09223385926265729,0.12202707489798592,0.7086454545460665,0.07880281921468799,52.085586902668176,8.94523600961315,4.3850118157657825,36.91021440593994,6.339000838054154,12.04857523607322,0.9239587144005924,0.12949279074398284,0.2008298941126739,0.6453240679331728,0.0900161068859649,52.94353779308322,9.404492204195934,4.437416504490583,34.16573917940614,6.068945166057531,12.014414022512213,0.9440416201541101,0.14882424796498567,0.2908460009986388,0.5308372409748952,0.05406387036446421,43.91338486918791,9.49014778666842,4.027822619255343,23.310860065828415,5.037723867519071,11.025376961350183,0.9450811347557015,0.15570518907181588,0.34490987136310297,0.47231304954852926,0.05402907478834307,50.33585886228489,9.170874877294594,4.592562760690564,23.774283000890136,4.331523880323004,10.320936472152438,0.945135593052961,0.16060386726833778,0.39893894615144604,dg165_rookie_capital_v3_chain,inner_menu,dg165_rookie_capital_v3_chain:inner_menu:trend,12a85a78dd469fb63f936a1a721c1e50ac9fc44864694929747a009c3dd9281e,0.7860241238063737,0.8779925565581835,0.02040196454039196,0.05806613774844064,34.65157603768505,44.904011106305155,7.343926475568164,8.465414799700365,3.472654974851051,4.17723664209092,28.296948959332948,38.28211721000531,5.986565121659465,7.1884831214003615,8.485212494563845,10.559411629452825,0.7860241238063737,0.8779925565581835,0.02040196454039196,0.05806613774844064,0.02040196454039196,0.05806613774844064,0.7360094224148583,0.8371068996049597,0.05490073115342271,0.11176343515986485,42.58614469797104,56.541223926055736,8.12122335389476,9.400580813420826,3.7531368129564853,4.629039790952723,32.80549679224931,44.97402614760956,6.2132298711260825,7.675297183585708,9.387819944381453,11.826858767683246,0.8713610691371827,0.9341326985930071,0.062481320140423464,0.12216867927759398,0.08447806438487467,0.16353364816778437,0.6386188153434545,0.7601329265890748,0.050630666437306265,0.11433364933640497,43.6313959900448,61.230101897297544,8.366149027216675,9.692365747443763,3.841066380705358,4.989499717841647,29.969075590902076,44.218269850168475,5.613002462873353,6.987252619621883,10.830758496546599,13.214551994181331,0.892747731970022,0.9555455493264833,0.09319737348948796,0.16943994905912546,0.14131685674314431,0.26268894462492753,0.5711143296656619,0.7071680540809208,0.058243875907289085,0.13084077819036052,44.33993850858507,63.56770432454774,8.548199856311834,10.12037879384197,3.821725994670404,5.090540705852558,27.172899428343193,40.76601181213131,5.24583971107827,6.719145688287498,10.724155626086509,13.434209915720958,0.9120587071953016,0.9740053982690471,0.11331898871108412,0.19559934144408206,0.20396044241052622,0.3813948892146583,0.44607801950959863,0.6088534380723384,0.03212939551922454,0.08528328004063819,31.073520229601964,59.093804903978295,8.50180419560026,10.377606895396262,3.1622393650872174,5.057156265889308,16.086120351335786,31.797453025586655,4.019463649199797,5.892761203595885,9.615975116310011,12.313956190576992,0.9160221309385262,0.9751366500585495,0.1182837700561382,0.20164877187741218,0.2451766897534566,0.45069087527388524,0.37933337415717217,0.5703696887549236,0.03225531832985768,0.08466137539569678,33.96465083018538,66.94342014571666,8.086712088173291,10.22012725420562,3.6105205939118004,5.672487082008195,15.410466759371856,33.46773406422337,3.38241198731644,5.327884237273811,8.771212429519107,11.63641991503004,0.916084682239198,0.9751412002589637,0.11887446691249381,0.2082589554754525,0.27966625124257655,0.5171169549699085
00-0040888,Adam Randall,RB,RB,BAL,2026,174,5,22.0,resolved,scored,0.8604977595740673,0.1632411298466936,57.76592249781994,9.94700073155037,4.861083997577287,49.70744688910327,8.559371843980701,11.326213590366088,0.8604977595740673,0.1632411298466936,0.1632411298466936,0.777974825090619,0.17825332237711494,72.79607212797164,9.687737292608086,6.271339586012156,56.633511481042824,7.5368157257406425,13.162638763316908,0.9248570201947055,0.24925237110173637,0.34149445222380853,0.6519204316546839,0.1906173078370136,74.59716115344355,9.946026255675362,5.881787177039473,48.63141349936694,6.484017729848701,11.796873384355997,0.9403494593382948,0.28431013745886247,0.5321117600608222,0.5919572930595197,0.13392944524775544,70.18602572783973,9.57836512087541,5.938570090644988,41.54712980045782,5.669983088889127,13.657782422763772,0.9433711874624929,0.31214751348336583,0.6660412053085776,0.4991130990643474,0.09187573268538526,62.99279323264616,9.171548857275107,5.650877613876592,31.440528249065675,4.577640173374653,13.907736958362666,0.9497051436470128,0.32715727504923625,0.7579169379939629,0.2893629900344156,0.07952041487484468,74.67896752629423,10.321233570668367,5.953768519045975,21.609329336091527,2.986583006852187,13.10204574431841,0.9497549665105245,0.33473435282423775,0.8374373528688075,dg165_rookie_capital_v3_chain,inner_menu,dg165_rookie_capital_v3_chain:inner_menu:trend,12a85a78dd469fb63f936a1a721c1e50ac9fc44864694929747a009c3dd9281e,0.826189316128544,0.8920105487280584,0.12151203205483424,0.20525455984501204,50.98030253484526,63.6620969573741,9.370250013583473,10.434991954280646,4.3875264247653005,5.266356838420356,44.0599841597105,54.18491105913861,7.933200850849333,9.1384873722028,10.525622437569435,12.068505036618767,0.826189316128544,0.8920105487280584,0.12151203205483424,0.20525455984501204,0.12151203205483424,0.20525455984501204,0.7229099381557991,0.8214299065615658,0.13451593916787416,0.2231852814759703,63.71971761438256,81.08764476317793,9.131302781046138,10.21868876933816,5.6272094315701935,6.7989759264437435,48.846248589198545,63.63835006190586,6.784502267591246,8.156807530954904,12.169302491147642,14.127300070906855,0.897220798357936,0.9491577247642157,0.20259240255253727,0.29734117309039837,0.26644614754178814,0.41306582850375795,0.5949278257907095,0.7043521299708624,0.1452782718219553,0.2381279476788623,63.82519353287536,86.09886124177591,9.24678588196313,10.54430620284961,5.196381837286636,6.586174717605851,39.10860467996402,56.808763665077784,5.7225519801100955,7.193403427309536,11.048286465061084,12.551740728071694,0.9101444269028689,0.9648863533134809,0.23212664929064492,0.33406005872903693,0.41507298273186655,0.631253586378445,0.5281921285272214,0.6529881050997013,0.09237431223085196,0.1766751157158701,59.249879031680834,83.28018114056631,8.759898664901042,10.188419755785816,5.152761960577221,6.8205030751516915,33.73937862825872,49.97416681668863,4.854719782367507,6.334374419849355,12.571245190223733,14.982115701867563,0.9136110739615865,0.9656863295537822,0.2579998238433017,0.36179784489764955,0.5310134894007791,0.7917125022987432,0.4264251060427698,0.5635822432943959,0.06383203284908068,0.126632583549488,48.65307762588869,77.462144066637,8.307990372854478,10.041677536133886,4.730723500233074,6.541769619590117,23.21961437168779,38.18072825792928,3.7879136710885404,5.170515604822165,12.67817684142178,15.066223551396476,0.9169948607473981,0.9700189185981405,0.2770909066047468,0.3784167885653506,0.6157646754516296,0.8955542669945072,0.22452485142831288,0.3518336816951158,0.04258171079822127,0.11575649517211485,58.313628461861526,91.81739955636152,9.243372191670819,11.258252431931982,4.734002040768308,7.105189797516632,14.830217611116204,28.94313074354962,2.2209667573473046,3.7647545248936933,11.696298844713256,14.845455474123147,0.917254363247644,0.9700464081889524,0.28387911168136837,0.3889629237527651,0.6796022132518792,1.0061454039225946
00-0040890,Cyrus Allen,WR,WR,KAN,2026,176,5,23.0,resolved,scored,0.8366491704410322,0.10666787264540786,47.23625495901507,9.27783704137657,4.106946653539785,39.52017352620105,7.762294664154787,10.688778719033097,0.8366491704410322,0.10666787264540786,0.10666787264540786,0.7266338068508895,0.15361648734847205,59.67775479797033,9.823040177054205,4.961114747446384,43.36387415316312,7.137753078702133,10.647517143916971,0.9096561095102382,0.18903972560144613,0.2602843599938799,0.5819954128416016,0.1405273274072364,63.62072310851036,9.52744412070957,5.062005817686329,37.02696901081871,5.544928774357656,11.619641098564735,0.9230168509846597,0.21644051522721713,0.4008116874011163,0.5105206662220884,0.09070548528004782,58.698587767431405,9.482132762335048,5.158864003188212,29.966842133324807,4.84082473503358,12.100257120892142,0.9299784054109133,0.23598838961619623,0.4915171726811641,0.3776199058191387,0.09471983146533561,68.03779312901675,10.1712136142713,5.452338964602538,25.692425033521346,3.8408527270874697,12.364921758430835,0.9345284122541778,0.24757417202939622,0.5862370041464997,0.22266321744250972,0.06559071785226997,77.3404199622552,10.78847893026539,6.193979496333674,17.220866747150648,2.4021974299236173,12.974501705413656,0.9345843513813109,0.2501422720441019,0.6518277219987697,dg165_rookie_capital_v3_chain,inner_menu,dg165_rookie_capital_v3_chain:inner_menu:trend,12a85a78dd469fb63f936a1a721c1e50ac9fc44864694929747a009c3dd9281e,0.7984941513436292,0.8731096743064776,0.08149816283384839,0.142868007827605,42.137823429189595,54.12984168675294,8.772417043662962,9.807850800224408,3.727154266418747,4.486793675369319,34.709945553944976,45.185616144014446,7.21244606068518,8.344535527443139,9.692716875850067,11.603450750813066,0.7984941513436292,0.8731096743064776,0.08149816283384839,0.142868007827605,0.08149816283384839,0.142868007827605,0.6698474109918692,0.7761771837811234,0.11659298387534535,0.19302439746993966,52.69009753329111,67.61769962165909,9.271631020725467,10.361674598864088,4.470338921563301,5.50174997863165,37.533256175521394,50.2398101764822,6.455055552988481,7.843848867059059,9.889725345920176,11.43275774442489,0.8836590488156728,0.9351713673979404,0.14664650431039794,0.237317057005144,0.2048810017943057,0.3377823321076774,0.5204761158862232,0.6328204060859874,0.10845539947237416,0.1783852370755236,53.80623894870457,73.64472061289693,8.873032576670852,10.207869503963044,4.4683016158666256,5.741084383332903,29.58856923530726,44.78788030753078,4.868011249869855,6.272169917099541,10.572066416486592,12.472948194220134,0.8955577406386291,0.9485919534248033,0.17922047659926366,0.26057582796257,0.3227726700790998,0.5034713685533626,0.44135570083211684,0.583487124596179,0.0668486347553642,0.12530047637100106,48.41363509131615,69.9582159233843,8.579481940358166,10.299394411233616,4.484663319910209,5.972035163849787,23.96407258793128,37.36906820884758,4.099734479967746,5.684212852873271,10.909085880154924,13.091132595457596,0.902715327788442,0.9551111418177566,0.19490620274124257,0.29443335277269433,0.4043363096968102,0.6185849058769681,0.3104623275495009,0.4531074482830818,0.06514719416022771,0.13414600603885646,50.81250982559604,85.07777127333667,9.246353569795064,11.065109908978355,4.407378351082066,6.585585022399589,19.355288928876444,33.691859337083265,3.1160033862608167,4.66771845506864,10.980180791263225,13.766502586822421,0.9090620098292013,0.9617889908813695,0.20534747994713765,0.30520527485825877,0.48174130065098664,0.7419143892813994,0.1725775602779732,0.2840489230725241,0.04205896365757663,0.10056349159446892,59.34952137066892,98.64021252129598,9.710410682292158,11.74477399999075,4.958535758707078,7.743376414675801,11.839322356188745,24.83007122605939,1.8121060351258813,3.1119992009643984,11.548759514651172,14.577152530318399,0.9091554648714987,0.9618025841602165,0.20610104221437356,0.30946699475490397,0.5300747647140184,0.8281322661656195
00-0041529,Kevin Coleman Jr.,WR,WR,MIA,2026,177,5,22.0,resolved,scored,0.8277649308936263,0.10358441526684532,48.083113642771124,9.36283036013867,4.235253687580447,39.80151524165882,7.750222626028933,10.816591801513809,0.8277649308936263,0.10358441526684532,0.10358441526684532,0.7581632907817272,0.15957262889704893,64.80864457556198,9.879112692101577,5.301050266786275,49.13553524251141,7.48998058864726,11.378023992823632,0.9065038376113485,0.19201029334370945,0.26315704416389424,0.610241042622476,0.15480990410249063,69.0163179577809,9.5230054897861,5.540256448736008,42.11658982852053,5.811328798986632,11.969811568670513,0.9233084804708573,0.22809191361386197,0.41796694826638486,0.532249407711133,0.1099337079800016,67.74797836043666,9.935105755420867,5.736659356711872,36.05882135596907,5.287954153870226,12.505964226726459,0.9289820290762105,0.2526296593904182,0.5279006562463865,0.39924028573937875,0.1137919924573189,76.96183325705384,10.436896743877593,6.056587321661499,30.7262643005726,4.166829638258082,12.890833152927922,0.9331240810255785,0.2675645118665178,0.6416926487037053,0.2632463638185714,0.08452491226544936,89.36795525952806,11.131715186561884,6.977982926569956,23.525789263971536,2.9303835459263863,13.27652911715803,0.9331885154049686,0.2709475844134872,0.7262175609691547,dg165_rookie_capital_v3_chain,inner_menu,dg165_rookie_capital_v3_chain:inner_menu:trend,12a85a78dd469fb63f936a1a721c1e50ac9fc44864694929747a009c3dd9281e,0.7848802062463885,0.8640372510980392,0.07799159593322307,0.13908163031249166,42.692496670701345,54.226897993539176,8.871592821972502,9.912384142873606,3.880900271013802,4.627679855807417,35.18761085228386,45.22874518710077,7.168313072696645,8.3724298009989,9.894248640015288,11.713345913757735,0.7848802062463885,0.8640372510980392,0.07799159593322307,0.13908163031249166,0.07799159593322307,0.13908163031249166,0.7080617632931524,0.8056171383212174,0.12306751804731321,0.20125211340991028,58.49889177516836,73.59286896849434,9.435839979098521,10.415166024504014,4.8958397801359155,5.846882255304559,43.235016438461116,55.831124778832255,6.861063310857022,8.188696127031866,10.610340088373766,12.094838149619823,0.8791561508368275,0.9296340297459967,0.1533979748273893,0.23878224744390075,0.2119705570691591,0.3429835312540608,0.5532068173892538,0.6602631336146939,0.12096064640805347,0.1971075009603964,59.56459597717941,78.58110387693777,8.966340170029367,10.136769576966786,5.008073002930846,6.223183712695008,35.20817593006133,49.96051593334777,5.17666055232168,6.5351677868156175,10.966104125167302,12.847000529069486,0.8934500607754671,0.9505984339532719,0.19059921458809054,0.2802650442997381,0.33432103519851547,0.5245056157286572,0.4629677819548906,0.6001089116117374,0.08065312226572477,0.14937899732913723,57.9930032459531,79.46315034587766,9.127027318301165,10.748642604963598,5.162544212794027,6.5215148590559275,29.624701952911792,43.568747583696165,4.519460500242984,6.0044952481920575,11.398667153378826,13.51074108105005,0.9008038056778019,0.9552399184603504,0.21243649558211408,0.30782191451566193,0.4278653738302578,0.662870523732087,0.3315649336987066,0.4751141064456573,0.08293941287450472,0.15399317585189776,61.70769719317072,92.7800078149691,9.609310575617503,11.230970991358747,5.038837575915749,7.138727863783816,24.00393782793305,39.55095963447595,3.4073899302316635,4.995805139712871,11.596879782934662,14.092325295645614,0.9071423527699027,0.9637069204613399,0.22307456718018756,0.3231836393153792,0.5264174269553357,0.7897854512911031,0.20668631530274068,0.3334810771589562,0.05580825107514443,0.12579830370958567,72.61094327550558,109.36134758899406,10.16141677764799,11.979752643804465,5.966642292483578,8.44940937329758,17.983831592371022,32.34576078157953,2.304880112837718,3.745572300637302,11.922307820803784,14.827776907762583,0.9072886086834897,0.963829762861944,0.22834085441244734,0.3337861047005572,0.5985751448893524,0.8977960334743281
00-0040891,Cole Payton,QB,QB,PHI,2026,178,5,23.0,resolved,scored,0.5157915287272019,0.11749835485517134,45.90087937587342,5.413067942533035,5.5057266813595795,23.675284743204646,2.7920145891833235,12.220268186944944,0.5157915287272019,0.11749835485517134,0.11749835485517134,0.46796510416857207,0.12057277117096524,57.71030094391778,5.944309875689959,6.518307389130614,27.006406992820125,2.7817295901875236,13.584183113112681,0.6691781106833163,0.16573845906065968,0.23807112602613656,0.36215239835816054,0.07936401691879366,43.07921429961101,4.706542022833564,5.292221391873934,15.601240777989293,1.7044854815426436,14.00421479781824,0.7217685745440512,0.1989729733356262,0.31743514294493025,0.3669118047525808,0.08514054134527801,56.80031260148117,5.070086145575076,7.25102195758914,20.840705207120212,1.8602744579240074,14.931446219379115,0.7533972659499137,0.23588936762563825,0.4025756842902083,0.30853936133938176,0.05293783621416728,51.44666190329747,5.41109935195201,7.219905830094024,15.873320206686502,1.6695371381952155,14.937385984288468,0.7697217133099304,0.2386347617555106,0.45551352050437555,0.27026814830405954,0.08057445053424339,72.48341703044653,6.65145084014927,6.668933064619445,19.58995890356972,1.7976753021026244,14.772747787326212,0.7737479360789851,0.2388926704224569,0.5360879710386189,dg165_rookie_capital_v3_chain,inner_menu,dg165_rookie_capital_v3_chain:inner_menu:trend,12a85a78dd469fb63f936a1a721c1e50ac9fc44864694929747a009c3dd9281e,0.4386621926964869,0.5856381655204591,0.06583068234416271,0.17648082504976462,35.08583107654297,56.398770889808866,4.729221595891129,6.139284284330443,4.607915345875894,6.485339642731651,17.649601613851146,30.563279416806786,2.2040760577886678,3.3602176018607604,10.904408921190395,13.386047187653627,0.4386621926964868,0.5856381655204591,0.06583068234416271,0.17648082504976462,0.06583068234416271,0.17648082504976462,0.3805878524433523,0.5559487225408559,0.0750842596597656,0.16871063449736493,41.81266432920759,72.84511930295947,5.109136005548124,6.810952212682749,5.468636048713974,7.6206546810074025,18.144611806637606,36.10345935805474,2.1337064502611445,3.4514118574223627,12.128783406196103,14.780015523660815,0.6073102056253641,0.7489663201605136,0.10903934120220243,0.22765290854597572,0.15884372610849426,0.3292004638657454,0.26910786851734986,0.44839766221235466,0.04067896625879801,0.1304084281974191,26.18796664085389,66.00995173382061,3.7859956675884976,5.82046088776875,3.9513658781619907,6.813384346284769,8.127739231409189,25.064836711505933,1.1820423110041525,2.296623137909542,12.33573291295278,15.738536512858035,0.6522115237069467,0.7996316723535306,0.13704277147395277,0.2744375860193382,0.21503737503870768,0.4592055906759336,0.27996968424253155,0.47636828709379575,0.0492785130691356,0.13553177995739343,37.881857535760666,74.94653739163698,3.9946317618149467,5.937234315484602,5.853406775263694,8.708627080886295,13.417291867098713,31.825093581911183,1.3536194068083314,2.5366163924512217,13.25945900266566,16.531975417356687,0.6779851410847347,0.8435903399204984,0.16543713660517437,0.31365789898688223,0.27362297685255366,0.5569771729386673,0.23678243684312072,0.4049829745103969,0.02629124599649307,0.08504978448988156,28.619401619039,74.59246430025962,4.000342747125881,6.589729820124299,5.424807415415048,8.959333690728432,8.026372283402793,25.077563519278787,1.12382146283054,2.2920009661932874,12.573392059884403,17.395836219907626,0.6991545831525449,0.8540670818661362,0.16685227837779984,0.31925555014226026,0.31667797666417685,0.6403442083910493,0.20432705792562528,0.3565300595541489,0.04345115779004894,0.12783367221110442,44.866776844032024,103.02563924456723,5.3324195665531064,8.17074717714518,4.843328302668501,8.707035439492493,11.434481965236643,30.537323651670413,1.2184860916753684,2.5368702086415147,12.462828759230332,16.664452775232913,0.7044499202783784,0.8645949229042619,0.16795633221055659,0.31940506227392923,0.3773134604631897,0.7526518531526412
00-0041579,Seydou Traore,TE,TE,MIA,2026,180,5,24.0,resolved,scored,0.8452087551694173,0.03987919332095637,36.609470516132646,7.670202324094429,3.501864663630321,30.94264500235196,6.482922158245424,9.189623034889742,0.8452087551694173,0.03987919332095637,0.03987919332095637,0.7314690737179148,0.07363771455919224,37.75309305287765,8.594725973312645,3.420235973294445,27.61522000537466,6.286776246558304,9.041769330555177,0.9039224105753638,0.08424846104394709,0.11351690788014862,0.6523820931559287,0.057905574335016745,40.2104123326054,8.923171397421163,3.359561976537408,26.23255296420808,5.821317233838731,11.353156575457708,0.9185617361668241,0.10784649755128678,0.17142248221516537,0.6014926098953104,0.05945577959357136,33.63567136436032,8.470108588013055,3.187844104986696,20.231607754530046,5.094707720700654,11.19887179117283,0.9474574726423887,0.12065456718216976,0.23087826180873672,0.4713633448834591,0.03231245924807048,24.426971311109128,8.897905874059873,2.720177054324078,11.513978902576692,4.19414667525504,9.941619753594319,0.9486874441194377,0.12479839845257401,0.2631907210568072,0.3351634186538904,0.029489039539596036,25.27700579895155,8.429167792443765,2.98280919275314,8.471927676910813,2.825148693722719,9.677133430451228,0.9487293426841444,0.12800834081001466,0.2926797605964032,dg165_rookie_capital_v3_chain,inner_menu,dg165_rookie_capital_v3_chain:inner_menu:trend,12a85a78dd469fb63f936a1a721c1e50ac9fc44864694929747a009c3dd9281e,0.7919061707159597,0.8899783659122698,0.022733823340059394,0.0650587965370065,30.54151565359952,43.06656638287444,6.944906498815037,8.418924029949409,3.0641927142759107,3.9965105668364322,25.47020365151214,37.65805055524441,5.769346961033689,7.225572272848176,8.062372870777445,10.355316678555866,0.7919061707159597,0.8899783659122698,0.022733823340059394,0.0650587965370065,0.022733823340059394,0.0650587965370065,0.6489380370219091,0.7905131952593514,0.04247643234774963,0.10197674214266655,28.896290851419867,45.7128884718386,7.9070860368049285,9.321439875600198,2.8346275455209295,3.932568316552211,20.470063949069225,33.030234426293624,5.441500142770259,7.0460381303865605,7.836755348653847,10.242155386743459,0.8666465199724659,0.9363978129801875,0.05598324800306179,0.11775128817503432,0.07396888827554435,0.1606064601162326,0.5749219467174475,0.7205700264325876,0.037298141571684026,0.09033583708484769,29.269639885290296,52.22490827973885,8.121996745882749,9.788167900300323,2.6686950844339634,4.042746397125688,18.38155206595115,34.10425680261093,5.000183537294875,6.611134654682748,9.911204611886255,12.621019066084425,0.8809386350790629,0.9507101683998641,0.07400708032810976,0.14657137001798662,0.11685721469015359,0.23361477998145938,0.5098021090178217,0.6723570093422367,0.034267519820720065,0.09428772194032448,22.76190725027046,46.31072338710459,7.510692483982854,9.21706885177857,2.351058199656411,3.9797431629879485,13.308842684787393,26.793937711822963,4.2207242232735975,5.779349438390695,9.79905357546545,12.553563471983118,0.9127482365797739,0.9781750652722548,0.08789268705618017,0.16333823672231243,0.15710398962148128,0.32124597005762695,0.37992352733955204,0.5578369569103043,0.01629855018102479,0.05527201505139401,8.384731197708735,42.4699557699136,7.783027058277478,9.719586758588061,1.6714106055145528,3.7915373307551365,3.6903797645946628,20.608454408520252,3.222052194073114,5.095102978053508,8.148599205542247,11.430431930507334,0.9143230058743214,0.9789026434238821,0.09040466761288114,0.16664194601571064,0.1816625205403089,0.3702980799463951,0.2495269811636275,0.44597163536791395,0.014868040588721671,0.05893032584833147,4.126379068244632,44.85285336834768,7.21266893605848,9.618771111758893,1.662241478748747,4.343451003278843,1.5885068167087972,16.229003735797328,2.017867913682529,3.8023159227422996,7.863673691887694,11.171359847700515,0.9143269797995248,0.9789067721052885,0.0927565348812583,0.17887864531801229,0.19953120584921613,0.41523809578036164
00-0041092,Taylen Green,QB,QB,CLE,2026,182,6,23.0,resolved,scored,0.41930880950365734,0.06897817328211181,42.30805576088754,4.608974523703531,5.220821850664551,17.740140493512108,1.9325836205668137,12.29261647672935,0.41930880950365734,0.06897817328211181,0.06897817328211181,0.4116686177511356,0.07329542642865267,50.67256209306637,5.203572833252006,6.1276924785057245,20.860303594761223,2.142147635632214,13.679398785924542,0.6159113690200955,0.10294879858991215,0.14227359971076448,0.3012374848117253,0.05732122916695949,35.024349402188705,4.02136786566184,4.69578101191931,10.55064692108238,1.2113867413546686,13.902977458027493,0.6707996657002857,0.13403790436151644,0.19959482887772395,0.29932199692117006,0.060560366034301344,50.98389110003486,4.617522969190738,6.898799103712491,15.260600094873904,1.382126195967542,14.791778244233022,0.6991383900873,0.161068808946624,0.2601551949120253,0.237345421981228,0.04115996323914343,50.808071764964964,5.326691105298875,7.0772656551697555,12.059063233108125,1.2642657481508153,14.879609023046637,0.7099408506549565,0.16364717532701742,0.30131515815116877,0.21835526644141923,0.05938187973960618,68.0023713220923,6.459181915139886,6.175345443231088,14.84867590868379,1.4103963880739663,14.75291224492293,0.7148781100482327,0.16383331094377462,0.36069703789077495,dg165_rookie_capital_v3_chain,inner_menu,dg165_rookie_capital_v3_chain:inner_menu:trend,12a85a78dd469fb63f936a1a721c1e50ac9fc44864694929747a009c3dd9281e,0.34137462585217754,0.5037215823820579,0.033640643381996585,0.11281721147344555,30.877613463886618,52.89446768008745,3.8351146790793536,5.357080721276574,4.251943248265851,6.191031989259811,12.196734396196124,23.74708353276144,1.4399531427777101,2.430903866875615,10.86035423246288,13.749590333782605,0.34137462585217754,0.5037215823820579,0.033640643381996585,0.11281721147344555,0.033640643381996585,0.11281721147344555,0.3242396499516901,0.5022301847329314,0.043127858141249746,0.1137884570663254,35.76611038922102,66.68602084378811,4.396119489090592,6.098639817732043,5.039639700813595,7.237846265973344,13.513997802820173,29.260003425704607,1.6046662152186533,2.789064054918742,12.250920902722743,14.985719720321157,0.5363681275802563,0.6992628564686422,0.06593556965046812,0.15615926524821183,0.08885397815268073,0.2205157661731984,0.21773480476997548,0.3926821503335516,0.02706433403260851,0.10478824847797388,16.35341768342451,58.67221355180865,3.068503280788556,5.184431375888974,3.327692918584017,6.275998656409976,4.414415303377777,19.14307364158497,0.7874199952005123,1.7205853681496304,12.183859247302175,15.770228415102025,0.5842072657764901,0.7589281188980986,0.08552363856899771,0.1978184267795606,0.12600907594005858,0.31035529625161795,0.22814802860353384,0.40736788301698706,0.035067061305997176,0.10348656503702144,31.985933302394322,69.89849940479992,3.521876248688763,5.513918168107493,5.355706365284784,8.399668238916906,9.233567902936338,24.577011799253224,0.9848621332051861,1.9277814575379393,12.967643552061102,16.52391542964425,0.6211769366600266,0.78465261967229,0.10371742110932601,0.22379968582084367,0.16761812411680593,0.3961077612700969,0.1773246168612558,0.3247055328612626,0.020327565237271396,0.06965427809605294,26.459887379232903,74.79072661368726,3.876051242841975,6.531436886723885,5.302927776086057,8.856829983901088,5.501321553395314,19.49279608931152,0.8155311216365917,1.8277982541718563,12.193668670384998,17.439757694208947,0.6344979758170715,0.8003808229465351,0.10850766669177346,0.2316116929288886,0.20298793881575322,0.4500733960697751,0.15555607633227564,0.2934555133067102,0.03281756647168978,0.09467717818608323,37.22522261851615,98.48943596125007,5.088252004230757,8.05909968418633,4.27506413860438,8.336896088399978,8.28410040652859,23.509522635064076,0.936122941951187,2.05879575635534,12.28286176784869,16.7344479576154,0.6417743172731264,0.8082428308534518,0.10914014008347374,0.23187833007987485,0.24079431991027328,0.5345511072226211
00-0041094,Bauer Sharp,TE,TE,TAM,2026,185,6,23.0,resolved,scored,0.7760422749788767,0.024115875175117384,33.93660068937585,6.943528827572921,3.35218001948711,26.33623680403295,5.388471907731102,9.390976294026473,0.7760422749788767,0.024115875175117384,0.024115875175117384,0.7016300309316776,0.052256072039544535,35.96934064379348,7.914519396221409,3.366193459066064,25.23716958849687,5.55306448878019,9.874599331500097,0.8685156513337455,0.05927820938168485,0.07637194721466192,0.6241632715645848,0.04776508456093955,37.691156947814164,8.239623859404638,3.246088157523494,23.52543582960192,5.14287058454761,11.628264825367848,0.890457052452196,0.08359843080062443,0.12413703177560148,0.560992705462562,0.05478161645620866,36.8101061327516,8.474500418891914,3.3969680367196373,20.650201027776365,4.754132917437789,11.471507343301656,0.9171789962658012,0.0951809149410571,0.17891864823181014,0.43383158820266854,0.033924333053763044,32.53667346900266,9.07232163022777,3.1681477204792055,14.115436725889051,3.935859701527136,10.405409112404403,0.9180957937822624,0.10032485195604983,0.2128429812855732,0.3456193865612228,0.030175702351328496,32.58755103745186,8.557819758462356,3.272225936646765,11.262889399096652,2.9577484152212716,9.940370361242612,0.9181686713031127,0.1028700000008719,0.24301868363690168,dg165_rookie_capital_v3_chain,inner_menu,dg165_rookie_capital_v3_chain:inner_menu:trend,12a85a78dd469fb63f936a1a721c1e50ac9fc44864694929747a009c3dd9281e,0.7199281896615951,0.8288656092410531,0.012383268733918179,0.03946730663349316,28.329753656598413,39.4894407632112,6.3390397048336515,7.59623759790732,2.9479186516501703,3.8073058827680897,22.159983674333958,31.51415168115016,4.827687711180401,6.078783533499086,8.239643846205524,10.572803306349343,0.7199281896615951,0.8288656092410531,0.012383268733918179,0.03946730663349316,0.012383268733918179,0.03946730663349316,0.6289649028595069,0.7708633466419602,0.03197328342131698,0.0738425383733292,28.249606554338776,42.14867987098658,7.267104725931674,8.588357137928778,2.877034939188516,3.806559626975925,19.381871542149394,30.46714507229506,4.890060322069196,6.323997377263653,8.58127199703993,11.024538722724662,0.8289615833629237,0.9068661770871358,0.03758436153954149,0.08342116399316661,0.048852556917690214,0.10554536211020991,0.5405697936624261,0.7000490379364777,0.028638068496358974,0.07288171353705535,28.817957272464312,46.6788373448671,7.640758983563803,8.98931019773483,2.671548068236657,3.8026082605662603,17.309270937064458,30.313149735342005,4.39024730397284,5.977585727004604,10.117053286536057,12.856591529889554,0.8532708233808528,0.9317346724507583,0.05802726922034433,0.11296874718559106,0.08527117481042092,0.17103063102150418,0.47980870669247977,0.631028519948753,0.03575778382436843,0.08560455025167339,27.688345977036512,46.743743693769915,7.600272780697313,9.282615322161648,2.6985757056744135,4.090190319900589,15.083011755591569,26.348777012121907,3.9920503669397447,5.3737932819145025,10.178512236183298,12.878096903634061,0.878214751535368,0.9562184234532777,0.06846415579430949,0.1297346249491823,0.12456333928139986,0.24991210653349877,0.34737352344074374,0.5133389860431857,0.018210671904925382,0.05513386475038532,17.966943718564856,47.30585782286266,7.975790432503413,9.919295948183255,2.0958977706408257,4.180350626447348,7.7521767765082,19.995341324093207,3.093810459154223,4.64999874897758,8.878319576167033,11.82589308745983,0.8796095528426406,0.9567130320594448,0.07068153317984519,0.13697197911964876,0.14730218536644218,0.2939877557916618,0.25846214760569536,0.4524661022790403,0.01604142135856662,0.05318655597620208,14.553601555755758,49.94005681532096,7.3586751179352285,9.676484627524374,2.122567861711605,4.513920979162135,5.008514356615189,18.281067402837486,2.185041439502717,3.915319351755779,8.244662885498514,11.270060683095256,0.8797030693268928,0.9567223539929485,0.07305805444734265,0.13979057330717118,0.1632412763439966,0.3370564729056904
00-0041096,Kaytron Allen,RB,RB,WAS,2026,187,6,23.0,resolved,scored,0.8127776221121038,0.10751566178285835,50.479638252309954,9.036166146101138,4.256254369445296,41.02872034379168,7.344393633237976,11.155230848361878,0.8127776221121038,0.10751566178285835,0.10751566178285835,0.6721591005851539,0.11197775169177274,58.326161132476614,8.872368782616231,5.3640923973417145,39.204460007390246,5.963643420983123,12.4614687543818,0.8973635077068963,0.1667876018539825,0.21949341347463108,0.5550592360895484,0.12038318950859325,59.127635450171766,9.289744151889359,4.651686960981058,32.81934016475364,5.1563582924150575,11.212002541357664,0.9136593573242884,0.19133656353127046,0.3398766029832243,0.49682683290458285,0.08247005004919522,53.546416989648364,8.674756638279279,4.851038401800014,26.603296766355143,4.3098518668143,13.06590550811714,0.9176306720085315,0.20920396487820186,0.42234665303241953,0.40644849307332875,0.06143762510256352,51.50814972062759,8.795282633838921,4.748501138984652,20.935409834944483,3.5748293726778475,13.263986206966775,0.923417502807095,0.2212376379233501,0.48378427813498304,0.20302415551649095,0.04579227619198884,56.446851311080415,9.761034342431392,4.583374801079922,11.46007431899703,1.9817257543395999,12.719372115463456,0.9234858776922821,0.22517915858699417,0.5295765543269719,dg165_rookie_capital_v3_chain,inner_menu,dg165_rookie_capital_v3_chain:inner_menu:trend,12a85a78dd469fb63f936a1a721c1e50ac9fc44864694929747a009c3dd9281e,0.7722285380200449,0.8579252558808915,0.07164019403641758,0.14439972616325783,44.28268775956908,57.52925452534892,8.394082744872401,9.586766594588916,3.813248444172631,4.697229977921577,35.800092085915736,46.16576936437872,6.715538242649792,7.863929102494851,10.24981363788959,12.056718079361541,0.7722285380200449,0.8579252558808915,0.07164019403641758,0.14439972616325783,0.07164019403641758,0.14439972616325783,0.598939589600332,0.7305188618148258,0.07684942979413482,0.15409010331227346,49.252436960935654,65.68920802133123,8.200651018799032,9.453366587902783,4.70432106029262,5.961459598635093,32.025210404938676,45.59585483141922,5.185528381828663,6.737234379874203,11.311251759034006,13.591800674624514,0.8619953154927651,0.9295597526390118,0.1279564624729722,0.21232474585567956,0.15987500411679256,0.28544289110902715,0.488937414035846,0.6215768024721203,0.09080501969866708,0.16028783971413016,49.14623515611755,70.53671864669917,8.539111690118736,9.979220811849293,3.9639173756304644,5.361305821767171,26.581496743426193,40.11768245644906,4.353024125458424,5.9314152433975105,10.171277160732814,12.22726394266121,0.876972340837997,0.94410247518346,0.155635353199986,0.23777465874401268,0.25983888655165893,0.42636137807871355,0.4302607208093383,0.567550305413317,0.05618247130766345,0.11678183930261901,42.31801736872791,65.27844332886916,7.711966840097387,9.279548374249213,4.060209774043576,5.612879902512413,19.596792826995266,33.17709092934344,3.5565928454254743,4.952579132552943,11.797191438622997,14.280657700809314,0.8801304737141988,0.9473449512329174,0.16707007510155192,0.2554584243988,0.329123545004896,0.5282581541865501,0.33581686152389284,0.4744121065354032,0.04017076220939776,0.09625695232752526,35.67634960855154,64.12560008202844,7.801633999078611,9.693351616255857,3.7735322299519023,5.677001952172377,13.956483905420972,27.215990211564595,2.8411164019055986,4.044686955772429,11.80531823828747,14.654047192904544,0.886048294708789,0.9527421330482372,0.17913122806223727,0.27491805485392407,0.3922543644423679,0.5979425312904737,0.1466419292351959,0.25913622896089117,0.023519407371499823,0.07590524423497448,37.69512187261373,74.50662801131566,8.564146874999498,10.811545956069578,3.3151056691277767,5.791540467580205,6.875072240951309,16.392131087950755,1.4373371661093743,2.578453547365286,11.095263670537113,14.67367778031611,0.8863047066474261,0.9528585880991334,0.1824766976975502,0.27744609062433667,0.4235611713019739,0.6563485972949276
00-0041099,Barion Brown,WR,WR,NOR,2026,190,6,22.0,resolved,scored,0.7597946308532512,0.0644692310401405,42.81882413066271,8.543529890993643,3.8427468719780307,32.533512673927156,6.491328139711232,10.833129466422472,0.7597946308532512,0.0644692310401405,0.0644692310401405,0.6913901108931813,0.10790976153495277,56.6110501023995,9.14525273614897,4.8092977764151685,39.14032020807743,6.322937303392206,11.411844472719276,0.8715171242495678,0.1307106559770508,0.17237899257509326,0.540588036185501,0.10965319655815295,60.01573022071224,8.851056754066411,4.876226558064791,32.44378574025365,4.784775388847176,11.822242309905228,0.892840884318888,0.16336081594898383,0.28203218913324624,0.45836897576740643,0.0817539204730678,60.865392958895356,9.504045877999019,5.293410148185292,27.898807830249574,4.356359774744851,12.330482636160017,0.8987519545154482,0.18236183550883386,0.363786109606314,0.32711082433080735,0.09133775067917,75.13156362658053,10.343146271972582,5.821950042005902,24.576347711153257,3.3833551031990683,12.780028942678712,0.9019787878121925,0.1969704022004519,0.455123860285484,0.21582531365367608,0.06491501329898636,84.27794652071235,10.953617220930237,6.459195062915429,18.18931424192048,2.364067872349576,13.240423230439704,0.9020741529180651,0.19916991001221693,0.5200388735844703,dg165_rookie_capital_v3_chain,inner_menu,dg165_rookie_capital_v3_chain:inner_menu:trend,12a85a78dd469fb63f936a1a721c1e50ac9fc44864694929747a009c3dd9281e,0.7136353807797626,0.8046998997567135,0.0448931807773629,0.09220227925124945,37.69563204967045,47.94660794951679,8.003520764949341,9.083566608736668,3.4928930817446626,4.235386277015682,28.031068149817095,37.03552239941911,5.908338561108158,7.0692680545895685,9.676862811831358,11.91864031877827,0.7136353807797626,0.8046998997567135,0.0448931807773629,0.09220227925124945,0.0448931807773629,0.09220227925124945,0.634299829507413,0.7465014814760094,0.08098837896752427,0.14341315155438314,50.100599965617356,64.3458902281287,8.642417194366137,9.722486177168742,4.351832389226905,5.327097082914813,33.6158513600009,44.95036809294613,5.736558950418225,7.078947513639694,10.551003004486171,12.284782456132529,0.8388481089606338,0.903752219821706,0.10355430952467369,0.16839444677276616,0.13505786374350273,0.22878943044919567,0.4792332834383216,0.6100057128471822,0.08216130032467107,0.1408588862916783,49.2890128957455,70.74587228063629,8.168666156220535,9.487882604653917,4.263847784315305,5.577144135229304,26.200988363739803,39.87774216731209,4.180431379080478,5.540149138126043,10.735883114055188,12.811313491296273,0.858394206018215,0.9252621076670045,0.1308921331574563,0.20665565161101135,0.22338527245376844,0.36136254538510926,0.39546446465490065,0.5279780143331768,0.06047235452243298,0.11714369631846198,51.6209330968883,72.94343032664992,8.647285431133898,10.313792832770348,4.699070806541204,6.125534071409313,22.68161522978008,34.30316106239515,3.7028290931451755,5.0942666243638035,11.13921426504011,13.49711783100407,0.8639192614595341,0.9317464063983864,0.14991939331512633,0.2273907610913828,0.2871222345983019,0.46174013770792977,0.2634341248976776,0.3954503157394712,0.06697923714823623,0.12862171480165988,58.619158951579315,91.08050499108457,9.449559171121592,11.214206261378894,4.614033203072967,6.950126931548497,18.49148503323633,32.76683927684919,2.7018961298609367,4.2289029850361715,11.462019799106868,13.987921564221395,0.8709950291111759,0.937367603135916,0.1609624712666858,0.24790375180798427,0.36114326064451086,0.5800741621126949,0.16127851494187936,0.2754749903918165,0.04445532433602344,0.09927466683756563,66.15243126790419,107.7406196404922,9.873804173846603,11.889572912893755,5.367414507237521,7.952854102826863,13.227124911430778,25.074556680427246,1.8147874990469284,3.0918606083966687,11.668393044870747,14.849018322816459,0.8710522312649328,0.9375861937726458,0.1636754548405368,0.2527802980635171,0.40702905942348117,0.6676075495335864
00-0041100,Josh Cameron,WR,WR,JAX,2026,191,6,23.0,resolved,scored,0.7700902105781888,0.06626843817858327,41.62227706830411,8.453020355583606,3.6922731145986702,32.05290811227403,6.509588225653095,10.694246313764356,0.7700902105781888,0.06626843817858327,0.06626843817858327,0.6537790109412315,0.10225880495504289,51.20423395455114,9.08674851093949,4.447886152877164,33.47625343080987,5.9407254541537275,10.670063258141852,0.8737185206486384,0.12702674272811268,0.16852724313362616,0.5092171865499572,0.09594045253631636,54.38279475830193,8.853656556028046,4.382459626630292,27.692653743546266,4.508434082140185,11.463131072946943,0.8910070140737937,0.1508246147602414,0.26446769566994255,0.4348250428960334,0.06593064234050353,51.5775871857085,9.050798330015361,4.697567373743418,22.4272265604996,3.935513772092277,11.918919789225697,0.8983838382845887,0.16595487888780802,0.33039833801044605,0.30387540137668806,0.07439184592036437,65.92967362663437,10.071701616171422,5.198703217026263,20.034406035927564,3.0605423711603286,12.2449653703171,0.9020118794002189,0.17718948589247396,0.4047901839308104,0.1778248117708175,0.04895071661061063,72.11244662475389,10.610165265117844,5.668329808802412,12.823382247379984,1.8867506411268467,12.935190961970736,0.9020972516611403,0.1788426674302631,0.453740900541421,dg165_rookie_capital_v3_chain,inner_menu,dg165_rookie_capital_v3_chain:inner_menu:trend,12a85a78dd469fb63f936a1a721c1e50ac9fc44864694929747a009c3dd9281e,0.727105057468666,0.8139243437627854,0.045716210673948474,0.09171593451892908,36.404500047307174,47.65599123618679,7.895331336843401,8.9929898418666,3.30499622521412,4.1219049179507445,27.889935730068103,36.713888360487346,5.913728398532006,7.089094929003439,9.546204950515857,11.901874592544326,0.727105057468666,0.8139243437627854,0.045716210673948474,0.09171593451892908,0.045716210673948474,0.09171593451892908,0.58850921275365,0.7122690073105491,0.0760270548085173,0.13689684186151618,44.844691582742534,58.802941164934296,8.515658464756878,9.65246216179289,3.9457942096193146,4.983601545127768,28.141557013240572,39.44465047109693,5.306592070757843,6.623518013639237,9.7361860862993,11.455363896366475,0.8433665153095699,0.9077099881797911,0.09838133616930755,0.16183659716148885,0.13233368521576644,0.2253068488200636,0.44496075274320873,0.5810482955493721,0.0714537174318109,0.12455595365997321,43.72485873363264,64.48578586725867,8.11110531154316,9.55590888549877,3.757447333585364,5.117764773465078,21.683895671594776,34.318544396829246,3.8580616927764795,5.255671269612237,10.274350741466485,12.429203460100936,0.8564353999402062,0.9240425085905416,0.1214146524173465,0.19396231565686356,0.20967318435662208,0.34477097250538086,0.3720261886450616,0.5099921882948949,0.049610980793932405,0.0979177876378135,40.578135206281985,62.92045383492765,8.12244674490185,9.864328664544205,4.060933635461579,5.554972457260099,17.66600854660739,28.86348932359453,3.3107342675489133,4.707528844835207,10.668679673172965,13.006920566628935,0.8658655548286748,0.9346959804419843,0.13464420839648616,0.2117180232950074,0.2655846042974563,0.430382164960422,0.24272898862381032,0.3783533329637335,0.05200576545393091,0.11252431048501566,48.47755664665509,83.37968494447253,9.081813094066344,10.965369285961497,3.9806099187241997,6.312691017142517,14.148661249528905,27.324658438795833,2.4117203620394827,3.852133873526869,10.771677866421495,13.659245511376502,0.8685292018903882,0.9371754285004421,0.14369377131101785,0.22256956575687142,0.3347717881031173,0.5364227458031172,0.13225942439611468,0.23602698650210124,0.031333868060103284,0.0799466326466823,52.95727848671839,95.02368185582965,9.486069586838754,11.638789442456908,4.405561293154841,7.3256832063095,8.44250132932546,19.061810543012452,1.341559367517012,2.5274518027051647,11.295527102678097,14.628478757197636,0.8689276673409873,0.9372037223600397,0.1437752138749276,0.22608165196846025,0.36957376447800777,0.6025543890111463
00-0040894,Malik Benson,WR,WR,LVR,2026,195,6,23.0,resolved,scored,0.7679420397916857,0.0654016127419493,40.95827111845615,8.442545884886242,3.650181821075134,31.45357826904811,6.4833859078744425,10.673225905558613,0.7679420397916857,0.0654016127419493,0.0654016127419493,0.6512757445171328,0.10118031282976228,50.680291030560994,9.082131056901128,4.407106241848691,33.00684427327358,5.914971665885456,10.648654923337979,0.8707263683640905,0.1256561099656745,0.1665819255717116,0.5062966327493275,0.09489714264432689,53.93212041820756,8.850164894748676,4.352996492006483,27.30565096476974,4.480808685487561,11.446153893407855,0.8886103824557866,0.14938303502825467,0.2614790682160385,0.43319299356417595,0.06492245671345584,51.1248724034578,9.05027699131245,4.663298019648797,22.146936522040413,3.9205165824516235,11.907800612355395,0.8961383425791174,0.1647214188126754,0.32640152492949437,0.3028361359740125,0.07342839900864331,65.40207826058476,10.060761339320116,5.16262796686285,19.806112665105452,3.046762088956435,12.22758675287377,0.8998626756007946,0.1759185160280349,0.39982992393813765,0.17689138608738636,0.04818048216798542,71.85047247862492,10.609755683985899,5.655300231156254,12.70972966777757,1.8767743889887916,12.929105418201612,0.8999515600056153,0.17757243084162588,0.4480104061061231,dg165_rookie_capital_v3_chain,inner_menu,dg165_rookie_capital_v3_chain:inner_menu:trend,12a85a78dd469fb63f936a1a721c1e50ac9fc44864694929747a009c3dd9281e,0.7251255784165198,0.8130266251222611,0.04500897510039074,0.09069186986515086,35.718132180114466,46.86781814505434,7.8947464692794425,8.984383848452925,3.258830195187748,4.071207513511004,27.383924285942747,36.11422239240636,5.897696641261461,7.0673258931971175,9.521862184395916,11.88364760532529,0.7251255784165198,0.8130266251222611,0.04500897510039074,0.09069186986515086,0.04500897510039074,0.09069186986515086,0.5873035316590441,0.7097122892663269,0.07567384689569825,0.13497679365781684,44.356968095106545,58.46192915530337,8.508681292416659,9.647026670441354,3.901839804061743,4.944564762842526,27.722181329973967,38.90268461307362,5.272018823270704,6.595180312968348,9.70784269607401,11.435185319564468,0.8393825139069785,0.9052852045521212,0.09734144770307801,0.1598711787340529,0.13075854583702556,0.22347716780160204,0.4417711515737016,0.5748814905549213,0.07041159498165041,0.12406980071951054,43.14012521477638,63.989934704041715,8.109949119976644,9.558120510311342,3.7371539514357672,5.086470080889945,21.24374413018886,33.91146983202266,3.813940798628273,5.24231226939664,10.251386531183819,12.421988034021757,0.8535111504572496,0.9208703460214417,0.1201773994328033,0.19205841052104006,0.20734887659677878,0.3394304280653461,0.37190978072795167,0.5077733867479161,0.04889018106447427,0.09567489357655388,40.10899294771183,62.52443654670428,8.119513191900065,9.877117184479287,4.0373465137118405,5.515187728587296,17.518590090715573,28.406287317174517,3.2935772112521344,4.695225370140525,10.65976037180021,12.99368071333628,0.8637436529814237,0.9329238760938221,0.13330673172637408,0.21043870863630493,0.2627639553734014,0.42496282233407895,0.24183347413442088,0.3784541479414088,0.05106828140123192,0.11038439358789653,47.84844478075036,82.83001387858187,9.065450048012869,10.943640723040277,3.951810328904109,6.294876090946077,13.912784861942745,26.975803320024585,2.4006991822952095,3.8335054528492605,10.756875909890574,13.64298201688924,0.8654109450078803,0.9360552868595033,0.1414442437188065,0.22035471368908852,0.32999205469461246,0.5300338671867869,0.13264214888845646,0.23416953736864984,0.03066720063911966,0.07901155015851138,52.60346862514511,94.8308305006868,9.491881114687045,11.632135705145634,4.410008988613971,7.318322751564794,8.415093356618076,18.80597121786272,1.3426813535349527,2.5157874351389733,11.290325023435171,14.624150293677454,0.8655874630329254,0.9361879755581994,0.1419611793389967,0.2239937475930143,0.3653049184128807,0.5929832540176336
00-0041399,CJ Daniels,WR,WR,LAR,2026,197,6,24.0,resolved,scored,0.7774906908953466,0.06698626115120997,39.60298597592521,8.349532309610746,3.4896456672256413,30.79095292794081,6.491683644052278,10.529317588225718,0.7774906908953466,0.06698626115120997,0.06698626115120997,0.6085887881969564,0.09485202160652993,45.14822044200599,9.022522977442295,4.0359457225549455,27.476700768049483,5.491006325320801,9.90175580587545,0.8724654049407283,0.12131318743807415,0.1618382827577399,0.4742896531245748,0.08367855746307618,48.19144619299564,8.851929975864474,3.8521860673214894,22.85670429844751,4.198378797735787,11.082984070999556,0.886972670355304,0.1389720724949739,0.24551684022081607,0.41076032548615443,0.05186690135929266,41.72884007685441,8.596904811456383,4.05926277121031,17.140551932128403,3.531267418527311,11.493579601303882,0.8963139408990214,0.1511530198931086,0.2973837415801087,0.281215198465968,0.05915391508771114,56.074060662634835,9.786701287460641,4.530756948148218,15.768878098035584,2.7521691448803884,11.688368626822337,0.9004813522348424,0.1596858321988427,0.35653765666781984,0.14599757671589847,0.03581109240057207,59.62234472064078,10.266205813203657,4.861320110163684,8.704717847333496,1.4988411707944036,12.622418332144132,0.9005608101876572,0.1609116190571962,0.3923487490683919,dg165_rookie_capital_v3_chain,inner_menu,dg165_rookie_capital_v3_chain:inner_menu:trend,12a85a78dd469fb63f936a1a721c1e50ac9fc44864694929747a009c3dd9281e,0.7265972593215482,0.8246697456569777,0.04803150052818466,0.09524857098309665,33.61455754713235,47.09510429390746,7.782565272107713,9.015997966548714,3.030912070085765,4.003336870503628,25.75326105503659,35.981558096352494,5.863966787210731,7.150927952339805,9.184874929271349,11.783725446166738,0.7265972593215482,0.8246697456569777,0.04803150052818466,0.09524857098309665,0.04803150052818466,0.09524857098309665,0.5344855999046161,0.6852416779464133,0.06616829466545826,0.12770994672858835,37.11539190698978,53.69926380795956,8.341691724238549,9.611565926164484,3.501336272634559,4.67178056919848,21.437445943675737,33.56607020983688,4.735165129379813,6.307278367437518,8.843153519894658,10.831700388952239,0.835540561283547,0.9145520417189381,0.0892893943544071,0.15780906239433012,0.12202340987387564,0.2165811349145343,0.39982797350935245,0.5514741793238168,0.05759976752359987,0.11554057212632847,35.9370792564502,60.358540088084375,7.950261519604047,9.718402310787878,3.1291088351393483,4.646689609940955,16.40099986565384,29.51042456742386,3.394889915903171,5.0781280646256555,9.776437277378852,12.163515287500475,0.8487248177235428,0.9268894118740132,0.1073362432028608,0.1816089631200253,0.18824179718288556,0.33104339562641305,0.3376888153103242,0.5044749784308903,0.03604911381347739,0.07963980626532907,30.325376955597786,54.33443661557725,7.486609481438356,9.419859751757718,3.237349474222371,5.0141229921724735,12.584153185311324,23.70536513477117,2.8635830822402,4.375082356546679,10.093769881819357,12.798117061435113,0.8612498004207709,0.9382060857147104,0.11767142806629775,0.1988830640929567,0.22749410512627738,0.3965965270760925,0.22200674500313003,0.3610340577299048,0.037842367771848705,0.10413347742832123,36.76425704069611,75.25276232788164,8.745352000137313,10.856264675323654,3.2445981835556688,5.867706797000122,9.95082883489232,23.89267831629543,2.081894006692297,3.5977640939638453,9.994295593972943,13.388590192017807,0.86575489354201,0.941689132976862,0.1232477975142115,0.21261166922917876,0.27788964259285004,0.4874435560721756,0.10255997576244869,0.2006516533683501,0.02068348793028707,0.06398794347899958,36.48157455317816,83.95503503757767,8.982254825198822,11.422936790587917,3.245030275868745,6.716771204622209,4.711995524572398,14.206047614731505,1.0258718082941358,2.0997655492689575,10.841060127432762,14.607373575497675,0.8657961693615221,0.9417203728368663,0.1233031984896577,0.21296682899655986,0.3035737029535239,0.545429175354246
00-0041104,Demond Claiborne,RB,RB,MIN,2026,198,6,22.0,resolved,scored,0.7990475507228706,0.1003242723418843,48.918561970361864,9.092691739006403,4.224367385735923,39.08825712730261,7.265493063531145,11.188962415902926,0.7990475507228706,0.1003242723418843,0.1003242723418843,0.7010690512003285,0.11328481426568734,61.38714069474523,8.898001325002504,5.553456834616277,43.03662448276611,6.238113346498771,13.140839750991997,0.8872493876934183,0.16295926722400966,0.21360908660757166,0.578361839281857,0.12714824523675453,62.67016559745067,9.2864524009907,4.994791528277158,36.246032243040126,5.370929691040399,11.455322664701209,0.9095675144854826,0.19366011840939665,0.3407573318443262,0.5121718199608194,0.09482685680311685,61.02831860047921,9.11104204910553,5.299928769066224,31.256985006756164,4.666418988029933,13.438421993786903,0.9129123246840991,0.21691758094794236,0.4355841886474431,0.4228874562967482,0.071330259163849,58.68027385171169,9.023298511654371,5.222207880089542,24.81515174394694,3.8158397549997507,13.74569355921102,0.9184838546405195,0.23219754104511428,0.5069144478112921,0.24058408796729114,0.057452496571175266,67.00799353794778,10.072529513295608,5.284792962254796,16.121057011845306,2.423290326479847,12.972541749188343,0.918569835541123,0.23744356828072388,0.5643669443824674,dg165_rookie_capital_v3_chain,inner_menu,dg165_rookie_capital_v3_chain:inner_menu:trend,12a85a78dd469fb63f936a1a721c1e50ac9fc44864694929747a009c3dd9281e,0.7527080379401565,0.8425711588319952,0.06836103391382373,0.13001171951850762,42.27459046773568,55.19135946118753,8.436921999890451,9.60647846164815,3.7489441836407726,4.621071097946219,33.51712041515475,43.675023441632355,6.687679724899084,7.793232775508902,10.29841291681549,12.059411954320522,0.7527080379401565,0.8425711588319952,0.06836103391382373,0.13001171951850762,0.06836103391382373,0.13001171951850762,0.6348739913581175,0.7551569272736279,0.07740382768686534,0.15284927965542172,52.39451041809392,69.16675346426152,8.26964519731011,9.506410633878312,4.914270637156527,6.142585412269901,36.00541448396379,49.634370707258824,5.556931179088452,6.888137910147582,12.069398186350927,14.223632971698962,0.8488107762435299,0.9198338310397026,0.12544393822608282,0.20076868519630742,0.1602891847236701,0.2723393808319806,0.5099703362508964,0.63968627740874,0.09565905389386373,0.16975694851976314,50.94563204245455,74.54871501175,8.552547238834354,10.015849853615018,4.316999174203381,5.730267586642387,28.189555924836803,43.67067422142551,4.644012494567121,6.045960801803027,10.618793196366521,12.38893647558725,0.8644824944521539,0.9425791457862784,0.1541211633417961,0.24083094125059293,0.25786921878178914,0.4201164712349522,0.44865280901639726,0.5787186372855847,0.06744331259101505,0.12907777889657254,49.84563247083023,73.41353789020906,8.191716787552732,9.77947600549979,4.516577759434127,6.1925529406898665,23.710322304135584,37.98114277208917,3.8681235608646363,5.2906917755164065,12.260554803148905,14.688563032985538,0.8681467888506668,0.9473844517073253,0.173506823331777,0.2624639065710556,0.34043526739390084,0.5403569425688097,0.34718322432226917,0.4943924063251258,0.04743503320878466,0.10295336039880065,43.928811648407766,72.73425519583952,8.05383587833703,9.823487394199146,4.25249881397867,6.194861258067169,17.696788553150526,30.449267815628726,3.083583557783713,4.379116660436434,12.398090132767095,14.878304141944646,0.8764470840420668,0.951459802238428,0.18675288704791054,0.2766225883465865,0.40064752894419553,0.6213210855274011,0.18121530574465633,0.2976778762090972,0.02959157422505264,0.08739852287184371,49.68411873864154,84.88817847407175,9.011265147727343,11.136307168632799,3.9988194768013456,6.487964941767956,10.173601615789053,21.595319123700378,1.7817935804499463,3.100105814905821,11.487442317188991,14.898129408141457,0.8766409898031182,0.9519225293089154,0.193964231646603,0.2861476582235923,0.4498822036963331,0.6906039174029903
00-0040895,Emmanuel Henderson Jr.,WR,WR,SEA,2026,199,6,22.0,resolved,scored,0.7548316077926369,0.06257883805280644,41.336121170717455,8.520140750112606,3.748758428787781,31.201810803203912,6.431271541027062,10.78619160167435,0.7548316077926369,0.06257883805280644,0.06257883805280644,0.6854152467875125,0.10537205690208169,55.44110316981487,9.13494211653531,4.718237606243403,38.0001774113106,6.261228605194692,11.364040380920896,0.8645715822488347,0.12757252026088922,0.16795089495488813,0.534142506687082,0.10752035411510644,59.00938957243597,8.843259991830724,4.810436369097371,31.519423264295504,4.723561059322047,11.784332838823092,0.8875598068018361,0.1603648142189267,0.27547124906999454,0.45472004956209255,0.07937043939260778,59.85449607189035,9.502881746204537,5.216887832740467,27.217039420324056,4.321150858616831,12.305653888071951,0.8937415947448001,0.17994230268070827,0.35484168846260233,0.3249076081332634,0.08905160214004298,73.95346091368422,10.318717001611725,5.741395221359632,24.028042098641926,3.3526296599977052,12.741223074254068,0.8971612011327225,0.1944333780826983,0.4438932906026453,0.2138955421922124,0.06294668125627098,83.6929670608393,10.952702640034069,6.430100454128837,17.901552567153196,2.342734269660163,13.226834415819258,0.8972655002523306,0.1966328029133465,0.5068399718589163,dg165_rookie_capital_v3_chain,inner_menu,dg165_rookie_capital_v3_chain:inner_menu:trend,12a85a78dd469fb63f936a1a721c1e50ac9fc44864694929747a009c3dd9281e,0.7065954456581313,0.8025235226355645,0.04336632268715531,0.08935782914512427,36.360241793431825,46.330830583904884,7.974992473855635,9.054693302756501,3.397933807542834,4.147256161851283,26.84864450948954,35.69283670705069,5.828003239637177,7.046017697007363,9.633660950660127,11.867797644340033,0.7065954456581313,0.8025235226355645,0.04336632268715531,0.08935782914512427,0.04336632268715531,0.08935782914512427,0.6279965947006604,0.7394819084929704,0.078402021768306,0.13914409041511133,49.01525134988373,63.46052356900847,8.63360738253944,9.711903792051299,4.260625807001739,5.235081282159464,32.57475457174027,43.915094715158034,5.663322742981967,7.02571113114399,10.494695025074671,12.240191585469303,0.8298766575940394,0.8982670010397639,0.09984815466080205,0.16491879274440438,0.13186105764794387,0.2243667883880988,0.4737843416283418,0.606904781075221,0.07979886958186401,0.13665293360341482,48.67305192320108,69.47794553395309,8.17489922788204,9.467522615855978,4.207616264410136,5.524205251059882,25.22685028701536,38.923583029858044,4.1328379394574215,5.486279094391302,10.727902645464042,12.782968430934798,0.8516254322832418,0.9215042891490562,0.12806945892708993,0.2036620662271796,0.21639659920705687,0.3530368260002232,0.3877259530239795,0.5211162039055878,0.05793726784491484,0.11335865780500327,50.36581826697096,71.88007836913391,8.65248442368627,10.323433505216013,4.610705169675346,6.04234312936675,21.997851361142285,33.695714684454984,3.6690146305608624,4.993575027180935,11.124143522234823,13.452365961334875,0.8557079448384313,0.9275641997443564,0.14682121405625295,0.22355339304332392,0.2812806251648873,0.4506236171181415,0.2605517802209482,0.3964139509864849,0.06482967674786565,0.12529359697646383,57.68044260479978,89.70305726135578,9.418375452997669,11.179944750242493,4.52656000724632,6.883596485063531,18.240561804636425,32.206632766303834,2.682155120531709,4.182408108926522,11.412068446372073,13.98307121280104,0.8659754278671871,0.9358407831127057,0.1586551808201695,0.24339948191278257,0.3499800560009921,0.5654721627769383,0.15972196464794491,0.2763402631581682,0.042542004235883994,0.09638189623802314,65.65056935402022,107.63363227972815,9.871410671604632,11.886268601601804,5.332104869666177,7.937692001694517,13.057671414576099,24.715330050343173,1.8038004535588854,3.0693410330863804,11.670240183734041,14.873749539592762,0.866070601660365,0.9359951811990785,0.16159490327479592,0.2502465486361785,0.39823785226985575,0.6504932571523502
00-0041106,CJ Williams,WR,WR,JAX,2026,203,6,,resolved,scored_age_imputed,0.7526762919579022,0.061779602933861005,40.698545099071445,8.510083201861232,3.708342523506539,30.632830013250548,6.405337868630143,10.766007883002429,0.7526762919579022,0.061779602933861005,0.061779602933861005,0.682798418351744,0.10429384644056394,54.93801510061781,9.130508454144998,4.679080885612269,37.51158981808607,6.234296731237432,11.343484176555767,0.8615288621739313,0.12623986361167466,0.16607344937442495,0.531386180172204,0.10664258583236072,58.57665372810382,8.839907311508314,4.782145975560796,31.12682427184698,4.69740457933874,11.768031413450865,0.8852614665449015,0.1591172501880171,0.27271603520678567,0.45315836602372533,0.07838810353528385,59.41980100250193,9.502381158698842,5.183982524939388,26.92657993174869,4.306083519210601,12.294977295323756,0.8915605968238047,0.1789455717110744,0.3511041387420695,0.3239816075746606,0.0880956154386427,73.44686578305087,10.308212188003997,5.7067558987931655,23.795433647713153,3.3396711558902448,12.724536189682183,0.8950650110223273,0.19338491162201166,0.4391997541807122,0.21309163480843715,0.0621246185068571,83.44142044894528,10.952309361737111,6.417589501579773,17.780668694203907,2.3338455068203117,13.220991099067298,0.8951733556094015,0.19558406823636,0.5013243726875694,dg165_rookie_capital_v3_chain,inner_menu,dg165_rookie_capital_v3_chain:inner_menu:trend,12a85a78dd469fb63f936a1a721c1e50ac9fc44864694929747a009c3dd9281e,0.7040251482215334,0.8008985098811501,0.04272342227285703,0.08816798853498357,35.617186425269345,45.638892251174155,7.9644237448063295,9.044076300437196,3.3580824691263835,4.115542273585852,26.326288887885948,35.12565178512626,5.793188320729459,7.030563250182826,9.615083748295627,11.845934821161004,0.7040251482215334,0.8008985098811501,0.04272342227285703,0.08816798853498357,0.04272342227285703,0.08816798853498357,0.627107889212477,0.7368624325764277,0.07795179935270265,0.1372729155005428,48.55104513517034,63.074419724367154,8.62494444294872,9.70170303436021,4.225999418468249,5.191325114781753,32.04120657626243,43.3816482800394,5.6361219465520485,7.004919357531768,10.465803219713806,12.221017096096338,0.8256813740422446,0.8957912023544359,0.09863220108477945,0.163571764246598,0.1303356806473452,0.22171354314607034,0.47121673857959184,0.6057936989760386,0.07888173380564224,0.1359052864127968,48.408182972526944,68.91991325172347,8.172934872867476,9.463437123949573,4.177548211559708,5.50103149673803,24.819034010913015,38.56039283308003,4.115899855829794,5.442038174366094,10.709127494090348,12.772359781105692,0.8485145377725594,0.9198250200061492,0.1272500191321673,0.20241746524724552,0.21346420775335573,0.35023962726800933,0.38567940956344215,0.5190448295805463,0.05720722044686514,0.1120974543908957,49.81297087950574,71.44370724843775,8.654720038868543,10.327490025401254,4.577402136138277,6.012426069914711,21.772560704096566,33.345147735535505,3.64898502445866,4.971602461667847,11.118361133544774,13.43548343599242,0.8518665644363586,0.9259205815575128,0.14553291598869736,0.22238617236113828,0.2788180789175141,0.4459485259214294,0.259765751971299,0.39695264123844176,0.06433813600438296,0.12389064814444832,57.24686966476811,89.2140283572353,9.409162398055393,11.165211981596903,4.5065647529972805,6.854359998231209,17.96317659939686,31.819505213844902,2.665318979579043,4.1745142556723325,11.390723403267282,13.980985516550183,0.8631943238690223,0.9352247973705443,0.15691705672208478,0.24229160021125618,0.3453033518904656,0.5600099595163728,0.15810310702917235,0.27674412256547476,0.041745883226304424,0.09532111929637654,65.43476406044026,107.51833984344987,9.874825419094405,11.884847716994484,5.305207619457425,7.9408376711018995,12.938422714544004,24.56432182642283,1.7918923838863545,3.0488310785037016,11.658288563212547,14.884384192969216,0.8633051102826643,0.9355102188460496,0.15973782870402634,0.24915065754275897,0.39473264017074855,0.6433798107905322
00-0041467,Lewis Bond,WR,WR,HOU,2026,204,6,23.0,resolved,scored,0.7632172407026147,0.0635456194707769,39.51274140603743,8.419743139491619,3.5585497876026286,30.156805468511838,6.426093126347563,10.627464832731587,0.7632172407026147,0.0635456194707769,0.0635456194707769,0.6457302120201666,0.09886034788765101,49.53967615442513,9.072078937624624,4.318329065868648,31.989265586607328,5.858115455856036,10.602049340873705,0.8640929778815608,0.12270925591031916,0.1624059673584279,0.49997141578577575,0.09268878696574992,52.95101000891036,8.842563607250899,4.288855746687164,26.473991441441694,4.421029045893008,11.409194860943707,0.8833260555532055,0.14631098410134427,0.25509475432417783,0.42964907072753483,0.06281796848405619,50.13931998612717,9.049142045781512,4.5886942159019855,21.542312238950053,3.88795547085149,11.883594352535974,0.8911859498060424,0.1621087018085377,0.317912722808234,0.30061339252615527,0.0713829835690509,64.25351207991459,10.0369445418136,5.084092757944779,19.315466248063423,3.017239949311463,12.189753796887693,0.8951248799733358,0.17322241357248194,0.38929570637728494,0.17491352506435665,0.046548945592592865,71.28015919724294,10.608864032795111,5.6269350611873685,12.467863912338284,1.8556338049046595,12.9158572924333,0.8952218204559166,0.1748776006555432,0.4358446519698778,dg165_rookie_capital_v3_chain,inner_menu,dg165_rookie_capital_v3_chain:inner_menu:trend,12a85a78dd469fb63f936a1a721c1e50ac9fc44864694929747a009c3dd9281e,0.7200964495242019,0.808612157799861,0.04350161055748836,0.08832100357177348,34.216216416776426,45.52418613206905,7.879966356709233,8.965648746475008,3.1579543178323513,3.9669925502716032,25.974324233822227,34.789242485376114,5.863265127966853,7.029590829800017,9.469677334521995,11.848447554309177,0.7200964495242019,0.808612157799861,0.04350161055748836,0.08832100357177348,0.04350161055748836,0.08832100357177348,0.5815506987531007,0.7091474247822896,0.07341041284448976,0.13070865847787408,42.92790334570919,57.7090838420207,8.493492106342702,9.635193697781936,3.8069084065873553,4.86511929473341,26.47585450098459,37.59758209813517,5.210711973124643,6.54932376394426,9.646139615355048,11.396739154909959,0.8305510475454825,0.8995306208886082,0.09431523701177617,0.1566701139747853,0.12742552215577585,0.2187441605580458,0.43526980427819806,0.5639927794907882,0.06913047468903308,0.1228883559353219,42.147376387636754,62.917157908345814,8.10743211050854,9.558083935054416,3.678576260753386,5.019995754573258,20.277228792307238,33.03578312016004,3.7696714375924287,5.181373206530622,10.201393834140324,12.406280173591288,0.846278446175775,0.9154045802863694,0.11797763122754715,0.18837508767519112,0.20244417781504379,0.328919188757355,0.3664733992935609,0.5029910866792707,0.046767404977976046,0.09189934400691413,39.38469566595235,61.51527713493995,8.113202301067835,9.914314924274137,3.956651163346465,5.428577047748935,17.057050527391656,27.55126258060855,3.2611765424865427,4.668302012501779,10.640343203699105,12.961694967494966,0.856681777829947,0.9287467732416131,0.13154394779352604,0.20729753159470143,0.25557662931323866,0.4120680874063816,0.2371217371695522,0.3739670813222594,0.0489160210485576,0.10733165285244763,46.631180786341325,81.63019767317614,9.041411161529838,10.923337754397725,3.8891141093898933,6.256093298190382,13.533869315645621,26.215753966994537,2.3804825009805395,3.799888825200277,10.742113022949583,13.607576664701538,0.8600326208663476,0.9328540274502789,0.13986741424361696,0.21649686088779302,0.321588818579585,0.5158336653692349,0.13130196468056876,0.2315790933602339,0.029306665302708885,0.07698964286837084,51.80137011145574,94.41099636515979,9.495733446477054,11.617650631654538,4.366441996466792,7.29040581212993,8.262359444793184,18.437317448698867,1.3472416429862468,2.511795582775818,11.279000184984962,14.614727301866951,0.860042546018392,0.932864159441117,0.14082365017245543,0.21982377252995142,0.3526833525638919,0.5749864506785151
00-0040900,Anthony Smith,WR,WR,DAL,2026,218,7,24.0,resolved,scored,0.6931823584872976,0.03930104761610572,33.36422294671709,7.514859848238008,3.035367039414993,23.12749075130137,5.209168273303118,10.515006386313516,0.6931823584872976,0.03930104761610572,0.03930104761610572,0.5316914403381285,0.05830950692484446,36.18170438912408,8.281886596251573,3.484345962236895,19.237502520541767,4.403408213078039,9.9041581105027,0.823065816118925,0.07563244427757536,0.09761055454095019,0.39996614978699224,0.053115012159403265,38.529463464874716,8.174856991712666,3.1449170393681136,15.410481155404526,3.269666076034589,10.910499656188339,0.8418327476512647,0.09009592290945138,0.15072556670035345,0.3392311925504954,0.03501149121166807,34.181865197773206,8.165079834324896,3.565720974159537,11.595554894640879,2.7698497694680357,11.301779868716968,0.8515817707511822,0.09914803331081283,0.18573705791202152,0.21694722005341927,0.04359715904322149,53.4695092473709,9.676895221379436,4.243176805683873,11.60006138883771,2.099375517026486,11.552060123326646,0.8548341729114152,0.10697914670866193,0.22933421695524303,0.11019791961523279,0.02486592044893501,54.147871252817836,10.087506759635561,4.323410462497909,5.966982763653994,1.1116222590164369,12.577381499488467,0.8549544512344254,0.10772841287383929,0.254200137404178,dg165_rookie_capital_v3_chain,inner_menu,dg165_rookie_capital_v3_chain:inner_menu:trend,12a85a78dd469fb63f936a1a721c1e50ac9fc44864694929747a009c3dd9281e,0.6292457745015227,0.7610566003971211,0.025857088866194058,0.06079120666830792,26.20672643312612,40.85649643964399,6.87583539454909,8.14808453200268,2.5042450929028277,3.6003125032636114,17.71083799884313,28.818727451985193,4.481246171918736,5.900393920562977,9.039974599114652,12.023879815803324,0.6292457745015227,0.7610566003971211,0.025857088866194058,0.06079120666830792,0.025857088866194058,0.06079120666830792,0.44352944863395466,0.6164049077855405,0.03947801341377097,0.08659422414054042,27.09285236196299,45.73231287674381,7.550034771983318,8.95075137294844,2.781179160505268,4.140600040434881,13.597345886386945,24.82840848873912,3.663168874678332,5.200241053164699,8.669205827758075,10.983134627099371,0.7735855818595918,0.8848893898087979,0.05422899754381439,0.10610294010902635,0.07126952304056879,0.141638011086414,0.32116893142040875,0.4937314143258423,0.035036985234317745,0.07666572921345904,25.86042612733437,51.60786224104092,7.201261517840592,9.062939743533887,2.3647586827306672,3.9494290441487765,9.967454150225741,21.86967651073874,2.520303141885322,4.225586779326307,9.49127103321813,12.056098510085995,0.7915497328191388,0.9010249047368672,0.06721851525961961,0.12494425617584953,0.11366524137541908,0.2150774060913798,0.2675636064558575,0.4353876665004437,0.023725745385332002,0.06043047747266386,21.362693657530173,47.86763944538717,7.062798222046688,9.069738517659289,2.643949017965596,4.587526877750681,7.612527891063403,17.890739519659437,2.085952392111094,3.629759270730385,9.662152346537528,12.652392721664706,0.8059476611794969,0.912721373396418,0.07920746137916888,0.13538835250861336,0.13973348799278554,0.26485314099244234,0.1631672393293948,0.2971005726191615,0.02836017037229506,0.08249254105019863,32.82484419406689,72.29424298344158,8.465177401662963,10.750635267739323,2.664651529006455,5.65460247528647,6.373687137209382,18.676093510571604,1.5093048876586583,2.9125133681427267,9.738206913407508,13.342646268755546,0.8063996765398089,0.9146949973794305,0.08365174830793207,0.15006311551017515,0.17935629074000034,0.3424155507567906,0.07400386873764332,0.1643005943752886,0.013606655367997362,0.04817074849427137,29.500957903552347,79.12008077740916,8.74933945719143,11.425357517321974,2.7769129165426554,6.324624569599908,2.857729025643549,10.536406875193201,0.747134723483717,1.6697261014753784,10.555495583424316,14.604709590049046,0.8069093586182119,0.9151809511261966,0.08464287811377998,0.15099470882846538,0.19571128471258298,0.3883074508104653
00-0041116,Jack Endries,TE,TE,CIN,2026,221,7,22.0,resolved,scored,0.6664361683272712,0.012087508517325337,27.379525429384167,6.046417052811789,2.9778362019100846,18.246706017777868,4.02955101278456,9.47911146805551,0.6664361683272712,0.012087508517325337,0.012087508517325337,0.643540934386892,0.030783287579063595,30.60678676610216,7.127425587935569,3.0221780353296746,19.696720154037745,4.586790122633099,10.649477658855822,0.7937105359959385,0.03471776112886153,0.042870796096388934,0.5730985990763543,0.036490246717957676,31.995817032899595,7.445985582497091,2.9322473137945693,18.33675791785811,4.267283906071815,11.957234086301625,0.8341579736116449,0.058505702163418355,0.07936104281434661,0.5030029703025808,0.04418504585307668,36.33831455868189,8.372139536405767,3.3207650712456944,18.278280158806503,4.211211054599772,11.751541340105131,0.8597427097790841,0.0693709959143986,0.12354608866742328,0.383416557025973,0.029838170005875367,35.52770832830091,9.038581853527818,3.3149418583476447,13.621911606260122,3.4655419346770735,10.784133674268384,0.8604813950399935,0.07510893613719305,0.15338425867329863,0.35260551381551974,0.026951598096047736,36.63493179793867,8.477875174868565,3.4303541972470626,12.917678950208687,2.9893455320983695,10.065500987829491,0.8606363873134011,0.07696056999327601,0.18033585676934638,dg165_rookie_capital_v3_chain,inner_menu,dg165_rookie_capital_v3_chain:inner_menu:trend,12a85a78dd469fb63f936a1a721c1e50ac9fc44864694929747a009c3dd9281e,0.5928026692274949,0.7345129649078538,0.005201856479334715,0.02168395600984166,20.830632269509262,33.82386018104785,5.392024697025439,6.750424635797304,2.4858228092559655,3.468102628357318,13.555728487946224,23.283830345845786,3.341035245401412,4.664322783542084,8.22399271896029,10.709298725374067,0.5928026692274949,0.7345129649078538,0.005201856479334715,0.02168395600984166,0.005201856479334715,0.02168395600984166,0.551269720181274,0.7307996035909698,0.016966825484308945,0.04988701889811869,20.803781915163093,38.478906974824035,6.469529370106777,7.95242554168011,2.4456644274181505,3.541730881007614,13.559280829320155,25.174380302000376,3.867867599095582,5.333139972830827,9.302667687599566,11.951393927485288,0.7331221605801667,0.8541189714737405,0.020790501929131358,0.05493143586808233,0.025739326430034362,0.06812341045979028,0.47388198645424473,0.6675492307562342,0.021244473555435996,0.05907831110920292,22.317123242657026,42.74095684934949,6.722158467058173,8.328673694025902,2.2840515654348374,3.6396554376069745,12.400725030779029,25.136394198614905,3.4217388737124,5.126637788957906,10.35282035566558,13.346456782909726,0.7720665679354233,0.9076520163126319,0.03575001437979582,0.08599840518660028,0.04790557712042641,0.11418609334802472,0.41118563560040344,0.5897667425332411,0.025582315965436468,0.06992964296318192,24.555131764760294,47.87233263059679,7.308431794483784,9.287655911843148,2.4660611281843114,4.170786960741747,11.718690874387395,25.06994669946886,3.3392180918493772,4.956719052166696,10.2950941053443,13.249591084192001,0.7876757854419728,0.9224788143247098,0.04573572138203205,0.0990773973494983,0.07652366452801948,0.18567630526679066,0.29167748626209156,0.47305118528674545,0.016144613153937525,0.05067482420245657,18.136690600162634,52.208326547686326,7.840647830886054,10.014888312757192,2.040185944667064,4.328045221415685,6.896751538982652,19.43432334500057,2.543350585445166,4.30027356833769,9.233054108358711,12.269619462607308,0.7883026109385044,0.9234830476830942,0.05065293233292335,0.10849457067422533,0.0973766476971144,0.22399641159586098,0.24758730540324284,0.4545215249490752,0.015042394442891193,0.047688432317949475,19.509625576412173,55.27551612600726,7.273319256076469,9.714254006164985,2.2716852226045203,4.63626189917624,5.863259007232315,21.20393561686979,2.0659341928712616,3.9216933091541053,8.420318786026332,11.482164352677504,0.7896976151192036,0.9236606675692234,0.052453602325445506,0.11117049216677989,0.11580419778080799,0.26781090470061725
00-0041117,Athan Kaliakmanis,QB,QB,WAS,2026,223,7,23.0,resolved,scored,0.30772063401729216,0.03335061093028308,33.836959959453196,3.637064628214275,4.6401007232982225,10.412330771940667,1.1191998333559636,12.234121849754535,0.3077206340172922,0.03335061093028308,0.03335061093028308,0.32402288605661,0.03558114036262362,38.490666405840955,4.2782817723290325,5.42513961495103,12.47185681506279,1.3862612072334417,13.678440629948021,0.5070352689335966,0.052195742298124674,0.06893175129290671,0.23776573069690732,0.045820086124653894,22.12181126143588,3.131295843151329,3.829337323445401,5.259808618914375,0.7445148441750642,13.706293758865078,0.5759873368291835,0.08675617726911947,0.1147518374175606,0.22492943817735783,0.037736885671854306,41.24362325011046,3.97536354775458,6.333580878569109,9.27690500604596,0.8941762893471857,14.634123442760485,0.6033225383696956,0.10448063596097862,0.1524887230894149,0.16574788219967548,0.027149928681870595,45.18274411954403,5.013745565695782,6.679253754624446,7.488944149784264,0.8310177094020897,14.769722487437763,0.6111649527028713,0.10650288720240014,0.17963865177128552,0.16863410657087274,0.040022769023794376,61.18557874464391,6.1401286241893285,5.524166452342981,10.317975406624807,1.0354351047704096,14.696115326055034,0.6191415698603102,0.10665439510336766,0.2196614207950799,dg165_rookie_capital_v3_chain,inner_menu,dg165_rookie_capital_v3_chain:inner_menu:trend,12a85a78dd469fb63f936a1a721c1e50ac9fc44864694929747a009c3dd9281e,0.22647414146307365,0.3926657445514082,0.013205254963514152,0.06273257195813838,20.757874444566404,45.93810432919403,2.82263707673955,4.514039867023093,3.5231297691818813,5.677574293261455,6.073726183223384,15.545905333358725,0.7160325825982085,1.53927639690755,10.628369008571504,13.984170057100846,0.22647414146307365,0.3926657445514082,0.013205254963514152,0.06273257195813838,0.013205254963514152,0.06273257195813838,0.2388530343875907,0.423434397192824,0.01891664817096916,0.06056267983940454,22.49156768529975,56.51346163556439,3.3978579120442483,5.324216864038759,4.201253189718662,6.593919617936549,6.688181711249108,20.00210531447145,0.9533416309482545,1.911274688912615,11.963870522691863,15.11222445921194,0.41750911146387343,0.5987858071163544,0.03036378137798283,0.0886122607415092,0.037954256255231675,0.11999023752198772,0.1550646914292968,0.3473448071755448,0.01618339471880129,0.097305890420993,2.894470370994339,44.43574076356627,2.0983167026157283,4.395442532355922,2.417647455382205,5.45823642812873,0.6735871925308846,12.39515898142547,0.40484620437824786,1.188431757123467,11.913179023037031,15.664589561293818,0.46272262952319276,0.6874479058224973,0.04576540106770809,0.14232568144107477,0.06531380572759522,0.1930645007824336,0.15620129292037058,0.33602692258936967,0.018797768947805858,0.07465630015579673,20.029197217090317,60.5470976405149,2.8408629422637386,4.996921269717598,4.6462130244830115,8.002054544300917,4.33874794367683,16.936506900424412,0.5719500291714329,1.4439314834795849,12.619372544849487,16.556461484165567,0.5048464362227819,0.723321193809852,0.057187313507197676,0.16355959398467262,0.08769452961090353,0.26112574914986464,0.11505648778178296,0.24146298445685027,0.012174930506240054,0.05286610898985572,17.49946882251803,70.86745873816533,3.547159279286659,6.269593720920543,4.678005307357476,8.595044404450594,2.416846865030544,13.492243491118247,0.48587196181791814,1.3365875977570578,11.827267892643787,17.516924997710383,0.5108626912384474,0.7289209439901947,0.05861865675825545,0.16648967199283196,0.1037648180615258,0.30347280422301204,0.11145767934654117,0.247645070838948,0.019720382549647714,0.06749871591917363,26.87072023467381,94.2826212440175,4.529363914523486,7.77901228144765,3.5221983902511624,7.766645359384226,4.469688961497555,17.553286555862776,0.6537930850315501,1.6317487867488991,11.971450179471297,16.851535358119555,0.5307429204994814,0.7526588781372127,0.06093013164393371,0.16671624663990683,0.12838412065292135,0.3626219424639662
00-0040901,Jaren Kanak,TE,TE,TEN,2026,225,7,22.0,resolved,scored,0.6638893501766991,0.01187699245550821,26.916293688072606,6.026090522258195,2.951043267833812,17.86944072573971,4.000657320927958,9.465609038378737,0.6638893501766991,0.01187699245550821,0.01187699245550821,0.6399834008343691,0.030092320802296416,30.179977611795763,7.114678178180516,2.9875957615252977,19.314684709102174,4.55327593631404,10.642566321355764,0.7895775767186219,0.03396565158686832,0.041969313257804626,0.5704445880768254,0.0359592736754176,31.617036045969023,7.432856121258401,2.9083514701386237,18.03576710345294,4.2400325483255585,11.963657569908285,0.8311874308648557,0.057568595458416014,0.07792858693322222,0.5010204029105503,0.043556685112075076,35.90346428959413,8.359408169295603,3.286736882544539,17.988368144257006,4.188234049074229,11.752423681286242,0.8571333486958531,0.0685013414923526,0.1214852720452973,0.3816941662607336,0.02924112736971485,34.917254219557215,9.013757149579625,3.279023436925681,13.327712237447974,3.4404985200855216,10.773988815894906,0.857886921041449,0.07417758226561666,0.15072639941501215,0.35228125697696006,0.026494878108965378,36.245765625006015,8.452997875104312,3.4146966853632303,12.76870387446941,2.97783271666532,10.049030380164059,0.8580473776027411,0.07601466807060121,0.17722127752397754,dg165_rookie_capital_v3_chain,inner_menu,dg165_rookie_capital_v3_chain:inner_menu:trend,12a85a78dd469fb63f936a1a721c1e50ac9fc44864694929747a009c3dd9281e,0.5898834484822583,0.7320797229435096,0.00507625730206632,0.02149121298643227,20.459753271351435,33.26956282638374,5.366908785287666,6.7398789292439485,2.4610977350286953,3.43346977253568,13.200745917099248,22.91584724793002,3.3011792089814307,4.631699116730298,8.207645330791646,10.702458564525761,0.5898834484822583,0.7320797229435096,0.00507625730206632,0.02149121298643227,0.00507625730206632,0.02149121298643227,0.546978997449602,0.725754153649215,0.016444700991172595,0.04879322583072796,20.552015590406455,37.96582164675798,6.440827614597988,7.933993805761866,2.4107539451679685,3.4980299914750317,13.219797838309892,24.712684353327713,3.828830104813282,5.290617972933412,9.298288054687664,11.95413944967847,0.726947608043511,0.850867973307361,0.02023323045412605,0.05392582783018901,0.02494933731021873,0.0666229672896031,0.4716817717117481,0.6654423485352137,0.020951626933582254,0.05783148521629416,22.047283549434734,42.290790647327505,6.716854825355276,8.324664452196085,2.2560883679102934,3.604756329791985,12.139331504683042,24.71020012459078,3.399680718618725,5.082603984284378,10.356605475377341,13.365660195682356,0.7693864453278608,0.9055432712490376,0.035064321655790036,0.0843457007705093,0.047028219967128006,0.11206867100601935,0.4095651471493144,0.5880259358607706,0.025150017162860364,0.06968364338207,24.258612067541957,47.51105038657417,7.30546864928019,9.27363816163804,2.4287218011808758,4.138069815871368,11.49803982566137,24.86693559896831,3.3070872164174507,4.948141530758151,10.29885579069923,13.254607800370808,0.7836093835503083,0.9204642469556691,0.045231606697031836,0.09768722829992081,0.07468878057063692,0.1823089965347436,0.2907260530608908,0.46994461630194434,0.015687188940079318,0.04983978728714772,17.432731808012747,51.76978873994822,7.82095227962772,10.002469388949748,1.9889729143274106,4.29941268120673,6.626638028256908,19.018187129516072,2.523871758586589,4.248307470688511,9.216144173422844,12.265738951656017,0.7859423698818842,0.9211056489011292,0.04987588400185079,0.10702779835185053,0.0957016649476673,0.21953201180661355,0.2463295357039974,0.4514539818848627,0.014694334218947768,0.04678451039712454,19.085462825075684,54.71680599876414,7.241636179328075,9.686107428818223,2.2646208097047276,4.624428628594882,5.69779011945835,20.854639352759254,2.055423362944473,3.9017098863189372,8.376957376050294,11.47202653072801,0.7879768724572233,0.9215469612133216,0.051596137378101696,0.10963931399952889,0.11318720965811735,0.26231910753860305
00-0041123,Behren Morton,QB,QB,NWE,2026,234,7,24.0,resolved,scored,0.3151574612123939,0.03408054830060885,31.510460371981107,3.5045513807558626,4.4215696796673285,9.93075669246731,1.1044855158474072,12.065744785095617,0.31515746121239396,0.03408054830060885,0.03408054830060885,0.2893154971875552,0.030222366225389746,31.8476707187954,4.171836490810541,4.991048533874042,9.214024688273835,1.2069769485240374,12.916489331282776,0.493401421980992,0.04810762035544489,0.0643029145259986,0.20822300098023294,0.029186228024010358,15.313034770440098,3.0802558812095118,3.271183677031614,3.1885260540156897,0.6413801233724564,13.326083731082184,0.5527632705161029,0.06791501133522634,0.09348914255000895,0.20915380667455755,0.027206717403766206,31.02632710393089,3.4717957549214615,5.689738701684881,6.4892744209171465,0.726139298138393,14.220590412698572,0.5880407932455285,0.08179262664434445,0.12069585995377516,0.14428656818704172,0.018335478412420184,34.78748952825303,4.684257132350709,5.997188400877499,5.019367479874281,0.675875386132557,14.22519388151737,0.5972408233137658,0.08330834050840638,0.13903133836619536,0.13131588024908064,0.026760732117166845,48.46487848748296,5.7630425995509125,4.694665564236033,6.364208179748557,0.756779011872978,14.382588794027685,0.6050518583402402,0.08343978135878424,0.1657920704833622,dg165_rookie_capital_v3_chain,inner_menu,dg165_rookie_capital_v3_chain:inner_menu:trend,12a85a78dd469fb63f936a1a721c1e50ac9fc44864694929747a009c3dd9281e,0.2306294414743421,0.4068728761947122,0.013928964326389657,0.06514163972993267,19.77157715929599,44.42750856554599,2.6722643306066427,4.380978144434771,3.292020207025917,5.499397609716459,5.522626319688969,15.481808361274965,0.689311836403105,1.5126079755182336,10.530507445253939,13.806156899358907,0.23062944147434208,0.40687287619471213,0.013928964326389657,0.06514163972993267,0.013928964326389657,0.06514163972993267,0.20735098079816058,0.38124384880664003,0.015796656302722444,0.054707537771889726,14.892728094199287,48.94929403334522,3.288307718306997,5.29178111694328,3.6969258668874954,6.236537723616886,3.90811686750538,15.162797131810663,0.8327382738293388,1.6959682812387582,11.192757345390643,14.352983414279372,0.40696718642268265,0.5803736200075509,0.026839431537438767,0.08180011383361203,0.03337770352226245,0.11440418044409131,0.1279221875543358,0.2959347101280968,0.010283991053915826,0.06840069480113026,0.0,39.62363030048009,1.9253601211571258,4.41892367102729,1.8570476387119526,4.93489157538281,0.0,9.160549006637316,0.33937362350587025,1.014716899025759,11.418049163119194,15.282506375535736,0.4660552372858078,0.6665325375778303,0.03698862037255275,0.11934147759874411,0.05342146595177618,0.16187988068857584,0.14492661271815288,0.36535602504933906,0.01346599797789543,0.05969145065172902,9.46374447916698,50.226898133791,2.275050547958497,4.591026350658531,3.9273205378906404,7.42074964635137,2.176269321136741,14.651613566366201,0.4274415896364309,1.272733494933546,11.980489401819487,16.176404416856283,0.4904065174180455,0.7407549710957201,0.05055192859892341,0.13276536645017403,0.06974236738760492,0.2055730849475904,0.09957456248869347,0.22242262301924823,0.007579192818356615,0.03883422969735108,6.307134696357585,59.94148545670196,3.190920254941065,5.907565998540811,3.938629976894918,8.0346741630388,0.915423366254513,10.379383552082748,0.408149524924803,1.1144236273870824,11.260383038078583,17.039428737720193,0.5067380019360398,0.7463510583618346,0.0531080116930068,0.1376456681438064,0.08344824499028133,0.24403728105405254,0.08476303001436812,0.21850139086685574,0.013485568877444827,0.0526880685379232,16.431415579088284,83.31251862523966,4.190787186852922,7.491380911125964,2.5556110833655747,7.015423653126767,2.304185766259859,12.624585650877794,0.4757143523017529,1.3396054859056643,11.53902344836174,16.58360151588546,0.5332794454929769,0.7585789432521481,0.0531809461475462,0.13768496171045053,0.10154602376551816,0.2870090167105
00-0041125,Seth McGowan,RB,RB,IND,2026,237,7,24.0,resolved,scored,0.738389872050233,0.05973862560412385,35.72296659478864,8.034943577738238,3.1560811887461866,26.37747673318073,5.932920960296979,10.69625186793803,0.738389872050233,0.05973862560412385,0.05973862560412385,0.5249924279747572,0.054133042859381406,37.471499635502944,7.96554151581851,3.990297380121345,19.67225357349792,4.181848980523287,11.595891944612779,0.8355442405040554,0.09027612161919858,0.11387166846350526,0.43539709582408104,0.061050744932538446,37.956725965071534,8.634017087149893,3.008463827678187,16.526248252182636,3.759225965040555,10.305486849404337,0.8573931425703373,0.10529093832812501,0.1749224133960437,0.3847672606376681,0.040376897292218036,32.02768219284414,7.722594451335958,3.364598552567381,12.323203541914461,2.971401512056192,12.369506940453551,0.8631981939787632,0.11690982582566711,0.21529931068826175,0.3008404910251574,0.032176890637841536,34.55326736010899,8.301721060260135,3.441070750240865,10.395021919138733,2.4974938401225497,12.47900442485258,0.8693999389699848,0.12539083075962607,0.2474762013261033,0.1254020280535216,0.02005279977747169,33.777688019124824,9.108941194046366,2.9644525650498093,4.235790580557392,1.142279699153681,12.190947809911952,0.8695219093988911,0.1272922347649879,0.26752900110357497,dg165_rookie_capital_v3_chain,inner_menu,dg165_rookie_capital_v3_chain:inner_menu:trend,12a85a78dd469fb63f936a1a721c1e50ac9fc44864694929747a009c3dd9281e,0.6715599093885339,0.8093896594341478,0.03484907367765683,0.08742780584790538,27.82161056323836,44.1487524308855,7.232019264623169,8.801776793513723,2.601395407822324,3.7760376092087973,20.210978173445657,32.74543524419476,5.106406576495615,6.595641245017654,9.553520716331729,11.920677552012577,0.6715599093885339,0.8093896594341478,0.03484907367765683,0.08742780584790538,0.03484907367765683,0.08742780584790538,0.4381485580101855,0.6107999718040008,0.032592032992796484,0.08435159275300178,26.652873837971303,47.29960917970395,7.154812368665319,8.606240228283163,3.1780375397263514,4.6462536746887375,13.325419545274125,26.329629817749144,3.3000844322185316,5.028233663589261,10.133801465068542,12.88643938750738,0.7848873147729892,0.8908689499729869,0.061413767389736106,0.12744509521440853,0.07760190500408871,0.16600775608750698,0.35316841592779724,0.5229095276689006,0.041605613557377415,0.08570446352211526,25.457527134534786,51.323107445960126,7.684837420647478,9.499523088948145,2.2153857927220404,3.8960128976752686,10.264601315486841,23.223110304394922,2.93663444297097,4.688377754465946,8.932840113414482,11.63023732922636,0.8027273142748974,0.9066857970734421,0.08031983687079859,0.14266396018532476,0.12241622080079509,0.242414272663439,0.3004722050690171,0.47302639873764657,0.023792495555906384,0.0659893108268214,18.308432478211156,45.40416270694621,6.501733304858494,8.541546574753905,2.4204004029846806,4.320145493646592,6.657241225432207,18.63022495718037,2.233460341391996,3.655836456915605,10.754014496514282,13.811608360684735,0.8093663100307734,0.9171732255397632,0.08954037863286807,0.15544944979331796,0.15286581129845808,0.2940205528074693,0.22446815561066624,0.3916009817705276,0.019067125389795114,0.06060885415912566,15.595107238838283,50.48140292647718,7.073209132708176,9.342156816651434,2.1512429086799223,4.618329555261238,4.767293294916249,16.845303451642074,1.8560632225790732,3.2153174319344737,10.63384828833748,14.18035092023091,0.8103155918840718,0.9240153625127675,0.09820225427852004,0.17237417693343857,0.18164259295257337,0.3446263565645048,0.08122689425403211,0.17422523097677772,0.007954842614682527,0.03658034434841735,7.142531831674013,56.71942626500492,7.531000018218481,10.355387797297258,1.198848971396507,4.426494436774951,1.0600401634770091,8.013954873572104,0.7361211069647601,1.6881711886905042,9.925000958691038,14.287233992031453,0.8116073325240056,0.924062077811095,0.09870824745001068,0.17739851654892172,0.19944420641565405,0.3756297519970739
00-0041129,Jam Miller,RB,,NWE,2026,245,7,22.0,resolved,scored,0.7111544321323973,0.054405687251441646,36.27573908318018,8.192459534184506,3.3359827270838407,25.79765262788201,5.8261039078006265,10.905389662333146,0.7111544321323973,0.054405687251441646,0.054405687251441646,0.6022161273340957,0.062209043820411966,46.734323922235724,8.061798119517714,4.5985362129454375,28.144163566025984,4.854944842885253,13.035510957702265,0.8211733527832381,0.09308736154087505,0.1166147310718536,0.4946701712333532,0.07672102882669293,47.846481242229615,8.627160543703647,3.8979014796850007,23.668227069007145,4.267598983411512,10.950354594636346,0.8567181286044339,0.11839666175552171,0.19333575989854654,0.4246142715382078,0.06021875971351884,49.39168524313007,8.619050409681634,4.458615106116839,20.972414449556123,3.6597718110580586,13.165957491631167,0.8605228254890891,0.13747262814112576,0.2535545196120654,0.3428528621230643,0.04959459598031849,51.58850294028804,8.815454190261907,4.587743346261526,17.68726588572187,3.022403700046055,13.511895238720967,0.865625965038014,0.15170737303122991,0.3031491155923839,0.19176192270859943,0.03671197416353707,57.08269935985888,9.777137125616367,4.489548099254229,10.946288182643476,1.8748826137938237,12.768986546698326,0.8657887372769246,0.15513346774093206,0.33986108975592094,dg165_rookie_capital_v3_chain,inner_menu,dg165_rookie_capital_v3_chain:inner_menu:trend,12a85a78dd469fb63f936a1a721c1e50ac9fc44864694929747a009c3dd9281e,0.6403159600283208,0.7732671996643636,0.03371833607371265,0.07672417829315727,28.764135124100104,43.16713222247862,7.468899974067625,8.780687092658923,2.8192302272729224,3.784596247132306,20.23041978103828,30.1431151643049,5.165425557526904,6.39990160005458,9.872339697105755,12.026903073296523,0.6403159600283208,0.7732671996643636,0.03371833607371265,0.07672417829315727,0.03371833607371265,0.07672417829315727,0.5148013874212608,0.6694735119792068,0.04089847471779402,0.08927573443546323,37.13467728602931,56.06783251141661,7.345378746978717,8.766061624406337,3.912956649412143,5.20828509528498,21.237927136758437,34.47078952484785,4.077600066577467,5.561524391776939,11.790420701608351,14.194930866198948,0.7689548327716099,0.8761321767864069,0.06943673614651448,0.1204305121708875,0.08360606568913044,0.1584792052524332,0.40650207812817013,0.572450941562672,0.051943904695749755,0.10997278385124297,35.661359245642174,61.40109234894697,7.73411516198578,9.39861484686596,3.120443939166455,4.699606350929784,16.079765415856965,30.760840118356196,3.50610425029581,4.91200700388139,9.984032647277381,12.034279559903695,0.7951158494199022,0.90873806189355,0.08938961105736412,0.15457462204241948,0.14164635204553752,0.25548153902401993,0.34992914912175266,0.4979495514776266,0.039798957889935774,0.08635572326198618,36.92145774793667,62.897442532397115,7.623983301481038,9.353581373529027,3.5765254162002167,5.41538506715587,14.456163760987632,26.85238449325026,2.9362913285002366,4.274086643191899,11.686302486643557,14.509207897063447,0.7974068906749204,0.910589033814422,0.10693006750675547,0.17358465256275074,0.189737519244804,0.32811366686743626,0.26561198285294063,0.41634936755241686,0.03104034427431163,0.07696413588974163,36.554308841242445,66.34454333065904,7.773723006301619,9.72089665189662,3.50070888395589,5.6932930900648016,11.472777650363138,23.21255752169279,2.279503183898949,3.5846871030691463,12.00673834247109,14.833418893779596,0.7997410462829722,0.911365821596498,0.11664132408328624,0.1909079257792308,0.23346433517527457,0.38278403015432866,0.13539982283898214,0.25196467213664636,0.017369403438923806,0.060838131646514956,36.55780395306801,75.3074066012336,8.540509099393399,10.802449792683046,3.058621315557662,5.726304250223778,6.069801916144325,15.791841061450839,1.3132513354327733,2.5070443725403586,10.945454369957766,14.637569317645887,0.8004181402188959,0.9114417556687509,0.1202062019301805,0.1954175643829994,0.25638443655296994,0.4275322689295842
00-0041131,Carsen Ryan,TE,TE,CLE,2026,248,7,23.0,resolved,scored,0.663506376460948,0.011216210271734535,23.37446738276737,5.827943961627332,2.6658540308794967,15.509108154844597,3.866877980196813,9.258786809996927,0.663506376460948,0.011216210271734535,0.011216210271734535,0.5902594880725726,0.024957376142882574,22.590033796335902,6.988177132325307,2.448872267575097,13.333981784167342,4.124837856686794,9.86870695304281,0.7721280914223309,0.02882014471706529,0.03617358641461711,0.5266111093555679,0.026188367033802895,24.0430125078828,7.365100993544097,2.292390046567898,12.661317489025956,3.8785440047260518,11.643699425133946,0.8112784864945698,0.04536114302418141,0.06236195344842001,0.47105209711739815,0.03175966885023103,24.370860366989632,7.837213413831199,2.5149397093337544,11.47994488442575,3.6917358141417895,11.348464518027448,0.8453817703254701,0.05439648255256489,0.09412162229865104,0.34549616577635456,0.0198402788934391,22.536720676918648,8.61038676177308,2.4700233646923895,7.786350583048082,2.974855612044081,10.188281681554047,0.8463049767041291,0.05852650042409123,0.11396190119209014,0.2873710861645635,0.017145171579943753,22.03503602950225,7.974667673033887,2.542175217623636,6.332232237473353,2.2916889110011804,9.655971381975501,0.8464738836076516,0.05993957307133433,0.1311070727720339,dg165_rookie_capital_v3_chain,inner_menu,dg165_rookie_capital_v3_chain:inner_menu:trend,12a85a78dd469fb63f936a1a721c1e50ac9fc44864694929747a009c3dd9281e,0.5830154023517078,0.7279889733172432,0.004879372449059445,0.02042803790004655,17.08514771233692,30.073030561472525,5.08670230471719,6.563464320240716,2.178772123848515,3.164375966223447,11.145184416434553,20.493234665880486,3.218464584630836,4.547938860981085,7.920037800550054,10.644738796874387,0.5830154023517078,0.7279889733172432,0.004879372449059445,0.02042803790004655,0.004879372449059445,0.02042803790004655,0.49251802100250325,0.6716749444653201,0.013426056668040495,0.03818572577010075,13.706798879517066,30.773478701916734,6.242587560482244,7.807744920446201,1.8806106498849475,2.9176333931500436,7.915635159897668,17.720448219961785,3.3770948673910377,4.923452951652622,8.4576744996854,11.13241340015852,0.708640865374318,0.8310660090767281,0.016439804513322623,0.04475655108296984,0.021102239910294838,0.05571795488007118,0.43213476505158904,0.6073613861228082,0.014783251862147812,0.04229477152502516,14.39333863894359,35.22399753817109,6.684130148113605,8.27326443984876,1.640860817499637,2.938975882534814,7.569563329521833,18.338320500330695,3.1423318928062334,4.700791630654383,9.919729733005342,13.025971265685625,0.7428703801507277,0.875608020121825,0.028651269160368437,0.06586212695178888,0.03905086741171998,0.08894923340494797,0.3818730932266072,0.5491365185479329,0.018743404786876677,0.053567447611939906,13.799769315477688,35.403112554857785,6.808137900971336,8.716757898445652,1.7189641283465147,3.3330171527809305,6.0464619696027,17.209411431024748,2.947666507958355,4.3296528229253575,9.78314042024521,12.945796394304738,0.7800409352558278,0.9173739925234055,0.03540128097740973,0.07696246712103681,0.06068962977188164,0.14164647050194845,0.267070465089881,0.42666820340981076,0.009738145494777715,0.03520004429126933,6.155866462110443,38.40077819688316,7.4232202401599485,9.498716305179252,1.3317932085665711,3.5157097310705456,2.1413337513937036,12.689750346537549,2.1556386969061196,3.679876153313329,8.490768711694502,11.695871790329797,0.7811574886324125,0.9175822831078086,0.038910354821009414,0.08467767939862153,0.07432611103020857,0.1674369700857323,0.20308913925820973,0.38509414586081786,0.008471637005488105,0.033381999857240316,2.6489126839318566,40.857273863443226,6.696767434545445,9.147218503540817,1.3505229801297676,3.8671349448324275,0.752977946993391,11.996809092281753,1.552517208607602,3.162273786271457,7.919797092415649,11.104601857832167,0.7817029803814238,0.9178138971021991,0.039897824717239065,0.086751623094845,0.08454755116437038,0.19817938243400957
00-0040906,Garrett Nussmeier,QB,QB,KAN,2026,249,7,,resolved,scored_age_imputed,0.2953492634953171,0.030678190854693584,30.863733728941174,3.534783260704083,4.459805582096525,9.115581025558352,1.0439956326645263,12.154375255608784,0.2953492634953171,0.030678190854693584,0.030678190854693584,0.29197102505318545,0.03142824541686157,35.35538787786895,4.165799149848398,5.235018590847547,10.322748839854365,1.2162926479469254,13.619824271632318,0.4700636866090204,0.04709611517822958,0.062106436271555154,0.23177334133065944,0.04910434893630551,19.167234580770014,3.0064139824192564,3.6647747716786823,4.442454002853627,0.6968066141285255,13.648120781129423,0.5481775673484642,0.08650477560766787,0.11121078520786067,0.2152393501117023,0.03570030577093997,38.8521037854519,3.85980777155976,6.203763721874342,8.362501569253077,0.8307825163066207,14.62316076954475,0.5772422276249844,0.10347644846265597,0.14691109097880065,0.1584201377608675,0.025084130862929075,42.14341006968492,4.874455864736369,6.523608910686296,6.676364828952215,0.7722119696008041,14.73796256354518,0.5857533556154533,0.1053256528780504,0.17199522184172972,0.1666302502539777,0.03877655093891212,59.761979651850574,6.062855649654965,5.428117118564398,9.958153625060985,1.0102551541557494,14.673587978293321,0.5954275973559002,0.10548796771058629,0.21077177278064185,dg165_rookie_capital_v3_chain,inner_menu,dg165_rookie_capital_v3_chain:inner_menu:trend,12a85a78dd469fb63f936a1a721c1e50ac9fc44864694929747a009c3dd9281e,0.2115907071563197,0.3818081726987617,0.012172421826968111,0.05839737101133501,17.82285048964953,43.23793455607193,2.711923943253232,4.409360432319491,3.322868056321989,5.532041384679376,5.073465939941043,14.056494321915103,0.6654525952394538,1.421085521456868,10.529072802012935,13.890281171936206,0.21159070715631972,0.3818081726987617,0.012172421826968111,0.05839737101133501,0.012172421826968111,0.05839737101133501,0.21175347883949197,0.3788563924255377,0.01655683069567947,0.05413079223077548,18.844155106228463,53.12698648487262,3.2598272883417603,5.204324258795308,3.996875735850491,6.4245566181995795,4.733392326771879,16.959881814023447,0.8168707986368298,1.7137292739283498,11.891929130416212,15.059361565039687,0.38549757468118634,0.5589092649569126,0.026369708891953735,0.0828521482374702,0.03324497431062016,0.11148313575254112,0.1467021509359378,0.33372479021432394,0.01385018149438671,0.11425394194914401,0.028536211535815457,41.8006350317866,1.9544769265912276,4.287955818740059,2.1949080592132693,5.323938258422233,0.006749011354922717,11.531170293369893,0.3569132520475282,1.148095701415413,11.833224281206897,15.663894245450859,0.4502690512345084,0.6629378734812669,0.04189732886052696,0.14920743897947394,0.05888152772770359,0.19191371597756166,0.144635928942758,0.3399149819836253,0.017253089211602263,0.07291642500206837,17.522820119804308,58.497034014385534,2.687496575961982,4.901188459147137,4.457434976686209,7.880104983015846,3.7247383454682574,16.521364612019596,0.52444309908941,1.3547241020577239,12.615130389092359,16.54831133705021,0.48195817038814603,0.707813699730545,0.05278923172210552,0.17029986239459174,0.08005094198701324,0.2614073330542406,0.1036272156165423,0.2384139469709302,0.01034271056806432,0.0483482359404748,14.13262093395291,68.28287054285579,3.3700116135855334,6.1400949635995055,4.537611770180908,8.474485820597796,1.913489050276867,12.397342822855203,0.433726900386525,1.2315238774385506,11.7657677816542,17.556685587844765,0.490595574527947,0.714555653277975,0.0539964523081213,0.1725107455845889,0.09573690590130958,0.294453788584409,0.10757904753284081,0.2585180030180854,0.018479801307601955,0.0672523767850711,25.283359284942474,92.53536992986301,4.41624000085936,7.754224052425751,3.3929211221872517,7.690177662919594,4.02670997682301,17.866197321315045,0.6197584726552503,1.6708544573167092,11.930434814244034,16.790950638090496,0.508690835867447,0.7441863903559089,0.055633723017488104,0.17287180176063816,0.11787137316393768,0.35837377122526587
00-0041132,Deion Burks,WR,WR,IND,2026,254,7,23.0,resolved,scored,0.6605013434594342,0.034006588569082744,29.49606463954442,7.525475358607937,2.8647894562634617,19.482190321185403,4.97058658453141,10.493556375791783,0.6605013434594342,0.034006588569082744,0.034006588569082744,0.5507782424073923,0.05738696789974723,37.59214589444336,8.305171190873395,3.534708815199571,20.704936044063782,4.574307591401757,10.482647251780588,0.789297952224938,0.0718015881816742,0.09139355646882998,0.40979919279603627,0.058384416850424226,40.72488040699383,8.145624543410658,3.413953912033409,16.689023117501186,3.3380703627092694,11.140117456542928,0.8188697255011969,0.09277116611438325,0.1497779733192542,0.3484650417890425,0.04009951995308376,40.016588978161096,8.614350871362234,3.9001742509122135,13.944382350529843,3.0018001363747153,11.628531194289646,0.8278547650912965,0.10536906956445846,0.18987749327233794,0.23098408401645792,0.050146689828403736,58.64716560305053,9.86489291571036,4.591259660744779,13.546561826982146,2.2786332540558023,11.954568291477774,0.8313319878196307,0.11530665093038789,0.24002418310074167,0.1321482778717043,0.03045318245048384,64.31516335428053,10.427834635372019,5.014892613368654,8.499138078305517,1.3780203889953238,12.836196282976982,0.831511856096695,0.11631502037262481,0.2704773655512255,dg165_rookie_capital_v3_chain,inner_menu,dg165_rookie_capital_v3_chain:inner_menu:trend,12a85a78dd469fb63f936a1a721c1e50ac9fc44864694929747a009c3dd9281e,0.59874527027981,0.7242112805546103,0.021526050813130408,0.05144075463489162,23.463813522828147,35.829449722723375,6.925432633544521,8.110112925800092,2.4463565149967437,3.3331794140121356,15.057151148756988,23.954587244947255,4.287623028372834,5.623952773615308,9.15508123386449,11.969523693610956,0.59874527027981,0.7242112805546103,0.021526050813130408,0.05144075463489162,0.021526050813130408,0.05144075463489162,0.4751193088236775,0.622421951210259,0.04015433698768339,0.08069880940588348,30.606239617478714,45.66338532352459,7.680211934084915,8.95313696104468,3.0228182740450147,4.128138575378278,16.087685574379265,25.893825398899292,3.9313887651923287,5.290390162655254,9.376766961875127,11.43978123798631,0.7415542672806056,0.8405455862522325,0.053152523142546634,0.09702345196965895,0.06936394658528601,0.12786540022965673,0.341222606093025,0.48612617016957743,0.039264018535792755,0.08065396484116283,28.633541372399534,52.41709247654436,7.2979050522807105,8.880637973628476,2.7164850216128023,4.182140605378508,11.399443528327613,22.323934154458232,2.6913893955388044,4.0779583595473,9.871950762124438,12.33018198037181,0.7652500169480436,0.8700782039627326,0.06968399311938744,0.12304380992638408,0.11454048351394626,0.20105689359337778,0.28612995233281396,0.42507608533155883,0.028271337344563673,0.06745341596380264,27.54246448663873,52.201316687754165,7.639467932210623,9.525197333949974,3.0983660921159295,4.843228781919148,9.895143955881553,19.48408712319247,2.3799659499822137,3.775382193997588,10.135048474750192,12.875205495357845,0.7753980154477119,0.8887319549769443,0.08034343430183429,0.13814034768413422,0.14625304534695763,0.2546844818142984,0.17533950673796514,0.2997159832060784,0.033819541722770644,0.08235571718087578,38.863867140031154,77.09856906996906,8.758083754941731,10.80187407674178,3.217032213886271,5.793245617324863,8.438766008808189,20.18250175424445,1.7445810195825333,3.0139597092781116,10.360803238618043,13.506566662152524,0.7818169213866846,0.8931785887026217,0.08942107258416095,0.1503308890301249,0.18458174871794697,0.3296948735273581,0.09457290866383437,0.1883854688294167,0.018381901900896374,0.054662867495277254,42.3030389529885,89.14745736317275,9.15488971107267,11.674788107909674,3.503031016042325,6.801007638741667,5.007865818896019,13.419437398915644,0.9358528900596511,1.9844696294450646,11.046150430056937,14.786620748407914,0.7818375250023524,0.8947161393060491,0.09035234569775423,0.15557585319659079,0.20880285243487717,0.37777577970638965
00-0041133,Dallen Bentley,TE,TE,DEN,2026,256,7,25.0,resolved,scored,0.6855463245556076,0.011723312080403978,20.497828425534202,5.616253888772096,2.3388056861925235,14.05221093849643,3.850202211218849,8.967769757484843,0.6855463245556076,0.011723312080403978,0.011723312080403978,0.5100018671552077,0.020953368634366254,11.286374367027463,6.850945446876042,1.6854972334832121,5.7560720005966814,3.49399496968525,8.383756132845765,0.7765644497548883,0.02537632399526737,0.03267668071477023,0.4636062261907356,0.01704262545939843,12.335007729210872,7.348830888922649,1.277486310066176,5.718586383373007,3.406963755327338,10.945445848164187,0.8028772435521343,0.03489771197962873,0.049719306174168656,0.43584220004769,0.01957337536768543,5.254909138020338,6.90844861183742,1.2803851840180016,2.290311159765494,3.0109934418996307,10.532532877514242,0.8527444252568674,0.04079193392961893,0.06929268154185408,0.29377975489409713,0.011031205690979637,3.3197226637945505,8.029100891636432,1.178229902225019,0.9752673104859423,2.3587872919649278,9.109001767845402,0.8538553671577707,0.04317180733886852,0.08032388723283372,0.1833711730025985,0.00836189794866471,0.0,7.243939843096717,0.9393318777220223,0.0,1.3283297461889043,9.01943741697696,0.8539866783013748,0.04401209399068062,0.08868578518149843,dg165_rookie_capital_v3_chain,inner_menu,dg165_rookie_capital_v3_chain:inner_menu:trend,12a85a78dd469fb63f936a1a721c1e50ac9fc44864694929747a009c3dd9281e,0.5855684875490462,0.7751173143085465,0.005308731501482375,0.02304641356144197,11.869294892096546,29.780348717600393,4.755574763385024,6.494422225353148,1.7166970021925139,2.991389962069988,7.664488819190814,20.545703967094592,2.9250229470662967,4.62395986468756,7.360810010976933,10.525377532851957,0.5855684875490462,0.7751173143085465,0.005308731501482375,0.02304641356144197,0.005308731501482375,0.02304641356144197,0.3978006027038049,0.6144113950952144,0.009234291680199904,0.03396407297748729,0.0,21.128722282601995,5.990861214674923,7.701667742710973,0.8343896192175755,2.239222934488486,0.0,10.662260969741043,2.5591249709075856,4.402978354187174,6.6935782455423425,9.908401305542426,0.6977281818961821,0.8546995690409585,0.013960407660193411,0.04227288298739831,0.01843992822686666,0.05171162440429858,0.338997456089802,0.5632662696366016,0.008718029323111949,0.03243878296674004,0.0,28.231734093608278,6.435271523705208,8.533135255740662,0.34817283196968873,2.1927206518822357,0.0,12.13440374870004,2.5545581870550578,4.357529729806216,8.822827512207834,12.699073932747435,0.7143862737244118,0.8790351714815527,0.02036998094211464,0.0561344253713247,0.028018297085318007,0.07867335463075581,0.31563175849889774,0.554681001918149,0.01033520100771327,0.03784985341254298,0.0,20.007728004084985,5.787087297051504,7.994715971579814,0.2136828758361148,2.3332075839134854,0.0,7.537037568958328,2.156204033459429,3.6944782335837405,8.652969941304715,12.198797735782177,0.774029493804291,0.9450229426684602,0.025772543190739093,0.06407340360688861,0.041536619036902866,0.11418206719070158,0.1992143511981586,0.4035797476242084,0.005145148938077263,0.024624167906470835,0.0,23.02732037140065,6.687689401706577,8.987271718933837,0.0,2.5773102644270196,0.0,7.367532497032225,1.5441207328373456,3.2714905923425213,6.758934088958811,10.7875791832191,0.7753000760486946,0.9456533582688775,0.027124647183389507,0.071367118517565,0.048579765741464255,0.13344652801310064,0.10773969167051961,0.2799231946252696,0.00301172743390109,0.021761129945383064,0.0,21.360468165610868,5.699437586263647,8.649007325809315,0.0,2.6307016403503796,0.0,3.5877402618467515,0.7612158667629377,2.1371526091951214,6.651252779911173,10.715973335000406,0.7755859661697324,0.9459003250893546,0.02835565772068703,0.07256693087421875,0.05557776122226924,0.15145380033263334
