snap_share_t_minus_1,cpoe,player_id,route_participation,aging_curve_position,ppg_t,depth_chart_position,tprr,total_points_t,ppg_t_minus_2,dakota,air_yards_share,aging_curve_value,target_share_nfl,yprr,epa_per_dropback,dropback_count,team,feature_season,weighted_opportunity,age,is_dual_threat,ppg_t_minus_1,pass_attempts,snap_share,games_t,position,avg_ppg_t1_t2,training_eligible,outcome_returned,ppg_t_minus_1_available,ppg_t_minus_2_available,snap_share_t_minus_1_available,te_role_is_risk_profile,ngs_completion_percentage_above_expectation,ngs_avg_time_to_throw,ngs_avg_separation,ngs_avg_cushion,ngs_rush_yards_over_expected_per_att,ngs_percent_attempts_gte_eight_defenders
,0.5395713549773133,00-0019596,,QB_pocket,16.89578947368421,QB,,321.02,,0.10535911326233886,0.0,0.36,0.0015082956259426848,,0.1482005702820099,716.0,NE,2018,0.0022624434389140274,41.0,False,,716.0,0.9800000000000001,19,QB,18.443852941176473,True,True,False,False,False,,-1.5629724798756683,2.615713028169014,,,,
0.9800000000000001,-2.5320673110039253,00-0019596,0.9927536231884058,QB_pocket,15.884705882352943,QB,0.0,270.04,,0.003622669258149802,0.0,0.28,0.0,0.0,0.01602695884451654,679.0,NE,2019,0.0,42.0,False,16.89578947368421,679.0,0.9882352941176471,17,QB,21.205184210526316,True,True,True,False,True,,-2.997041299079818,2.745391517128874,,,,
0.9882352941176471,2.378416131282675,00-0019596,0.97625,QB_pocket,21.003,QB,0.0,420.06,16.89578947368421,0.1534911723027186,0.0,0.2,0.0,0.0,0.20907989129838656,773.0,TB,2020,0.0,43.0,False,15.884705882352943,773.0,0.967,20,QB,18.86201754385965,True,True,True,True,True,,1.626994895947277,2.5707062706270625,,,,
0.967,1.2222789876247564,00-0019596,0.9860950173812283,QB_pocket,21.40736842105263,QB,0.0,406.74,15.884705882352943,0.11316032549812585,0.0,0.12,0.0,0.0,0.1564192693360737,838.0,TB,2021,0.0,44.0,False,21.003,838.0,0.966842105263158,19,QB,16.316666666666666,True,True,True,True,True,,-1.1318449386925238,2.49865829846583,,,,
0.966842105263158,-0.5665243816717217,00-0019596,0.9800703399765534,QB_pocket,16.316666666666666,QB,0.0011961722488038277,293.7,21.003,0.030954636633220036,0.0029657089898053753,0.04,0.0012738853503184713,0.0,0.04664887111176458,828.0,TB,2022,0.003986824318341469,45.0,False,21.40736842105263,828.0,0.9755555555555555,18,QB,,False,False,True,True,True,,-1.2073188542425157,2.448895890410959,,,,
,5.999808486959022,00-0020531,,QB_pocket,19.92823529411765,QB,,338.78000000000003,,0.1959404542245008,-0.0004645760743321719,0.52,0.001736111111111111,,0.2542014696623196,589.0,NO,2018,0.002278963414634146,39.0,False,,589.0,0.9823529411764705,17,QB,18.01607142857143,True,True,False,False,False,,7.159069046408604,2.5861881390593044,,,,
0.9823529411764705,6.196603982214363,00-0020531,0.6525037936267072,QB_pocket,19.465,QB,0.0,233.58,,0.1491534123547659,0.0,0.44,0.0,0.0,0.18651942915446118,422.0,NO,2019,0.0,40.0,False,19.92823529411765,422.0,0.8783333333333333,12,QB,16.56714285714286,True,True,True,False,True,,6.680589916292959,2.5701313672922255,,,,
0.8783333333333333,0.4273538002723575,00-0020531,0.7434312210200927,QB_pocket,16.56714285714286,QB,0.0,231.94,19.92823529411765,0.07700698700004747,0.0,0.36,0.0,0.0,0.10817846514175772,475.0,NO,2020,0.0,41.0,False,19.465,475.0,0.8985714285714286,14,QB,,False,False,True,True,True,,1.4712671209604338,2.6612706185567014,,,,
,-9.538522944563912,00-0021206,,QB_pocket,5.19,QB,,20.76,,-0.22439250444286885,0.0,0.52,0.0,,-0.27968133658453875,116.0,NYJ,2018,0.0,39.0,False,,116.0,0.765,4,QB,,False,False,False,False,False,,,,,,,
,,00-0021547,,TE,5.438888888888889,TE,,97.9,,,0.09418282548476455,0.2,0.09827586206896552,,,,LAC,2018,0.21334177094278345,38.0,False,,,,18,TE,,False,False,False,False,False,0.0,,,2.464236806451032,4.449473684210527,,
,,00-0022127,0.7679127725856698,TE,8.74375,TE,0.16835699797160245,139.9,,,0.10199887913319634,0.3,0.1440972222222222,1.0730223123732252,,,DAL,2019,0.2875450487265707,37.0,False,,,0.753125,16,TE,3.19,True,True,False,False,False,0.0,,,3.2706608973153415,5.671481481481481,,
0.753125,,00-0022127,0.2779605263157895,TE,3.19,TE,0.10059171597633136,31.9,,,0.021064814814814814,0.2,0.03359683794466403,0.40828402366863903,,,LV,2020,0.06514062728736641,38.0,False,8.74375,,0.375,10,TE,,False,False,True,False,True,0.0,,,,,,
,7.46757467277348,00-0022787,0.09424083769633508,QB_pocket,6.580000000000001,QB,0.0,32.900000000000006,,0.22574659830252902,0.0,0.6,0.0,0.0,0.29049124897744083,70.0,ATL,2019,0.0,38.0,False,,70.0,0.22333333333333336,5,QB,,False,False,False,False,False,,,,,,,
,0.4644746187502745,00-0022803,,QB_pocket,14.9975,QB,,239.96,,0.026972453495044124,0.0,0.68,0.0,,0.03654147091256186,627.0,NYG,2018,0.0,37.0,False,,627.0,0.9825,16,QB,13.595,True,True,False,False,False,,-1.4492557026743356,2.646937391304348,,,,
0.9825,-2.6076883711713426,00-0022803,0.22434017595307917,QB_pocket,13.595,QB,0.0,54.38,,-0.03996922880323587,0.0,0.6,0.0,0.0,-0.04592309098531692,152.0,NYG,2019,0.0,38.0,False,14.9975,152.0,0.9750000000000001,4,QB,,False,False,True,False,True,,-2.809955433112428,2.6575510204081634,,,,
,,00-0022921,,WR,11.605,WR,,185.68,,,0.2683813977656534,0.16,0.23829787234042554,,,,ARI,2018,0.5453137869465957,35.0,False,,,0.918125,16,WR,9.424519230769231,True,True,False,False,False,,,,2.2610111086412688,6.338921568627452,,
0.918125,,00-0022921,0.9105180533751962,WR,11.0875,WR,0.1879310344827586,177.4,,,0.21444752076516485,0.04,0.2060491493383743,1.3862068965517242,,,ARI,2019,0.45918698854317685,36.0,False,11.605,,0.845,16,WR,7.761538461538462,True,True,True,False,True,,,,2.9758333333333735,6.151442307692308,,
0.845,,00-0022921,0.6814024390243902,WR,7.761538461538462,WR,0.1610738255033557,100.9,11.605,,0.09965397923875433,0.0,0.13259668508287292,0.9149888143176734,,,ARI,2020,0.2686528130914374,37.0,False,11.0875,,0.7915384615384616,13,WR,,False,False,True,True,True,,,,3.3120211133093282,6.143000000000001,,
,1.682452763097858,00-0022924,,QB_pocket,21.36625,QB,,341.86,,0.12809622365038,0.0,0.76,0.0014947683109118087,,0.17578409337298062,701.0,PIT,2018,0.002242152466367713,36.0,False,,701.0,0.96875,16,QB,18.57875,True,True,False,False,False,,0.5292071600755008,2.552903273809524,,,,
,-0.5274251412920853,00-0022924,0.932,QB_pocket,18.57875,QB,0.0,297.26,21.36625,0.051002678795614896,0.0,0.6,0.0,0.0,0.07512136317070164,696.0,PIT,2020,0.0,38.0,False,,696.0,0.979375,16,QB,13.799999999999999,True,True,False,True,False,,-1.3016151319453968,2.3001052631578944,,,,
0.979375,-2.2559709497727454,00-0022924,0.9183135704874835,QB_pocket,13.799999999999999,QB,0.0,234.6,,-0.06552882559674723,0.0,0.52,0.0,0.0,-0.08394416106775572,692.0,PIT,2021,0.0,39.0,False,18.57875,692.0,0.9917647058823529,17,QB,,False,False,True,False,True,,-2.8876483871424483,2.380759535655058,,,,
,3.0470630408156927,00-0022942,,QB_pocket,17.78666666666667,QB,,320.16,,0.14979256104379032,0.0,0.68,0.0,,0.20093053131620467,636.0,LAC,2018,0.0,37.0,False,,636.0,0.9722222222222222,18,QB,15.071727941176471,True,True,False,False,False,,2.5163754454161165,2.617966535433071,,,,
0.9722222222222222,3.71505078417616,00-0022942,0.9905956112852664,QB_pocket,14.71875,QB,0.0,235.5,,0.07542866842027147,0.0,0.6,0.0,0.0,0.09183359438248999,623.0,LAC,2019,0.0,38.0,False,17.78666666666667,623.0,0.973125,16,QB,15.424705882352942,True,True,True,False,True,,2.2242818910206097,2.6278214285714285,,,,
0.973125,0.32646510161851583,00-0022942,0.9823717948717948,QB_pocket,15.424705882352942,QB,0.0,262.22,17.78666666666667,0.1260606089503435,0.0,0.52,0.0,0.0,0.1786874480649828,608.0,IND,2020,0.0,39.0,False,14.71875,608.0,0.9576470588235295,17,QB,,False,False,True,True,True,,1.6487448721520366,2.520629629629629,,,,
,,00-0022943,,TE,6.371428571428572,TE,,89.2,,,0.11033681765389082,0.2,0.08159722222222222,,,,NO,2018,0.19963160569105692,38.0,False,,,0.4711764705882353,14,TE,4.11,True,True,False,False,False,0.0,,,2.642627979604568,5.1703125,,
0.4711764705882353,,00-0022943,0.41739130434782606,TE,4.11,TE,0.09722222222222222,41.1,,,0.05236907730673317,0.1,0.04508856682769726,0.7326388888888888,,,NE,2019,0.1042912043562591,39.0,False,6.371428571428572,,0.6363636363636364,10,TE,,False,False,True,False,True,0.0,,,,,,
,-1.7017965988507346,00-0023436,,QB_pocket,13.8,QB,,138.0,,-0.037284932078642335,0.0,0.92,0.0,,-0.04597077468870019,349.0,WAS,2018,0.0,34.0,False,,349.0,0.968,10,QB,8.9475,True,True,False,False,False,,0.6149468392633395,2.7897638036809815,,,,
,-0.84522821071769,00-0023436,0.3839779005524862,QB_pocket,8.9475,QB,0.0,71.58,13.8,-0.09719109493268285,0.0,0.76,0.0,0.0,-0.13522201471504255,274.0,WAS,2020,0.0,36.0,False,,274.0,0.8575,8,QB,,False,False,False,True,False,,-0.7010478230696009,2.63011507936508,,,,
,-0.5935521540434464,00-0023459,,QB_pocket,19.53625,QB,,312.58,,0.05267809182993358,0.0,0.84,0.0,,0.07779821184580561,647.0,GB,2018,0.0,35.0,False,,647.0,0.931875,16,QB,20.699444444444445,True,True,False,False,False,,-1.0418312262175817,2.9496672268907567,,,,
0.931875,1.7235363772766075,00-0023459,0.9943661971830986,QB_pocket,17.363333333333333,QB,0.0,312.54,,0.07542702626373571,0.0,0.76,0.0,0.0,0.10036631018843699,678.0,GB,2019,0.0,36.0,False,19.53625,678.0,0.9833333333333333,18,QB,22.085424836601305,True,True,True,False,True,,-2.1492017100782874,2.882102112676056,,,,
0.9833333333333333,6.779109793049948,00-0023459,0.9969879518072289,QB_pocket,24.035555555555554,QB,0.0015105740181268882,432.64,19.53625,0.23597063426180545,-0.000859106529209622,0.68,0.0017211703958691911,-0.00906344410876133,0.30804757840379376,634.0,GB,2020,0.0019803810233570513,37.0,False,17.363333333333333,634.0,0.9805555555555555,18,QB,17.102941176470587,True,True,True,True,True,,3.352154937250532,2.7242447418738047,,,,
0.9805555555555555,5.6508321474606324,00-0023459,0.8961988304093568,QB_pocket,20.13529411764706,QB,0.0016313213703099511,342.3,17.363333333333333,0.16099980613631093,-0.0008559811684142949,0.6,0.0016750418760469012,-0.0065252854812398045,0.2057818709913272,592.0,GB,2021,0.0019133759961803454,38.0,False,24.035555555555554,592.0,0.9376470588235294,17,QB,14.070588235294117,True,True,True,True,True,,2.77364490915042,2.6304602272727275,,,,
0.9376470588235294,0.5470411479473114,00-0023459,0.9656301145662848,QB_pocket,14.070588235294117,QB,0.0,239.2,24.035555555555554,-0.020630982278575592,0.0,0.52,0.0,0.0,-0.031817293889167896,575.0,GB,2022,0.0,39.0,False,20.13529411764706,575.0,0.9741176470588234,17,QB,15.092941176470587,True,True,True,True,True,,-1.635582571869847,2.6966314814814814,,,,
0.9635294117647059,-0.40555955523038767,00-0023459,0.9116719242902208,QB_pocket,13.465882352941177,QB,0.0017301038062283738,228.92000000000002,,-0.014921203824064108,-0.0026231419411250363,0.28,0.0018248175182481751,-0.015570934256055362,-0.019577893083389922,563.0,PIT,2025,0.0009010269185847377,42.0,False,15.092941176470587,563.0,0.9529411764705882,17,QB,,False,,True,False,True,,-1.3743172690763288,2.59170564516129,,,,
,,00-0023500,,RB,7.328571428571429,RB,,102.60000000000001,,,0.00594900849858357,0.0,0.0367816091954023,,,,MIA,2018,0.059336719742111944,35.0,True,,,0.40714285714285714,14,RB,6.374375000000001,True,True,False,False,False,,,,,,0.3447779302095448,12.179487179487179
0.40714285714285714,,00-0023500,0.2488479262672811,RB,6.0687500000000005,RB,0.10493827160493827,97.10000000000001,,,0.0026438885499288182,0.0,0.03225806451612903,0.6172839506172839,,,BUF,2019,0.05023781875914372,36.0,True,7.328571428571429,,0.33529411764705885,16,RB,6.680000000000001,True,True,True,False,True,,,,,,-0.4020678878608198,37.34939759036144
0.33529411764705885,,00-0023500,0.2921739130434783,RB,6.680000000000001,RB,0.1130952380952381,100.2,7.328571428571429,,0.008445106805762544,0.0,0.04103671706263499,0.5297619047619048,,,NYJ,2020,0.06746665035798627,37.0,True,6.0687500000000005,,0.4093333333333333,15,RB,,False,False,True,True,True,,,,,,-0.49889667354659095,12.834224598930483
,,00-0023564,,RB,9.0,RB,,72.0,,,0.004715127701375246,0.0,0.04524886877828054,,,,PHI,2018,0.07117389255838348,35.0,False,,,0.405,8,RB,2.8333333333333335,True,True,False,False,False,,,,,,,
0.405,,00-0023564,0.10306406685236769,RB,2.8333333333333335,RB,0.13513513513513514,17.0,,,0.0030303030303030303,0.0,0.01589825119236884,0.32432432432432434,,,PHI,2019,0.02596858890976538,36.0,False,9.0,,0.22999999999999998,6,RB,,False,False,True,False,True,,,,,,,
,5.248383478242523,00-0023682,,QB_pocket,20.73,QB,,165.84,,0.13450398103956482,0.0,0.76,0.0,,0.16965547229262468,261.0,TB,2018,0.0,36.0,False,,261.0,0.7875,8,QB,16.58977777777778,True,True,False,False,False,,4.202117684592551,2.645369918699187,,,,
0.7875,-0.5458322336659228,00-0023682,0.8172942817294282,QB_pocket,16.097333333333335,QB,0.0,241.46,,0.002417042785229349,0.0,0.68,0.0,0.0,0.005792199266038739,543.0,MIA,2019,0.0,37.0,False,20.73,543.0,0.8586666666666666,15,QB,17.082222222222224,True,True,True,False,True,,-0.6231963972141727,2.6088597194388776,,,,
0.8586666666666666,3.4094868340727054,00-0023682,0.4722662440570523,QB_pocket,17.082222222222224,QB,0.003355704697986577,153.74,20.73,0.13098154791161198,-0.0009398496240601503,0.6,0.001834862385321101,0.0,0.1725044105848484,282.0,MIA,2020,0.0020943988411395464,38.0,False,16.097333333333335,282.0,0.8333333333333334,9,QB,,False,False,True,True,True,,4.853629786870002,2.380627819548872,,,,
,,00-0024221,,TE,5.823076923076924,TE,,75.7,,,0.10060459492140265,0.6,0.0736196319018405,,,,WAS,2018,0.1808526642977426,34.0,False,,,0.49142857142857144,13,TE,7.075,True,True,False,False,False,0.0,,,,,,
0.49142857142857144,,00-0024221,0.24500907441016334,TE,7.075,TE,0.14074074074074075,28.3,,,0.03693261911474485,0.5,0.04103671706263499,0.9111111111111111,,,WAS,2019,0.08740790897427388,35.0,False,5.823076923076924,,0.7475,4,TE,,False,False,True,False,True,0.0,,,,,,
,,00-0024243,,TE,1.3800000000000001,TE,,6.9,,,0.0009102494083378846,0.6,0.006514657980456026,,,,GB,2018,0.010409161556520559,34.0,False,,,0.181875,5,TE,3.3926282051282053,True,True,False,False,False,0.0,,,,,,
0.181875,,00-0024243,0.3295774647887324,TE,3.076923076923077,TE,0.08974358974358974,40.0,,,0.020203927492447128,0.5,0.03494176372712146,0.7264957264957265,,,GB,2019,0.06655539483539519,35.0,False,1.3800000000000001,,0.45611111111111113,13,TE,3.404166666666667,True,True,True,False,True,0.0,,,,,,
0.45611111111111113,,00-0024243,0.3192771084337349,TE,3.7083333333333335,TE,0.09433962264150944,44.5,1.3800000000000001,,0.026417525773195876,0.4,0.03442340791738382,0.6367924528301887,,,GB,2020,0.07012737991731284,36.0,False,3.076923076923077,,0.43529411764705883,12,TE,3.766666666666667,True,True,True,True,True,0.0,,,,,,
0.43529411764705883,,00-0024243,0.30409356725146197,TE,3.1000000000000005,TE,0.13942307692307693,43.400000000000006,3.076923076923077,,0.02182751979456452,0.3,0.048576214405360134,1.0288461538461537,,,GB,2021,0.08814358546423536,37.0,False,3.7083333333333335,,0.43,14,TE,3.291666666666667,True,True,True,True,True,0.0,,,,,,
0.43,,00-0024243,0.2995090016366612,TE,4.433333333333334,TE,0.03825136612021858,26.6,3.7083333333333335,,0.013202822672433417,0.2,0.012987012987012988,0.36065573770491804,,,GB,2022,0.02872249535122287,38.0,False,3.1000000000000005,,0.4117647058823529,6,TE,1.1949999999999998,True,True,True,True,True,0.0,,,,,,
0.4117647058823529,,00-0024243,0.16264090177133655,TE,2.15,TE,0.04950495049504951,12.899999999999999,3.1000000000000005,,0.0025869502730669733,0.1,0.010615711252653927,0.2871287128712871,,,CHI,2023,0.017734432070127773,39.0,False,4.433333333333334,,0.28764705882352937,6,TE,0.24,True,True,True,True,True,0.0,,,,,,
,,00-0024334,,WR,5.1000000000000005,WR,,30.6,,,0.06627127385250128,0.28,0.054373522458628844,,,,SEA,2018,0.12795017538469416,34.0,False,,,0.4228571428571429,6,WR,,False,False,False,False,False,,,,,,,
,,00-0024389,0.2376237623762376,TE,9.083333333333334,TE,0.2152777777777778,54.5,,,0.05394190871369295,0.5,0.06471816283924843,1.4930555555555556,,,TEN,2019,0.13483658035845772,35.0,False,,,0.42857142857142855,6,TE,,False,False,False,False,False,0.0,,,,,,
,,00-0025394,,RB,11.8125,RB,,189.0,,,0.002176541717049577,0.0,0.053169734151329244,,,,WAS,2018,0.08127818042892856,33.0,True,,,0.46125,16,RB,8.790625,True,True,False,False,False,,,,,,0.2484537665774232,16.733067729083665
0.46125,,00-0025394,0.2831215970961887,RB,9.8,RB,0.14743589743589744,147.0,,,-0.012122920778122357,0.0,0.04967602591792657,0.9102564102564102,,,WAS,2019,0.06602799433220419,34.0,True,11.8125,,0.4713333333333333,15,RB,7.215625,True,True,True,False,True,,,,,,0.48524996616189753,29.383886255924168
0.4713333333333333,,00-0025394,0.2117465224111283,RB,7.78125,RB,0.13138686131386862,124.5,11.8125,,-0.0012257405515832482,0.0,0.03220035778175313,0.7372262773722628,,,DET,2020,0.04744251828652143,35.0,True,9.8,,0.29562499999999997,16,RB,6.65,True,True,True,True,True,,,,,,-0.5017806535476439,29.48717948717949
0.29562499999999997,,00-0025394,0.04451510333863275,RB,6.65,RB,0.14285714285714285,26.6,9.8,,-0.0026615049600774254,0.0,0.007380073800738007,0.2857142857142857,,,TEN,2021,0.009207057229052813,36.0,True,7.78125,,0.2775,4,RB,,False,False,True,True,True,,,,,,,
,,00-0025396,,WR,9.814285714285715,WR,,68.7,,,0.16260162601626016,0.4,0.07465277777777778,,,,NO,2018,0.22580030487804875,33.0,False,,,0.5571428571428572,7,WR,3.471875,True,True,False,False,False,,,,,,,
0.5571428571428572,,00-0025396,0.7056145675265554,WR,5.54375,WR,0.12473118279569892,88.7,,,0.24601132269686052,0.28,0.09982788296041308,0.9440860215053763,,,NO,2019,0.321949750328422,34.0,False,9.814285714285715,,0.5711764705882354,16,WR,1.4,True,True,True,False,True,,,,2.761898275965144,6.957142857142858,,
0.5711764705882354,,00-0025396,0.05815602836879433,WR,1.4,WR,0.14634146341463414,7.0,9.814285714285715,,0.024166167365688038,0.16,0.00964630225080386,0.975609756097561,,,CHI,2020,0.03138577053218741,35.0,False,5.54375,,0.15166666666666667,5,WR,,False,False,True,True,True,,,,,,,
,,00-0025399,,RB,13.166666666666666,RB,,79.0,,,-0.0016357688113413304,0.0,0.03824091778202677,,,,LV,2018,0.05621633850510123,32.0,False,,,0.49666666666666676,6,RB,,False,False,False,False,False,,,,,,-0.033124596609955745,23.333333333333332
,,00-0025418,,TE,8.9,TE,,80.10000000000001,,,0.0823960880195599,0.7,0.06985294117647059,,,,CAR,2018,0.1624566733783978,33.0,False,,,0.7877777777777778,9,TE,6.867857142857143,True,True,False,False,False,0.0,,,,,,
0.7877777777777778,,00-0025418,0.6991643454038997,TE,8.835714285714285,TE,0.16334661354581673,123.7,,,0.14355183816378136,0.6,0.13666666666666666,1.1892430278884463,,,CAR,2019,0.30548628671464695,34.0,False,8.9,,0.8157142857142857,14,TE,4.9,True,True,True,False,True,0.0,,,2.821402272195776,5.200952380952381,,
0.8157142857142857,,00-0025418,0.4373219373219373,TE,4.9,TE,0.12052117263843648,53.900000000000006,8.9,,0.05914858780188293,0.5,0.06583629893238434,0.7785016286644951,,,SEA,2020,0.14015845985989456,35.0,False,8.835714285714285,,0.5499999999999999,11,TE,,False,False,True,True,True,0.0,,,,,,
,-0.5559874867851083,00-0025708,0.13157894736842105,QB_pocket,7.043333333333333,QB,0.0,42.26,,0.046413648944318694,0.0,0.84,0.0,0.0,0.06868801629239146,98.0,KC,2019,0.0,35.0,False,,98.0,,6,QB,,False,False,False,False,False,,,,,,,
,,00-0026035,,WR,8.494666666666667,WR,,127.42,,,0.1668555240793201,0.4,0.18160919540229886,,,,MIA,2018,0.38921265995897236,33.0,False,,,0.7733333333333333,15,WR,8.485333333333333,True,True,False,False,False,,,,3.2199118670754148,6.279117647058823,,
0.7733333333333333,,00-0026035,0.7013996889580093,WR,9.370666666666667,WR,0.21507760532150777,140.56,,,0.16379310344827586,0.28,0.17636363636363636,1.5033259423503327,,,DET,2019,0.3792006269592476,34.0,False,8.494666666666667,,0.6373333333333334,15,WR,8.1,True,True,True,False,True,,,,2.952040809931464,6.281392405063292,,
0.6373333333333334,,00-0026035,0.5146831530139103,WR,7.6000000000000005,WR,0.2072072072072072,106.4,8.494666666666667,,0.11399387129724209,0.16,0.12343470483005367,1.8078078078078077,,,DET,2020,0.26494776715314994,35.0,False,9.370666666666667,,0.5078571428571429,14,WR,8.6,True,True,True,True,True,,,,3.4342340432477467,6.6728125,,
0.5078571428571429,,00-0026035,0.25487012987012986,WR,8.6,WR,0.24203821656050956,68.8,9.370666666666667,,0.08451816745655608,0.04,0.07265774378585087,1.5796178343949046,,,HOU,2021,0.16814933289836553,36.0,False,7.6000000000000005,,0.3875,8,WR,,False,False,True,True,True,,,,,,,
,4.349892129417227,00-0026143,,QB_pocket,22.185000000000002,QB,,354.96000000000004,,0.12223684690968363,0.00019212295869356388,1.0,0.0016556291390728477,,0.15598167217347422,655.0,ATL,2018,0.0026179297796947664,33.0,False,,655.0,0.989375,16,QB,17.737583333333333,True,True,False,False,False,,4.670736469683774,2.6803855024711694,,,,
0.989375,1.8014334622076003,00-0026143,0.9057591623036649,QB_pocket,17.82266666666667,QB,0.0,267.34000000000003,,0.024375556244174434,0.0,0.92,0.0,0.0,0.02710179408221662,668.0,ATL,2019,0.0,34.0,False,22.185000000000002,668.0,0.9773333333333334,15,QB,15.382720588235294,True,True,True,False,True,,2.2284058639295807,2.77389918699187,,,,
0.9773333333333334,1.232825209746511,00-0026143,1.0,QB_pocket,17.6525,QB,0.0,282.44,22.185000000000002,0.06389680202215071,0.0,0.84,0.0,0.0,0.08599760913273027,669.0,ATL,2020,0.0,35.0,False,17.82266666666667,669.0,0.9918750000000001,16,QB,13.026470588235293,True,True,True,True,True,,0.9736670032381625,2.8736848,,,,
0.9918750000000001,1.7592363416928647,00-0026143,0.9810126582278481,QB_pocket,13.112941176470587,QB,0.0,222.92,17.82266666666667,-0.014489693667914728,0.0,0.76,0.0,0.0,-0.02823914670427618,601.0,ATL,2021,0.0,36.0,False,17.6525,601.0,0.9705882352941176,17,QB,12.94,True,True,True,True,True,,1.4067485409655802,2.7728640429338105,,,,
0.9705882352941176,-0.09865554427231635,00-0026143,0.7434782608695653,QB_pocket,12.94,QB,0.0,155.28,17.6525,-0.06415089757236932,0.0,0.68,0.0,0.0,-0.09122132991364625,502.0,IND,2022,0.0,37.0,False,13.112941176470587,502.0,0.9966666666666667,12,QB,,False,False,True,True,True,,1.5106045574337799,2.686480434782609,,,,
,-2.6122780269400536,00-0026158,,QB_pocket,15.233333333333333,QB,,137.1,,0.013960112999609687,0.0,1.0,0.0,,0.0311384958291855,394.0,BAL,2018,0.0,33.0,False,,394.0,0.9544444444444444,9,QB,10.781,True,True,False,False,False,,-2.7092036601254676,2.7133590425531913,,,,
0.9544444444444444,-0.21142475605010985,00-0026158,0.5185185185185185,QB_pocket,10.61,QB,0.0,84.88,,-0.06777403232117835,0.0,0.92,0.0,0.0,-0.09591394007575432,288.0,DEN,2019,0.0,34.0,False,15.233333333333333,288.0,0.99875,8,QB,10.952000000000002,True,True,True,False,True,,-0.09632091827063505,2.624540229885057,,,,
0.99875,-2.313682857540346,00-0026158,0.25565217391304346,QB_pocket,10.952000000000002,QB,0.0,54.760000000000005,15.233333333333333,-0.05244150627967626,0.0,0.84,0.0,0.0,-0.06500065386722174,141.0,NYJ,2020,0.0,35.0,False,10.61,141.0,0.8099999999999999,5,QB,9.668000000000001,True,True,True,True,True,,-2.098444832572291,2.877111940298507,,,,
,-4.0900764884529535,00-0026158,0.2936046511627907,QB_pocket,9.668000000000001,QB,0.0,48.34,10.952000000000002,-0.11727321954068377,0.0,0.68,0.0,-0.01485148514851485,-0.15000427153617846,201.0,NYJ,2022,0.0,37.0,False,,201.0,0.818,5,QB,16.609285714285715,True,True,False,True,False,,-4.503763944924813,2.7471675392670156,,,,
0.818,-1.350963885585467,00-0026158,0.3523936170212766,QB_pocket,19.07,QB,0.0,114.42,,-0.07980107603041856,0.0,0.6,0.0,0.0,-0.10821169196237451,263.0,CLE,2023,0.0,38.0,False,9.668000000000001,263.0,0.975,6,QB,12.715054945054945,True,True,True,False,True,,-1.0432828628622488,3.013539215686275,,,,
0.8525,-2.8235056625746693,00-0026158,0.6340057636887608,QB_pocket,11.281538461538462,QB,0.0,146.66,19.07,-0.088095001463982,0.0,0.44,0.0,0.0,-0.11374926353751141,432.0,CIN,2025,0.0,40.0,False,14.14857142857143,432.0,0.7784615384615384,13,QB,,False,,True,True,True,,-0.27533653846154493,2.728359223300971,,,,
,,00-0026176,,WR,10.446666666666667,WR,,156.70000000000002,,,0.22137404580152673,0.4,0.1682600382409178,,,,LV,2018,0.4073518894224454,33.0,False,,,0.8640000000000001,15,WR,,False,False,False,False,False,,,,2.721723652085742,5.804216867469879,,
,,00-0026189,,WR,12.608333333333334,WR,,151.3,,,0.21648385131017672,0.52,0.11954765751211632,,,,TB,2018,0.33086018218529817,32.0,False,,,0.525,12,WR,8.96,True,True,False,False,False,,,,2.7365699466874687,7.337777777777778,,
,,00-0026189,0.18219749652294853,WR,8.96,WR,0.1984732824427481,44.800000000000004,12.608333333333334,,0.08534176214934808,0.28,0.04634581105169341,1.8015267175572518,,,PHI,2020,0.12925795008208377,34.0,False,,,0.47400000000000003,5,WR,4.382380952380952,True,True,False,True,False,,,,,,,
0.47400000000000003,,00-0026189,0.2891566265060241,WR,5.293333333333334,WR,0.16666666666666666,79.4,,,0.1273174423004162,0.16,0.05625,2.2222222222222223,,,LV,2021,0.17349720961029133,35.0,False,8.96,,0.2888235294117647,15,WR,3.4714285714285715,True,True,True,False,True,,,,,,,
0.2888235294117647,,00-0026189,0.12479201331114809,WR,3.4714285714285715,WR,0.22666666666666666,24.3,8.96,,0.0749751737835154,0.04,0.034482758620689655,2.04,,,BAL,2022,0.10420675957949527,36.0,False,5.293333333333334,,0.2557142857142857,7,WR,,False,False,True,True,True,,,,,,,
,5.0340027279324,00-0026197,0.060024009603841535,QB_pocket,6.39,QB,0.0,25.56,,0.2145409389456486,0.0,0.84,0.0,0.0,0.2849127582312163,49.0,KC,2020,0.0,35.0,False,,49.0,0.4175,4,QB,0.9500000000000001,True,True,False,False,False,,,,,,,
0.4175,3.2737002770105996,00-0026197,0.0189520624303233,QB_pocket,0.8200000000000001,QB,0.0,3.2800000000000002,,0.02133931123142247,0.0,0.76,0.0,0.0,0.016454586286272388,16.0,KC,2021,0.0,36.0,False,6.39,16.0,0.11,4,QB,1.08,True,True,True,False,True,,,,,,,
0.11,-17.559968762927586,00-0026197,0.01066350710900474,QB_pocket,1.08,QB,0.0,4.32,6.39,0.0107430651544645,0.0,0.68,0.0,0.0,0.09060424491892466,9.0,KC,2022,0.0,37.0,False,0.8200000000000001,9.0,0.1175,4,QB,,False,False,True,True,True,,,,,,,
,,00-0026293,,WR,0.0,WR,,0.0,,,0.0,0.4,0.0,,,,NE,2018,0.0,33.0,False,,,0.015263157894736841,11,WR,0.375,True,True,False,False,False,,,,,,,
0.015263157894736841,,00-0026293,,WR,0.75,WR,,6.0,,,0.0,0.28,0.0,,,,NE,2019,0.0,34.0,False,0.0,,0.01647058823529412,8,WR,0.0,True,True,True,False,True,,,,,,,
0.01647058823529412,,00-0026293,,WR,0.0,WR,,0.0,0.0,,0.0,0.16,0.0,,,,NE,2020,0.0,35.0,False,0.75,,0.005,6,WR,0.0,True,True,True,True,True,,,,,,,
0.005,,00-0026293,,WR,0.0,WR,,0.0,0.75,,0.0,0.04,0.0,,,,NE,2021,0.0,36.0,False,0.0,,0.013888888888888888,11,WR,0.0,True,True,True,True,True,,,,,,,
0.013888888888888888,,00-0026293,,WR,0.0,WR,,0.0,0.0,,0.0,0.0,0.0,,,,NE,2022,0.0,37.0,False,0.0,,0.011764705882352941,8,WR,0.0,True,True,True,True,True,,,,,,,
0.011764705882352941,,00-0026293,,WR,0.0,WR,,0.0,0.0,,0.0,0.0,0.0,,,,NE,2023,0.0,38.0,False,0.0,,0.0,5,WR,,False,False,True,True,True,,,,,,,
,-4.873406201943584,00-0026300,,QB_pocket,12.4,QB,,49.6,,-0.0841274725442024,0.0,1.0,0.0,,-0.09929607705481665,102.0,WAS,2018,0.0,32.0,False,,102.0,0.8674999999999999,4,QB,,False,False,False,False,False,,,,,,,
,0.6479190253629917,00-0026300,0.13509544787077826,QB_pocket,11.58,QB,0.0,46.32,,0.21979868722816306,0.0,0.84,0.0,0.0,0.31122132878867725,88.0,NYJ,2021,0.0,35.0,False,,88.0,0.47250000000000003,4,QB,,False,False,False,False,False,,,,,,,
,,00-0026345,,WR,7.324999999999999,WR,,58.599999999999994,,,0.1132442960489705,0.52,0.09725158562367865,,,,SF,2018,0.22514838566979734,32.0,False,,,0.725,8,WR,,False,False,False,False,False,,,,2.7825083773804953,5.575,,
,-2.1100250894532486,00-0026498,,QB_pocket,13.26125,QB,,212.18,,-0.0038603397430312675,0.0,0.999,0.0,,0.0035281936076121123,597.0,DET,2018,0.0,30.0,False,,597.0,0.980625,16,QB,18.552500000000002,True,True,False,False,False,,0.33447467428338484,2.6367870036101078,,,,
0.980625,2.0877556376893756,00-0026498,0.49611197511664074,QB_pocket,20.82,QB,0.0,166.56,,0.15593321688676215,0.0,1.0,0.0,0.0,0.21381421424813432,308.0,DET,2019,0.0,31.0,False,13.26125,308.0,1.0,8,QB,18.22488095238095,True,True,True,False,True,,3.60299990195589,2.6852076124567468,,,,
1.0,-1.0241450924499362,00-0026498,0.9072642967542504,QB_pocket,16.285,QB,0.0017035775127768314,260.56,13.26125,0.0666123668371334,0.0030643513789581204,1.0,0.0017889087656529517,0.0,0.09954971730640459,563.0,DET,2020,0.004828409113750112,32.0,False,20.82,563.0,0.915,16,QB,16.103492063492062,True,True,True,True,True,,-1.2210366640691461,2.654399232245681,,,,
0.915,1.15570116532992,00-0026498,0.991304347826087,QB_pocket,20.164761904761903,QB,0.0012531328320802004,423.46,20.82,0.1477178425660921,0.0007891414141414141,1.0,0.0013550135501355014,0.0,0.20607248438586054,780.0,LA,2021,0.002584919315102242,33.0,False,16.285,780.0,0.9833333333333333,21,QB,14.32673611111111,True,True,True,True,True,,-1.101082777557977,2.7973311148086517,,,,
0.9833333333333333,-0.03873855378982183,00-0026498,0.5513866231647635,QB_pocket,12.042222222222223,QB,0.0,108.38000000000001,16.285,-0.06157356476155107,0.0,0.92,0.0,0.0,-0.08779621300025944,332.0,LA,2022,0.0,34.0,False,20.164761904761903,332.0,0.9522222222222223,9,QB,15.258402777777778,True,True,True,True,True,,-0.24193044837946331,2.717838283828383,,,,
0.9522222222222223,-1.9457726825613155,00-0026498,0.8913362701908958,QB_pocket,16.61125,QB,0.0,265.78,20.164761904761903,0.07029749188671315,0.0,0.84,0.0,0.0,0.10876401419199586,589.0,LA,2023,0.0,35.0,False,12.042222222222223,589.0,0.9775,16,QB,17.235777777777777,True,True,True,True,True,,-1.2519217230336679,2.6840888030888035,,,,
1.0,0.6893119348515055,00-0026498,0.9986754966887417,QB_pocket,20.566,QB,0.0,411.32,16.61125,0.157043222905608,0.0,0.68,0.0,0.0,0.22139326728721925,741.0,LA,2025,0.0,37.0,False,13.905555555555557,741.0,0.9875,20,QB,,False,,True,True,True,,1.4761474036850828,2.7992525252525255,,,,
,4.183405598527507,00-0026544,,QB_pocket,7.675000000000001,QB,,30.700000000000003,,-0.11243725177020865,-0.0012234910277324632,1.0,0.001838235294117647,,-0.17855352652255882,86.0,CHI,2018,0.0019009092217637461,32.0,False,,86.0,,4,QB,3.04,True,True,False,False,False,,,,,,,
,-1.1413779200577154,00-0026544,0.07418856259659969,QB_pocket,3.04,QB,0.0,12.16,7.675000000000001,-0.23581305374505676,0.0,0.92,0.0,0.0,-0.3319841714069766,45.0,DET,2020,0.0,34.0,False,,45.0,,4,QB,,False,False,False,True,False,,,,,,,
,-28.569602966308594,00-0026625,,QB_pocket,-0.10400000000000001,QB,,-0.52,,-1.1363871118635869,0.0,1.0,0.0,,-1.5009690042352304,2.0,NE,2018,0.0,33.0,False,,2.0,,5,QB,5.2700000000000005,True,True,False,False,False,,,,,,,
,-8.722899854183197,00-0026625,0.12564543889845095,QB_pocket,5.2700000000000005,QB,0.0,21.080000000000002,,-0.29277147447100743,0.0,0.92,0.0,0.0,-0.3808611070120827,71.0,IND,2019,0.0,34.0,False,-0.10400000000000001,71.0,,4,QB,2.4560000000000004,True,True,True,False,False,,,,,,,
,14.419839598915793,00-0026625,0.01765650080256822,QB_pocket,2.4560000000000004,QB,0.0,12.280000000000001,5.2700000000000005,1.371804437759618,0.0,0.76,0.0,0.0,1.897921312804101,11.0,NE,2021,0.0,36.0,False,,11.0,,5,QB,,False,False,False,True,False,,,,,,,
,,00-0026983,,WR,0.14999999999999997,WR,,1.1999999999999997,,,0.004787437763309077,0.64,0.0029895366218236174,,,,PIT,2018,0.00783551136705178,31.0,False,,,0.07928571428571429,8,WR,,False,False,False,False,False,,,,,,,
,,00-0026986,,WR,8.852941176470589,WR,,150.5,,,0.234375,0.64,0.184070796460177,,,,BAL,2018,0.4401686946902655,31.0,False,,,0.6852941176470588,17,WR,,False,False,False,False,False,,,,2.8318179006637134,5.299285714285714,,
,,00-0027029,,RB,9.085714285714285,RB,,127.2,,,-0.0103572183470725,0.12,0.09663865546218488,,,,BUF,2018,0.13770793035032658,30.0,True,,,0.5335714285714286,14,RB,6.324038461538462,True,True,False,False,False,,,,,,-1.0490461382073273,18.012422360248447
0.5335714285714286,,00-0027029,0.2118421052631579,RB,9.123076923076924,RB,0.2111801242236025,118.60000000000001,,,-0.004369197160021846,0.0,0.051515151515151514,1.124223602484472,,,KC,2019,0.07421428926071198,31.0,True,9.085714285714285,,0.3228571428571429,13,RB,3.525,True,True,True,False,True,,,,,,-0.22820385855059808,10.891089108910892
0.3228571428571429,,00-0027029,0.11375,RB,3.525,RB,0.2087912087912088,28.2,9.085714285714285,,0.0027544215714699915,0.0,0.025675675675675677,1.10989010989011,,,TB,2020,0.04044160861354251,32.0,True,9.123076923076924,,0.15166666666666664,8,RB,,False,False,True,True,True,,,,,,,
,,00-0027061,,TE,12.1,TE,,193.6,,,0.22900763358778625,0.9,0.1931166347992352,,,,LV,2018,0.4499802957103031,31.0,False,,,0.73125,16,TE,10.082941176470587,True,True,False,False,False,0.0,,,2.965243913338437,5.582361111111112,,
0.73125,,00-0027061,0.5705614567526556,TE,11.860000000000001,TE,0.18617021276595744,177.9,,,0.18142048378795678,0.8,0.12048192771084337,2.018617021276596,,,NO,2019,0.3077172302178348,32.0,False,12.1,,0.5586666666666666,15,TE,8.290441176470587,True,True,True,False,True,0.0,,,2.3494534969478744,4.88078431372549,,
0.5586666666666666,,00-0027061,0.5765069551777434,TE,8.305882352941175,TE,0.19839142091152814,141.2,12.1,,0.22401783226525496,0.7,0.12937062937062938,1.5335120643431635,,,NO,2020,0.35086842664162254,33.0,False,11.860000000000001,,0.46352941176470586,17,TE,8.275,True,True,True,True,True,0.0,,,2.2008466815976386,6.297551020408163,,
0.46352941176470586,,00-0027061,0.6675567423230975,TE,8.275,TE,0.166,132.4,11.860000000000001,,0.13788244766505636,0.6,0.1267175572519084,1.128,,,LAC,2021,0.28659404924340204,34.0,False,8.305882352941175,,0.570625,16,TE,,False,False,True,True,True,0.0,,,2.770401527564225,5.937681159420291,,
,,00-0027150,,WR,18.248,WR,,273.72,,,0.22012699634404465,0.52,0.21568627450980393,,,,NE,2018,0.47761830920553716,32.0,False,,,0.8913333333333333,15,WR,12.610882352941177,True,True,False,False,False,,,,3.253567722120477,6.227065217391303,,
0.8913333333333333,,00-0027150,0.946376811594203,WR,15.851764705882355,WR,0.24196018376722817,269.48,,,0.3098503740648379,0.4,0.25442834138486314,1.7565084226646248,,,NE,2019,0.5985377739226813,33.0,False,18.248,,0.8741176470588234,17,WR,9.37,True,True,True,False,True,,,,2.835081643026798,5.683943661971831,,
0.8741176470588234,,00-0027150,0.33532934131736525,WR,9.37,WR,0.23214285714285715,56.22,18.248,,0.13714090287277703,0.28,0.09307875894988067,1.875,,,NE,2020,0.23561677043576493,34.0,False,15.851764705882355,,0.6783333333333333,6,WR,,False,False,True,True,True,,,,,,,
,,00-0027215,,TE,3.0125,TE,,24.1,,,0.006340057636887608,0.9,0.014900662251655629,,,,ATL,2018,0.026789033723304767,31.0,False,,,,8,TE,,False,False,False,False,False,0.0,,,,,,
,,00-0027325,,RB,5.40625,RB,,86.5,,,-0.004919730709476955,0.0,0.02697841726618705,,,,DET,2018,0.0370238144026467,32.0,True,,,,16,RB,,False,False,False,False,False,,,,,,-0.9849196939376189,38.961038961038966
,,00-0027531,,RB,5.6923076923076925,RB,,74.0,,,-0.0004227436060029592,0.12,0.04201680672268908,,,,BUF,2018,0.06272928955983154,30.0,False,,,,13,RB,,False,False,False,False,False,,,,,,-0.46777956999131565,20.869565217391305
,,00-0027656,,TE,10.20625,TE,,163.3,,,0.20454108139311142,1.0,0.13725490196078433,,,,NE,2018,0.3490611099163545,29.0,False,,,0.9293750000000001,16,TE,9.015,True,True,False,False,False,0.0,,,2.6262426283317932,6.083559322033899,,
,,00-0027656,0.72,TE,9.015,TE,0.1579861111111111,180.3,10.20625,,0.14062046970136272,0.9,0.12297297297297298,1.2725694444444444,,,TB,2020,0.28289378825041334,31.0,False,,,0.7635,20,TE,14.12857142857143,True,True,False,True,False,0.0,,,2.710043002883795,5.002884615384615,,
0.7635,,00-0027656,0.5840092699884125,TE,14.12857142857143,TE,0.21031746031746032,197.8,,,0.1702728127939793,0.8,0.13167701863354037,1.8214285714285714,,,TB,2021,0.31670649690609604,32.0,False,9.015,,0.7821428571428571,14,TE,,False,False,True,False,True,0.0,,,3.4102316767175758,4.8122058823529406,,
,,00-0027675,,TE,5.34,TE,,53.4,,,0.02449716348633316,0.9,0.0425531914893617,,,,SEA,2018,0.08097780167447576,31.0,False,,,0.5163636363636364,10,TE,,False,False,False,False,False,0.0,,,,,,
,,00-0027681,,WR,9.375,WR,,37.5,,,0.03625954198473282,0.52,0.030592734225621414,,,,LV,2018,0.07127078072774509,32.0,False,,,0.6383333333333333,4,WR,,False,False,False,False,False,,,,,,,
,,00-0027685,,WR,16.518333333333334,WR,,198.22,,,0.22256313429313193,0.64,0.17689530685920576,,,,DEN,2018,0.421137154294001,31.0,False,,,0.8383333333333334,12,WR,10.619375000000002,True,True,False,False,False,,,,3.246848462389276,6.150212765957448,,
0.8383333333333334,,00-0027685,0.9361344537815126,WR,10.120000000000001,WR,0.18850987432675045,202.4,,,0.3485439807865506,0.52,0.2112676056338028,1.6876122082585279,,,SF,2019,0.5608821950012897,32.0,False,16.518333333333334,,0.791,20,WR,10.11875,True,True,True,False,True,,,,2.5030176603901753,5.137659574468085,,
0.791,,00-0027685,0.652241112828439,WR,11.11875,WR,0.22274881516587677,177.9,16.518333333333334,,0.22485371969908052,0.4,0.16433566433566432,1.8412322274881516,,,NO,2020,0.40390110029285287,33.0,False,10.120000000000001,,0.613125,16,WR,9.11875,True,True,True,True,True,,,,3.1250955253671084,6.559506172839505,,
0.613125,,00-0027685,0.6633416458852868,WR,9.11875,WR,0.14285714285714285,145.9,10.120000000000001,,0.19613926232333678,0.28,0.11127379209370425,1.2744360902255638,,,BUF,2021,0.3042081717668921,34.0,False,11.11875,,0.71875,16,WR,,False,False,True,True,True,,,,2.9177028261877918,5.714305555555556,,
,-1.4421754262664102,00-0027688,0.1273031825795645,QB_pocket,4.55,QB,0.0,18.2,,-0.08804509459726446,0.0,0.92,0.0,0.0,-0.11959795474066463,72.0,NYG,2020,0.0,34.0,False,,72.0,0.6175,4,QB,7.05,True,True,False,False,False,,,,,,,
0.6175,3.518246874517324,00-0027688,0.15482954545454544,QB_pocket,5.9,QB,0.0,41.300000000000004,,0.10597801902592004,0.0,0.84,0.0,0.0,0.13631896914624012,105.0,ARI,2021,0.0,35.0,False,4.55,105.0,0.3277777777777777,7,QB,8.2,True,True,True,False,True,,,,,,,
0.3277777777777777,-0.2532497394916623,00-0027688,0.202113606340819,QB_pocket,8.2,QB,0.0,32.8,4.55,-0.1839884497066069,0.0,0.76,0.0,0.0,-0.26175528641161705,145.0,ARI,2022,0.0,36.0,False,5.9,145.0,0.815,4,QB,,False,False,True,True,True,,,,,,,
,,00-0027691,,WR,2.36875,WR,,37.9,,,0.03358946212952799,0.76,0.03564356435643564,,,,NYJ,2018,0.07697797002532306,30.0,False,,,0.196875,16,WR,0.4007936507936508,True,True,False,False,False,,,,,,,
0.196875,,00-0027691,0.0706605222734255,WR,0.4071428571428572,WR,0.15217391304347827,5.700000000000001,,,0.02216798861094163,0.64,0.013282732447817837,0.43478260869565216,,,BUF,2019,0.035441690699385894,31.0,False,2.36875,,0.12214285714285714,14,WR,0.5847222222222223,True,True,True,False,True,,,,,,,
0.12214285714285714,,00-0027691,0.04804045512010114,WR,0.39444444444444443,WR,0.13157894736842105,7.1,2.36875,,0.007998666888851858,0.52,0.007309941520467836,0.8947368421052632,,,BUF,2020,0.016563979102898054,32.0,False,0.4071428571428572,,0.05111111111111111,18,WR,0.775,True,True,True,True,True,,,,,,,
0.05111111111111111,,00-0027691,0.029372496662216287,WR,0.775,WR,0.09090909090909091,12.4,0.4071428571428572,,0.005837359098228663,0.4,0.0030534351145038168,1.5909090909090908,,,LAC,2021,0.008666304040515788,33.0,False,0.39444444444444443,,0.031875,16,WR,,False,False,True,True,True,,,,,,,
,,00-0027696,,TE,8.1625,TE,,130.6,,,0.15419624977243765,0.8,0.1449511400651466,,,,GB,2018,0.3253640849384262,32.0,False,,,0.731875,16,TE,7.824019607843137,True,True,False,False,False,0.0,,,2.9410835550333534,6.2510810810810815,,
0.731875,,00-0027696,0.6507042253521127,TE,6.583333333333333,TE,0.14935064935064934,118.5,,,0.11688066465256798,0.7,0.11480865224625623,1.2012987012987013,,,GB,2019,0.25402944362618196,33.0,False,8.1625,,0.5538888888888889,18,TE,6.836898395721925,True,True,True,False,True,0.0,,,3.893748260661803,5.615,,
0.5538888888888889,,00-0027696,0.6269503546099291,TE,9.064705882352941,TE,0.17647058823529413,154.1,8.1625,,0.10784901138406232,0.6,0.12540192926045016,1.088235294117647,,,CHI,2020,0.26359720185951885,34.0,False,6.583333333333333,,0.5758823529411765,17,TE,4.609090909090909,True,True,True,True,True,0.0,,,3.0378179744800202,5.75904761904762,,
0.5758823529411765,,00-0027696,0.2084592145015106,TE,4.609090909090909,TE,0.16666666666666666,50.7,6.583333333333333,,0.04241585984324574,0.5,0.04389312977099236,1.210144927536232,,,CHI,2021,0.09553079654676055,35.0,False,9.064705882352941,,0.2653333333333333,11,TE,5.6499999999999995,True,True,True,True,True,0.0,,,,,,
,,00-0027696,0.11603053435114503,TE,5.6499999999999995,TE,0.09210526315789473,33.9,4.609090909090909,,0.008688456764584195,0.3,0.012152777777777778,0.5131578947368421,,,NO,2023,0.024311086401875605,37.0,False,,,0.19153846153846155,6,TE,,False,False,False,True,False,0.0,,,,,,
,,00-0027793,,WR,21.58,WR,,323.7,,,0.36212179241669856,0.76,0.25112107623318386,,,,PIT,2018,0.6301668690414648,30.0,False,,,0.9506666666666667,15,WR,13.4,True,True,False,False,False,,,,2.6277769233152473,5.039999999999999,,
,,00-0027793,0.36625,WR,13.4,WR,0.2525597269624573,147.4,21.58,,0.09770948100898812,0.52,0.1,1.924914675767918,,,TB,2020,0.2183966367062917,32.0,False,,,0.5636363636363636,11,WR,17.3,True,True,False,True,False,,,,3.2126297136176634,6.250163934426229,,
0.5636363636363636,,00-0027793,0.22711471610660486,WR,17.3,WR,0.3163265306122449,121.10000000000001,,,0.11508309814989025,0.4,0.07701863354037267,2.7806122448979593,,,TB,2021,0.19608611901548217,33.0,False,13.4,,0.5428571428571428,7,WR,,False,False,True,False,True,,,,3.4108880178849326,6.337118644067798,,
,,00-0027796,,QB_pocket,0.825,QB,,3.3,,,0.0038383382253330323,1.0,0.005836575875486381,,,,HOU,2018,0.011441700570962695,32.0,False,,,0.028823529411764706,4,QB,,False,False,False,False,False,,,,,,,
,,00-0027873,,TE,2.05,TE,,16.4,,,0.006235385814497272,1.0,0.02553191489361702,,,,ARI,2018,0.042662642410573624,30.0,False,,,0.5461538461538461,8,TE,,False,False,False,False,False,0.0,,,,,,
,,00-0027874,,WR,10.446666666666667,WR,,156.70000000000002,,,0.21406655652584375,0.64,0.16064981949458484,,,,DEN,2018,0.39082131880996784,31.0,False,,,0.7666666666666667,15,WR,7.754545454545456,True,True,False,False,False,,,,3.021092108367718,5.919294117647059,,
0.7666666666666667,,00-0027874,0.4948805460750853,WR,7.754545454545456,WR,0.2,85.30000000000001,,,0.1463656660878194,0.52,0.11788617886178862,1.493103448275862,,,NYJ,2019,0.2792852345541565,32.0,False,10.446666666666667,,0.6509090909090909,11,WR,,False,False,True,False,True,,,,2.4796169099503578,5.832280701754387,,
,,00-0027891,,WR,11.9,WR,,202.3,,,0.17406679764243616,0.76,0.19004524886877827,,,,PHI,2018,0.4069146316528727,30.0,False,,,0.6105882352941177,17,WR,10.61409090909091,True,True,False,False,False,,,,2.97512100877972,6.288712871287128,,
0.6105882352941177,,00-0027891,0.6217008797653959,WR,14.01818181818182,WR,0.20047169811320756,154.20000000000002,,,0.17269076305220885,0.64,0.14554794520547945,1.5943396226415094,,,NYG,2019,0.33920545194476537,31.0,False,11.9,,0.8618181818181818,11,WR,7.21,True,True,True,False,True,,,,2.1694953348211907,5.742658227848102,,
0.8618181818181818,,00-0027891,0.509212730318258,WR,7.21,WR,0.17105263157894737,86.52,11.9,,0.11900487304437035,0.52,0.10483870967741936,1.2763157894736843,,,NYG,2020,0.24056147564718827,32.0,False,14.01818181818182,,0.5741666666666666,12,WR,,False,False,True,True,True,,,,2.1363611776062816,6.578958333333335,,
,,00-0027902,0.13427561837455831,WR,3.783333333333333,WR,0.17105263157894737,22.7,,,0.018047788510421964,0.52,0.028824833702882482,0.618421052631579,,,BAL,2020,0.055870702511619096,32.0,False,,,0.28625,6,WR,,False,False,False,False,False,,,,,,,
,3.0426969284003,00-0027939,,QB_dual_threat,20.185714285714287,QB,,282.6,,0.04778320916369941,0.0,1.0,0.0,,0.05522159768356931,501.0,CAR,2018,0.0,29.0,True,,501.0,0.99,14,QB,17.398666666666667,True,True,False,False,False,,2.9816739537976673,2.693275641025641,,,,
,-1.0236097515468867,00-0027939,0.846307385229541,QB_dual_threat,17.398666666666667,QB,0.0047169811320754715,260.98,20.185714285714287,-0.04254253226943232,0.005813953488372093,0.76,0.00477326968973747,0.08254716981132075,-0.05638814716398809,398.0,NE,2020,0.011229671976466672,31.0,True,,398.0,0.9273333333333333,15,QB,12.337142857142856,True,True,False,True,False,,-1.993388052948788,2.8388989071038253,,,,
0.9273333333333333,-12.635349578434422,00-0027939,0.20760233918128654,QB_dual_threat,12.337142857142856,QB,0.0,86.36,,-0.24089797878128866,0.0,0.64,0.0,0.0,-0.2899884714942649,137.0,CAR,2021,0.0,32.0,True,17.398666666666667,137.0,0.5,7,QB,,False,False,True,False,True,,,,,,,
,,00-0027942,,WR,16.6,WR,,149.4,,,0.22165664044423877,0.76,0.14583333333333334,,,,CIN,2018,0.3739096483109671,30.0,False,,,0.7911111111111111,9,WR,6.956250000000001,True,True,False,False,False,,,,2.028803888184738,4.395657894736843,,
,,00-0027942,0.7852760736196319,WR,6.956250000000001,WR,0.203125,111.30000000000001,16.6,,0.30954446854663775,0.52,0.18374558303886926,1.021484375,,,CIN,2020,0.49229950254095034,32.0,False,,,0.769375,16,WR,6.980995475113122,True,True,False,True,False,,,,1.7240434676516958,5.259117647058823,,
0.769375,,00-0027942,0.7897727272727273,WR,9.223529411764707,WR,0.17086330935251798,156.8,,,0.25774555042847724,0.4,0.15728476821192053,1.525179856115108,,,ARI,2021,0.41634903761781483,33.0,False,6.956250000000001,,0.8035294117647059,17,WR,4.7384615384615385,True,True,True,False,True,,,,2.512337025728572,6.052087912087912,,
0.8035294117647059,,00-0027942,0.4808454425363276,WR,4.7384615384615385,WR,0.12912087912087913,61.6,6.956250000000001,,0.11477601961221306,0.28,0.07413249211356467,0.6483516483516484,,,ARI,2022,0.19154195189889614,34.0,False,9.223529411764707,,0.5193333333333333,13,WR,,False,False,True,True,True,,,,2.338413590720807,6.154893617021277,,
,,00-0027944,,WR,20.368750000000002,WR,,325.90000000000003,,,0.4566762728146013,0.88,0.2814569536423841,,,,ATL,2018,0.7418588214337971,29.0,False,,,0.76625,16,WR,17.253333333333334,True,True,False,False,False,,,,2.4845726567028485,5.697839506172839,,
0.76625,,00-0027944,0.7552356020942408,WR,18.273333333333333,WR,0.2720970537261698,274.1,,,0.36426308924911494,0.76,0.24153846153846154,2.415944540727903,,,ATL,2019,0.6172918547820727,30.0,False,20.368750000000002,,0.7586666666666667,15,WR,12.325757575757576,True,True,True,False,True,,,,2.1638664762468784,5.557046979865772,,
0.7586666666666667,,00-0027944,0.43459302325581395,WR,16.233333333333334,WR,0.22742474916387959,146.10000000000002,20.368750000000002,,0.14689482791770814,0.64,0.1152542372881356,2.5785953177257523,,,ATL,2020,0.2757077354745991,31.0,False,18.273333333333333,,0.7122222222222222,9,WR,8.336363636363636,True,True,True,True,True,,,,2.7329357101143965,6.172769230769231,,
0.7122222222222222,,00-0027944,0.4292527821939587,WR,8.418181818181818,WR,0.2037037037037037,92.6,18.273333333333333,,0.15339946769900797,0.52,0.1014760147601476,1.837037037037037,,,TEN,2021,0.25959364952952696,32.0,False,16.233333333333334,,0.6000000000000001,11,WR,6.438383838383838,True,True,True,True,True,,,,2.427074285897147,5.460212765957447,,
0.6000000000000001,,00-0027944,0.33294255568581477,WR,8.254545454545454,WR,0.19014084507042253,90.8,16.233333333333334,,0.12511584800741427,0.4,0.06878980891719745,1.3133802816901408,,,TB,2022,0.19076580698098616,33.0,False,8.418181818181818,,0.48000000000000004,11,WR,4.622222222222222,True,True,True,True,True,,,,,,,
0.48000000000000004,,00-0027944,0.24566473988439305,WR,4.622222222222222,WR,0.12941176470588237,41.599999999999994,8.418181818181818,,0.032504780114722756,0.28,0.03949730700179533,0.5647058823529412,,,PHI,2023,0.08199930658299892,34.0,False,8.254545454545454,,0.33166666666666667,9,WR,,False,False,True,True,True,,,,,,,
,-8.040312715251037,00-0027948,,QB_pocket,4.13,QB,,33.04,,-0.17782618126685992,0.0,0.942,0.0,,-0.21957891874443833,106.0,TEN,2018,0.0,29.0,False,,106.0,0.455,8,QB,3.8299999999999996,True,True,False,False,False,,,,,,,
,-14.44516722112894,00-0027948,0.02375,QB_pocket,3.8299999999999996,QB,0.0,15.319999999999999,4.13,-0.06765125869118953,0.0,1.0,0.0,0.0,-0.03473679575400386,17.0,TB,2020,0.0,31.0,False,,17.0,0.165,4,QB,0.33,True,True,False,True,False,,,,,,,
0.165,-0.7117734713987871,00-0027948,0.013904982618771726,QB_pocket,0.33,QB,0.0,1.98,,0.009055061771295255,0.0,1.0,0.0,0.0,0.015986260264988023,12.0,TB,2021,0.0,32.0,False,3.8299999999999996,12.0,0.105,6,QB,,False,False,True,False,True,,,,,,,
,,00-0027966,,RB,11.171428571428573,RB,,156.4,,,0.003484320557491289,0.34,0.05381944444444445,,,,NO,2018,0.08316819105691058,29.0,True,,,0.445,14,RB,10.35125,True,True,False,False,False,,,,,,0.5078601558885081,31.88405797101449
0.445,,00-0027966,0.39723661485319517,RB,15.412500000000001,RB,0.13478260869565217,246.60000000000002,,,0.011113683723084047,0.12,0.0649895178197065,1.1130434782608696,,,BAL,2019,0.10526385533571857,30.0,True,11.171428571428573,,0.47375,16,RB,6.5235714285714295,True,True,True,False,True,,,,,,0.14816418600409262,22.277227722772277
0.47375,,00-0027966,0.11484098939929328,RB,5.29,RB,0.12307692307692308,52.9,11.171428571428573,,0.003050330452465684,0.0,0.017738359201773836,0.7692307692307693,,,BAL,2020,0.02874277011938673,31.0,True,15.412500000000001,,0.23363636363636361,10,RB,6.383571428571429,True,True,True,True,True,,,,,,,
0.23363636363636361,,00-0027966,0.31655844155844154,RB,7.757142857142858,RB,0.1794871794871795,108.60000000000001,15.412500000000001,,-0.0002632964718272775,0.0,0.06692160611854685,0.8307692307692308,,,HOU,2021,0.10019810164754117,32.0,True,5.29,,0.4407142857142857,14,RB,5.01,True,True,True,True,True,,,,,,-0.35238128310749534,38.75
0.4407142857142857,,00-0027966,0.21201413427561838,RB,5.01,RB,0.15,50.1,5.29,,-0.003847024213622992,0.0,0.036734693877551024,0.5666666666666667,,,NO,2022,0.05240912386679045,33.0,True,7.757142857142858,,0.314,10,RB,,False,False,True,True,True,,,,,,,
,-3.0416177643113445,00-0027973,,QB_pocket,15.867272727272727,QB,,174.54,,0.029820964328198328,0.0,1.0,0.0,,0.05563688231590338,384.0,CIN,2018,0.0,31.0,False,,384.0,0.9190909090909091,11,QB,14.055804195804196,True,True,False,False,False,,-0.5741770167465035,2.608201657458564,,,,
0.9190909090909091,-3.2719837146855535,00-0027973,0.8475073313782991,QB_pocket,15.666153846153849,QB,0.0017301038062283738,203.66000000000003,,-0.04258876258195601,-0.0016535758577924762,1.0,0.001697792869269949,-0.006920415224913495,-0.04681830205414194,560.0,CIN,2019,0.00138918620345019,32.0,False,15.867272727272727,560.0,1.0,13,QB,11.485227272727272,True,True,True,False,True,,-2.1264180452845096,2.510345489443378,,,,
1.0,-0.40747840074623154,00-0027973,0.5260196905766527,QB_pocket,12.445454545454545,QB,0.00267379679144385,136.9,15.867272727272727,-0.03104042811071213,-0.0015387997362057595,1.0,0.0016233766233766235,-0.008021390374331552,-0.042597132726390624,357.0,DAL,2020,0.0013579051197209035,33.0,False,15.666153846153849,357.0,0.8281818181818181,11,QB,11.485357142857143,True,True,True,True,True,,0.26467464327275536,2.4992672672672676,,,,
0.8281818181818181,-4.195212746769321,00-0027973,0.40634441087613293,QB_pocket,10.525,QB,0.0,84.2,15.666153846153849,-0.09512181906182704,0.0,0.92,0.0,0.0,-0.11790882974502725,256.0,CHI,2021,0.0,34.0,False,12.445454545454545,256.0,0.725,8,QB,12.445714285714287,True,True,True,True,True,,-4.054745914951219,2.6433021276595743,,,,
0.725,0.6179992027662613,00-0027973,0.7367491166077739,QB_pocket,12.445714285714287,QB,0.0,174.24,12.445454545454545,0.01446988764338118,0.0,0.84,0.0,0.0,0.01802270005011771,404.0,NO,2022,0.0,35.0,False,10.525,404.0,0.8585714285714285,14,QB,9.826666666666666,True,True,True,True,True,,1.016871858802105,2.6231005291005287,,,,
0.81,6.595920026302338,00-0027973,0.07290015847860538,QB_pocket,2.38,QB,0.0,9.52,,-0.06828266802109348,0.0,0.6,0.0,0.0,-0.125814897285715,45.0,CAR,2025,0.0,38.0,False,9.826666666666666,45.0,0.38,4,QB,,False,,True,False,True,,,,,,,
,,00-0027981,,TE,9.4625,TE,,151.4,,,0.12181435585690904,1.0,0.14211438474870017,,,,MIN,2018,0.29844162622288656,29.0,False,,,0.8831249999999999,16,TE,6.525,True,True,False,False,False,0.0,,,3.5472514047159645,5.7632258064516115,,
0.8831249999999999,,00-0027981,0.8069565217391305,TE,7.6,TE,0.125,129.2,,,0.10062044780145671,1.0,0.12236286919831224,0.8663793103448276,,,MIN,2019,0.253978617258488,30.0,False,9.4625,,0.7711111111111112,17,TE,4.715,True,True,True,False,True,0.0,,,3.3619483398826464,5.64625,,
0.7711111111111112,,00-0027981,0.5086206896551724,TE,5.45,TE,0.12542372881355932,65.4,9.4625,,0.06803962460896767,0.9,0.07838983050847458,1.1322033898305084,,,MIN,2020,0.16521248298898922,31.0,False,7.6,,0.7208333333333333,12,TE,3.17,True,True,True,True,True,0.0,,,,,,
0.7208333333333333,,00-0027981,0.4114114114114114,TE,3.98,TE,0.14233576642335766,59.7,7.6,,0.058522311631309436,0.8,0.07103825136612021,0.9379562043795621,,,NYG,2021,0.14752299519109693,32.0,False,5.45,,0.48125,15,TE,2.3600000000000003,True,True,True,True,True,0.0,,,,,,
0.48125,,00-0027981,0.04806565064478312,TE,2.3600000000000003,TE,0.12195121951219512,11.8,5.45,,0.008155699721964782,0.7,0.006369426751592357,0.6829268292682927,,,TB,2022,0.015263129932763884,33.0,False,3.98,,0.12333333333333335,5,TE,,False,False,True,True,True,0.0,,,,,,
,,00-0027985,,TE,3.0,TE,,42.0,,,0.025669033315128344,1.0,0.04071661237785016,,,,GB,2018,0.07904324188736508,30.0,False,,,0.301875,14,TE,2.0,True,True,False,False,False,0.0,,,,,,
0.301875,,00-0027985,0.08620689655172414,TE,2.0,TE,0.12727272727272726,8.0,,,0.01470296046095768,0.9,0.012259194395796848,0.9090909090909091,,,LAC,2019,0.028680863916365644,31.0,False,3.0,,0.1125,4,TE,,False,False,True,False,True,0.0,,,,,,
,,00-0027996,,WR,6.25,WR,,50.0,,,0.1019559902200489,0.88,0.05698529411764706,,,,CAR,2018,0.15684713433050482,29.0,False,,,0.44636363636363635,8,WR,,False,False,False,False,False,,,,,,,
,,00-0028002,,WR,9.58888888888889,WR,,86.30000000000001,,,0.09503003823047515,1.0,0.0993485342019544,,,,GB,2018,0.2155438280642642,28.0,False,,,0.7711111111111111,9,WR,10.168333333333333,True,True,False,False,False,,,,2.923928370475178,5.379655172413793,,
0.7711111111111111,,00-0028002,0.7383177570093458,WR,10.326666666666666,WR,0.1751054852320675,154.9,,,0.15393237436951243,0.88,0.1440972222222222,1.7468354430379747,,,DAL,2019,0.323898495391992,29.0,False,9.58888888888889,,0.6913333333333332,15,WR,8.988333333333333,True,True,True,False,True,,,,3.032001076205204,6.224383561643836,,
0.6913333333333332,,00-0028002,0.4078549848942598,WR,10.01,WR,0.17777777777777778,100.1,9.58888888888889,,0.06869417269247129,0.76,0.09142857142857143,1.6333333333333333,,,HOU,2020,0.18522877802758705,30.0,False,10.326666666666666,,0.6060000000000001,10,WR,7.125641025641025,True,True,True,True,True,,,,2.8636152896080707,6.458292682926828,,
0.6060000000000001,,00-0028002,0.402046783625731,WR,7.966666666666666,WR,0.14545454545454545,95.6,10.326666666666666,,0.06655253584421143,0.64,0.06700167504187604,1.3636363636363635,,,GB,2021,0.14708928765376206,31.0,False,10.01,,0.4776923076923077,12,WR,4.081196581196581,True,True,True,True,True,,,,,,,
0.4776923076923077,,00-0028002,0.40916530278232405,WR,6.2846153846153845,WR,0.2,81.7,10.01,,0.10812656498975642,0.52,0.09276437847866419,1.668,,,GB,2022,0.21483516321082577,32.0,False,7.966666666666666,,0.446923076923077,13,WR,1.8777777777777775,True,True,True,True,True,,,,2.8815060537327275,5.99139534883721,,
0.446923076923077,,00-0028002,0.2177650429799427,WR,1.8777777777777775,WR,0.1118421052631579,16.9,7.966666666666666,,0.0436046511627907,0.4,0.030249110320284697,0.2565789473684211,,,NYJ,2023,0.07589692129438053,33.0,False,6.2846153846153845,,0.3181818181818182,9,WR,,False,False,True,True,True,,,,,,,
,,00-0028011,,RB,1.6444444444444446,RB,,14.8,,,0.0017234775947912676,0.34,0.005979073243647235,,,,PIT,2018,0.010175044181824739,29.0,False,,,0.094,9,RB,,False,False,False,False,False,,,,,,,
,,00-0028042,,TE,3.625,TE,,43.5,,,0.05116133082234777,1.0,0.049528301886792456,,,,TEN,2018,0.11010538440583212,30.0,False,,,0.489375,12,TE,1.1587121212121212,True,True,False,False,False,0.0,,,,,,
0.489375,,00-0028042,0.24607329842931938,TE,1.1083333333333334,TE,0.07446808510638298,13.3,,,0.011179429849077696,0.9,0.021538461538461538,0.28191489361702127,,,ATL,2019,0.0401332932020467,31.0,False,3.625,,0.4066666666666667,12,TE,0.8712121212121211,True,True,True,False,True,0.0,,,,,,
0.4066666666666667,,00-0028042,0.3066860465116279,TE,1.209090909090909,TE,0.052132701421800945,13.299999999999999,3.625,,0.004037685060565276,0.8,0.01864406779661017,0.2985781990521327,,,ATL,2020,0.030792481237310952,32.0,False,1.1083333333333334,,0.450625,11,TE,0.5333333333333333,True,True,True,True,True,0.0,,,,,,
0.450625,,00-0028042,0.06891271056661562,TE,0.5333333333333333,TE,0.044444444444444446,3.2,1.1083333333333334,,0.0013360053440213762,0.7,0.0035778175313059034,0.26666666666666666,,,MIN,2021,0.006301930037773819,33.0,False,1.209090909090909,,0.1975,6,TE,,False,False,True,True,True,0.0,,,,,,
,,00-0028063,,RB,0.0,RB,,0.0,,,0.0063411540900443885,0.12,0.004201680672268907,,,,BUF,2018,0.010741328871434433,30.0,False,,,0.006666666666666667,5,RB,0.635,True,True,False,False,False,,,,,,,
0.006666666666666667,,00-0028063,0.01366120218579235,RB,1.27,RB,0.3,12.700000000000001,,,-0.00039115978877371407,0.0,0.0050933786078098476,5.7,,,HOU,2019,0.007366256059573172,31.0,False,0.0,,0.022307692307692306,10,RB,0.0,True,True,True,False,True,,,,,,,
0.022307692307692306,,00-0028063,0.006321112515802781,RB,0.0,RB,0.4,0.0,0.0,,0.0073321113147808694,0.0,0.0029239766081871343,0.0,,,BUF,2020,0.00951844283262731,32.0,False,1.27,,0.004375,10,RB,0.0,True,True,True,True,True,,,,,,,
0.004375,,00-0028063,0.0012468827930174563,RB,0.0,RB,0.0,0.0,1.27,,0.0,0.0,0.0,0.0,,,BUF,2021,0.0,33.0,False,0.0,,0.0005263157894736842,9,RB,0.0,True,True,True,True,True,,,,,,,
0.0005263157894736842,,00-0028063,,RB,0.0,RB,,0.0,0.0,,0.0,0.0,0.0,,,,BUF,2022,0.0,34.0,False,0.0,,0.0,9,RB,,False,False,True,True,True,,,,,,,
,,00-0028064,,RB,8.614285714285714,RB,,60.3,,,0.019538968166849614,0.12,0.03564356435643564,,,,NYJ,2018,0.06714262425144818,30.0,False,,,0.4714285714285715,7,RB,2.766666666666667,True,True,False,False,False,,,,,,,
0.4714285714285715,,00-0028064,0.14675767918088736,RB,2.766666666666667,RB,0.13953488372093023,33.2,,,0.005209625403125776,0.0,0.024390243902439025,0.38372093023255816,,,NYJ,2019,0.04023210363584658,31.0,False,8.614285714285714,,0.18923076923076923,12,RB,,False,False,True,False,True,,,,,,,
,,00-0028083,,RB,5.533333333333333,RB,,83.0,,,0.01218769043266301,0.56,0.07269789983844911,,,,TB,2018,0.11757823306053779,28.0,False,,,0.325,15,RB,,False,False,False,False,False,,,,,,,
,,00-0028087,,RB,10.043750000000001,RB,,160.70000000000002,,,-0.022284996861268048,0.56,0.1580188679245283,,,,TEN,2018,0.2214288040839048,28.0,True,,,0.605625,16,RB,3.923529411764706,True,True,False,False,False,,,,,,-0.41340693874482176,27.09677419354839
0.605625,,00-0028087,0.5165016501650165,RB,4.147058823529412,RB,0.10862619808306709,70.5,,,-0.004840940525587829,0.34,0.0709812108559499,0.5686900958466453,,,TEN,2019,0.10308315791601337,29.0,True,10.043750000000001,,0.3373684210526316,17,RB,3.7,True,True,True,False,True,,,,,,,
0.3373684210526316,,00-0028087,0.423785594639866,RB,3.7,RB,0.11857707509881422,59.2,10.043750000000001,,0.017696845344960247,0.12,0.06048387096774194,0.5019762845849802,,,NYG,2020,0.10311359819308508,30.0,True,4.147058823529412,,0.30125,16,RB,,False,False,True,True,True,,,,,,,
,,00-0028093,,TE,3.25,TE,,19.5,,,0.029131500136128505,1.0,0.02524271844660194,,,,JAX,2018,0.05825612776519286,29.0,False,,,0.2383333333333333,6,TE,,False,False,False,False,False,0.0,,,,,,
,,00-0028097,,TE,3.922222222222222,TE,,35.3,,,0.0054525627044711015,0.9,0.021032504780114723,,,,LV,2018,0.03536555106330185,31.0,False,,,0.270625,9,TE,2.7777777777777777,True,True,False,False,False,0.0,,,,,,
0.270625,,00-0028097,0.19508448540706605,TE,1.6555555555555557,TE,0.047244094488188976,14.9,,,0.006711409395973154,0.8,0.011385199240986717,0.30708661417322836,,,BUF,2019,0.021775785438661283,32.0,False,3.922222222222222,,0.29705882352941176,9,TE,3.025,True,True,True,False,True,0.0,,,,,,
0.29705882352941176,,00-0028097,0.08470290771175727,TE,3.9,TE,0.08955223880597014,19.5,3.922222222222222,,0.0036660556573904347,0.7,0.008771929824561403,0.5223880597014925,,,BUF,2020,0.01572413369701541,33.0,False,1.6555555555555557,,0.21538461538461537,5,TE,2.15,True,True,True,True,True,0.0,,,,,,
0.21538461538461537,,00-0028097,0.17246835443037975,TE,2.15,TE,0.10091743119266056,21.5,1.6555555555555557,,0.009504752376188095,0.6,0.02022058823529412,0.5963302752293578,,,ATL,2021,0.03698420901627285,34.0,False,3.9,,0.308125,10,TE,,False,False,True,True,True,0.0,,,,,,
,,00-0028112,,TE,3.4,TE,,37.4,,,0.061297822870429085,1.0,0.07563025210084033,,,,BUF,2018,0.15635385416056086,29.0,False,,,0.5984615384615384,11,TE,3.18,True,True,False,False,False,0.0,,,,,,
0.5984615384615384,,00-0028112,0.33124018838304553,TE,3.18,TE,0.11374407582938388,47.7,,,0.03825824314120312,1.0,0.045368620037807186,1.1232227488151658,,,ARI,2019,0.09483370025555297,30.0,False,3.4,,0.4093333333333333,15,TE,,False,False,True,False,True,0.0,,,,,,
,,00-0028114,,WR,1.1466666666666667,WR,,17.2,,,-0.0019083969465648854,0.64,0.011472275334608031,,,,LV,2018,0.015872535139316628,31.0,False,,,0.054000000000000006,15,WR,,False,False,False,False,False,,,,,,,
,,00-0028116,,WR,5.007142857142857,WR,,70.1,,,0.14051905541267243,0.76,0.060658578856152515,,,,MIN,2018,0.1893512070730995,30.0,False,,,0.2914285714285714,14,WR,,False,False,False,False,False,,,,,,,
,-12.138132096790686,00-0028118,,QB_pocket,10.354999999999999,QB,,41.419999999999995,,-0.2447274490519294,0.0,0.942,0.0,,-0.29759007537365334,97.0,CLE,2018,0.0,29.0,False,,97.0,0.61,4,QB,1.505,True,True,False,False,False,,,,,,,
0.61,0.7079670826594034,00-0028118,0.012539184952978056,QB_pocket,1.505,QB,0.125,6.02,,0.4282341851872237,-0.0007947546195112259,0.999,0.0017513134851138354,0.0,0.608728977056065,6.0,LAC,2019,0.0020706419940128952,30.0,False,10.354999999999999,6.0,0.0625,4,QB,13.623333333333333,True,True,True,False,True,,,,,,,
,-3.625983806947867,00-0028118,0.2905844155844156,QB_pocket,13.623333333333333,QB,0.0,81.74,1.505,-0.11095955379748029,0.0,1.0,0.0,0.0,-0.14297371768090958,162.0,HOU,2021,0.0,32.0,False,,162.0,0.8316666666666667,6,QB,8.734,True,True,False,True,False,,-3.755582741151244,2.786046979865772,,,,
,4.384998795462818,00-0028118,0.3323442136498516,QB_pocket,8.734,QB,0.0,87.34,13.623333333333333,0.018910488854690398,0.0,0.92,0.0,0.0,0.008222132097574207,192.0,NYG,2023,0.0,34.0,False,,192.0,0.47909090909090907,10,QB,9.91,True,True,False,True,False,,1.8974407472544215,2.8041724137931032,,,,
,-0.8776028794566477,00-0028118,0.275974025974026,QB_pocket,9.91,QB,0.0,59.46,8.734,-0.0654009865580551,0.0,0.76,0.0,0.0,-0.08966882559955024,147.0,NYJ,2025,0.0,36.0,False,,147.0,0.6699999999999999,6,QB,,False,,False,True,False,,,,,,,
,,00-0028142,,TE,3.30625,TE,,52.9,,,0.03217558065203495,1.0,0.05,,,,LAC,2018,0.09752290645642447,30.0,False,,,0.6577777777777778,16,TE,2.35,True,True,False,False,False,0.0,,,,,,
0.6577777777777778,,00-0028142,0.28683385579937304,TE,1.9000000000000001,TE,0.07103825136612021,22.8,,,0.012517385257301807,0.9,0.02276707530647986,0.4262295081967213,,,LAC,2019,0.04291278263983105,31.0,False,3.30625,,0.38066666666666665,12,TE,2.8,True,True,True,False,True,0.0,,,,,,
0.38066666666666665,,00-0028142,0.07814761215629522,TE,2.8,TE,0.1111111111111111,14.0,3.30625,,0.015334773218142549,0.8,0.009933774834437087,0.9259259259259259,,,LAC,2020,0.02563500350435541,32.0,False,1.9000000000000001,,0.32666666666666666,5,TE,,False,False,True,True,True,0.0,,,,,,
,,00-0028237,,WR,6.666666666666667,WR,,120.0,,,0.16644217817971907,0.64,0.11010558069381599,,,,NE,2018,0.2816678957665273,31.0,False,,,0.7463157894736842,18,WR,3.63,True,True,False,False,False,,,,4.085806710119161,6.243061224489796,,
0.7463157894736842,,00-0028237,0.1532033426183844,WR,2.1,WR,0.13636363636363635,14.700000000000001,,,0.023730791674771445,0.52,0.025,0.6090909090909091,,,CAR,2019,0.054111554172340016,32.0,False,6.666666666666667,,0.31857142857142856,7,WR,3.99,True,True,True,False,True,,,,,,,
0.31857142857142856,,00-0028237,0.2991304347826087,WR,5.16,WR,0.1511627906976744,25.8,6.666666666666667,,0.06433184302036761,0.4,0.056155507559395246,0.686046511627907,,,NYJ,2020,0.1292655514533502,33.0,False,2.1,,0.8300000000000001,5,WR,2.82,True,True,True,True,True,,,,,,,
0.8300000000000001,,00-0028237,0.048027444253859346,WR,2.82,WR,0.2857142857142857,14.1,2.1,,0.01338432122370937,0.28,0.016985138004246284,1.4642857142857142,,,NO,2021,0.03484673186296598,34.0,False,5.16,,0.24,5,WR,,False,False,True,True,True,,,,,,,
,,00-0028263,,WR,2.246153846153846,WR,,29.2,,,0.06615937433946312,0.76,0.05042016806722689,,,,BUF,2018,0.12194181413846453,30.0,False,,,,13,WR,,False,False,False,False,False,,,,,,,
,,00-0028411,,WR,10.120000000000001,WR,,101.2,,,0.09060834405440177,0.88,0.06714285714285714,,,,IND,2018,0.16414012655236696,29.0,False,,,0.5763636363636363,10,WR,5.457142857142857,True,True,False,False,False,,,,,,,
0.5763636363636363,,00-0028411,0.19905956112852666,WR,4.3,WR,0.16535433070866143,30.1,,,0.05682495529505265,0.76,0.03677758318739054,1.4251968503937007,,,LAC,2019,0.09494384348762266,30.0,False,10.120000000000001,,0.42857142857142855,7,WR,6.614285714285715,True,True,True,False,True,,,,,,,
0.42857142857142855,,00-0028411,0.31629834254143646,WR,6.614285714285715,WR,0.1222707423580786,46.300000000000004,10.120000000000001,,0.05831860641252209,0.64,0.04560260586319218,0.7117903930131004,,,WAS,2020,0.10922693328355373,31.0,False,4.3,,0.4354545454545455,7,WR,,False,False,True,True,True,,,,,,,
,,00-0028434,,WR,10.571428571428571,WR,,148.0,,,0.23233625580195977,0.76,0.1867612293144208,,,,SEA,2018,0.44277722303300304,30.0,False,,,,14,WR,,False,False,False,False,False,,,,2.8235770082373737,5.156515151515151,,
,,00-0028581,,RB,1.2625000000000002,FB,,10.100000000000001,,,0.0057070386810399495,0.34,0.008403361344537815,,,,BUF,2018,0.016599969093534686,29.0,False,,,,8,RB,1.2249999999999999,True,True,False,False,False,,,,,,,
,,00-0028581,0.10445468509984639,RB,1.2249999999999999,FB,0.11764705882352941,9.799999999999999,,,0.016270083384177344,0.12,0.015180265654648957,0.6029411764705882,,,BUF,2019,0.03415945685089757,30.0,False,1.2625000000000002,,,8,RB,,False,False,True,False,False,,,,,,,
,,00-0028825,,WR,6.6375,WR,,53.1,,,0.08166849615806805,0.88,0.0594059405940594,,,,NYJ,2018,0.14627685820173675,29.0,False,,,,8,WR,,False,False,False,False,False,,,,,,,
,,00-0028903,,TE,3.25,TE,,26.0,,,0.025041736227045076,1.0,0.016913319238900635,,,,SF,2018,0.042899194217282506,30.0,False,,,,8,TE,,False,False,False,False,False,0.0,,,,,,
,-1.2520110983653425,00-0028986,,QB_pocket,13.43125,QB,,214.9,,-0.03662207605153555,0.0,0.999,0.0,,-0.04695148965205646,620.0,DEN,2018,0.0,30.0,False,,620.0,,16,QB,10.348,True,True,False,False,False,,-1.5079217091991026,2.6845205479452052,,,,
,-1.0945893203218777,00-0028986,0.4863883847549909,QB_pocket,10.348,QB,0.0,103.48,,-0.02931225435736876,0.0,1.0,0.0,0.0,-0.03718355199486161,262.0,WAS,2019,0.0,31.0,False,13.43125,262.0,,10,QB,5.736,True,True,True,False,False,,0.8632672762098537,2.754848979591836,,,,
,-0.6545772297041756,00-0028986,0.13432835820895522,QB_pocket,5.736,QB,0.0,28.68,10.348,-0.07720239690699737,0.0,1.0,0.0,0.0,-0.10748380745412121,77.0,CLE,2021,0.0,33.0,False,,77.0,,5,QB,,False,False,False,True,False,,,,,,,
,,00-0029000,,WR,8.805555555555555,WR,,158.5,,,0.15521978021978022,0.88,0.15862068965517243,,,,DAL,2018,0.3465848806366048,29.0,False,,,0.6366666666666667,18,WR,12.593055555555555,True,True,False,False,False,,,,2.8663641794932837,5.899390243902439,,
0.6366666666666667,,00-0029000,0.7895545314900153,WR,12.075000000000001,WR,0.21595330739299612,193.20000000000002,,,0.17470002033760423,0.76,0.21062618595825428,1.5992217898832686,,,BUF,2019,0.43822929317370435,30.0,False,8.805555555555555,,0.7175,16,WR,11.394444444444444,True,True,True,False,True,,,,3.1747728456998154,6.1040860215053785,,
0.7175,,00-0029000,0.7243994943109987,WR,13.11111111111111,WR,0.2181500872600349,236.0,8.805555555555555,,0.1573071154807532,0.64,0.1827485380116959,1.9406631762652704,,,BUF,2020,0.38423778785407114,31.0,False,12.075000000000001,,0.6694444444444445,18,WR,7.113888888888889,True,True,True,True,True,,,,3.51071433150835,6.186881720430107,,
0.6694444444444445,,00-0029000,0.669576059850374,WR,9.677777777777777,WR,0.22532588454376165,174.2,12.075000000000001,,0.11720096518441916,0.52,0.17715959004392387,1.4376163873370578,,,BUF,2021,0.3477800606949792,32.0,False,13.11111111111111,,0.5816666666666667,18,WR,4.55,True,True,True,True,True,,,,4.00100735319073,6.769278350515464,,
0.5816666666666667,,00-0029000,0.09151193633952255,WR,4.55,WR,0.2318840579710145,27.3,13.11111111111111,,0.01823909799369922,0.4,0.025477707006369428,1.4927536231884058,,,BUF,2022,0.0509839291051436,33.0,False,9.677777777777777,,0.22166666666666668,6,WR,,False,False,True,True,True,,,,,,,
,,00-0029119,,TE,1.9700000000000002,TE,,19.700000000000003,,,0.02862595419847328,1.0,0.022944550669216062,,,,LV,2018,0.05445499394275539,28.0,False,,,0.223125,10,TE,1.6772727272727272,True,True,False,False,False,0.0,,,,,,
0.223125,,00-0029119,0.16049382716049382,TE,2.9545454545454546,TE,0.2087912087912088,32.5,,,0.05028954587016154,1.0,0.03917525773195876,1.1868131868131868,,,LV,2019,0.09396556870705122,29.0,False,1.9700000000000002,,0.170625,11,TE,0.4000000000000001,True,True,True,False,True,0.0,,,,,,
0.170625,,00-0029119,0.006578947368421052,TE,0.4000000000000001,TE,0.25,2.4000000000000004,1.9700000000000002,,-0.000925925925925926,1.0,0.001976284584980237,3.5,,,LV,2020,0.0023162787293222074,30.0,False,2.9545454545454546,,0.006875,6,TE,,False,False,True,True,True,0.0,,,,,,
,,00-0029137,,WR,14.053333333333335,WR,,210.8,,,0.23850687622789785,1.0,0.16440422322775264,,,,PHI,2018,0.4135611482011574,28.0,False,,,0.9073333333333333,15,WR,8.467460317460317,True,True,False,False,False,,,,2.491392530319847,5.451333333333333,,
0.9073333333333333,,00-0029137,0.3983286908077994,WR,13.577777777777778,WR,0.25524475524475526,122.2,,,0.1622222222222222,0.88,0.11605723370429252,1.7132867132867133,,,PHI,2019,0.2876414061119943,29.0,False,14.053333333333335,,0.712,9,WR,3.357142857142857,True,True,True,False,True,,,,2.483647299107769,4.7676388888888885,,
0.712,,00-0029137,0.19749652294853964,WR,3.357142857142857,WR,0.09154929577464789,23.5,14.053333333333335,,0.03713947056499407,0.76,0.023172905525846704,0.8098591549295775,,,PHI,2020,0.060756987684265906,30.0,False,13.577777777777778,,0.4028571428571429,7,WR,,False,False,True,True,True,,,,,,,
,,00-0029141,,RB,6.1909090909090905,RB,,68.1,,,-0.0011129660545353367,0.12,0.02748414376321353,,,,SF,2018,0.04044713940664556,30.0,True,,,0.3075,11,RB,4.522222222222222,True,True,False,False,False,,,,,,-0.534216790823484,36.03603603603604
,,00-0029141,0.07370184254606366,RB,4.522222222222222,RB,0.09090909090909091,40.7,6.1909090909090905,,0.0010259040779687098,0.0,0.008064516129032258,0.4318181818181818,,,NYG,2020,0.012814907048126484,32.0,True,,,0.19,9,RB,,False,False,False,True,False,,,,,,,
,,00-0029159,,WR,6.161538461538462,WR,,80.10000000000001,,,0.15521405049396267,1.0,0.1504950495049505,,,,NYJ,2018,0.3343924096031996,28.0,False,,,,13,WR,,False,False,False,False,False,,,,2.673896583650929,6.351126760563381,,
,,00-0029239,,RB,3.2666666666666666,RB,,29.4,,,-0.0016997167138810198,0.56,0.006896551724137931,,,,MIA,2018,0.009155025886490182,28.0,False,,,0.029375000000000002,9,RB,3.393333333333333,True,True,False,False,False,,,,,,,
0.029375000000000002,,00-0029239,0.07971014492753623,RB,3.393333333333333,RB,0.2,50.9,,,0.01371571072319202,0.34,0.017713365539452495,2.018181818181818,,,NE,2019,0.03617104581541315,29.0,False,3.2666666666666666,,0.079375,15,RB,7.694117647058825,True,True,True,False,True,,,,,,,
,,00-0029239,0.4510433386837881,RB,7.694117647058825,RB,0.19572953736654805,130.8,3.393333333333333,,0.01046770601336303,0.0,0.09838998211091235,1.5373665480427046,,,NE,2021,0.15491236737572267,31.0,False,,,0.3116666666666667,17,RB,2.16,True,True,False,True,False,,,,,,,
0.3116666666666667,,00-0029239,0.09399075500770417,RB,2.1,RB,0.14754098360655737,27.3,,,0.005739429883298259,0.0,0.016129032258064516,0.9344262295081968,,,LV,2022,0.028211149305405553,32.0,False,7.694117647058825,,0.08,13,RB,2.2199999999999998,True,True,True,False,True,,,,,,,
0.08,,00-0029239,,RB,2.2199999999999998,RB,,11.1,7.694117647058825,,0.0,0.0,0.0,,,,LV,2023,0.0,33.0,False,2.1,,0.004705882352941177,5,RB,,False,False,True,True,True,,,,,,,
,7.05901203934426,00-0029263,,QB_pocket,18.831764705882353,QB,,320.14,,0.11611966161833298,-0.0025786487880350697,0.999,0.002364066193853428,,0.13563232214328602,499.0,SEA,2018,0.0017410451391555932,30.0,False,,499.0,1.0,17,QB,21.431666666666665,True,True,False,False,False,,4.046339977017887,3.016260143198091,,,,
1.0,7.102610701864416,00-0029263,1.0,QB_dual_threat,20.64333333333333,QB,0.0,371.58,,0.10938220894593792,0.0,0.76,0.0,0.0,0.12582053834334953,630.0,SEA,2019,0.0,31.0,True,18.831764705882353,630.0,1.0,18,QB,19.78214285714286,True,True,True,False,True,,4.602308113979845,2.8504385964912284,,,,
1.0,5.8204266546447645,00-0029263,0.9914529914529915,QB_dual_threat,22.22,QB,0.0,377.74,18.831764705882353,0.07830132774266235,0.0,0.64,0.0,0.0,0.08691435396961152,638.0,SEA,2020,0.0,32.0,True,20.64333333333333,638.0,0.9852941176470589,17,QB,16.19747619047619,True,True,True,True,True,,3.963711575728496,2.9731490125673252,,,,
0.9852941176470589,3.1963339471137586,00-0029263,0.8035087719298246,QB_dual_threat,17.344285714285714,QB,0.0,242.82,20.64333333333333,0.019548144120023675,0.0,0.52,0.0,0.0,0.014227346112403427,435.0,SEA,2021,0.0,33.0,True,22.22,435.0,0.972857142857143,14,QB,16.08866666666667,True,True,True,True,True,,-0.7122525575105101,2.7976375,,,,
0.972857142857143,-1.1704484370048875,00-0029263,0.8539156626506024,QB_dual_threat,15.050666666666668,QB,0.001763668430335097,225.76000000000002,22.22,-0.0774942532455126,-0.00021408691928923143,0.4,0.0018867924528301887,0.001763668430335097,-0.1056898684778542,538.0,DEN,2022,0.0026803278357428214,34.0,True,17.344285714285714,538.0,0.974,15,QB,16.570833333333333,True,True,True,True,True,,-4.244282682412781,2.979948132780083,,,,
0.974,4.853044374879584,00-0029263,0.8747940691927513,QB_pocket,17.12666666666667,QB,0.0,256.90000000000003,17.344285714285714,-0.037922994188387626,0.0,0.84,0.0,0.0,-0.07497446759003769,491.0,DEN,2023,0.0,35.0,False,15.050666666666668,491.0,0.996,15,QB,12.160833333333333,True,True,True,True,True,,1.3374375491934245,3.06003611738149,,,,
0.9808333333333333,-1.4799695769581227,00-0029263,0.15286624203821655,QB_pocket,8.306666666666667,QB,0.0,49.84,17.12666666666667,-0.08945063243407954,0.0,0.68,0.0,0.0,-0.12144389100457882,129.0,NYG,2025,0.0,37.0,False,16.015,129.0,0.5433333333333333,6,QB,,False,,True,True,True,,,,,,,
,,00-0029269,,WR,3.1999999999999997,WR,,44.8,,,0.10782015768165353,0.88,0.05,,,,LAC,2018,0.15047411037715747,29.0,False,,,0.33499999999999996,14,WR,1.8,True,True,False,False,False,,,,,,,
0.33499999999999996,,00-0029269,0.2115987460815047,WR,1.8,WR,0.11851851851851852,9.0,,,0.04112855155970594,0.76,0.028021015761821366,0.2222222222222222,,,LAC,2019,0.07082150973452621,30.0,False,3.1999999999999997,,0.5660000000000001,5,WR,0.3375,True,True,True,False,True,,,,,,,
,,00-0029269,0.03554868624420402,WR,0.3375,WR,0.30434782608695654,2.7,1.8,,0.03664793549963352,0.52,0.013282732447817837,0.7391304347826086,,,SF,2021,0.045577653521470224,32.0,False,,,0.06307692307692309,8,WR,,False,False,False,True,False,,,,,,,
,,00-0029293,,WR,12.866666666666667,WR,,115.80000000000001,,,0.2340756084930088,1.0,0.11151079136690648,,,,DET,2018,0.33111911299546587,28.0,False,,,0.8944444444444445,9,WR,14.576442307692307,True,True,False,False,False,,,,2.2167045449790552,3.9656451612903227,,
0.8944444444444445,,00-0029293,0.7900466562986003,WR,14.915384615384616,WR,0.17913385826771652,193.9,,,0.22720306513409963,0.88,0.16545454545454547,1.5334645669291338,,,DET,2019,0.4072239637756879,29.0,False,12.866666666666667,,0.9015384615384616,13,WR,12.41875,True,True,True,False,True,,,,2.0854807722890603,6.527471264367816,,
0.9015384615384616,,00-0029293,0.964451313755796,WR,14.2375,WR,0.1842948717948718,227.8,12.866666666666667,,0.29846782431052093,0.76,0.20572450805008943,1.5673076923076923,,,DET,2020,0.5175142390924987,30.0,False,14.915384615384616,,0.899375,16,WR,8.963888888888889,True,True,True,True,True,,,,2.5339970249728228,6.661071428571428,,
0.899375,,00-0029293,0.937592867756315,WR,10.6,WR,0.1901743264659271,180.2,14.915384615384616,,0.31233709817549954,0.64,0.2058319039451115,1.318541996830428,,,JAX,2021,0.5273838246405169,31.0,False,14.2375,,0.9041176470588235,17,WR,4.47638888888889,True,True,True,True,True,,,,2.4602012466168253,6.125966386554622,,
0.9041176470588235,,00-0029293,0.7459893048128342,WR,7.327777777777778,WR,0.16129032258064516,131.9,14.2375,,0.24768375540457072,0.52,0.13677811550151975,1.0376344086021505,,,JAX,2022,0.3785458020354791,32.0,False,10.6,,0.6777777777777778,18,WR,1.625,True,True,True,True,True,,,,2.0546859109491464,5.868000000000001,,
0.6777777777777778,,00-0029293,0.12369791666666667,WR,1.625,WR,0.10526315789473684,6.5,10.6,,0.016778523489932886,0.4,0.014749262536873156,0.3684210526315789,,,DET,2023,0.03386886024826275,33.0,False,7.327777777777778,,0.44,4,WR,,False,False,True,True,True,,,,,,,
,,00-0029319,,WR,2.54,WR,,38.1,,,0.06627243066884177,0.88,0.04779411764705882,,,,CHI,2018,0.11808187793877747,29.0,False,,,,15,WR,0.8,True,True,False,False,False,,,,,,,
,,00-0029319,0.05631399317406143,WR,0.8,WR,0.09090909090909091,4.0,,,0.005705780203423468,0.76,0.006097560975609756,0.6060606060606061,,,NYJ,2019,0.013140387605811063,30.0,False,2.54,,,5,WR,,False,False,True,False,False,,,,,,,
,,00-0029388,,WR,2.5461538461538464,WR,,33.1,,,0.08630952380952381,0.88,0.05172413793103448,,,,DAL,2018,0.1380028735632184,29.0,False,,,,13,WR,,False,False,False,False,False,,,,,,,
,,00-0029414,,TE,0.53,TE,,5.3,,,0.0031930879038317055,1.0,0.008976660682226212,,,,CLE,2018,0.015700152556021512,27.0,False,,,0.19615384615384615,10,TE,,False,False,False,False,False,0.0,,,,,,
,,00-0029492,,RB,0.32999999999999996,FB,,3.3,,,0.00022893772893772894,0.34,0.006896551724137931,,,,DAL,2018,0.010505083996463306,29.0,False,,,,10,RB,0.0,True,True,False,False,False,,,,,,,
,,00-0029492,0.06853582554517133,RB,0.0,FB,0.045454545454545456,0.0,,,0.006538389688025406,0.12,0.003472222222222222,0.0,,,DAL,2019,0.009785206114951116,30.0,False,0.32999999999999996,,,6,RB,,False,False,True,False,False,,,,,,,
,2.8618148669148935,00-0029567,,QB_pocket,14.971428571428573,QB,,104.80000000000001,,0.05960044774727901,0.0015717092337917485,0.942,0.0015082956259426848,,0.07287857592362047,275.0,PHI,2018,0.003362639902568251,29.0,False,,275.0,0.9785714285714285,7,QB,10.505277777777778,True,True,False,False,False,,5.167992344269379,2.6806217616580312,,,,
0.9785714285714285,1.4680551398884167,00-0029567,0.18813314037626627,QB_pocket,9.435,QB,0.0,37.74,,-0.08540443132671587,0.0,0.999,0.0,0.0,-0.12829799535197303,128.0,JAX,2019,0.0,30.0,False,14.971428571428573,128.0,0.6475,4,QB,11.575555555555557,True,True,True,False,True,,,,,,,
0.6475,1.6631908540342963,00-0029567,0.47375886524822697,QB_pocket,11.575555555555557,QB,0.0,104.18,14.971428571428573,-0.09119927394272814,0.0,1.0,0.0,0.0,-0.13741263786404434,330.0,CHI,2020,0.0,31.0,False,9.435,330.0,0.8355555555555556,9,QB,,False,False,True,True,True,,2.3859962522506066,2.514331189710611,,,,
,,00-0029572,,WR,6.1,WR,,97.6,,,0.08924205378973105,0.88,0.10845588235294118,,,,CAR,2018,0.2251532611822235,29.0,False,,,0.500625,16,WR,3.5562500000000004,True,True,False,False,False,,,,3.2343276829872982,5.955272727272729,,
0.500625,,00-0029572,0.713091922005571,WR,3.5562500000000004,WR,0.11328125,56.900000000000006,,,0.12021007586072749,0.76,0.09666666666666666,0.578125,,,CAR,2019,0.2291470531025092,30.0,False,6.1,,0.620625,16,WR,,False,False,True,False,True,,,,3.0198926571336,6.472499999999998,,
,,00-0029580,,WR,1.2333333333333334,WR,,7.4,,,0.009879253567508232,0.88,0.01782178217821782,,,,NYJ,2018,0.03364815076458249,29.0,False,,,0.31,6,WR,,False,False,False,False,False,,,,,,,
,,00-0029587,,TE,4.63076923076923,TE,,60.199999999999996,,,0.05,1.0,0.06028368794326241,,,,NYG,2018,0.1254255319148936,30.0,False,,,0.6335714285714286,13,TE,4.07,True,True,False,False,False,0.0,,,,,,
0.6335714285714286,,00-0029587,0.2434017595307918,TE,4.07,TE,0.1686746987951807,40.7,,,0.030860283238216022,0.9,0.04794520547945205,1.0060240963855422,,,NYG,2019,0.09352000648592929,31.0,False,4.63076923076923,,0.491,10,TE,,False,False,True,False,True,0.0,,,,,,
,2.610618168035069,00-0029604,,QB_pocket,17.695,QB,,283.12,,-0.013526519040175303,-0.0016366612111292963,0.999,0.0017331022530329288,,-0.030511962206115018,648.0,MIN,2018,0.001453990531758886,30.0,False,,648.0,1.0,16,QB,17.418161764705882,True,True,False,False,False,,4.955344125566995,2.7371227197346597,,,,
1.0,3.766363248879597,00-0029604,0.9634782608695652,QB_pocket,15.698823529411765,QB,0.0018050541516245488,266.88,,0.09790672991937772,0.0032371189641219314,1.0,0.002109704641350211,0.0,0.1237252002467699,543.0,MIN,2019,0.0054305402369106675,31.0,False,17.695,543.0,0.9935294117647059,17,QB,18.954375,True,True,True,False,True,,6.161020110940207,3.0060225225225223,,,,
0.9935294117647059,4.5845363404332975,00-0029604,0.9982758620689656,QB_pocket,19.1375,QB,0.0,306.2,17.695,0.11974670293526629,0.0,1.0,0.0,0.0,0.15141870559138057,559.0,MIN,2020,0.0,32.0,False,15.698823529411765,559.0,0.998125,16,QB,18.202291666666667,True,True,True,True,True,,5.4804661831017185,2.8840701754385965,,,,
0.998125,1.3502727035481614,00-0029604,0.9356814701378254,QB_pocket,18.771250000000002,QB,0.0,300.34000000000003,15.698823529411765,0.07895748170984268,0.0,1.0,0.0,0.0,0.107009519427426,587.0,MIN,2021,0.0,33.0,False,19.1375,587.0,1.0,16,QB,18.175416666666667,True,True,True,True,True,,3.4598103035473784,2.755751798561151,,,,
1.0,2.024650981793037,00-0029604,0.963963963963964,QB_pocket,17.633333333333333,QB,0.0013351134846461949,317.4,19.1375,0.03711034077529129,-0.0011968880909634949,0.92,0.0014970059880239522,-0.0026702269692923898,0.04433769689987454,729.0,MIN,2022,0.001407687318361482,34.0,False,18.771250000000002,729.0,0.953888888888889,18,QB,15.655892857142858,True,True,True,True,True,,2.534262076437379,2.8307953124999994,,,,
0.953888888888889,4.28785780901151,00-0029604,0.4648876404494382,QB_pocket,18.7175,QB,0.0,149.74,18.771250000000002,0.054337173810081865,0.0,0.84,0.0,0.0,0.05924800054721048,326.0,MIN,2023,0.0,35.0,False,17.633333333333333,326.0,0.98125,8,QB,11.474142857142859,True,True,True,True,True,,4.559056105098165,2.858812297734628,,,,
0.9771428571428571,-2.7993222954226473,00-0029604,0.4855687606112054,QB_pocket,10.354000000000001,QB,0.0,103.54,18.7175,-0.024358304963704377,0.0,0.68,0.0,0.0,-0.022800482967766336,281.0,ATL,2025,0.0,37.0,False,12.594285714285714,281.0,0.861,10,QB,,False,,True,True,True,,-1.8675464684014855,2.7783120300751882,,,,
,,00-0029608,,WR,16.78125,WR,,268.5,,,0.288182319426576,0.88,0.20142857142857143,,,,IND,2018,0.5038704807414603,29.0,False,,,0.7925,16,WR,11.54875,True,True,False,False,False,,,,2.305236259585714,5.899745762711864,,
0.7925,,00-0029608,0.47676419965576594,WR,12.51,WR,0.24548736462093862,125.1,,,0.1774891774891775,0.76,0.13934426229508196,1.8086642599277978,,,IND,2019,0.33325881768504717,30.0,False,16.78125,,0.716,10,WR,8.998750000000001,True,True,True,False,True,,,,3.009626716111791,6.085373134328359,,
0.716,,00-0029608,0.7580128205128205,WR,10.5875,WR,0.20718816067653276,169.4,16.78125,,0.29341176470588237,0.64,0.1695501730103806,1.6786469344608879,,,IND,2020,0.4597134948096886,31.0,False,12.51,,0.68125,16,WR,6.295,True,True,True,True,True,,,,2.460379168662627,5.206666666666667,,
0.68125,,00-0029608,0.38421955403087477,WR,7.410000000000001,WR,0.16517857142857142,74.10000000000001,12.51,,0.12081218274111676,0.52,0.07385229540918163,1.4776785714285714,,,IND,2021,0.19534697103255416,32.0,False,10.5875,,0.527,10,WR,5.18,True,True,True,True,True,,,,,,,
0.527,,00-0029608,0.11651917404129794,WR,5.18,WR,0.189873417721519,25.9,10.5875,,0.05212702216896345,0.4,0.024429967426710098,2.0126582278481013,,,DAL,2022,0.07313386665833957,33.0,False,7.410000000000001,,0.326,5,WR,,False,False,True,True,True,,,,,,,
,,00-0029613,,RB,7.49375,RB,,119.9,,,0.0057251908396946565,0.34,0.045889101338432124,,,,LV,2018,0.07284128559543444,29.0,True,,,0.35625,16,RB,,False,False,False,False,False,,,,,,0.030787430475202146,23.25581395348837
,,00-0029615,,RB,12.580000000000002,RB,,188.70000000000002,,,0.006999322646195529,0.78,0.08754863813229571,,,,HOU,2018,0.13622248305078044,27.0,True,,,0.6533333333333334,15,RB,,False,False,False,False,False,,,,,,0.6198326699463378,23.333333333333332
,,00-0029632,,WR,11.4,WR,,182.4,,,0.14486071085494717,0.88,0.15562913907284767,,,,ATL,2018,0.33484620620773453,29.0,False,,,0.780625,16,WR,7.086607142857143,True,True,False,False,False,,,,3.0317329518106684,5.71047619047619,,
0.780625,,00-0029632,0.7623188405797101,WR,7.8875,WR,0.17870722433460076,126.2,,,0.15336658354114713,0.76,0.15136876006441224,1.0095057034220531,,,NE,2019,0.3344097485754214,30.0,False,11.4,,0.745,16,WR,5.186607142857143,True,True,True,False,True,,,,3.1013661273672146,5.161025641025641,,
0.745,,00-0029632,0.28438948995363217,WR,6.285714285714286,WR,0.13043478260869565,44.0,11.4,,0.059039836567926454,0.64,0.04293381037567084,1.016304347826087,,,DET,2020,0.10572860116105476,31.0,False,7.8875,,0.434,7,WR,4.0875,True,True,True,True,True,,,,,,,
0.434,,00-0029632,0.26738794435857804,WR,4.0875,WR,0.13872832369942195,32.7,7.8875,,0.055460542389445394,0.52,0.04554079696394687,1.023121387283237,,,SF,2021,0.10713357511853208,32.0,False,6.285714285714286,,0.47125,8,WR,,False,False,True,True,True,,,,,,,
,,00-0029638,,WR,2.8,WR,,28.0,,,0.08295042321644498,0.88,0.049079754601226995,,,,WAS,2018,0.13168492815335198,29.0,False,,,0.4407692307692308,10,WR,,False,False,False,False,False,,,,,,,
,,00-0029664,,WR,11.558333333333332,WR,,138.7,,,0.1951125649413123,1.0,0.10708898944193061,,,,NE,2018,0.2972122796218145,27.0,False,,,,12,WR,6.7,True,True,False,False,False,,,,2.1076711670281,4.721267605633802,,
,,00-0029664,0.43478260869565216,WR,6.7,WR,0.15666666666666668,73.7,,,0.10764754779717373,1.0,0.07568438003220612,1.42,,,NE,2019,0.1888798535063308,28.0,False,11.558333333333332,,,11,WR,1.577777777777778,True,True,True,False,False,,,,2.3976573016998257,5.430212765957448,,
,,00-0029664,0.1527313266443701,WR,1.577777777777778,WR,0.10218978102189781,14.200000000000001,6.7,,0.028759398496240603,0.76,0.018691588785046728,0.23357664233576642,,,KC,2021,0.048168962124938514,30.0,False,,,,9,WR,,False,False,False,True,False,,,,,,,
,-3.1752772427893974,00-0029665,0.07944732297063903,QB_pocket,2.6666666666666665,QB,0.0,16.0,,-0.014550015028663871,0.0,0.942,0.0,0.0,-0.007177404714708113,43.0,BAL,2019,0.0,29.0,False,,43.0,0.29714285714285715,6,QB,0.6450000000000002,True,True,False,False,False,,,,,,,
0.29714285714285715,-8.574519732168742,00-0029665,0.030035335689045935,QB_pocket,0.6450000000000002,QB,0.0,2.580000000000001,,-0.8628253104018944,0.0,0.999,0.0,0.0,-1.1958596445791259,17.0,BAL,2020,0.0,30.0,False,2.6666666666666665,17.0,0.2825,4,QB,,False,False,True,False,True,,,,,,,
,0.16048011509166366,00-0029668,,QB_pocket,19.862222222222222,QB,,357.52,,0.07443168961759702,0.0014703179562580407,0.942,0.002857142857142857,,0.10564321324617434,729.0,IND,2018,0.005314936855094914,29.0,False,,729.0,0.985,18,QB,,False,False,False,False,False,,1.2769655378445037,2.631750392464678,,,,
,0.25034644386985083,00-0029682,,QB_pocket,9.711428571428572,QB,,67.98,,-0.030130729165129655,0.0,0.885,0.0,,-0.04411681213819887,195.0,MIA,2018,0.0,28.0,False,,195.0,0.7585714285714286,7,QB,,False,False,False,False,False,,-0.6480198479100494,2.770401129943503,,,,
,,00-0029689,,TE,1.425,TE,,5.7,,,0.006157398499134116,1.0,0.006033182503770739,,,,NE,2018,0.01335995270504999,28.0,False,,,0.380625,4,TE,,False,False,False,False,False,0.0,,,,,,
,-0.9351305635680867,00-0029701,,QB_pocket,12.996363636363638,QB,,142.96,,-0.13379186550865443,0.0005665722379603399,0.999,0.0022988505747126436,,-0.1871235340256431,308.0,MIA,2018,0.0038448764286412034,30.0,False,,308.0,0.9718181818181818,11,QB,19.2801568627451,True,True,False,False,False,,-1.0170066321309434,2.6485531135531133,,,,
0.9718181818181818,6.3618124061946695,00-0029701,0.665016501650165,QB_pocket,17.762666666666668,QB,0.0,266.44,,0.1265514854847104,0.0,1.0,0.0,0.0,0.15352292609446627,380.0,TEN,2019,0.0,31.0,False,12.996363636363638,380.0,0.8913333333333333,15,QB,18.07549019607843,True,True,True,False,True,,8.529632655786465,2.9031236749116607,,,,
0.8913333333333333,2.80986950713761,00-0029701,0.9910873440285205,QB_pocket,20.79764705882353,QB,0.0035971223021582736,353.56,12.996363636363638,0.16483869296485257,-0.002472799208704253,1.0,0.004098360655737705,-0.017985611510791366,0.2234415492049139,534.0,TEN,2020,0.00441658153751358,32.0,False,17.762666666666668,534.0,0.9805882352941178,17,QB,14.395,True,True,True,True,True,,3.3052447470768485,2.6889168399168404,,,,
0.9805882352941178,2.2457266819850297,00-0029701,0.9984101748807631,QB_pocket,15.353333333333333,QB,0.0,276.36,17.762666666666668,0.015553311810289086,0.0,1.0,0.0,0.0,0.012594473949048569,603.0,TEN,2021,0.0,33.0,False,20.79764705882353,603.0,0.9866666666666666,18,QB,11.165,True,True,True,True,True,,1.1672873032435547,2.6815811320754714,,,,
0.9866666666666666,0.5387725232151405,00-0029701,0.7056603773584905,QB_pocket,13.436666666666667,QB,0.0,161.24,20.79764705882353,0.03270187620050372,0.0,0.92,0.0,0.0,0.04440794090122614,358.0,TEN,2022,0.0,34.0,False,15.353333333333333,358.0,0.9433333333333334,12,QB,8.893333333333333,True,True,True,True,True,,1.8563824708645171,2.734271604938271,,,,
0.9433333333333334,1.0427043244645402,00-0029701,0.4724137931034483,QB_pocket,8.893333333333333,QB,0.0036496350364963502,80.03999999999999,15.353333333333333,-0.057835658122731025,-0.00022163120567375886,0.84,0.0020964360587002098,0.0,-0.08709110156589235,260.0,TEN,2023,0.0029895122440786836,35.0,False,13.436666666666667,260.0,0.8390000000000001,9,QB,,False,False,True,True,True,,0.351014562437058,2.6920175438596496,,,,
,,00-0029738,,TE,4.07,TE,,40.7,,,0.010706235912847483,0.8,0.02154398563734291,,,,CLE,2018,0.0398103435950076,32.0,False,,,0.3875,10,TE,6.969117647058823,True,True,False,False,False,0.0,,,,,,
0.3875,,00-0029738,0.657103825136612,TE,7.588235294117647,TE,0.12474012474012475,129.0,,,0.06571484451398396,0.7,0.10186757215619695,0.8316008316008316,,,HOU,2019,0.19880174939408418,33.0,False,4.07,,0.7194444444444444,17,TE,6.3500000000000005,True,True,True,False,True,0.0,,,2.8967808370682757,5.050625,,
0.7194444444444444,,00-0029738,0.46676737160120846,TE,6.3500000000000005,TE,0.09061488673139159,76.2,4.07,,0.04232241599319438,0.6,0.05333333333333334,1.0097087378640777,,,HOU,2020,0.10962569119523607,34.0,False,7.588235294117647,,0.54375,12,TE,,False,False,True,True,True,0.0,,,,,,
,,00-0029795,,RB,0.41,RB,,4.1,,,-0.0028548123980424145,0.56,0.003676470588235294,,,,CHI,2018,0.0035163372037232505,28.0,False,,,,10,RB,,False,False,False,False,False,,,,,,,
,,00-0029848,,WR,0.925,WR,,3.7,,,0.008360014229811455,1.0,0.007751937984496124,,,,LA,2018,0.017479916937612205,28.0,False,,,,4,WR,,False,False,False,False,False,,,,,,,
,,00-0029854,,RB,8.583333333333334,RB,,103.0,,,-0.00293398533007335,0.78,0.025735294117647058,,,,CAR,2018,0.036549151445419245,27.0,True,,,,12,RB,,False,False,False,False,False,,,,,,,
,,00-0030035,,WR,19.20625,WR,,307.3,,,0.3373860182370821,1.0,0.2651646447140381,,,,MIN,2018,0.6339171798370147,28.0,False,,,0.961875,16,WR,14.408333333333333,True,True,False,False,False,,,,2.9030900433731257,5.770486111111111,,
0.961875,,00-0030035,0.4991304347826087,WR,11.883333333333333,WR,0.2229965156794425,142.6,,,0.20933369301321825,0.88,0.1350210970464135,2.0801393728222997,,,MIN,2019,0.34906523067887296,29.0,False,19.20625,,0.7266666666666667,12,WR,16.151282051282053,True,True,True,False,True,,,,3.0456361070263114,6.408666666666666,,
0.7266666666666667,,00-0030035,0.8689655172413793,WR,16.933333333333334,WR,0.21428571428571427,254.0,19.20625,,0.32299270072992703,0.76,0.2288135593220339,1.8353174603174602,,,MIN,2020,0.5693152294939997,30.0,False,11.883333333333333,,0.9146666666666667,15,WR,12.906837606837607,True,True,True,True,True,,,,2.668449227231602,6.159423076923077,,
0.9146666666666667,,00-0030035,0.6814701378254211,WR,15.36923076923077,WR,0.21348314606741572,199.8,11.883333333333333,,0.2010688042752171,0.64,0.16994633273703041,1.6314606741573034,,,MIN,2021,0.3956676620981976,31.0,False,16.933333333333334,,0.84,13,WR,12.016339869281046,True,True,True,True,True,,,,3.1240155458580188,6.061868131868132,,
0.84,,00-0030035,0.9253539253539254,WR,10.444444444444445,WR,0.15438108484005564,188.0,16.933333333333334,,0.22102533413125872,0.52,0.1661676646706587,1.0653685674547984,,,MIN,2022,0.4039692308978691,32.0,False,15.36923076923077,,0.8911111111111111,18,WR,13.769117647058824,True,True,True,True,True,,,,2.7000781859567837,6.0571568627450985,,
0.8911111111111111,,00-0030035,0.9371345029239766,WR,13.588235294117647,WR,0.21372854914196568,231.0,15.36923076923077,,0.2599508599508599,0.4,0.2565543071161049,1.5819032761310452,,,CAR,2023,0.5667970626397593,33.0,False,10.444444444444445,,0.9111764705882353,17,WR,8.445,True,True,True,True,True,,,,2.88760037104662,6.30520325203252,,
0.708,,00-0030035,0.4565972222222222,WR,2.94,WR,0.14068441064638784,44.1,13.588235294117647,,0.08646616541353383,0.16,0.07939914163090128,0.8022813688212928,,,MIN,2025,0.1796250282358256,35.0,False,13.95,,0.38882352941176473,15,WR,,False,,True,True,True,,,,,,,
,,00-0030061,,TE,16.694444444444443,TE,,300.5,,,0.2502946954813359,1.0,0.2579185520361991,,,,PHI,2018,0.5620841148912339,28.0,False,,,0.9138888888888889,18,TE,10.460227272727273,True,True,False,False,False,0.0,,,3.241403232048913,6.079917355371902,,
0.9138888888888889,,00-0030061,0.83008356545961,TE,13.875,TE,0.2332214765100671,222.0,,,0.24828282828282827,1.0,0.22098569157392686,1.610738255033557,,,PHI,2019,0.50527651715887,29.0,False,16.694444444444443,,0.853125,16,TE,8.683838383838385,True,True,True,False,True,0.0,,,2.7199245568718675,5.879203539823008,,
0.853125,,00-0030061,0.56884561891516,TE,7.045454545454546,TE,0.17603911980440098,77.5,16.694444444444443,,0.10588700118530225,1.0,0.12834224598930483,0.8190709046454768,,,PHI,2020,0.2666342698136688,30.0,False,13.875,,0.8127272727272726,11,TE,10.941111111111113,True,True,True,True,True,0.0,,,2.967404200894425,5.858305084745762,,
0.8127272727272726,,00-0030061,0.8039772727272727,TE,10.322222222222223,TE,0.2049469964664311,185.8,13.875,,0.1894089211162382,0.9,0.19205298013245034,1.3851590106007068,,,ARI,2021,0.42066571498004224,31.0,False,7.045454545454546,,0.7533333333333334,18,TE,9.472857142857144,True,True,True,True,True,0.0,,,3.161096317720252,6.006595744680851,,
0.7533333333333334,,00-0030061,0.5151915455746368,TE,11.56,TE,0.17692307692307693,115.60000000000001,7.045454545454546,,0.12213059950969467,0.8,0.10883280757097792,1.041025641025641,,,ARI,2022,0.24874063101325317,32.0,False,10.322222222222223,,0.786,10,TE,9.115357142857142,True,True,True,True,True,0.0,,,3.0299166982669146,5.139122807017543,,
0.786,,00-0030061,0.29199372056514916,TE,7.385714285714286,TE,0.23118279569892472,51.7,10.322222222222223,,0.08419984783160031,0.7,0.07962962962962963,1.0053763440860215,,,ARI,2023,0.17838433792656466,33.0,False,11.56,,0.6485714285714286,7,TE,10.284038461538461,True,True,True,True,True,0.0,,,,,,
0.674,,00-0030061,0.6550522648083623,TE,9.723076923076924,TE,0.19148936170212766,126.4,7.385714285714286,,0.17493333333333333,0.5,0.16666666666666666,1.3404255319148937,,,WAS,2025,0.3724533333333333,35.0,False,10.845,,0.6646153846153846,13,TE,,False,,True,True,True,0.0,,,2.725448884831627,6.030158730158729,,
,,00-0030068,,WR,7.945454545454546,WR,,87.4,,,0.17111853088480802,1.0,0.09302325581395349,,,,SF,2018,0.25931785534029583,28.0,False,,,0.6381818181818182,11,WR,4.7625,True,True,False,False,False,,,,2.9575311744554456,5.801904761904761,,
0.6381818181818182,,00-0030068,0.2235294117647059,WR,4.7625,WR,0.15789473684210525,38.1,,,0.08435905133593516,0.88,0.04225352112676056,1.3984962406015038,,,SF,2019,0.12243161762529545,29.0,False,7.945454545454546,,0.4077777777777778,8,WR,4.085714285714286,True,True,True,False,True,,,,,,,
,,00-0030068,0.36555891238670696,WR,4.085714285714286,WR,0.1652892561983471,57.2,4.7625,,0.1094974642692485,0.64,0.07633587786259542,1.2933884297520661,,,CHI,2021,0.19115204178236705,31.0,False,,,0.4342857142857143,14,WR,4.105594405594406,True,True,False,True,False,,,,,,,
0.4342857142857143,,00-0030068,0.43103448275862066,WR,6.938461538461539,WR,0.14,90.2,,,0.09619151251360174,0.52,0.07155025553662692,1.29,,,SEA,2022,0.1746594420644616,32.0,False,4.085714285714286,,0.5176923076923077,13,WR,1.2727272727272727,True,True,True,False,True,,,,,,,
0.5176923076923077,,00-0030068,0.11436170212765957,WR,1.2727272727272727,WR,0.16279069767441862,14.0,4.085714285714286,,0.07558465855940132,0.4,0.021875,0.7790697674418605,,,CLE,2023,0.08572176099158091,33.0,False,6.938461538461539,,0.14153846153846156,11,WR,,False,False,True,True,True,,,,,,,
,,00-0030085,,WR,8.961333333333334,WR,,134.42000000000002,,,0.29461756373937675,1.0,0.1471264367816092,,,,MIA,2018,0.4269219497899775,26.0,False,,,0.868,15,WR,7.099523809523809,True,True,False,False,False,,,,2.364326201132394,6.1745,,
0.868,,00-0030085,0.6311475409836066,WR,9.713333333333333,WR,0.14285714285714285,145.7,,,0.1425777430080188,1.0,0.11205432937181664,1.4870129870129871,,,HOU,2019,0.2678859141633381,27.0,False,8.961333333333334,,0.7126666666666667,15,WR,3.5928571428571425,True,True,True,False,True,,,,2.6633827707407347,6.264230769230769,,
0.7126666666666667,,00-0030085,0.18429003021148035,WR,4.485714285714286,WR,0.1557377049180328,31.400000000000002,8.961333333333334,,0.05061675882603148,1.0,0.03619047619047619,1.180327868852459,,,HOU,2020,0.08971744546393631,28.0,False,9.713333333333333,,0.268,7,WR,2.6999999999999997,True,True,True,True,True,,,,,,,
0.268,,00-0030085,0.2692967409948542,WR,2.6999999999999997,WR,0.1464968152866242,18.9,9.713333333333333,,0.11745424747336793,0.88,0.04883227176220807,0.43312101910828027,,,NO,2021,0.15546638087466966,29.0,False,4.485714285714286,,0.33,7,WR,,False,False,True,True,True,,,,,,,
,,00-0030089,,TE,2.17,TE,,21.7,,,0.018384256861729675,1.0,0.0341726618705036,,,,DET,2018,0.06412797260896616,28.0,False,,,0.46,10,TE,2.225,True,True,False,False,False,0.0,,,,,,
0.46,,00-0030089,0.19247467438494936,TE,2.225,TE,0.08270676691729323,17.8,,,0.013656472398538181,1.0,0.020072992700729927,0.6541353383458647,,,SEA,2019,0.039669019730071614,29.0,False,2.17,,0.43600000000000005,8,TE,,False,False,True,False,True,0.0,,,,,,
,,00-0030107,,RB,8.321428571428571,RB,,116.5,,,0.013723459347488347,0.78,0.13309352517985612,,,,DET,2018,0.20924670931302602,27.0,False,,,0.43642857142857144,14,RB,2.675,True,True,False,False,False,,,,,,,
,,00-0030107,0.06085526315789474,RB,2.675,RB,0.16216216216216217,10.7,8.321428571428571,,0.0023148148148148147,0.34,0.011857707509881422,1.162162162162162,,,LV,2020,0.0194069316351925,29.0,False,,,0.16,4,RB,,False,False,False,True,False,,,,,,,
,,00-0030108,,TE,4.007142857142857,TE,,56.1,,,0.08354030255136599,1.0,0.0933852140077821,,,,HOU,2018,0.19855603279762934,28.0,False,,,0.7706666666666667,14,TE,4.649230769230769,True,True,False,False,False,0.0,,,3.448165033304475,5.118461538461539,,
0.7706666666666667,,00-0030108,0.6518771331058021,TE,7.538461538461538,TE,0.10732984293193717,98.0,,,0.055321260233192754,1.0,0.08333333333333333,0.837696335078534,,,NYJ,2019,0.16372488216323494,29.0,False,4.007142857142857,,0.806923076923077,13,TE,3.205,True,True,True,False,True,0.0,,,,,,
0.806923076923077,,00-0030108,0.2991304347826087,TE,1.7600000000000002,TE,0.06976744186046512,17.6,4.007142857142857,,0.01564828614008942,1.0,0.02591792656587473,0.5,,,NYJ,2020,0.04983069014687469,30.0,False,7.538461538461538,,0.42866666666666664,10,TE,2.6550000000000002,True,True,True,True,True,0.0,,,,,,
0.42866666666666664,,00-0030108,0.4948604992657856,TE,4.65,TE,0.12462908011869436,65.10000000000001,7.538461538461538,,0.0526067468742628,0.9,0.07241379310344828,0.7744807121661721,,,NYJ,2021,0.14544541246715637,31.0,False,1.7600000000000002,,0.635,14,TE,0.6599999999999999,True,True,True,True,True,0.0,,,,,,
0.635,,00-0030108,0.11764705882352941,TE,0.6599999999999999,TE,0.13333333333333333,6.6,1.7600000000000002,,0.01665095821551995,0.8,0.0223463687150838,0.43333333333333335,,,CHI,2022,0.045175223823489666,32.0,False,4.65,,0.18466666666666667,10,TE,,False,False,True,True,True,0.0,,,,,,
,,00-0030147,,WR,5.1,WR,,40.8,,,0.07744186046511628,1.0,0.03368794326241135,,,,NYG,2018,0.10474121721919842,28.0,False,,,,8,WR,,False,False,False,False,False,,,,,,,
,,00-0030155,,TE,2.8000000000000003,TE,,47.6,,,0.03339041095890411,1.0,0.0432,,,,KC,2018,0.08817328767123288,27.0,False,,,0.3852941176470588,17,TE,2.261309523809524,True,True,False,False,False,0.0,,,,,,
0.3852941176470588,,00-0030155,0.485,TE,3.5642857142857145,TE,0.09278350515463918,49.900000000000006,,,0.038202247191011236,1.0,0.05232558139534884,0.5120274914089347,,,CLE,2019,0.10522994512673112,28.0,False,2.8000000000000003,,0.5553333333333333,14,TE,0.6791666666666667,True,True,True,False,True,0.0,,,,,,
0.5553333333333333,,00-0030155,0.14893617021276595,TE,0.9583333333333334,TE,0.13333333333333333,11.5,2.8000000000000003,,0.018374276013580985,1.0,0.022508038585209004,0.42857142857142855,,,CHI,2020,0.04662405108732019,29.0,False,3.5642857142857145,,0.20125,12,TE,0.4,True,True,True,True,True,0.0,,,,,,
0.20125,,00-0030155,0.13494318181818182,TE,0.4,TE,0.06315789473684211,4.0,3.5642857142857145,,0.004834102395078005,1.0,0.009933774834437087,0.10526315789473684,,,ARI,2021,0.018284533928210233,30.0,False,0.9583333333333334,,0.21266666666666667,10,TE,,False,False,True,True,True,0.0,,,,,,
,,00-0030181,,TE,10.083333333333334,TE,,60.5,,,0.03289836427127366,1.0,0.047142857142857146,,,,IND,2018,0.09374314070417727,28.0,False,,,0.8166666666666665,6,TE,6.56875,True,True,False,False,False,0.0,,,,,,
0.8166666666666665,,00-0030181,0.6901893287435457,TE,6.9875,TE,0.17955112219451372,111.8,,,0.12503183091418385,1.0,0.14754098360655737,1.1172069825436408,,,IND,2019,0.30883375704976473,29.0,False,10.083333333333334,,0.741875,16,TE,5.715,True,True,True,False,True,0.0,,,3.531383292748864,5.390392156862744,,
0.741875,,00-0030181,0.42467948717948717,TE,6.1499999999999995,TE,0.15849056603773584,86.1,10.083333333333334,,0.07058823529411765,1.0,0.0726643598615917,1.211320754716981,,,IND,2020,0.1584083044982699,30.0,False,6.9875,,0.5846666666666667,14,TE,5.28,True,True,True,True,True,0.0,,,,,,
0.5846666666666667,,00-0030181,0.516295025728988,TE,5.28,TE,0.14285714285714285,79.2,6.9875,,0.07233502538071065,0.9,0.08582834331337326,1.0033222591362125,,,IND,2021,0.17937703273655736,31.0,False,6.1499999999999995,,0.5823529411764706,15,TE,,False,False,True,True,True,0.0,,,,,,
,,00-0030216,,TE,3.4,TE,,47.6,,,0.015098722415795587,1.0,0.04861111111111111,,,,NO,2018,0.08348577235772359,28.0,False,,,0.5916666666666667,14,TE,3.2283333333333335,True,True,False,False,False,0.0,,,,,,
0.5916666666666667,,00-0030216,0.496206373292868,TE,4.526666666666667,TE,0.1162079510703364,67.9,,,0.04529078744209985,1.0,0.06540447504302926,0.7003058103975535,,,NO,2019,0.12981026377401378,29.0,False,3.4,,0.5970588235294118,15,TE,1.9300000000000002,True,True,True,False,True,0.0,,,,,,
0.5970588235294118,,00-0030216,0.2426584234930448,TE,1.9300000000000002,TE,0.07006369426751592,19.3,3.4,,0.01058790749512399,1.0,0.019230769230769232,0.27388535031847133,,,NO,2020,0.03625768909274064,30.0,False,4.526666666666667,,0.370625,10,TE,,False,False,True,True,True,0.0,,,,,,
,,00-0030279,,WR,16.78235294117647,WR,,285.3,,,0.28681014276582145,1.0,0.25517241379310346,,,,LAC,2018,0.5835257206257302,26.0,False,,,0.8172222222222223,17,WR,16.925446428571426,True,True,False,False,False,,,,2.6677327066621324,5.280672268907563,,
0.8172222222222223,,00-0030279,0.9388714733542319,WR,16.34375,WR,0.24874791318864775,261.5,,,0.29922511424597653,1.0,0.2609457092819615,2.001669449081803,,,LAC,2019,0.6008761438951258,27.0,False,16.78235294117647,,0.87875,16,WR,16.80982142857143,True,True,True,False,True,,,,2.7453719251831754,5.390367647058824,,
0.87875,,00-0030279,0.7583212735166426,WR,17.507142857142856,WR,0.28053435114503816,245.1,16.78235294117647,,0.22721382289416847,1.0,0.2433774834437086,1.8931297709923665,,,LAC,2020,0.5241159011914809,28.0,False,16.34375,,0.8264285714285714,14,WR,16.060795454545456,True,True,True,True,True,,,,2.9445020194984743,5.726766917293234,,
0.8264285714285714,,00-0030279,0.8638184245660881,WR,16.1125,WR,0.2426584234930448,257.8,16.34375,,0.26288244766505636,0.88,0.23969465648854962,1.758887171561051,,,LAC,2021,0.5435596980983639,29.0,False,17.507142857142856,,0.8675,16,WR,18.72993006993007,True,True,True,True,True,,,,3.154428759718232,5.984397163120567,,
0.8675,,00-0030279,0.4902676399026764,WR,16.00909090909091,WR,0.2531017369727047,176.10000000000002,17.507142857142856,,0.1823954455879133,0.76,0.13991769547325103,2.0173697270471465,,,LAC,2022,0.3375533551214158,30.0,False,16.1125,,0.7572727272727273,11,WR,16.87205128205128,True,True,True,True,True,,,,3.561398633532926,6.087625000000001,,
0.7572727272727273,,00-0030279,0.7374301675977654,WR,21.450769230769232,WR,0.2840909090909091,278.86,16.1125,,0.3160644318676535,0.64,0.24429967426710097,2.3541666666666665,,,LAC,2023,0.5876946137080089,31.0,False,16.00909090909091,,0.89,13,WR,11.374444444444444,True,True,True,True,True,,,,3.0652255961221413,6.78274074074074,,
0.868,,00-0030279,0.6817558299039781,WR,10.455555555555556,WR,0.26156941649899396,188.2,21.450769230769232,,0.23326877555412093,0.4,0.22847100175746923,1.613682092555332,,,LAC,2025,0.5059946455240885,33.0,False,12.293333333333333,,0.5572222222222222,18,WR,,False,,True,True,True,,,,2.5631738400655673,6.175677966101695,,
,,00-0030288,,RB,8.072727272727272,RB,,88.8,,,0.009236097748701174,0.56,0.04072398190045249,,,,NE,2018,0.06755124127476957,28.0,False,,,0.2609090909090909,11,RB,9.22642857142857,True,True,False,False,False,,,,,,,
0.2609090909090909,,00-0030288,0.2565217391304348,RB,7.692857142857143,RB,0.23163841807909605,107.7,,,0.024106400665004156,0.34,0.06602254428341385,1.7570621468926553,,,NE,2019,0.11590829689062368,29.0,False,8.072727272727272,,0.28285714285714286,14,RB,8.856666666666666,True,True,True,False,True,,,,,,,
0.28285714285714286,,00-0030288,0.3193612774451098,RB,10.76,RB,0.20625,107.6,8.072727272727272,,0.010601915184678522,0.12,0.07875894988066826,1.2,,,NE,2020,0.12555976545027736,30.0,False,7.692857142857143,,0.404,10,RB,5.856666666666667,True,True,True,True,True,,,,,,,
0.404,,00-0030288,0.37987012987012986,RB,6.953333333333333,RB,0.13675213675213677,104.3,7.692857142857143,,0.013164823591363875,0.0,0.06118546845124283,0.7948717948717948,,,HOU,2021,0.10099357919081894,31.0,True,10.76,,0.375,15,RB,4.760000000000001,True,True,True,True,True,,,,,,-0.22065116571240015,29.508196721311474
0.375,,00-0030288,0.3411214953271028,RB,4.760000000000001,RB,0.2328767123287671,71.4,10.76,,0.018186226964112512,0.0,0.0913978494623656,0.9315068493150684,,,HOU,2022,0.14982713306842713,32.0,True,6.953333333333333,,0.25875,15,RB,,False,False,True,True,True,,,,,,,
,,00-0030300,,WR,5.05,WR,,60.6,,,0.0629190304280557,1.0,0.04491725768321513,,,,SEA,2018,0.11141920782446169,28.0,False,,,,12,WR,4.363636363636363,True,True,False,False,False,,,,,,,
,,00-0030300,0.30101302460202606,WR,4.363636363636363,WR,0.1346153846153846,48.0,,,0.04924023850740527,0.88,0.051094890510948905,1.0576923076923077,,,SEA,2019,0.11111050272160705,29.0,False,5.05,,,11,WR,,False,False,True,False,False,,,,,,,
,,00-0030404,,RB,9.16,RB,,91.6,,,0.019347037484885126,0.56,0.11247443762781185,,,,WAS,2018,0.18225458268113737,28.0,False,,,0.506,10,RB,7.804545454545455,True,True,False,False,False,,,,,,,
0.506,,00-0030404,0.44646098003629764,RB,8.50909090909091,RB,0.23577235772357724,93.60000000000001,,,0.028474767409078096,0.34,0.12526997840172785,1.5365853658536586,,,WAS,2019,0.20783730478894646,29.0,False,9.16,,0.45545454545454545,11,RB,7.1000000000000005,True,True,True,False,True,,,,,,,
0.45545454545454545,,00-0030404,0.20803443328550933,RB,7.1000000000000005,RB,0.15862068965517243,42.6,9.16,,0.013499261759122548,0.12,0.03945111492281304,1.006896551724138,,,JAX,2020,0.06862615561560534,30.0,False,8.50909090909091,,0.29375,6,RB,,False,False,True,True,True,,,,,,,
,,00-0030414,,RB,6.315384615384615,RB,,82.1,,,0.00410958904109589,0.78,0.0384,,,,KC,2018,0.06047671232876712,27.0,False,,,0.26857142857142857,13,RB,,False,False,False,False,False,,,,,,,
,,00-0030431,,WR,15.836842105263159,WR,,300.90000000000003,,,0.2986481679117752,1.0,0.24651162790697675,,,,LA,2018,0.5788211593987077,26.0,False,,,0.9531578947368421,19,WR,15.33,True,True,False,False,False,,,,2.9766510596485283,6.365916666666666,,
0.9531578947368421,,00-0030431,0.9219219219219219,WR,15.526666666666667,WR,0.2263843648208469,232.9,,,0.2438464747601168,1.0,0.2278688524590164,1.8469055374592833,,,LA,2019,0.5124958110206064,27.0,False,15.836842105263159,,0.9333333333333333,15,WR,15.188888888888888,True,True,True,False,True,,,,3.407958005883114,7.317022900763359,,
0.9333333333333333,,00-0030431,0.9344729344729344,WR,15.133333333333333,WR,0.22408536585365854,272.4,15.836842105263159,,0.23100446953657963,1.0,0.24019607843137256,1.5731707317073171,,,LA,2020,0.5219972463226645,28.0,False,15.526666666666667,,0.9055555555555556,18,WR,11.083986928104576,True,True,True,True,True,,,,3.4120911201123416,6.900932203389831,,
0.9055555555555556,,00-0030431,0.4049689440993789,WR,15.244444444444444,WR,0.2116564417177914,137.2,15.526666666666667,,0.08885732323232323,0.88,0.09349593495934959,1.705521472392638,,,LA,2021,0.20244402870165062,29.0,False,15.133333333333333,,0.9222222222222223,9,WR,6.368014705882353,True,True,True,True,True,,,,3.780679239585852,6.201515151515153,,
0.9222222222222223,,00-0030431,0.8735849056603774,WR,6.923529411764706,WR,0.19654427645788336,117.7,15.133333333333333,,0.214050822122571,0.76,0.20871559633027523,1.1382289416846652,,,TEN,2022,0.46290896998121256,30.0,False,15.244444444444444,,0.78,17,WR,4.234375,True,True,True,True,True,,,,2.7537809768196464,6.918292682926829,,
0.78,,00-0030431,0.6206896551724138,WR,5.8125,WR,0.18,93.0,15.244444444444444,,0.14288351486062395,0.64,0.13388429752066117,0.9844444444444445,,,HOU,2023,0.3008449066834285,31.0,False,6.923529411764706,,0.67125,16,WR,2.65625,True,True,True,True,True,,,,2.6228678300843162,7.074848484848485,,
,,00-0030433,,RB,1.05,RB,,4.2,,,0.0,0.56,0.001736111111111111,,,,NO,2018,0.0026041666666666665,28.0,False,,,0.0925,4,RB,,False,False,False,False,False,,,,,,,
,,00-0030443,,TE,4.845454545454545,TE,,53.3,,,0.04660797514241326,1.0,0.04316546762589928,,,,DET,2018,0.09737378403853819,27.0,False,,,0.49125,11,TE,1.3714285714285714,True,True,False,False,False,0.0,,,,,,
,,00-0030443,0.16080402010050251,TE,1.3714285714285714,TE,0.0625,9.6,4.845454545454545,,0.006668376506796614,1.0,0.012096774193548387,0.4791666666666667,,,NYG,2020,0.02281302484508021,29.0,False,,,0.265,7,TE,,False,False,False,True,False,0.0,,,,,,
,,00-0030456,,RB,7.991666666666667,HB,,95.9,,,-0.0016196205460434984,0.78,0.09090909090909091,,,,CIN,2018,0.13522990198140591,27.0,False,,,0.42583333333333334,12,RB,7.078125000000001,True,True,False,False,False,,,,,,,
0.42583333333333334,,00-0030456,0.5263929618768328,RB,4.275,HB,0.11977715877437325,68.4,,,0.0012401818933443572,0.56,0.0730050933786078,0.6518105849582173,,,CIN,2019,0.11037576739325276,28.0,False,7.991666666666667,,0.400625,16,RB,8.207291666666668,True,True,True,False,True,,,,,,,
0.400625,,00-0030456,0.5230061349693251,RB,9.881250000000001,RB,0.17302052785923755,158.10000000000002,7.991666666666667,,0.01670281995661605,0.34,0.10424028268551237,1.0410557184750733,,,CIN,2020,0.16805239799789978,29.0,True,4.275,,0.489375,16,RB,3.7366666666666672,True,True,True,True,True,,,,,,-0.7998083398352052,12.096774193548388
0.489375,,00-0030456,0.186558516801854,RB,6.533333333333334,RB,0.22981366459627328,78.4,4.275,,0.0061147695202257765,0.12,0.04596273291925466,1.0062111801242235,,,TB,2021,0.07322443804304003,30.0,True,9.881250000000001,,0.19714285714285712,12,RB,0.9400000000000001,True,True,True,True,True,,,,,,,
0.19714285714285712,,00-0030456,0.01992966002344666,RB,0.9400000000000001,RB,0.11764705882352941,4.7,9.881250000000001,,-0.0014828544949026877,0.0,0.0025477707006369425,-0.058823529411764705,,,TB,2022,0.0027836579045235326,31.0,True,6.533333333333334,,0.05,5,RB,,False,False,True,True,True,,,,,,,
,,00-0030465,,RB,0.9333333333333333,RB,,8.4,,,0.0005772561092938234,0.34,0.0015082956259426848,,,,NE,2018,0.0026665227154197037,29.0,False,,,0.07222222222222223,9,RB,0.6114285714285714,True,True,False,False,False,,,,,,,
0.07222222222222223,,00-0030465,0.07329842931937172,RB,1.2228571428571429,RB,0.14285714285714285,17.12,,,-0.0005589714924538849,0.12,0.012307692307692308,0.39285714285714285,,,ATL,2019,0.01807025841682074,30.0,False,0.9333333333333333,,0.06357142857142857,14,RB,0.0,True,True,True,False,True,,,,,,,
0.06357142857142857,,00-0030465,0.005,RB,0.0,RB,0.25,0.0,0.9333333333333333,,0.0004349086691794723,0.0,0.0013513513513513514,0.0,,,TB,2020,0.0023314630954526577,31.0,False,1.2228571428571429,,0.011666666666666667,5,RB,,False,False,True,True,True,,,,,,,
,,00-0030470,,TE,8.866666666666667,TE,,133.0,,,0.07276905400229797,1.0,0.10762331838565023,,,,PIT,2018,0.21237331538008392,28.0,False,,,0.548,15,TE,4.113961038961039,True,True,False,False,False,0.0,,,3.276894349941222,5.521521739130435,,
0.548,,00-0030470,0.7473309608540926,TE,5.964285714285714,TE,0.13095238095238096,83.5,,,0.07153885743695317,1.0,0.11410788381742738,0.65,,,PIT,2019,0.22123902593200828,29.0,False,8.866666666666667,,0.7692857142857142,14,TE,2.2636363636363637,True,True,True,False,True,0.0,,,3.7804529651738825,5.162903225806451,,
0.7692857142857142,,00-0030470,0.348,TE,2.2636363636363637,TE,0.0842911877394636,24.9,8.866666666666667,,0.007889166827015586,1.0,0.030598052851182198,0.3793103448275862,,,PIT,2020,0.05141949605568421,30.0,False,5.964285714285714,,0.5053333333333333,11,TE,,False,False,True,True,True,0.0,,,,,,
,,00-0030472,,TE,9.215384615384615,TE,,119.8,,,0.13905683192261184,1.0,0.17177914110429449,,,,WAS,2018,0.35500849400227,28.0,False,,,0.6092307692307692,13,TE,7.31,True,True,False,False,False,0.0,,,3.3169090188726873,6.627878787878788,,
,,00-0030472,0.2903225806451613,TE,7.31,TE,0.25555555555555554,73.1,9.215384615384615,,0.10505394662123793,1.0,0.08761904761904762,1.2833333333333334,,,SF,2020,0.204966334063438,30.0,False,,,0.355,10,TE,,False,False,False,True,False,0.0,,,2.0924867505134954,5.539069767441862,,
,,00-0030496,0.7832764505119454,RB,14.333333333333334,RB,0.16993464052287582,215.0,,,0.010667328206400397,0.78,0.15853658536585366,1.0043572984749456,,,NYJ,2019,0.24527200779326075,27.0,True,,,0.8313333333333334,15,RB,5.514583333333333,True,True,False,False,False,,,,,,-0.5199275167596167,17.142857142857142
0.8313333333333334,,00-0030496,0.2184873949579832,RB,6.266666666666667,RB,0.12637362637362637,75.2,,,0.005546888542208355,0.56,0.03155006858710562,0.7582417582417582,,,KC,2020,0.05120792486020428,28.0,True,14.333333333333334,,0.3491666666666667,12,RB,4.7625,True,True,True,False,True,,,,,,,
0.3491666666666667,,00-0030496,0.15466666666666667,RB,4.7625,RB,0.0603448275862069,38.1,14.333333333333334,,0.000968054211035818,0.34,0.011844331641285956,0.25862068965517243,,,BAL,2021,0.01844413540965401,29.0,True,6.266666666666667,,0.28875,8,RB,,False,False,True,True,True,,,,,,,
,,00-0030506,,TE,17.983333333333334,TE,,323.7,,,0.2602739726027397,1.0,0.2656,,,,KC,2018,0.5805917808219178,29.0,False,,,0.9511111111111111,18,TE,19.422573099415203,True,True,False,False,False,0.0,,,2.894876456665061,5.618666666666666,,
0.9511111111111111,,00-0030506,0.9473684210526315,TE,16.74736842105263,TE,0.21944444444444444,318.2,,,0.2494083378845804,1.0,0.23939393939393938,1.9944444444444445,,,KC,2019,0.5336767456101154,30.0,False,17.983333333333334,,0.9094736842105263,19,TE,19.937836257309943,True,True,True,False,True,0.0,,,3.077840743283556,5.39,,
0.9094736842105263,,00-0030506,0.8883553421368547,TE,22.09777777777778,TE,0.25,397.76,17.983333333333334,,0.26763737216155314,0.9,0.25377229080932784,2.4,,,KC,2020,0.5680045967270789,31.0,False,16.74736842105263,,0.8638888888888889,18,TE,18.713947368421053,True,True,True,True,True,0.0,,,3.0274271475446954,5.3516935483870975,,
0.8638888888888889,,00-0030506,0.8450390189520625,TE,17.777894736842107,TE,0.21240105540897097,337.78000000000003,16.74736842105263,,0.22481203007518796,0.8,0.21495327102803738,1.878627968337731,,,KC,2021,0.47979832759468766,32.0,False,22.09777777777778,,0.8236842105263158,19,TE,17.861842105263158,True,True,True,True,True,0.0,,,3.305093756682105,5.53214953271028,,
0.8236842105263158,,00-0030506,0.8637440758293838,TE,19.65,TE,0.25102880658436216,393.0,22.09777777777778,,0.24712979178828565,0.7,0.25702247191011235,2.1879286694101507,,,KC,2022,0.5585245621169684,33.0,False,17.777894736842107,,0.798,20,TE,14.139473684210525,True,True,True,True,True,0.0,,,2.895535749907414,6.2835833333333335,,
0.798,,00-0030506,0.7703619909502263,TE,16.073684210526313,TE,0.23201174743024963,305.4,17.777894736842107,,0.21761658031088082,0.6,0.2161422708618331,1.9662261380323054,,,KC,2023,0.4765450125103662,34.0,False,19.65,,0.7842105263157895,19,TE,11.784984520123839,True,True,True,True,True,0.0,,,3.659598831305704,6.682815533980583,,
0.8505263157894737,,00-0030506,0.869942196531792,TE,11.364705882352942,TE,0.17940199335548174,193.20000000000002,16.073684210526313,,0.17100977198697068,0.4,0.19672131147540983,1.4136212624584719,,,KC,2025,0.4147888076039942,36.0,False,12.205263157894738,,0.8188235294117647,17,TE,,False,,True,True,True,0.0,,,3.2110720981975143,5.642235294117647,,
,,00-0030513,,RB,8.24375,RB,,131.9,,,0.006780453588964227,0.56,0.045060658578856154,,,,MIN,2018,0.07233730538055919,28.0,True,,,0.43,16,RB,9.295220588235296,True,True,False,False,False,,,,,,0.27040781342924775,27.857142857142858
0.43,,00-0030513,0.38239757207890746,RB,9.452941176470588,RB,0.17857142857142858,160.7,,,-0.01544004117344313,0.34,0.0774526678141136,0.9484126984126984,,,NO,2019,0.10537097289976022,29.0,True,8.24375,,0.38882352941176473,17,RB,8.26875,True,True,True,False,True,,,,,,-0.003145973740945558,35.61643835616438
0.38882352941176473,,00-0030513,0.2890262751159196,RB,9.137500000000001,RB,0.1497326203208556,146.20000000000002,8.24375,,-0.010030649205906938,0.12,0.04895104895104895,1.0,,,NO,2020,0.06640511898243857,30.0,True,9.452941176470588,,0.35125,16,RB,9.63076923076923,True,True,True,True,True,,,,,,0.09520100873498825,36.3013698630137
0.35125,,00-0030513,0.2653333333333333,RB,7.4,RB,0.06532663316582915,103.60000000000001,9.452941176470588,,0.0001936108422071636,0.0,0.021996615905245348,0.3768844221105528,,,BAL,2021,0.033130451447413035,31.0,True,9.137500000000001,,0.37714285714285717,14,RB,8.633710407239818,True,True,True,True,True,,,,,,0.07006044683240462,31.092436974789916
0.37714285714285717,,00-0030513,0.3493975903614458,RB,11.86153846153846,RB,0.15086206896551724,154.2,9.137500000000001,,-0.01348747591522158,0.0,0.0660377358490566,0.5689655172413793,,,DEN,2022,0.0896153706329298,32.0,True,7.4,,0.5284615384615384,13,RB,5.405882352941177,True,True,True,True,True,,,,,,-0.06557203248722623,21.052631578947366
0.5284615384615384,,00-0030513,0.3401360544217687,RB,5.405882352941177,RB,0.112,91.9,7.4,,0.007442224833529181,0.0,0.0457516339869281,0.636,,,BUF,2023,0.07383700836386257,33.0,True,11.86153846153846,,0.305,17,RB,,False,False,True,True,True,,,,,,,
,,00-0030516,,WR,3.0,WR,,18.0,,,0.039093484419263455,1.0,0.022988505747126436,,,,MIA,2018,0.061848197714174075,28.0,False,,,0.28875,6,WR,,False,False,False,False,False,,,,,,,
,-3.6847692135481807,00-0030520,0.2797704447632712,QB_pocket,12.116,QB,0.0,60.58,,-0.1001791668557596,0.0,1.0,0.0,0.0,-0.1273212274501644,189.0,JAX,2020,0.0,31.0,False,,189.0,0.89,5,QB,5.1499999999999995,True,True,False,False,False,,-0.5490443143764665,2.5754858757062147,,,,
0.89,-7.878039428940067,00-0030520,0.27177177177177175,QB_pocket,5.1499999999999995,QB,0.0,30.9,,-0.3501799771673986,0.0,1.0,0.0,0.0,-0.466494084115112,174.0,NYG,2021,0.0,32.0,False,12.116,174.0,0.805,6,QB,,False,False,True,False,True,,-8.224152430088928,2.70590243902439,,,,
,,00-0030521,,WR,1.275,WR,,5.1,,,0.05093833780160858,1.0,0.01943198804185351,,,,PIT,2018,0.06480481852390627,27.0,False,,,0.32599999999999996,4,WR,,False,False,False,False,False,,,,,,,
,,00-0030525,,WR,4.633333333333334,WR,,41.7,,,0.04830586080586081,1.0,0.02586206896551724,,,,DAL,2018,0.07260720601237843,28.0,False,,,0.24000000000000002,9,WR,2.276190476190476,True,True,False,False,False,,,,,,,
0.24000000000000002,,00-0030525,0.2383177570093458,WR,3.3857142857142857,WR,0.1568627450980392,47.4,,,0.055856529049131326,0.88,0.041666666666666664,1.1568627450980393,,,DAL,2019,0.10159957033439193,29.0,False,4.633333333333334,,0.30214285714285716,14,WR,3.0106060606060607,True,True,True,False,True,,,,,,,
0.30214285714285716,,00-0030525,0.018072289156626505,WR,1.1666666666666667,WR,0.4166666666666667,7.0,4.633333333333334,,-0.004725085910652921,0.76,0.008605851979345954,1.6666666666666667,,,GB,2020,0.009601217831561887,30.0,False,3.3857142857142857,,0.08333333333333333,6,WR,4.8545454545454545,True,True,True,True,True,,,,,,,
0.08333333333333333,,00-0030525,0.3075780089153046,WR,4.8545454545454545,WR,0.178743961352657,53.4,3.3857142857142857,,0.06950477845351868,0.64,0.0634648370497427,1.0289855072463767,,,JAX,2021,0.14385060049207715,31.0,False,1.1666666666666667,,0.36,11,WR,,False,False,True,True,True,,,,,,,
,-11.75644284202939,00-0030533,0.02781289506953224,QB_pocket,2.32,QB,0.0,9.28,,-0.030722497778758708,0.0,0.999,0.0,0.0,0.006495472496184943,22.0,BUF,2020,0.0,30.0,False,,22.0,0.158,4,QB,,False,False,False,False,False,,,,,,,
,,00-0030549,,TE,9.725000000000001,TE,,38.900000000000006,,,0.04049051365108746,1.0,0.03598484848484849,,,,CIN,2018,0.08232063228303396,28.0,False,,,0.49,4,TE,6.0945833333333335,True,True,False,False,False,0.0,,,,,,
0.49,,00-0030549,0.5674486803519062,TE,6.6625,TE,0.16279069767441862,106.6,,,0.10768912773873501,1.0,0.10696095076400679,1.1266149870801034,,,CIN,2019,0.23582381556312468,29.0,False,9.725000000000001,,0.439375,16,TE,5.526666666666667,True,True,True,False,True,0.0,,,2.418961464481544,5.384000000000001,,
0.439375,,00-0030549,0.5954088952654233,TE,5.526666666666667,TE,0.14457831325301204,82.9,9.725000000000001,,0.10609576038810378,1.0,0.10291595197255575,0.8409638554216867,,,JAX,2020,0.22864096023050626,30.0,False,6.6625,,0.558,15,TE,,False,False,True,True,True,0.0,,,2.4778503514365395,6.290975609756098,,
,,00-0030564,,WR,20.129411764705885,WR,,342.20000000000005,,,0.44818243395800406,1.0,0.33657587548638135,,,,HOU,2018,0.8185915170001747,26.0,False,,,0.9905882352941177,17,WR,17.944926470588236,True,True,False,False,False,,,,2.522421038243409,4.921987577639751,,
0.9905882352941177,,00-0030564,0.9221311475409836,WR,17.902352941176474,WR,0.2548148148148148,304.34000000000003,,,0.3500880109524741,1.0,0.2920203735144312,2.034074074074074,,,HOU,2019,0.6830921679383787,27.0,False,20.129411764705885,,0.9688235294117646,17,WR,16.35375,True,True,True,False,True,,,,2.6727643592259476,5.038819444444444,,
0.9688235294117646,,00-0030564,0.9527439024390244,WR,17.9875,WR,0.256,287.8,20.129411764705885,,0.3303344867358708,1.0,0.2946593001841621,2.2512,,,ARI,2020,0.6732230909913527,28.0,False,17.902352941176474,,0.92125,16,WR,15.787777777777778,True,True,True,True,True,,,,3.142846883761298,6.30496855345912,,
0.92125,,00-0030564,0.45738636363636365,WR,14.720000000000002,WR,0.19875776397515527,147.20000000000002,17.902352941176474,,0.17314875851461217,0.88,0.10596026490066225,1.7763975155279503,,,ARI,2021,0.2801445283112219,29.0,False,17.9875,,0.8220000000000001,10,WR,15.004248366013071,True,True,True,True,True,,,,2.829417514372512,5.2915624999999995,,
0.8220000000000001,,00-0030564,0.4795244385733157,WR,16.855555555555554,WR,0.2644628099173554,151.7,17.9875,,0.2175172721194562,0.76,0.15141955835962145,1.975206611570248,,,ARI,2022,0.3793914280230515,30.0,False,14.720000000000002,,0.8811111111111111,9,WR,10.810681114551084,True,True,True,True,True,,,,2.8099471651423453,6.912826086956521,,
0.8811111111111111,,00-0030564,0.8775862068965518,WR,13.152941176470588,WR,0.2691552062868369,223.6,14.720000000000002,,0.42863475177304966,0.64,0.28721174004192873,2.076620825147348,,,TEN,2023,0.7308619363040278,31.0,False,16.855555555555554,,0.7217647058823529,17,WR,6.204798761609907,True,True,True,True,True,,,,2.271084470396227,5.7894656488549625,,
0.4584210526315789,,00-0030564,0.39920948616600793,WR,3.9411764705882355,WR,0.19306930693069307,67.0,13.152941176470588,,0.15195497630331753,0.4,0.09582309582309582,1.6336633663366336,,,BAL,2025,0.250103127146966,33.0,False,8.468421052631578,,0.33,17,WR,,False,,True,True,True,,,,,,,
,-28.202356894810993,00-0030565,,QB_pocket,-0.37,QB,,-1.48,,-1.0457492210292556,0.0,0.885,0.0,,-1.373060214778318,5.0,LAC,2018,0.0,28.0,False,,5.0,0.10400000000000001,4,QB,,False,False,False,False,False,,,,,,,
,6.504954397678375,00-0030565,0.19649122807017544,QB_pocket,13.57,QB,0.0,54.28,,0.00853167142288434,0.0,1.0,0.0,0.0,-0.015690273957358267,107.0,SEA,2021,0.0,31.0,False,,107.0,0.845,4,QB,16.486444444444444,True,True,False,False,False,,,,,,,
0.845,5.916229688877132,00-0030565,1.0,QB_pocket,17.822222222222223,QB,0.0,320.8,,0.02324263229916313,0.0,1.0,0.0,0.0,0.0078484903321882,658.0,SEA,2022,0.0,32.0,False,13.57,658.0,1.0,18,QB,15.39886274509804,True,True,True,False,True,,4.754895337212545,2.8113922942206653,,,,
1.0,2.444135994350506,00-0030565,0.865414710485133,QB_pocket,15.150666666666666,QB,0.0018083182640144665,227.26,13.57,0.051989679452168175,-0.0019860973187686196,1.0,0.0018281535648994515,-0.003616636528028933,0.0637961020987381,528.0,SEA,2023,0.0013519622242111435,33.0,False,17.822222222222223,528.0,0.9713333333333334,15,QB,13.620196078431373,True,True,True,True,True,,2.202350830095625,2.8358363636363633,,,,
0.9747058823529412,0.7071255871625705,00-0030565,0.867330016583748,QB_pocket,11.593333333333334,QB,0.0,173.9,15.150666666666666,-0.10031448227383197,0.0,0.84,0.0,0.0,-0.14633694147902812,503.0,LV,2025,0.0,35.0,False,15.647058823529411,503.0,0.9646666666666667,15,QB,,False,,True,True,True,,0.7720535714285859,2.801363228699552,,,,
,,00-0030578,,RB,5.927777777777778,WR,,106.7,,,0.03752164710409852,0.78,0.05279034690799397,,,,NE,2018,0.10545067333485991,27.0,False,,,0.20555555555555557,18,RB,3.1595588235294123,True,True,False,False,False,,,,,,,
0.20555555555555557,,00-0030578,0.20307692307692307,RB,2.225,WR,0.12878787878787878,35.6,,,0.01920878115710039,0.56,0.030035335689045935,0.6287878787878788,,,CHI,2019,0.058499150343539176,28.0,False,5.927777777777778,,0.1875,16,RB,9.378308823529412,True,True,True,False,True,,,,,,,
0.1875,,00-0030578,0.17588652482269504,RB,4.094117647058824,WR,0.20161290322580644,69.60000000000001,5.927777777777778,,0.017974835230677052,0.34,0.04019292604501608,1.064516129032258,,,CHI,2020,0.07287177372899806,29.0,False,2.225,,0.19176470588235292,17,RB,13.281250000000002,True,True,True,True,True,,,,,,,
0.19176470588235292,,00-0030578,0.44462025316455694,RB,14.662500000000001,RB,0.24555160142348753,234.60000000000002,2.225,,0.053526763381690844,0.12,0.12683823529411764,1.9501779359430604,,,ATL,2021,0.22772608730836005,30.0,True,4.094117647058824,,0.47625,16,RB,7.487500000000002,True,True,True,True,True,,,,,,-0.06014391978518107,37.254901960784316
0.47625,,00-0030578,0.39227642276422764,RB,11.900000000000002,RB,0.16062176165803108,154.70000000000002,4.094117647058824,,0.01903553299492386,0.0,0.07788944723618091,0.6321243523316062,,,ATL,2022,0.13015904395071806,31.0,True,14.662500000000001,,0.46846153846153843,13,RB,2.8767857142857145,True,True,True,True,True,,,,,,0.6249702887228714,36.80555555555556
0.46846153846153843,,00-0030578,0.14686468646864687,RB,3.0750000000000006,RB,0.1348314606741573,36.900000000000006,14.662500000000001,,0.002386634844868735,0.0,0.023762376237623763,0.42696629213483145,,,ATL,2023,0.03731420874784376,32.0,True,11.900000000000002,,0.19285714285714287,12,RB,2.6785714285714284,True,True,True,True,True,,,,,,,
,,00-0030656,,RB,10.823076923076924,RB,,140.70000000000002,,,-0.0019758507135016466,1.0,0.055445544554455446,,,,NYJ,2018,0.08178522133223202,25.0,True,,,,13,RB,,False,False,False,False,False,,,,,,0.9351070592325522,26.573426573426573
,,00-0030663,,WR,8.9,WR,,142.4,,,0.16666666666666666,1.0,0.17876106194690267,,,,BAL,2018,0.38480825958702064,26.0,False,,,0.6976470588235294,16,WR,6.624901960784314,True,True,False,False,False,,,,3.1388964137386073,5.395411764705883,,
0.6976470588235294,,00-0030663,0.6459412780656304,WR,6.276470588235294,WR,0.1443850267379679,106.7,,,0.10766381106737671,1.0,0.11320754716981132,1.0561497326203209,,,BAL,2019,0.2451759885018807,27.0,False,8.9,,0.621764705882353,17,WR,4.043809523809523,True,True,True,False,True,,,,3.009347813534393,5.5253658536585375,,
0.621764705882353,,00-0030663,0.6007067137809188,WR,6.973333333333333,WR,0.16176470588235295,104.6,8.9,,0.114133197763091,1.0,0.12195121951219512,1.3705882352941177,,,BAL,2020,0.26282006770245636,28.0,False,6.276470588235294,,0.642,15,WR,1.1142857142857143,True,True,True,True,True,,,,3.2268457660593928,6.159512195121951,,
0.642,,00-0030663,0.04685408299866131,WR,1.1142857142857143,WR,0.22857142857142856,7.800000000000001,6.276470588235294,,0.012674990541051836,0.88,0.0125,1.0857142857142856,,,LV,2021,0.027622493378736287,29.0,False,6.973333333333333,,0.09777777777777778,7,WR,,False,False,True,True,True,,,,,,,
,,00-0030669,,WR,13.825714285714286,WR,,96.78,,,0.06968838526912181,1.0,0.08045977011494253,,,,MIA,2018,0.16947152486079906,26.0,False,,,0.5457142857142857,7,WR,6.876923076923077,True,True,False,False,False,,,,,,,
0.5457142857142857,,00-0030669,0.4393305439330544,WR,6.876923076923077,WR,0.19682539682539682,89.4,,,0.06054434364006665,1.0,0.10299003322259136,1.1142857142857143,,,MIA,2019,0.19686609038193367,27.0,False,13.825714285714286,,0.47846153846153844,13,WR,4.8,True,True,True,False,True,,,,3.4642170505473224,6.890192307692308,,
,,00-0030669,0.3159420289855073,WR,4.8,WR,0.17889908256880735,48.0,6.876923076923077,,0.04733994589720469,0.88,0.06521739130434782,0.9770642201834863,,,MIA,2021,0.130964049084565,29.0,False,,,0.3821428571428571,10,WR,,False,False,False,True,False,,,,,,,
,,00-0030670,,WR,4.1899999999999995,WR,,41.9,,,0.06069767441860465,1.0,0.047872340425531915,,,,NYG,2018,0.11429688273132113,27.0,False,,,,10,WR,5.7875,True,True,False,False,False,,,,,,,
,,00-0030670,0.3387096774193548,WR,5.7875,WR,0.15584415584415584,46.3,,,0.07820756711054745,1.0,0.06164383561643835,0.8354978354978355,,,NYG,2019,0.14721105040204074,28.0,False,4.1899999999999995,,,8,WR,,False,False,True,False,False,,,,,,,
,,00-0030710,,TE,9.19375,TE,,147.1,,,0.12703915171288743,1.0,0.13970588235294118,,,,CHI,2018,0.298486229728433,27.0,False,,,0.798125,16,TE,4.85,True,True,False,False,False,0.0,,,3.44634933192696,5.763050847457627,,
0.798125,,00-0030710,0.2923076923076923,TE,2.8,TE,0.12631578947368421,22.4,,,0.02744111593871484,1.0,0.04240282685512368,0.4421052631578947,,,CHI,2019,0.0828130214397859,28.0,False,9.19375,,0.57375,8,TE,6.9,True,True,True,False,True,0.0,,,,,,
0.57375,,00-0030710,0.38301282051282054,TE,6.9,TE,0.20920502092050208,89.7,9.19375,,0.08705882352941176,1.0,0.08650519031141868,1.1882845188284519,,,IND,2020,0.19069896193771624,29.0,False,2.8,,0.41285714285714287,13,TE,,False,False,True,True,True,0.0,,,3.253626961260987,6.222926829268293,,
,,00-0030711,,RB,0.32,RB,,1.6,,,0.0,1.0,0.0,,,,TEN,2018,0.0,26.0,False,,,,5,RB,,False,False,False,False,False,,,,,,,
,,00-0030780,,TE,1.42,TE,,7.1,,,0.0012865282117257857,1.0,0.004285714285714286,,,,IND,2018,0.007329141176779479,27.0,False,,,,5,TE,,False,False,False,False,False,0.0,,,,,,
,,00-0030821,,WR,4.260000000000001,WR,,63.900000000000006,,,0.09294871794871795,1.0,0.06206896551724138,,,,DAL,2018,0.15816755083996464,27.0,False,,,,15,WR,5.971428571428571,True,True,False,False,False,,,,,,,
,,00-0030821,0.5341701534170153,WR,5.971428571428571,WR,0.1227154046997389,83.6,,,0.09387150527680059,1.0,0.07807308970099668,1.0861618798955615,,,MIA,2019,0.1828196882452554,28.0,False,4.260000000000001,,,14,WR,,False,False,True,False,False,,,,3.028028628127338,6.3118181818181816,,
,,00-0030854,,TE,4.957142857142857,TE,,34.7,,,0.01727623598603198,0.9,0.014285714285714285,,,,IND,2018,0.03352193661879381,26.0,False,,,,7,TE,,False,False,False,False,False,0.0,,,,,,
,,00-0030874,,RB,10.506666666666666,RB,,157.6,,,0.0015410958904109589,1.0,0.0608,,,,KC,2018,0.09227876712328767,26.0,True,,,0.2638888888888889,15,RB,15.507142857142856,True,True,False,False,False,,,,,,,
0.2638888888888889,,00-0030874,0.45,RB,15.507142857142856,RB,0.16666666666666666,217.1,,,0.012197342071727653,0.78,0.08636363636363636,0.8976608187134503,,,KC,2019,0.1380835939956639,27.0,True,10.506666666666666,,0.5935714285714286,14,RB,5.058333333333334,True,True,True,False,True,,,,,,0.5353464750735586,9.00900900900901
,,00-0030874,0.17220543806646527,RB,5.058333333333334,RB,0.20175438596491227,60.7,15.507142857142856,,0.009451360073766712,0.34,0.04389312977099236,0.9035087719298246,,,CHI,2021,0.07245564670812525,29.0,True,,,0.21166666666666667,12,RB,,False,False,False,True,False,,,,,,,
,,00-0031023,,WR,7.9,WR,,86.9,,,0.10691547749725576,1.0,0.13465346534653466,,,,NYJ,2018,0.276821032267881,26.0,False,,,0.7772727272727273,11,WR,,False,False,False,False,False,,,,3.1436705680813573,6.567777777777777,,
,,00-0031035,,TE,1.5750000000000002,TE,,12.600000000000001,,,0.010723860589812333,0.9,0.01195814648729447,,,,PIT,2018,0.025443922143810336,26.0,False,,,,8,TE,,False,False,False,False,False,0.0,,,,,,
,,00-0031045,,RB,7.028571428571429,RB,,98.4,,,-0.0035393411380343046,0.56,0.031067961165048542,,,,JAX,2018,0.044124402950948806,28.0,True,,,0.3992857142857143,14,RB,8.73459595959596,True,True,False,False,False,,,,,,-0.5767298672794711,34.30232558139535
0.3992857142857143,,00-0031045,0.35792349726775957,RB,9.705555555555556,RB,0.08015267175572519,174.7,,,0.006649716409153139,0.34,0.035653650254668934,0.2480916030534351,,,HOU,2019,0.0581352768684106,29.0,True,7.028571428571429,,0.4961111111111111,18,RB,5.963636363636365,True,True,True,False,True,,,,,,0.4426364587946516,14.69387755102041
0.4961111111111111,,00-0031045,0.2336182336182336,RB,7.763636363636365,RB,0.12195121951219512,85.4,7.028571428571429,,0.009619320507572656,0.12,0.03558718861209965,0.5670731707317073,,,SEA,2020,0.06011430727345034,30.0,True,9.705555555555556,,0.36727272727272725,11,RB,4.163636363636364,True,True,True,True,True,,,,,,,
0.36727272727272725,,00-0031045,0.2912332838038633,RB,4.163636363636364,RB,0.10714285714285714,45.800000000000004,9.705555555555556,,0.006733275412684622,0.0,0.036020583190394515,0.33163265306122447,,,JAX,2021,0.058744167574471005,31.0,True,7.763636363636365,,0.3741666666666667,11,RB,,False,False,True,True,True,,,,,,,
,,00-0031051,,WR,8.664705882352942,WR,,147.3,,,0.32091346153846156,1.0,0.17699115044247787,,,,BAL,2018,0.49012614874063987,28.0,False,,,0.638235294117647,17,WR,12.103958333333335,True,True,False,False,False,,,,2.3436656743523248,5.683152173913043,,
0.638235294117647,,00-0031051,0.9062980030721967,WR,14.59125,WR,0.20847457627118643,233.46,,,0.36119585112873703,0.88,0.2333965844402277,1.88135593220339,,,BUF,2019,0.6029319724504575,29.0,False,8.664705882352942,,0.915625,16,WR,9.616666666666667,True,True,True,False,True,,,,2.3874553614578518,4.649553571428572,,
0.915625,,00-0031051,0.5297092288242731,WR,9.616666666666667,WR,0.16945107398568018,115.4,8.664705882352942,,0.14197633727712047,0.76,0.10380116959064327,1.298329355608592,,,BUF,2020,0.2550851904799492,30.0,False,14.59125,,0.8075,12,WR,,False,False,True,True,True,,,,3.26218547868259,4.743076923076924,,
,,00-0031060,,WR,2.5,WR,,12.5,,,0.011643835616438357,0.9,0.008,,,,KC,2018,0.02015068493150685,25.0,False,,,0.10400000000000001,5,WR,0.14,True,True,False,False,False,,,,,,,
0.10400000000000001,,00-0031060,0.022452504317789293,WR,0.14,WR,0.15384615384615385,2.1,,,-0.00023153507756425097,1.0,0.0041928721174004195,0.46153846153846156,,,BAL,2019,0.006127233621805654,26.0,False,2.5,,0.024666666666666667,15,WR,,False,False,True,False,True,,,,,,,
,,00-0031062,,RB,16.54736842105263,RB,,314.4,,,0.05406965557052146,1.0,0.22624434389140272,,,,NE,2018,0.3772152747364691,26.0,True,,,0.5157894736842106,19,RB,10.876785714285713,True,True,False,False,False,,,,,,-0.07693281112972766,11.702127659574469
0.5157894736842106,,00-0031062,0.5855072463768116,RB,13.425,RB,0.24752475247524752,214.8,,,0.046134663341645885,0.78,0.1610305958132045,1.75,,,NE,2019,0.2738401580589589,27.0,True,16.54736842105263,,0.451875,16,RB,8.328571428571427,True,True,True,False,True,,,,,,,
0.451875,,00-0031062,0.46506986027944114,RB,8.328571428571427,RB,0.26609442060085836,116.6,16.54736842105263,,-0.013679890560875513,0.56,0.14797136038186157,1.609442060085837,,,NE,2020,0.2123811171801795,28.0,True,13.425,,0.37714285714285717,14,RB,,False,False,True,True,True,,,,,,,
,,00-0031068,,WR,5.314285714285715,WR,,74.4,,,0.08730012865282118,1.0,0.07428571428571429,,,,IND,2018,0.17253866148554625,28.0,False,,,0.5607142857142857,14,WR,,False,False,False,False,False,,,,2.635366822098845,5.660980392156862,,
,,00-0031075,,RB,5.952941176470588,RB,,101.2,,,0.0167080605102732,0.78,0.05642023346303502,,,,HOU,2018,0.09632599255174377,27.0,True,,,0.40941176470588236,17,RB,,False,False,False,False,False,,,,,,-0.3479933837783845,22.666666666666664
,,00-0031102,,RB,6.180000000000001,RB,,61.800000000000004,,,0.009189842805320435,1.0,0.04703476482617587,,,,WAS,2018,0.07698503720298812,25.0,False,,,,10,RB,,False,False,False,False,False,,,,,,,
,,00-0031166,,WR,7.126666666666667,WR,,106.9,,,0.1559432933478735,1.0,0.12237093690248566,,,,LV,2018,0.2927167106972399,27.0,False,,,,15,WR,4.340000000000001,True,True,False,False,False,,,,3.2284164571947667,6.122115384615385,,
,,00-0031166,0.533678756476684,WR,4.340000000000001,WR,0.1262135922330097,65.10000000000001,,,0.09099328548275064,1.0,0.08176100628930817,0.9741100323624595,,,BAL,2019,0.18633680927188773,28.0,False,7.126666666666667,,,15,WR,,False,False,True,False,False,,,,,,,
,,00-0031167,,TE,2.3600000000000003,TE,,23.6,,,0.015348837209302326,0.9,0.024822695035460994,,,,NYG,2018,0.04797822859970312,26.0,False,,,,10,TE,,False,False,False,False,False,0.0,,,,,,
,,00-0031189,,WR,4.166666666666667,WR,,50.0,,,0.06939409632314862,1.0,0.048561151079136694,,,,DET,2018,0.12141759404490907,26.0,False,,,0.448,12,WR,,False,False,False,False,False,,,,,,,
,,00-0031209,,RB,0.0,RB,,0.0,,,0.0,0.78,0.0,,,,MIA,2018,0.0,27.0,False,,,,11,RB,0.2,True,True,False,False,False,,,,,,,
,,00-0031209,0.007680491551459293,RB,0.175,RB,0.2,1.4,,,-0.0002033760423022168,0.56,0.0018975332068311196,0.2,,,BUF,2019,0.0027039365806351273,28.0,False,0.0,,,8,RB,0.225,True,True,True,False,False,,,,,,,
,,00-0031209,0.0017825311942959,RB,0.225,RB,0.0,0.9,0.0,,0.0,0.34,0.0,0.0,,,TEN,2020,0.0,29.0,False,0.175,,,4,RB,,False,False,True,True,False,,,,,,,
,,00-0031228,,WR,9.505882352941176,WR,,161.6,,,0.22981239804241435,1.0,0.1875,,,,CHI,2018,0.44211867862969,27.0,False,,,,17,WR,10.033333333333333,True,True,False,False,False,,,,3.4677611462782516,6.972650602409638,,
,,00-0031228,0.44769230769230767,WR,10.033333333333333,WR,0.16494845360824742,90.3,,,0.1271438371827121,1.0,0.08480565371024736,1.2130584192439862,,,CHI,2019,0.2162091665932695,28.0,False,9.505882352941176,,,9,WR,,False,False,True,False,False,,,,3.1487192281906142,5.960425531914894,,
,,00-0031235,,WR,19.361666666666668,WR,,232.34,,,0.3283720930232558,1.0,0.2198581560283688,,,,NYG,2018,0.5596476991588323,26.0,False,,,0.9366666666666666,12,WR,12.55455357142857,True,True,False,False,False,,,,2.9700903750109457,6.211965811965811,,
0.9366666666666666,,00-0031235,0.9616666666666667,WR,12.70625,WR,0.23050259965337955,203.3,,,0.38786516853932584,1.0,0.25775193798449614,1.7937608318890814,,,CLE,2019,0.6581335249542724,27.0,False,19.361666666666668,,0.953125,16,WR,11.548650793650793,True,True,True,False,True,,,,2.5831583981690205,5.51484375,,
0.953125,,00-0031235,0.28548644338118023,WR,12.402857142857142,WR,0.24022346368715083,86.82,19.361666666666668,,0.13167981961668546,1.0,0.08128544423440454,1.782122905027933,,,CLE,2020,0.21410404008328662,28.0,False,12.70625,,0.6757142857142858,7,WR,10.694444444444445,True,True,True,True,True,,,,2.6416206247963983,5.22560975609756,,
0.6757142857142858,,00-0031235,0.6583850931677019,WR,10.694444444444445,WR,0.2037735849056604,192.5,12.70625,,0.2143308080808081,0.88,0.14634146341463414,1.5566037735849056,,,LA,2021,0.36954376077851686,29.0,False,12.402857142857142,,0.7138888888888889,18,WR,7.18125,True,True,True,True,True,,,,2.631560672147918,6.261951219512195,,
,,00-0031235,0.48759124087591244,WR,7.18125,WR,0.2125748502994012,114.9,10.694444444444445,,0.2197053001979327,0.64,0.1337099811676083,1.7934131736526946,,,BAL,2023,0.35435868188996533,31.0,False,,,0.486875,16,WR,1.8125,True,True,False,True,False,,,,2.676241473295458,5.309375,,
,,00-0031236,,WR,16.216666666666665,WR,,291.9,,,0.3313767342582711,0.9,0.22325581395348837,,,,LA,2018,0.5668474349110223,25.0,False,,,0.9094736842105263,18,WR,11.929761904761904,True,True,False,False,False,,,,2.7132488995035486,5.678157894736842,,
0.9094736842105263,,00-0031236,0.6801801801801802,WR,8.392857142857142,WR,0.15894039735099338,117.5,,,0.2094284522319566,1.0,0.1180327868852459,1.2869757174392935,,,LA,2019,0.32364909689023846,26.0,False,16.216666666666665,,0.7128571428571429,14,WR,14.977083333333333,True,True,True,False,True,,,,3.111044563861014,6.161666666666668,,
0.7128571428571429,,00-0031236,0.8489425981873112,WR,15.466666666666667,WR,0.2117437722419929,232.0,16.216666666666665,,0.2994470438111442,1.0,0.22666666666666666,2.0462633451957295,,,HOU,2020,0.5496129306678008,27.0,False,8.392857142857142,,0.876,15,WR,12.84375,True,True,True,True,True,,,,2.982509150031544,6.692454545454546,,
0.876,,00-0031236,0.8571428571428571,WR,14.4875,WR,0.2537878787878788,231.8,8.392857142857142,,0.37467087941021593,1.0,0.25621414913957935,1.9640151515151516,,,HOU,2021,0.6465908392965202,28.0,False,15.466666666666667,,0.8325,16,WR,11.026470588235295,True,True,True,True,True,,,,3.257264016889394,6.35568,,
0.8325,,00-0031236,0.6682242990654206,WR,11.2,WR,0.21678321678321677,145.6,15.466666666666667,,0.24563530552861298,0.88,0.16666666666666666,1.6293706293706294,,,HOU,2022,0.4219447138700291,29.0,False,14.4875,,0.8115384615384615,13,WR,8.906470588235294,True,True,True,True,True,,,,2.8550997149162085,7.031910112359551,,
0.8115384615384615,,00-0031236,0.7851458885941645,WR,10.852941176470589,WR,0.15033783783783783,184.5,14.4875,,0.2225201072386059,0.76,0.13423831070889894,1.1891891891891893,,,DAL,2023,0.35712154113037253,30.0,False,11.2,,0.7447058823529412,17,WR,5.636666666666667,True,True,True,True,True,,,,2.6307468618744485,6.225844155844156,,
0.6980000000000001,,00-0031236,0.6440177252584933,WR,4.3133333333333335,WR,0.10779816513761468,64.7,10.852941176470589,,0.16652415562206072,0.52,0.0831858407079646,0.8188073394495413,,,NO,2025,0.2413456699973894,32.0,False,6.959999999999999,,0.5435294117647059,15,WR,,False,,True,True,True,,,,,,,
,-7.427500323815779,00-0031237,,QB_pocket,1.8049999999999997,QB,,7.219999999999999,,-0.25415692020661873,0.0,0.771,0.0,,-0.3312491703359592,25.0,NO,2018,0.0,26.0,False,,25.0,0.256,4,QB,13.066222222222223,True,True,False,False,False,,,,,,,
0.256,0.4076895388689908,00-0031237,0.3353566009104704,QB_pocket,10.051111111111112,QB,0.0,90.46000000000001,,0.08184369550569656,0.0,0.828,0.0,0.0,0.11517232412727085,208.0,NO,2019,0.0,27.0,False,1.8049999999999997,208.0,0.6644444444444444,9,QB,15.279238095238096,True,True,True,False,True,,0.8827268849222065,2.8167908163265305,,,,
0.6644444444444444,4.038647408170233,00-0031237,0.8993610223642172,QB_pocket,16.081333333333333,QB,0.0,241.22,1.8049999999999997,0.051004699473241356,0.0,0.885,0.0,0.0,0.05555536749818665,523.0,CAR,2020,0.0,28.0,False,10.051111111111112,523.0,0.9613333333333334,15,QB,11.040571428571429,True,True,True,True,True,,2.424340874214124,2.6027020408163257,,,,
0.9613333333333334,3.910554529708109,00-0031237,0.7838283828382838,QB_pocket,14.477142857142857,QB,0.0,202.68,10.051111111111112,0.09090055422388191,0.0,0.942,0.0,0.0,0.11309841519251085,460.0,DEN,2021,0.0,29.0,False,16.081333333333333,460.0,0.9121428571428571,14,QB,7.604000000000001,True,True,True,True,True,,2.757740638572983,2.913776995305164,,,,
0.9121428571428571,1.561234136422475,00-0031237,0.13024602026049203,QB_pocket,7.604000000000001,QB,0.0,38.02,16.081333333333333,-0.042570681672225476,0.0,0.999,0.0,0.0,-0.06750626297356128,87.0,MIA,2022,0.0,30.0,False,14.477142857142857,87.0,0.4,5,QB,,False,False,True,True,True,,,,,,,
,,00-0031257,,WR,8.442857142857143,WR,,59.1,,,0.10447400241837969,1.0,0.07157464212678936,,,,WAS,2018,0.1804937648830498,26.0,False,,,0.76,7,WR,6.45,True,True,False,False,False,,,,,,,
0.76,,00-0031257,0.47368421052631576,WR,6.45,WR,0.16091954022988506,64.5,,,0.11361714124612349,1.0,0.09071274298056156,0.9386973180076629,,,WAS,2019,0.2156011133431288,27.0,False,8.442857142857143,,0.71,10,WR,,False,False,True,False,True,,,,,,,
,,00-0031260,,TE,2.2555555555555555,TE,,20.3,,,0.028535193405199746,1.0,0.03571428571428571,,,,BUF,2018,0.0735460639550684,27.0,False,,,0.34833333333333333,9,TE,6.869411764705882,True,True,False,False,False,0.0,,,,,,
0.34833333333333333,,00-0031260,0.30171073094867806,TE,2.6199999999999997,TE,0.14432989690721648,39.3,,,0.04099616858237548,1.0,0.05090909090909091,0.8917525773195877,,,DET,2019,0.1050609543712992,28.0,False,2.2555555555555555,,0.32125000000000004,15,TE,10.919411764705883,True,True,True,False,True,0.0,,,,,,
0.32125000000000004,,00-0031260,0.9613259668508287,TE,11.118823529411765,TE,0.17097701149425287,189.02,2.2555555555555555,,0.2214087351678869,1.0,0.19381107491856678,1.0689655172413792,,,WAS,2020,0.445702726995371,29.0,False,2.6199999999999997,,0.9288235294117646,17,TE,8.333076923076923,True,True,True,True,True,0.0,,,2.9025726389213498,5.768918918918919,,
0.9288235294117646,,00-0031260,0.25862068965517243,TE,10.72,TE,0.15151515151515152,53.6,2.6199999999999997,,0.06157270029673591,1.0,0.04681647940074907,1.187878787878788,,,WAS,2021,0.11332560930883873,30.0,False,11.118823529411765,,0.75,5,TE,6.935576923076923,True,True,True,True,True,0.0,,,,,,
0.75,,00-0031260,0.631083202511774,TE,5.946153846153846,TE,0.1517412935323383,77.3,11.118823529411765,,0.09808394160583941,0.9,0.11487758945386065,0.8034825870646766,,,WAS,2022,0.24097514330487857,31.0,False,10.72,,0.6835714285714286,13,TE,7.925,True,True,True,True,True,0.0,,,3.7383200358770323,5.448461538461538,,
0.6835714285714286,,00-0031260,0.7299864314789688,TE,7.925,TE,0.1449814126394052,126.8,10.72,,0.1081267217630854,0.8,0.129783693843594,0.9219330855018587,,,WAS,2023,0.2703642459995508,32.0,False,5.946153846153846,,0.691875,16,TE,,False,False,True,True,True,0.0,,,3.2774368740565443,6.41725806451613,,
,,00-0031273,,TE,6.193333333333333,TE,,92.9,,,0.06170018281535649,1.0,0.0791599353796446,,,,TB,2018,0.16193003104021642,27.0,False,,,0.485625,15,TE,6.362394957983193,True,True,False,False,False,0.0,,,2.8685559351202676,5.647837837837838,,
0.485625,,00-0031273,0.423562412342216,TE,6.507142857142857,TE,0.18211920529801323,91.1,,,0.060203283815480846,1.0,0.09075907590759076,1.0298013245033113,,,TB,2019,0.17828091253222272,28.0,False,6.193333333333333,,0.380625,14,TE,5.506045751633987,True,True,True,False,True,0.0,,,2.5701522180731815,5.421111111111111,,
0.380625,,00-0031273,0.3175,TE,6.2176470588235295,TE,0.20866141732283464,105.7,6.193333333333333,,0.06726587416642506,1.0,0.07162162162162163,1.7992125984251968,,,TB,2020,0.15451854434892998,29.0,False,6.507142857142857,,0.321,17,TE,4.657222222222222,True,True,True,True,True,0.0,,,,,,
0.321,,00-0031273,0.4264194669756663,TE,4.794444444444444,TE,0.17119565217391305,86.3,6.507142857142857,,0.07337723424270931,1.0,0.0782608695652174,0.7690217391304348,,,TB,2021,0.16875536831772261,30.0,False,6.2176470588235295,,0.4052631578947368,18,TE,4.5200000000000005,True,True,True,True,True,0.0,,,2.5636769989365455,6.846666666666666,,
0.4052631578947368,,00-0031273,0.3118405627198124,TE,4.5200000000000005,TE,0.15413533834586465,45.2,6.2176470588235295,,0.05319740500463392,0.9,0.05222929936305733,0.6842105263157895,,,TB,2022,0.11558213254782973,31.0,False,4.794444444444444,,0.45999999999999996,10,TE,,False,False,True,True,True,0.0,,,,,,
,3.79729390651382,00-0031280,,QB_pocket,13.547500000000001,QB,,216.76000000000002,,0.006825280429336107,-0.0019083969465648854,0.828,0.0019120458891013384,,-0.006523716128864789,598.0,LV,2018,0.0015321909710565877,27.0,False,,598.0,0.986875,16,QB,16.14,True,True,False,False,False,,1.1813348135616195,2.5574212454212457,,,,
0.986875,5.690154129650885,00-0031280,0.982363315696649,QB_pocket,15.2725,QB,0.0,244.36,,0.11938162367664928,0.0,0.885,0.0,0.0,0.14615880183956662,541.0,LV,2019,0.0,28.0,False,13.547500000000001,541.0,0.975625,16,QB,16.04152777777778,True,True,True,False,True,,2.2690203541900615,2.8157103718199616,,,,
0.975625,2.572800989913358,00-0031280,0.9342105263157895,QB_pocket,17.0075,QB,0.0,272.12,13.547500000000001,0.062199576644986,0.0,0.942,0.0,0.0,0.07783024810749418,540.0,LV,2020,0.0,29.0,False,15.2725,540.0,0.935625,16,QB,14.840444444444445,True,True,True,True,True,,3.16126593415639,2.7825769980506823,,,,
0.935625,1.5717612550808833,00-0031280,0.9973226238286479,QB_pocket,15.075555555555557,QB,0.0,271.36,15.2725,0.026576224480823286,0.0,0.999,0.0,0.0,0.031229915307972343,722.0,LV,2021,0.0,30.0,False,17.0075,722.0,0.9905555555555554,18,QB,14.39443137254902,True,True,True,True,True,,1.7351316243481563,2.8206982343499196,,,,
0.9905555555555554,-2.8706469951065015,00-0031280,0.8443759630200308,QB_pocket,14.605333333333334,QB,0.0,219.08,17.0075,0.008200797114491435,0.0,1.0,0.0,0.0,0.0240181972854442,532.0,LV,2022,0.0,31.0,False,15.075555555555557,532.0,0.982,15,QB,14.636764705882353,True,True,True,True,True,,-0.8009692453649322,2.926735059760956,,,,
0.982,3.0327578889024416,00-0031280,0.9007633587786259,QB_pocket,14.183529411764706,QB,0.0,241.12,15.075555555555557,0.04286340296022726,0.0,1.0,0.0,0.0,0.048235898990742765,581.0,NO,2023,0.0,32.0,False,14.605333333333334,581.0,0.841764705882353,17,QB,15.09,True,True,True,True,True,,3.992335620016732,2.6946897810218977,,,,
,,00-0031285,0.5549738219895288,RB,14.114285714285714,RB,0.1650943396226415,197.6,,,0.014719582634618967,0.78,0.1076923076923077,0.9669811320754716,,,ATL,2019,0.1718421693826948,27.0,True,,,0.6521428571428572,14,RB,8.18125,True,True,False,False,False,,,,,,-1.222199792953207,22.82608695652174
0.6521428571428572,,00-0031285,0.10385259631490787,RB,7.200000000000001,RB,0.16129032258064516,36.00000000000001,,,-0.003590664272890485,0.56,0.020161290322580645,0.9354838709677419,,,NYG,2020,0.02772847049284763,28.0,True,14.114285714285714,,0.4600000000000001,5,RB,9.1625,True,True,True,False,True,,,,,,,
0.4600000000000001,,00-0031285,0.43466666666666665,RB,9.1625,RB,0.12883435582822086,146.6,14.114285714285714,,0.0069699903194578895,0.34,0.07106598984771574,0.5828220858895705,,,BAL,2021,0.11147797799519414,29.0,True,7.200000000000001,,0.44375,16,RB,,False,False,True,True,True,,,,,,-0.49351934128851416,28.57142857142857
,,00-0031299,,TE,6.058333333333334,WR,,72.7,,,0.06444007858546169,0.9,0.04524886877828054,,,,PHI,2018,0.11298135817724399,26.0,False,,,0.3475,12,TE,,False,False,False,False,False,0.0,,,,,,
,,00-0031319,0.07407407407407407,WR,0.48125000000000007,WR,0.19047619047619047,7.700000000000001,,,0.014714714714714715,1.0,0.017241379310344827,0.7380952380952381,,,DEN,2019,0.03616236926581754,27.0,False,,,0.075625,16,WR,0.636969696969697,True,True,False,False,False,,,,,,,
0.075625,,00-0031319,0.059870550161812294,WR,1.2272727272727273,WR,0.16216216216216217,13.5,,,0.006740196078431373,1.0,0.01125703564727955,0.7027027027027027,,,DEN,2020,0.021603690725821287,28.0,False,0.48125000000000007,,0.08,11,WR,0.04666666666666666,True,True,True,False,True,,,,,,,
0.08,,00-0031319,0.04785478547854786,WR,0.04666666666666666,WR,0.13793103448275862,0.7,0.48125000000000007,,0.0020515158422612263,0.88,0.007736943907156673,-0.10344827586206896,,,DEN,2021,0.01304147695031787,29.0,False,1.2272727272727273,,0.05533333333333333,15,WR,,False,False,True,True,True,,,,,,,
,,00-0031325,,WR,11.708333333333334,WR,,140.5,,,0.10993150684931507,0.9,0.1136,,,,KC,2018,0.24735205479452055,25.0,False,,,0.7575,12,WR,9.974147727272726,True,True,False,False,False,,,,3.453011173956086,5.503962264150943,,
0.7575,,00-0031325,0.775,WR,11.79375,WR,0.1833616298811545,188.7,,,0.19843437101765884,1.0,0.16363636363636364,1.631578947368421,,,KC,2019,0.3843586051669067,26.0,False,11.708333333333334,,0.7929411764705883,16,WR,7.277272727272727,True,True,True,False,True,,,,2.8675841172716185,5.341710526315789,,
0.7929411764705883,,00-0031325,0.43577430972388953,WR,8.154545454545454,WR,0.15426997245179064,89.7,11.708333333333334,,0.07886982145952505,1.0,0.07681755829903979,1.1955922865013775,,,KC,2020,0.1704352124702272,27.0,False,11.79375,,0.6963636363636364,11,WR,5.635,True,True,True,True,True,,,,3.6185620963211145,5.48,,
0.6963636363636364,,00-0031325,0.364,WR,6.4,WR,0.1794871794871795,70.4,11.79375,,0.12197483059051308,1.0,0.0829103214890017,1.4432234432234432,,,BAL,2021,0.2097478636468617,28.0,False,8.154545454545454,,0.4876923076923077,11,WR,4.87,True,True,True,True,True,,,,3.069747674039801,5.891632653061224,,
0.4876923076923077,,00-0031325,0.36661211129296234,WR,4.87,WR,0.13392857142857142,48.7,8.154545454545454,,0.08354199863419076,0.88,0.055658627087198514,1.5044642857142858,,,GB,2022,0.1419673396747313,29.0,False,6.4,,0.4807692307692308,10,WR,,False,False,True,True,True,,,,,,,
,,00-0031326,,WR,8.514285714285714,WR,,59.6,,,0.05282237182806836,1.0,0.07553956834532374,,,,DET,2018,0.15028501279763345,27.0,False,,,0.5742857142857144,7,WR,,False,False,False,False,False,,,,,,,
,,00-0031339,,WR,8.3,WR,,132.8,,,0.3174516743806153,0.9,0.17281553398058253,,,,JAX,2018,0.48143947303730444,25.0,False,,,0.785625,16,WR,1.0150000000000001,True,True,False,False,False,,,,2.246120902864039,5.912808988764045,,
0.785625,,00-0031339,0.1583629893238434,WR,1.4500000000000002,WR,0.16853932584269662,5.800000000000001,,,0.05198147195059187,1.0,0.03112033195020747,0.20224719101123595,,,PIT,2019,0.0830675282907255,26.0,False,8.3,,0.25625,4,WR,0.58,True,True,True,False,True,,,,,,,
0.25625,,00-0031339,0.031936127744510975,WR,0.58,WR,0.125,2.9,8.3,,0.001709986320109439,1.0,0.00477326968973747,0.9375,,,NE,2020,0.008356894958682814,27.0,False,1.4500000000000002,,0.06333333333333334,5,WR,,False,False,True,True,True,,,,,,,
,,00-0031344,,WR,6.0,WR,,36.0,,,0.07395348837209302,1.0,0.028368794326241134,,,,NYG,2018,0.09432063334982682,26.0,False,,,0.5216666666666666,6,WR,4.714285714285714,True,True,False,False,False,,,,,,,
0.5216666666666666,,00-0031344,0.3680351906158358,WR,4.714285714285714,WR,0.16733067729083664,66.0,,,0.10505178609173536,1.0,0.07191780821917808,1.1952191235059761,,,NYG,2019,0.18141296259298184,27.0,False,6.0,,0.36466666666666664,14,WR,,False,False,True,False,True,,,,,,,
,1.8058367901378207,00-0031345,0.9983193277310924,QB_pocket,14.026315789473685,QB,0.0,266.5,,0.10278390236529718,0.0,0.885,0.0,0.0,0.13909484570697675,576.0,SF,2019,0.0,28.0,False,,576.0,0.9936842105263157,19,QB,12.345,True,True,False,False,False,,2.026948530105642,2.6529662447257385,,,,
0.9936842105263157,0.24495314860689468,00-0031345,0.25,QB_pocket,10.723333333333334,QB,0.0,64.34,,0.11605208991217436,0.0,0.942,0.0,0.0,0.16473890066621955,151.0,SF,2020,0.0,29.0,False,14.026315789473685,151.0,0.765,6,QB,14.473333333333333,True,True,True,False,True,,-3.365910106471617,2.571657142857143,,,,
0.765,0.5945173103407205,00-0031345,0.8670788253477589,QB_pocket,13.966666666666667,QB,0.0,251.4,14.026315789473685,0.0999814377610936,0.0,0.999,0.0,0.0,0.1402826940429592,546.0,SF,2021,0.0,30.0,False,10.723333333333334,546.0,0.9616666666666666,18,QB,12.068571428571428,True,True,True,True,True,,1.0337508319456816,2.6681438356164375,,,,
0.9616666666666666,-1.0454820067274804,00-0031345,0.5132192846034215,QB_pocket,14.98,QB,0.0,164.78,10.723333333333334,0.1293391078319956,0.0,1.0,0.0,0.0,0.1892507912173972,326.0,SF,2022,0.0,31.0,False,13.966666666666667,326.0,0.8754545454545455,11,QB,9.157142857142857,True,True,True,True,True,,-2.543063149727004,2.657233766233766,,,,
0.8754545454545455,-1.94589148868214,00-0031345,0.31743421052631576,QB_pocket,9.157142857142857,QB,0.0,64.1,13.966666666666667,-0.07393367756664129,0.0,1.0,0.0,0.0,-0.09728000442942125,183.0,LV,2023,0.0,32.0,False,14.98,183.0,0.8042857142857143,7,QB,,False,False,True,True,True,,-0.9077813542453441,2.9377440476190477,,,,
,,00-0031359,,WR,4.6,WR,,69.0,,,0.22088353413654618,1.0,0.1407563025210084,,,,BUF,2018,0.3657529276770949,27.0,False,,,0.5446666666666666,15,WR,,False,False,False,False,False,,,,1.7345776754712965,5.4707462686567165,,
,,00-0031373,,WR,6.557142857142858,WR,,45.900000000000006,,,0.08724100327153762,1.0,0.05162523900573614,,,,LV,2018,0.13850656079868054,27.0,False,,,0.41625,7,WR,,False,False,False,False,False,,,,,,,
,,00-0031376,0.41774193548387095,RB,9.014285714285714,RB,0.1776061776061776,126.2,,,0.044293015332197615,0.56,0.08761904761904762,0.9768339768339769,,,SF,2020,0.1624336821611098,28.0,False,,,0.339375,14,RB,8.904166666666667,True,True,False,False,False,,,,,,,
0.339375,,00-0031376,0.2787068004459309,RB,7.283333333333334,RB,0.148,87.4,,,-0.006390977443609023,0.34,0.049399198931909215,1.088,,,KC,2021,0.06962511418733751,29.0,False,9.014285714285714,,0.28500000000000003,12,RB,8.641730769230769,True,True,True,False,True,,,,,,,
0.28500000000000003,,00-0031376,0.5556872037914692,RB,10.525,RB,0.16631130063965885,210.5,9.014285714285714,,0.008951157812804048,0.12,0.10955056179775281,1.159914712153518,,,KC,2022,0.17059165316559205,30.0,False,7.283333333333334,,0.472,20,RB,6.758461538461538,True,True,True,True,True,,,,,,,
0.472,,00-0031376,0.25452488687782804,RB,6.758461538461538,RB,0.1511111111111111,87.86,7.283333333333334,,0.0018652849740932642,0.0,0.046511627906976744,0.92,,,KC,2023,0.0710731413423304,31.0,False,10.525,,0.3169230769230769,13,RB,,False,False,True,True,True,,,,,,,
,,00-0031381,,WR,21.973333333333336,WR,,329.6,,,0.3469870744584016,1.0,0.2752442996742671,,,,GB,2018,0.6557574016322818,26.0,False,,,0.9346666666666666,15,WR,22.24955357142857,True,True,False,False,False,,,,2.9691687972034053,4.830617283950617,,
0.9346666666666666,,00-0031381,0.7028169014084507,WR,19.392857142857142,WR,0.2985971943887776,271.5,,,0.29003021148036257,1.0,0.24792013311148087,2.595190380761523,,,GB,2019,0.5749013477034751,27.0,False,21.973333333333336,,0.86,14,WR,23.20900735294118,True,True,True,False,True,,,,3.1952460021439166,5.639669421487602,,
0.86,,00-0031381,0.8283132530120482,WR,25.10625,WR,0.31636363636363635,401.7,21.973333333333336,,0.31035223367697595,1.0,0.29948364888123924,2.74,,,GB,2020,0.666472036895742,28.0,False,19.392857142857142,,0.8568749999999999,16,WR,20.523529411764706,True,True,True,True,True,,,,3.166504884077351,4.977142857142858,,
0.8568749999999999,,00-0031381,0.8552631578947368,WR,21.311764705882354,WR,0.3076923076923077,362.3,19.392857142857142,,0.3732077894286326,0.88,0.3015075376884422,2.8085470085470083,,,GB,2021,0.713506759132706,29.0,False,25.10625,,0.8552941176470588,17,WR,17.673529411764704,True,True,True,True,True,,,,2.9521246706389666,5.294171779141104,,
0.8552941176470588,,00-0031381,0.9568567026194145,WR,19.735294117647058,WR,0.2898550724637681,335.5,25.10625,,0.4073082073847331,0.76,0.3225806451612903,2.4412238325281805,,,LV,2022,0.7689867129112486,30.0,False,21.311764705882354,,0.9464705882352941,17,WR,16.42373949579832,True,True,True,True,True,,,,2.9486018846777635,5.549885057471265,,
0.9464705882352941,,00-0031381,0.9523026315789473,WR,15.611764705882354,WR,0.3022452504317789,265.40000000000003,21.311764705882354,,0.45003560408260146,0.64,0.3295668549905838,1.9758203799654577,,,LV,2023,0.8093752053436967,31.0,False,19.735294117647058,,0.9211764705882353,17,WR,16.21785714285714,True,True,True,True,True,,,,2.551200385892476,5.252865497076024,,
0.9178571428571428,,00-0031381,0.6781456953642384,WR,15.200000000000003,WR,0.271484375,258.40000000000003,15.611764705882354,,0.27237585489146593,0.4,0.1994261119081779,1.90234375,,,LA,2025,0.489802266286293,33.0,False,17.235714285714284,,0.7123529411764705,17,WR,,False,,True,True,True,,,,2.167408852757707,5.161592920353982,,
,,00-0031382,,WR,13.57,WR,,217.12,,,0.30897821187077384,1.0,0.26750448833034113,,,,CLE,2018,0.6175414808050533,26.0,False,,,0.87,16,WR,13.982279411764706,True,True,False,False,False,,,,3.273078564009502,5.659411764705883,,
0.87,,00-0031382,0.9616666666666667,WR,14.8375,WR,0.2391681109185442,237.4,,,0.30179775280898874,1.0,0.26744186046511625,2.0346620450606587,,,CLE,2019,0.6124212176639665,27.0,False,13.57,,0.936875,16,WR,12.105196078431373,True,True,True,False,True,,,,2.587291262937547,5.678473282442748,,
0.936875,,00-0031382,0.7575757575757576,WR,13.127058823529412,WR,0.2505263157894737,223.16,13.57,,0.20338218714768883,1.0,0.22495274102079396,2.0042105263157897,,,CLE,2020,0.4797966425345731,28.0,False,14.8375,,0.7294117647058824,17,WR,8.886111111111111,True,True,True,True,True,,,,3.2089577951429136,6.269239130434783,,
0.7294117647058824,,00-0031382,0.5406301824212272,WR,11.083333333333334,WR,0.2668711656441718,133.0,14.8375,,0.16901408450704225,0.88,0.17575757575757575,1.7484662576687116,,,CLE,2021,0.3819462227912932,29.0,False,13.127058823529412,,0.7025,12,WR,6.688888888888889,True,True,True,True,True,,,,2.9965228876779557,6.118765432098766,,
0.7025,,00-0031382,0.36925795053003535,WR,6.688888888888889,WR,0.18660287081339713,60.2,13.127058823529412,,0.08463453269970582,0.76,0.07959183673469387,1.3014354066985645,,,NO,2022,0.17863192799183486,30.0,False,11.083333333333334,,0.57,9,WR,,False,False,True,True,True,,,,,,,
,,00-0031384,0.23087621696801114,TE,8.8125,TE,0.18674698795180722,70.5,,,0.060252864480442515,1.0,0.05525846702317291,2.0783132530120483,,,PHI,2020,0.12506470567106912,28.0,False,,,0.26999999999999996,8,TE,,False,False,False,False,False,0.0,,,,,,
,,00-0031387,,TE,13.55,TE,,243.9,,,0.21962874471604485,0.8,0.17857142857142858,,,,IND,2018,0.42159726415837423,25.0,False,,,0.5611111111111111,18,TE,8.963068181818182,True,True,False,False,False,0.0,,,3.3808773927130202,5.753152173913043,,
0.5611111111111111,,00-0031387,0.37521514629948366,TE,7.863636363636363,TE,0.23853211009174313,86.5,,,0.12605042016806722,0.9,0.10655737704918032,1.7201834862385321,,,IND,2019,0.24807135969141753,26.0,False,13.55,,0.42454545454545456,11,TE,7.0625,True,True,True,False,True,0.0,,,3.197176865359997,5.7684444444444445,,
0.42454545454545456,,00-0031387,0.716,TE,10.0625,TE,0.18994413407821228,161.0,13.55,,0.13604002309024438,1.0,0.14186369958275383,1.1545623836126628,,,PIT,2020,0.3080235655373018,27.0,False,7.863636363636363,,0.725625,16,TE,4.0625,True,True,True,True,True,0.0,,,2.9960424945381092,6.495735294117647,,
0.725625,,00-0031387,0.233201581027668,TE,4.0625,TE,0.1016949152542373,32.5,7.863636363636363,,0.024493243243243243,1.0,0.025974025974025976,0.4745762711864407,,,PIT,2021,0.05610630923130923,28.0,False,10.0625,,0.445,8,TE,,False,False,True,True,True,0.0,,,,,,
,-66.51498079299927,00-0031395,0.005,QB_pocket,-0.06000000000000001,QB,0.0,-0.30000000000000004,,-0.4468501200074873,0.0,0.885,0.0,0.0,-0.35329311089784216,3.0,CLE,2019,0.0,28.0,False,,3.0,0.028000000000000004,5,QB,,False,False,False,False,False,,,,,,,
,-6.931942958384752,00-0031407,,QB_pocket,13.324615384615385,QB,,173.22,,-0.09930488140317667,0.0,0.771,0.0,,-0.11215578932574631,436.0,JAX,2018,0.0,26.0,False,,436.0,0.9061538461538461,13,QB,,False,False,False,False,False,,-6.9278182207650545,2.7661215880893297,,,,
,,00-0031408,,WR,17.775000000000002,WR,,284.40000000000003,,,0.32708714198659355,0.9,0.22294022617124395,,,,TB,2018,0.5633713386474815,25.0,False,,,0.84375,16,WR,16.25,True,True,False,False,False,,,,2.0985110415281385,5.693805970149254,,
0.84375,,00-0031408,0.7110799438990182,WR,17.900000000000002,WR,0.23274161735700197,232.70000000000002,,,0.27787333854573887,1.0,0.19471947194719472,2.282051282051282,,,TB,2019,0.4865905449028093,26.0,False,17.775000000000002,,0.8492307692307693,13,WR,16.052777777777777,True,True,True,False,True,,,,2.42422152433902,5.34102564102564,,
0.8492307692307693,,00-0031408,0.87125,WR,14.6,WR,0.18794835007173602,292.0,17.775000000000002,,0.2526819367932734,1.0,0.17702702702702702,1.7360114777618365,,,TB,2020,0.44241789629583195,27.0,False,17.900000000000002,,0.808,20,WR,16.27777777777778,True,True,True,True,True,,,,2.8136680383904884,5.217102803738319,,
0.808,,00-0031408,0.8331402085747392,WR,17.505555555555556,WR,0.19471488178025034,315.1,17.900000000000002,,0.27391031671370336,1.0,0.17391304347826086,1.7677329624478442,,,TB,2021,0.45260678691698364,28.0,False,14.6,,0.8277777777777778,18,WR,15.919736842105264,True,True,True,True,True,,,,2.7433316341126144,4.903839285714286,,
0.8277777777777778,,00-0031408,0.813599062133646,WR,15.05,WR,0.1988472622478386,240.8,14.6,,0.3377201112140871,0.88,0.17579617834394903,1.7262247838616716,,,TB,2022,0.5000983453657846,29.0,False,17.505555555555556,,0.84875,16,WR,17.148070175438598,True,True,True,True,True,,,,2.594674022537763,5.703577235772357,,
0.84875,,00-0031408,0.8510928961748634,WR,16.789473684210527,WR,0.24879614767255218,319.0,17.505555555555556,,0.41551142750093667,0.76,0.2483974358974359,2.3274478330658104,,,TB,2023,0.6634541530968094,30.0,False,15.05,,0.7910526315789473,19,WR,14.053333333333335,True,True,True,True,True,,,,2.370892184852302,6.5689473684210515,,
0.722,,00-0031408,0.3550387596899225,WR,10.600000000000001,WR,0.27074235807860264,84.80000000000001,16.789473684210527,,0.1900369003690037,0.52,0.11481481481481481,1.6069868995633187,,,TB,2025,0.3052480524805248,32.0,False,17.506666666666668,,0.65625,8,WR,,False,,True,True,True,,,,1.9202565162146092,5.431290322580645,,
,,00-0031418,,TE,5.2,TE,,26.0,,,0.027497958072420364,0.9,0.036893203883495145,,,,JAX,2018,0.07458837647593697,26.0,False,,,0.658,5,TE,,False,False,False,False,False,0.0,,,,,,
,,00-0031428,,WR,13.114285714285714,WR,,183.6,,,0.2677406199021207,0.9,0.19669117647058823,,,,CHI,2018,0.48245519863736686,25.0,False,,,0.8664285714285713,14,WR,16.036213235294117,True,True,False,False,False,,,,1.9572797717668178,5.543,,
0.8664285714285713,,00-0031428,0.9692307692307692,WR,15.93125,WR,0.24444444444444444,254.9,,,0.3892064943974388,1.0,0.27208480565371024,1.8206349206349206,,,CHI,2019,0.6805717545587726,26.0,False,13.114285714285714,,0.93875,16,WR,11.695588235294117,True,True,True,False,True,,,,2.235413760294153,5.058531468531468,,
0.93875,,00-0031428,0.900709219858156,WR,16.141176470588235,WR,0.24881889763779527,274.4,13.114285714285714,,0.30017974835230676,1.0,0.2540192926045016,2.0551181102362204,,,CHI,2020,0.5911547627533671,27.0,False,15.93125,,0.8529411764705882,17,WR,7.87,True,True,True,True,True,,,,2.3076742021028633,5.600753424657534,,
0.8529411764705882,,00-0031428,0.5468277945619335,WR,7.25,WR,0.18232044198895028,87.0,15.93125,,0.17404333794375287,1.0,0.12595419847328243,1.132596685082873,,,CHI,2021,0.31076163427055065,28.0,False,16.141176470588235,,0.8058333333333333,12,WR,6.282500000000001,True,True,True,True,True,,,,1.9389784472967626,7.097878787878789,,
0.8058333333333333,,00-0031428,0.5954323001631321,WR,8.49,WR,0.14246575342465753,84.9,16.141176470588235,,0.13704613704613705,0.88,0.10077519379844961,0.9287671232876712,,,LA,2022,0.24709508662997035,29.0,False,7.25,,0.9039999999999999,10,WR,2.5375,True,True,True,True,True,,,,2.14428141218037,4.843653846153846,,
0.9039999999999999,,00-0031428,0.6885245901639344,WR,4.075,WR,0.12380952380952381,65.2,7.25,,0.09829172141918528,0.76,0.10677618069815195,0.6952380952380952,,,PIT,2023,0.22896847604065762,30.0,False,8.49,,0.705,16,WR,1.0,True,True,True,True,True,,,,2.5720438307195455,6.691276595744681,,
,,00-0031431,0.05499276410998553,WR,1.225,WR,0.10526315789473684,4.9,,,0.004227336777829967,1.0,0.0071174377224199285,0.47368421052631576,,,JAX,2019,0.01363529232811087,28.0,False,,,0.27,4,WR,,False,False,False,False,False,,,,,,,
,,00-0031484,,TE,1.8857142857142857,TE,,13.2,,,0.00806845965770171,0.9,0.009191176470588236,,,,CAR,2018,0.01943468646627355,26.0,False,,,0.32,7,TE,1.6,True,True,False,False,False,0.0,,,,,,
,,00-0031484,0.33226837060702874,TE,1.6,TE,0.038461538461538464,11.200000000000001,1.8857142857142857,,0.007907091672844082,1.0,0.015180265654648957,0.25,,,CAR,2020,0.02830536265296429,28.0,False,,,0.483125,7,TE,1.5216666666666667,True,True,False,True,False,0.0,,,,,,
0.483125,,00-0031484,0.23179791976225855,TE,1.9100000000000001,TE,0.057692307692307696,19.1,,,0.014769765421372719,1.0,0.015437392795883362,0.4551282051282051,,,JAX,2021,0.033494924988785944,29.0,False,1.6,,0.3588235294117647,10,TE,0.8238095238095238,True,True,True,False,True,0.0,,,,,,
0.3588235294117647,,00-0031484,0.20053475935828877,TE,1.1333333333333333,TE,0.05333333333333334,10.2,1.6,,0.004323656578134651,1.0,0.0121580547112462,0.28,,,JAX,2022,0.021263641671563555,30.0,False,1.9100000000000001,,0.3568421052631579,9,TE,1.0071428571428571,True,True,True,True,True,0.0,,,,,,
0.3568421052631579,,00-0031484,0.214168039538715,TE,0.5142857142857143,TE,0.03076923076923077,3.6,1.9100000000000001,,0.003531489111241907,0.9,0.008438818565400843,0.12307692307692308,,,DEN,2023,0.015130270225970598,31.0,False,1.1333333333333333,,0.36375,7,TE,0.9625,True,True,True,True,True,0.0,,,,,,
0.30823529411764705,,00-0031484,0.08917197452229299,TE,0.42500000000000004,TE,0.03571428571428571,1.7000000000000002,0.5142857142857143,,0.002551020408163265,0.7,0.003976143141153081,0.125,,,NYG,2025,0.0077499289974439075,33.0,False,1.5,,0.17823529411764708,4,TE,,False,,True,True,True,0.0,,,,,,
,2.2003654060990177,00-0031503,,QB_pocket,17.798181818181817,QB,,195.78,,0.07383803782334117,0.0,0.657,0.0,,0.09605277372149161,407.0,TB,2018,0.0,24.0,False,,407.0,0.8818181818181817,11,QB,10.6225,True,True,False,False,False,,2.1646645265044953,2.8013740053050395,,,,
0.8818181818181817,0.6668497173004593,00-0031503,0.9943899018232819,QB_pocket,19.085,QB,0.0,305.36,,0.03838143207545187,0.0,0.714,0.0,0.0,0.05197268989078641,674.0,TB,2019,0.0,25.0,False,17.798181818181817,674.0,0.99,16,QB,9.465714285714286,True,True,True,False,True,,0.33328044987000993,2.7714278846153846,,,,
0.99,-1.7355253299077351,00-0031503,0.023183925811437404,QB_pocket,2.16,QB,0.0,8.64,17.798181818181817,0.2670014887431825,0.0,0.771,0.0,0.0,0.38886866390415104,14.0,NO,2020,0.0,26.0,False,19.085,14.0,0.18,4,QB,16.771428571428572,True,True,True,True,True,,,,,,,
0.18,-3.137500136116751,00-0031503,0.3241852487135506,QB_pocket,16.771428571428572,QB,0.0,117.4,19.085,0.0553370457730105,0.0,0.828,0.0,0.0,0.09249935168765822,172.0,NO,2021,0.0,27.0,False,2.16,172.0,0.8585714285714285,7,QB,1.9933333333333332,True,True,True,True,True,,-5.672692403382399,3.023006211180124,,,,
,-8.030822078386942,00-0031503,0.07480916030534351,QB_pocket,1.9933333333333332,QB,0.0,11.959999999999999,16.771428571428572,-0.16393560301846388,0.0,0.942,0.0,0.0,-0.19977590969043296,49.0,NO,2023,0.0,29.0,False,,49.0,0.16714285714285712,6,QB,11.92181818181818,True,True,False,True,False,,,,,,,
,,00-0031511,0.06545961002785515,WR,1.1375,WR,0.19148936170212766,9.1,,,0.02587045321921805,1.0,0.015,1.0851063829787233,,,CAR,2019,0.04060931725345263,28.0,False,,,,8,WR,,False,False,False,False,False,,,,,,,
,,00-0031544,,WR,14.917647058823531,WR,,253.60000000000002,,,0.2735805860805861,0.8,0.21551724137931033,,,,DAL,2018,0.5147822723253758,24.0,False,,,0.8011764705882354,17,WR,15.103125,True,True,False,False,False,,,,2.9015131355453416,5.981960784313726,,
0.8011764705882354,,00-0031544,0.8099688473520249,WR,15.40625,WR,0.22884615384615384,246.5,,,0.284513356996077,0.9,0.2065972222222222,2.2865384615384614,,,DAL,2019,0.5090551832305872,25.0,False,14.917647058823531,,0.763125,16,WR,14.303125000000001,True,True,True,False,True,,,,2.55539862099071,5.394745762711865,,
0.763125,,00-0031544,0.8621659634317862,WR,14.8,WR,0.21207177814029363,236.8,14.917647058823531,,0.25170367113651354,1.0,0.21103896103896103,1.8172920065252856,,,DAL,2020,0.492751011354001,26.0,False,15.40625,,0.81875,16,WR,14.138419117647059,True,True,True,True,True,,,,2.5315409526690544,6.5578125,,
0.81875,,00-0031544,0.7506596306068601,WR,13.80625,WR,0.20035149384885764,220.9,15.40625,,0.23024118738404453,1.0,0.16838995568685378,1.632688927943761,,,DAL,2021,0.41375376469911185,27.0,False,14.8,,0.76875,16,WR,14.638419117647059,True,True,True,True,True,,,,2.607778832721773,6.786153846153845,,
0.76875,,00-0031544,0.9082125603864735,WR,14.470588235294118,WR,0.23404255319148937,246.0,14.8,,0.392822966507177,1.0,0.2608695652173913,2.0567375886524824,,,CLE,2022,0.6662804243811108,28.0,False,13.80625,,0.8323529411764706,17,WR,11.553125000000001,True,True,True,True,True,,,,2.471199962663058,5.725348837209302,,
0.8323529411764706,,00-0031544,0.7898936170212766,WR,14.80625,WR,0.2239057239057239,236.9,13.80625,,0.35547240411599623,0.88,0.2078125,2.2037037037037037,,,CLE,2023,0.5605494328811974,29.0,False,14.470588235294118,,0.7925,16,WR,8.3,True,True,True,True,True,,,,2.1661048539902095,5.39536,,
,,00-0031545,0.05317324185248713,WR,1.2000000000000002,WR,0.16129032258064516,4.800000000000001,,,0.0431576072111445,0.88,0.010615711252653927,1.2258064516129032,,,NO,2021,0.046133891926782036,29.0,False,,,0.125,4,WR,1.5666666666666667,True,True,False,False,False,,,,,,,
0.125,,00-0031545,0.13250883392226148,WR,1.5666666666666667,WR,0.06666666666666667,9.4,,,0.020592894319981896,0.76,0.01020408163265306,0.9866666666666667,,,NO,2022,0.02972114847296692,30.0,False,1.2000000000000002,,0.3257142857142857,6,WR,,False,False,True,False,True,,,,,,,
,,00-0031547,,WR,5.536363636363636,WR,,60.9,,,0.17223796033994335,0.9,0.10804597701149425,,,,MIA,2018,0.28263553775520167,25.0,False,,,0.6709090909090909,11,WR,13.633035714285715,True,True,False,False,False,,,,2.545867816003437,5.081702127659575,,
0.6709090909090909,,00-0031547,0.8898186889818689,WR,15.3875,WR,0.2006269592476489,246.2,,,0.3329013145713757,1.0,0.21262458471760798,1.884012539184953,,,MIA,2019,0.5519677972763749,26.0,False,5.536363636363636,,0.843125,16,WR,11.689285714285715,True,True,True,False,True,,,,2.134388209428416,5.042903225806452,,
0.843125,,00-0031547,0.7242472266244057,WR,11.87857142857143,WR,0.22538293216630198,166.3,5.536363636363636,,0.23731203007518797,1.0,0.1889908256880734,1.7352297592997812,,,MIA,2020,0.44960465958474166,27.0,False,15.3875,,0.7807142857142857,14,WR,10.037500000000001,True,True,True,True,True,,,,1.7382519083106531,4.826504854368933,,
0.7807142857142857,,00-0031547,0.5057971014492754,WR,11.5,WR,0.20916905444126074,103.5,15.3875,,0.19296663660955815,1.0,0.12207357859531773,1.475644699140401,,,MIA,2021,0.31818701351966727,28.0,False,11.87857142857143,,0.8119999999999999,9,WR,7.072115384615385,True,True,True,True,True,,,,1.709465776863593,5.186164383561643,,
0.8119999999999999,,00-0031547,0.5264026402640264,WR,8.575000000000001,WR,0.14733542319749215,102.9,11.87857142857143,,0.18139761383004627,0.88,0.0914396887159533,1.6896551724137931,,,NE,2022,0.2641378627549623,29.0,False,11.5,,0.6907692307692308,12,WR,5.56923076923077,True,True,True,True,True,,,,1.7292110932998248,4.207659574468085,,
0.6907692307692308,,00-0031547,0.554140127388535,WR,5.56923076923077,WR,0.15804597701149425,72.4,11.5,,0.16004001000250062,0.76,0.10166358595194085,1.132183908045977,,,NE,2023,0.2645233859296617,30.0,False,8.575000000000001,,0.7338461538461538,13,WR,,False,False,True,True,True,,,,1.994365960655412,5.841272727272728,,
,,00-0031549,,WR,9.68888888888889,WR,,174.4,,,0.2157170923379175,0.9,0.15987933634992457,,,,PHI,2018,0.3908209691614291,25.0,False,,,0.8977777777777778,18,WR,10.072727272727272,True,True,False,False,False,,,,3.4452432646504945,6.238292682926829,,
0.8977777777777778,,00-0031549,0.5696378830083565,WR,8.545454545454545,WR,0.1687041564792176,94.0,,,0.15434343434343434,1.0,0.10969793322734499,0.8875305623471883,,,PHI,2019,0.2725873038814215,26.0,False,9.68888888888889,,0.8863636363636364,11,WR,9.34,True,True,True,False,True,,,,3.4033849537965333,5.895076923076922,,
0.8863636363636364,,00-0031549,0.7220394736842105,WR,11.6,WR,0.1867881548974943,185.6,9.68888888888889,,0.29375,1.0,0.16205533596837945,2.041002277904328,,,LV,2020,0.44870800395256916,27.0,False,8.545454545454545,,0.681875,16,WR,6.225714285714286,True,True,True,True,True,,,,2.439920333974401,5.183461538461539,,
0.681875,,00-0031549,0.7223113964686998,WR,7.08,WR,0.14666666666666667,106.2,8.545454545454545,,0.2111358574610245,1.0,0.11806797853309481,1.0911111111111111,,,NE,2021,0.32489706802235935,28.0,False,11.6,,0.7325,15,WR,5.774603174603175,True,True,True,True,True,,,,2.490758301129977,4.756031746031745,,
0.7325,,00-0031549,0.4933993399339934,WR,5.371428571428572,WR,0.17725752508361203,75.2,11.6,,0.15899683467251036,0.88,0.10311284046692606,1.2107023411371238,,,NE,2022,0.26596704497114637,29.0,False,7.08,,0.489375,14,WR,4.842222222222222,True,True,True,True,True,,,,3.3540598383855267,6.110196078431372,,
0.489375,,00-0031549,0.583941605839416,WR,6.177777777777778,WR,0.13,111.2,7.08,,0.10952276226083131,0.76,0.09792843691148775,1.08,,,BAL,2023,0.22355858894981354,30.0,False,5.371428571428572,,0.5205263157894737,18,WR,3.506666666666667,True,True,True,True,True,,,,3.5799465724612403,6.395348837209302,,
,,00-0031558,,TE,3.536363636363636,TE,,38.9,,,0.008613782051282052,0.7,0.03185840707964602,,,,BAL,2018,0.05381725805536646,24.0,False,,,0.37214285714285716,11,TE,3.601282051282052,True,True,False,False,False,0.0,,,,,,
0.37214285714285716,,00-0031558,0.3563579277864992,TE,3.1692307692307695,TE,0.08370044052863436,41.2,,,0.034482758620689655,0.8,0.035916824196597356,0.8898678414096917,,,ARI,2019,0.0780131673293788,25.0,False,3.536363636363636,,0.470625,13,TE,6.1466666666666665,True,True,True,False,True,0.0,,,,,,
0.470625,,00-0031558,0.2149390243902439,TE,4.033333333333334,TE,0.07092198581560284,24.200000000000003,3.536363636363636,,0.008765859284890426,0.9,0.01841620626151013,0.723404255319149,,,ARI,2020,0.03376041089168849,26.0,False,3.1692307692307695,,0.5122222222222222,6,TE,8.26,True,True,True,True,True,0.0,,,,,,
0.5122222222222222,,00-0031558,0.16477272727272727,TE,8.26,TE,0.14655172413793102,41.3,3.1692307692307695,,0.01977587343441002,1.0,0.028145695364238412,1.6637931034482758,,,ARI,2021,0.05606165445044463,27.0,False,4.033333333333334,,0.658,5,TE,,False,False,True,True,True,0.0,,,,,,
,,00-0031570,,WR,2.4562500000000003,WR,,39.300000000000004,,,0.025360230547550433,1.0,0.03642384105960265,,,,ATL,2018,0.07238792297268928,27.0,False,,,0.210625,16,WR,3.2083333333333335,True,True,False,False,False,,,,,,,
0.210625,,00-0031570,0.14790575916230367,WR,3.2083333333333335,WR,0.23008849557522124,38.5,,,0.03707844233277436,1.0,0.04,1.7256637168141593,,,ATL,2019,0.08595490963294206,28.0,False,2.4562500000000003,,0.164375,12,WR,,False,False,True,False,True,,,,,,,
,,00-0031577,,RB,7.200000000000001,RB,,93.60000000000001,,,0.011818910256410256,0.78,0.07610619469026549,,,,BAL,2018,0.12243252921488541,27.0,False,,,0.27466666666666667,13,RB,2.875,True,True,False,False,False,,,,,,,
0.27466666666666667,,00-0031577,0.02785923753665689,RB,2.875,RB,0.10526315789473684,11.5,,,0.0023250898330162756,0.56,0.003424657534246575,0.47368421052631576,,,NYG,2019,0.006764549184481256,28.0,False,7.200000000000001,,0.049,4,RB,,False,False,True,False,True,,,,,,,
,,00-0031585,,TE,3.6,TE,,25.2,,,0.03327055869428751,0.9,0.025943396226415096,,,,TEN,2018,0.0622044854256239,26.0,False,,,0.214,7,TE,3.3483333333333336,True,True,False,False,False,0.0,,,,,,
0.214,,00-0031585,0.2871287128712871,TE,2.316666666666667,TE,0.06896551724137931,27.8,,,0.008529276164130935,1.0,0.025052192066805846,0.6781609195402298,,,TEN,2019,0.04354878141510043,27.0,False,3.6,,0.45105263157894737,12,TE,4.615,True,True,True,False,True,0.0,,,,,,
0.45105263157894737,,00-0031585,0.1586452762923351,TE,4.38,TE,0.0898876404494382,21.9,3.6,,0.016567754698318497,1.0,0.01639344262295082,0.550561797752809,,,TEN,2020,0.036187592223249174,28.0,False,2.316666666666667,,0.3458333333333334,5,TE,5.175,True,True,True,True,True,0.0,,,,,,
0.3458333333333334,,00-0031585,0.29093799682034976,TE,4.85,TE,0.09836065573770492,48.5,2.316666666666667,,0.028550689571739656,1.0,0.033210332103321034,0.7923497267759563,,,TEN,2021,0.06980098085519931,29.0,False,4.38,,0.426875,10,TE,4.05,True,True,True,True,True,0.0,,,,,,
0.426875,,00-0031585,0.258130081300813,TE,5.5,TE,0.16535433070866143,55.0,4.38,,0.029949238578680204,1.0,0.052763819095477386,1.1811023622047243,,,ATL,2022,0.10011019564829221,30.0,False,4.85,,0.3992307692307693,10,TE,2.442857142857143,True,True,True,True,True,0.0,,,,,,
0.3992307692307693,,00-0031585,0.24422442244224424,TE,2.6,TE,0.08108108108108109,26.0,4.85,,0.014797136038186158,0.9,0.023762376237623763,0.7432432432432432,,,ATL,2023,0.04600155958316596,31.0,False,5.5,,0.35352941176470587,10,TE,2.2857142857142856,True,True,True,True,True,0.0,,,,,,
,,00-0031588,,WR,17.753333333333334,WR,,266.3,,,0.3006780453588964,0.9,0.2582322357019064,,,,MIN,2018,0.5978229853040871,25.0,False,,,0.872,15,WR,17.146130030959753,True,True,False,False,False,,,,2.7294859721141442,5.915244755244755,,
0.872,,00-0031588,0.8504347826086956,WR,13.676470588235293,WR,0.2085889570552147,232.5,,,0.4119233881845158,1.0,0.21518987341772153,2.4662576687116564,,,MIN,2019,0.6111311818557433,26.0,False,17.753333333333334,,0.8017647058823529,17,WR,18.207894736842107,True,True,True,False,True,,,,2.504979811260199,4.621182795698925,,
0.8017647058823529,,00-0031588,0.9380530973451328,WR,20.615789473684213,WR,0.26549865229110514,391.70000000000005,17.753333333333334,,0.3574404265955674,1.0,0.2880116959064328,2.487870619946092,,,BUF,2020,0.6822258424765464,27.0,False,13.676470588235293,,0.8878947368421053,19,WR,17.413888888888888,True,True,True,True,True,,,,2.9518911362621414,5.470379746835444,,
0.8878947368421053,,00-0031588,0.8765586034912718,WR,15.799999999999999,WR,0.24751066856330015,300.2,13.676470588235293,,0.33281627025163735,1.0,0.2547584187408492,1.837837837837838,,,BUF,2021,0.61510901728742,28.0,False,20.615789473684213,,0.8063157894736842,19,WR,17.192836257309942,True,True,True,True,True,,,,2.654973991803642,5.056352201257862,,
0.8063157894736842,,00-0031588,0.8673740053050398,WR,19.02777777777778,WR,0.26452599388379205,342.5,20.615789473684213,,0.33626264301110925,0.88,0.2754777070063694,2.4128440366972477,,,BUF,2022,0.6486004106173306,29.0,False,15.799999999999999,,0.7777777777777778,18,WR,15.298947368421054,True,True,True,True,True,,,,2.828388766050926,5.359929078014184,,
0.7777777777777778,,00-0031588,0.9102040816326531,WR,15.357894736842105,WR,0.2645739910313901,291.8,15.799999999999999,,0.35291813552683116,0.76,0.28921568627450983,1.8774289985052317,,,BUF,2023,0.6808662242805466,30.0,False,19.02777777777778,,0.8189473684210526,19,WR,13.365238095238094,True,True,True,True,True,,,,2.8111488611452033,5.956666666666667,,
0.7837500000000001,,00-0031588,0.6974025974025974,WR,11.49047619047619,WR,0.2271880819366853,241.3,15.357894736842105,,0.17895490336435219,0.52,0.20469798657718122,2.091247672253259,,,NE,2025,0.4323154122208184,32.0,False,15.24,,0.5433333333333333,21,WR,,False,,True,True,True,,,,3.0207758245932177,5.835773195876288,,
,,00-0031590,,RB,10.85,RB,,43.4,,,0.0,1.0,0.00904977375565611,,,,PHI,2018,0.013574660633484163,25.0,False,,,0.42000000000000004,4,RB,,False,False,False,False,False,,,,,,,
,,00-0031598,,TE,3.6916666666666664,TE,,44.3,,,0.02403846153846154,0.8,0.06548672566371681,,,,BAL,2018,0.11505701157249829,25.0,False,,,0.5323529411764706,12,TE,4.419097222222222,True,True,False,False,False,0.0,,,,,,
0.5323529411764706,,00-0031598,0.48704663212435234,TE,4.69375,TE,0.1595744680851064,75.1,,,0.06922898819171104,0.9,0.09433962264150944,1.1382978723404256,,,BAL,2019,0.1899697256964619,26.0,False,3.6916666666666664,,0.6794117647058824,16,TE,4.144444444444445,True,True,True,False,True,0.0,,,3.5920037032795924,6.208965517241379,,
0.6794117647058824,,00-0031598,0.2667844522968198,TE,4.144444444444445,TE,0.11258278145695365,37.300000000000004,3.6916666666666664,,0.02364006100660905,1.0,0.037694013303769404,0.7483443708609272,,,BAL,2020,0.07308906266028045,27.0,False,4.69375,,0.6466666666666667,9,TE,,False,False,True,True,True,0.0,,,,,,
,,00-0031599,,RB,4.3500000000000005,RB,,17.400000000000002,,,-0.0012224938875305623,0.56,0.007352941176470588,,,,CAR,2018,0.010173666043434488,28.0,False,,,0.07333333333333333,4,RB,,False,False,False,False,False,,,,,,,
,,00-0031610,,TE,3.9000000000000004,TE,,15.600000000000001,,,0.005179934569247546,0.9,0.011472275334608031,,,,LV,2018,0.02083436720038533,26.0,False,,,0.1675,4,TE,15.6125,True,True,False,False,False,0.0,,,,,,
0.1675,,00-0031610,0.9506172839506173,TE,13.8125,TE,0.21706864564007422,221.0,,,0.2584577872599817,1.0,0.24123711340206186,2.12430426716141,,,LV,2019,0.5427761211850799,27.0,False,3.9000000000000004,,0.909375,16,TE,14.877083333333335,True,True,True,False,True,0.0,,,3.1432900864950613,5.366063829787234,,
0.909375,,00-0031610,0.9703947368421053,TE,17.4125,TE,0.2457627118644068,278.6,3.9000000000000004,,0.2611111111111111,1.0,0.2865612648221344,2.0271186440677966,,,LV,2020,0.6126196750109794,28.0,False,13.8125,,0.9175,16,TE,11.470833333333335,True,True,True,True,True,0.0,,,2.953782115922538,5.777477477477478,,
0.9175,,00-0031610,0.6104417670682731,TE,12.341666666666669,TE,0.23026315789473684,148.10000000000002,13.8125,,0.1952326901248581,1.0,0.1640625,1.625,,,LV,2021,0.38275663308740066,29.0,False,17.4125,,0.8366666666666666,12,TE,10.016666666666666,True,True,True,True,True,0.0,,,2.852018169062335,6.217183098591549,,
0.8366666666666666,,00-0031610,0.386748844375963,TE,10.6,TE,0.17131474103585656,84.8,17.4125,,0.11038836808876985,1.0,0.07706093189964158,1.545816733067729,,,LV,2022,0.19286325551160127,30.0,False,12.341666666666669,,0.5755555555555555,8,TE,9.433333333333334,True,True,True,True,True,0.0,,,,,,
0.5755555555555555,,00-0031610,0.5593471810089021,TE,9.433333333333334,TE,0.1962864721485411,113.2,12.341666666666669,,0.16439877811718967,0.9,0.15289256198347106,1.4641909814323608,,,NYG,2023,0.34441798765723936,31.0,False,10.6,,0.6908333333333334,12,TE,9.855555555555556,True,True,True,True,True,0.0,,,2.943662681780704,6.261833333333333,,
,,00-0031610,0.30093457943925234,TE,9.855555555555556,TE,0.2111801242236025,88.7,9.433333333333334,,0.11015648972077324,0.7,0.07538802660753881,1.7577639751552796,,,MIA,2025,0.1901915827158495,33.0,False,,,0.44999999999999996,9,TE,,False,,False,True,False,0.0,,,,,,
,,00-0031665,,RB,8.157142857142857,RB,,57.1,,,0.0,0.78,0.017985611510791366,,,,DET,2018,0.02697841726618705,27.0,False,,,,7,RB,,False,False,False,False,False,,,,,,,
,,00-0031687,,RB,4.825,RB,,38.6,,,-0.0011129660545353367,1.0,0.014799154334038054,,,,SF,2018,0.021419655262882344,26.0,False,,,0.1588888888888889,8,RB,12.404934210526317,True,True,False,False,False,,,,,,,
0.1588888888888889,,00-0031687,0.37815126050420167,RB,12.347368421052632,RB,0.1111111111111111,234.60000000000002,,,0.010807565295706995,0.78,0.05030181086519115,0.8355555555555556,,,SF,2019,0.08301801200478162,27.0,True,4.825,,0.3910526315789474,19,RB,12.4625,True,True,True,False,True,,,,,,0.2894803767727503,32.11678832116788
0.3910526315789474,,00-0031687,0.18387096774193548,RB,12.4625,RB,0.16666666666666666,99.7,4.825,,0.0056785917092561046,0.56,0.03619047619047619,1.368421052631579,,,SF,2020,0.05826072848219356,28.0,True,12.347368421052632,,0.425,8,RB,10.51875,True,True,True,True,True,,,,,,0.5090751273932513,18.269230769230766
,,00-0031687,0.46888567293777134,RB,10.51875,RB,0.12962962962962962,168.3,12.4625,,0.008471584892340275,0.12,0.07228915662650602,0.6234567901234568,,,MIA,2022,0.11436384436439721,30.0,True,,,0.5675,16,RB,11.217548076923077,True,True,False,True,False,,,,,,-0.09791903309554754,12.154696132596685
0.5675,,00-0031687,0.4628224582701062,RB,16.98125,RB,0.11147540983606558,271.7,,,-0.00706090026478376,0.0,0.0595446584938704,0.5639344262295082,,,MIA,2023,0.08437435755545697,31.0,True,10.51875,,0.558125,16,RB,3.951923076923077,True,True,True,False,True,,,,,,0.6140348002523186,14.354066985645932
0.31384615384615383,,00-0031687,0.1691542288557214,RB,2.45,RB,0.11764705882352941,29.400000000000002,16.98125,,-0.005004691898654989,0.0,0.02434077079107505,0.6862745098039216,,,LV,2025,0.033007871857554084,33.0,True,5.453846153846154,,0.19999999999999998,12,RB,,False,,True,True,True,,,,,,,
,,00-0031690,,TE,1.2666666666666668,TE,,15.200000000000001,,,0.009879253567508232,0.9,0.027722772277227723,,,,NYJ,2018,0.04849963591309735,26.0,False,,,0.36933333333333335,12,TE,,False,False,False,False,False,0.0,,,,,,
,,00-0031690,0.124,TE,0.24285714285714288,TE,0.010752688172043012,1.7000000000000002,,,0.0005808325266214908,1.0,0.001692047377326565,0.07526881720430108,,,BAL,2021,0.002944653834624891,29.0,False,,,0.25588235294117645,7,TE,3.211111111111111,True,True,False,False,False,0.0,,,,,,
0.25588235294117645,,00-0031690,0.22740963855421686,TE,3.211111111111111,TE,0.08609271523178808,28.9,,,0.012631128238064655,1.0,0.024528301886792454,0.5231788079470199,,,DEN,2022,0.04563424259683394,30.0,False,0.24285714285714288,,0.35764705882352943,9,TE,0.5800000000000001,True,True,True,False,True,0.0,,,,,,
,,00-0031731,,RB,3.9400000000000004,RB,,19.700000000000003,,,0.0,0.78,0.02330097087378641,,,,JAX,2018,0.03495145631067961,27.0,False,,,,5,RB,,False,False,False,False,False,,,,,,,
,,00-0031744,,TE,4.230769230769231,TE,,55.0,,,0.04767524191645032,0.9,0.06678700361010831,,,,DEN,2018,0.1335531747566777,26.0,False,,,,13,TE,4.0125,True,True,False,False,False,0.0,,,,,,
,,00-0031744,0.3115942028985507,TE,4.0125,TE,0.08837209302325581,32.1,,,0.027847049044056525,1.0,0.030595813204508857,0.6093023255813953,,,NE,2019,0.06538665413760286,27.0,False,4.230769230769231,,,8,TE,,False,False,True,False,False,0.0,,,,,,
,,00-0031763,,WR,3.164285714285714,WR,,44.3,,,0.019417475728155338,0.9,0.048638132295719845,,,,HOU,2018,0.0865494314532885,25.0,False,,,0.27799999999999997,14,WR,1.1150793650793651,True,True,False,False,False,,,,,,,
0.27799999999999997,,00-0031763,0.2185792349726776,WR,1.7444444444444445,WR,0.10625,31.400000000000002,,,0.03422648151769998,1.0,0.028862478777589132,1.15,,,HOU,2019,0.06725225522877369,26.0,False,3.164285714285714,,0.22,18,WR,2.7869747899159663,True,True,True,False,True,,,,,,,
0.22,,00-0031763,0.03474320241691843,WR,0.4857142857142857,WR,0.2608695652173913,6.8,3.164285714285714,,0.008507018290089324,1.0,0.011428571428571429,1.0869565217391304,,,HOU,2020,0.02309776994591967,27.0,False,1.7444444444444445,,0.05928571428571429,14,WR,5.821895424836601,True,True,True,True,True,,,,,,,
0.05928571428571429,,00-0031763,0.40752351097178685,WR,5.088235294117647,WR,0.16923076923076924,86.5,1.7444444444444445,,0.11993076162215628,1.0,0.08239700374531835,1.1384615384615384,,,WAS,2021,0.2075470387534869,28.0,False,0.4857142857142857,,0.4258823529411765,17,WR,3.5630718954248364,True,True,True,True,True,,,,,,,
0.4258823529411765,,00-0031763,0.6301703163017032,WR,6.555555555555555,WR,0.13127413127413126,118.0,0.4857142857142857,,0.1294066126560105,0.88,0.09327846364883402,1.0714285714285714,,,LAC,2022,0.23050232433245837,29.0,False,5.088235294117647,,0.5744444444444444,18,WR,0.908371040723982,True,True,True,True,True,,,,3.286056532949389,6.844035087719298,,
0.5744444444444444,,00-0031763,0.08223684210526316,WR,0.5705882352941177,WR,0.14,9.700000000000001,5.088235294117647,,0.0009494422027059103,0.76,0.013182674199623353,0.78,,,LV,2023,0.020438620841329167,30.0,False,6.555555555555555,,0.09999999999999999,17,WR,0.6230769230769231,True,True,True,True,True,,,,,,,
0.13999999999999999,,00-0031763,,WR,0.0,WR,,0.0,0.5705882352941177,,0.0,0.52,0.0,,,,CLE,2025,0.0,32.0,False,1.2461538461538462,,0.0,4,WR,,False,,True,True,True,,,,,,,
,,00-0031787,,WR,4.86,WR,,24.3,,,0.020207536865101038,1.0,0.017915309446254073,,,,GB,2018,0.04101823997495183,26.0,False,,,0.388,5,WR,3.3230769230769233,True,True,False,False,False,,,,,,,
0.388,,00-0031787,0.29859154929577464,WR,3.3230769230769233,WR,0.10849056603773585,43.2,,,0.06401057401812689,1.0,0.03826955074875208,1.1415094339622642,,,GB,2019,0.10221172793581695,27.0,False,4.86,,0.34875,13,WR,0.5333333333333333,True,True,True,False,True,,,,,,,
,,00-0031787,0.06234413965087282,WR,0.5333333333333333,WR,0.12,4.8,3.3230769230769233,,0.014822475008617718,0.88,0.008784773060029283,0.56,,,BUF,2021,0.023552892096076326,29.0,False,,,0.1011764705882353,9,WR,2.08,True,True,False,True,False,,,,,,,
0.1011764705882353,,00-0031787,0.07029177718832891,WR,2.08,WR,0.1320754716981132,10.4,,,0.014922898358481181,0.76,0.011146496815286623,1.2075471698113207,,,BUF,2022,0.027165774073866764,30.0,False,0.5333333333333333,,0.23,5,WR,,False,False,True,False,True,,,,,,,
,,00-0031788,,TE,1.5285714285714287,TE,,10.700000000000001,,,0.00925497454881999,1.0,0.015151515151515152,,,,CIN,2018,0.02920575491144672,28.0,False,,,,7,TE,,False,False,False,False,False,0.0,,,,,,
,0.371165085922588,00-0031800,,QB_pocket,2.7800000000000002,QB,,13.900000000000002,,-0.26098612976533425,0.0,0.714,0.0,,-0.3744280357472886,58.0,CAR,2018,0.0,25.0,False,,58.0,0.17333333333333334,5,QB,,False,False,False,False,False,,,,,,,
,0.2986248644689719,00-0031800,0.9012539184952978,QB_pocket,13.92875,QB,0.0017391304347826088,222.86,,-0.05453033629450248,-0.0009891196834817012,0.885,0.0018726591760299626,-0.0034782608695652175,-0.079180301268442,532.0,WAS,2021,0.0021166049856077528,28.0,False,,532.0,0.94625,16,QB,13.042222222222222,True,True,False,False,False,,-0.4729124773972444,2.972771894093686,,,,
0.94625,1.7015570782339622,00-0031800,0.45682888540031397,QB_pocket,12.884444444444446,QB,0.0,115.96000000000001,,-0.02662260850561976,0.0,0.942,0.0,0.0,-0.04532468534331664,276.0,WAS,2022,0.0,29.0,False,13.92875,276.0,0.9711111111111111,9,QB,6.989999999999999,True,True,True,False,True,,1.6087189338324563,2.9458054474708173,,,,
0.9711111111111111,-9.087036467912629,00-0031800,0.2590759075907591,QB_pocket,13.2,QB,0.0,66.0,13.92875,-0.03420925559684716,0.0,0.999,0.0,0.0,-0.009925923133013255,142.0,ATL,2023,0.0,30.0,False,12.884444444444446,142.0,0.8220000000000001,5,QB,0.78,True,True,True,True,True,,-8.70852181687951,2.8820298507462687,,,,
,,00-0031806,,RB,3.5818181818181825,RB,,39.400000000000006,,,0.0032017075773745998,1.0,0.010852713178294573,,,,LA,2018,0.01852026507160408,25.0,False,,,0.14833333333333334,11,RB,5.3162698412698415,True,True,False,False,False,,,,,,,
0.14833333333333334,,00-0031806,0.18018018018018017,RB,4.2214285714285715,RB,0.05,59.1,,,0.0,1.0,0.009836065573770493,0.13333333333333333,,,LA,2019,0.014754098360655738,26.0,False,3.5818181818181825,,0.23357142857142857,14,RB,5.080555555555556,True,True,True,False,True,,,,,,,
0.23357142857142857,,00-0031806,0.5014245014245015,RB,6.411111111111111,RB,0.09943181818181818,115.4,3.5818181818181825,,0.0,0.78,0.05718954248366013,0.4971590909090909,,,LA,2020,0.0857843137254902,27.0,True,4.2214285714285715,,0.39,18,RB,3.5035714285714286,True,True,True,True,True,,,,,,-0.5517052373220749,17.82178217821782
0.39,,00-0031806,0.11739130434782609,RB,3.75,RB,0.06172839506172839,22.5,4.2214285714285715,,-0.0004508566275924256,0.56,0.008361204013377926,0.12345679012345678,,,MIA,2021,0.01222620638075219,28.0,True,6.411111111111111,,0.2885714285714286,6,RB,3.257142857142857,True,True,True,True,True,,,,,,,
0.2885714285714286,,00-0031806,0.10766721044045677,RB,3.257142857142857,RB,0.09090909090909091,22.8,6.411111111111111,,-0.000546000546000546,0.34,0.011627906976744186,0.5606060606060606,,,LA,2022,0.017059660082915897,29.0,True,3.75,,0.14636363636363636,7,RB,,False,False,True,True,True,,,,,,,
,,00-0031868,,WR,0.2571428571428572,WR,,1.8,,,0.006112469437652812,0.9,0.003676470588235294,,,,CAR,2018,0.00979343448870991,25.0,False,,,0.08625000000000001,7,WR,7.098181818181819,True,True,False,False,False,,,,,,,
0.08625000000000001,,00-0031868,0.49293563579277866,WR,6.536363636363637,WR,0.1464968152866242,71.9,,,0.11527812735967782,1.0,0.08695652173913043,1.143312101910828,,,ARI,2019,0.21112947176047012,26.0,False,0.2571428571428572,,0.6272727272727273,11,WR,6.870909090909091,True,True,True,False,True,,,,3.163584990585864,5.736888888888889,,
0.6272727272727273,,00-0031868,0.93812375249501,WR,7.66,WR,0.16382978723404254,114.9,0.2571428571428572,,0.3016415868673051,1.0,0.18377088305489261,1.2851063829787235,,,NE,2020,0.4868054353894524,27.0,False,6.536363636363637,,0.890625,15,WR,5.199242424242424,True,True,True,True,True,,,,2.981461597646663,5.806184210526317,,
0.890625,,00-0031868,0.595166163141994,WR,6.081818181818182,WR,0.09644670050761421,66.9,6.536363636363637,,0.07491931765790687,1.0,0.07251908396946564,0.8350253807106599,,,CHI,2021,0.16122214831473325,28.0,False,7.66,,0.5470588235294118,11,WR,4.316666666666666,True,True,True,True,True,,,,,,,
0.5470588235294118,,00-0031868,0.3394308943089431,WR,4.316666666666666,WR,0.1377245508982036,51.8,7.66,,0.11878172588832488,0.88,0.05778894472361809,1.6047904191616766,,,ATL,2022,0.16983062520725456,29.0,False,6.081818181818182,,0.3614285714285714,12,WR,,False,False,True,True,True,,,,,,,
,,00-0031900,,RB,2.2533333333333334,RB,,33.800000000000004,,,-0.0011446886446886447,1.0,0.020689655172413793,,,,DAL,2018,0.030233200707338637,26.0,False,,,,15,RB,,False,False,False,False,False,,,,,,,
,,00-0031941,,WR,9.200000000000001,WR,,82.80000000000001,,,0.11148730350665055,0.9,0.10020449897750511,,,,WAS,2018,0.22834786092091303,25.0,False,,,0.7711111111111112,9,WR,13.345625000000002,True,True,False,False,False,,,,2.8953128855918826,6.369999999999999,,
0.7711111111111112,,00-0031941,0.9044368600682594,WR,12.356250000000001,WR,0.23018867924528302,197.70000000000002,,,0.24063507814438104,1.0,0.24796747967479674,1.5716981132075472,,,NYJ,2019,0.5403957742132619,26.0,False,9.200000000000001,,0.786875,16,WR,11.738333333333333,True,True,True,False,True,,,,3.0286939843766993,6.047029702970297,,
0.786875,,00-0031941,0.6834782608695652,WR,14.335,WR,0.22646310432569974,172.02,9.200000000000001,,0.16716343765524094,1.0,0.19222462203023757,1.7786259541984732,,,NYJ,2020,0.405351339404025,27.0,False,12.356250000000001,,0.7891666666666667,12,WR,6.070833333333334,True,True,True,True,True,,,,3.2318027797125466,6.0845,,
0.7891666666666667,,00-0031941,0.5756240822320118,WR,9.141666666666667,WR,0.18112244897959184,109.7,12.356250000000001,,0.10568530313753244,1.0,0.12241379310344827,1.1403061224489797,,,NYJ,2021,0.2576004018514451,28.0,False,14.335,,0.68,12,WR,2.684375,True,True,True,True,True,,,,3.445735907780116,6.373174603174602,,
0.68,,00-0031941,0.09283819628647215,WR,3.0,WR,0.18571428571428572,12.0,14.335,,0.020063007793069142,0.88,0.020700636942675158,0.8571428571428571,,,BUF,2022,0.04509506086916114,29.0,False,9.141666666666667,,0.3125,4,WR,3.3156250000000003,True,True,True,True,True,,,,,,,
0.3125,,00-0031941,0.12347354138398914,WR,2.3687500000000004,WR,0.21978021978021978,37.900000000000006,9.141666666666667,,0.02800734618916437,0.76,0.033277870216306155,1.7472527472527473,,,WAS,2023,0.06952194765687429,30.0,False,3.0,,0.1188235294117647,16,WR,4.2625,True,True,True,True,True,,,,,,,
,,00-0031951,,TE,3.2428571428571433,TE,,45.400000000000006,,,0.06207459842090934,0.9,0.07378640776699029,,,,JAX,2018,0.15413183054512197,26.0,False,,,0.5942857142857143,14,TE,5.9366666666666665,True,True,False,False,False,0.0,,,,,,
0.5942857142857143,,00-0031951,0.17510853835021709,TE,8.26,TE,0.1652892561983471,41.3,,,0.02841709722874589,1.0,0.03558718861209965,1.2644628099173554,,,JAX,2019,0.0732727509782716,27.0,False,3.2428571428571433,,0.628,5,TE,5.406666666666667,True,True,True,False,True,0.0,,,,,,
0.628,,00-0031951,0.37302725968436157,TE,3.6133333333333337,TE,0.14615384615384616,54.2,3.2428571428571433,,0.05779371440624341,1.0,0.06518010291595197,1.0076923076923077,,,JAX,2020,0.13822575445829835,28.0,False,8.26,,0.47533333333333333,15,TE,7.2,True,True,True,True,True,0.0,,,,,,
0.47533333333333333,,00-0031951,0.2704309063893016,TE,7.2,TE,0.18681318681318682,50.4,8.26,,0.04908774978279757,1.0,0.058319039451114926,1.3406593406593406,,,JAX,2021,0.12183998402463067,29.0,False,3.6133333333333337,,0.6085714285714285,7,TE,,False,False,True,True,True,0.0,,,,,,
,,00-0031953,,WR,0.0,WR,,0.0,,,0.0,1.0,0.0017241379310344827,,,,LAC,2018,0.002586206896551724,26.0,False,,,0.075625,7,WR,1.1333333333333333,True,True,False,False,False,,,,,,,
0.075625,,00-0031953,0.08307210031347963,WR,1.1333333333333333,WR,0.05660377358490566,6.8,,,0.007152791575601033,1.0,0.005253940455341506,0.7169811320754716,,,LAC,2019,0.012887864785932983,27.0,False,0.0,,0.19142857142857145,6,WR,,False,False,True,False,True,,,,,,,
,,00-0031959,,RB,3.5090909090909093,RB,,38.6,,,0.00549566687803847,0.78,0.03991596638655462,,,,BUF,2018,0.06372091639445886,27.0,False,,,0.2563636363636364,11,RB,,False,False,False,False,False,,,,,,,
,,00-0031972,,WR,2.0100000000000002,WR,,28.14,,,0.0480225988700565,1.0,0.03537735849056604,,,,TEN,2018,0.08668185694488861,26.0,False,,,,14,WR,0.37,True,True,False,False,False,,,,,,,
,,00-0031972,0.039603960396039604,WR,0.37,WR,0.25,3.7,,,0.018441678192715538,1.0,0.012526096033402923,0.7083333333333334,,,TEN,2019,0.03169831878500526,27.0,False,2.0100000000000002,,,10,WR,,False,False,True,False,False,,,,,,,
,,00-0032009,,WR,11.79375,WR,,188.7,,,0.10070079219987813,0.9,0.16962843295638125,,,,TB,2018,0.32493320397448655,25.0,False,,,0.699375,16,WR,7.705494505494505,True,True,False,False,False,,,,3.5643503240060106,6.538736842105264,,
0.699375,,00-0032009,0.4570957095709571,WR,7.153846153846154,WR,0.18772563176895307,93.0,,,0.08875057630244353,1.0,0.10855949895615867,1.44043321299639,,,TEN,2019,0.22496465184594847,26.0,False,11.79375,,0.47692307692307695,13,WR,6.460924369747898,True,True,True,False,True,,,,2.9134374292434773,5.5123255813953485,,
0.47692307692307695,,00-0032009,0.2798573975044563,WR,8.257142857142856,WR,0.2229299363057325,57.8,11.79375,,0.08283877349159248,1.0,0.07172131147540983,1.4522292993630572,,,TEN,2020,0.16556910865722949,27.0,False,7.153846153846154,,0.4642857142857143,7,WR,4.664705882352941,True,True,True,True,True,,,,,,,
0.4642857142857143,,00-0032009,0.6943573667711599,WR,4.664705882352941,WR,0.1399548532731377,79.3,7.153846153846154,,0.1016320474777448,1.0,0.11610486891385768,0.8645598194130926,,,WAS,2021,0.24529973660520787,28.0,False,8.257142857142856,,0.5870588235294117,17,WR,,False,False,True,True,True,,,,3.2064886385923006,6.722264150943396,,
,,00-0032054,,WR,6.220000000000001,WR,,62.2,,,0.08621337340345604,0.9,0.04488330341113106,,,,CLE,2018,0.12767431649911581,25.0,False,,,0.348,10,WR,9.061309523809523,True,True,False,False,False,,,,,,,
0.348,,00-0032054,0.6339410939691444,WR,9.864285714285714,WR,0.15265486725663716,138.1,,,0.17638780297107115,1.0,0.11386138613861387,1.426991150442478,,,TB,2019,0.2942635412876706,26.0,False,6.220000000000001,,0.6421428571428571,14,WR,7.037500000000001,True,True,True,False,True,,,,2.621448715572315,5.939374999999999,,
0.6421428571428571,,00-0032054,0.6452173913043479,WR,8.258333333333335,WR,0.16172506738544473,99.10000000000001,6.220000000000001,,0.22503725782414308,1.0,0.12958963282937366,1.3611859838274933,,,NYJ,2020,0.35191052972096065,27.0,False,9.864285714285714,,0.9083333333333333,12,WR,4.364583333333334,True,True,True,True,True,,,,2.620778233718892,5.930833333333333,,
0.9083333333333333,,00-0032054,0.1657010428736964,WR,5.816666666666667,WR,0.14685314685314685,34.900000000000006,9.864285714285714,,0.029005957980558168,1.0,0.02608695652173913,1.2027972027972027,,,TB,2021,0.05943460536899941,28.0,False,8.258333333333335,,0.38285714285714284,6,WR,2.9125,True,True,True,True,True,,,,,,,
0.38285714285714284,,00-0032054,0.16295427901524032,WR,2.9125,WR,0.1366906474820144,23.3,8.258333333333335,,0.04986098239110287,0.88,0.024203821656050957,0.7913669064748201,,,TB,2022,0.07120842015784845,29.0,False,5.816666666666667,,0.3145454545454545,8,WR,,False,False,True,True,True,,,,,,,
,,00-0032055,,WR,8.778571428571428,WR,,122.9,,,0.24767726161369194,0.8,0.14522058823529413,,,,CAR,2018,0.39120496548252554,24.0,False,,,0.6907142857142857,14,WR,,False,False,False,False,False,,,,2.2659341912580326,5.00921052631579,,
,,00-0032058,,RB,12.100000000000001,RB,,193.60000000000002,,,0.004034582132564841,1.0,0.0728476821192053,,,,ATL,2018,0.11209573067160333,25.0,True,,,0.551875,16,RB,5.884803921568627,True,True,False,False,False,,,,,,-0.1532724348778837,25.748502994011975
0.551875,,00-0032058,0.3764705882352941,RB,9.652941176470588,RB,0.13839285714285715,164.1,,,-0.00870609426598619,1.0,0.06237424547283702,0.8169642857142857,,,SF,2019,0.0874671022230652,26.0,True,12.100000000000001,,0.3952941176470588,17,RB,3.3992424242424244,True,True,True,False,True,,,,,,-0.007715710505479478,39.416058394160586
0.3952941176470588,,00-0032058,0.05,RB,2.1166666666666667,RB,0.16129032258064516,12.700000000000001,12.100000000000001,,0.0036910846110164677,0.78,0.009523809523809525,1.096774193548387,,,SF,2020,0.016869473513425815,27.0,True,9.652941176470588,,0.125,6,RB,4.681818181818182,True,True,True,True,True,,,,,,,
0.125,,00-0032058,0.1145374449339207,RB,4.681818181818182,RB,0.20512820512820512,51.5,9.652941176470588,,-0.005425807973578675,0.56,0.027586206896551724,0.6282051282051282,,,NYJ,2021,0.037581244763322516,28.0,True,2.1166666666666667,,0.2672727272727273,11,RB,,False,False,True,True,True,,,,,,,
,,00-0032062,,TE,1.8375,TE,,14.7,,,0.015790906615845358,1.0,0.021359223300970873,,,,JAX,2018,0.04309246958254806,27.0,False,,,0.344,8,TE,1.8247159090909093,True,True,False,False,False,0.0,,,,,,
0.344,,00-0032062,0.325,TE,1.63125,TE,0.0728744939271255,26.1,,,0.020207536865101038,1.0,0.02727272727272727,0.3684210526315789,,,KC,2019,0.055054366714661636,28.0,False,1.8375,,0.4072222222222222,16,TE,1.8424242424242427,True,True,True,False,True,0.0,,,,,,
0.4072222222222222,,00-0032062,0.20815752461322082,TE,2.0181818181818185,TE,0.10135135135135136,22.200000000000003,1.8375,,0.016926797098263356,1.0,0.024350649350649352,0.7432432432432432,,,DAL,2020,0.04837473199475838,29.0,False,1.63125,,0.31375,11,TE,1.6666666666666667,True,True,True,True,True,0.0,,,,,,
0.31375,,00-0032062,0.15830546265328874,TE,1.6666666666666667,TE,0.09859154929577464,20.0,1.63125,,0.005639097744360902,1.0,0.018691588785046728,0.6338028169014085,,,KC,2021,0.03198475159862272,30.0,False,2.0181818181818185,,0.29157894736842105,12,TE,1.657142857142857,True,True,True,True,True,0.0,,,,,,
,,00-0032062,0.11990950226244344,TE,1.657142857142857,TE,0.08490566037735849,11.6,1.6666666666666667,,0.0062176165803108805,0.8,0.012311901504787962,0.24528301886792453,,,KC,2023,0.022820183863399558,32.0,False,,,0.22714285714285717,7,TE,,False,False,False,True,False,0.0,,,,,,
,,00-0032063,,RB,9.0,RB,,144.0,,,-0.0012893243940175349,1.0,0.10401891252955082,,,,SEA,2018,0.15512584171851396,25.0,True,,,0.37625,16,RB,7.875,True,True,False,False,False,,,,,,0.4338575520558286,13.392857142857142
0.37625,,00-0032063,0.0876923076923077,RB,1.9833333333333334,RB,0.14035087719298245,11.9,,,0.001372055796935742,1.0,0.014134275618374558,0.38596491228070173,,,CHI,2019,0.022161852485416855,26.0,True,9.0,,0.09583333333333334,6,RB,10.948039215686276,True,True,True,False,True,,,,,,,
0.09583333333333334,,00-0032063,0.5782747603833865,RB,13.766666666666667,RB,0.19337016574585636,206.5,9.0,,-0.009636767976278725,0.78,0.13282732447817835,1.0303867403314917,,,CAR,2020,0.19249524913387242,27.0,True,1.9833333333333334,,0.6073333333333333,15,RB,4.484705882352941,True,True,True,True,True,,,,,,0.06812223950868943,32.72727272727273
0.6073333333333333,,00-0032063,0.6313291139240507,RB,8.129411764705882,RB,0.14536340852130325,138.2,1.9833333333333334,,-0.013006503251625813,0.56,0.10661764705882353,0.6491228070175439,,,ATL,2021,0.1508219183120972,28.0,True,13.766666666666667,,0.5558823529411764,17,RB,0.8400000000000001,True,True,True,True,True,,,,,,-0.6172698779056351,26.811594202898554
0.5558823529411764,,00-0032063,0.03494176372712146,RB,0.8400000000000001,RB,0.09523809523809523,4.2,13.766666666666667,,-0.001737835153922542,0.34,0.004056795131845842,0.19047619047619047,,,BAL,2022,0.004868708090022983,29.0,True,8.129411764705882,,0.0875,5,RB,,False,False,True,True,True,,,,,,,
,,00-0032089,,TE,1.0375,TE,,8.3,,,0.010148690110927543,0.9,0.018050541516245487,,,,DEN,2018,0.034179895352017514,26.0,False,,,,8,TE,,False,False,False,False,False,0.0,,,,,,
,,00-0032098,0.22525597269624573,TE,1.8363636363636362,TE,0.08333333333333333,20.2,,,0.027536591416521955,1.0,0.022357723577235773,0.5454545454545454,,,NYJ,2019,0.05281219935741903,27.0,False,,,0.2875,11,TE,0.6375,True,True,False,False,False,0.0,,,,,,
0.2875,,00-0032098,0.01391304347826087,TE,0.6375,WR,0.25,5.1,,,0.0024838549428713363,1.0,0.004319654427645789,3.875,,,NYJ,2020,0.008218180101478617,28.0,False,1.8363636363636362,,0.028749999999999998,8,TE,,False,False,True,False,True,0.0,,,,,,
,,00-0032104,,RB,0.6555555555555556,RB,,5.9,,,0.00397474865559972,1.0,0.006932409012131715,,,,MIN,2018,0.013180937577117377,25.0,False,,,0.026000000000000002,9,RB,2.654812834224599,True,True,False,False,False,,,,,,,
0.026000000000000002,,00-0032104,0.1826086956521739,RB,2.5823529411764707,RB,0.20952380952380953,43.900000000000006,,,0.0032371189641219314,1.0,0.046413502109704644,0.9047619047619048,,,MIN,2019,0.07188623643944232,26.0,False,0.6555555555555556,,0.135,17,RB,3.9959893048128343,True,True,True,False,True,,,,,,,
0.135,,00-0032104,0.1,RB,2.727272727272727,RB,0.15517241379310345,30.0,0.6555555555555556,,-0.0013034410844629822,0.78,0.019067796610169493,1.0,,,MIN,2020,0.02768928615613015,27.0,False,2.5823529411764707,,0.064375,11,RB,4.322977941176471,True,True,True,True,True,,,,,,,
0.064375,,00-0032104,0.3304093567251462,RB,5.264705882352941,RB,0.2345132743362832,89.5,2.5823529411764707,,0.009979113483406823,0.56,0.09217391304347826,1.2787610619469028,,,CAR,2021,0.14524624900360217,28.0,False,2.727272727272727,,0.27588235294117647,17,RB,2.971875,True,True,True,True,True,,,,,,,
0.27588235294117647,,00-0032104,0.24961479198767333,RB,3.38125,RB,0.19753086419753085,54.1,2.727272727272727,,0.018174861297111152,0.34,0.05734767025089606,1.3024691358024691,,,LV,2022,0.0987439082843219,29.0,False,5.264705882352941,,0.1611764705882353,16,RB,5.454583333333334,True,True,True,True,True,,,,,,,
0.1611764705882353,,00-0032104,0.31085526315789475,RB,2.5625,RB,0.12698412698412698,41.0,5.264705882352941,,0.010918585331117968,0.12,0.04519774011299435,0.6931216931216931,,,LV,2023,0.0754396199012741,30.0,False,3.38125,,0.20529411764705885,16,RB,5.631025641025642,True,True,True,True,True,,,,,,,
0.369375,,00-0032104,0.11202635914332784,RB,2.9153846153846152,RB,0.25,37.9,2.5625,,-0.0007020828457758015,0.0,0.03213610586011342,1.4558823529411764,,,IND,2025,0.047712700798127075,32.0,False,8.346666666666668,,0.1053846153846154,13,RB,,False,,True,True,True,,,,,,,
,,00-0032112,,WR,1.488888888888889,WR,,13.4,,,0.09301117173291765,1.0,0.04042553191489362,,,,ARI,2018,0.12574611808538277,26.0,False,,,0.2542857142857143,9,WR,,False,False,False,False,False,,,,,,,
,,00-0032117,,TE,3.766666666666667,TE,,22.6,,,0.01104815864022663,0.9,0.022988505747126436,,,,MIA,2018,0.042216469668848296,26.0,False,,,0.5241666666666667,6,TE,3.7375,True,True,False,False,False,0.0,,,,,,
0.5241666666666667,,00-0032117,0.2496513249651325,TE,3.7375,TE,0.1005586592178771,29.9,,,0.017589335308276246,1.0,0.029900332225913623,0.6089385474860335,,,MIA,2019,0.0571630330546638,27.0,False,3.766666666666667,,0.4083333333333334,8,TE,,False,False,True,False,True,0.0,,,,,,
,,00-0032120,,TE,2.675,TE,,10.7,,,0.006805708013172338,0.9,0.015841584158415842,,,,NYJ,2018,0.0285263718468444,26.0,False,,,0.396,4,TE,,False,False,False,False,False,0.0,,,,,,
,,00-0032128,,WR,5.0777777777777775,WR,,91.39999999999999,,,0.0779109589041096,1.0,0.088,,,,KC,2018,0.18653767123287673,26.0,False,,,0.735,18,WR,8.358482142857143,True,True,False,False,False,,,,3.258717255995559,6.50375,,
0.735,,00-0032128,0.85383502170767,WR,9.78125,WR,0.15254237288135594,156.5,,,0.3036636918741193,1.0,0.1601423487544484,1.3135593220338984,,,JAX,2019,0.45277810744355607,27.0,False,5.0777777777777775,,0.796875,16,WR,5.775,True,True,True,False,True,,,,2.3433141275290925,5.0022222222222235,,
0.796875,,00-0032128,0.4447632711621234,WR,6.935714285714286,WR,0.2032258064516129,97.10000000000001,5.0777777777777775,,0.13752372917106095,1.0,0.10806174957118353,1.5193548387096774,,,JAX,2020,0.25835923477651795,28.0,False,9.78125,,0.45466666666666666,14,WR,3.3821428571428576,True,True,True,True,True,,,,2.7858465805720543,5.675862068965516,,
0.45466666666666666,,00-0032128,0.547077922077922,WR,4.614285714285715,WR,0.10979228486646884,64.60000000000001,9.78125,,0.08952080042127436,0.88,0.07074569789674952,0.9584569732937686,,,HOU,2021,0.16878310714001632,29.0,False,6.935714285714286,,0.628125,14,WR,2.1500000000000004,True,True,True,True,True,,,,,,,
0.628125,,00-0032128,0.13773584905660377,WR,2.1500000000000004,WR,0.0958904109589041,8.600000000000001,6.935714285714286,,0.02600896860986547,0.76,0.016055045871559634,0.6301369863013698,,,TEN,2022,0.042288846834245275,30.0,False,4.614285714285715,,0.26555555555555554,4,WR,1.511111111111111,True,True,True,True,True,,,,,,,
,,00-0032134,,TE,6.55625,TE,,104.9,,,0.1092086996760759,0.8,0.12121212121212122,,,,CIN,2018,0.25826427159143495,25.0,False,,,0.850625,16,TE,4.514285714285714,True,True,False,False,False,0.0,,,2.7544353613575905,5.0252083333333335,,
0.850625,,00-0032134,0.4780058651026393,TE,4.514285714285714,TE,0.12269938650306748,63.2,,,0.03224472922695329,0.9,0.06791171477079797,0.7423312883435583,,,CIN,2019,0.12443888261506425,26.0,False,6.55625,,0.58625,14,TE,8.195,True,True,True,False,True,0.0,,,,,,
,,00-0032134,0.766541822721598,TE,8.195,TE,0.13192182410423453,163.9,4.514285714285714,,0.06872128637059724,1.0,0.11982248520710059,1.0407166123778502,,,CIN,2021,0.22783862827006895,28.0,False,,,0.7455,20,TE,3.244642857142857,True,True,False,True,False,0.0,,,3.6573598852013554,6.3145999999999995,,
0.7455,,00-0032134,0.3793604651162791,TE,4.014285714285714,TE,0.10344827586206896,56.2,,,0.04001633319722336,1.0,0.04591836734693878,0.8888888888888888,,,NYJ,2022,0.09688898425846451,29.0,False,8.195,,0.548,14,TE,2.475,True,True,True,False,True,0.0,,,,,,
0.548,,00-0032134,0.18051575931232092,TE,2.475,TE,0.09523809523809523,19.8,8.195,,0.016913319238900635,1.0,0.021352313167259787,0.4603174603174603,,,NYJ,2023,0.04386779321812012,30.0,False,4.014285714285714,,0.32166666666666666,8,TE,,False,False,True,True,True,0.0,,,,,,
,,00-0032135,,TE,5.62,TE,,84.3,,,0.057449253159708925,0.7,0.05829596412556054,,,,PIT,2018,0.12765842340013706,24.0,False,,,0.499375,15,TE,2.6576923076923076,True,True,False,False,False,0.0,,,,,,
0.499375,,00-0032135,0.39346811819595645,TE,2.323076923076923,TE,0.1067193675889328,30.2,,,0.027011494252873563,0.8,0.04909090909090909,0.5612648221343873,,,DET,2019,0.09254440961337514,25.0,False,5.62,,0.461875,13,TE,3.416153846153846,True,True,True,False,True,0.0,,,,,,
0.461875,,00-0032135,0.3400309119010819,TE,2.9923076923076923,TE,0.1,38.9,5.62,,0.024106230847803882,0.9,0.03935599284436494,0.5863636363636363,,,DET,2020,0.07590835086001012,26.0,False,2.323076923076923,,0.44125000000000003,13,TE,3.84,True,True,True,True,True,0.0,,,,,,
0.44125000000000003,,00-0032135,0.19637462235649547,TE,3.84,TE,0.06153846153846154,19.2,2.323076923076923,,0.012448132780082987,1.0,0.015267175572519083,0.47692307692307695,,,CHI,2021,0.03161445630483672,27.0,False,2.9923076923076923,,0.28071428571428575,5,TE,,False,False,True,True,True,0.0,,,,,,
,,00-0032141,,TE,6.2444444444444445,TE,,56.2,,,0.03182234432234432,0.8,0.05517241379310345,,,,DAL,2018,0.1050342617152962,25.0,False,,,0.8855555555555555,9,TE,3.175,True,True,False,False,False,0.0,,,,,,
0.8855555555555555,,00-0032141,0.15050651230101303,TE,3.25,TE,0.16346153846153846,19.5,,,0.014091122592766557,0.9,0.030249110320284697,0.625,,,JAX,2019,0.055237451295363636,26.0,False,6.2444444444444445,,0.4916666666666667,6,TE,3.7375,True,True,True,False,True,0.0,,,,,,
0.4916666666666667,,00-0032141,0.25668449197860965,TE,3.1,TE,0.09027777777777778,24.8,6.2444444444444445,,0.020771513353115726,1.0,0.02663934426229508,0.6111111111111112,,,TEN,2020,0.054499075740623626,27.0,False,3.25,,0.520909090909091,8,TE,3.1791666666666667,True,True,True,True,True,0.0,,,,,,
0.520909090909091,,00-0032141,0.45310015898251194,TE,4.375,TE,0.14035087719298245,70.0,3.25,,0.03532542947011856,1.0,0.07380073800738007,0.7368421052631579,,,TEN,2021,0.1354289076401531,28.0,False,3.1,,0.6694117647058824,16,TE,2.2041666666666666,True,True,True,True,True,0.0,,,,,,
0.6694117647058824,,00-0032141,0.33773584905660375,TE,1.9833333333333334,TE,0.0893854748603352,23.8,3.1,,0.010164424514200299,1.0,0.03669724770642202,0.3240223463687151,,,TEN,2022,0.06216096871957324,29.0,False,4.375,,0.5594117647058824,12,TE,2.425,True,True,True,True,True,0.0,,,,,,
0.5594117647058824,,00-0032141,0.20565149136577707,TE,2.425,TE,0.08396946564885496,19.4,4.375,,0.01521683996956632,1.0,0.020370370370370372,0.7175572519083969,,,ARI,2023,0.04120734353425198,30.0,False,1.9833333333333334,,0.37,8,TE,,False,False,True,True,True,0.0,,,,,,
,,00-0032144,,RB,21.17142857142857,RB,,296.4,,,-0.004261666311527808,1.0,0.11896551724137931,,,,LAC,2018,0.17546510944399948,25.0,True,,,0.6607142857142857,14,RB,14.146666666666668,True,True,False,False,False,,,,,,-0.007237938070494729,25.71428571428571
0.6607142857142857,,00-0032144,0.3448275862068966,RB,15.066666666666668,RB,0.25,180.8,,,-0.009735744089012517,1.0,0.09632224168126094,1.3454545454545455,,,LAC,2019,0.13766834165958267,26.0,True,21.17142857142857,,0.5441666666666667,12,RB,12.710208333333334,True,True,True,False,True,,,,,,-0.3875726640971306,12.345679012345679
0.5441666666666667,,00-0032144,0.5728155339805825,RB,13.226666666666667,RB,0.12429378531073447,198.4,21.17142857142857,,0.001838235294117647,0.78,0.0825515947467167,0.4463276836158192,,,DEN,2020,0.1251141568259574,27.0,True,15.066666666666668,,0.6193333333333334,15,RB,10.451875,True,True,True,True,True,,,,,,0.030458236679208855,19.53488372093023
0.6193333333333334,,00-0032144,0.47194719471947194,RB,12.19375,RB,0.13286713286713286,195.1,15.066666666666668,,0.0027353544563483018,0.56,0.0735009671179884,0.7447552447552448,,,DEN,2021,0.1121661987964264,28.0,True,13.226666666666667,,0.51375,16,RB,6.817499999999999,True,True,True,True,True,,,,,,0.3738004926284394,31.03448275862069
0.51375,,00-0032144,0.25903614457831325,RB,8.709999999999999,RB,0.18604651162790697,87.1,13.226666666666667,,0.004923999143652323,0.34,0.06037735849056604,1.2965116279069768,,,DEN,2022,0.0940128371364057,29.0,True,12.19375,,0.40800000000000003,10,RB,4.925,True,True,True,True,True,,,,,,-0.7646236406931031,15.555555555555555
0.40800000000000003,,00-0032144,0.032116788321167884,RB,4.925,RB,0.13636363636363635,19.7,12.19375,,0.003958654057620409,0.12,0.005649717514124294,2.090909090909091,,,BAL,2023,0.011245634111520728,30.0,True,8.709999999999999,,0.21750000000000003,4,RB,,False,False,True,True,True,,,,,,,
,-4.721714087894985,00-0032156,0.34991423670668953,QB_pocket,15.026666666666669,QB,0.0,90.16000000000001,,-0.05070551033216329,0.0,0.999,0.0,0.0,-0.05220052581211192,201.0,NO,2021,0.0,30.0,False,,201.0,0.8783333333333333,6,QB,5.392,True,True,False,False,False,,-3.132887590339678,2.892143617021277,,,,
,-8.928197042809593,00-0032156,0.23925501432664756,QB_pocket,5.392,QB,0.0,26.96,15.026666666666669,-0.2641528747663578,0.0,1.0,0.0,0.0,-0.33909754805418435,161.0,NYJ,2023,0.0,32.0,False,,161.0,0.792,5,QB,,False,False,False,True,False,,-8.787909432563907,2.526712418300653,,,,
,,00-0032160,,WR,9.123529411764705,WR,,155.1,,,0.20733006605582782,1.0,0.1310344827586207,,,,LAC,2018,0.3416827703770105,26.0,False,,,0.7611111111111111,17,WR,11.007692307692308,True,True,False,False,False,,,,2.760509326157898,5.5646774193548385,,
0.7611111111111111,,00-0032160,0.7283950617283951,WR,11.007692307692308,WR,0.1549636803874092,143.1,,,0.26516306004266993,1.0,0.13195876288659794,1.576271186440678,,,LV,2019,0.3835522863597659,27.0,False,9.123529411764705,,0.8328571428571429,13,WR,,False,False,True,False,True,,,,2.619734890048775,4.960862068965517,,
,,00-0032166,,WR,0.55,WR,,2.2,,,0.0020320614134116052,0.9,0.0038910505836575876,,,,HOU,2018,0.007259018864874505,25.0,False,,,0.03833333333333334,4,WR,,False,False,False,False,False,,,,,,,
,,00-0032170,,WR,1.4285714285714286,WR,,10.0,,,0.016335420637081405,1.0,0.015533980582524271,,,,JAX,2018,0.03473576531974339,26.0,False,,,0.20625000000000002,7,WR,,False,False,False,False,False,,,,,,,
,,00-0032187,,RB,15.412500000000001,RB,,246.60000000000002,,,0.01636788776305534,0.78,0.16170212765957448,,,,ARI,2018,0.25401071292350047,27.0,True,,,0.7993750000000001,16,RB,13.375,True,True,False,False,False,,,,,,-0.16016359788178397,25.581395348837212
0.7993750000000001,,00-0032187,0.44583987441130296,RB,11.791666666666666,RB,0.16549295774647887,141.5,,,0.04555751321419582,0.56,0.0888468809073724,1.3028169014084507,,,ARI,2019,0.16516058061099567,28.0,True,15.412500000000001,,0.4815384615384615,12,RB,10.606089743589743,True,True,True,False,True,,,,,,-0.6777433523551369,5.319148936170213
0.4815384615384615,,00-0032187,0.5649546827794562,RB,14.958333333333334,RB,0.12299465240641712,179.5,15.412500000000001,,0.03572947681837516,0.34,0.08761904761904762,0.839572192513369,,,HOU,2020,0.15643920520143406,29.0,True,11.791666666666666,,0.7533333333333333,12,RB,4.264423076923077,True,True,True,True,True,,,,,,0.4096574137155257,14.965986394557824
0.7533333333333333,,00-0032187,0.362012987012987,RB,6.253846153846154,RB,0.18834080717488788,81.3,11.791666666666666,,0.022906793048973143,0.12,0.08030592734225621,1.0089686098654709,,,HOU,2021,0.13649364614766551,30.0,True,14.958333333333334,,0.40230769230769237,13,RB,2.2750000000000004,True,True,True,True,True,,,,,,,
0.40230769230769237,,00-0032187,0.061837455830388695,RB,2.2750000000000004,RB,0.11428571428571428,9.100000000000001,14.958333333333334,,0.00022629554197782303,0.0,0.00816326530612245,1.3428571428571427,,,NO,2022,0.012403304838568151,31.0,True,6.253846153846154,,0.20600000000000002,4,RB,,False,False,True,True,True,,,,,,,
,,00-0032200,,WR,5.235714285714286,RB,,73.3,,,0.013621794871794872,0.9,0.07079646017699115,,,,BAL,2018,0.11572994667574313,25.0,False,,,0.2835714285714286,14,WR,3.026666666666667,True,True,False,False,False,,,,,,,
0.2835714285714286,,00-0032200,0.1416382252559727,WR,2.1533333333333338,RB,0.20481927710843373,32.300000000000004,,,0.005705780203423468,1.0,0.034552845528455285,1.0843373493975903,,,NYJ,2019,0.05582331443507936,26.0,False,5.235714285714286,,0.146875,15,WR,3.017857142857143,True,True,True,False,True,,,,,,,
0.146875,,00-0032200,0.0633693972179289,WR,3.9,RB,0.17073170731707318,19.5,5.235714285714286,,0.004458066313736417,1.0,0.012237762237762238,0.975609756097561,,,NO,2020,0.02147728977625885,27.0,False,2.1533333333333338,,0.1757142857142857,5,WR,2.1357142857142857,True,True,True,True,True,,,,,,,
0.1757142857142857,,00-0032200,0.31217838765008576,WR,2.1357142857142857,WR,0.14285714285714285,29.9,2.1533333333333338,,0.012564872985523081,1.0,0.055201698513800426,0.521978021978022,,,NO,2021,0.0915979588605668,28.0,False,3.9,,0.34214285714285714,14,WR,0.9,True,True,True,True,True,,,,,,,
,,00-0032200,0.050955414012738856,WR,0.9,WR,0.375,9.9,2.1357142857142857,,0.02250562640660165,0.76,0.022181146025878003,1.25,,,NE,2023,0.049025657523438154,30.0,False,,,0.05384615384615385,11,WR,,False,False,False,True,False,,,,,,,
,,00-0032208,,WR,8.146153846153847,WR,,105.9,,,0.11160284779680585,0.9,0.07541478129713423,,,,NE,2018,0.19124416540346545,25.0,False,,,0.37526315789473685,13,WR,8.533333333333333,True,True,False,False,False,,,,,,,
0.37526315789473685,,00-0032208,0.5652173913043478,WR,8.533333333333333,WR,0.14871794871794872,102.4,,,0.17352452202826268,1.0,0.09339774557165861,1.0333333333333334,,,NE,2019,0.2615637837772718,26.0,False,8.146153846153847,,0.5473333333333333,12,WR,3.6,True,True,True,False,True,,,,2.895081677180797,5.3290384615384605,,
,,00-0032208,0.10714285714285714,WR,3.6,WR,0.21212121212121213,18.0,8.533333333333333,,0.05529225908372828,1.0,0.02676864244741874,1.6666666666666667,,,HOU,2021,0.07885754502973791,28.0,False,,,0.22666666666666668,5,WR,3.4466666666666668,True,True,False,True,False,,,,,,,
0.22666666666666668,,00-0032208,0.4517133956386293,WR,3.4466666666666668,WR,0.13793103448275862,51.7,,,0.10790494665373423,0.88,0.07168458781362007,0.8862068965517241,,,HOU,2022,0.18306034437804405,29.0,False,3.6,,0.4966666666666667,15,WR,,False,False,True,False,True,,,,,,,
,,00-0032209,,RB,12.364285714285714,RB,,173.1,,,0.015518649605227334,1.0,0.15145631067961166,,,,JAX,2018,0.23804752074307664,25.0,True,,,0.5457142857142857,14,RB,6.3325000000000005,True,True,False,False,False,,,,,,0.034435789605013666,21.153846153846153
0.5457142857142857,,00-0032209,0.17511520737327188,RB,7.425000000000001,RB,0.13157894736842105,29.700000000000003,,,0.0024405125076266015,1.0,0.028462998102466792,1.087719298245614,,,BUF,2019,0.04440285590903881,26.0,True,12.364285714285714,,0.355,4,RB,5.24,True,True,True,False,True,,,,,,,
0.355,,00-0032209,0.07711757269279393,RB,5.24,RB,0.14754098360655737,26.200000000000003,12.364285714285714,,0.004832527912014664,0.78,0.013157894736842105,1.0327868852459017,,,BUF,2020,0.023119611643673422,27.0,True,7.425000000000001,,0.252,5,RB,,False,False,True,True,True,,,,,,,
,,00-0032211,,WR,14.023529411764706,WR,,238.4,,,0.277720474471377,1.0,0.17966903073286053,,,,SEA,2018,0.46390787822925467,26.0,False,,,0.8523529411764706,17,WR,15.602287581699347,True,True,False,False,False,,,,3.339030553751498,6.573623188405797,,
0.8523529411764706,,00-0032211,0.9319826338639653,WR,15.222222222222221,WR,0.19875776397515527,274.0,,,0.3064050778995961,1.0,0.23357664233576642,1.9487577639751552,,,SEA,2019,0.5648485180333669,27.0,False,14.023529411764706,,0.8972222222222221,18,WR,15.534926470588236,True,True,True,False,True,,,,3.2361316140388188,6.265555555555554,,
0.8972222222222221,,00-0032211,0.9444444444444444,WR,15.98235294117647,WR,0.20512820512820512,271.7,14.023529411764706,,0.2801882930822759,1.0,0.24199288256227758,1.654600301659125,,,SEA,2020,0.5591211290010094,28.0,False,15.222222222222221,,0.8917647058823529,17,WR,14.873161764705882,True,True,True,True,True,,,,3.3953803506450804,6.205583333333335,,
0.8917647058823529,,00-0032211,0.8789473684210526,WR,15.0875,WR,0.21357285429141717,241.4,15.222222222222221,,0.3526755475276586,0.88,0.226215644820296,2.345309381237525,,,SEA,2021,0.586196350499805,29.0,False,15.98235294117647,,0.873125,16,WR,13.28235294117647,True,True,True,True,True,,,,3.2250078353518954,6.986736842105263,,
0.873125,,00-0032211,0.8218390804597702,WR,14.658823529411764,WR,0.21853146853146854,249.2,15.98235294117647,,0.282480957562568,0.76,0.21294718909710392,1.8741258741258742,,,SEA,2022,0.5171574539394534,30.0,False,15.0875,,0.7970588235294118,17,WR,9.511764705882353,True,True,True,True,True,,,,3.5437860450145537,7.531454545454545,,
0.7970588235294118,,00-0032211,0.8716744913928013,WR,11.905882352941177,WR,0.21903052064631956,202.4,15.0875,,0.3282025819265144,0.64,0.2230347349177331,1.6050269299820468,,,SEA,2023,0.5642939097251597,31.0,False,14.658823529411764,,0.7994117647058824,17,WR,5.5323529411764705,True,True,True,True,True,,,,2.8155919124350035,6.754347826086957,,
0.6905882352941176,,00-0032211,0.6218905472636815,WR,3.9470588235294115,WR,0.14666666666666667,67.1,11.905882352941177,,0.1332499218016891,0.4,0.11156186612576065,0.776,,,LV,2025,0.26061774444982333,33.0,False,7.117647058823529,,0.5,17,WR,,False,,True,True,True,,,,2.782609804936533,6.275094339622641,,
,,00-0032214,,TE,1.52,TE,,7.6,,,0.00994909763998149,0.9,0.011363636363636364,,,,CIN,2018,0.024009822893441585,26.0,False,,,0.352,5,TE,3.947857142857143,True,True,False,False,False,0.0,,,,,,
0.352,,00-0032214,0.24270353302611367,TE,1.9100000000000001,TE,0.10126582278481013,19.1,,,0.024608501118568233,1.0,0.030360531309297913,0.44936708860759494,,,BUF,2019,0.06276674774694463,27.0,False,1.52,,0.3383333333333333,10,TE,5.176190476190476,True,True,True,False,True,0.0,,,,,,
0.3383333333333333,,00-0032214,0.20986093552465235,TE,5.985714285714286,TE,0.0963855421686747,41.9,1.52,,0.020163306115647393,1.0,0.023391812865497075,0.7168674698795181,,,BUF,2020,0.049202033579198785,28.0,False,1.9100000000000001,,0.465,7,TE,2.9916666666666667,True,True,True,True,True,0.0,,,,,,
0.465,,00-0032214,0.3303964757709251,TE,4.366666666666666,TE,0.1111111111111111,39.3,1.9100000000000001,,0.03397027600849257,1.0,0.04310344827586207,0.7688888888888888,,,NYJ,2021,0.0884343656197379,29.0,False,5.985714285714286,,0.6488888888888888,9,TE,1.616666666666667,True,True,True,True,True,0.0,,,,,,
0.6488888888888888,,00-0032214,0.1119751166407465,TE,1.616666666666667,TE,0.06944444444444445,9.700000000000001,5.985714285714286,,0.017654476670870115,1.0,0.009124087591240875,0.7916666666666666,,,SF,2022,0.026044265056470395,30.0,False,4.366666666666666,,0.3076923076923077,6,TE,,False,False,True,True,True,0.0,,,,,,
,,00-0032227,,TE,6.463636363636363,TE,,71.1,,,0.056171819683738494,0.9,0.08664259927797834,,,,DEN,2018,0.16928417269558443,26.0,False,,,0.77,11,TE,3.925,True,True,False,False,False,0.0,,,3.2957960638852764,5.671282051282052,,
0.77,,00-0032227,0.3262786596119929,TE,3.925,TE,0.10810810810810811,31.4,,,0.032432432432432434,1.0,0.04310344827586207,0.6162162162162163,,,DEN,2019,0.08735787511649581,27.0,False,6.463636363636363,,0.44857142857142857,8,TE,,False,False,True,False,True,0.0,,,,,,
,,00-0032241,,RB,23.8,RB,,404.6,,,0.011028103877623622,1.0,0.13643410852713178,,,,LA,2018,0.21237083550503422,24.0,True,,,0.8094117647058824,17,RB,12.753333333333334,True,True,False,False,False,,,,,,-0.08907283920872638,8.203125
0.8094117647058824,,00-0032241,0.7507507507507507,RB,14.626666666666667,RB,0.098,219.4,,,0.0073007926574885276,1.0,0.08032786885245902,0.414,,,LA,2019,0.1256023581389305,25.0,True,23.8,,0.7473333333333334,15,RB,10.88,True,True,True,False,True,,,,,,-0.8709733354665185,24.2152466367713
0.7473333333333334,,00-0032241,0.4127906976744186,RB,10.88,RB,0.12323943661971831,163.20000000000002,23.8,,0.009805806575658528,1.0,0.059322033898305086,0.5774647887323944,,,ATL,2020,0.0958471154504186,26.0,True,14.626666666666667,,0.47866666666666663,15,RB,,False,False,True,True,True,,,,,,-0.5402270999884589,21.53846153846154
,,00-0032256,0.08368200836820083,TE,1.6833333333333336,TE,0.13333333333333333,10.100000000000001,,,0.014812071838548418,1.0,0.013289036544850499,0.95,,,MIA,2019,0.030302005104259636,28.0,False,,,0.21857142857142858,6,TE,,False,False,False,False,False,0.0,,,,,,
,,00-0032257,,RB,8.25,RB,,132.0,,,0.02873779113448535,1.0,0.11131059245960502,,,,CLE,2018,0.18708234248354727,25.0,False,,,0.416875,16,RB,8.619696969696971,True,True,False,False,False,,,,,,,
0.416875,,00-0032257,0.610655737704918,RB,9.566666666666668,RB,0.16331096196868009,172.20000000000002,,,0.03481322120086055,1.0,0.12393887945670629,1.0357941834451903,,,HOU,2019,0.2102775740256618,26.0,True,8.25,,0.48277777777777775,18,RB,9.746363636363638,True,True,True,False,True,,,,,,,
0.48277777777777775,,00-0032257,0.37009063444108764,RB,7.672727272727273,RB,0.14285714285714285,84.4,8.25,,0.014249255635899617,0.78,0.06666666666666667,1.0163265306122449,,,HOU,2020,0.10997447894512974,27.0,True,9.566666666666668,,0.52,11,RB,11.820000000000002,True,True,True,True,True,,,,,,,
0.52,,00-0032257,0.09420289855072464,RB,11.820000000000002,RB,0.07692307692307693,59.10000000000001,9.566666666666668,,-0.0018034265103697023,0.56,0.008361204013377926,0.6307692307692307,,,MIA,2021,0.011279407462808097,28.0,True,7.672727272727273,,0.44399999999999995,5,RB,,False,False,True,True,True,,,,,,,
,3.446796350761366,00-0032268,,QB_pocket,12.565714285714288,QB,,175.92000000000002,,0.010858389529932821,0.003138731952291274,0.714,0.0023584905660377358,,0.0007400006823553175,374.0,TEN,2018,0.005734848215660495,25.0,False,,374.0,0.8828571428571428,14,QB,9.52,True,True,False,False,False,,0.14830926303775982,2.683184290030212,,,,
0.8828571428571428,-3.2148427411213816,00-0032268,0.3316831683168317,QB_pocket,9.52,QB,0.0,85.67999999999999,,-0.03553019365240543,0.0,0.771,0.0,0.0,-0.03697952204148755,184.0,TEN,2019,0.0,26.0,False,12.565714285714288,184.0,0.562,9,QB,2.122857142857143,True,True,True,False,True,,-2.461103838868439,2.837386075949367,,,,
,-10.441631078720093,00-0032268,0.004016064257028112,QB_pocket,2.122857142857143,QB,0.0,14.860000000000001,9.52,-0.28347484215046276,0.0,0.885,0.0,0.0,-0.3602142127347179,2.0,LV,2021,0.0,28.0,False,,2.0,0.033999999999999996,7,QB,15.120000000000001,True,True,False,True,False,,,,,,,
0.033999999999999996,-0.64611305450571,00-0032268,0.725609756097561,QB_dual_threat,15.120000000000001,QB,0.0,196.56,,-0.01636069736642405,0.0,1.0,0.0,0.0,-0.0206033688612956,326.0,ATL,2022,0.0,29.0,True,2.122857142857143,326.0,1.0,13,QB,9.172,True,True,True,False,True,,-1.79150900493066,2.9343716216216214,,,,
0.26833333333333337,3.1971061655453274,00-0032268,0.45993031358885017,QB_pocket,12.55,QB,0.0,125.5,,0.004193933266554873,0.0,1.0,0.0,0.0,-0.007710550328687299,244.0,WAS,2025,0.0,32.0,False,9.172,244.0,0.7454545454545454,10,QB,,False,,True,False,True,,3.2954625550660737,2.8526222222222217,,,,
,,00-0032355,,WR,7.427777777777777,WR,,133.7,,,0.09648961587943393,0.8,0.11857142857142858,,,,IND,2018,0.24539987397274662,24.0,False,,,0.5355555555555556,18,WR,4.7700000000000005,True,True,False,False,False,,,,3.644751079162615,5.678955223880597,,
0.5355555555555556,,00-0032355,0.3855421686746988,WR,4.7700000000000005,WR,0.125,47.7,,,0.061879297173414824,0.9,0.05737704918032787,0.7991071428571429,,,IND,2019,0.12938108179188218,25.0,False,7.427777777777777,,0.4816666666666667,10,WR,4.017647058823529,True,True,True,False,True,,,,,,,
,,00-0032355,0.5119236883942766,WR,4.017647058823529,WR,0.13975155279503104,68.3,4.7700000000000005,,0.07524800387127994,1.0,0.08302583025830258,0.9440993788819876,,,TEN,2021,0.17721234809734984,27.0,False,,,0.3947058823529412,17,WR,,False,False,False,True,False,,,,,,,
,,00-0032362,,WR,5.3999999999999995,WR,,59.4,,,0.11221281741233374,1.0,0.09611451942740286,,,,WAS,2018,0.2227207513297379,26.0,False,,,,11,WR,,False,False,False,False,False,,,,3.0630757555391246,6.5694871794871785,,
,,00-0032385,,WR,11.40625,WR,,182.5,,,0.2516279069767442,0.9,0.18971631205673758,,,,NYG,2018,0.4607140029688273,25.0,False,,,0.91125,16,WR,13.860833333333334,True,True,False,False,False,,,,3.1383422819390634,5.886262626262626,,
0.91125,,00-0032385,0.5703812316715543,WR,14.180000000000001,WR,0.2133676092544987,141.8,,,0.17374762206721622,1.0,0.1421232876712329,1.480719794344473,,,NYG,2019,0.3348082669539007,26.0,False,11.40625,,0.907,10,WR,12.320833333333333,True,True,True,False,True,,,,3.1299462146954156,5.7105000000000015,,
0.907,,00-0032385,0.6231155778894473,WR,13.541666666666666,WR,0.24193548387096775,162.5,11.40625,,0.1913311105411644,1.0,0.1814516129032258,1.7634408602150538,,,NYG,2020,0.4061091967336538,27.0,False,14.180000000000001,,0.7191666666666666,12,WR,11.1,True,True,True,True,True,,,,3.026044201664412,6.4868539325842685,,
0.7191666666666666,,00-0032385,0.33633633633633636,WR,11.1,WR,0.23660714285714285,77.7,14.180000000000001,,0.09851255791270422,1.0,0.0965391621129326,1.6339285714285714,,,NYG,2021,0.21376753370829185,28.0,False,13.541666666666666,,0.7328571428571429,7,WR,2.23,True,True,True,True,True,,,,2.618812387855782,7.694693877551021,,
,,00-0032385,0.13204747774480713,WR,2.23,WR,0.24719101123595505,22.3,11.1,,0.044432102193835046,0.76,0.045454545454545456,0.6404494382022472,,,NYG,2023,0.09928428971750271,30.0,False,,,0.15200000000000002,10,WR,6.242307692307692,True,True,False,True,False,,,,,,,
0.5346666666666666,,00-0032385,0.5503875968992248,WR,6.3076923076923075,WR,0.14929577464788732,82.0,2.23,,0.10447416974169742,0.52,0.09814814814814815,1.0450704225352112,,,TB,2025,0.22035414104141043,32.0,False,6.176923076923076,,0.5615384615384615,13,WR,,False,,True,True,True,,,,3.205955018260777,6.029423076923077,,
,,00-0032392,,TE,10.1875,TE,,163.0,,,0.1148895292987512,0.7,0.1456953642384106,,,,ATL,2018,0.2989657168667417,24.0,False,,,0.761875,16,TE,11.863076923076925,True,True,False,False,False,0.0,,,3.239225478765151,5.577121212121212,,
0.761875,,00-0032392,0.6767015706806283,TE,14.746153846153847,TE,0.18762088974854932,191.70000000000002,,,0.11719768958449786,0.8,0.14923076923076922,1.5222437137330755,,,ATL,2019,0.30588453655530234,25.0,False,10.1875,,0.7884615384615384,13,TE,7.573333333333334,True,True,True,False,True,0.0,,,3.538407924875193,5.695411764705883,,
0.7884615384615384,,00-0032392,0.6507177033492823,TE,8.98,TE,0.20588235294117646,134.70000000000002,10.1875,,0.1294250281848929,0.9,0.15879017013232513,1.2181372549019607,,,CLE,2020,0.32878277492791275,26.0,False,14.746153846153847,,0.778,15,TE,5.948039215686275,True,True,True,True,True,0.0,,,3.0453617778674453,5.33,,
0.778,,00-0032392,0.6119402985074627,TE,6.166666666666667,TE,0.16531165311653118,92.5,14.746153846153847,,0.0796503156872268,1.0,0.12323232323232323,0.9349593495934959,,,CLE,2021,0.2406037058295436,27.0,False,8.98,,0.685625,15,TE,4.377205882352941,True,True,True,True,True,0.0,,,2.8099478510966485,4.631568627450981,,
0.685625,,00-0032392,0.6320754716981132,TE,5.729411764705882,TE,0.1791044776119403,97.4,8.98,,0.14349775784753363,1.0,0.13761467889908258,1.3253731343283581,,,TEN,2022,0.3068704488418974,28.0,False,6.166666666666667,,0.5070588235294117,17,TE,4.706617647058824,True,True,True,True,True,0.0,,,2.662697864198289,5.85452380952381,,
0.5070588235294117,,00-0032392,0.5197368421052632,TE,3.0250000000000004,TE,0.0981012658227848,48.400000000000006,6.166666666666667,,0.030856871587942085,1.0,0.0583804143126177,0.740506329113924,,,LV,2023,0.109170431580486,29.0,False,5.729411764705882,,0.5211764705882352,16,TE,5.215992647058824,True,True,True,True,True,0.0,,,,,,
0.5252941176470588,,00-0032392,0.36233766233766235,TE,4.04375,TE,0.11827956989247312,64.7,3.0250000000000004,,0.05565497494631353,0.9,0.05536912751677853,1.028673835125448,,,NE,2025,0.12201217373758726,31.0,False,6.3882352941176475,,0.489,16,TE,,False,,True,True,True,0.0,,,,,,
,,00-0032393,0.12735166425470332,RB,3.6,RB,0.13636363636363635,28.8,,,0.009809578765147143,1.0,0.021897810218978103,0.8636363636363636,,,SEA,2019,0.03971342046407016,25.0,False,,,0.18666666666666665,8,RB,2.54,True,True,False,False,False,,,,,,,
0.18666666666666665,,00-0032393,0.04833836858006042,RB,2.54,RB,0.15625,12.700000000000001,,,-0.0017014036580178648,1.0,0.009523809523809525,0.5625,,,HOU,2020,0.013094731725101783,26.0,False,3.6,,0.076,5,RB,,False,False,True,False,True,,,,,,,
,,00-0032394,,TE,4.7125,TE,,75.4,,,0.07246003094378546,0.8,0.10638297872340426,,,,SEA,2018,0.2102964897457562,25.0,False,,,0.536875,16,TE,2.540909090909091,True,True,False,False,False,0.0,,,3.68941833737443,5.732777777777778,,
0.536875,,00-0032394,0.3665480427046263,TE,2.4,TE,0.10679611650485436,33.6,,,0.03602676273803397,0.9,0.04564315352697095,0.8058252427184466,,,PIT,2019,0.09368346420708021,26.0,False,4.7125,,0.468125,14,TE,3.362337662337662,True,True,True,False,True,0.0,,,,,,
0.468125,,00-0032394,0.23948220064724918,TE,2.6818181818181817,TE,0.14189189189189189,29.5,4.7125,,0.018995098039215685,1.0,0.039399624765478425,0.6418918918918919,,,DEN,2020,0.07239600577566861,27.0,False,2.4,,0.3626666666666667,11,TE,3.1714285714285713,True,True,True,True,True,0.0,,,,,,
0.3626666666666667,,00-0032394,0.19039451114922812,TE,4.042857142857143,TE,0.13513513513513514,28.3,2.4,,0.022671401256487297,1.0,0.03184713375796178,1.1981981981981982,,,NO,2021,0.06364068151648379,28.0,False,2.6818181818181817,,0.5171428571428571,7,TE,2.3,True,True,True,True,True,0.0,,,,,,
0.5171428571428571,,00-0032394,0.14565826330532214,TE,2.3,TE,0.08653846153846154,11.5,2.6818181818181817,,0.00876944837340877,1.0,0.016423357664233577,0.5288461538461539,,,NYG,2022,0.030773650357736507,29.0,False,4.042857142857143,,0.3018181818181818,5,TE,4.041666666666667,True,True,True,True,True,0.0,,,,,,
,,00-0032398,,WR,2.8937500000000003,WR,,46.300000000000004,,,0.060697115384615384,0.9,0.04601769911504425,,,,BAL,2018,0.11151452944179713,25.0,False,,,0.38235294117647056,16,WR,0.6375,True,True,False,False,False,,,,,,,
0.38235294117647056,,00-0032398,0.13298791018998274,WR,0.6375,WR,0.07792207792207792,5.1,,,0.01898587636026858,1.0,0.012578616352201259,0.2727272727272727,,,BAL,2019,0.0321580379804899,26.0,False,2.8937500000000003,,0.15333333333333332,8,WR,5.57,True,True,True,False,True,,,,,,,
,,00-0032398,0.21753246753246752,WR,5.57,WR,0.16417910447761194,55.7,0.6375,,0.023696682464454975,1.0,0.04206500956022945,1.6940298507462686,,,HOU,2021,0.07968519206546265,28.0,False,,,0.31916666666666665,10,WR,6.113333333333333,True,True,False,True,False,,,,,,,
0.31916666666666665,,00-0032398,0.6915887850467289,WR,7.673333333333333,WR,0.16666666666666666,115.1,,,0.1549466537342386,0.88,0.13261648745519714,1.2342342342342343,,,HOU,2022,0.3073873887967627,29.0,False,5.57,,0.670625,15,WR,4.553333333333334,True,True,True,False,True,,,,3.008335296461404,6.111111111111112,,
0.670625,,00-0032398,0.5258620689655172,WR,4.553333333333334,WR,0.11475409836065574,68.30000000000001,5.57,,0.14206560283687944,0.76,0.07337526205450734,1.3901639344262295,,,TEN,2023,0.20950881506757663,30.0,False,7.673333333333333,,0.57,15,WR,3.8600000000000003,True,True,True,True,True,,,,,,,
,,00-0032398,0.4024390243902439,WR,3.8600000000000003,WR,0.09956709956709957,38.6,4.553333333333334,,0.08853333333333334,0.52,0.05324074074074074,0.8961038961038961,,,WAS,2025,0.14183444444444443,32.0,False,,,0.4857142857142857,10,WR,,False,,False,True,False,,,,,,,
,,00-0032404,,RB,0.7222222222222222,RB,,6.5,,,0.005193045834274102,1.0,0.005836575875486381,,,,HOU,2018,0.012389995897221444,25.0,False,,,0.13333333333333333,9,RB,2.092361111111111,True,True,False,False,False,,,,,,,
0.13333333333333333,,00-0032404,0.04084507042253521,RB,0.9222222222222223,RB,0.1724137931034483,8.3,,,0.010196374622356496,1.0,0.008319467554076539,0.6206896551724138,,,GB,2019,0.019616663566764354,26.0,False,0.7222222222222222,,0.051666666666666666,9,RB,3.2624999999999997,True,True,True,False,True,,,,,,,
0.051666666666666666,,00-0032404,0.10692771084337349,RB,3.2624999999999997,RB,0.2112676056338028,26.099999999999998,0.7222222222222222,,-0.0032216494845360823,0.78,0.025817555938037865,1.1830985915492958,,,GB,2020,0.03647117926788154,27.0,False,0.9222222222222223,,0.26125,8,RB,,False,False,True,True,True,,,,,,,
,,00-0032411,,RB,8.857142857142858,RB,,62.0,,,0.0006009615384615385,1.0,0.017699115044247787,,,,BAL,2018,0.026969345643294756,24.0,False,,,0.37142857142857144,7,RB,,False,False,False,False,False,,,,,,,
,,00-0032423,0.19576719576719576,WR,2.1714285714285717,WR,0.0990990990990991,30.400000000000002,,,0.03047851264858275,1.0,0.02268041237113402,1.0,,,LV,2019,0.055355577410708956,26.0,False,,,0.2285714285714286,14,WR,,False,False,False,False,False,,,,,,,
,,00-0032426,,RB,10.86,RB,,108.6,,,0.005408653846153846,1.0,0.03716814159292035,,,,BAL,2018,0.05953827008168822,24.0,True,,,0.41900000000000004,10,RB,,False,False,False,False,False,,,,,,-0.3613810300425402,34.21052631578947
,,00-0032426,0.22280701754385965,RB,6.254545454545454,RB,0.07874015748031496,68.8,,,0.0004515692029803567,0.78,0.021141649048625793,0.6850393700787402,,,SEA,2021,0.03202857201502494,27.0,True,,,0.4018181818181818,11,RB,,False,False,False,False,False,,,,,,-0.8504067725273152,10.185185185185185
,,00-0032430,,TE,1.4333333333333333,TE,,8.6,,,0.0028057049333645077,0.8,0.010398613518197574,,,,MIN,2018,0.017561913730651517,25.0,False,,,0.31,6,TE,,False,False,False,False,False,0.0,,,,,,
,-3.6498520014097364,00-0032434,0.2392638036809816,QB_pocket,9.940000000000001,QB,0.00641025641025641,49.7,,-0.07970061380025932,0.0017353579175704988,0.885,0.0017667844522968198,0.0,-0.0982157968514716,149.0,CIN,2020,0.0038649272207445786,28.0,False,,149.0,0.95,5,QB,2.7720000000000007,True,True,False,False,False,,-1.2528651197191607,2.5057746478873244,,,,
0.95,-17.431490168426976,00-0032434,0.04868913857677903,QB_pocket,2.7720000000000007,QB,0.0,13.860000000000003,,-0.2577891639436222,0.0,0.942,0.0,0.0,-0.293563847769059,38.0,CIN,2021,0.0,29.0,False,9.940000000000001,38.0,0.25833333333333336,5,QB,,False,False,True,False,True,,,,,,,
,-4.522751785858333,00-0032436,,QB_pocket,10.64,QB,,85.12,,-0.06777773832999955,0.0,0.714,0.0,,-0.07744211853203507,195.0,CIN,2018,0.0,25.0,False,,195.0,0.6588888888888889,8,QB,,False,False,False,False,False,,-2.9000720771198942,2.5575454545454543,,,,
,-4.304479925256026,00-0032436,0.045171339563862926,QB_pocket,2.46,QB,0.034482758620689655,17.22,,-0.07691065436702568,-0.0007274490785645005,0.942,0.0017921146953405018,0.13793103448275862,-0.09142459227322516,22.0,HOU,2022,0.0021789576880156024,29.0,False,,22.0,0.20714285714285713,7,QB,,False,False,False,False,False,,,,,,,
,,00-0032450,,RB,2.2,RB,,15.400000000000002,,,0.0,1.0,0.0,,,,NO,2018,0.0,24.0,False,,,0.05846153846153846,7,RB,0.7547619047619049,True,True,False,False,False,,,,,,,
0.05846153846153846,,00-0032450,0.006069802731411229,RB,1.2666666666666668,RB,0.25,7.6000000000000005,,,-0.0012866700977869274,1.0,0.0017211703958691911,1.5,,,NO,2019,0.0016810865253529376,25.0,False,2.2,,0.014705882352941176,6,RB,0.42142857142857143,True,True,True,False,True,,,,,,,
0.014705882352941176,,00-0032450,0.0015455950540958269,RB,0.24285714285714288,RB,0.0,1.7000000000000002,2.2,,0.0,1.0,0.0,0.0,,,NO,2020,0.0,26.0,False,1.2666666666666668,,0.014615384615384615,7,RB,0.6928571428571428,True,True,True,True,True,,,,,,,
0.014615384615384615,,00-0032450,0.018867924528301886,RB,0.6,RB,0.18181818181818182,4.8,1.2666666666666668,,0.0005462988254575252,0.78,0.004246284501061571,1.0909090909090908,,,NO,2021,0.006751835929412624,27.0,False,0.24285714285714288,,0.016428571428571428,8,RB,0.7857142857142857,True,True,True,True,True,,,,,,,
0.016428571428571428,,00-0032450,0.02120141342756184,RB,0.7857142857142857,RB,0.08333333333333333,5.5,0.24285714285714288,,0.00022629554197782303,0.56,0.0020408163265306124,0.5833333333333334,,,NO,2022,0.0032196313691803947,28.0,False,0.6,,0.057499999999999996,7,RB,,False,False,True,True,True,,,,,,,
,,00-0032464,0.10066006600660066,WR,4.1,WR,0.21311475409836064,41.0,,,0.06085753803596127,0.9,0.027139874739039668,3.5245901639344264,,,TEN,2019,0.08331008873373238,25.0,False,,,0.174,10,WR,4.99375,True,True,False,False,False,,,,,,,
0.174,,00-0032464,0.21746880570409982,WR,1.7125,WR,0.13114754098360656,27.4,,,0.07072205736894165,1.0,0.03278688524590164,1.5327868852459017,,,TEN,2020,0.0986857680271116,26.0,False,4.1,,0.234375,16,WR,7.55514705882353,True,True,True,False,True,,,,,,,
0.234375,,00-0032464,0.7299382716049383,WR,8.275,WR,0.15010570824524314,132.4,4.1,,0.19605191995673338,1.0,0.12815884476534295,1.2177589852008457,,,DET,2021,0.3294746111177278,27.0,False,1.7125,,0.716875,16,WR,6.282352941176471,True,True,True,True,True,,,,3.703546754644781,6.809130434782608,,
0.716875,,00-0032464,0.5159235668789809,WR,6.835294117647059,WR,0.19753086419753085,116.2,1.7125,,0.15946013496625844,1.0,0.11469534050179211,1.9012345679012346,,,DET,2022,0.28366510522906907,28.0,False,8.275,,0.4994117647058824,17,WR,5.295475113122173,True,True,True,True,True,,,,3.143329748506889,7.091551724137932,,
0.4994117647058824,,00-0032464,0.30859375,WR,5.729411764705882,WR,0.18565400843881857,97.4,8.275,,0.08137583892617449,0.88,0.06489675516224189,2.0632911392405062,,,DET,2023,0.15430821999168498,29.0,False,6.835294117647059,,0.2952941176470588,17,WR,4.657435897435898,True,True,True,True,True,,,,,,,
0.2823076923076923,,00-0032464,0.3450479233226837,WR,4.453333333333333,WR,0.1388888888888889,66.8,5.729411764705882,,0.04601143479444596,0.64,0.05454545454545454,1.337962962962963,,,DET,2025,0.11402618617429398,31.0,False,4.861538461538462,,0.366,15,WR,,False,,True,True,True,,,,,,,
,,00-0032543,,WR,2.4312500000000004,WR,,38.900000000000006,,,0.06131420638593244,1.0,0.054924242424242424,,,,CIN,2018,0.12530630810651633,26.0,False,,,0.37875,16,WR,3.90125,True,True,False,False,False,,,,,,,
0.37875,,00-0032543,0.5718475073313783,WR,6.265,WR,0.2,100.24,,,0.14158743282348077,1.0,0.13242784380305603,1.3564102564102565,,,CIN,2019,0.2977529686810206,27.0,False,2.4312500000000004,,0.559375,16,WR,1.01875,True,True,True,False,True,,,,2.7140402865516813,6.579333333333334,,
0.559375,,00-0032543,0.16717791411042945,WR,1.5375,WR,0.1559633027522936,24.6,2.4312500000000004,,0.026464208242950107,1.0,0.030035335689045935,1.275229357798165,,,CIN,2020,0.06357794930363397,28.0,False,6.265,,0.205625,16,WR,0.5,True,True,True,True,True,,,,,,,
0.205625,,00-0032543,0.04678362573099415,WR,0.5,WR,0.125,8.5,6.265,,0.00765838941749826,0.88,0.006956521739130435,1.71875,,,CAR,2021,0.015795655200944433,29.0,False,1.5375,,0.0488235294117647,17,WR,5.65,True,True,True,True,True,,,,,,,
,,00-0032543,0.31145251396648044,WR,5.65,WR,0.13004484304932734,45.2,0.5,,0.06421419242490205,0.64,0.04723127035830619,1.0403587443946187,,,LAC,2023,0.11579684023489072,31.0,False,,,0.6,8,WR,,False,False,False,True,False,,,,,,,
,,00-0032577,0.036585365853658534,RB,0.31666666666666665,RB,0.041666666666666664,1.9,,,0.000922722029988466,0.78,0.001841620626151013,0.2916666666666667,,,ARI,2020,0.0034083363602184454,27.0,False,,,,6,RB,,False,False,False,False,False,,,,,,,
,,00-0032599,,TE,1.95,TE,,11.7,,,0.02318271119842829,0.8,0.016591251885369532,,,,PHI,2018,0.0411147756669541,25.0,False,,,,6,TE,,False,False,False,False,False,0.0,,,,,,
,,00-0032602,,RB,2.5250000000000004,RB,,10.100000000000001,,,0.0033522434244455906,1.0,0.009456264775413711,,,,SEA,2018,0.01653096756023248,25.0,False,,,0.04,4,RB,8.696274509803922,True,True,False,False,False,,,,,,,
0.04,,00-0032602,0.27060653188180406,RB,5.586666666666667,RB,0.2413793103448276,83.8,,,0.0007662835249042146,1.0,0.07636363636363637,1.339080459770115,,,DET,2019,0.11508185301288751,26.0,False,2.5250000000000004,,0.231875,15,RB,11.716577540106952,True,True,True,False,True,,,,,,,
0.231875,,00-0032602,0.6850828729281768,RB,11.805882352941177,RB,0.22782258064516128,200.70000000000002,2.5250000000000004,,0.0456955314314567,0.78,0.18403908794788273,1.2036290322580645,,,WAS,2020,0.3080455039238438,27.0,False,5.586666666666667,,0.5805882352941176,17,RB,9.301136363636363,True,True,True,True,True,,,,,,-0.6071679877819808,1.1764705882352942
0.5805882352941176,,00-0032602,0.39184952978056425,RB,11.627272727272727,RB,0.212,127.9,5.586666666666667,,0.007665677546983185,0.56,0.09925093632958802,1.588,,,WAS,2021,0.15424237877727026,28.0,False,11.805882352941177,,0.45545454545454545,11,RB,6.9750000000000005,True,True,True,True,True,,,,,,,
0.45545454545454545,,00-0032602,0.28414442700156983,RB,6.9750000000000005,RB,0.22099447513812154,55.800000000000004,11.805882352941177,,0.011405109489051095,0.34,0.07532956685499058,0.9558011049723757,,,WAS,2022,0.12097792692482162,29.0,False,11.627272727272727,,0.39125,8,RB,,False,False,True,True,True,,,,,,,
,,00-0032626,,WR,12.459999999999999,WR,,62.3,,,0.07063535408701985,0.8,0.048859934853420196,,,,GB,2018,0.12273465014104419,24.0,False,,,,5,WR,4.723529411764706,True,True,False,False,False,,,,,,,
,,00-0032626,0.643661971830986,WR,4.723529411764706,WR,0.12910284463894967,80.3,,,0.08610271903323263,0.9,0.09816971713810316,0.6695842450765864,,,GB,2019,0.20752647903041757,25.0,False,12.459999999999999,,,17,WR,,False,False,True,False,False,,,,3.264178570710089,5.675098039215686,,
,,00-0032661,,TE,0.9727272727272727,TE,,10.7,,,0.015089722675367047,0.7,0.012867647058823529,,,,CHI,2018,0.029864276460992226,24.0,False,,,,11,TE,3.5800000000000005,True,True,False,False,False,0.0,,,,,,
,,00-0032661,0.13384615384615384,TE,3.5800000000000005,TE,0.12643678160919541,17.900000000000002,,,0.02538303224331123,0.8,0.019434628975265017,0.6781609195402298,,,CHI,2019,0.046920066033215385,25.0,False,0.9727272727272727,,,5,TE,,False,False,True,False,False,0.0,,,,,,
,,00-0032688,,WR,11.171428571428573,WR,,156.4,,,0.32821075740944017,0.9,0.18613861386138614,,,,NYJ,2018,0.5089554509786873,25.0,False,,,0.7628571428571428,14,WR,12.075,True,True,False,False,False,,,,2.3038998886495157,6.439239130434784,,
0.7628571428571428,,00-0032688,0.9726962457337884,WR,10.14375,WR,0.16842105263157894,162.3,,,0.35822376581493426,1.0,0.1951219512195122,1.3666666666666667,,,NYJ,2019,0.5434395628997223,26.0,False,11.171428571428573,,0.913125,16,WR,11.076654411764705,True,True,True,False,True,,,,2.173501234922027,4.337446808510639,,
0.913125,,00-0032688,0.8833865814696485,WR,14.00625,WR,0.24593128390596744,224.1,11.171428571428573,,0.3256733382752656,1.0,0.25806451612903225,1.9819168173598554,,,CAR,2020,0.6150681109862343,27.0,False,10.14375,,0.781875,16,WR,6.248529411764705,True,True,True,True,True,,,,2.8827387634713024,6.432755905511811,,
0.781875,,00-0032688,0.9166666666666666,WR,8.147058823529411,WR,0.17543859649122806,138.5,10.14375,,0.26827570201902995,1.0,0.19130434782608696,0.8277511961722488,,,CAR,2021,0.4747495131524514,28.0,False,14.00625,,0.8564705882352941,17,WR,4.058333333333334,True,True,True,True,True,,,,2.777792879944084,7.046633663366335,,
0.8564705882352941,,00-0032688,0.4227212681638045,WR,4.3500000000000005,WR,0.1375,52.2,14.00625,,0.13929128593715176,0.88,0.0694006309148265,0.88125,,,ARI,2022,0.20160484652824595,29.0,False,8.147058823529411,,0.50625,12,WR,3.766666666666667,True,True,True,True,True,,,,,,,
0.50625,,00-0032688,0.09863429438543247,WR,3.766666666666667,WR,0.09230769230769231,22.6,8.147058823529411,,0.031112091791703444,0.76,0.010507880910683012,1.9384615384615385,,,MIA,2023,0.037540285620216926,30.0,False,4.3500000000000005,,0.2288888888888889,6,WR,,False,False,True,True,True,,,,,,,
,,00-0032707,,WR,4.166666666666667,WR,,25.0,,,0.056706369756602794,0.8,0.04316546762589928,,,,DET,2018,0.10444266026847088,24.0,False,,,,6,WR,,False,False,False,False,False,,,,,,,
,,00-0032725,0.10130246020260492,TE,2.6571428571428575,TE,0.15714285714285714,18.6,,,0.009503239740820735,1.0,0.018211920529801324,1.5142857142857142,,,LAC,2020,0.033970148613276505,27.0,False,,,0.124375,7,TE,1.5916666666666668,True,True,False,False,False,0.0,,,,,,
0.124375,,00-0032725,0.1909212283044059,TE,2.75,TE,0.13286713286713286,38.5,,,0.013486312399355877,1.0,0.02900763358778626,1.1538461538461537,,,LAC,2021,0.05295186906122851,28.0,False,2.6571428571428575,,0.28647058823529414,14,TE,0.43333333333333335,True,True,True,False,True,0.0,,,,,,
0.28647058823529414,,00-0032725,0.07529722589167767,TE,0.43333333333333335,TE,0.12280701754385964,3.9000000000000004,2.6571428571428575,,0.008023178069979943,1.0,0.011041009463722398,0.15789473684210525,,,ARI,2022,0.022177738844569556,29.0,False,2.75,,0.116875,9,TE,,False,False,True,True,True,0.0,,,,,,
,,00-0032728,0.16548042704626334,WR,2.5250000000000004,WR,0.10752688172043011,10.100000000000001,,,0.0319094184251158,1.0,0.02074688796680498,0.6559139784946236,,,PIT,2019,0.05345692484778852,27.0,False,,,,4,WR,,False,False,False,False,False,,,,,,,
,,00-0032741,,RB,9.39375,RB,,150.3,,,0.006093845216331505,1.0,0.046849757673667204,,,,TB,2018,0.07454032816193286,24.0,True,,,0.560625,16,RB,5.473958333333333,True,True,False,False,False,,,,,,-0.005377980778714384,22.64957264957265
0.560625,,00-0032741,0.21458625525946703,RB,7.28125,RB,0.1568627450980392,116.5,,,0.004691164972634871,1.0,0.039603960396039604,0.7516339869281046,,,TB,2019,0.06268975607490382,25.0,True,9.39375,,0.3025,16,RB,4.328333333333333,True,True,True,False,True,,,,,,-0.5824670530745025,33.116883116883116
0.3025,,00-0032741,0.08701657458563536,RB,3.6666666666666665,RB,0.1111111111111111,55.0,9.39375,,0.00025246149962130775,1.0,0.011400651465798045,0.19047619047619047,,,WAS,2020,0.017277700248431983,26.0,True,7.28125,,0.16647058823529412,15,RB,4.99,True,True,True,True,True,,,,,,-0.7934436930087657,42.5531914893617
0.16647058823529412,,00-0032741,0.06827309236947791,RB,4.99,RB,0.2549019607843137,49.900000000000006,7.28125,,0.0037835792659856224,0.78,0.0203125,1.3137254901960784,,,LV,2021,0.03311725548618994,27.0,True,3.6666666666666665,,0.14818181818181816,10,RB,,False,False,True,True,True,,,,,,,
,,00-0032745,,TE,0.4833333333333334,TE,,2.9000000000000004,,,0.0018281535648994515,0.8,0.008077544426494346,,,,TB,2018,0.013396024135171134,25.0,False,,,,6,TE,,False,False,False,False,False,0.0,,,,,,
,,00-0032760,,WR,7.28,WR,,109.2,,,0.27327690447400244,1.0,0.15950920245398773,,,,WAS,2018,0.4305576368127833,26.0,False,,,0.884,15,WR,,False,False,False,False,False,,,,2.422757691942154,5.586025641025641,,
,,00-0032764,,RB,12.585,RB,,201.36,,,-0.004080351537978657,1.0,0.04245283018867924,,,,TEN,2018,0.06082299920643381,24.0,True,,,0.408125,16,RB,20.102516339869283,True,True,False,False,False,,,,,,1.1081025578977606,33.48837209302326
0.408125,,00-0032764,0.44884488448844884,RB,20.134444444444444,RB,0.10661764705882353,362.42,,,-0.014522821576763486,1.0,0.060542797494780795,0.8345588235294118,,,TEN,2019,0.08064822113843674,25.0,True,12.585,,0.66,18,RB,21.451960784313727,True,True,True,False,True,,,,,,1.1309213195345198,35.31353135313531
0.66,,00-0032764,0.5383244206773619,RB,20.070588235294117,RB,0.11258278145695365,341.2,12.585,,-0.006429277942631058,1.0,0.06967213114754098,0.4139072847682119,,,TEN,2020,0.10000770216146973,26.0,True,20.134444444444444,,0.6647058823529413,17,RB,20.877916666666664,True,True,True,True,True,,,,,,0.9974982913305223,27.77777777777778
0.6647058823529413,,00-0032764,0.2702702702702703,RB,22.833333333333332,RB,0.11764705882352941,205.5,20.134444444444444,,-0.0007258649891120251,0.78,0.03690036900369004,0.9058823529411765,,,TEN,2021,0.05484244801315664,27.0,True,20.070588235294117,,0.7033333333333334,9,RB,16.715955882352944,True,True,True,True,True,,,,,,0.11415649275582954,36.5296803652968
0.7033333333333334,,00-0032764,0.46037735849056605,RB,18.9225,RB,0.1680327868852459,302.76,20.070588235294117,,-0.0020926756352765323,0.56,0.09403669724770643,1.6311475409836065,,,TEN,2022,0.13959017292686607,28.0,True,22.833333333333332,,0.665,16,RB,17.2915479876161,True,True,True,True,True,,,,,,0.2564969253017921,38.108882521489974
0.665,,00-0032764,0.3810344827586207,RB,14.509411764705884,RB,0.16289592760180996,246.66000000000003,22.833333333333332,,-0.022163120567375887,0.34,0.07547169811320754,0.9683257918552036,,,TEN,2023,0.0976933627726482,29.0,True,18.9225,,0.5364705882352941,17,RB,18.257430340557278,True,True,True,True,True,,,,,,0.30520720208711866,35.35714285714286
0.5768421052631578,,00-0032764,0.38537549407114624,RB,16.441176470588236,RB,0.1076923076923077,279.5,14.509411764705884,,0.0035545023696682463,0.0,0.051597051597051594,0.7692307692307693,,,BAL,2025,0.07988372905434517,31.0,True,20.073684210526316,,0.5452941176470588,17,RB,,False,,True,True,True,,,,,,1.1187350244421481,39.08794788273616
,,00-0032765,,WR,19.9,WR,,358.2,,,0.3159117305458769,0.9,0.2951388888888889,,,,NO,2018,0.6638465447154471,25.0,False,,,0.8883333333333333,18,WR,17.10718954248366,True,True,False,False,False,,,,2.748359541846998,4.63503448275862,,
0.8883333333333333,,00-0032765,0.9666160849772383,WR,22.858823529411765,WR,0.3029827315541601,388.6,,,0.4032424086464231,1.0,0.33218588640275387,2.817896389324961,,,NO,2019,0.780548515656627,26.0,False,19.9,,0.8870588235294118,17,WR,11.355555555555556,True,True,True,False,True,,,,2.563296072890534,5.154972375690608,,
0.8870588235294118,,00-0032765,0.4080370942812983,WR,11.355555555555556,WR,0.25,102.2,19.9,,0.1713569239342435,1.0,0.11538461538461539,1.9356060606060606,,,NO,2020,0.29302676983089354,27.0,False,22.858823529411765,,0.7266666666666667,9,WR,,False,False,True,True,True,,,,2.4856983902568803,5.10377358490566,,
,,00-0032765,0.4946564885496183,WR,8.98,WR,0.19753086419753085,89.8,,,0.13446421183285065,0.76,0.1111111111111111,1.382716049382716,,,NO,2023,0.2607916149496621,30.0,False,,,0.683,10,WR,,False,False,False,False,False,,,,1.9965129264071915,5.113833333333333,,
,,00-0032775,,WR,5.233333333333333,WR,,78.5,,,0.07071917808219177,0.8,0.0544,,,,KC,2018,0.13110342465753422,24.0,False,,,0.36333333333333334,15,WR,6.4558823529411775,True,True,False,False,False,,,,,,,
0.36333333333333334,,00-0032775,0.7039473684210527,WR,6.31764705882353,WR,0.11401869158878504,107.4,,,0.137265610777353,0.9,0.09242424242424242,0.9046728971962616,,,KC,2019,0.23472229118051074,25.0,False,5.233333333333333,,0.6573684210526316,17,WR,5.679411764705883,True,True,True,False,True,,,,3.0777932180031273,5.363703703703703,,
0.6573684210526316,,00-0032775,0.7046818727490997,WR,6.594117647058824,WR,0.10902896081771721,112.10000000000001,5.233333333333333,,0.10400416016640665,1.0,0.0877914951989026,0.8364565587734242,,,KC,2020,0.20449015491483855,26.0,False,6.31764705882353,,0.6489473684210526,17,WR,5.814705882352941,True,True,True,True,True,,,,4.223176900745077,6.608245614035087,,
0.6489473684210526,,00-0032775,0.6298773690078038,WR,4.764705882352941,WR,0.08849557522123894,81.0,6.31764705882353,,0.09304511278195489,1.0,0.06675567423230974,0.6017699115044248,,,KC,2021,0.16526509029583303,27.0,False,6.594117647058824,,0.5855,17,WR,8.699019607843137,True,True,True,True,True,,,,,,,
0.5855,,00-0032775,0.6289517470881864,WR,6.864705882352942,WR,0.20634920634920634,116.7,6.594117647058824,,0.1772591857000993,1.0,0.15821501014198783,1.3412698412698412,,,BAL,2022,0.36140394520305125,28.0,False,4.764705882352941,,0.5694444444444444,17,WR,8.87719298245614,True,True,True,True,True,,,,2.9752947975297497,7.038000000000002,,
0.5694444444444444,,00-0032775,0.3788546255506608,WR,10.533333333333335,WR,0.1744186046511628,94.80000000000001,4.764705882352941,,0.1293916023993145,0.88,0.07640067911714771,1.6085271317829457,,,LA,2023,0.2051751403552417,29.0,False,6.864705882352942,,0.3876470588235294,9,WR,6.185526315789474,True,True,True,True,True,,,,,,,
0.8163157894736842,,00-0032775,0.4405099150141643,WR,5.15,WR,0.1382636655948553,82.4,10.533333333333335,,0.12545045045045045,0.64,0.07504363001745201,1.247588424437299,,,SF,2025,0.20038076034149332,31.0,False,7.221052631578947,,0.476875,16,WR,,False,,True,True,True,,,,,,,
,,00-0032778,,WR,4.746666666666667,WR,,71.2,,,0.1578782172002511,0.8,0.11084905660377359,,,,TEN,2018,0.27678833694583616,24.0,False,,,0.588125,15,WR,5.21875,True,True,False,False,False,,,,3.0912748421832053,6.156363636363636,,
0.588125,,00-0032778,0.43399339933993397,WR,5.21875,WR,0.155893536121673,83.5,,,0.13370216689718764,0.9,0.08559498956158663,1.273764258555133,,,TEN,2019,0.22198400117041128,25.0,False,4.746666666666667,,0.43777777777777777,16,WR,3.4285714285714284,True,True,True,False,True,,,,,,,
,,00-0032778,0.5158227848101266,WR,3.4285714285714284,WR,0.11349693251533742,48.0,5.21875,,0.08679339669834918,1.0,0.06801470588235294,0.7055214723926381,,,ATL,2021,0.16277743651237384,27.0,False,,,0.5466666666666666,14,WR,,False,False,False,True,False,,,,,,,
,,00-0032780,,RB,10.794117647058824,RB,,183.5,,,0.004282218597063622,1.0,0.051470588235294115,,,,CHI,2018,0.08020343537088571,24.0,True,,,0.5664705882352942,17,RB,8.381746031746033,True,True,False,False,False,,,,,,-0.4543414018388062,14.000000000000002
0.5664705882352942,,00-0032780,0.18245125348189414,RB,12.377777777777778,RB,0.10687022900763359,111.4,,,0.00020202020202020202,1.0,0.022257551669316374,0.5267175572519084,,,PHI,2019,0.03352774164538871,25.0,True,10.794117647058824,,0.4,9,RB,6.205357142857143,True,True,True,False,True,,,,,,-0.08344839647228766,17.647058823529413
0.4,,00-0032780,0.042789223454833596,RB,4.385714285714286,RB,0.037037037037037035,30.700000000000003,10.794117647058824,,-0.0009398496240601503,1.0,0.001834862385321101,-0.1111111111111111,,,MIA,2020,0.0020943988411395464,26.0,True,12.377777777777778,,0.15142857142857144,7,RB,8.025,True,True,True,True,True,,,,,,,
0.15142857142857144,,00-0032780,0.10476190476190476,RB,8.025,RB,0.09090909090909091,64.2,12.377777777777778,,0.0011322463768115942,0.78,0.011764705882352941,0.3939393939393939,,,PHI,2021,0.018439631287297528,27.0,True,4.385714285714286,,0.3225,8,RB,,False,False,True,True,True,,,,,,,
,,00-0032782,,RB,7.6647058823529415,RB,,130.3,,,-0.00019646365422396856,1.0,0.058823529411764705,,,,PHI,2018,0.08809776955969027,24.0,True,,,0.30833333333333335,17,RB,1.9583333333333333,True,True,False,False,False,,,,,,-0.47730012633505847,6.896551724137931
0.30833333333333335,,00-0032782,0.1851179673321234,RB,1.9583333333333333,RB,0.12745098039215685,23.5,,,0.007893994925288977,1.0,0.028077753779697623,0.6274509803921569,,,WAS,2019,0.04764242711724872,25.0,True,7.6647058823529415,,0.164,12,RB,,False,False,True,False,True,,,,,,,
,,00-0032791,,WR,7.2299999999999995,WR,,72.3,,,0.07790368271954674,1.0,0.07816091954022988,,,,MIA,2018,0.17177395721402755,26.0,False,,,0.46699999999999997,10,WR,5.778968253968253,True,True,False,False,False,,,,,,,
0.46699999999999997,,00-0032791,0.20502092050209206,WR,5.322222222222222,WR,0.22448979591836735,47.9,,,0.07517126458063321,1.0,0.054817275747508304,1.1156462585034013,,,MIA,2019,0.1348457988277057,27.0,False,7.2299999999999995,,0.353,9,WR,4.567857142857143,True,True,True,False,True,,,,,,,
0.353,,00-0032791,0.3724247226624406,WR,6.235714285714286,WR,0.2297872340425532,87.3,7.2299999999999995,,0.13322368421052633,1.0,0.09908256880733946,1.5872340425531914,,,MIA,2020,0.24188043215837762,28.0,False,5.322222222222222,,0.41000000000000003,14,WR,2.9,True,True,True,True,True,,,,3.1467739735857205,6.589245283018867,,
0.41000000000000003,,00-0032791,0.13595166163141995,WR,2.9,WR,0.18888888888888888,43.5,5.322222222222222,,0.018441678192715538,0.88,0.03244274809160305,1.4666666666666666,,,CHI,2021,0.06157329687230545,29.0,False,6.235714285714286,,0.14466666666666667,15,WR,,False,False,True,True,True,,,,,,,
,,00-0032794,0.11267605633802817,RB,1.3076923076923077,FB,0.15,17.0,,,0.015483383685800604,1.0,0.019966722129783693,1.2125,,,GB,2019,0.040788451774735966,26.0,False,,,,13,RB,,False,False,False,False,False,,,,,,,
,,00-0032795,,WR,3.7,WR,,37.0,,,0.08491439148542342,0.8,0.05303030303030303,,,,CIN,2018,0.13898552858525093,24.0,False,,,0.36500000000000005,10,WR,0.8285714285714286,True,True,False,False,False,,,,,,,
0.36500000000000005,,00-0032795,0.060117302052785926,WR,0.8285714285714286,WR,0.12195121951219512,5.800000000000001,,,0.006763897696047347,0.9,0.008561643835616438,0.6829268292682927,,,NYG,2019,0.0175771941406578,25.0,False,3.7,,0.06375,7,WR,,False,False,True,False,True,,,,,,,
,,00-0032881,,WR,1.5555555555555556,WR,,14.0,,,0.01556329849012776,1.0,0.006944444444444444,,,,NO,2018,0.021310975609756096,26.0,False,,,,9,WR,0.58,True,True,False,False,False,,,,,,,
,,00-0032881,0.021638330757341576,WR,0.58,WR,0.21428571428571427,2.9,1.5555555555555556,,0.01058790749512399,1.0,0.005244755244755245,0.35714285714285715,,,NO,2020,0.015278668113719661,28.0,False,,,,5,WR,,False,False,False,True,False,,,,,,,
,,00-0032935,0.17259786476868327,WR,0.5,WR,0.15463917525773196,6.0,,,0.09804426145136387,1.0,0.03112033195020747,0.21649484536082475,,,PIT,2019,0.1153114809412659,28.0,False,,,,12,WR,,False,False,False,False,False,,,,,,,
,,00-0032940,,RB,1.425,RB,,11.4,,,0.0005452562704471102,1.0,0.0019120458891013384,,,,LV,2018,0.0032497482229649844,25.0,False,,,0.11100000000000002,8,RB,5.946875,True,True,False,False,False,,,,,,,
0.11100000000000002,,00-0032940,0.26102292768959434,RB,7.61875,RB,0.27702702702702703,121.9,,,0.016458396830234683,1.0,0.08453608247422681,1.972972972972973,,,LV,2019,0.13832500149250448,26.0,False,1.425,,0.260625,16,RB,4.275,True,True,True,False,True,,,,,,-0.975818091828508,14.814814814814813
0.260625,,00-0032940,0.06973058637083994,RB,4.275,RB,0.22727272727272727,17.1,1.425,,0.006109022556390977,0.78,0.01834862385321101,0.6818181818181818,,,MIA,2020,0.0317992515692902,27.0,False,7.61875,,0.305,4,RB,,False,False,True,True,True,,,,,,,
,,00-0032945,0.24270353302611367,WR,8.7,WR,0.18354430379746836,43.5,,,0.07362212731340248,1.0,0.05502846299810247,1.360759493670886,,,BUF,2019,0.13407818361653545,26.0,False,,,,5,WR,,False,False,False,False,False,,,,,,,
,5.0962496586520265,00-0032950,,QB_pocket,17.605454545454545,QB,,193.66,,0.07678059563162372,-0.0009823182711198428,0.771,0.0015082956259426848,,0.08784549522238234,431.0,PHI,2018,0.0015748206491301374,26.0,False,,431.0,1.0,11,QB,16.383725490196078,True,True,False,False,False,,3.3522174916917606,2.663390977443609,,,,
1.0,-0.767416508249528,00-0032950,0.947075208913649,QB_pocket,16.234117647058824,QB,0.0,275.98,,0.01249737178378114,0.0,0.828,0.0,0.0,0.021142316155042466,650.0,PHI,2019,0.0,27.0,False,17.605454545454545,650.0,0.9364705882352942,17,QB,15.855490196078433,True,True,True,False,True,,-0.8433142538862199,2.709925742574258,,,,
0.9364705882352942,-3.493772489990262,00-0032950,0.721835883171071,QB_pocket,16.533333333333335,QB,0.0,198.4,17.605454545454545,-0.12796410863091567,0.0,0.885,0.0,0.0,-0.16783255880134984,492.0,PHI,2020,0.0,28.0,False,16.234117647058824,492.0,0.9641666666666667,12,QB,14.638823529411766,True,True,True,True,True,,-4.050303297437033,2.910649082568807,,,,
0.9641666666666667,-2.120752626621507,00-0032950,0.9914236706689536,QB_pocket,15.177647058823531,QB,0.0,258.02000000000004,16.234117647058824,0.00258530058931245,0.0,0.942,0.0,0.0,0.01278222638453853,552.0,IND,2021,0.0,29.0,False,16.533333333333335,552.0,0.981764705882353,17,QB,14.1,True,True,True,True,True,,-2.1963616762412173,2.8343139534883726,,,,
0.981764705882353,-3.7503710554705725,00-0032950,0.5039246467817896,QB_pocket,14.1,QB,0.0,112.8,16.533333333333335,-0.10168851283574368,0.0,0.999,0.0,0.0,-0.12919628524190283,309.0,WAS,2022,0.0,30.0,False,15.177647058823531,309.0,0.9075,8,QB,,False,False,True,True,True,,-3.4436936051571365,2.5987934782608693,,,,
,1.1112414902041416,00-0032950,0.3454861111111111,QB_pocket,14.068000000000001,QB,0.0,70.34,,0.027084113140082664,0.0,1.0,0.0,0.0,0.03392912667067177,188.0,MIN,2025,0.0,33.0,False,,188.0,0.932,5,QB,,False,,False,False,False,,0.2113609467455717,2.7057559523809522,,,,
,,00-0032951,,WR,4.746666666666667,WR,,71.2,,,0.07481879822305354,0.7,0.09185441941074524,,,,MIN,2018,0.19015478787225532,23.0,False,,,0.5493333333333333,15,WR,4.5325,True,True,False,False,False,,,,2.8667062142826505,6.316470588235296,,
0.5493333333333333,,00-0032951,0.1443478260869565,WR,3.34,WR,0.1927710843373494,33.4,,,0.05125438359859725,0.8,0.03375527426160337,2.216867469879518,,,MIN,2019,0.08651097991142312,24.0,False,4.746666666666667,,0.20500000000000002,10,WR,6.295833333333333,True,True,True,False,True,,,,,,,
0.20500000000000002,,00-0032951,0.056686046511627904,WR,5.725,WR,0.1794871794871795,22.9,4.746666666666667,,0.0074985579696212265,0.9,0.011864406779661017,1.2564102564102564,,,ATL,2020,0.023045600748226383,25.0,False,3.34,,0.174,4,WR,6.866666666666667,True,True,True,True,True,,,,,,,
0.174,,00-0032951,0.43684992570579495,WR,6.866666666666667,WR,0.17346938775510204,82.4,3.34,,0.13314509122502172,1.0,0.08747855917667238,1.4761904761904763,,,JAX,2021,0.2244194026225238,26.0,False,5.725,,0.6508333333333334,12,WR,,False,False,True,True,True,,,,2.944829729854694,5.627551020408164,,
,,00-0032951,0.029654036243822075,WR,0.0,WR,0.0,0.0,,,0.0,0.76,0.0,0.0,,,IND,2025,0.0,30.0,False,,,0.05900000000000001,6,WR,,False,,False,False,False,,,,,,,
,,00-0032959,,WR,0.75,WR,,4.5,,,0.007025246981339188,1.0,0.005940594059405941,,,,NYJ,2018,0.013828563976046343,26.0,False,,,0.11461538461538462,6,WR,,False,False,False,False,False,,,,,,,
,,00-0032964,,RB,1.58,RB,,7.9,,,0.0024183796856106408,1.0,0.012269938650306749,,,,WAS,2018,0.02009777375538757,24.0,False,,,,5,RB,,False,False,False,False,False,,,,,,,
,,00-0032966,,WR,1.575,WR,,12.6,,,0.023255813953488372,0.8,0.014184397163120567,,,,NYG,2018,0.03755566551212271,24.0,False,,,0.25625,8,WR,,False,False,False,False,False,,,,,,,
,,00-0032972,,RB,5.487500000000001,RB,,87.80000000000001,,,0.01817323578003304,1.0,0.09205776173285199,,,,DEN,2018,0.15080790764530114,26.0,False,,,0.28875,16,RB,3.556666666666667,True,True,False,False,False,,,,,,,
0.28875,,00-0032972,0.04056437389770723,RB,1.4000000000000001,RB,0.391304347826087,12.600000000000001,,,0.010810810810810811,0.78,0.01939655172413793,2.4782608695652173,,,DEN,2019,0.036662395153774466,27.0,False,5.487500000000001,,0.025625,9,RB,7.359791666666668,True,True,True,False,True,,,,,,,
0.025625,,00-0032972,0.20723684210526316,RB,5.713333333333334,RB,0.16666666666666666,85.7,5.487500000000001,,0.0016203703703703703,0.56,0.041501976284584984,0.6666666666666666,,,LV,2020,0.06338722368613674,28.0,True,1.4000000000000001,,0.219375,15,RB,9.006250000000001,True,True,True,True,True,,,,,,0.49518077082868495,17.20430107526882
0.219375,,00-0032972,0.4774774774774775,RB,9.006250000000001,RB,0.14150943396226415,144.10000000000002,1.4000000000000001,,-0.002926115581565472,0.34,0.08196721311475409,0.8427672955974843,,,NYG,2021,0.12090253876503532,29.0,True,5.713333333333334,,0.498125,16,RB,,False,False,True,True,True,,,,,,-0.24305539085307637,16.551724137931036
,,00-0032975,0.06540447504302926,RB,8.080000000000002,RB,0.13157894736842105,40.400000000000006,,,-0.0012732365673542145,1.0,0.010245901639344262,1.5526315789473684,,,IND,2019,0.014477586861868444,25.0,False,,,0.16333333333333333,5,RB,4.14,True,True,False,False,False,,,,,,,
,,00-0032975,0.050156739811912224,RB,4.14,RB,0.1875,20.7,8.080000000000002,,-0.0034619188921859545,0.78,0.011235955056179775,0.875,,,WAS,2021,0.014430589359739494,27.0,False,,,0.182,5,RB,2.9111111111111114,True,True,False,True,False,,,,,,,
0.182,,00-0032975,0.09262166405023547,RB,2.9111111111111114,RB,0.1694915254237288,26.200000000000003,,,-0.0002281021897810219,0.56,0.018832391713747645,0.6779661016949152,,,WAS,2022,0.02808891603777475,28.0,False,4.14,,0.10923076923076923,9,RB,,False,False,True,False,True,,,,,,,
,,00-0032977,,WR,9.092307692307692,WR,,118.2,,,0.1115702479338843,0.8,0.09515260323159784,,,,CLE,2018,0.22082807840111576,24.0,False,,,0.5446153846153846,13,WR,6.017857142857142,True,True,False,False,False,,,,3.00698939270794,6.470980392156863,,
0.5446153846153846,,00-0032977,0.17166666666666666,WR,2.2142857142857144,WR,0.10679611650485436,15.5,,,0.02606741573033708,0.9,0.02131782945736434,0.5339805825242718,,,CLE,2019,0.050223935197282465,25.0,False,9.092307692307692,,0.24699999999999997,7,WR,7.306547619047619,True,True,True,False,True,,,,,,,
0.24699999999999997,,00-0032977,0.5741626794258373,WR,9.821428571428571,WR,0.18333333333333332,137.5,9.092307692307692,,0.20180383314543404,1.0,0.12476370510396975,1.9861111111111112,,,CLE,2020,0.32840824085775844,26.0,False,2.2142857142857144,,0.6253333333333333,14,WR,4.791666666666667,True,True,True,True,True,,,,2.802317658729074,4.819615384615384,,
0.6253333333333333,,00-0032977,0.494195688225539,WR,4.791666666666667,WR,0.15771812080536912,57.5,2.2142857142857144,,0.13258863525983486,1.0,0.09494949494949495,0.9228187919463087,,,CLE,2021,0.23523628710612682,27.0,False,9.821428571428571,,0.51,12,WR,,False,False,True,True,True,,,,2.7902344878836436,6.292,,
,,00-0032980,,WR,5.5,WR,,22.0,,,0.02021687189854806,0.8,0.011428571428571429,,,,IND,2018,0.03129466747184079,24.0,False,,,0.246,4,WR,5.738194444444445,True,True,False,False,False,,,,,,,
0.246,,00-0032980,0.4079173838209983,WR,7.0875,WR,0.13924050632911392,56.7,,,0.14591291061879297,0.9,0.06762295081967214,1.1687763713080168,,,IND,2019,0.20357346366266327,25.0,False,5.5,,0.80375,8,WR,3.965873015873016,True,True,True,False,True,,,,,,,
0.80375,,00-0032980,0.28525641025641024,WR,4.388888888888889,WR,0.15730337078651685,39.5,5.5,,0.11458823529411764,1.0,0.04844290657439446,1.4325842696629214,,,IND,2020,0.15287612456747404,26.0,False,7.0875,,0.39454545454545453,9,WR,2.8514285714285714,True,True,True,True,True,,,,,,,
0.39454545454545453,,00-0032980,0.1478537360890302,WR,3.5428571428571423,WR,0.20430107526881722,24.799999999999997,7.0875,,0.04137430437938543,1.0,0.03505535055350553,1.7204301075268817,,,TEN,2021,0.08154503889582809,27.0,False,4.388888888888889,,0.43857142857142856,7,WR,2.16,True,True,True,True,True,,,,,,,
0.43857142857142856,,00-0032980,0.27310924369747897,WR,2.16,WR,0.11794871794871795,21.6,4.388888888888889,,0.07072135785007072,1.0,0.041970802919708027,0.5948717948717949,,,NYG,2022,0.11246115487461153,28.0,False,3.5428571428571423,,0.306875,10,WR,,False,False,True,True,True,,,,,,,
,,00-0032986,0.19846153846153847,TE,2.0125,TE,0.06201550387596899,16.1,,,0.003658815458495312,0.9,0.014134275618374558,0.7054263565891473,,,CHI,2019,0.023762584248508554,26.0,False,,,0.32733333333333337,8,TE,0.0,True,True,False,False,False,0.0,,,,,,
0.32733333333333337,,00-0032986,0.03829787234042553,TE,0.0,TE,0.037037037037037035,0.0,,,0.0011983223487118035,1.0,0.001607717041800643,0.0,,,CHI,2020,0.003250401206799227,27.0,False,2.0125,,0.08176470588235295,9,TE,0.0,True,True,True,False,True,0.0,,,,,,
0.08176470588235295,,00-0032986,0.030211480362537766,TE,0.0,TE,0.0,0.0,2.0125,,0.0,1.0,0.0,0.0,,,CHI,2021,0.0,28.0,False,0.0,,0.08153846153846155,5,TE,,False,False,True,True,True,0.0,,,,,,
,,00-0033006,,WR,0.0,WR,,0.0,,,0.0,0.8,0.0,,,,JAX,2018,0.0,24.0,False,,,0.008333333333333333,6,WR,0.9142857142857143,True,True,False,False,False,,,,,,,
,,00-0033006,0.0475,WR,0.9142857142857143,WR,0.2631578947368421,12.799999999999999,0.0,,0.010582777616700493,1.0,0.013513513513513514,1.5263157894736843,,,TB,2020,0.027678214601960616,26.0,False,,,0.08499999999999999,14,WR,0.2727272727272727,True,True,False,True,False,,,,,,,
0.08499999999999999,,00-0033006,0.01337295690936107,WR,0.2727272727272727,WR,0.3333333333333333,3.0,,,0.01259774109470026,1.0,0.005145797598627788,1.1111111111111112,,,JAX,2021,0.016537115164231862,27.0,False,0.9142857142857143,,0.031818181818181815,11,WR,,False,False,True,False,True,,,,,,,
,,00-0033009,,WR,15.792857142857144,WR,,221.10000000000002,,,0.23322535863026378,0.8,0.20454545454545456,,,,CIN,2018,0.47007593285936644,24.0,False,,,0.8671428571428572,14,WR,13.386958333333334,True,True,False,False,False,,,,2.915722646056682,5.641276595744681,,
0.8671428571428572,,00-0033009,0.9340175953079178,WR,13.93125,WR,0.23233908948194662,222.9,,,0.28462174452253,0.9,0.25127334465195245,1.642072213500785,,,CIN,2019,0.5761452381436997,25.0,False,15.792857142857144,,0.89375,16,WR,11.824833333333334,True,True,True,False,True,,,,2.642543885694602,5.473178294573643,,
0.89375,,00-0033009,0.7868098159509203,WR,12.842666666666668,WR,0.21442495126705652,192.64000000000001,15.792857142857144,,0.2039045553145336,1.0,0.19434628975265017,1.6393762183235867,,,CIN,2020,0.4342526233491487,26.0,False,13.93125,,0.738,15,WR,10.1935,True,True,True,True,True,,,,2.741550116144465,5.903253012048195,,
0.738,,00-0033009,0.8514357053682896,WR,10.807,WR,0.16715542521994134,216.14000000000001,13.93125,,0.15945635528330782,1.0,0.16863905325443787,1.3753665689149561,,,CIN,2021,0.3645780285799723,27.0,False,12.842666666666668,,0.7855000000000001,20,WR,9.048823529411765,True,True,True,True,True,,,,3.169977055618785,6.34407894736842,,
0.7855000000000001,,00-0033009,0.8058968058968059,WR,9.58,WR,0.13567073170731708,182.02,12.842666666666668,,0.17655571635311143,1.0,0.12805755395683452,1.2972560975609757,,,CIN,2022,0.3156753323824298,28.0,False,10.807,,0.7089473684210527,19,WR,6.868823529411765,True,True,True,True,True,,,,2.7046388866001694,5.09611111111111,,
0.7089473684210527,,00-0033009,0.8333333333333334,WR,8.51764705882353,WR,0.16896551724137931,144.8,10.807,,0.16836188436830835,0.88,0.16554054054054054,1.15,,,CIN,2023,0.3661641298686266,29.0,False,9.58,,0.7605882352941177,17,WR,5.22,True,True,True,True,True,,,,3.093340407220002,6.135444444444444,,
,,00-0033025,,RB,9.7875,RB,,156.6,,,0.03680479825517993,1.0,0.15487571701720843,,,,LV,2018,0.25807693430443857,25.0,False,,,,16,RB,4.552884615384616,True,True,False,False,False,,,,,,,
,,00-0033025,0.42857142857142855,RB,5.175000000000001,RB,0.17695473251028807,82.80000000000001,,,0.0277354465102103,1.0,0.088659793814433,1.3292181069958848,,,LV,2019,0.1524045032787967,26.0,False,9.7875,,,16,RB,3.1953846153846155,True,True,True,False,False,,,,,,,
,,00-0033025,0.24342105263157895,RB,3.930769230769231,RB,0.1554054054054054,51.1,9.7875,,0.011342592592592593,0.78,0.045454545454545456,0.9324324324324325,,,LV,2020,0.07612163299663299,27.0,False,5.175000000000001,,,13,RB,2.46,True,True,True,True,False,,,,,,,
,,00-0033025,0.15528781793842034,RB,2.46,RB,0.13793103448275862,24.6,5.175000000000001,,0.0005675368898978433,0.56,0.025,0.6551724137931034,,,LV,2021,0.0378972758229285,28.0,False,3.930769230769231,,,10,RB,,False,False,True,True,False,,,,,,,
,,00-0033040,,WR,20.22222222222222,WR,,364.0,,,0.39708904109589044,0.8,0.2448,,,,KC,2018,0.6451623287671233,24.0,False,,,0.8633333333333333,18,WR,18.817777777777778,True,True,False,False,False,,,,3.1487175958362723,5.855714285714284,,
0.8633333333333333,,00-0033040,0.6263157894736842,WR,15.979999999999999,WR,0.24369747899159663,239.7,,,0.2576005825596213,0.9,0.17575757575757575,2.254201680672269,,,KC,2019,0.44395677142809853,25.0,False,20.22222222222222,,0.754,15,WR,19.97277777777778,True,True,True,False,True,,,,3.2090238021939355,5.869250000000001,,
0.754,,00-0033040,0.8643457382953181,WR,21.655555555555555,WR,0.23055555555555557,389.8,20.22222222222222,,0.3548275264343907,1.0,0.22770919067215364,2.265277777777778,,,KC,2020,0.5899430545123039,26.0,False,15.979999999999999,,0.8622222222222222,18,WR,19.078333333333333,True,True,True,True,True,,,,3.4330638514174847,5.626465517241378,,
0.8622222222222222,,00-0033040,0.7915273132664437,WR,18.29,WR,0.2633802816901408,365.8,15.979999999999999,,0.35413533834586464,1.0,0.24966622162883845,2.1464788732394364,,,KC,2021,0.6223940692853629,27.0,False,21.655555555555555,,0.753,20,WR,21.50980392156863,True,True,True,True,True,,,,3.5866316882727016,6.119591836734694,,
0.753,,00-0033040,0.8393632416787264,WR,19.866666666666667,WR,0.31896551724137934,357.6,21.655555555555555,,0.39939992940345925,1.0,0.31841652323580033,3.067241379310345,,,MIA,2022,0.757204735436122,28.0,False,18.29,,0.7666666666666667,18,WR,17.994117647058825,True,True,True,True,True,,,,3.3101329104494246,6.379797297297297,,
0.7666666666666667,,00-0033040,0.7541729893778453,WR,23.15294117647059,WR,0.36016096579476864,393.6,18.29,,0.4258605472197705,0.88,0.3134851138353765,3.744466800804829,,,MIA,2023,0.7683300538069042,29.0,False,19.866666666666667,,0.6723529411764706,17,WR,13.10514705882353,True,True,True,True,True,,,,3.2584266384584817,5.756883116883117,,
0.7988235294117647,,00-0033040,0.19065420560747665,WR,13.375,WR,0.28431372549019607,53.5,23.15294117647059,,0.12243019331083155,0.64,0.06430155210643015,2.5980392156862746,,,MIA,2025,0.18215346347722733,31.0,False,12.835294117647058,,0.6849999999999999,4,WR,,False,,True,True,True,,,,,,,
,,00-0033045,,RB,21.8,RB,,370.6,,,0.01076007326007326,1.0,0.1810344827586207,,,,DAL,2018,0.2790837754199823,23.0,True,,,0.9011764705882354,17,RB,17.19729166666667,True,True,False,False,False,,,,,,0.4456777742028725,25.0
0.9011764705882354,,00-0033045,0.8753894080996885,RB,19.481250000000003,RB,0.12633451957295375,311.70000000000005,,,0.00859331216140482,1.0,0.1232638888888889,0.7473309608540926,,,DAL,2019,0.1909111518463167,24.0,True,21.8,,0.836875,16,RB,14.572222222222223,True,True,True,False,True,,,,,,0.400206251908753,19.269102990033225
0.836875,,00-0033045,0.6722925457102672,RB,14.913333333333334,RB,0.14853556485355648,223.70000000000002,21.8,,-0.003737085073642559,1.0,0.11525974025974026,0.7071129707112971,,,DAL,2020,0.1702736508380606,25.0,True,19.481250000000003,,0.7213333333333334,15,RB,12.871437908496734,True,True,True,True,True,,,,,,0.03169165926227931,22.950819672131146
0.7213333333333334,,00-0033045,0.6820580474934037,RB,14.231111111111112,RB,0.13346228239845262,256.16,19.481250000000003,,0.0025974025974025974,1.0,0.1019202363367799,0.5551257253384912,,,DAL,2021,0.15469853632335168,26.0,True,14.913333333333334,,0.6561111111111111,18,RB,10.88823529411765,True,True,True,True,True,,,,,,-0.19145989022127616,15.611814345991561
0.6561111111111111,,00-0033045,0.47345132743362833,RB,11.511764705882355,RB,0.09034267912772585,195.70000000000002,14.913333333333334,,0.000798881565807869,0.78,0.04723127035830619,0.3364485981308411,,,DAL,2022,0.07140612263352479,27.0,True,14.231111111111112,,0.5547058823529412,17,RB,7.049019607843138,True,True,True,True,True,,,,,,-0.3371083232355924,21.21212121212121
0.5547058823529412,,00-0033045,0.5,RB,10.264705882352942,RB,0.2070063694267516,174.5,14.231111111111112,,-0.010502625656414103,0.56,0.12014787430683918,0.9968152866242038,,,NE,2023,0.1728699735007689,28.0,True,11.511764705882355,,0.5305882352941176,17,RB,3.8333333333333335,True,True,True,True,True,,,,,,-0.38770911985637196,17.934782608695652
,,00-0033054,,TE,0.9375000000000001,TE,,7.500000000000001,,,0.016483516483516484,0.7,0.013793103448275862,,,,DAL,2018,0.03222811671087533,24.0,False,,,0.14470588235294118,8,TE,,False,False,False,False,False,0.0,,,,,,
,,00-0033060,,WR,3.7600000000000002,WR,,18.8,,,0.029745042492917848,0.8,0.009195402298850575,,,,MIA,2018,0.03461463319331835,24.0,False,,,0.07888888888888888,5,WR,,False,False,False,False,False,,,,,,,
,0.7077579919634194,00-0033077,,QB_pocket,18.265555555555558,QB,,328.78000000000003,,0.02276134589331727,0.0025183150183150185,0.714,0.0017241379310344827,,0.029482959882038588,649.0,DAL,2018,0.004349027409372237,25.0,False,,649.0,0.9955555555555556,18,QB,24.119625000000003,True,True,False,False,False,,2.276723526644844,2.8239980988593154,,,,
0.9955555555555556,0.9661917212522693,00-0033077,1.0,QB_pocket,21.111250000000002,QB,0.0,337.78000000000003,,0.13262643892569023,0.0,0.771,0.0,0.0,0.18532551965990493,620.0,DAL,2019,0.0,26.0,False,18.265555555555558,620.0,0.995,16,QB,23.605764705882358,True,True,True,False,True,,2.8586201979184835,2.876715966386555,,,,
0.995,0.303550187600862,00-0033077,0.34177215189873417,QB_pocket,27.128000000000004,QB,0.00411522633744856,135.64000000000001,18.265555555555558,0.07898383662732324,0.0021982853374367993,0.828,0.0016233766233766235,0.04526748971193416,0.11153312294931522,233.0,DAL,2020,0.003973864671270694,27.0,False,21.111250000000002,233.0,0.93,5,QB,18.8146218487395,True,True,True,True,True,,3.936514587284222,2.770990950226245,,,,
0.93,1.544567619404344,00-0033077,0.9287598944591029,QB_pocket,20.083529411764708,QB,0.0,341.42,21.111250000000002,0.10390753720215304,0.0,0.885,0.0,0.0,0.14181976334848573,678.0,DAL,2021,0.0,28.0,False,27.128000000000004,678.0,0.9658823529411765,17,QB,19.146746031746034,True,True,True,True,True,,2.2775533221562085,2.745936241610739,,,,
0.9658823529411765,0.5405766860922264,00-0033077,0.7477876106194691,QB_pocket,17.545714285714286,QB,0.0,245.64000000000001,27.128000000000004,0.07999736307435365,0.0,0.942,0.0,0.0,0.1119651900229671,486.0,DAL,2022,0.0,29.0,False,20.083529411764708,486.0,0.9664285714285715,14,QB,17.65638888888889,True,True,True,True,True,,1.611583914399759,2.7212588832487308,,,,
0.9664285714285715,3.8448000947634378,00-0033077,0.9655172413793104,QB_pocket,20.74777777777778,QB,0.0,373.46000000000004,20.083529411764708,0.1199536201086538,0.0,0.999,0.0,0.0,0.15488459974909072,695.0,DAL,2023,0.0,30.0,False,17.545714285714286,695.0,0.9422222222222223,18,QB,16.511323529411765,True,True,True,True,True,,4.6566804460549776,2.7137779661016945,,,,
0.91125,2.201662289157306,00-0033077,0.9606986899563319,QB_pocket,18.45764705882353,QB,0.0,313.78,20.74777777777778,0.12321181973336102,0.0,1.0,0.0,0.0,0.16658118980841302,631.0,DAL,2025,0.0,32.0,False,14.565,631.0,0.9505882352941176,17,QB,,False,,True,True,True,,4.445366666666658,2.8187386934673366,,,,
,,00-0033080,,TE,2.628571428571429,TE,,18.400000000000002,,,0.016341096919609315,0.8,0.012567324955116697,,,,CLE,2018,0.030289755276401563,25.0,False,,,0.1123076923076923,7,TE,3.7142857142857144,True,True,False,False,False,0.0,,,,,,
0.1123076923076923,,00-0033080,0.2402315484804631,TE,3.7142857142857144,TE,0.10843373493975904,26.0,,,0.02559887271019258,0.9,0.03202846975088968,0.8433734939759037,,,JAX,2019,0.06596191552346932,26.0,False,2.628571428571429,,0.39916666666666667,7,TE,,False,False,True,False,True,0.0,,,,,,
,,00-0033090,0.6316614420062696,TE,12.516666666666666,TE,0.18858560794044665,150.2,,,0.15477846214981125,0.8,0.1330998248686515,1.617866004962779,,,LAC,2019,0.3079946608078451,25.0,False,,,0.7875,12,TE,10.139285714285716,True,True,False,False,False,0.0,,,2.585142808065765,5.4903508771929825,,
0.7875,,00-0033090,0.8060781476121563,TE,10.37857142857143,TE,0.16696588868940754,145.3,,,0.16004319654427646,0.9,0.15397350993377484,1.1005385996409336,,,LAC,2020,0.34299050248165575,26.0,False,12.516666666666666,,0.8707142857142857,14,TE,8.196875,True,True,True,False,True,0.0,,,2.469098920961302,5.197761194029852,,
0.8707142857142857,,00-0033090,0.7929373996789727,TE,9.9,TE,0.15991902834008098,168.3,12.516666666666666,,0.17438752783964365,1.0,0.1413237924865832,1.2813765182186234,,,NE,2021,0.3340569582176253,27.0,False,10.37857142857143,,0.68,17,TE,7.858413461538462,True,True,True,True,True,0.0,,,2.6939351546123214,5.719310344827584,,
0.68,,00-0033090,0.7623762376237624,TE,6.49375,TE,0.1277056277056277,103.9,10.37857142857143,,0.11054297540784028,1.0,0.11478599221789883,1.1017316017316017,,,NE,2022,0.24955907111233644,28.0,False,9.9,,0.7558823529411764,16,TE,9.155288461538461,True,True,True,True,True,0.0,,,3.87200405221921,5.682340425531916,,
0.7558823529411764,,00-0033090,0.6305732484076433,TE,9.223076923076924,TE,0.15404040404040403,119.9,9.9,,0.1345336334083521,1.0,0.11275415896487985,1.0580808080808082,,,NE,2023,0.26330478183316625,29.0,False,6.49375,,0.7478571428571429,13,TE,9.424702380952382,True,True,True,True,True,0.0,,,2.3545327314122955,6.016346153846153,,
0.80625,,00-0033090,0.8285714285714286,TE,9.761904761904763,TE,0.15987460815047022,205.0,9.223076923076924,,0.15103793843951324,0.9,0.17114093959731544,1.3793103448275863,,,NE,2025,0.3624379663036324,31.0,False,9.0875,,0.7861904761904762,21,TE,,False,,True,True,True,0.0,,,3.01504326959347,6.016249999999999,,
,,00-0033094,,WR,2.2071428571428573,WR,,30.900000000000002,,,0.039961575408261285,0.9,0.03145695364238411,,,,ATL,2018,0.07515853324935906,25.0,False,,,0.17625000000000002,14,WR,5.583766233766234,True,True,False,False,False,,,,,,,
0.17625000000000002,,00-0033094,0.1057542768273717,WR,5.685714285714286,WR,0.16176470588235295,39.800000000000004,,,0.05823754789272031,1.0,0.02,3.838235294117647,,,DET,2019,0.07076628352490422,26.0,False,2.2071428571428573,,0.20555555555555557,7,WR,5.481818181818182,True,True,True,False,True,,,,,,,
0.20555555555555557,,00-0033094,0.3755795981452859,WR,5.481818181818182,WR,0.13168724279835392,60.300000000000004,2.2071428571428573,,0.11215526046986721,1.0,0.057245080500894455,1.242798353909465,,,DET,2020,0.16437630308024873,27.0,False,5.685714285714286,,0.44333333333333336,11,WR,,False,False,True,True,True,,,,,,,
,,00-0033095,0.14751286449399656,TE,1.58,TE,0.046511627906976744,7.9,,,0.0032777929527451517,1.0,0.008492569002123142,0.45348837209302323,,,NO,2021,0.01503330857010632,27.0,False,,,0.2753846153846154,5,TE,,False,False,False,False,False,0.0,,,,,,
,2.671928886995941,00-0033104,,QB_pocket,7.732000000000001,QB,,38.660000000000004,,-0.17413263104673382,0.0,0.714,0.0,,-0.2602120252967452,153.0,JAX,2018,0.0,25.0,False,,153.0,0.844,5,QB,,False,False,False,False,False,,1.9670853035823015,2.9151679389312983,,,,
,0.029608621283875945,00-0033106,,QB_pocket,17.94736842105263,QB,,341.0,,0.1052863722099967,0.0,0.657,0.0,,0.15028220906592155,704.0,LA,2018,0.0,24.0,False,,704.0,0.9721052631578947,19,QB,15.503823529411765,True,True,False,False,False,,0.2144331972441762,2.9496153846153845,,,,
0.9721052631578947,-1.788646778125543,00-0033106,0.9924924924924925,QB_pocket,15.47,QB,0.0,247.52,,0.06001827387258284,0.0,0.714,0.0,0.0,0.0934060202956564,649.0,LA,2019,0.0,25.0,False,17.94736842105263,649.0,0.990625,16,QB,14.715252100840335,True,True,True,False,True,,-3.1983844900188316,2.8004656000000003,,,,
0.990625,0.909711030329887,00-0033106,0.9301994301994302,QB_pocket,15.537647058823529,QB,0.0,264.14,17.94736842105263,0.019686519341046257,0.0,0.771,0.0,0.0,0.02422483750008085,627.0,LA,2020,0.0,26.0,False,15.47,627.0,0.9876470588235293,17,QB,15.30878151260504,True,True,True,True,True,,0.49964718021236365,2.759096363636364,,,,
0.9876470588235293,0.5529641658386786,00-0033106,0.8441358024691358,QB_pocket,13.892857142857142,QB,0.0,194.5,15.47,-0.04241487753091203,0.0,0.828,0.0,0.0,-0.0629625286120401,529.0,DET,2021,0.0,27.0,False,15.537647058823529,529.0,0.9928571428571429,14,QB,16.83435294117647,True,True,True,True,True,,0.9571886233050435,2.7730940695296526,,,,
0.9928571428571429,-1.484926882799834,00-0033106,0.9968152866242038,QB_pocket,16.72470588235294,QB,0.001597444089456869,284.32,15.537647058823529,0.10646812461039647,-0.000999750062484379,0.885,0.0017921146953405018,0.007987220447284345,0.1584612932268514,610.0,DET,2022,0.0019883469992716877,28.0,False,13.892857142857142,610.0,0.9923529411764707,17,QB,17.74088888888889,True,True,True,True,True,,-2.0593254431904597,2.7519488054607515,,,,
0.9923529411764707,1.349194304095841,00-0033106,0.9986979166666666,QB_pocket,16.944,QB,0.0,338.88,13.892857142857142,0.09416903478305294,0.0,0.942,0.0,0.0,0.12874493124395062,754.0,DET,2023,0.0,29.0,False,16.72470588235294,754.0,0.9974999999999999,20,QB,18.005947712418298,True,True,True,True,True,,1.0573786281603361,2.7206905158069885,,,,
0.9705555555555555,1.776595577433869,00-0033106,0.9968051118210862,QB_pocket,17.474117647058822,QB,0.0,297.06,16.944,0.12746420061156902,0.0,1.0,0.0,0.0,0.17447773411323916,614.0,DET,2025,0.0,31.0,False,18.537777777777777,614.0,0.9852941176470589,17,QB,,False,,True,True,True,,1.5814532871972347,2.698744791666666,,,,
,,00-0033110,,TE,5.16875,TE,,82.7,,,0.048025613660619,0.8,0.06511627906976744,,,,LA,2018,0.13129234816708446,25.0,False,,,0.6973684210526315,16,TE,9.613865546218488,True,True,False,False,False,0.0,,,,,,
0.6973684210526315,,00-0033110,0.56006006006006,TE,11.457142857142857,TE,0.2386058981233244,160.4,,,0.123279098873592,0.9,0.14590163934426228,1.967828418230563,,,LA,2019,0.3051478282279078,26.0,False,5.16875,,0.6653333333333333,14,TE,8.538071895424837,True,True,True,False,True,0.0,,,3.681872099215854,5.981384615384615,,
0.6653333333333333,,00-0033110,0.6438746438746439,TE,7.770588235294118,TE,0.14380530973451328,132.1,5.16875,,0.12091272641731357,1.0,0.10620915032679738,1.1725663716814159,,,LA,2020,0.24395263398231556,27.0,False,11.457142857142857,,0.776470588235294,17,TE,9.402777777777779,True,True,True,True,True,0.0,,,3.065636977125739,5.625490196078431,,
0.776470588235294,,00-0033110,0.7677018633540372,TE,9.305555555555555,TE,0.16019417475728157,167.5,11.457142857142857,,0.08854166666666667,1.0,0.13414634146341464,1.0922330097087378,,,LA,2021,0.2631986788617886,28.0,False,7.770588235294118,,0.8844444444444445,18,TE,8.140625,True,True,True,True,True,0.0,,,3.1039976555197994,5.962467532467532,,
0.8844444444444445,,00-0033110,0.8515497553017944,TE,9.5,TE,0.20689655172413793,152.0,7.770588235294118,,0.08927108927108927,1.0,0.20930232558139536,1.1877394636015326,,,LA,2022,0.3764432508618555,29.0,False,9.305555555555555,,0.8647058823529411,16,TE,8.970625,True,True,True,True,True,0.0,,,3.514613862958541,5.708915662650603,,
0.8647058823529411,,00-0033110,0.7635829662261381,TE,6.78125,TE,0.13653846153846153,108.5,9.305555555555555,,0.08911739502999143,1.0,0.12054329371816638,0.9519230769230769,,,LA,2023,0.24319711709824354,30.0,False,9.5,,0.8525,16,TE,8.791538461538462,True,True,True,True,True,0.0,,,3.6782785886710037,6.260967741935484,,
0.40599999999999997,,00-0033110,0.31920529801324504,TE,6.423076923076923,TE,0.17427385892116182,83.5,6.78125,,0.043264942016057094,0.8,0.06025824964131994,1.5145228215767634,,,LA,2025,0.12067283387321988,32.0,False,11.16,,0.48923076923076925,13,TE,,False,,True,True,True,0.0,,,,,,
,,00-0033111,,WR,0.0,WR,,0.0,,,0.0010672358591248667,0.7,0.0015503875968992248,,,,LA,2018,0.0030726464967362438,23.0,False,,,0.011428571428571429,7,WR,2.7225,True,True,False,False,False,,,,,,,
0.011428571428571429,,00-0033111,0.2370486656200942,WR,4.625,WR,0.2185430463576159,55.5,,,0.08457085325950163,0.8,0.062381852551984876,1.609271523178808,,,ARI,2019,0.15277237610962846,24.0,False,0.0,,0.2753846153846154,12,WR,0.885,True,True,True,False,True,,,,,,,
0.2753846153846154,,00-0033111,0.10543130990415335,WR,0.82,WR,0.12121212121212122,12.299999999999999,0.0,,0.01952063256733383,0.9,0.015180265654648957,1.106060606060606,,,CAR,2020,0.036434841279107115,25.0,False,4.625,,0.135,15,WR,0.885,True,True,True,True,True,,,,,,,
0.135,,00-0033111,0.13513513513513514,WR,0.95,WR,0.12222222222222222,7.6,4.625,,0.019263594245306024,1.0,0.020036429872495445,0.36666666666666664,,,NYG,2021,0.04353916078045739,26.0,False,0.82,,0.28875,8,WR,0.82,True,True,True,True,True,,,,,,,
0.28875,,00-0033111,0.017173051519154558,WR,0.82,WR,0.15384615384615385,4.1,0.82,,-0.001337196344996657,1.0,0.0031545741324921135,0.46153846153846156,,,ARI,2022,0.0037958237572405106,27.0,False,0.95,,0.086,5,WR,,False,False,True,True,True,,,,,,,
,,00-0033114,0.028528528528528527,WR,0.4857142857142857,WR,0.2631578947368421,3.4,,,0.01084689194826867,0.9,0.00819672131147541,0.7368421052631579,,,LA,2019,0.01988790633100118,25.0,False,,,0.035625,7,WR,1.9791666666666665,True,True,False,False,False,,,,,,,
0.035625,,00-0033114,0.20705521472392638,WR,2.525,WR,0.15555555555555556,30.299999999999997,,,0.03926247288503254,1.0,0.037102473498233215,0.9777777777777777,,,CIN,2020,0.0831374412668726,26.0,False,0.4857142857142857,,0.23428571428571426,12,WR,1.4966666666666666,True,True,True,False,True,,,,,,,
0.23428571428571426,,00-0033114,0.09737827715355805,WR,1.4333333333333333,WR,0.15384615384615385,12.9,0.4857142857142857,,0.02258805513016845,1.0,0.01775147928994083,0.8846153846153846,,,CIN,2021,0.04243885752602916,27.0,False,2.525,,0.16062500000000002,9,WR,1.56,True,True,True,True,True,,,,,,,
0.16062500000000002,,00-0033114,0.14373464373464373,WR,1.56,WR,0.08547008547008547,7.800000000000001,2.525,,0.025222245193301632,1.0,0.014388489208633094,0.3247863247863248,,,CIN,2022,0.039238305448260784,28.0,False,1.4333333333333333,,0.27199999999999996,5,WR,,False,False,True,True,True,,,,,,,
,,00-0033118,,RB,12.887500000000001,RB,,206.20000000000002,,,0.045609065155807364,1.0,0.167816091954023,,,,MIA,2018,0.28365048354009964,24.0,True,,,0.5925,16,RB,14.056666666666667,True,True,False,False,False,,,,,,0.1118040001922373,10.0
0.5925,,00-0033118,0.576138147566719,RB,15.3,RB,0.18528610354223432,214.20000000000002,,,-0.010319657689403473,1.0,0.1285444234404537,0.9400544959128065,,,ARI,2019,0.1855928747780981,25.0,True,12.887500000000001,,0.6885714285714286,14,RB,10.677499999999998,True,True,True,False,True,,,,,,0.22942097146974863,8.823529411764707
0.6885714285714286,,00-0033118,0.46189024390243905,RB,12.813333333333333,RB,0.10231023102310231,192.2,12.887500000000001,,-0.006920415224913495,1.0,0.0570902394106814,0.4521452145214521,,,ARI,2020,0.08079106845858265,26.0,True,15.3,,0.5786666666666667,15,RB,8.608333333333334,True,True,True,True,True,,,,,,-0.27122291638331225,15.062761506276152
0.5786666666666667,,00-0033118,0.2583668005354752,RB,8.541666666666666,RB,0.20725388601036268,102.5,15.3,,0.01343170639424896,0.78,0.0625,1.5077720207253886,,,LV,2021,0.10315219447597428,27.0,True,12.813333333333333,,0.3441666666666667,12,RB,8.675,True,True,True,True,True,,,,,,,
0.3441666666666667,,00-0033118,0.3277870216306156,RB,8.675,RB,0.1319796954314721,104.10000000000001,12.813333333333333,,-0.003972194637537239,0.56,0.05273833671399594,0.4517766497461929,,,BAL,2022,0.07632696882471784,28.0,True,8.541666666666666,,0.45416666666666666,12,RB,,False,False,True,True,True,,,,,,0.1083678538040355,34.862385321100916
,-5.581864714622498,00-0033119,,QB_pocket,-0.15500000000000003,QB,,-0.6200000000000001,,-0.13540222511801403,0.0,0.771,0.0,,-0.16950947282020934,4.0,IND,2018,0.0,26.0,False,,4.0,0.06999999999999999,4,QB,8.1135,True,True,False,False,False,,,,,,,
0.06999999999999999,-3.2635690784960425,00-0033119,0.8743545611015491,QB_pocket,14.512,QB,0.001968503937007874,217.68,,-0.009084841098453892,0.0,0.828,0.0020491803278688526,0.003937007874015748,0.0010083801957631918,472.0,IND,2019,0.0030737704918032786,27.0,False,-0.15500000000000003,472.0,0.9413333333333332,15,QB,4.4735000000000005,True,True,True,False,True,,-3.5899973664041056,2.9272837837837833,,,,
0.9413333333333332,-38.15538074289049,00-0033119,0.017628205128205128,QB_pocket,1.715,QB,0.0,20.580000000000002,-0.15500000000000003,-0.7051724109487674,0.0,0.885,0.0,0.0,-0.8438660981715657,10.0,IND,2020,0.0,28.0,False,14.512,10.0,0.0575,12,QB,9.638142857142858,True,True,True,True,True,,,,,,,
0.0575,-2.214608489093693,00-0033119,0.3753623188405797,QB_pocket,7.232000000000001,QB,0.0,72.32000000000001,14.512,-0.08237885430170629,0.0,0.942,0.0,0.0,-0.10819289833489316,244.0,MIA,2021,0.0,29.0,False,1.715,244.0,0.5072727272727273,10,QB,12.044285714285715,True,True,True,True,True,,-1.1286234325832751,2.8299419642857138,,,,
0.5072727272727273,2.8882097527172492,00-0033119,0.6747181964573269,QB_pocket,12.044285714285715,QB,0.0,168.62,1.715,0.033420389415776346,0.0,0.999,0.0,0.0,0.03536537165374943,391.0,CLE,2022,0.0,30.0,False,7.232000000000001,391.0,0.693125,14,QB,6.4628571428571435,True,True,True,True,True,,3.3054387618391416,2.8896174863387976,,,,
0.69875,1.6353199922803716,00-0033119,0.7383177570093458,QB_pocket,16.245714285714286,QB,0.0,227.44,,-0.003472573017327794,0.0,1.0,0.0,0.0,-0.01196933284881273,530.0,ARI,2025,0.0,33.0,False,6.4628571428571435,530.0,0.8571428571428571,14,QB,,False,,True,False,True,,3.366804123711333,2.9409586776859507,,,,
,,00-0033127,,WR,15.185714285714287,WR,,106.30000000000001,,,0.1494694061864981,0.8,0.08754863813229571,,,,HOU,2018,0.23595154152899223,24.0,False,,,0.7814285714285714,7,WR,14.748863636363637,True,True,False,False,False,,,,3.3349896377846044,5.448837209302326,,
0.7814285714285714,,00-0033127,0.5218579234972678,WR,12.325000000000001,WR,0.20680628272251309,147.9,,,0.21650694308625074,0.9,0.13412563667232597,1.986910994764398,,,HOU,2019,0.3527433151688645,25.0,False,15.185714285714287,,0.7983333333333333,12,WR,17.172727272727272,True,True,True,False,True,,,,2.9712240800902014,5.538142857142857,,
0.7983333333333333,,00-0033127,0.5845921450151057,WR,17.172727272727272,WR,0.1937984496124031,188.9,15.185714285714287,,0.1999149298170991,1.0,0.14285714285714285,2.2713178294573644,,,HOU,2020,0.3542261651576836,26.0,False,12.325000000000001,,0.8663636363636363,11,WR,,False,False,True,True,True,,,,2.976643360066983,5.07527027027027,,
,,00-0033164,0.023510971786833857,RB,1.0363636363636364,RB,0.2,11.4,,,0.0,1.0,0.005253940455341506,0.9333333333333333,,,LAC,2019,0.00788091068301226,26.0,False,,,,11,RB,4.95,True,True,False,False,False,,,,,,,
,,00-0033164,0.059334298118668596,RB,4.95,RB,0.24390243902439024,19.8,,,-0.0034557235421166306,0.78,0.016556291390728478,1.024390243902439,,,LAC,2020,0.022415430606611074,27.0,False,1.0363636363636364,,,4,RB,,False,False,True,False,False,,,,,,,
,,00-0033217,,TE,3.5888888888888895,TE,,32.300000000000004,,,0.02885498989156405,0.8,0.02,,,,IND,2018,0.05019849292409483,25.0,False,,,0.3854545454545455,9,TE,3.785,True,True,False,False,False,0.0,,,,,,
0.3854545454545455,,00-0033217,0.2082616179001721,TE,1.73,TE,0.09090909090909091,17.3,,,0.012223071046600458,0.9,0.022540983606557378,0.768595041322314,,,IND,2019,0.042367625142456386,26.0,False,3.5888888888888895,,0.33,10,TE,5.261176470588236,True,True,True,False,True,0.0,,,,,,
0.33,,00-0033217,0.358974358974359,TE,5.840000000000001,TE,0.19196428571428573,87.60000000000001,3.5888888888888895,,0.06776470588235294,1.0,0.07439446366782007,1.9017857142857142,,,IND,2020,0.15902698961937717,27.0,False,1.73,,0.475625,15,TE,4.266176470588235,True,True,True,True,True,0.0,,,,,,
0.475625,,00-0033217,0.48713550600343053,TE,4.68235294117647,TE,0.15845070422535212,79.6,1.73,,0.11218274111675126,1.0,0.08982035928143713,1.1126760563380282,,,IND,2021,0.21325845770388158,28.0,False,5.840000000000001,,0.5488235294117647,17,TE,3.678571428571429,True,True,True,True,True,0.0,,,3.4028613594435413,5.267560975609756,,
0.5488235294117647,,00-0033217,0.45362318840579713,TE,3.85,TE,0.08945686900958466,53.9,5.840000000000001,,0.040711782151523324,1.0,0.04835924006908463,0.6038338658146964,,,IND,2022,0.10103710760969328,29.0,False,4.68235294117647,,0.5105882352941177,14,TE,3.116071428571429,True,True,True,True,True,0.0,,,,,,
0.5105882352941177,,00-0033217,0.2962962962962963,TE,3.507142857142857,TE,0.11458333333333333,49.1,4.68235294117647,,0.054093567251461985,1.0,0.040293040293040296,0.8385416666666666,,,IND,2023,0.09830505751558383,30.0,False,3.85,,0.3870588235294118,14,TE,2.7579545454545453,True,True,True,True,True,0.0,,,,,,
0.43823529411764706,,00-0033217,0.30807248764415157,TE,2.790909090909091,TE,0.10695187165775401,30.7,3.507142857142857,,0.02176456821904985,0.8,0.03780718336483932,0.6256684491978609,,,IND,2025,0.07194597280059387,32.0,False,2.725,,0.3905882352941176,11,TE,,False,,True,True,True,0.0,,,,,,
,,00-0033246,0.12162162162162163,TE,1.0999999999999999,TE,0.08641975308641975,6.6,,,0.0050062578222778474,0.8,0.011475409836065573,0.32098765432098764,,,LA,2019,0.020717495229692854,25.0,False,,,0.23538461538461536,6,TE,1.55,True,True,False,False,False,0.0,,,,,,
0.23538461538461536,,00-0033246,0.05698005698005698,TE,1.55,TE,0.1,9.3,,,0.0018819101387908728,0.9,0.006535947712418301,1.325,,,LA,2020,0.011121258665781062,26.0,False,1.0999999999999999,,0.09777777777777778,6,TE,2.942857142857143,True,True,True,False,True,0.0,,,,,,
,,00-0033246,0.2676962676962677,TE,2.942857142857143,TE,0.10576923076923077,41.2,1.55,,0.005784959106323559,1.0,0.03293413173652695,0.7307692307692307,,,MIN,2022,0.05345066897921691,28.0,False,,,0.38833333333333336,14,TE,3.6766666666666667,True,True,False,True,False,0.0,,,,,,
0.38833333333333336,,00-0033246,0.17415730337078653,TE,4.0200000000000005,TE,0.18548387096774194,40.2,,,0.02373022481265612,1.0,0.038525963149078725,1.3870967741935485,,,MIN,2023,0.07440010209247738,29.0,False,2.942857142857143,,0.2064705882352941,10,TE,2.504166666666667,True,True,True,False,True,0.0,,,,,,
0.3927777777777778,,00-0033246,0.2434017595307918,TE,1.675,TE,0.1144578313253012,20.1,4.0200000000000005,,0.02075980900975711,0.9,0.03571428571428571,0.6686746987951807,,,JAX,2025,0.06810329487825854,31.0,False,3.3333333333333335,,0.35058823529411764,12,TE,,False,,True,True,True,0.0,,,,,,
,,00-0033251,,WR,4.84375,WR,,77.5,,,0.09465171843411138,0.8,0.07428571428571429,,,,IND,2018,0.1776847743324494,24.0,False,,,0.4677777777777778,16,WR,8.628125,True,True,False,False,False,,,,2.4398537770173276,5.71047619047619,,
0.4677777777777778,,00-0033251,0.7280550774526678,WR,8.45625,WR,0.1702127659574468,135.3,,,0.20626432391138275,0.9,0.14754098360655737,1.4349881796690307,,,IND,2019,0.36569650214780397,25.0,False,4.84375,,0.74625,16,WR,7.3531249999999995,True,True,True,False,True,,,,2.8249325736716018,5.731805555555556,,
0.74625,,00-0033251,0.8301282051282052,WR,8.799999999999999,WR,0.14671814671814673,149.6,4.84375,,0.19058823529411764,1.0,0.1314878892733564,1.2857142857142858,,,IND,2020,0.3306435986159169,26.0,False,8.45625,,0.78,17,WR,4.078125,True,True,True,True,True,,,,2.9433158098848864,5.831290322580644,,
0.78,,00-0033251,0.8524871355060034,WR,5.90625,WR,0.13883299798792756,94.5,8.45625,,0.15431472081218275,1.0,0.1377245508982036,0.772635814889336,,,IND,2021,0.3146071309158333,27.0,False,8.799999999999999,,0.831875,16,WR,1.42,True,True,True,True,True,,,,3.200508008891377,6.0660655737704925,,
0.831875,,00-0033251,0.260748959778086,WR,2.25,WR,0.12234042553191489,40.5,8.799999999999999,,0.027075452916583715,1.0,0.039182282793867124,0.8776595744680851,,,PHI,2022,0.07772624123240929,28.0,False,5.90625,,0.296,18,WR,0.5900000000000001,True,True,True,True,True,,,,,,,
0.296,,00-0033251,0.14442700156985872,WR,0.5900000000000001,WR,0.16304347826086957,5.9,5.90625,,0.04057823991884352,0.88,0.027777777777777776,0.20652173913043478,,,ARI,2023,0.07007143460985713,29.0,False,2.25,,0.2207142857142857,10,WR,,False,False,True,True,True,,,,,,,
,,00-0033258,,TE,0.0,TE,,0.0,,,0.014698298091799896,0.7,0.004728132387706856,,,,SEA,2018,0.01738100724582021,24.0,False,,,0.12272727272727274,6,TE,1.3888888888888888,True,True,False,False,False,0.0,,,,,,
0.12272727272727274,,00-0033258,0.0141287284144427,TE,0.19999999999999998,TE,0.3333333333333333,1.4,,,0.0055373772967530835,0.8,0.005671077504725898,0.4444444444444444,,,ARI,2019,0.012382780364816007,25.0,False,0.0,,0.06363636363636363,7,TE,1.4343434343434343,True,True,True,False,True,0.0,,,,,,
0.06363636363636363,,00-0033258,0.21951219512195122,TE,2.5777777777777775,TE,0.0763888888888889,23.2,0.0,,0.015455594002306805,0.9,0.020257826887661142,0.6388888888888888,,,ARI,2020,0.04120565613310648,26.0,False,0.19999999999999998,,0.43166666666666664,9,TE,0.29090909090909095,True,True,True,True,True,0.0,,,,,,
0.43166666666666664,,00-0033258,0.14914772727272727,TE,0.29090909090909095,TE,0.06666666666666667,3.2,0.19999999999999998,,0.0030762469786860033,1.0,0.011589403973509934,0.01904761904761905,,,ARI,2021,0.0195374788453451,27.0,False,2.5777777777777775,,0.243125,11,TE,,False,False,True,True,True,0.0,,,,,,
,,00-0033266,,WR,0.0,WR,,0.0,,,0.0,0.8,0.0,,,,LA,2018,0.0,24.0,False,,,,16,WR,0.0,True,True,False,False,False,,,,,,,
,,00-0033266,,WR,0.0,WR,,0.0,,,0.0,0.9,0.0,,,,LA,2019,0.0,25.0,False,0.0,,,12,WR,,False,False,True,False,False,,,,,,,
,-5.094392757330622,00-0033275,0.09744408945686901,QB_pocket,2.1300000000000003,QB,0.01639344262295082,8.520000000000001,,-0.2771589942318175,0.0014825796886582653,0.714,0.0018975332068311196,0.0,-0.3741083085140366,60.0,CAR,2020,0.003884105592307465,25.0,False,,60.0,0.405,4,QB,4.639666666666667,True,True,False,False,False,,,,,,,
0.405,-9.204928691570576,00-0033275,0.1111111111111111,QB_pocket,2.756,QB,0.0,13.78,,-0.1673459725722043,0.0,0.771,0.0,0.0,-0.19961598071070372,73.0,CAR,2021,0.0,26.0,False,2.1300000000000003,73.0,0.30666666666666664,5,QB,5.257666666666667,True,True,True,False,True,,,,,,,
0.30666666666666664,-7.613056969074976,00-0033275,0.22417153996101363,QB_pocket,6.523333333333333,QB,0.0,39.14,2.1300000000000003,-0.1463111923689023,0.0,0.828,0.0,0.0,-0.17638860208811055,113.0,CAR,2022,0.0,27.0,False,2.756,113.0,0.7233333333333333,6,QB,3.992,True,True,True,True,True,,,,,,,
0.7233333333333333,-12.970192517553057,00-0033275,0.1675531914893617,QB_pocket,3.992,QB,0.0,19.96,2.756,-0.2406871811175093,0.0,0.885,0.0,0.0,-0.28825229080692877,121.0,CLE,2023,0.0,28.0,False,6.523333333333333,121.0,0.5333333333333333,5,QB,,False,False,True,True,True,,,,,,,
,,00-0033280,,RB,24.09375,RB,,385.5,,,0.020537897310513448,0.825,0.22794117647058823,,,,CAR,2018,0.35628829282324176,22.0,True,,,0.9193749999999999,16,RB,29.450000000000003,True,True,False,False,False,,,,,,0.45184402856455746,19.63470319634703
0.9193749999999999,,00-0033280,0.9401114206128134,RB,29.450000000000003,RB,0.21037037037037037,471.20000000000005,,,0.02159113013032484,1.0,0.23666666666666666,1.488888888888889,,,CAR,2019,0.3701137910912274,23.0,True,24.09375,,0.93125,16,RB,18.214285714285715,True,True,True,False,True,,,,,,0.7426478843247862,23.34494773519164
,,00-0033280,0.20614035087719298,RB,18.214285714285715,RB,0.2907801418439716,127.5,29.450000000000003,,0.02111858899976793,1.0,0.07130434782608695,2.4326241134751774,,,CAR,2021,0.12173953403896798,25.0,True,,,0.6057142857142858,7,RB,23.045973684210526,True,True,False,True,False,,,,,,-0.06066484098329642,37.37373737373738
0.6057142857142858,,00-0033280,0.8180404354587869,RB,20.813,RB,0.23193916349809887,416.26,,,0.03833543505674653,1.0,0.22262773722627738,1.5247148288973384,,,SF,2022,0.36077641037913866,26.0,True,18.214285714285715,,0.7515,20,RB,18.614473684210527,True,True,True,False,True,,,,,,0.19655993589233656,34.83606557377049
0.7515,,00-0033280,0.8541353383458646,RB,25.278947368421054,RB,0.19014084507042253,480.3,18.214285714285715,,0.041675758236962686,0.78,0.1956521739130435,1.2605633802816902,,,SF,2023,0.3226512916354391,27.0,True,20.813,,0.8373684210526315,19,RB,18.038157894736845,True,True,True,True,True,,,,,,1.3232235299779604,36.029411764705884
0.7224999999999999,,00-0033280,0.8696883852691218,RB,24.126315789473686,RB,0.23289902280130292,458.40000000000003,25.278947368421054,,0.08941441441441442,0.34,0.24956369982547993,1.6758957654723128,,,SF,2025,0.43693563982830996,29.0,True,11.950000000000001,,0.8173684210526315,19,RB,,False,,True,True,True,,,,,,-0.5443675992756675,29.260450160771708
,,00-0033282,,WR,10.676923076923078,WR,,138.8,,,0.18973105134474327,0.6,0.11948529411764706,,,,CAR,2018,0.3120396771177909,22.0,False,,,0.5284615384615384,13,WR,12.435624999999998,True,True,False,False,False,,,,2.4194832850358883,6.7276923076923065,,
0.5284615384615384,,00-0033282,0.9052924791086351,WR,10.73125,WR,0.16153846153846155,171.7,,,0.29916358685080724,0.7,0.175,0.9646153846153847,,,CAR,2019,0.471914510795565,23.0,False,10.676923076923078,,0.855625,16,WR,8.049999999999999,True,True,True,False,True,,,,2.565260402440958,5.820198019801981,,
0.855625,,00-0033282,0.7060702875399361,WR,14.139999999999999,WR,0.21945701357466063,212.1,10.676923076923078,,0.17568569310600446,0.8,0.1840607210626186,1.9253393665158371,,,CAR,2020,0.399071066768131,24.0,False,10.73125,,0.6813333333333333,15,WR,6.1652941176470595,True,True,True,True,True,,,,3.473624456270824,6.805316455696203,,
0.6813333333333333,,00-0033282,0.05799373040752351,WR,1.9600000000000002,WR,0.24324324324324326,9.8,10.73125,,0.0051928783382789315,0.9,0.016853932584269662,0.7297297297297297,,,WAS,2021,0.028915913713199744,25.0,False,14.139999999999999,,0.236,5,WR,10.097794117647059,True,True,True,True,True,,,,,,,
0.236,,00-0033282,0.814756671899529,WR,10.370588235294118,WR,0.17726396917148363,176.3,14.139999999999999,,0.14028284671532848,1.0,0.17325800376647835,1.2639691714836223,,,WAS,2022,0.35808499835044744,26.0,False,1.9600000000000002,,0.7147058823529412,17,WR,7.553676470588234,True,True,True,True,True,,,,3.4912978851453222,6.749390243902438,,
0.7147058823529412,,00-0033282,0.5481682496607869,WR,9.825,WR,0.22524752475247525,157.2,1.9600000000000002,,0.13728191000918274,1.0,0.15141430948419302,1.5173267326732673,,,WAS,2023,0.32321880123271746,27.0,False,10.370588235294118,,0.56375,16,WR,4.234033613445378,True,True,True,True,True,,,,3.28831749243485,6.842162162162162,,
0.3941176470588235,,00-0033282,0.16642120765832105,WR,3.185714285714286,WR,0.10619469026548672,22.3,9.825,,0.044805037539355774,0.88,0.0216998191681736,0.7345132743362832,,,BUF,2025,0.06391325502980943,29.0,False,5.2823529411764705,,0.4042857142857143,7,WR,,False,,True,True,True,,,,,,,
,,00-0033288,,TE,16.16875,TE,,258.7,,,0.27712854757929883,0.8,0.28752642706131076,,,,SF,2018,0.6252796238974754,25.0,False,,,0.87625,16,TE,14.806985294117647,True,True,False,False,False,0.0,,,3.3138640925833163,5.40548076923077,,
0.87625,,00-0033288,0.7865546218487395,TE,13.976470588235294,TE,0.2564102564102564,237.6,,,0.20354247973581507,0.9,0.2414486921529175,2.4017094017094016,,,SF,2019,0.5046527740444468,26.0,False,16.16875,,0.9011764705882354,17,TE,14.342279411764705,True,True,True,False,True,0.0,,,3.2686503820599233,5.151511627906976,,
0.9011764705882354,,00-0033288,0.41451612903225804,TE,15.6375,TE,0.245136186770428,125.1,16.16875,,0.1306076093128904,1.0,0.12,2.4669260700389106,,,SF,2020,0.2714253265190233,27.0,False,13.976470588235294,,0.82875,8,TE,12.89297385620915,True,True,True,True,True,0.0,,,3.859116871256198,5.670377358490566,,
0.82875,,00-0033288,0.8207109737248841,TE,13.047058823529412,TE,0.2033898305084746,221.8,13.976470588235294,,0.22428536525775714,1.0,0.2049335863377609,1.9171374764595104,,,SF,2021,0.46440013518707135,28.0,False,15.6375,,0.93,17,TE,12.379970760233919,True,True,True,True,True,0.0,,,3.0905727466217323,5.762266666666666,,
0.93,,00-0033288,0.8693623639191291,TE,12.738888888888889,TE,0.1735241502683363,229.3,15.6375,,0.16620428751576294,1.0,0.177007299270073,1.661896243291592,,,SF,2022,0.38185395016614354,29.0,False,13.047058823529412,,0.9033333333333334,18,TE,13.897192982456142,True,True,True,True,True,0.0,,,3.253585281522551,5.562266666666666,,
0.9033333333333334,,00-0033288,0.9037593984962407,TE,12.021052631578948,TE,0.1713810316139767,228.4,13.047058823529412,,0.2171066986689941,1.0,0.18659420289855072,1.8835274542429286,,,SF,2023,0.4318659934161219,30.0,False,12.738888888888889,,0.9,19,TE,14.682500000000001,True,True,True,True,True,0.0,,,3.295197448332169,5.385774647887324,,
0.866,,00-0033288,0.4603399433427762,TE,13.591666666666667,TE,0.21846153846153846,163.1,12.021052631578948,,0.10720720720720721,0.8,0.12390924956369982,1.9507692307692308,,,SF,2025,0.2609089193905948,32.0,False,15.773333333333335,,0.7625000000000001,12,TE,,False,,True,True,True,0.0,,,3.6455113598778652,5.138679245283019,,
,,00-0033292,,WR,4.26923076923077,WR,,55.50000000000001,,,0.06649972175848637,0.8,0.08456659619450317,,,,SF,2018,0.1733996995226952,24.0,False,,,0.3378571428571429,13,WR,1.55,True,True,False,False,False,,,,,,,
,,00-0033292,0.23387096774193547,WR,1.55,WR,0.14482758620689656,18.6,4.26923076923077,,0.03321976149914821,1.0,0.04,0.593103448275862,,,SF,2020,0.08325383304940374,26.0,False,,,0.25166666666666665,12,WR,0.8667763157894738,True,True,False,True,False,,,,,,,
0.25166666666666665,,00-0033292,0.03495630461922597,WR,1.0125000000000002,WR,0.10714285714285714,8.100000000000001,,,0.007465543644716692,1.0,0.004437869822485207,1.4642857142857142,,,CIN,2021,0.011882685285029495,27.0,False,1.55,,0.08,8,WR,0.35385964912280704,True,True,True,False,True,,,,,,,
0.08,,00-0033292,0.09705159705159705,WR,0.7210526315789474,WR,0.12658227848101267,13.700000000000001,1.55,,0.009303287161463718,1.0,0.014388489208633094,0.7848101265822784,,,CIN,2022,0.028095034825974245,28.0,False,1.0125000000000002,,0.11473684210526316,19,WR,-0.013333333333333334,True,True,True,True,True,,,,,,,
0.11473684210526316,,00-0033292,0.09822866344605476,WR,-0.013333333333333334,WR,0.03278688524590164,-0.2,1.0125000000000002,,0.0,0.88,0.004246284501061571,0.0,,,CHI,2023,0.006369426751592357,29.0,False,0.7210526315789474,,0.11176470588235293,15,WR,,False,False,True,True,True,,,,,,,
,,00-0033293,,RB,14.283333333333333,RB,,171.4,,,0.0016384489350081922,1.0,0.057003257328990226,,,,GB,2018,0.08665180024799107,24.0,True,,,0.5016666666666667,12,RB,18.822916666666668,True,True,False,False,False,,,,,,0.6693934598952559,13.533834586466165
0.5016666666666667,,00-0033293,0.6,RB,19.983333333333334,RB,0.176056338028169,359.70000000000005,,,0.0324773413897281,1.0,0.12479201331114809,1.1854460093896713,,,GB,2019,0.2099221589395318,25.0,True,14.283333333333333,,0.6211111111111111,18,RB,16.8,True,True,True,False,True,,,,,,0.3579682955165504,20.76271186440678
0.6211111111111111,,00-0033293,0.5075301204819277,RB,17.6625,RB,0.21068249258160238,282.6,14.283333333333333,,0.014819587628865979,1.0,0.12220309810671257,1.1157270029673592,,,GB,2020,0.193678358500275,26.0,True,19.983333333333334,,0.585625,16,RB,15.280514705882354,True,True,True,True,True,,,,,,0.6389227029799173,19.402985074626866
0.585625,,00-0033293,0.577485380116959,RB,15.9375,RB,0.189873417721519,255.0,19.983333333333334,,0.016477637491975176,0.78,0.12562814070351758,1.3164556962025316,,,GB,2021,0.199976557299659,27.0,True,17.6625,,0.599375,16,RB,14.373303167420815,True,True,True,True,True,,,,,,0.2864788743973958,14.035087719298245
0.599375,,00-0033293,0.5777414075286416,RB,14.623529411764707,RB,0.20396600566572237,248.60000000000002,17.6625,,-0.003642157978602322,0.56,0.13358070500927643,1.1189801699716715,,,GB,2022,0.19782154692889303,28.0,True,15.9375,,0.5823529411764706,17,RB,14.022649572649573,True,True,True,True,True,,,,,,0.4287932751800715,10.7981220657277
0.5823529411764706,,00-0033293,0.32661870503597124,RB,14.123076923076924,RB,0.22026431718061673,183.60000000000002,15.9375,,-0.010925819436457734,0.34,0.08130081300813008,1.118942731277533,,,GB,2023,0.1143031459066747,29.0,True,14.623529411764707,,0.5276923076923077,13,RB,11.906944444444445,True,True,True,True,True,,,,,,0.11821121583122172,23.239436619718308
0.6372222222222222,,00-0033293,0.3680555555555556,RB,9.891666666666667,RB,0.19339622641509435,118.7,14.123076923076924,,-0.006713211600429645,0.0,0.08798283261802575,0.9386792452830188,,,MIN,2025,0.12727500080673787,31.0,True,13.922222222222222,,0.5508333333333333,12,RB,,False,,True,True,True,,,,,,-0.1183369953565478,25.0
,,00-0033295,,RB,10.7375,RB,,85.9,,,0.030296377607025245,1.0,0.061386138613861385,,,,NYJ,2018,0.11328667224570975,24.0,False,,,0.64375,8,RB,,False,False,False,False,False,,,,,,-0.4957615789373708,25.0
,,00-0033296,,RB,1.6666666666666667,RB,,15.0,,,0.0,1.0,0.001838235294117647,,,,CAR,2018,0.0027573529411764703,24.0,False,,,0.106875,9,RB,0.9270833333333333,True,True,False,False,False,,,,,,,
0.106875,,00-0033296,0.06963788300835655,RB,1.2125,RB,0.04,9.7,,,-0.00019451468585878233,1.0,0.0033333333333333335,0.12,,,CAR,2019,0.004863839719898852,25.0,False,1.6666666666666667,,0.12125,8,RB,0.8319444444444444,True,True,True,False,True,,,,,,,
0.12125,,00-0033296,0.07348242811501597,RB,0.6416666666666667,FB,0.1956521739130435,7.7,1.6666666666666667,,0.0004941932295527551,1.0,0.017077798861480076,0.391304347826087,,,CAR,2020,0.025962633552907045,26.0,False,1.2125,,0.1375,12,RB,1.0222222222222221,True,True,True,True,True,,,,,,,
0.1375,,00-0033296,0.03430531732418525,RB,1.0222222222222221,RB,0.05,9.2,1.2125,,0.0,0.78,0.0021231422505307855,0.05,,,NO,2021,0.0031847133757961785,27.0,False,0.6416666666666667,,0.10636363636363635,9,RB,1.075,True,True,True,True,True,,,,,,,
,,00-0033296,0.023066485753052916,RB,1.075,RB,0.17647058823529413,4.3,1.0222222222222221,,-0.0032139577594123047,0.34,0.004991680532445923,0.7647058823529411,,,WAS,2023,0.005237750367080272,29.0,False,,,0.0975,4,RB,,False,False,False,True,False,,,,,,,
,,00-0033307,,WR,7.16875,WR,,114.7,,,0.1580411797440178,0.7,0.1416490486257928,,,,SF,2018,0.32310239875950164,23.0,False,,,0.571875,16,WR,7.444385964912281,True,True,False,False,False,,,,2.80630083086052,6.464062500000001,,
0.571875,,00-0033307,0.5310924369747899,WR,6.242105263157894,WR,0.17088607594936708,118.6,,,0.13989792854998498,0.8,0.10865191146881288,1.4113924050632911,,,SF,2019,0.26090641718820884,24.0,False,7.16875,,0.42315789473684207,19,WR,10.117777777777778,True,True,True,False,True,,,,2.9051440143153524,5.9453658536585365,,
0.42315789473684207,,00-0033307,0.7290322580645161,WR,8.646666666666668,WR,0.16371681415929204,129.70000000000002,7.16875,,0.1947756956274844,0.9,0.14095238095238094,1.4756637168141593,,,SF,2020,0.3477715583678105,25.0,False,6.242105263157894,,0.658,15,WR,8.553819444444445,True,True,True,True,True,,,,2.8452337081016608,6.218,,
0.658,,00-0033307,0.7030497592295345,WR,11.58888888888889,WR,0.1780821917808219,208.60000000000002,6.242105263157894,,0.14565701559020044,1.0,0.13953488372093023,2.002283105022831,,,NE,2021,0.31126223649453566,26.0,False,8.646666666666668,,0.5216666666666667,18,WR,9.009375,True,True,True,True,True,,,,3.298332501040528,6.433970588235293,,
0.5216666666666667,,00-0033307,0.49174917491749176,WR,5.51875,WR,0.1610738255033557,88.3,8.646666666666668,,0.12003895787679572,1.0,0.0933852140077821,1.4563758389261745,,,NE,2022,0.22410509152543015,27.0,False,11.58888888888889,,0.4425,16,WR,8.9625,True,True,True,True,True,,,,3.4368221152376948,6.980425531914893,,
0.4425,,00-0033307,0.37579617834394907,WR,12.5,WR,0.2330508474576271,100.0,11.58888888888889,,0.14353588397099276,1.0,0.10166358595194085,1.7203389830508475,,,NE,2023,0.25297049770760616,28.0,False,5.51875,,0.73,8,WR,5.782500000000001,True,True,True,True,True,,,,2.7471220936956757,7.143272727272727,,
0.5833333333333334,,00-0033307,0.5552407932011332,WR,6.140000000000001,WR,0.14030612244897958,92.10000000000001,12.5,,0.1394144144144144,0.76,0.09598603839441536,1.405612244897959,,,SF,2025,0.24156914768171311,30.0,False,5.425,,0.5466666666666666,15,WR,,False,,True,True,True,,,,2.8762101841502,6.504705882352942,,
,,00-0033308,,RB,11.607142857142858,RB,,162.5,,,0.019198664440734557,1.0,0.06553911205073996,,,,SF,2018,0.11174773318462412,23.0,True,,,0.40285714285714286,14,RB,5.7857142857142865,True,True,False,False,False,,,,,,0.6102864264120916,27.450980392156865
0.40285714285714286,,00-0033308,0.1949579831932773,RB,7.371428571428572,RB,0.1896551724137931,103.2,,,-0.003602521765235665,1.0,0.04426559356136821,1.0344827586206897,,,SF,2019,0.06387662510638734,24.0,True,11.607142857142858,,0.23875,14,RB,5.15,True,True,True,False,True,,,,,,0.0023925410307846736,30.081300813008134
0.23875,,00-0033308,0.12202852614896989,RB,4.2,RB,0.12987012987012986,42.0,11.607142857142858,,-0.00023496240601503758,1.0,0.01834862385321101,1.2467532467532467,,,MIA,2020,0.02735846209560599,25.0,True,7.371428571428572,,0.19166666666666665,10,RB,4.939473684210526,True,True,True,True,True,,,,,,,
0.19166666666666665,,00-0033308,0.05361596009975062,RB,6.1,RB,0.20930232558139536,42.699999999999996,7.371428571428572,,0.0013788348845225785,1.0,0.013177159590043924,1.6744186046511629,,,BUF,2021,0.02073092380423169,26.0,True,4.2,,0.13777777777777778,7,RB,3.4528070175438597,True,True,True,True,True,,,,,,,
0.13777777777777778,,00-0033308,0.24509803921568626,RB,3.7789473684210524,RB,0.14857142857142858,71.8,4.2,,0.01867043847241867,0.78,0.04744525547445255,0.7828571428571428,,,NYG,2022,0.0842371901423719,27.0,False,6.1,,0.24789473684210525,19,RB,3.1266666666666665,True,True,True,True,True,,,,,,,
0.24789473684210525,,00-0033308,0.2818991097922849,RB,3.1266666666666665,RB,0.11052631578947368,46.9,6.1,,0.00027770063871146905,0.56,0.04338842975206612,0.4631578947368421,,,NYG,2023,0.0652770350751972,28.0,False,3.7789473684210524,,0.26352941176470585,15,RB,,False,False,True,True,True,,,,,,,
,1.9367614240025195,00-0033319,,QB_pocket,15.435,QB,,123.48,,0.08435084852407851,0.0,0.6,0.0,,0.1122008060743871,288.0,SF,2018,0.0,23.0,False,,288.0,1.0,8,QB,11.628,True,True,False,False,False,,-0.3365785216600017,2.697492592592592,,,,
,-2.6039368867126753,00-0033319,0.5629032258064516,QB_pocket,11.628,QB,0.0,116.28,15.435,-0.001509049040322826,0.0,0.714,0.0,0.0,0.009003945171164571,347.0,SF,2020,0.0,25.0,False,,347.0,0.845,10,QB,2.94,True,True,False,True,False,,-2.222847552295846,2.6316625766871162,,,,
,15.490880846977234,00-0033319,0.03346203346203346,QB_pocket,2.94,QB,0.0,11.76,11.628,0.3947225064836804,0.0,0.828,0.0,0.0,0.4974998056324982,25.0,MIN,2022,0.0,27.0,False,,25.0,0.20750000000000002,4,QB,6.839000000000001,True,True,False,True,False,,,,,,,
0.20750000000000002,5.651789070009352,00-0033319,0.23314606741573032,QB_pocket,13.348000000000003,QB,0.0,66.74000000000001,,0.07228391904182124,0.0,0.885,0.0,0.0,0.07904078833113314,159.0,MIN,2023,0.0,28.0,False,2.94,159.0,0.762,5,QB,0.16,True,True,True,False,True,,5.405573365656103,3.065013605442177,,,,
0.025,28.957560658454895,00-0033319,0.004398826979472141,QB_pocket,-0.010000000000000009,QB,0.0,-0.040000000000000036,13.348000000000003,0.7634847838851878,0.0,0.999,0.0,0.0,0.9665887170140331,3.0,JAX,2025,0.0,30.0,False,0.33,3.0,0.11200000000000002,4,QB,,False,,True,True,True,,,,,,,
,,00-0033338,0.0469208211143695,TE,1.3285714285714287,TE,0.09375,9.3,,,0.0016535758577924762,0.7,0.0050933786078098476,0.40625,,,CIN,2019,0.008797571012169506,24.0,False,,,0.09066666666666666,7,TE,0.6211538461538462,True,True,False,False,False,0.0,,,,,,
0.09066666666666666,,00-0033338,0.15030674846625766,TE,0.7923076923076924,TE,0.07142857142857142,10.3,,,0.011713665943600867,0.8,0.012367491166077738,0.5408163265306123,,,CIN,2020,0.026750802909637217,25.0,False,1.3285714285714287,,0.228,13,TE,0.45,True,True,True,False,True,0.0,,,,,,
0.228,,00-0033338,0.02753623188405797,TE,0.45,TE,0.10526315789473684,3.6,1.3285714285714287,,0.0018034265103697023,0.9,0.0033444816053511705,0.8421052631578947,,,MIA,2021,0.006279120965285548,26.0,False,0.7923076923076924,,0.050624999999999996,8,TE,,False,False,True,True,True,0.0,,,,,,
,,00-0033357,,TE,2.4447058823529413,QB,,41.56,,,0.017653890824622532,1.0,0.015625,,,,NO,2018,0.035795223577235774,28.0,False,,,0.1761111111111111,17,TE,8.185882352941176,True,True,False,False,False,0.0,,,,,,
0.1761111111111111,,00-0033357,0.212443095599393,TE,7.041176470588235,QB,0.17142857142857143,119.7,,,0.03139475038600103,1.0,0.04130808950086059,1.85,,,NO,2019,0.08393845952149159,29.0,False,2.4447058823529413,,0.2364705882352941,17,TE,9.736960784313725,True,True,True,False,True,0.0,,,,,,
0.2364705882352941,,00-0033357,0.357032457496136,TE,9.330588235294117,QB,0.06060606060606061,158.62,2.4447058823529413,,0.025633881303984397,1.0,0.024475524475524476,0.4458874458874459,,,NO,2020,0.054657003626075784,30.0,True,7.041176470588235,,0.4252941176470588,17,TE,9.627916666666668,True,True,True,True,True,0.0,,,,,,
0.4252941176470588,,00-0033357,0.3704974271012007,TE,10.143333333333333,QB,0.027777777777777776,121.72,7.041176470588235,,0.00518983884184649,0.9,0.012738853503184714,0.24074074074074073,,,NO,2021,0.022741167444069614,31.0,True,9.330588235294117,,0.555,12,TE,9.041250000000002,True,True,True,True,True,0.0,,,,,,
0.555,,00-0033357,0.25618374558303886,TE,9.1125,TE,0.0896551724137931,145.8,9.330588235294117,,0.01697216564833673,0.8,0.026530612244897958,0.5310344827586206,,,NO,2022,0.05167643432118264,32.0,True,10.143333333333333,,0.33875,16,TE,10.881250000000001,True,True,True,True,True,0.0,,,,,,
0.33875,,00-0033357,0.37404580152671757,TE,8.97,QB,0.16326530612244897,143.52,10.143333333333333,,0.04323541580471659,0.7,0.06944444444444445,1.1877551020408164,,,NO,2023,0.13443145772996828,33.0,True,9.1125,,0.375625,16,TE,8.003173076923076,True,True,True,True,True,0.0,,,,,,
0.425,,00-0033357,0.13737075332348597,TE,3.213846153846154,QB,0.17204301075268819,41.78,8.97,,0.011543394613082514,0.5,0.02831858407079646,0.978494623655914,,,NO,2025,0.05055825233535245,35.0,True,12.7925,,0.24615384615384617,13,TE,,False,,True,True,True,0.0,,,,,,
,,00-0033367,0.18257956448911222,WR,1.9454545454545453,WR,0.14678899082568808,21.4,,,0.041036163118748394,1.0,0.03225806451612903,0.926605504587156,,,NYG,2020,0.07711241095731741,27.0,False,,,0.18785714285714286,11,WR,1.0083333333333335,True,True,False,False,False,,,,,,,
0.18785714285714286,,00-0033367,0.07057057057057058,WR,1.616666666666667,WR,0.1276595744680851,9.700000000000001,,,0.02487198244330651,1.0,0.01092896174863388,1.0851063829787233,,,NYG,2021,0.03380383033326538,28.0,False,1.9454545454545453,,0.19833333333333333,6,WR,0.4,True,True,True,False,True,,,,,,,
0.19833333333333333,,00-0033367,0.018867924528301886,WR,0.4,WR,0.1,1.6,1.9454545454545453,,0.0017937219730941704,0.88,0.0022935779816513763,0.6,,,TEN,2022,0.0046959723536429835,29.0,False,1.616666666666667,,0.0725,4,WR,,False,False,True,True,True,,,,,,,
,,00-0033373,,RB,2.588888888888889,RB,,23.3,,,0.010603588907014683,1.0,0.02022058823529412,,,,CHI,2018,0.03775339458785146,25.0,False,,,,9,RB,,False,False,False,False,False,,,,,,,
,,00-0033374,,RB,1.025,FB,,4.1,,,-0.00019212295869356388,1.0,0.006622516556291391,,,,ATL,2018,0.009799288763351592,24.0,False,,,,4,RB,,False,False,False,False,False,,,,,,,
,,00-0033375,,WR,5.016666666666667,WR,,60.2,,,0.10266698135473212,0.9,0.0740072202166065,,,,DEN,2018,0.18287771727322222,25.0,False,,,0.35812499999999997,12,WR,7.735833333333334,True,True,False,False,False,,,,,,,
0.35812499999999997,,00-0033375,0.32451499118165783,WR,4.725,WR,0.16847826086956522,37.8,,,0.0945945945945946,1.0,0.0668103448275862,1.184782608695652,,,DEN,2019,0.16643173345759554,26.0,False,5.016666666666667,,0.57375,8,WR,10.260833333333334,True,True,True,False,True,,,,,,,
0.57375,,00-0033375,0.7055016181229773,WR,10.746666666666668,WR,0.1811926605504587,161.20000000000002,5.016666666666667,,0.2013888888888889,1.0,0.14821763602251406,1.701834862385321,,,DEN,2020,0.3632986762559933,27.0,False,4.725,,0.7526666666666666,15,WR,9.775,True,True,True,True,True,,,,2.595981617564615,5.700263157894736,,
0.7526666666666666,,00-0033375,0.8316831683168316,WR,9.775,WR,0.16865079365079366,156.4,4.725,,0.22680647367221335,1.0,0.1644100580270793,1.4563492063492063,,,DEN,2021,0.40537961861116834,28.0,False,10.746666666666668,,0.8375,16,WR,,False,False,True,True,True,,,,2.7579117542053315,6.0382278481012674,,
0.5823529411764706,,00-0033375,0.250733137829912,WR,3.692857142857143,WR,0.14619883040935672,51.7,,,0.05791986713722234,0.52,0.046992481203007516,1.0935672514619883,,,JAX,2025,0.1110326288005669,32.0,False,5.9750000000000005,,0.31470588235294117,14,WR,,False,,True,False,True,,,,,,,
,,00-0033376,,RB,0.0,DL,,0.0,,,0.0,1.0,0.0,,,,BAL,2018,0.0,24.0,False,,,0.13,7,RB,2.0759090909090907,True,True,False,False,False,,,,,,,
0.13,,00-0033376,0.13298791018998274,RB,1.8699999999999999,FB,0.14285714285714285,18.7,,,-0.00023153507756425097,1.0,0.023060796645702306,0.6103896103896104,,,BAL,2019,0.03442912041425848,25.0,False,0.0,,0.2994117647058823,10,RB,2.434659090909091,True,True,True,False,True,,,,,,,
0.2994117647058823,,00-0033376,0.24734982332155478,RB,2.2818181818181817,FB,0.12142857142857143,25.099999999999998,0.0,,0.0012709710218607015,1.0,0.037694013303769404,0.5857142857142857,,,BAL,2020,0.0574306996709566,26.0,False,1.8699999999999999,,0.43176470588235294,11,RB,2.008035714285714,True,True,True,True,True,,,,,,,
0.43176470588235294,,00-0033376,0.30933333333333335,RB,2.5875,FB,0.05603448275862069,20.7,1.8699999999999999,,0.0027105517909002904,0.78,0.021996615905245348,0.27155172413793105,,,BAL,2021,0.03489231011149822,27.0,False,2.2818181818181817,,0.5692307692307692,8,RB,1.8714285714285714,True,True,True,True,True,,,,,,,
0.5692307692307692,,00-0033376,0.46755407653910147,RB,1.4285714285714286,FB,0.05338078291814947,20.0,2.2818181818181817,,0.0009930486593843098,0.56,0.030425963488843813,0.26334519572953735,,,BAL,2022,0.04633407929483473,28.0,False,2.5875,,0.6494444444444444,14,RB,1.717142857142857,True,True,True,True,True,,,,,,,
0.6494444444444444,,00-0033376,0.23065693430656933,RB,2.314285714285714,FB,0.04430379746835443,16.2,2.5875,,0.0041785792830437655,0.34,0.013182674199623353,0.3291139240506329,,,BAL,2023,0.022699016797565665,29.0,False,1.4285714285714286,,0.3973684210526316,7,RB,0.77,True,True,True,True,True,,,,,,,
0.4036842105263158,,00-0033376,0.1482213438735178,RB,0.42000000000000004,FB,0.02666666666666667,2.1,2.314285714285714,,0.0017772511848341231,0.0,0.004914004914004914,0.10666666666666667,,,BAL,2025,0.008615083200391258,31.0,False,1.1199999999999999,,0.4063636363636363,5,RB,,False,,True,True,True,,,,,,,
,,00-0033382,,WR,3.22,WR,,32.2,,,0.03159117305458769,0.9,0.026041666666666668,,,,NO,2018,0.06117632113821138,25.0,False,,,,10,WR,2.34,True,True,False,False,False,,,,,,,
,,00-0033382,0.03863987635239567,WR,2.34,WR,0.16,11.7,3.22,,0.008916132627472834,1.0,0.006993006993006993,1.08,,,NO,2020,0.016730803328741474,27.0,False,,,,5,WR,,False,False,False,True,False,,,,,,,
,,00-0033386,0.09433962264150944,WR,1.4000000000000001,WR,0.1,8.4,,,0.023318385650224215,0.88,0.011467889908256881,1.08,,,TEN,2022,0.03352470481754227,29.0,False,,,,6,WR,,False,False,False,False,False,,,,,,,
,,00-0033387,0.5658465991316932,TE,8.933333333333334,TE,0.17647058823529413,107.2,,,0.07655318330448163,0.9,0.1259124087591241,1.0537084398976981,,,SEA,2019,0.24245584145182328,26.0,False,,,0.6900000000000001,12,TE,3.817857142857143,True,True,False,False,False,0.0,,,3.4767921727744424,6.765909090909091,,
0.6900000000000001,,00-0033387,0.35185185185185186,TE,4.707142857142857,TE,0.18218623481781376,65.9,,,0.06099058534588621,1.0,0.0800711743772242,0.8461538461538461,,,SEA,2020,0.16280017130795665,27.0,False,8.933333333333334,,0.3629411764705882,14,TE,2.9285714285714284,True,True,True,False,True,0.0,,,,,,
0.3629411764705882,,00-0033387,0.1589895988112927,TE,2.9285714285714284,TE,0.1308411214953271,20.5,8.933333333333334,,0.014335360556038228,1.0,0.024013722126929673,0.514018691588785,,,JAX,2021,0.04605533557962127,28.0,False,4.707142857142857,,0.36428571428571427,7,TE,,False,False,True,True,True,0.0,,,,,,
,,00-0033421,,TE,1.3111111111111111,TE,,11.8,,,0.006093845216331505,0.8,0.012924071082390954,,,,TB,2018,0.023651798275018485,25.0,False,,,0.31125,9,TE,0.42000000000000004,True,True,False,False,False,0.0,,,,,,
0.31125,,00-0033421,0.08415147265077139,TE,0.42000000000000004,TE,0.05,2.1,,,0.0003127443315089914,0.9,0.0049504950495049506,0.18333333333333332,,,TB,2019,0.007644663606313719,26.0,False,1.3111111111111111,,0.29875,5,TE,3.9250000000000003,True,True,True,False,True,0.0,,,,,,
,,00-0033421,0.18019480519480519,TE,3.9250000000000003,TE,0.04504504504504504,15.700000000000001,0.42000000000000004,,0.005792522380200105,1.0,0.009560229445506692,0.42342342342342343,,,HOU,2021,0.01839510983440011,28.0,False,,,0.311875,4,TE,,False,False,False,True,False,0.0,,,,,,
,,00-0033434,,WR,1.8400000000000003,WR,,9.200000000000001,,,0.008226691042047532,0.7,0.008077544426494346,,,,TB,2018,0.01787500036917479,23.0,False,,,,5,WR,1.0833333333333333,True,True,False,False,False,,,,,,,
,,00-0033434,0.0967741935483871,WR,1.0833333333333333,WR,0.15942028985507245,6.5,,,0.02111024237685692,0.8,0.018151815181518153,0.5072463768115942,,,TB,2019,0.04200489243607707,24.0,False,1.8400000000000003,,,6,WR,,False,False,True,False,False,,,,,,,
,,00-0033439,0.09166666666666666,TE,0.6714285714285714,TE,0.05454545454545454,4.699999999999999,,,0.006067415730337079,0.8,0.005813953488372093,0.4909090909090909,,,CLE,2019,0.012968121243794095,25.0,False,,,0.30222222222222217,7,TE,3.5803846153846157,True,True,False,False,False,0.0,,,,,,
0.30222222222222217,,00-0033439,0.20241691842900303,TE,4.23,TE,0.11940298507462686,42.300000000000004,,,0.0270097830710336,0.9,0.030476190476190476,1.2164179104477613,,,HOU,2020,0.06462113386400924,26.0,False,0.6714285714285714,,0.34153846153846157,10,TE,2.9466346153846157,True,True,True,False,True,0.0,,,,,,
0.34153846153846157,,00-0033439,0.4237012987012987,TE,2.930769230769231,TE,0.13026819923371646,38.1,0.6714285714285714,,0.038441284886782515,1.0,0.06500956022944551,0.6551724137931034,,,HOU,2021,0.12442323976491602,27.0,False,4.23,,0.6446666666666666,13,TE,3.1994318181818184,True,True,True,True,True,0.0,,,,,,
0.6446666666666666,,00-0033439,0.23027375201288244,TE,2.9625,TE,0.13986013986013987,23.7,4.23,,0.03062200956937799,1.0,0.039525691699604744,0.8181818181818182,,,CLE,2022,0.08072394424797172,28.0,False,2.930769230769231,,0.32625,8,TE,2.3431818181818187,True,True,True,True,True,0.0,,,,,,
0.32625,,00-0033439,0.24363057324840764,TE,3.436363636363637,TE,0.09803921568627451,37.800000000000004,2.930769230769231,,0.026006501625406353,1.0,0.027726432532347505,1.3594771241830066,,,NE,2023,0.059794199936305706,29.0,False,2.9625,,0.39235294117647057,11,TE,0.835,True,True,True,True,True,0.0,,,,,,
0.27799999999999997,,00-0033439,0.036048064085447265,TE,0.42000000000000004,TE,0.07407407407407407,2.1,3.436363636363637,,0.00022471910112359551,0.9,0.0032414910858995136,0.037037037037037035,,,ARI,2025,0.005019539999635787,31.0,False,1.25,,0.13,5,TE,,False,,True,True,True,0.0,,,,,,
,,00-0033455,,TE,5.277777777777778,TE,,47.5,,,0.04174513496547395,0.6,0.04716981132075472,,,,TEN,2018,0.09997631145696384,23.0,False,,,0.25666666666666665,9,TE,5.3114583333333325,True,True,False,False,False,0.0,,,,,,
0.25666666666666665,,00-0033455,0.26897689768976896,TE,4.991666666666666,TE,0.17791411042944785,59.9,,,0.07284462886122638,0.7,0.060542797494780795,1.5276073619631902,,,TEN,2019,0.14180543644502963,24.0,False,5.277777777777778,,0.22388888888888892,12,TE,5.1,True,True,True,False,True,0.0,,,,,,
0.22388888888888892,,00-0033455,0.4385026737967914,TE,5.63125,TE,0.22357723577235772,90.1,5.277777777777778,,0.09396636993076163,0.8,0.11270491803278689,1.7520325203252032,,,TEN,2020,0.23483383600071348,25.0,False,4.991666666666666,,0.3170588235294117,16,TE,3.4718750000000003,True,True,True,True,True,0.0,,,2.4210218083590065,6.371621621621622,,
0.3170588235294117,,00-0033455,0.44992050874403816,TE,4.5687500000000005,TE,0.15547703180212014,73.10000000000001,4.991666666666666,,0.06121461408178079,0.9,0.08118081180811808,1.028268551236749,,,TEN,2021,0.16462144756942365,26.0,False,5.63125,,0.373125,16,TE,2.375,True,True,True,True,True,0.0,,,,,,
0.373125,,00-0033455,0.20934959349593496,TE,2.375,TE,0.1262135922330097,19.0,5.63125,,0.027411167512690356,1.0,0.032663316582914576,0.970873786407767,,,ATL,2022,0.06818279213325511,27.0,False,4.5687500000000005,,0.21636363636363634,8,TE,,False,False,True,True,True,0.0,,,,,,
,,00-0033455,0.1853035143769968,TE,2.66,TE,0.08620689655172414,13.3,,,0.00952899537163082,1.0,0.01818181818181818,0.45689655172413796,,,DET,2025,0.03394302403286885,30.0,False,,,0.3971428571428572,5,TE,,False,,False,False,False,0.0,,,,,,
,,00-0033460,,WR,6.53076923076923,WR,,84.89999999999999,,,0.1867191115224433,0.7,0.10984848484848485,,,,CIN,2018,0.2954761053384376,23.0,False,,,0.7553846153846154,13,WR,11.875,True,True,False,False,False,,,,2.2188453649021334,5.385454545454545,,
0.7553846153846154,,00-0033460,0.38269794721407624,WR,11.875,WR,0.21455938697318008,95.0,,,0.1808598594460521,0.8,0.09507640067911714,1.9386973180076628,,,CIN,2019,0.2692165026309122,24.0,False,6.53076923076923,,0.71,8,WR,4.555555555555555,True,True,True,False,True,,,,2.9426150298612086,5.786727272727274,,
,,00-0033460,0.2147147147147147,WR,4.555555555555555,WR,0.13986013986013987,41.0,11.875,,0.07656669105096318,1.0,0.03642987249544627,1.5664335664335665,,,NYG,2021,0.10824149247884363,26.0,False,,,0.319,9,WR,,False,False,False,True,False,,,,,,,
,,00-0033464,,WR,0.2166666666666667,WR,,1.3000000000000003,,,0.00532043530834341,0.9,0.00408997955010225,,,,WAS,2018,0.009859274040993762,25.0,False,,,0.01,6,WR,,False,False,False,False,False,,,,,,,
,,00-0033466,,WR,6.8125,WR,,54.5,,,0.05199746353836398,0.7,0.06302521008403361,,,,BUF,2018,0.1309360396029052,23.0,False,,,0.41875,8,WR,5.938099547511312,True,True,False,False,False,,,,,,,
0.41875,,00-0033466,0.38556067588325654,WR,5.3538461538461535,WR,0.1752988047808765,69.6,,,0.03721781574130567,0.8,0.08349146110056926,1.1035856573705178,,,BUF,2019,0.15128966266976787,24.0,False,6.8125,,0.443125,13,WR,5.25235294117647,True,True,True,False,True,,,,,,,
0.443125,,00-0033466,0.20859671302149177,WR,6.522352941176471,WR,0.22424242424242424,110.88,6.8125,,0.025162472921179804,0.9,0.054093567251461985,1.793939393939394,,,BUF,2020,0.09875408192201884,25.0,False,5.3538461538461535,,0.23,17,WR,5.828676470588236,True,True,True,True,True,,,,,,,
0.23,,00-0033466,0.20324189526184538,WR,3.9823529411764707,WR,0.18404907975460122,67.7,5.3538461538461535,,0.028955532574974147,1.0,0.043923865300146414,1.3865030674846626,,,BUF,2021,0.08615467075270153,26.0,False,6.522352941176471,,0.2423529411764706,17,WR,4.6298076923076925,True,True,True,True,True,,,,,,,
0.2423529411764706,,00-0033466,0.5185676392572944,WR,7.675000000000001,WR,0.17135549872122763,122.80000000000001,6.522352941176471,,0.09252196982258332,1.0,0.10668789808917198,1.1074168797953965,,,BUF,2022,0.22479722600956625,27.0,False,3.9823529411764707,,0.52,16,WR,1.5846153846153848,True,True,True,True,True,,,,3.345523539891503,4.942586206896552,,
0.52,,00-0033466,0.08487654320987655,WR,1.5846153846153848,WR,0.2545454545454545,20.6,3.9823529411764707,,0.008528265107212475,1.0,0.02564102564102564,1.490909090909091,,,IND,2023,0.0444313240365872,28.0,False,7.675000000000001,,0.14,13,WR,,False,False,True,True,True,,,,,,,
,,00-0033471,0.20641562064156208,WR,6.0625,WR,0.23648648648648649,48.5,,,0.05461951490464729,0.7,0.05813953488372093,1.6486486486486487,,,MIA,2019,0.1254429627588345,23.0,False,,,0.3925,8,WR,5.093888888888889,True,True,False,False,False,,,,,,,
0.3925,,00-0033471,0.41996830427892234,WR,6.177777777777778,WR,0.1660377358490566,55.6,,,0.09515977443609022,0.8,0.08073394495412844,1.0415094339622641,,,MIA,2020,0.18771275953645583,24.0,False,6.0625,,0.55,9,WR,4.01,True,True,True,False,True,,,,2.7608451319256404,5.609210526315789,,
0.55,,00-0033471,0.12173913043478261,WR,4.01,WR,0.20238095238095238,40.1,6.0625,,0.032461677186654644,0.9,0.028428093645484948,1.9166666666666667,,,MIA,2021,0.06536531449888568,25.0,False,6.177777777777778,,0.15923076923076926,10,WR,,False,False,True,True,True,,,,,,,
,,00-0033474,,WR,1.3250000000000002,WR,,5.300000000000001,,,0.010102739726027397,0.9,0.0064,,,,KC,2018,0.01667191780821918,25.0,False,,,,4,WR,,False,False,False,False,False,,,,,,,
,,00-0033481,,WR,0.34,WR,,1.7000000000000002,,,0.0006849315068493151,0.7,0.0032,,,,KC,2018,0.005279452054794521,23.0,False,,,0.030000000000000002,5,WR,0.525,True,True,False,False,False,,,,,,,
,,00-0033481,0.01800720288115246,WR,0.525,WR,0.06666666666666667,2.1,0.34,,0.0001733402669440111,0.9,0.0013717421124828531,0.7333333333333333,,,KC,2020,0.002178951355585087,25.0,False,,,0.05692307692307692,4,WR,0.31428571428571433,True,True,False,True,False,,,,,,,
0.05692307692307692,,00-0033481,0.04013377926421405,WR,0.31428571428571433,WR,0.1388888888888889,4.4,,,0.011654135338345865,1.0,0.006675567423230975,0.6666666666666666,,,KC,2021,0.018171245871688568,26.0,False,0.525,,0.06263157894736841,14,WR,,False,False,True,False,True,,,,,,,
,,00-0033526,,RB,1.6750000000000003,RB,,6.700000000000001,,,-0.002176541717049577,1.0,0.0081799591002045,,,,WAS,2018,0.010746359448372047,23.0,False,,,0.094,4,RB,2.9375000000000004,True,True,False,False,False,,,,,,,
0.094,,00-0033526,0.008797653958944282,RB,0.4,RB,0.0,1.6,,,0.0,1.0,0.0,0.0,,,CIN,2019,0.0,24.0,False,1.6750000000000003,,0.022857142857142857,4,RB,5.319078947368421,True,True,True,False,True,,,,,,,
0.022857142857142857,,00-0033526,0.18711656441717792,RB,5.4750000000000005,RB,0.09836065573770492,65.7,1.6750000000000003,,-0.00455531453362256,1.0,0.02120141342756184,0.5409836065573771,,,CIN,2020,0.028613399967806968,25.0,False,0.4,,0.2025,12,RB,6.93421052631579,True,True,True,True,True,,,,,,,
0.2025,,00-0033526,0.30711610486891383,RB,5.163157894736843,RB,0.15447154471544716,98.10000000000001,0.4,,0.00019142419601837673,1.0,0.05621301775147929,0.9878048780487805,,,CIN,2021,0.0844535235644318,26.0,False,5.4750000000000005,,0.2555,19,RB,7.920278637770899,True,True,True,True,True,,,,,,,
0.2555,,00-0033526,0.4533169533169533,RB,8.705263157894738,RB,0.16531165311653118,165.4,5.4750000000000005,,-0.0002067397146991937,0.78,0.08776978417266187,0.8726287262872628,,,CIN,2022,0.13150995845870336,27.0,True,5.163157894736843,,0.4242105263157895,19,RB,5.69014705882353,True,True,True,True,True,,,,,,-0.22257807228869958,29.47368421052631
0.4242105263157895,,00-0033526,0.4464579901153213,RB,7.135294117647059,RB,0.2066420664206642,121.30000000000001,5.163157894736843,,-0.002942907592701589,0.56,0.11814345991561181,1.6789667896678966,,,DEN,2023,0.17515515455852662,28.0,True,8.705263157894738,,0.3364705882352941,17,RB,4.719166666666666,True,True,True,True,True,,,,,,,
0.2575,,00-0033526,0.3285302593659942,RB,5.193333333333333,RB,0.09210526315789473,77.9,7.135294117647059,,-0.007016005262003947,0.12,0.03459637561779242,0.3815789473684211,,,CIN,2025,0.04698335974328587,30.0,False,4.245,,0.3506666666666666,15,RB,,False,,True,True,True,,,,,,,
,,00-0033528,,TE,1.8875000000000002,TE,,15.100000000000001,,,0.014026602176541718,0.7,0.018404907975460124,,,,WAS,2018,0.037425983486769385,24.0,False,,,0.3625,8,TE,1.9656250000000002,True,True,False,False,False,0.0,,,,,,
0.3625,,00-0033528,0.6388384754990926,TE,3.50625,TE,0.11363636363636363,56.1,,,0.07273752466873414,0.8,0.08639308855291576,0.6846590909090909,,,WAS,2019,0.18050590009748751,25.0,False,1.8875000000000002,,0.6481250000000001,16,TE,0.7208333333333333,True,True,True,False,True,0.0,,,,,,
0.6481250000000001,,00-0033528,0.12154696132596685,TE,0.42500000000000004,TE,0.045454545454545456,3.4000000000000004,1.8875000000000002,,0.002019691996970462,0.9,0.006514657980456026,0.1590909090909091,,,WAS,2020,0.011185771368563363,26.0,False,3.50625,,0.2064705882352941,8,TE,1.0166666666666666,True,True,True,True,True,0.0,,,,,,
0.2064705882352941,,00-0033528,0.05804749340369393,TE,1.0166666666666666,TE,0.06818181818181818,6.1,3.50625,,0.0022263450834879408,1.0,0.004431314623338257,0.7045454545454546,,,DAL,2021,0.008205413493448943,27.0,False,0.42500000000000004,,0.145,6,TE,,False,False,True,True,True,0.0,,,,,,
,,00-0033536,,WR,11.122222222222222,WR,,200.2,,,0.2616663115278074,0.8,0.1413793103448276,,,,LAC,2018,0.3952353835867065,24.0,False,,,0.6377777777777778,18,WR,10.86595238095238,True,True,False,False,False,,,,2.051655987945469,4.930000000000001,,
0.6377777777777778,,00-0033536,0.8244514106583072,WR,10.753333333333334,WR,0.17110266159695817,161.3,,,0.3184979137691238,0.9,0.15761821366024517,1.903041825095057,,,LAC,2019,0.45937586012875437,25.0,False,11.122222222222222,,0.8493333333333334,15,WR,13.195535714285715,True,True,True,False,True,,,,2.003895259376511,5.233258426966292,,
0.8493333333333334,,00-0033536,0.703328509406657,WR,10.978571428571428,WR,0.1748971193415638,153.7,11.122222222222222,,0.26695464362850974,1.0,0.14072847682119205,1.5555555555555556,,,LAC,2020,0.3979609657717449,26.0,False,10.753333333333334,,0.7046666666666667,14,WR,14.494711538461539,True,True,True,True,True,,,,2.081118824413792,5.493647058823529,,
0.7046666666666667,,00-0033536,0.7837116154873164,WR,15.412500000000001,WR,0.21976149914821125,246.60000000000002,10.753333333333334,,0.30132850241545894,1.0,0.1969465648854962,1.9522998296422487,,,LAC,2021,0.5063497990190655,27.0,False,10.978571428571428,,0.7893749999999999,16,WR,13.576923076923077,True,True,True,True,True,,,,2.4632850504922827,5.2667441860465125,,
0.7893749999999999,,00-0033536,0.5620437956204379,WR,13.576923076923077,WR,0.2012987012987013,176.5,10.978571428571428,,0.2432669148237355,1.0,0.12757201646090535,1.9372294372294372,,,LAC,2022,0.3616448650679729,28.0,False,15.412500000000001,,0.7553846153846154,13,WR,4.1,True,True,True,True,True,,,,2.819758358696051,5.426989247311829,,
,3.325537481793651,00-0033537,,QB_dual_threat,20.629411764705882,QB,,350.7,,0.048365255816732,0.0,0.7,0.0,,0.05484091910193007,614.0,HOU,2018,0.0,23.0,True,,614.0,0.9988235294117648,17,QB,22.82301470588235,True,True,False,False,False,,3.60114705084942,3.011364729458918,,,,
0.9988235294117648,2.1156912075362326,00-0033537,0.9357923497267759,QB_dual_threat,22.563529411764705,QB,0.00145985401459854,383.58,,0.08596318893025183,0.0,0.8,0.001697792869269949,0.008759124087591242,0.11373730758234735,626.0,HOU,2019,0.0025466893039049233,24.0,True,20.629411764705882,626.0,0.9958823529411764,17,QB,23.0825,True,True,True,False,True,,0.7070810931047902,2.8163874239350912,,,,
0.9958823529411764,6.522549013562686,00-0033537,0.9969788519637462,QB_dual_threat,23.0825,QB,0.0,369.32,20.629411764705882,0.15472371635970555,0.0,0.9,0.0,0.0,0.19308009902716786,595.0,HOU,2020,0.0,25.0,True,22.563529411764705,595.0,0.9975,16,QB,14.263333333333334,True,True,True,True,True,,4.828952086801806,2.8523247232472326,,,,
,-3.3266800065194406,00-0033537,0.3252818035426731,QB_dual_threat,14.263333333333334,QB,0.0,85.58,23.0825,-0.12234390717496911,0.0,1.0,0.0,0.0,-0.16051981022201542,188.0,CLE,2022,0.0,27.0,True,,188.0,0.985,6,QB,12.713333333333333,True,True,False,True,False,,-3.3080613722695986,3.27127380952381,,,,
0.985,-0.32609927834886493,00-0033537,0.2726063829787234,QB_pocket,14.466666666666667,QB,0.0,86.8,,-0.09977648013341049,0.0,0.885,0.0,0.0,-0.14114026042623415,187.0,CLE,2023,0.0,28.0,False,14.263333333333334,187.0,0.8333333333333334,6,QB,10.959999999999999,True,True,True,False,True,,-2.8315740937029332,3.057511764705882,,,,
,,00-0033553,,RB,21.53846153846154,RB,,280.0,,,-0.0034469551895825352,1.0,0.10612855007473841,,,,PIT,2018,0.15677995647939982,23.0,True,,,0.7730769230769231,13,RB,13.857142857142858,True,True,False,False,False,,,,,,0.5604949587482305,28.37209302325581
0.7730769230769231,,00-0033553,0.3167259786476868,RB,14.55,RB,0.21348314606741572,145.5,,,-0.013896037056098817,1.0,0.07883817427385892,1.4101123595505618,,,PIT,2019,0.10853003547151921,24.0,True,21.53846153846154,,0.534,10,RB,14.929017857142858,True,True,True,False,True,,,,,,-0.3067420503403938,13.793103448275861
0.534,,00-0033553,0.5306666666666666,RB,13.164285714285715,RB,0.12060301507537688,184.3,21.53846153846154,,-0.003078699249567058,1.0,0.06675938803894298,0.6155778894472361,,,PIT,2020,0.09798399258371751,25.0,True,14.55,,0.6278571428571428,14,RB,16.046875,True,True,True,True,True,,,,,,-0.059048438850407316,19.526627218934912
0.6278571428571428,,00-0033553,0.4474431818181818,RB,16.69375,RB,0.13015873015873017,267.1,14.55,,0.002856515051637003,1.0,0.06788079470198675,1.2063492063492063,,,ARI,2021,0.10382075258912603,26.0,True,13.164285714285715,,0.559375,16,RB,15.45,True,True,True,True,True,,,,,,-0.3261561057827299,16.831683168316832
0.559375,,00-0033553,0.5429326287978864,RB,15.399999999999999,RB,0.1411192214111922,200.2,13.164285714285715,,-0.010474704702473813,0.78,0.0914826498422713,0.7299270072992701,,,ARI,2022,0.1298916814716753,27.0,True,16.69375,,0.7176923076923077,13,RB,15.68125,True,True,True,True,True,,,,,,0.014992995176512699,14.754098360655737
0.7176923076923077,,00-0033553,0.3877551020408163,RB,15.5,RB,0.13360323886639677,201.5,16.69375,,-0.005833121988333756,0.56,0.06111111111111111,0.6680161943319838,,,ARI,2023,0.08758348127483304,28.0,True,15.399999999999999,,0.6161538461538462,13,RB,15.8625,True,True,True,True,True,,,,,,1.0193930426618725,25.0
,,00-0033555,0.31337047353760444,WR,1.875,WR,0.10222222222222223,22.5,,,0.06121212121212121,1.0,0.03656597774244833,0.5555555555555556,,,PHI,2019,0.09769745146215734,26.0,False,,,0.360625,12,WR,3.719090909090909,True,True,False,False,False,,,,,,,
0.360625,,00-0033555,0.24564183835182252,WR,3.4181818181818184,WR,0.16129032258064516,37.6,,,0.05639097744360902,1.0,0.045871559633027525,1.135483870967742,,,MIA,2020,0.1082810236600676,27.0,False,1.875,,0.259375,11,WR,6.544117647058823,True,True,True,False,True,,,,,,,
0.259375,,00-0033555,0.3159420289855073,WR,4.02,WR,0.12844036697247707,60.3,1.875,,0.09580703336339044,1.0,0.046822742474916385,1.0229357798165137,,,MIA,2021,0.1372990370667479,28.0,False,3.4181818181818184,,0.28411764705882353,15,WR,6.329950980392157,True,True,True,True,True,,,,,,,
0.28411764705882353,,00-0033555,0.9414483821263482,WR,9.068235294117647,WR,0.15384615384615385,154.16,3.4181818181818184,,0.22881193801415725,0.88,0.16845878136200718,1.1292962356792144,,,LV,2022,0.41285652865292083,29.0,False,4.02,,0.9341176470588235,17,WR,4.800833333333333,True,True,True,True,True,,,,2.996536330566694,6.590322580645163,,
0.9341176470588235,,00-0033555,0.26567656765676567,WR,3.591666666666667,WR,0.18633540372670807,43.1,4.02,,0.08949880668257756,0.76,0.0594059405940594,1.5590062111801242,,,ATL,2023,0.1517580755688934,30.0,False,9.068235294117647,,0.3961538461538462,12,WR,7.326875,True,True,True,True,True,,,,,,,
0.6599999999999999,,00-0033555,0.5207792207792208,WR,8.64375,WR,0.18703241895261846,138.3,3.591666666666667,,0.19058697208303507,0.52,0.12583892617449666,1.6932668329177056,,,NE,2025,0.32216926971986953,32.0,False,6.01,,0.6758823529411765,16,WR,,False,,True,True,True,,,,2.6658014816271023,6.187230769230769,,
,,00-0033556,,RB,14.096470588235295,RB,,239.64000000000001,,,0.07463295269168026,1.0,0.17647058823529413,,,,CHI,2018,0.31694894923711736,23.0,True,,,0.47941176470588237,17,RB,10.24375,True,True,False,False,False,,,,,,-0.4513935358269545,5.05050505050505
0.47941176470588237,,00-0033556,0.5969230769230769,RB,10.24375,RB,0.26804123711340205,163.9,,,0.041619025840384176,1.0,0.18374558303886926,1.175257731958763,,,CHI,2019,0.3047516926465728,24.0,True,14.096470588235295,,0.49562500000000004,16,RB,,False,False,True,False,True,,,,,,,
,,00-0033559,,TE,4.625,TE,,37.0,,,0.033402382185396165,0.7,0.03597122302158273,,,,DET,2018,0.07733850206215141,24.0,False,,,0.29125,8,TE,,False,False,False,False,False,0.0,,,,,,
,,00-0033562,,WR,4.3375,WR,,69.4,,,0.028341631558789736,0.8,0.06576980568011959,,,,PIT,2018,0.11849385061133219,24.0,False,,,0.273125,16,WR,1.188888888888889,True,True,False,False,False,,,,3.4665805538720518,5.791142857142855,,
0.273125,,00-0033562,0.11921708185053381,WR,1.188888888888889,WR,0.16417910447761194,10.700000000000001,,,0.004374678332475553,0.9,0.022821576763485476,0.40298507462686567,,,PIT,2019,0.0372946399779611,25.0,False,4.3375,,0.14,9,WR,,False,False,True,False,True,,,,,,,
,,00-0033564,0.07766990291262135,TE,0.625,TE,0.08333333333333333,2.5,,,0.0014297385620915032,0.8,0.0075046904315197,0.10416666666666667,,,DEN,2020,0.012257852640743602,25.0,False,,,0.35,4,TE,,False,False,False,False,False,0.0,,,,,,
,,00-0033567,,RB,3.12,HB,,15.6,,,0.0013448607108549472,1.0,0.0033112582781456954,,,,ATL,2018,0.005908289914817007,23.0,False,,,0.1,5,RB,6.3412500000000005,True,True,False,False,False,,,,,,,
0.1,,00-0033567,0.1793193717277487,RB,6.720000000000001,HB,0.10218978102189781,67.2,,,0.003912800447177194,1.0,0.021538461538461538,0.5036496350364964,,,ATL,2019,0.035046652620716344,24.0,False,3.12,,0.26166666666666666,10,RB,5.9625,True,True,True,False,True,,,,,,,
0.26166666666666666,,00-0033567,0.29651162790697677,RB,5.9625,RB,0.14705882352941177,95.4,3.12,,0.007306287252451452,1.0,0.05084745762711865,0.9754901960784313,,,ATL,2020,0.08138558751739398,25.0,True,6.720000000000001,,0.29000000000000004,16,RB,,False,False,True,True,True,,,,,,-0.11590382587512847,14.000000000000002
,,00-0033572,,WR,0.2833333333333334,CB,,1.7000000000000002,,,0.0,0.7,0.0,,,,DET,2018,0.0,23.0,False,,,0.006666666666666667,6,WR,1.6412087912087912,True,True,False,False,False,,,,,,,
0.006666666666666667,,00-0033572,0.00933125972006221,WR,1.0538461538461539,CB,0.3333333333333333,13.700000000000001,,,0.005555555555555556,0.8,0.0036363636363636364,-0.3333333333333333,,,DET,2019,0.009343434343434345,24.0,False,0.2833333333333334,,0.02230769230769231,13,WR,5.2142857142857135,True,True,True,False,True,,,,,,,
0.02230769230769231,,00-0033572,0.1901081916537867,WR,2.2285714285714286,WR,0.16260162601626016,31.200000000000003,0.2833333333333334,,0.019816138917262513,0.9,0.03577817531305903,0.7235772357723578,,,DET,2020,0.0675385602116723,25.0,False,1.0538461538461539,,0.21714285714285714,14,WR,6.223529411764705,True,True,True,True,True,,,,,,,
0.21714285714285714,,00-0033572,0.27340267459138184,WR,8.2,WR,0.21195652173913043,82.0,1.0538461538461539,,0.06320590790616855,1.0,0.06689536878216124,1.2445652173913044,,,JAX,2021,0.14458718870755982,26.0,False,2.2285714285714286,,0.389,10,WR,3.955347593582888,True,True,True,True,True,,,,,,,
0.389,,00-0033572,0.13636363636363635,WR,4.247058823529412,WR,0.3333333333333333,72.2,2.2285714285714286,,0.03953057442865967,1.0,0.05167173252279635,1.9019607843137254,,,JAX,2022,0.10517900088425629,27.0,False,8.2,,0.14588235294117646,17,WR,3.663636363636364,True,True,True,True,True,,,,,,,
0.14588235294117646,,00-0033572,0.2112676056338028,WR,3.663636363636364,WR,0.14,40.300000000000004,8.2,,0.051580020387359836,1.0,0.03459637561779242,1.5,,,JAX,2023,0.08800057769784052,28.0,False,4.247058823529412,,0.27454545454545454,11,WR,0.0,True,True,True,True,True,,,,,,,
,,00-0033572,,WR,0.0,WR,,0.0,3.663636363636364,,0.0,0.76,0.0,,,,ATL,2025,0.0,30.0,False,,,0.0018181818181818182,11,WR,,False,,False,True,False,,,,,,,
,,00-0033573,,WR,1.1600000000000001,WR,,5.800000000000001,,,0.019646365422396856,0.7,0.004524886877828055,,,,PHI,2018,0.02053978611241988,23.0,False,,,0.05176470588235294,5,WR,,False,False,False,False,False,,,,,,,
,,00-0033576,,TE,1.4000000000000001,TE,,9.8,,,0.009221902017291067,0.7,0.014900662251655629,,,,ATL,2018,0.02880632478958719,24.0,False,,,0.165625,7,TE,0.7666666666666666,True,True,False,False,False,0.0,,,,,,
,,00-0033576,0.05164992826398852,TE,0.7666666666666666,TE,0.1111111111111111,4.6,1.4000000000000001,,0.0027420375448217677,0.9,0.00686106346483705,0.4444444444444444,,,JAX,2020,0.012211021478630811,26.0,False,,,0.18625,6,TE,2.2135714285714285,True,True,False,True,False,0.0,,,,,,
0.18625,,00-0033576,0.1782178217821782,TE,1.8700000000000003,TE,0.1111111111111111,18.700000000000003,,,0.009117848187827673,1.0,0.02321083172147002,0.4351851851851852,,,DEN,2021,0.0411987413136844,27.0,False,0.7666666666666666,,0.2647058823529412,10,TE,2.557142857142857,True,True,True,False,True,0.0,,,,,,
0.2647058823529412,,00-0033576,0.30873493975903615,TE,2.557142857142857,TE,0.11707317073170732,35.8,0.7666666666666666,,0.04324555769642475,1.0,0.045283018867924525,0.7219512195121951,,,DEN,2022,0.09819641868938411,28.0,False,1.8700000000000003,,0.35058823529411764,14,TE,2.225,True,True,True,True,True,0.0,,,,,,
0.3382352941176471,,00-0033576,0.19903691813804172,TE,0.9099999999999999,TE,0.056451612903225805,9.1,,,0.0062752129090094125,0.9,0.012939001848428836,0.25,,,SEA,2025,0.023801151808949844,31.0,False,2.225,,0.4164285714285714,10,TE,,False,,True,False,True,0.0,,,,,,
,,00-0033589,,WR,7.214285714285714,WR,,101.0,,,0.21634863331614235,0.7,0.12529550827423167,,,,SEA,2018,0.33938730573264714,23.0,False,,,0.5499999999999999,14,WR,5.660110294117647,True,True,False,False,False,,,,1.9987676923420887,4.736415094339622,,
0.5499999999999999,,00-0033589,0.3314037626628075,WR,4.24375,WR,0.16593886462882096,67.9,,,0.10675129832660127,0.8,0.06934306569343066,1.5633187772925765,,,SEA,2019,0.17874050736876687,24.0,False,7.214285714285714,,0.336875,16,WR,7.076470588235295,True,True,True,False,True,,,,,,,
0.336875,,00-0033589,0.45726495726495725,WR,7.076470588235295,WR,0.14953271028037382,120.30000000000001,7.214285714285714,,0.08432255423659435,0.9,0.08540925266903915,1.3021806853582554,,,SEA,2020,0.18713966696917478,25.0,False,4.24375,,0.45647058823529413,17,WR,,False,False,True,True,True,,,,4.093774476688737,6.7175,,
,,00-0033589,0.09972677595628415,WR,4.6375,WR,0.1506849315068493,37.1,,,0.01798426376920195,1.0,0.017628205128205128,2.3424657534246576,,,TB,2023,0.039031292330749055,28.0,False,,,0.2577777777777778,8,WR,5.673333333333334,True,True,False,False,False,,,,,,,
,,00-0033591,,WR,1.588888888888889,WR,,14.3,,,0.025183150183150184,0.6,0.022413793103448276,,,,DAL,2018,0.05124889478337754,22.0,False,,,0.195,9,WR,2.98,True,True,False,False,False,,,,,,,
,,00-0033591,0.19127988748241911,WR,2.98,WR,0.17647058823529413,29.8,1.588888888888889,,0.05429764783468894,0.8,0.03896103896103896,1.1323529411764706,,,DAL,2020,0.0964499119258407,24.0,False,,,0.20125,10,WR,5.311111111111112,True,True,False,True,False,,,,,,,
0.20125,,00-0033591,0.22559366754617413,WR,3.822222222222222,WR,0.14619883040935672,34.4,,,0.04211502782931354,0.9,0.03692762186115214,1.0760233918128654,,,DAL,2021,0.0848719522722477,25.0,False,2.98,,0.3164285714285714,9,WR,8.01818181818182,True,True,True,False,True,,,,,,,
0.3164285714285714,,00-0033591,0.7138643067846607,WR,6.800000000000001,WR,0.16115702479338842,122.4,2.98,,0.16077491511883363,1.0,0.1270358306188925,1.2272727272727273,,,DAL,2022,0.3030961865115223,26.0,False,3.822222222222222,,0.7033333333333334,18,WR,8.540909090909091,True,True,True,True,True,,,,2.351979024894406,6.786388888888889,,
0.7033333333333334,,00-0033591,0.41517241379310343,WR,9.236363636363636,WR,0.18604651162790697,101.60000000000001,3.822222222222222,,0.12460771644821857,1.0,0.09256198347107437,1.8837209302325582,,,HOU,2023,0.22606837672036456,27.0,False,6.800000000000001,,0.6172727272727273,11,WR,5.585227272727273,True,True,True,True,True,,,,3.1158447851991857,6.723269230769231,,
0.630909090909091,,00-0033591,0.12195121951219512,WR,3.325,WR,0.14285714285714285,13.3,9.236363636363636,,0.03866666666666667,0.88,0.023148148148148147,1.1857142857142857,,,WAS,2025,0.06178888888888889,29.0,False,7.845454545454547,,0.41,4,WR,,False,,True,True,True,,,,,,,
,,00-0033594,,RB,13.82,RB,,207.3,,,-0.0015471892728210418,1.0,0.06382978723404255,,,,SEA,2018,0.0946616483600891,24.0,True,,,0.49133333333333334,15,RB,15.33025641025641,True,True,False,False,False,,,,,,0.44909966290746134,22.267206477732792
0.49133333333333334,,00-0033594,0.5455861070911722,RB,15.506666666666666,RB,0.1246684350132626,232.6,,,-0.009232544720138488,1.0,0.08576642335766424,0.7055702917771883,,,SEA,2019,0.1221868537323994,25.0,True,13.82,,0.6986666666666667,15,RB,13.589423076923076,True,True,True,False,True,,,,,,0.3641539840530597,21.223021582733814
0.6986666666666667,,00-0033594,0.36894586894586895,RB,15.153846153846153,RB,0.18532818532818532,197.0,13.82,,0.01760130986492018,1.0,0.08540925266903915,1.1274131274131274,,,SEA,2020,0.14043479590900285,26.0,True,15.506666666666666,,0.5315384615384615,13,RB,12.025,True,True,True,True,True,,,,,,0.17617243065018698,11.347517730496454
0.5315384615384615,,00-0033594,0.10701754385964912,RB,12.025,RB,0.09836065573770492,48.1,15.506666666666666,,-0.002935199819372319,0.78,0.012684989429175475,0.47540983606557374,,,SEA,2021,0.01697284427020259,27.0,True,15.153846153846153,,0.5725,4,RB,,False,False,True,True,True,,,,,,,
,,00-0033611,,TE,4.953333333333334,TE,,74.30000000000001,,,0.17666926474408937,0.6,0.14680851063829786,,,,ARI,2018,0.3438812512783094,23.0,False,,,0.6133333333333334,15,TE,6.544444444444444,True,True,False,False,False,0.0,,,2.7307876679597243,5.295882352941177,,
0.6133333333333334,,00-0033611,0.29333333333333333,TE,6.544444444444444,TE,0.125,58.9,,,0.05685393258426966,0.7,0.04263565891472868,1.3011363636363635,,,CLE,2019,0.10375124118108178,24.0,False,4.953333333333334,,0.2692857142857143,9,TE,6.281818181818182,True,True,True,False,True,0.0,,,,,,
,,00-0033611,0.493730407523511,TE,6.281818181818182,TE,0.15555555555555556,69.10000000000001,6.544444444444444,,0.06627101879327399,0.9,0.09176029962546817,0.8603174603174604,,,WAS,2021,0.18403016259349403,26.0,False,,,0.5784615384615385,11,TE,,False,False,False,True,False,0.0,,,3.5148706295025933,6.510606060606061,,
,,00-0033627,,TE,3.3266666666666667,TE,,49.9,,,0.05643627140139505,0.7,0.07352941176470588,,,,BUF,2018,0.14979950762803534,24.0,False,,,,15,TE,,False,False,False,False,False,0.0,,,,,,
,,00-0033658,,TE,5.593333333333334,TE,,83.9,,,0.06936813186813187,0.7,0.0706896551724138,,,,DAL,2018,0.154592175066313,24.0,False,,,0.3661111111111111,15,TE,5.7,True,True,False,False,False,0.0,,,,,,
0.3661111111111111,,00-0033658,0.34735202492211836,TE,5.7,TE,0.18385650224215247,85.5,,,0.061460863067438816,0.8,0.07118055555555555,1.6367713004484306,,,DAL,2019,0.1497934374805405,25.0,False,5.593333333333334,,0.38625,15,TE,3.6222222222222222,True,True,True,False,True,0.0,,,,,,
,,00-0033658,0.19393139841688653,TE,3.6222222222222222,TE,0.12244897959183673,32.6,5.7,,0.02634508348794063,1.0,0.026587887740029542,0.6530612244897959,,,DAL,2021,0.05832339005160275,27.0,False,,,0.42666666666666664,9,TE,,False,False,False,True,False,0.0,,,,,,
,-3.466037042597507,00-0033662,0.06860158311345646,QB_pocket,6.02,QB,0.0,24.08,,0.1019616115800219,0.0,0.885,0.0,0.0,0.16051388958259202,50.0,DAL,2021,0.0,28.0,False,,50.0,,4,QB,3.772857142857143,True,True,False,False,False,,,,,,,
,-6.849936818241313,00-0033662,0.252212389380531,QB_pocket,7.08,QB,0.0,56.64,,-0.08308130682973866,0.0,0.942,0.0,0.0,-0.08933070910716388,168.0,DAL,2022,0.0,29.0,False,6.02,168.0,,8,QB,4.7978571428571435,True,True,True,False,False,,-5.179641555091202,2.569223602484472,,,,
,6.77560493350029,00-0033662,0.033156498673740056,QB_pocket,0.46571428571428575,QB,0.0,3.2600000000000002,6.02,-0.12639172213143735,0.0,0.999,0.0,0.0,-0.20959790990276886,25.0,DAL,2023,0.0,30.0,False,7.08,25.0,0.14857142857142858,7,QB,4.78,True,True,True,True,False,,,,,,,
0.6983333333333333,-1.9398655377182306,00-0033662,0.10474308300395258,QB_pocket,0.43000000000000005,QB,0.0,1.7200000000000002,0.46571428571428575,-0.33669217609120944,0.0,1.0,0.0,0.0,-0.4726751135400783,53.0,BAL,2025,0.0,32.0,False,9.13,53.0,0.505,4,QB,,False,,True,True,True,,,,,,,
,,00-0033681,,WR,6.364285714285714,WR,,89.1,,,0.18812959433705417,0.9,0.13592233009708737,,,,JAX,2018,0.33557421118156894,25.0,False,,,0.665625,14,WR,8.135416666666668,True,True,False,False,False,,,,2.87739486389453,6.647058823529412,,
0.665625,,00-0033681,0.37771345875542695,WR,6.558333333333334,WR,0.13409961685823754,78.7,,,0.0878346641615782,1.0,0.06227758007117438,1.3831417624521072,,,JAX,2019,0.1549006350198663,26.0,False,6.364285714285714,,0.345625,12,WR,7.674107142857143,True,True,True,False,True,,,,,,,
0.345625,,00-0033681,0.8378766140602583,WR,9.7125,WR,0.1506849315068493,155.4,6.364285714285714,,0.20185614849187936,1.0,0.1509433962264151,1.0993150684931507,,,JAX,2020,0.36771439828393815,27.0,False,6.558333333333334,,0.755625,16,WR,4.0720238095238095,True,True,True,True,True,,,,3.2609386382485868,6.579012345679012,,
0.755625,,00-0033681,0.5066079295154186,WR,5.635714285714286,WR,0.14782608695652175,78.9,6.558333333333334,,0.16183062042934654,1.0,0.08793103448275862,1.3014492753623188,,,NYJ,2021,0.2451779860246805,28.0,False,9.7125,,0.5833333333333334,14,WR,2.5083333333333333,True,True,True,True,True,,,,2.657046183911194,5.6126,,
0.5833333333333334,,00-0033681,0.38058551617873654,WR,2.5083333333333333,WR,0.08502024291497975,30.1,9.7125,,0.06600344365792998,0.88,0.03763440860215054,0.5708502024291497,,,LV,2022,0.1026540234637768,29.0,False,5.635714285714286,,0.3921428571428572,12,WR,,False,False,True,True,True,,,,,,,
,,00-0033699,,RB,11.375,RB,,182.0,,,0.01129341572554869,1.0,0.10689655172413794,,,,LAC,2018,0.168250218594091,23.0,True,,,0.423125,16,RB,17.92125,True,True,False,False,False,,,,,,0.0639541079159085,28.30188679245283
0.423125,,00-0033699,0.6206896551724138,RB,19.3125,RB,0.2727272727272727,309.0,,,0.02702165706338168,1.0,0.18914185639229422,2.507575757575758,,,LAC,2019,0.3026279445328085,24.0,True,11.375,,0.56625,16,RB,19.00875,True,True,True,False,True,,,,,,-0.6371539611698382,10.606060606060606
0.56625,,00-0033699,0.3878437047756874,RB,16.53,RB,0.24253731343283583,165.3,11.375,,-0.016846652267818573,1.0,0.1076158940397351,1.5037313432835822,,,LAC,2020,0.14963118447212964,25.0,True,19.3125,,0.5650000000000001,10,RB,21.604861111111113,True,True,True,True,True,,,,,,0.09794011476668085,9.482758620689655
0.5650000000000001,,00-0033699,0.6234979973297731,RB,21.4875,RB,0.2012847965738758,343.8,19.3125,,0.034420289855072464,1.0,0.1435114503816794,1.385438972162741,,,LAC,2021,0.2393613784710698,26.0,True,16.53,,0.645625,16,RB,17.48253968253968,True,True,True,True,True,,,,,,-0.0553813872255765,22.815533980582526
0.645625,,00-0033699,0.6253041362530414,RB,21.72222222222222,RB,0.25486381322957197,391.0,16.53,,-0.024304795270418216,0.78,0.17969821673525377,1.4202334630350195,,,LAC,2022,0.2525339684135879,27.0,True,21.4875,,0.6177777777777778,18,RB,11.94142857142857,True,True,True,True,True,,,,,,0.4512878645433233,17.15686274509804
0.6177777777777778,,00-0033699,0.553072625698324,RB,13.242857142857144,RB,0.18686868686868688,185.4,21.4875,,-0.01784936874183718,0.56,0.12052117263843648,1.101010101010101,,,LAC,2023,0.1682872008383687,28.0,True,21.72222222222222,,0.655,14,RB,10.639999999999999,True,True,True,True,True,,,,,,-0.26958667353009613,15.083798882681565
,,00-0033705,0.47648902821316613,WR,1.45,WR,0.05592105263157895,11.6,,,0.05404331412676336,0.9,0.0297723292469352,0.18421052631578946,,,LAC,2019,0.08248881375913715,25.0,False,,,,8,WR,,False,False,False,False,False,,,,,,,
,,00-0033725,,RB,7.372727272727274,RB,,81.10000000000001,,,-0.006090373280943025,1.0,0.03770739064856712,,,,PHI,2018,0.052297824676190555,24.0,False,,,0.3109090909090909,11,RB,2.1,True,True,False,False,False,,,,,,,
,,00-0033725,0.0890125173852573,RB,2.1,RB,0.09375,21.0,7.372727272727274,,-0.0019755037534571317,1.0,0.0106951871657754,0.390625,,,PHI,2020,0.014659928121243108,26.0,False,,,0.10266666666666667,10,RB,3.5036363636363634,True,True,False,True,False,,,,,,,
0.10266666666666667,,00-0033725,0.03825857519788918,RB,2.627272727272727,RB,0.2413793103448276,28.9,,,0.0022263450834879408,0.78,0.0103397341211226,1.0,,,DAL,2021,0.017068042740125456,27.0,False,2.1,,0.058333333333333334,11,RB,4.38,True,True,True,False,True,,,,,,,
0.058333333333333334,,00-0033725,0.062087186261558784,RB,4.38,RB,0.14893617021276595,21.9,2.1,,-0.0008914642299977714,0.56,0.011041009463722398,1.148936170212766,,,ARI,2022,0.015937489234585156,28.0,False,2.627272727272727,,0.13333333333333333,5,RB,,False,False,True,True,True,,,,,,,
,,00-0033733,0.318941504178273,WR,9.371428571428572,WR,0.19213973799126638,65.60000000000001,,,0.0597979797979798,0.8,0.06995230524642289,1.2139737991266375,,,PHI,2019,0.1467870437282202,24.0,False,,,0.59125,7,WR,5.888375,True,True,False,False,False,,,,,,,
0.59125,,00-0033733,0.713490959666203,WR,8.31875,WR,0.1539961013645224,133.1,,,0.08771236665349665,0.9,0.1408199643493761,0.8167641325536062,,,PHI,2020,0.27262860318151183,25.0,False,9.371428571428572,,0.698125,16,WR,3.4579999999999997,True,True,True,False,True,,,,3.5234527034270933,5.821,,
0.698125,,00-0033733,0.23174603174603176,WR,3.4579999999999997,WR,0.07534246575342465,34.58,9.371428571428572,,0.0192481884057971,1.0,0.021568627450980392,0.6506849315068494,,,PHI,2021,0.04582667306052855,26.0,False,8.31875,,0.20944444444444443,10,WR,,False,False,True,True,True,,,,,,,
,,00-0033757,,TE,2.5285714285714285,TE,,17.7,,,0.015110140178408884,0.7,0.009771986970684038,,,,GB,2018,0.025235078580912278,24.0,False,,,0.063125,7,TE,7.147058823529412,True,True,False,False,False,0.0,,,,,,
0.063125,,00-0033757,0.15211267605633802,TE,2.6,TE,0.1388888888888889,26.0,,,0.029833836858006044,0.8,0.024958402662229616,0.9259259259259259,,,GB,2019,0.05832128979394865,25.0,False,2.5285714285714285,,0.2630769230769231,10,TE,8.997058823529413,True,True,True,False,True,0.0,,,,,,
0.2630769230769231,,00-0033757,0.7033132530120482,TE,11.694117647058825,TE,0.14346895074946467,198.8,2.5285714285714285,,0.10609965635738831,0.9,0.1153184165232358,1.430406852248394,,,GB,2020,0.2472473842350255,26.0,False,2.6,,0.6188888888888889,17,TE,6.444117647058823,True,True,True,True,True,0.0,,,4.243192497644826,6.1538775510204085,,
0.6188888888888889,,00-0033757,0.2909356725146199,TE,6.3,TE,0.1457286432160804,50.4,2.6,,0.05606676653113631,1.0,0.048576214405360134,1.0251256281407035,,,GB,2021,0.1121110581798356,27.0,False,11.694117647058825,,0.60125,8,TE,4.219117647058823,True,True,True,True,True,0.0,,,,,,
0.60125,,00-0033757,0.6219312602291326,TE,6.588235294117647,TE,0.1763157894736842,112.0,11.694117647058825,,0.08877760072843159,1.0,0.12430426716141002,1.236842105263158,,,GB,2022,0.24860072125201715,28.0,False,6.3,,0.541764705882353,17,TE,1.8499999999999999,True,True,True,True,True,0.0,,,4.390483411144725,6.54962962962963,,
0.541764705882353,,00-0033757,0.27697262479871176,TE,1.8499999999999999,TE,0.09883720930232558,22.2,6.3,,0.04167864328830124,1.0,0.036093418259023353,0.6511627906976745,,,CHI,2023,0.0833151776903459,29.0,False,6.588235294117647,,0.2823529411764706,12,TE,,False,False,True,True,True,0.0,,,,,,
,,00-0033760,,RB,0.47500000000000003,RB,,1.9000000000000001,,,0.0,1.0,0.0,,,,LA,2018,0.0,23.0,False,,,,4,RB,,False,False,False,False,False,,,,,,,
,,00-0033789,,RB,1.8166666666666667,RB,,10.9,,,-0.0005196154845414394,1.0,0.014893617021276596,,,,ARI,2018,0.021976694692735887,24.0,False,,,0.033,6,RB,0.47777777777777775,True,True,False,False,False,,,,,,,
0.033,,00-0033789,0.015427769985974754,RB,0.47777777777777775,RB,0.2727272727272727,4.3,,,0.004691164972634871,1.0,0.0049504950495049506,1.1818181818181819,,,TB,2019,0.010709558055101836,25.0,False,1.8166666666666667,,0.02666666666666667,9,RB,,False,False,True,False,True,,,,,,,
,,00-0033838,0.09608540925266904,RB,2.857142857142857,RB,0.12962962962962962,20.0,,,0.001544004117344313,1.0,0.014522821576763486,0.8888888888888888,,,PIT,2019,0.022865035247286246,25.0,False,,,,7,RB,,False,False,False,False,False,,,,,,,
,,00-0033839,,WR,11.343750000000002,WR,,181.50000000000003,,,0.23196297304655594,0.9,0.19611650485436893,,,,JAX,2018,0.4565488384141425,25.0,False,,,0.78125,16,WR,10.446666666666665,True,True,False,False,False,,,,3.5126726115132967,6.128426966292135,,
0.78125,,00-0033839,0.8017366136034733,WR,10.446666666666665,WR,0.18231046931407943,156.7,,,0.1573508689525599,1.0,0.1797153024911032,1.1913357400722022,,,JAX,2019,0.3797185620034467,26.0,False,11.343750000000002,,0.7373333333333334,15,WR,1.12,True,True,True,False,True,,,,3.1961597241781687,6.206666666666667,,
,,00-0033839,0.2542113323124043,WR,1.12,WR,0.09036144578313253,16.8,10.446666666666665,,0.024493431307058562,1.0,0.026833631484794274,0.40963855421686746,,,MIN,2021,0.0573958491421324,28.0,False,,,0.21066666666666667,15,WR,,False,False,False,True,False,,,,,,,
,,00-0033840,0.30362537764350456,WR,9.32,WR,0.11940298507462686,46.6,,,0.061675882603147596,0.9,0.045714285714285714,1.1741293532338308,,,HOU,2020,0.11174454639363189,25.0,False,,,0.906,5,WR,,False,False,False,False,False,,,,,,,
,,00-0033854,0.4165497896213184,RB,4.70625,RB,0.15488215488215487,75.3,,,0.01892103205629398,1.0,0.07590759075907591,0.9629629629629629,,,TB,2019,0.12710610857801966,25.0,False,,,0.313125,16,RB,3.421923076923077,True,True,False,False,False,,,,,,,
0.313125,,00-0033854,0.2065997130559541,RB,2.9899999999999998,RB,0.1388888888888889,29.9,,,0.003585741404766927,1.0,0.03430531732418525,0.375,,,JAX,2020,0.05396799496961473,26.0,False,4.70625,,0.21214285714285713,10,RB,3.5502564102564103,True,True,True,False,True,,,,,,,
0.21214285714285713,,00-0033854,0.1976225854383358,RB,3.853846153846154,RB,0.15789473684210525,50.1,4.70625,,0.006733275412684622,0.78,0.036020583190394515,0.8571428571428571,,,JAX,2021,0.058744167574471005,27.0,False,2.9899999999999998,,0.17176470588235293,13,RB,2.0915151515151518,True,True,True,True,True,,,,,,,
0.17176470588235293,,00-0033854,0.19158878504672897,RB,3.246666666666667,RB,0.21138211382113822,48.7,2.9899999999999998,,-0.002667313288069835,0.56,0.04659498207885305,0.8455284552845529,,,HOU,2022,0.06802535381663069,28.0,False,3.853846153846154,,0.16705882352941176,15,RB,2.0904040404040405,True,True,True,True,True,,,,,,,
0.16705882352941176,,00-0033854,0.15310344827586206,RB,0.9363636363636364,RB,0.07207207207207207,10.3,3.853846153846154,,0.006645744877238324,0.34,0.013223140495867768,0.27927927927927926,,,HOU,2023,0.024486732157868476,29.0,False,3.246666666666667,,0.1457142857142857,11,RB,2.4829365079365084,True,True,True,True,True,,,,,,,
0.27473684210526317,,00-0033854,0.15176151761517614,RB,1.7214285714285715,RB,0.11607142857142858,24.1,0.9363636363636364,,0.004548900682335102,0.0,0.020634920634920634,0.6785714285714286,,,HOU,2025,0.03413661143001553,31.0,False,3.244444444444445,,0.1,14,RB,,False,,True,True,True,,,,,,,
,,00-0033856,,RB,15.05,RB,,120.4,,,-0.0038115981486523277,1.0,0.05048543689320388,,,,JAX,2018,0.07306003663574918,23.0,True,,,0.51375,8,RB,15.484166666666667,True,True,False,False,False,,,,,,-0.19071437467571578,35.338345864661655
0.51375,,00-0033856,0.8162083936324168,RB,17.293333333333333,RB,0.1773049645390071,259.4,,,0.0030530765617660873,1.0,0.17793594306049823,0.925531914893617,,,JAX,2019,0.2690410681839836,24.0,True,15.05,,0.8859999999999999,15,RB,16.414166666666667,True,True,True,False,True,,,,,,0.3892463536611126,31.32075471698113
0.8859999999999999,,00-0033856,0.465,RB,13.675,RB,0.1827956989247312,218.8,15.05,,0.0014496955639315744,1.0,0.0918918918918919,1.0241935483870968,,,TB,2020,0.13885262473258994,25.0,True,17.293333333333333,,0.5111764705882352,16,RB,16.306078431372548,True,True,True,True,True,,,,,,-0.27013028384563414,10.309278350515463
0.5111764705882352,,00-0033856,0.5144843568945539,RB,19.153333333333332,RB,0.20945945945945946,287.3,17.293333333333333,,0.007682659140796488,1.0,0.115527950310559,1.1486486486486487,,,TB,2021,0.17866978686439602,26.0,True,13.675,,0.6493333333333333,15,RB,13.458823529411765,True,True,True,True,True,,,,,,0.2719249205909062,13.333333333333334
0.6493333333333333,,00-0033856,0.5615474794841735,RB,13.458823529411765,RB,0.17536534446764093,228.8,13.675,,-0.010194624652455977,0.78,0.1070063694267516,1.104384133611691,,,TB,2022,0.15337331688340822,27.0,True,19.153333333333332,,0.5888235294117647,17,RB,,False,False,True,True,True,,,,,,-0.7227603228185857,22.22222222222222
,,00-0033857,,WR,18.556250000000002,WR,,296.90000000000003,,,0.27977786288778245,0.6,0.24813153961136025,,,,PIT,2018,0.5680418134384881,22.0,False,,,0.860625,16,WR,12.622549019607844,True,True,False,False,False,,,,3.00124581675711,5.316601307189543,,
0.860625,,00-0033857,0.6619217081850534,WR,9.433333333333334,WR,0.1881720430107527,113.2,,,0.17575913535769427,0.7,0.14522821576763487,1.4838709677419355,,,PIT,2019,0.3408737184018383,23.0,False,18.556250000000002,,0.7741666666666666,12,WR,11.43921568627451,True,True,True,False,True,,,,2.373298045699334,4.861612903225807,,
0.7741666666666666,,00-0033857,0.9546666666666667,WR,15.811764705882354,WR,0.2053072625698324,268.8,18.556250000000002,,0.17240715797575523,0.8,0.20445062586926285,1.3798882681564246,,,PIT,2020,0.42736094938692293,24.0,False,9.433333333333334,,0.8505882352941176,17,WR,8.907017543859649,True,True,True,True,True,,,,3.0567270458840814,6.138846153846154,,
0.8505882352941176,,00-0033857,0.24242424242424243,WR,7.066666666666666,WR,0.1956521739130435,42.4,9.433333333333334,,0.04560810810810811,0.9,0.05194805194805195,0.842391304347826,,,PIT,2021,0.10984775359775359,25.0,False,15.811764705882354,,0.7266666666666667,6,WR,8.146411483253589,True,True,True,True,True,,,,,,,
0.7266666666666667,,00-0033857,0.7251184834123223,WR,10.747368421052633,WR,0.184640522875817,204.20000000000002,15.811764705882354,,0.16267756372835182,1.0,0.15870786516853932,1.6699346405228759,,,KC,2022,0.3519360923626553,26.0,False,7.066666666666666,,0.6978947368421052,19,WR,5.083441558441558,True,True,True,True,True,,,,3.3265782560314987,5.703020833333333,,
0.6978947368421052,,00-0033857,0.39331210191082805,WR,5.545454545454546,WR,0.1902834008097166,61.0,7.066666666666666,,0.08452113028257065,1.0,0.08687615526802218,1.0526315789473684,,,NE,2023,0.18947902409983275,27.0,False,10.747368421052633,,0.6436363636363637,11,WR,4.472478991596638,True,True,True,True,True,,,,2.4220562074219356,7.014888888888888,,
0.47411764705882353,,00-0033857,0.5606936416184971,WR,4.323529411764706,WR,0.11597938144329897,73.5,5.545454545454546,,0.05677059097254537,0.88,0.08196721311475409,0.8891752577319587,,,KC,2025,0.1626902333529129,29.0,False,4.621428571428572,,0.5723529411764706,17,WR,,False,,True,True,True,,,,3.4575172396040816,6.032682926829269,,
,,00-0033858,,TE,5.316666666666667,TE,,63.800000000000004,,,0.04865034526051475,0.6,0.07075471698113207,,,,TEN,2018,0.14018731715405844,23.0,False,,,0.7476923076923078,12,TE,8.175555555555555,True,True,False,False,False,0.0,,,,,,
0.7476923076923078,,00-0033858,0.5891089108910891,TE,6.811111111111112,TE,0.1484593837535014,122.60000000000001,,,0.0698478561549101,0.7,0.11064718162839249,1.3949579831932772,,,TEN,2019,0.2148642717510258,24.0,False,5.316666666666667,,0.7352631578947368,18,TE,6.87625,True,True,True,False,True,0.0,,,3.6581825443177194,5.856774193548386,,
0.7352631578947368,,00-0033858,0.6648841354723708,TE,9.54,TE,0.18230563002680966,143.1,5.316666666666667,,0.09099901088031652,0.8,0.13934426229508196,1.225201072386059,,,TEN,2020,0.27271570105884446,25.0,False,6.811111111111112,,0.74375,15,TE,4.272916666666667,True,True,True,True,True,0.0,,,3.272765979644888,5.722307692307691,,
0.74375,,00-0033858,0.32263242375601925,TE,4.2125,TE,0.22388059701492538,67.4,6.811111111111112,,0.055456570155902,0.9,0.08050089445438283,1.462686567164179,,,NE,2021,0.15957094079070563,26.0,False,9.54,,0.5005882352941177,16,TE,5.819607843137255,True,True,True,True,True,0.0,,,3.961486073576757,5.356857142857143,,
0.5005882352941177,,00-0033858,0.32838283828382836,TE,4.333333333333333,TE,0.19095477386934673,52.0,9.54,,0.02824446067689311,1.0,0.07392996108949416,1.2311557788944723,,,NE,2022,0.13066606410806642,27.0,False,4.2125,,0.48,12,TE,10.191176470588236,True,True,True,True,True,0.0,,,,,,
0.48,,00-0033858,0.6914191419141914,TE,7.305882352941176,TE,0.16706443914081145,124.2,4.2125,,0.10930787589498807,1.0,0.13861386138613863,1.3890214797136038,,,ATL,2023,0.28443630520569957,28.0,False,4.333333333333333,,0.5735294117647058,17,TE,8.957679738562092,True,True,True,True,True,0.0,,,3.8862629343069037,6.647090909090909,,
0.5488235294117647,,00-0033858,0.5299684542586751,TE,4.8388888888888895,TE,0.16964285714285715,87.10000000000001,7.305882352941176,,0.07199067327309822,1.0,0.10401459854014598,0.6577380952380952,,,PIT,2025,0.20641536910138772,30.0,False,13.076470588235296,,0.5272222222222223,18,TE,,False,,True,True,True,0.0,,,3.7720448858153577,5.499750000000001,,
,1.6731346636308593,00-0033869,,QB_dual_threat,18.669333333333334,QB,,280.04,,0.07835532657483782,0.0,0.8,0.0,,0.10476560369135034,506.0,CHI,2018,0.0,24.0,True,,506.0,0.994,15,QB,14.336121212121212,True,True,False,False,False,,1.2473537736842673,2.6597251732101617,,,,
0.994,-2.3253603406976278,00-0033869,0.8876923076923077,QB_dual_threat,13.521333333333333,QB,0.0,202.82,,-0.05311800299644917,0.0,0.9,0.0,0.0,-0.06591703139193755,552.0,CHI,2019,0.0,25.0,True,18.669333333333334,552.0,0.9333333333333333,15,QB,8.235454545454544,True,True,True,False,True,,-0.7519286587087635,2.6393138401559453,,,,
0.9333333333333333,1.2397921737283468,00-0033869,0.5191489361702127,QB_dual_threat,15.15090909090909,QB,0.0,166.66,18.669333333333334,0.04778200174477072,0.0,1.0,0.0,0.0,0.06294660746226526,346.0,CHI,2020,0.0,26.0,True,13.521333333333333,346.0,0.8527272727272727,11,QB,5.937142857142857,True,True,True,True,True,,1.9216175674108058,2.6610875420875417,,,,
0.8527272727272727,1.5287205576896667,00-0033869,0.011221945137157107,QB_pocket,1.32,QB,0.0,7.920000000000001,13.521333333333333,-0.14076305205526296,0.0,0.828,0.0,0.0,-0.2076417338976171,8.0,BUF,2021,0.0,27.0,False,15.15090909090909,8.0,0.07571428571428572,6,QB,10.145142857142858,True,True,True,True,True,,,,,,,
0.07571428571428572,1.608036702635598,00-0033869,0.30434782608695654,QB_pocket,10.554285714285713,QB,0.0,73.88,15.15090909090909,0.01221190161106743,0.0,0.885,0.0,0.0,0.010553987861658053,191.0,PIT,2022,0.0,28.0,False,1.32,191.0,0.8271428571428572,7,QB,5.699111111111112,True,True,True,True,True,,5.427664735664926,2.760055865921788,,,,
0.8271428571428572,-2.2353558586193967,00-0033869,0.20327868852459016,QB_pocket,9.736,QB,0.0,48.68,1.32,-0.11845883927518565,0.0,0.942,0.0,0.0,-0.15964681671332495,114.0,PIT,2023,0.0,29.0,False,10.554285714285713,114.0,0.632,5,QB,4.72111111111111,True,True,True,True,True,,,,,,,
0.167,7.804343805593603,00-0033869,0.05743740795287187,QB_pocket,7.779999999999999,QB,0.0,31.119999999999997,9.736,0.5102814796643834,0.0,1.0,0.0,0.0,0.6955263546394324,37.0,BUF,2025,0.0,31.0,False,1.6622222222222218,37.0,0.3325,4,QB,,False,,True,True,True,,,,,,,
,,00-0033871,,WR,11.475000000000001,WR,,183.60000000000002,,,0.3637790332705587,0.7,0.2641509433962264,,,,TEN,2018,0.6508717383837308,23.0,False,,,0.883125,16,WR,10.099444444444444,True,True,False,False,False,,,,3.0511981039825167,6.079245283018868,,
0.883125,,00-0033871,0.7706270627062707,WR,7.438888888888889,WR,0.1734475374732334,133.9,,,0.2300599354541263,0.8,0.16910229645093947,1.4325481798715203,,,TEN,2019,0.4146953994942976,24.0,False,11.475000000000001,,0.765,18,WR,12.224444444444444,True,True,True,False,True,,,,2.7124062336742987,7.209402985074626,,
0.765,,00-0033871,0.7094474153297683,WR,12.76,WR,0.23618090452261306,191.4,11.475000000000001,,0.27002967359050445,0.9,0.19262295081967212,2.472361809045226,,,TEN,2020,0.47795519774286127,25.0,False,7.438888888888889,,0.7633333333333333,15,WR,9.5982905982906,True,True,True,True,True,,,,2.4113056853050225,6.779999999999999,,
0.7633333333333333,,00-0033871,0.4170337738619677,WR,11.68888888888889,WR,0.20774647887323944,105.2,7.438888888888889,,0.18046709129511676,1.0,0.10172413793103448,1.732394366197183,,,NYJ,2021,0.27891317080313344,26.0,False,12.76,,0.7877777777777778,9,WR,7.507692307692308,True,True,True,True,True,,,,2.6700590654322283,6.759473684210525,,
0.7877777777777778,,00-0033871,0.5755813953488372,WR,7.507692307692308,WR,0.16161616161616163,97.6,12.76,,0.17578603511637403,1.0,0.10884353741496598,1.3535353535353536,,,NYJ,2022,0.2863155307039108,27.0,False,11.68888888888889,,0.7,13,WR,,False,False,True,True,True,,,,2.3243764320212215,6.66890625,,
,3.7218153075257496,00-0033873,,QB_pocket,25.55,QB,,459.90000000000003,,0.2295556251283924,0.0,0.6,0.0,,0.31198597029402164,686.0,KC,2018,0.0,23.0,False,,686.0,0.9866666666666668,18,QB,23.300065359477124,True,True,False,False,False,,1.5126480666342559,2.9096027633851467,,,,
0.9866666666666668,2.2557084603856006,00-0033873,0.8657894736842106,QB_pocket,22.62235294117647,QB,0.0,384.58,,0.190950220985016,0.0,0.657,0.0,0.0,0.2631187080055131,620.0,KC,2019,0.0,24.0,False,25.55,620.0,0.9447058823529411,17,QB,23.479888888888887,True,True,True,False,True,,-1.1544744618822023,2.8167644628099175,,,,
0.9447058823529411,2.26338298481345,00-0033873,0.9387755102040817,QB_pocket,23.977777777777778,QB,0.0025575447570332483,431.6,25.55,0.18515930739743866,0.004333506673600277,0.714,0.0027434842249657062,0.0,0.2548130834899976,732.0,KC,2020,0.007148681008968753,25.0,False,22.62235294117647,732.0,0.9627777777777777,18,QB,23.429,True,True,True,True,True,,-1.339006524051527,2.888555366269165,,,,
0.9627777777777777,3.246764867040126,00-0033873,0.979933110367893,QB_dual_threat,22.982,QB,0.0,459.64,22.62235294117647,0.14770954265079397,0.0,1.0,0.0,0.0,0.19709892578524799,818.0,KC,2021,0.0,26.0,True,23.977777777777778,818.0,0.978,20,QB,20.897,True,True,True,True,True,,-2.39935121513156,2.8400759878419453,,,,
0.978,4.100697769763622,00-0033873,0.9881516587677726,QB_dual_threat,23.875999999999998,QB,0.001199040767386091,477.52,23.977777777777778,0.1957831666935191,-0.0017513134851138354,1.0,0.0014044943820224719,0.007194244604316547,0.2621158191203261,780.0,KC,2022,0.0008808221334540231,27.0,True,22.982,780.0,0.9765,20,QB,18.126894736842104,True,True,True,True,True,,-0.6843539644722512,2.8926805555555553,,,,
0.9765,3.8664558980104733,00-0033873,0.9536199095022625,QB_dual_threat,17.918,QB,0.0,358.36,22.982,0.060137787424004864,0.0,1.0,0.0,0.0,0.06934059961424778,776.0,KC,2023,0.0,28.0,True,23.875999999999998,776.0,0.9865,20,QB,19.37075187969925,True,True,True,True,True,,-1.7467177724169431,2.970268907563025,,,,
0.9942105263157895,0.3364148339055809,00-0033873,0.8540462427745664,QB_dual_threat,20.405714285714286,QB,0.001692047377326565,285.68,17.918,0.09015949541119868,-0.0018613308515588647,0.88,0.0018214936247723133,-0.01692047377326565,0.1273575012992599,537.0,KC,2025,0.0014293088410672647,30.0,True,18.335789473684212,537.0,0.9742857142857143,14,QB,,False,,True,True,True,,-2.896912350597617,2.788834,,,,
,,00-0033879,,TE,12.05,TE,,120.5,,,0.08638025594149909,0.7,0.07754442649434572,,,,TB,2018,0.17678281890056793,24.0,False,,,0.604,10,TE,7.696428571428571,True,True,False,False,False,0.0,,,2.500796985844318,4.5448571428571425,,
0.604,,00-0033879,0.6283309957924264,TE,5.992857142857143,TE,0.11830357142857142,83.9,,,0.08256450351837373,0.8,0.08745874587458746,1.0245535714285714,,,TB,2019,0.1889832712747428,25.0,False,12.05,,0.7921428571428571,14,TE,6.220833333333333,True,True,True,False,True,0.0,,,2.4667951758729707,5.0408333333333335,,
0.7921428571428571,,00-0033879,0.085,TE,9.4,TE,0.27941176470588236,37.6,12.05,,0.03276311974485358,0.9,0.025675675675675677,2.1470588235294117,,,TB,2020,0.061447697334911025,26.0,False,5.992857142857143,,0.48750000000000004,4,TE,3.179924242424242,True,True,True,True,True,0.0,,,,,,
0.48750000000000004,,00-0033879,0.21436848203939746,TE,3.0416666666666665,TE,0.12432432432432433,36.5,5.992857142857143,,0.022420821574161177,1.0,0.02857142857142857,0.7837837837837838,,,TB,2021,0.058551717959055685,27.0,False,9.4,,0.3005263157894737,12,TE,3.3181818181818183,True,True,True,True,True,0.0,,,,,,
0.3005263157894737,,00-0033879,0.2336448598130841,TE,3.3181818181818183,TE,0.15333333333333332,36.5,9.4,,0.06134820562560621,1.0,0.04121863799283154,0.9666666666666667,,,HOU,2022,0.10477170092717165,28.0,False,3.0416666666666665,,0.3976923076923077,11,TE,,False,False,True,True,True,0.0,,,,,,
,,00-0033881,,TE,11.481818181818182,TE,,126.30000000000001,,,0.07883720930232559,0.7,0.11347517730496454,,,,NYG,2018,0.22539881246907473,24.0,False,,,0.6554545454545454,11,TE,11.24375,True,True,False,False,False,0.0,,,4.422359424302674,6.080517241379311,,
0.6554545454545454,,00-0033881,0.45454545454545453,TE,13.675,TE,0.21935483870967742,109.4,,,0.0839146057915874,0.8,0.11643835616438356,1.5064516129032257,,,NYG,2019,0.2333977583006865,25.0,False,11.481818181818182,,0.7975,8,TE,7.822916666666666,True,True,True,False,True,0.0,,,3.069753623893296,5.871754385964913,,
0.7975,,00-0033881,0.9028475711892797,TE,8.8125,TE,0.20222634508348794,141.0,11.481818181818182,,0.20133367530135932,0.9,0.21975806451612903,1.2133580705009277,,,NYG,2020,0.47057066948514503,26.0,False,13.675,,0.82375,16,TE,8.871929824561404,True,True,True,True,True,0.0,,,2.947230694005752,6.190602409638555,,
0.82375,,00-0033881,0.7177177177177178,TE,6.833333333333333,TE,0.15271966527196654,102.5,13.675,,0.08924652523774688,1.0,0.13296903460837886,0.8535564853556485,,,NYG,2021,0.26192611957899115,27.0,False,8.8125,,0.7466666666666666,15,TE,12.228792569659444,True,True,True,True,True,0.0,,,3.4021816268153793,6.264166666666667,,
0.7466666666666666,,00-0033881,0.8582887700534759,TE,10.910526315789474,TE,0.1791277258566978,207.3,8.8125,,0.13979822935968705,1.0,0.17477203647416414,1.3862928348909658,,,JAX,2022,0.36001681526302715,28.0,False,6.833333333333333,,0.7947368421052632,19,TE,11.745751633986927,True,True,True,True,True,0.0,,,3.2557857770506167,6.983246753246752,,
0.7947368421052632,,00-0033881,0.8971830985915493,TE,13.547058823529412,TE,0.22448979591836735,230.3,6.833333333333333,,0.14597349643221202,1.0,0.2355848434925865,1.511773940345369,,,JAX,2023,0.4555587127414282,29.0,False,10.910526315789474,,0.786470588235294,17,TE,7.983333333333333,True,True,True,True,True,0.0,,,3.3855664522896727,6.220818181818182,,
0.7200000000000001,,00-0033881,0.5439056356487549,TE,6.022222222222222,TE,0.19759036144578312,108.4,13.547058823529412,,0.07191568505889646,0.9,0.1277258566978193,1.1734939759036145,,,DEN,2025,0.24192976458795645,31.0,False,9.944444444444445,,0.41888888888888887,18,TE,,False,,True,True,True,0.0,,,4.577735615988696,6.773653846153845,,
,,00-0033885,,TE,9.593333333333334,TE,,143.9,,,0.14312546957175057,0.5,0.15798922800718132,,,,CLE,2018,0.3371716707109974,22.0,False,,,0.79625,15,TE,4.915384615384616,True,True,False,False,False,0.0,,,3.0614063144804686,5.555806451612903,,
,,00-0033885,0.3748006379585327,TE,4.915384615384616,TE,0.14893617021276595,63.900000000000006,9.593333333333334,,0.05501691093573845,0.7,0.0661625708884688,1.1872340425531915,,,CLE,2020,0.1377556939877201,24.0,False,,,0.46799999999999997,13,TE,8.658095238095239,True,True,False,True,False,0.0,,,,,,
0.46799999999999997,,00-0033885,0.5903814262023217,TE,7.173333333333334,TE,0.14887640449438203,107.60000000000001,,,0.10490529383195726,0.8,0.10707070707070707,1.3342696629213484,,,CLE,2021,0.23403976628843065,25.0,False,4.915384615384616,,0.64625,15,TE,11.468487394957982,True,True,True,False,True,0.0,,,3.0349213077988906,4.6575,,
0.64625,,00-0033885,0.71658615136876,TE,10.142857142857142,TE,0.1797752808988764,142.0,4.915384615384616,,0.12799043062200957,0.9,0.15810276679841898,1.4112359550561797,,,CLE,2022,0.3267474516330352,26.0,False,7.173333333333334,,0.8428571428571429,14,TE,13.147058823529413,True,True,True,True,True,0.0,,,3.0687082983806158,5.183220338983051,,
0.8428571428571429,,00-0033885,0.8164893617021277,TE,12.794117647058824,TE,0.2182410423452769,217.5,7.173333333333334,,0.13115060804490178,1.0,0.209375,1.5879478827361564,,,CLE,2023,0.40586792563143126,27.0,False,10.142857142857142,,0.8105882352941176,17,TE,10.672727272727272,True,True,True,True,True,0.0,,,3.48310974053397,5.078837209302325,,
0.7490909090909091,,00-0033885,0.48522550544323484,TE,7.845454545454545,TE,0.15384615384615385,86.3,12.794117647058824,,0.07047353760445682,1.0,0.09213051823416507,0.9391025641025641,,,CLE,2025,0.18752725367436737,29.0,False,13.5,,0.6391666666666667,11,TE,,False,,True,True,True,0.0,,,2.664604271288044,5.68121212121212,,
,,00-0033891,,WR,10.325,WR,,165.2,,,0.259141830479814,0.7,0.21428571428571427,,,,BUF,2018,0.5028278527644412,23.0,False,,,0.891875,16,WR,3.4082467532467535,True,True,False,False,False,,,,2.7567293241341324,6.180816326530612,,
0.891875,,00-0033891,0.6596119929453262,WR,3.4928571428571433,WR,0.12032085561497326,48.900000000000006,,,0.14751600121914052,0.8,0.09278350515463918,0.5775401069518716,,,LV,2019,0.24243645858535712,24.0,False,10.325,,0.6286666666666666,14,WR,5.505568181818182,True,True,True,False,True,,,,3.04590044900358,5.869318181818182,,
0.6286666666666666,,00-0033891,0.26644736842105265,WR,3.3236363636363637,WR,0.12345679012345678,36.56,10.325,,0.03287037037037037,0.9,0.039525691699604744,0.9506172839506173,,,LV,2020,0.08229779680866638,25.0,False,3.4928571428571433,,0.26,11,WR,10.310416666666667,True,True,True,True,True,,,,,,,
0.26,,00-0033891,0.5983935742971888,WR,7.6875,WR,0.174496644295302,123.0,3.4928571428571433,,0.20204313280363223,1.0,0.121875,1.3579418344519016,,,LV,2021,0.32424269296254254,26.0,False,3.3236363636363637,,0.5855555555555555,16,WR,10.805555555555555,True,True,True,True,True,,,,3.3394613197323717,7.063970588235294,,
0.5855555555555555,,00-0033891,0.8983957219251337,WR,12.933333333333334,WR,0.20982142857142858,232.8,3.3236363636363637,,0.254272184476014,1.0,0.21428571428571427,1.4583333333333333,,,JAX,2022,0.4994191005617812,27.0,False,7.6875,,0.8788888888888889,18,WR,5.705555555555556,True,True,True,True,True,,,,3.540296186865175,6.598290598290596,,
0.8788888888888889,,00-0033891,0.43380281690140843,WR,8.677777777777777,WR,0.2077922077922078,78.1,7.6875,,0.17757390417940877,1.0,0.10543657331136738,1.0422077922077921,,,JAX,2023,0.28245659289263725,28.0,False,12.933333333333334,,0.7366666666666667,9,WR,3.8916666666666666,True,True,True,True,True,,,,2.4790105738790205,6.69393442622951,,
0.34545454545454546,,00-0033891,0.23097463284379172,WR,5.05,WR,0.10404624277456648,30.3,8.677777777777777,,0.054157303370786516,0.76,0.029173419773095625,1.0578034682080926,,,ARI,2025,0.081670242019194,30.0,False,2.733333333333334,,0.49625,6,WR,,False,,True,True,True,,,,,,,
,,00-0033893,,RB,13.818181818181818,RB,,152.0,,,-0.02104278700023381,1.0,0.08492201039861352,,,,MIN,2018,0.11265306469775661,23.0,True,,,0.6981818181818181,11,RB,22.345535714285717,True,True,False,False,False,,,,,,0.14627666642756,18.045112781954884
0.6981818181818181,,00-0033893,0.6260869565217392,RB,20.5625,RB,0.2111111111111111,329.0,,,-0.0283247909360669,1.0,0.16033755274261605,1.5638888888888889,,,MIN,2019,0.22067897545867723,24.0,True,13.818181818181818,,0.6743750000000001,16,RB,19.9989010989011,True,True,True,False,True,,,,,,0.38118216387171466,24.0
0.6743750000000001,,00-0033893,0.5431034482758621,RB,24.12857142857143,RB,0.17142857142857143,337.8,13.818181818181818,,-0.02502606882168926,1.0,0.11440677966101695,1.146031746031746,,,MIN,2020,0.15409192131634292,25.0,True,20.5625,,0.7092857142857143,14,RB,14.901282051282053,True,True,True,True,True,,,,,,0.5509225469385485,30.76923076923077
0.7092857142857143,,00-0033893,0.47320061255742724,RB,15.86923076923077,RB,0.15857605177993528,206.3,20.5625,,-0.017590737029614785,1.0,0.08765652951699464,0.7249190938511327,,,MIN,2021,0.1191712783547616,26.0,True,24.12857142857143,,0.6976923076923077,13,RB,8.383333333333333,True,True,True,True,True,,,,,,0.15553862878071822,26.506024096385545
0.6976923076923077,,00-0033893,0.7168597168597168,RB,13.933333333333334,RB,0.11310592459605028,250.8,24.12857142857143,,-0.010572511470177539,0.78,0.09431137724550898,0.547576301615799,,,MIN,2022,0.1340663078391392,27.0,True,15.86923076923077,,0.7288888888888888,18,RB,2.8333333333333335,True,True,True,True,True,,,,,,-0.08048256216137598,18.939393939393938
0.7288888888888888,,00-0033893,0.17335243553008595,RB,2.8333333333333335,RB,0.1652892561983471,42.5,15.86923076923077,,-0.006078224101479916,0.56,0.03558718861209965,0.6446280991735537,,,NYJ,2023,0.04912602604711353,28.0,True,13.933333333333334,,0.2175,15,RB,,False,False,True,True,True,,,,,,,
,,00-0033895,,TE,5.2,TE,,93.60000000000001,,,0.06705798648167911,0.7,0.08837209302325581,,,,LA,2018,0.17949873007205908,24.0,False,,,0.3863157894736842,18,TE,6.474019607843138,True,True,False,False,False,0.0,,,3.8657170267183245,6.040750000000001,,
0.3863157894736842,,00-0033895,0.4189189189189189,TE,7.483333333333333,TE,0.21505376344086022,89.8,,,0.10158531497705466,0.8,0.09836065573770492,1.4623655913978495,,,LA,2019,0.21865070409049564,25.0,False,5.2,,0.4953846153846154,12,TE,6.659019607843137,True,True,True,False,True,0.0,,,2.9596772039715775,5.11265306122449,,
0.4953846153846154,,00-0033895,0.5427350427350427,TE,5.464705882352941,TE,0.1679790026246719,92.9,5.2,,0.0943307457068925,0.9,0.10457516339869281,1.094488188976378,,,LA,2020,0.22289426709286397,26.0,False,7.483333333333333,,0.5655555555555556,17,TE,9.001666666666667,True,True,True,True,True,0.0,,,3.6019644774990733,5.726792452830188,,
0.5655555555555556,,00-0033895,0.6824561403508772,TE,7.8533333333333335,TE,0.16195372750642673,117.8,7.483333333333333,,0.07450891849175886,1.0,0.1331923890063425,1.2287917737789202,,,SEA,2021,0.25194482645374494,27.0,False,5.464705882352941,,0.752,15,TE,8.778333333333334,True,True,True,True,True,0.0,,,4.134476052880254,6.740000000000001,,
0.752,,00-0033895,0.6094890510948905,TE,10.15,TE,0.18962075848303392,162.4,5.464705882352941,,0.11780162031968469,1.0,0.13031550068587106,1.3253493013972055,,,LAC,2022,0.27793438525258585,28.0,False,7.8533333333333335,,0.5882352941176471,16,TE,4.283333333333333,True,True,True,True,True,0.0,,,3.262859740408953,5.7914925373134345,,
0.5882352941176471,,00-0033895,0.4888268156424581,TE,7.406666666666667,TE,0.2,111.10000000000001,7.8533333333333335,,0.061384414453635176,1.0,0.11400651465798045,1.1742857142857144,,,LAC,2023,0.2139788621045153,29.0,False,10.15,,0.5660000000000001,15,TE,1.16,True,True,True,True,True,0.0,,,3.984096198460132,5.935892857142855,,
,,00-0033896,,TE,3.6833333333333336,TE,,22.1,,,0.016924959216965744,0.7,0.01838235294117647,,,,CHI,2018,0.039421000863640726,24.0,False,,,0.4442857142857143,6,TE,3.045054945054945,True,True,False,False,False,0.0,,,,,,
0.4442857142857143,,00-0033896,0.12461538461538461,TE,2.6285714285714286,TE,0.16049382716049382,18.4,,,0.011205122341641893,0.8,0.022968197879858657,0.9135802469135802,,,CHI,2019,0.04229588245893731,25.0,False,3.6833333333333336,,0.34375,7,TE,3.3736263736263736,True,True,True,False,True,0.0,,,,,,
0.34375,,00-0033896,0.24405705229793978,TE,3.4615384615384617,TE,0.14285714285714285,45.0,3.6833333333333336,,0.022321428571428572,0.9,0.04036697247706422,0.974025974025974,,,MIA,2020,0.07617545871559633,26.0,False,2.6285714285714286,,0.343125,13,TE,3.2857142857142856,True,True,True,True,True,0.0,,,,,,
0.343125,,00-0033896,0.28405797101449276,TE,3.2857142857142856,TE,0.08163265306122448,23.0,2.6285714285714286,,0.020739404869251576,1.0,0.026755852842809364,0.5612244897959183,,,MIA,2021,0.05465136267269015,27.0,False,3.4615384615384617,,0.45249999999999996,7,TE,,False,False,True,True,True,0.0,,,,,,
,,00-0033897,,RB,17.385714285714286,HB,,243.4,,,0.00023137436372049977,0.825,0.10416666666666667,,,,CIN,2018,0.15641196205460434,22.0,True,,,0.6971428571428572,14,RB,15.34375,True,True,False,False,False,,,,,,0.7485293044639729,17.72151898734177
0.6971428571428572,,00-0033897,0.4633431085043988,RB,14.0875,HB,0.14240506329113925,225.4,,,-0.00041339396444811904,1.0,0.07640067911714771,0.9082278481012658,,,CIN,2019,0.11431164290060787,23.0,True,17.385714285714286,,0.6,16,RB,17.126,True,True,True,False,True,,,,,,-0.1037071903860137,7.913669064748201
0.6,,00-0033897,0.23006134969325154,RB,16.6,RB,0.17333333333333334,99.60000000000001,17.385714285714286,,-0.006290672451193058,1.0,0.045936395759717315,0.92,,,CIN,2020,0.06450112292374083,24.0,True,14.0875,,0.6549999999999999,6,RB,16.90835294117647,True,True,True,True,True,,,,,,-0.2467641454974587,8.403361344537815
0.6549999999999999,,00-0033897,0.5692883895131086,RB,17.652,RB,0.1513157894736842,353.04,14.0875,,-0.004594180704441042,1.0,0.10207100591715976,0.9232456140350878,,,CIN,2021,0.1498905823826309,25.0,True,16.6,,0.683,20,RB,15.935294117647057,True,True,True,True,True,,,,,,-0.0744421521428427,18.835616438356166
0.683,,00-0033897,0.49017199017199015,RB,16.16470588235294,RB,0.21303258145363407,274.8,16.6,,-0.0064089311556750055,1.0,0.1223021582733813,1.2305764411027569,,,CIN,2022,0.17896698560109944,26.0,True,17.652,,0.6129411764705882,17,RB,16.459191176470586,True,True,True,True,True,,,,,,0.20722265749191082,23.809523809523807
0.6129411764705882,,00-0033897,0.6379310344827587,RB,15.705882352941176,RB,0.14414414414414414,267.0,17.652,,-0.030513918629550323,0.78,0.10810810810810811,0.8468468468468469,,,CIN,2023,0.14080241912147695,27.0,True,16.16470588235294,,0.6888235294117647,17,RB,17.2125,True,True,True,True,True,,,,,,0.02303762615104432,15.17509727626459
,,00-0033906,,RB,22.994117647058825,RB,,390.90000000000003,,,0.04878048780487805,1.0,0.21180555555555555,,,,NO,2018,0.3518546747967479,23.0,True,,,0.6617647058823529,17,RB,21.01929411764706,True,True,False,False,False,,,,,,-0.4318203511018007,22.164948453608247
0.6617647058823529,,00-0033906,0.6069802731411229,RB,17.868000000000002,RB,0.265,268.02000000000004,,,0.006433350488934638,1.0,0.18244406196213425,1.4175,,,NO,2019,0.27816943828545565,24.0,True,22.994117647058825,,0.6946666666666667,15,RB,21.112217194570135,True,True,True,False,True,,,,,,0.1698162714078414,16.374269005847953
0.6946666666666667,,00-0033906,0.6630602782071098,RB,24.17058823529412,RB,0.2680652680652681,410.90000000000003,22.994117647058825,,0.02312621900250766,1.0,0.20104895104895104,1.8484848484848484,,,NO,2020,0.31776177987518195,25.0,True,17.868000000000002,,0.6652941176470588,17,RB,16.083589743589744,True,True,True,True,True,,,,,,0.41578860700961817,11.76470588235294
0.6652941176470588,,00-0033906,0.516295025728988,RB,18.053846153846155,RB,0.22259136212624583,234.70000000000002,17.868000000000002,,0.021032504780114723,1.0,0.14225053078556263,1.458471760797342,,,NO,2021,0.22809854952442427,26.0,True,24.17058823529412,,0.7569230769230769,13,RB,16.01820512820513,True,True,True,True,True,,,,,,-0.5882655103100612,31.25
0.7569230769230769,,00-0033906,0.6024734982332155,RB,14.113333333333333,RB,0.22580645161290322,211.7,24.17058823529412,,0.016519574564381082,0.78,0.15714285714285714,1.436950146627566,,,NO,2022,0.24727798790935246,27.0,True,18.053846153846155,,0.6973333333333332,15,RB,18.43653846153846,True,True,True,True,True,,,,,,-0.17023922657416796,22.421524663677133
0.6973333333333332,,00-0033906,0.5068702290076336,RB,17.923076923076923,RB,0.25903614457831325,233.0,18.053846153846155,,0.001034340091021928,0.56,0.14930555555555555,1.4036144578313252,,,NO,2023,0.22468237139704866,28.0,True,14.113333333333333,,0.6215384615384616,13,RB,14.052272727272726,True,True,True,True,True,,,,,,-0.5646350217817696,21.11111111111111
0.7085714285714285,,00-0033906,0.4194977843426883,RB,9.154545454545454,RB,0.13732394366197184,100.7,17.923076923076923,,0.00705429670799487,0.12,0.06902654867256637,0.6549295774647887,,,NO,2025,0.10847783070444597,30.0,True,18.95,,0.6372727272727272,11,RB,,False,,True,True,True,,,,,,-0.7337203559695398,10.687022900763358
,,00-0033908,,WR,16.8875,WR,,135.1,,,0.08182141586623977,0.9,0.08527131782945736,,,,LA,2018,0.18518196785055388,25.0,False,,,0.8325,8,WR,15.40625,True,True,False,False,False,,,,3.5412624492302016,6.683414634146341,,
0.8325,,00-0033908,0.8618618618618619,WR,16.90625,WR,0.23344947735191637,270.5,,,0.20233625365039634,1.0,0.21967213114754097,2.0226480836236935,,,LA,2019,0.47114357427658893,26.0,False,16.8875,,0.805625,16,WR,20.16264880952381,True,True,True,False,True,,,,3.387731480764349,6.29658536585366,,
0.805625,,00-0033908,0.782051282051282,WR,13.90625,WR,0.24225865209471767,222.5,16.8875,,0.22183015760997413,1.0,0.2173202614379085,1.9162112932604736,,,LA,2020,0.48126150248384464,27.0,False,16.90625,,0.8075,16,WR,24.3984126984127,True,True,True,True,True,,,,3.2377422670247293,6.346637931034483,,
0.8075,,00-0033908,0.9813664596273292,WR,26.419047619047618,WR,0.2949367088607595,554.8,16.90625,,0.31833964646464646,1.0,0.3157181571815718,3.069620253164557,,,LA,2021,0.6964149882976103,28.0,False,13.90625,,0.9519047619047618,21,WR,17.808119658119658,True,True,True,True,True,,,,3.6306120900679146,6.565126582278481,,
0.9519047619047618,,00-0033908,0.5562805872756933,WR,22.37777777777778,WR,0.2873900293255132,201.4,13.90625,,0.19464919464919464,0.88,0.18992248062015504,2.3812316715542523,,,LA,2022,0.4211381571846688,29.0,False,26.419047619047618,,0.9500000000000001,9,WR,13.404945054945054,True,True,True,True,True,,,,3.2298062294451877,6.469882352941177,,
0.9500000000000001,,00-0033908,0.6417033773861968,WR,13.238461538461538,WR,0.2379862700228833,172.1,26.419047619047618,,0.18187660668380462,0.76,0.1765704584040747,1.7482837528604118,,,LA,2023,0.39216931228477525,30.0,False,22.37777777777778,,0.913076923076923,13,WR,10.81203007518797,True,True,True,True,True,,,,3.3519765706679183,7.09406976744186,,
0.8064285714285714,,00-0033908,0.8057784911717496,WR,8.052631578947368,WR,0.1852589641434263,153.0,13.238461538461538,,0.1622590766472434,0.52,0.17190388170055454,1.4940239043824701,,,SEA,2025,0.3714371762039022,32.0,False,13.571428571428571,,0.7573684210526316,19,WR,,False,,True,True,True,,,,3.0228409010785424,6.144923076923077,,
,,00-0033911,,WR,6.738461538461538,WR,,87.6,,,0.2297551789077213,0.7,0.1320754716981132,,,,TEN,2018,0.35894183278257474,23.0,False,,,0.5692307692307692,13,WR,,False,False,False,False,False,,,,3.2227428029791154,7.127454545454546,,
,,00-0033921,,WR,11.575,WR,,185.2,,,0.16895185862279097,0.6,0.15347334410339256,,,,TB,2018,0.34847631719104255,22.0,False,,,0.6425,16,WR,17.260714285714286,True,True,False,False,False,,,,2.589310148656954,6.244831460674157,,
0.6425,,00-0033921,0.8457223001402524,WR,19.72142857142857,WR,0.20066334991708126,276.1,,,0.19812353401094604,0.7,0.19966996699669967,2.2106135986733,,,TB,2019,0.43819142430271174,23.0,False,11.575,,0.9235714285714286,14,WR,16.057142857142857,True,True,True,False,True,,,,2.8121455774221786,6.635321100917431,,
0.9235714285714286,,00-0033921,0.71125,WR,14.8,WR,0.2038664323374341,236.8,11.575,,0.17367352855900262,0.8,0.15675675675675677,1.884007029876977,,,TB,2020,0.356706605126437,24.0,False,19.72142857142857,,0.858125,16,WR,16.197767857142857,True,True,True,True,True,,,,2.953453672044493,6.4354545454545455,,
0.858125,,00-0033921,0.6500579374275782,WR,17.314285714285713,WR,0.22638146167557932,242.4,19.72142857142857,,0.14597052367513327,0.9,0.1577639751552795,1.9661319073083778,,,TB,2021,0.33882532930551257,25.0,False,14.8,,0.8550000000000001,14,WR,13.63799342105263,True,True,True,True,True,,,,3.290494590203812,6.347079646017698,,
0.8550000000000001,,00-0033921,0.7584994138335287,WR,15.08125,WR,0.23956723338485317,241.3,14.8,,0.15996292863762743,1.0,0.19745222929936307,1.7125193199381763,,,TB,2022,0.40815239399538383,26.0,False,17.314285714285713,,0.8075,16,WR,15.940225563909774,True,True,True,True,True,,,,2.9848232734696025,6.684656488549619,,
0.8075,,00-0033921,0.8811475409836066,WR,12.194736842105263,WR,0.22170542635658916,231.7,17.314285714285713,,0.24541026601723492,1.0,0.22916666666666666,1.7193798449612403,,,TB,2023,0.5155371862120645,27.0,False,15.08125,,0.8131578947368421,19,WR,14.453968253968254,True,True,True,True,True,,,,2.9221610769328694,6.940731707317076,,
0.87,,00-0033921,0.41550387596899224,WR,9.222222222222221,WR,0.19029850746268656,83.0,12.194736842105263,,0.08325645756457564,0.88,0.09444444444444444,1.3432835820895523,,,TB,2025,0.1999461869618696,29.0,False,19.685714285714287,,0.7088888888888889,9,WR,,False,,True,True,True,,,,2.817862940990965,6.597083333333334,,
,,00-0033923,,RB,20.927272727272726,RB,,230.2,,,0.011643835616438357,1.0,0.056,,,,KC,2018,0.09215068493150685,23.0,True,,,0.7054545454545454,11,RB,13.22638888888889,True,True,False,False,False,,,,,,0.5292387906339708,16.022099447513813
0.7054545454545454,,00-0033923,0.3383333333333333,RB,12.675,RB,0.21674876847290642,101.4,,,0.007865168539325843,1.0,0.08527131782945736,1.4039408866995073,,,CLE,2019,0.13341259472171413,24.0,True,20.927272727272726,,0.6,8,RB,13.76388888888889,True,True,True,False,True,,,,,,,
0.6,,00-0033923,0.5566188197767146,RB,13.777777777777779,RB,0.1518624641833811,248.0,20.927272727272726,,0.013979706877113867,1.0,0.1001890359168242,0.9140401146131805,,,CLE,2020,0.160069348689216,25.0,True,12.675,,0.5172222222222222,18,RB,10.604411764705883,True,True,True,True,True,,,,,,0.1826221393887879,31.313131313131315
0.5172222222222222,,00-0033923,0.23217247097844113,RB,13.75,RB,0.19285714285714287,110.0,12.675,,0.0009713453132588635,1.0,0.05454545454545454,1.2428571428571429,,,CLE,2021,0.08249812353746303,26.0,True,13.777777777777779,,0.4375,8,RB,8.073161764705883,True,True,True,True,True,,,,,,,
0.4375,,00-0033923,0.5024154589371981,RB,7.458823529411765,RB,0.14102564102564102,126.8,13.777777777777779,,-0.0028708133971291866,0.78,0.08695652173913043,0.6730769230769231,,,CLE,2022,0.12842521323070522,27.0,True,13.75,,0.4158823529411765,17,RB,10.075,True,True,True,True,True,,,,,,-0.0805414435487749,21.951219512195124
0.4158823529411765,,00-0033923,0.2553191489361702,RB,8.6875,RB,0.140625,139.0,13.75,,-0.002806361085126286,0.56,0.0421875,0.484375,,,CLE,2023,0.061316797240411614,28.0,True,7.458823529411765,,0.315625,16,RB,10.007720588235294,True,True,True,True,True,,,,,,-0.7519423386282502,31.851851851851855
0.498125,,00-0033923,0.4667630057803468,RB,8.552941176470588,RB,0.07739938080495357,145.4,8.6875,,0.0,0.12,0.04553734061930783,0.44272445820433437,,,KC,2025,0.06830601092896174,30.0,True,11.4625,,0.47058823529411764,17,RB,,False,,True,True,True,,,,,,0.10962428409854202,30.061349693251532
,,00-0033925,0.012477718360071301,RB,3.4,RB,0.14285714285714285,17.0,,,0.0004945598417408506,1.0,0.0020491803278688526,0.7142857142857143,,,TEN,2020,0.003419962381021874,24.0,False,,,0.07833333333333334,5,RB,9.11875,True,True,False,False,False,,,,,,,
0.07833333333333334,,00-0033925,0.13672496025437203,RB,10.05,RB,0.12790697674418605,100.5,,,-0.00024195499637067505,1.0,0.02029520295202952,1.430232558139535,,,TEN,2021,0.030273435930584805,25.0,True,3.4,,0.366,10,RB,9.160416666666666,True,True,True,False,True,,,,,,0.0813684557369617,46.616541353383454
0.366,,00-0033925,0.23196881091617932,RB,8.1875,RB,0.07563025210084033,131.0,3.4,,-0.0009363295880149813,1.0,0.02107728337236534,0.2184873949579832,,,CAR,2022,0.030960494346937522,26.0,True,10.05,,0.3347058823529412,16,RB,6.696666666666666,True,True,True,True,True,,,,,,0.6097253119073696,35.467980295566505
0.3347058823529412,,00-0033925,0.1964573268921095,RB,10.133333333333333,RB,0.13114754098360656,91.2,10.05,,0.006036217303822937,0.78,0.03397027600849257,0.6311475409836066,,,CHI,2023,0.055180766125414914,27.0,True,8.1875,,0.42666666666666664,9,RB,3.2600000000000002,True,True,True,True,True,,,,,,0.07683526101856765,20.18348623853211
,,00-0033932,,WR,13.806666666666667,WR,,207.1,,,0.38192646297255306,0.9,0.21402877697841727,,,,DET,2018,0.588391689548413,25.0,False,,,0.9013333333333333,15,WR,14.33,True,True,False,False,False,,,,2.264946797684272,4.882695652173914,,
0.9013333333333333,,00-0033932,0.911353032659409,WR,15.5,WR,0.19795221843003413,248.0,,,0.3252873563218391,1.0,0.2109090909090909,2.030716723549488,,,DET,2019,0.5440647857889237,26.0,False,13.806666666666667,,0.861875,16,WR,9.762142857142857,True,True,True,False,True,,,,1.9475060260614048,5.270877192982456,,
0.861875,,00-0033932,0.2132921174652241,WR,13.16,WR,0.2318840579710145,65.8,13.806666666666667,,0.09519918283963227,1.0,0.057245080500894455,2.449275362318841,,,DET,2020,0.15250704873908427,27.0,False,15.5,,0.6859999999999999,5,WR,4.857142857142858,True,True,True,True,True,,,,,,,
0.6859999999999999,,00-0033932,0.6336336336336337,WR,6.364285714285715,WR,0.18009478672985782,89.10000000000001,15.5,,0.25603511338697876,1.0,0.1384335154826958,1.2345971563981042,,,NYG,2021,0.3868748525949288,28.0,False,13.16,,0.7435714285714285,14,WR,3.35,True,True,True,True,True,,,,1.7375851345858915,5.979600000000001,,
0.7435714285714285,,00-0033932,0.21988795518207283,WR,3.35,WR,0.10828025477707007,20.1,13.16,,0.04639321074964639,0.88,0.03102189781021898,0.5159235668789809,,,NYG,2022,0.07900809424008093,29.0,False,6.364285714285715,,0.29214285714285715,6,WR,,False,False,True,True,True,,,,,,,
,,00-0033933,,WR,4.1,WR,,41.0,,,0.15224733697064172,0.8,0.09787234042553192,,,,ARI,2018,0.2533816465177471,24.0,False,,,0.759,10,WR,,False,False,False,False,False,,,,1.895190927541503,5.408478260869565,,
,-7.110788597318226,00-0033936,,QB_pocket,14.996,QB,,74.98,,-0.13588498759571213,0.0,0.714,0.0,,-0.16364660257679636,189.0,SF,2018,0.0,25.0,False,,189.0,0.835,5,QB,8.713333333333333,True,True,False,False,False,,-7.511586916340875,2.6115147928994085,,,,
,-0.9079838229208878,00-0033936,0.18548387096774194,QB_pocket,8.713333333333333,QB,0.0,52.28,14.996,0.054720225967392934,0.0,0.828,0.0,0.0,0.08206311062307943,113.0,SF,2020,0.0,27.0,False,,113.0,0.48833333333333334,6,QB,-0.25000000000000006,True,True,False,True,False,,,,,,,
,-7.354573770002886,00-0033936,0.016042780748663103,QB_pocket,-0.25000000000000006,QB,0.0,-1.0000000000000002,8.713333333333333,-0.6987969302940554,0.0,0.942,0.0,0.0,-0.9667617271200668,12.0,JAX,2022,0.0,29.0,False,,12.0,0.105,4,QB,3.5766666666666667,True,True,False,True,False,,,,,,,
0.105,9.768413465756636,00-0033936,0.09014084507042254,QB_pocket,3.5766666666666667,QB,0.0,21.46,,0.023977068812130627,0.0,0.999,0.0,0.0,-0.007611673693056109,60.0,JAX,2023,0.0,30.0,False,-0.25000000000000006,60.0,0.24714285714285714,6,QB,,False,False,True,False,True,,,,,,,
,,00-0033943,,WR,8.173333333333334,WR,,122.6,,,0.1536819637139808,0.7,0.11007751937984496,,,,LA,2018,0.272693653669554,23.0,False,,,0.5794736842105263,15,WR,5.928492647058824,True,True,False,False,False,,,,3.012980894494583,7.4906,,
0.5794736842105263,,00-0033943,0.3993993993993994,WR,3.86875,WR,0.16165413533834586,61.9,,,0.09574468085106383,0.8,0.07049180327868852,1.2255639097744362,,,LA,2019,0.17275898151377744,24.0,False,8.173333333333334,,0.443125,16,WR,7.657754010695188,True,True,True,False,True,,,,2.6739339568413523,6.262857142857142,,
0.443125,,00-0033943,0.7834757834757835,WR,7.988235294117648,WR,0.15454545454545454,135.8,8.173333333333334,,0.21947776993648554,0.9,0.1388888888888889,1.2418181818181817,,,LA,2020,0.3619677722888732,25.0,False,3.86875,,0.7266666666666667,17,WR,7.99280303030303,True,True,True,True,True,,,,2.4674975656596208,5.343205128205128,,
0.7266666666666667,,00-0033943,0.42901234567901236,WR,7.327272727272727,WR,0.17625899280575538,80.6,3.86875,,0.18063818280151434,1.0,0.08844765342960288,1.4244604316546763,,,DET,2021,0.2591182081054644,26.0,False,7.988235294117648,,0.605,11,WR,8.434429824561404,True,True,True,True,True,,,,2.690538669932927,5.883333333333333,,
0.605,,00-0033943,0.6162420382165605,WR,8.658333333333333,WR,0.1524547803617571,103.9,7.988235294117648,,0.1759560109972507,1.0,0.1057347670250896,1.2377260981912144,,,DET,2022,0.28177135823570987,27.0,False,7.327272727272727,,0.6578571428571429,12,WR,6.505263157894737,True,True,True,True,True,,,,2.781045549895267,6.922280701754387,,
0.6578571428571429,,00-0033943,0.76171875,WR,8.210526315789474,WR,0.13333333333333333,156.0,7.327272727272727,,0.1707214765100671,1.0,0.11504424778761062,1.264957264957265,,,DET,2023,0.29207140523846287,28.0,False,8.658333333333333,,0.7275,19,WR,4.71,True,True,True,True,True,,,,2.4974598711844074,5.765,,
0.5233333333333333,,00-0033943,0.262987012987013,WR,4.62,WR,0.12962962962962962,23.1,8.210526315789474,,0.08687440982058546,0.76,0.045454545454545456,0.6234567901234568,,,NYJ,2025,0.128993905056228,30.0,False,4.8,,0.842,5,WR,,False,,True,True,True,,,,,,,
,,00-0033948,,RB,7.15,RB,,114.4,,,0.005643546331694884,1.0,0.06677524429967427,,,,GB,2018,0.10411334888169782,23.0,True,,,0.465625,16,RB,9.165625,True,True,False,False,False,,,,,,-0.5340139789040186,11.570247933884298
0.465625,,00-0033948,0.3619718309859155,RB,9.450000000000001,RB,0.19066147859922178,151.20000000000002,,,-0.006608761329305136,1.0,0.08153078202995008,1.0233463035019454,,,GB,2019,0.11767004011441154,24.0,True,7.15,,0.391875,16,RB,9.048317307692308,True,True,True,False,True,,,,,,-0.08375063389383978,20.5607476635514
0.391875,,00-0033948,0.4457831325301205,RB,8.88125,RB,0.13175675675675674,142.1,7.15,,0.0032216494845360823,1.0,0.06712564543889846,0.8716216216216216,,,GB,2020,0.10294362279752295,25.0,True,9.450000000000001,,0.450625,16,RB,11.251809954751131,True,True,True,True,True,,,,,,0.17583788360230712,19.327731092436977
0.450625,,00-0033948,0.22067901234567902,RB,9.215384615384615,RB,0.1958041958041958,119.8,9.450000000000001,,0.0027041644131963224,1.0,0.05054151624548736,1.097902097902098,,,DET,2021,0.07770518945746847,26.0,True,8.88125,,0.38153846153846155,13,RB,8.982579185520363,True,True,True,True,True,,,,,,-0.32650867590577615,21.568627450980394
0.38153846153846155,,00-0033948,0.2770700636942675,RB,13.288235294117648,RB,0.09195402298850575,225.9,8.88125,,0.007248187953011747,0.78,0.02867383512544803,0.41954022988505746,,,DET,2022,0.048084484255280266,27.0,True,9.215384615384615,,0.4011764705882353,17,RB,3.6634615384615383,True,True,True,True,True,,,,,,-0.04145651767111502,30.15267175572519
0.4011764705882353,,00-0033948,0.26717557251908397,RB,4.676923076923077,RB,0.11428571428571428,60.800000000000004,9.215384615384615,,-0.005585436491518411,0.56,0.034722222222222224,0.35428571428571426,,,NO,2023,0.04817352778927045,28.0,True,13.288235294117648,,0.37538461538461537,13,RB,2.65,True,True,True,True,True,,,,,,-0.9768571853988163,29.245283018867923
,-17.606811360879377,00-0033949,,QB_pocket,0.16399999999999998,QB,,0.82,,-0.6743112937556086,0.0,0.6,0.0,,-0.8878440852471007,12.0,PIT,2018,0.0,23.0,False,,12.0,0.1,5,QB,,False,False,False,False,False,,,,,,,
,-1.7743371015218035,00-0033949,0.7613814756671899,QB_dual_threat,15.435384615384615,QB,0.0,200.66,,-0.13224181134795115,0.0,1.0,0.0,0.0,-0.18131257149055105,450.0,ARI,2023,0.0,28.0,True,,450.0,0.9684615384615385,13,QB,0.525,True,True,False,False,False,,-0.35204306262716756,2.9532470023980815,,,,
,5.946495234966278,00-0033949,0.014285714285714285,QB_dual_threat,0.525,QB,0.0,2.1,15.435384615384615,0.012803479257628972,0.0,0.88,0.0,0.0,-0.00719429492467123,10.0,NE,2025,0.0,30.0,True,,10.0,0.18,4,QB,,False,,False,True,False,,,,,,,
,,00-0033950,,RB,3.423076923076923,RB,,44.5,,,0.006744186046511628,1.0,0.03900709219858156,,,,NYG,2018,0.06323156853043048,24.0,False,,,0.16066666666666668,13,RB,7.556349206349206,True,True,False,False,False,,,,,,,
0.16066666666666668,,00-0033950,0.17008797653958943,RB,5.355555555555556,RB,0.12931034482758622,48.2,,,0.006552525893045867,1.0,0.025684931506849314,0.8793103448275862,,,NYG,2019,0.04311416538540608,25.0,False,3.423076923076923,,0.23500000000000001,9,RB,5.8428571428571425,True,True,True,False,True,,,,,,,
0.23500000000000001,,00-0033950,0.3165829145728643,RB,9.757142857142856,RB,0.14285714285714285,136.6,3.423076923076923,,0.0025647601949217746,1.0,0.05443548387096774,0.6031746031746031,,,NYG,2020,0.08344855794289685,26.0,True,5.355555555555556,,0.4066666666666666,14,RB,1.9285714285714288,True,True,True,True,True,,,,,,0.5459195965815273,40.136054421768705
0.4066666666666666,,00-0033950,0.02689873417721519,RB,1.9285714285714288,RB,0.17647058823529413,13.500000000000002,5.355555555555556,,0.0012506253126563281,0.78,0.0055147058823529415,1.2352941176470589,,,ATL,2021,0.009147496542388842,27.0,True,9.757142857142856,,0.09625,7,RB,,False,False,True,True,True,,,,,,,
,,00-0033951,,RB,14.721428571428572,RB,,206.1,,,-0.0040433743797096125,0.825,0.041428571428571426,,,,IND,2018,0.059312495077060406,22.0,True,,,0.5585714285714286,14,RB,12.950000000000001,True,True,False,False,False,,,,,,0.20241529259422242,23.076923076923077
0.5585714285714286,,00-0033951,0.36660929432013767,RB,12.950000000000001,RB,0.07981220657276995,181.3,,,-0.0012732365673542145,1.0,0.03483606557377049,0.38497652582159625,,,IND,2019,0.05136283276350778,23.0,True,14.721428571428572,,0.5399999999999999,14,RB,2.58,True,True,True,False,True,,,,,,0.017149889144941314,12.145748987854251
,,00-0033951,0.044596912521440824,RB,2.58,RB,0.19230769230769232,12.9,12.950000000000001,,0.0040609137055837565,1.0,0.00998003992015968,0.3076923076923077,,,IND,2021,0.01781269947414815,25.0,True,,,0.15,5,RB,5.471428571428572,True,True,False,True,False,,,,,,,
0.15,,00-0033951,0.06626506024096386,RB,5.471428571428572,RB,0.22727272727272727,38.300000000000004,,,-0.003425390708627703,1.0,0.018867924528301886,2.25,,,DEN,2022,0.02590411329641344,26.0,False,2.58,,0.11875,7,RB,,False,False,True,False,True,,,,,,,
,,00-0033953,,TE,2.4153846153846157,TE,,31.400000000000002,,,0.03534577387486279,0.6,0.04950495049504951,,,,NYJ,2018,0.09899946745497822,23.0,False,,,0.34933333333333333,13,TE,,False,False,False,False,False,0.0,,,,,,
,,00-0033955,0.37076648841354726,RB,2.76875,RB,0.08173076923076923,44.3,,,0.0019782393669634025,1.0,0.03483606557377049,0.2644230769230769,,,TEN,2020,0.053638865917530115,25.0,False,,,0.24294117647058822,16,RB,5.661538461538462,True,True,False,False,False,,,,,,,
0.24294117647058822,,00-0033955,0.3163751987281399,RB,5.661538461538462,RB,0.19095477386934673,73.60000000000001,,,-0.0004839099927413501,1.0,0.07011070110701106,1.2060301507537687,,,TEN,2021,0.10482731466559765,26.0,False,2.76875,,0.2714285714285714,13,RB,,False,False,True,False,True,,,,,,,
0.198,,00-0033955,0.43031358885017423,RB,4.54375,RB,0.12550607287449392,72.7,,,-0.0061333333333333335,0.12,0.07175925925925926,0.7935222672064778,,,WAS,2025,0.10334555555555557,30.0,False,3.927777777777778,,0.31941176470588234,16,RB,,False,,True,False,True,,,,,,,
,-13.889352147337757,00-0033958,,QB_pocket,3.21,QB,,12.84,,-0.46776398542461056,0.0,0.657,0.0,,-0.608708469975139,89.0,BUF,2018,0.0,24.0,False,,89.0,0.47750000000000004,4,QB,,False,False,False,False,False,,,,,,,
,,00-0033994,0.07407407407407407,WR,0.6833333333333332,WR,0.07142857142857142,4.1,,,0.01021021021021021,1.0,0.00646551724137931,0.5,,,DEN,2019,0.016845423009216112,26.0,False,,,,6,WR,,False,False,False,False,False,,,,,,,
,,00-0034011,,TE,4.125,TE,,33.0,,,0.05574912891986063,0.6,0.036458333333333336,,,,NO,2018,0.09371189024390245,23.0,False,,,0.23272727272727273,8,TE,6.496666666666667,True,True,False,False,False,0.0,,,,,,
0.23272727272727273,,00-0034011,0.10832025117739404,TE,6.540000000000001,TE,0.2028985507246377,32.7,,,0.04580921218223005,0.7,0.026465028355387523,1.8405797101449275,,,ARI,2019,0.07176399106064232,24.0,False,4.125,,0.296,5,TE,6.672121212121212,True,True,True,False,True,0.0,,,,,,
0.296,,00-0034011,0.4634146341463415,TE,6.453333333333333,TE,0.14802631578947367,96.8,4.125,,0.1303344867358708,0.8,0.08287292817679558,1.4407894736842106,,,ARI,2020,0.21554353298030293,25.0,False,6.540000000000001,,0.416875,15,TE,4.468181818181818,True,True,True,True,True,0.0,,,3.904784194227957,6.23810810810811,,
0.416875,,00-0034011,0.3967310549777117,TE,6.890909090909091,TE,0.1947565543071161,75.8,6.540000000000001,,0.0738488271068636,0.9,0.08919382504288165,1.5280898876404494,,,JAX,2021,0.185484916539127,26.0,False,6.453333333333333,,0.5036363636363637,11,TE,2.0454545454545454,True,True,True,True,True,0.0,,,3.351918211483271,5.781562500000001,,
0.5036363636363637,,00-0034011,0.0962566844919786,TE,2.0454545454545454,TE,0.18055555555555555,22.5,6.453333333333333,,0.017912291537986413,1.0,0.019756838905775075,1.875,,,JAX,2022,0.0421738624352531,27.0,False,6.890909090909091,,0.1331578947368421,11,TE,,False,False,True,True,True,0.0,,,,,,
,,00-0034052,,WR,0.66,WR,,3.3000000000000003,,,0.01005377601122282,0.9,0.0034662045060658577,,,,MIN,2018,0.01223694996695476,25.0,False,,,0.015625,5,WR,2.52,True,True,False,False,False,,,,,,,
0.015625,,00-0034052,0.06963788300835655,WR,3.72,WR,0.24,18.6,,,0.031122349737405176,1.0,0.02,2.12,,,CAR,2019,0.05178564481618362,26.0,False,0.66,,0.12125,5,WR,2.7016666666666667,True,True,True,False,True,,,,,,,
0.12125,,00-0034052,0.12140575079872204,WR,1.32,WR,0.05263157894736842,6.6000000000000005,0.66,,0.013590313812700766,1.0,0.007590132827324478,0.4605263157894737,,,CAR,2020,0.020898418909877252,27.0,False,3.72,,0.123125,5,WR,4.083333333333333,True,True,True,True,True,,,,,,,
0.123125,,00-0034052,0.2675438596491228,WR,4.083333333333333,WR,0.1366120218579235,49.0,3.72,,0.06080297052680436,1.0,0.043478260869565216,1.366120218579235,,,CAR,2021,0.10777947067311087,28.0,False,1.32,,0.3761538461538461,12,WR,,False,False,True,True,True,,,,,,,
,,00-0034054,,WR,0.675,WR,,5.4,,,0.01746518763275903,0.8,0.0036101083032490976,,,,DEN,2018,0.017640793797804966,24.0,False,,,,8,WR,2.02,True,True,False,False,False,,,,,,,
,,00-0034054,0.13225806451612904,WR,2.02,WR,0.10975609756097561,10.1,0.675,,0.016467915956842702,1.0,0.017142857142857144,0.5,,,SF,2020,0.03724182688407561,26.0,False,,,,5,WR,3.466666666666667,True,True,False,True,False,,,,,,,
,,00-0034054,0.1287988422575977,WR,3.466666666666667,WR,0.15730337078651685,31.2,2.02,,0.021531944934698198,1.0,0.024096385542168676,1.146067415730337,,,MIA,2022,0.051216939767541755,28.0,False,,,,9,WR,3.6742857142857144,True,True,False,True,False,,,,,,,
,,00-0034054,0.13960546282245828,WR,4.628571428571428,WR,0.16304347826086957,32.4,,,0.026919682259488084,0.88,0.02626970227670753,1.673913043478261,,,MIA,2023,0.05824833099670296,29.0,False,3.466666666666667,,,7,WR,2.72,True,True,True,False,False,,,,,,,
,,00-0034073,0.280672268907563,TE,4.5125,TE,0.1317365269461078,36.1,,,0.035124587211047734,0.7,0.04426559356136821,0.5449101796407185,,,SF,2019,0.09098560138978572,24.0,False,,,0.28210526315789475,8,TE,3.95,True,True,False,False,False,0.0,,,,,,
0.28210526315789475,,00-0034073,0.3790322580645161,TE,4.125,TE,0.10212765957446808,49.5,,,0.05167518455423055,0.8,0.045714285714285714,1.0425531914893618,,,SF,2020,0.10474405775938996,25.0,False,4.5125,,0.455,12,TE,3.8375,True,True,True,False,True,0.0,,,,,,
0.455,,00-0034073,0.13601236476043277,TE,3.775,TE,0.056818181818181816,15.1,4.5125,,0.014414854629855851,0.9,0.009487666034155597,0.5795454545454546,,,SF,2021,0.02432189729213249,26.0,False,4.125,,0.15450000000000003,4,TE,3.9,True,True,True,True,True,0.0,,,,,,
0.15450000000000003,,00-0034073,0.07931570762052877,TE,3.9,TE,0.09803921568627451,19.5,4.125,,0.017402269861286256,1.0,0.009124087591240875,2.0588235294117645,,,SF,2022,0.02586772028976169,27.0,False,3.775,,0.12153846153846154,5,TE,0.375,True,True,True,True,True,0.0,,,,,,
0.0988235294117647,,00-0034073,0.06549520766773163,TE,0.675,TE,0.12195121951219512,2.7,,,0.0002722570106180234,1.0,0.00909090909090909,0.17073170731707318,,,DET,2025,0.013826943543796252,30.0,False,0.375,,0.17272727272727273,4,TE,,False,,True,False,True,0.0,,,,,,
,,00-0034081,0.08006042296072508,WR,2.75,WR,0.1509433962264151,11.0,,,0.02339430029774564,1.0,0.015238095238095238,1.1320754716981132,,,HOU,2020,0.0392331530655648,26.0,False,,,,4,WR,,False,False,False,False,False,,,,,,,
,,00-0034104,0.6174033149171271,WR,7.3999999999999995,WR,0.13646532438478748,103.6,,,0.1724312042413532,0.8,0.0993485342019544,1.2997762863534676,,,WAS,2020,0.2697246442718788,24.0,False,,,0.6,14,WR,2.6833333333333336,True,True,False,False,False,,,,3.5246586529186494,6.951458333333332,,
0.6,,00-0034104,0.26959247648902823,WR,4.066666666666666,WR,0.13372093023255813,48.8,,,0.06602373887240356,0.9,0.04307116104868914,1.2267441860465116,,,WAS,2021,0.11082335878371621,25.0,False,7.3999999999999995,,0.3242857142857143,12,WR,1.3000000000000003,True,True,True,False,True,,,,,,,
0.3242857142857143,,00-0034104,0.27629513343799056,WR,1.3000000000000003,WR,0.10227272727272728,16.900000000000002,7.3999999999999995,,0.05291970802919708,1.0,0.03389830508474576,0.5056818181818182,,,WAS,2022,0.0878912532475566,26.0,False,4.066666666666666,,0.2888235294117647,13,WR,,False,False,True,True,True,,,,,,,
,,00-0034109,,RB,14.853333333333333,RB,,222.8,,,-0.010148690110927543,1.0,0.08483754512635379,,,,DEN,2018,0.1201522346118814,24.0,True,,,0.45666666666666667,15,RB,9.178125000000001,True,True,False,False,False,,,,,,0.9790006443293611,17.1875
0.45666666666666667,,00-0034109,0.42151675485008816,RB,12.356250000000001,RB,0.200836820083682,197.70000000000002,,,-0.02132132132132132,1.0,0.10344827586206896,0.8200836820083682,,,DEN,2019,0.14024748886817853,25.0,True,14.853333333333333,,0.503125,16,RB,4.621428571428572,True,True,True,False,True,,,,,,0.12880533807864394,20.089285714285715
0.503125,,00-0034109,0.20550161812297735,RB,6.0,RB,0.11023622047244094,66.0,14.853333333333333,,-0.0012254901960784314,1.0,0.02626641651031895,0.2204724409448819,,,DEN,2020,0.038541781628223526,26.0,True,12.356250000000001,,0.3854545454545455,11,RB,3.242857142857143,True,True,True,True,True,,,,,,0.08842660949051405,16.94915254237288
0.3854545454545455,,00-0034109,0.08766233766233766,RB,3.242857142857143,RB,0.09259259259259259,45.4,12.356250000000001,,-0.0028962611901000527,0.78,0.009560229445506692,0.8333333333333334,,,HOU,2021,0.012312961335190001,27.0,True,6.0,,0.1742857142857143,14,RB,,False,False,True,True,True,,,,,,,
,,00-0034115,,RB,7.400000000000001,RB,,44.400000000000006,,,0.0,1.0,0.03171247357293869,,,,SF,2018,0.04756871035940803,23.0,False,,,0.49,6,RB,9.24040404040404,True,True,False,False,False,,,,,,,
0.49,,00-0034115,0.03865546218487395,RB,5.544444444444445,RB,0.2608695652173913,49.900000000000006,,,0.004803362353647553,1.0,0.012072434607645875,2.347826086956522,,,SF,2019,0.0214710055590221,24.0,False,7.400000000000001,,0.0890909090909091,9,RB,9.686931818181819,True,True,True,False,True,,,,,,,
0.0890909090909091,,00-0034115,0.25483870967741934,RB,12.936363636363637,RB,0.17721518987341772,142.3,7.400000000000001,,0.014480408858603067,1.0,0.05333333333333334,0.8417721518987342,,,SF,2020,0.09013628620102215,25.0,True,5.544444444444445,,0.37666666666666665,11,RB,8.192279411764707,True,True,True,True,True,,,,,,0.03825305592344807,32.53968253968254
0.37666666666666665,,00-0034115,0.1437403400309119,RB,6.4375,RB,0.08602150537634409,51.5,5.544444444444445,,-0.002443195699975568,1.0,0.015180265654648957,0.3333333333333333,,,SF,2021,0.021060161491990536,26.0,True,12.936363636363637,,0.3290909090909091,8,RB,7.118529411764707,True,True,True,True,True,,,,,,,
0.3290909090909091,,00-0034115,0.44138929088277856,RB,9.947058823529414,RB,0.13442622950819672,169.10000000000002,12.936363636363637,,0.01782562654429933,0.78,0.07056798623063683,0.6491803278688525,,,MIA,2022,0.11832991792696478,27.0,True,6.4375,,0.5258823529411765,17,RB,2.9021428571428576,True,True,True,True,True,,,,,,0.3955771056749238,20.454545454545457
0.5258823529411765,,00-0034115,0.15781487101669195,RB,4.290000000000001,RB,0.18269230769230768,42.900000000000006,6.4375,,0.009929390997352162,0.56,0.03327495621716287,0.875,,,MIA,2023,0.056863008023890826,28.0,True,9.947058823529414,,0.2290909090909091,10,RB,1.5142857142857145,True,True,True,True,True,,,,,,,
,,00-0034132,0.2918848167539267,WR,2.8714285714285714,WR,0.10762331838565023,20.1,,,0.03428358487050494,0.7,0.036923076923076927,0.4080717488789238,,,ATL,2019,0.07938312479396885,23.0,False,,,0.4677777777777778,7,WR,1.7161111111111111,True,True,False,False,False,,,,,,,
0.4677777777777778,,00-0034132,0.20784883720930233,WR,2.71,WR,0.1258741258741259,27.1,,,0.03326283407037108,0.8,0.030508474576271188,0.986013986013986,,,ATL,2020,0.06904669571366653,24.0,False,2.8714285714285714,,0.2475,10,WR,0.7222222222222222,True,True,True,False,True,,,,,,,
0.2475,,00-0034132,0.08860759493670886,WR,0.7222222222222222,WR,0.16071428571428573,6.5,2.8714285714285714,,0.014507253626813406,0.9,0.016544117647058824,0.44642857142857145,,,ATL,2021,0.03497125400935762,25.0,False,2.71,,0.11624999999999999,9,WR,,False,False,True,True,True,,,,,,,
,,00-0034159,,TE,8.9,TE,,35.6,,,0.03635894791129448,0.5,0.03309692671394799,,,,SEA,2018,0.07509665360882813,22.0,False,,,0.495,4,TE,8.102083333333335,True,True,False,False,False,1.0,,,,,,
0.495,,00-0034159,0.17800289435600578,TE,12.316666666666668,TE,0.21951219512195122,73.9,,,0.04924023850740527,0.6,0.04927007299270073,2.130081300813008,,,SEA,2019,0.10837327644423478,23.0,False,8.9,,0.59,6,TE,3.870673076923077,True,True,True,False,True,1.0,,,,,,
0.59,,00-0034159,0.45014245014245013,TE,3.8875,TE,0.0981012658227848,62.2,8.9,,0.029267294310274253,0.7,0.05516014234875445,0.7974683544303798,,,SEA,2020,0.10322731954032366,24.0,False,12.316666666666668,,0.5205882352941176,16,TE,4.823589743589744,True,True,True,True,True,1.0,,,,,,
0.5205882352941176,,00-0034159,0.43508771929824563,TE,3.853846153846154,TE,0.10483870967741936,50.1,12.316666666666668,,0.025287875366899977,0.8,0.05496828752642706,0.9314516129032258,,,SEA,2021,0.10015394404647057,25.0,False,3.8875,,0.58,13,TE,4.442820512820513,True,True,True,True,True,1.0,,,,,,
0.58,,00-0034159,0.4238505747126437,TE,5.793333333333334,TE,0.1288135593220339,86.9,3.8875,,0.044831338411316646,0.9,0.06473594548551959,1.1830508474576271,,,SEA,2022,0.12848585511620103,26.0,False,3.853846153846154,,0.594,15,TE,5.0992788461538465,True,True,True,True,True,1.0,,,,,,
0.594,,00-0034159,0.28482003129890454,TE,3.0923076923076924,TE,0.12087912087912088,40.2,3.853846153846154,,0.015392254220456803,1.0,0.04021937842778794,0.945054945054945,,,SEA,2023,0.07110364559600166,27.0,False,5.793333333333334,,0.384375,13,TE,4.846875000000001,True,True,True,True,True,1.0,,,,,,
0.573125,,00-0034159,0.149519890260631,TE,2.5875000000000004,TE,0.14678899082568808,20.700000000000003,3.0923076923076924,,0.015493867010974823,1.0,0.028119507908611598,0.8899082568807339,,,LAC,2025,0.05302496877059978,29.0,False,7.10625,,0.295,8,TE,,False,,True,True,True,1.0,,,,,,
,,00-0034164,,RB,4.058333333333334,RB,,48.7,,,0.03446761800219539,1.0,0.04950495049504951,,,,NYJ,2018,0.09838475834411103,24.0,False,,,0.18937500000000002,12,RB,0.6583333333333333,True,True,False,False,False,,,,,,,
,,00-0034164,0.04153354632587859,RB,0.6583333333333333,RB,0.11538461538461539,7.9,4.058333333333334,,0.0007412898443291327,1.0,0.0056925996204933585,0.6153846153846154,,,CAR,2020,0.009057802321770432,26.0,False,,,0.05142857142857143,12,RB,0.04,True,True,False,True,False,,,,,,,
0.05142857142857143,,00-0034164,0.010819165378670788,RB,0.04,RB,0.0,0.4,,,0.0,0.78,0.0,0.0,,,SF,2021,0.0,27.0,False,0.6583333333333333,,0.011538461538461537,10,RB,,False,False,True,False,True,,,,,,,
,-3.4936885359466716,00-0034177,0.14814814814814814,QB_pocket,6.085,QB,0.0,24.34,,-0.038816407382044026,0.0,0.828,0.0,0.0,-0.04047905967743431,95.0,DET,2021,0.0,27.0,False,,95.0,,4,QB,,False,False,False,False,False,,,,,,,
,,00-0034184,,RB,7.675000000000001,RB,,92.10000000000001,,,0.0006009615384615385,1.0,0.0035398230088495575,,,,BAL,2018,0.005730407590197413,23.0,True,,,0.35000000000000003,12,RB,6.565686274509805,True,True,False,False,False,,,,,,0.33712339331160524,16.78832116788321
0.35000000000000003,,00-0034184,0.3126079447322971,RB,5.564705882352942,RB,0.03867403314917127,94.60000000000001,,,0.0,1.0,0.014675052410901468,0.24861878453038674,,,BAL,2019,0.022012578616352203,24.0,True,7.675000000000001,,0.3476470588235294,17,RB,7.566666666666667,True,True,True,False,True,,,,,,0.5610643419873782,22.55639097744361
0.3476470588235294,,00-0034184,0.26855123674911663,RB,7.566666666666667,RB,0.08552631578947369,136.20000000000002,7.675000000000001,,0.012455516014234875,1.0,0.028824833702882482,0.8486842105263158,,,BAL,2020,0.05195611176428813,25.0,True,5.564705882352942,,0.3427777777777778,18,RB,6.55,True,True,True,True,True,,,,,,0.8831749413571354,34.02777777777778
,,00-0034184,0.07820299500831947,RB,6.55,RB,0.06382978723404255,65.5,7.566666666666667,,0.00024826216484607745,0.78,0.006085192697768763,0.2765957446808511,,,BAL,2022,0.009301572562045397,27.0,True,,,0.275,10,RB,7.933552631578948,True,True,False,True,False,,,,,,,
0.275,,00-0034184,0.3357664233576642,RB,10.342105263157896,RB,0.06956521739130435,196.5,,,0.008577083791510886,0.56,0.030131826741996232,0.8478260869565217,,,BAL,2023,0.05120169876705197,28.0,True,6.55,,0.4136842105263158,19,RB,5.525000000000001,True,True,True,False,True,,,,,,0.2636956236124147,34.34343434343434
,,00-0034192,0.16326530612244897,TE,0.8583333333333334,TE,0.07352941176470588,10.3,,,0.014733922690240943,0.8,0.013717421124828532,0.4632352941176471,,,KC,2020,0.030889877570411457,25.0,False,,,0.26,12,TE,,False,False,False,False,False,0.0,,,,,,
,,00-0034193,0.04716981132075472,TE,0.0,TE,0.0,0.0,,,0.0,1.0,0.0,0.0,,,TEN,2022,0.0,27.0,False,,,,6,TE,0.2285714285714286,True,True,False,False,False,0.0,,,,,,
,,00-0034193,0.0896551724137931,TE,0.2285714285714286,TE,0.057692307692307696,1.6,,,0.0070921985815602835,1.0,0.006289308176100629,0.11538461538461539,,,TEN,2023,0.014398501271243144,28.0,False,0.0,,,7,TE,,False,False,True,False,False,0.0,,,,,,
,,00-0034206,,WR,0.0,WR,,0.0,,,0.0,0.6,0.0,,,,NYG,2018,0.0,22.0,False,,,,5,WR,,False,False,False,False,False,,,,,,,
,,00-0034208,,RB,1.1333333333333335,RB,,6.800000000000001,,,-0.00046761748889408465,1.0,0.005199306759098787,,,,MIN,2018,0.007471627896422322,23.0,False,,,,6,RB,3.522777777777778,True,True,False,False,False,,,,,,,
,,00-0034208,0.04,RB,5.555555555555555,RB,0.17391304347826086,50.0,,,-0.001348799568384138,1.0,0.008438818565400843,0.7391304347826086,,,MIN,2019,0.011714068150232368,24.0,False,1.1333333333333335,,,9,RB,1.4900000000000002,True,True,True,False,False,,,,,,,
,,00-0034208,0.027586206896551724,RB,1.4900000000000002,RB,0.125,14.900000000000002,1.1333333333333335,,-0.0018248175182481751,1.0,0.00423728813559322,0.625,,,MIN,2020,0.005078559940616108,25.0,False,5.555555555555555,,,10,RB,3.6000000000000005,True,True,True,True,False,,,,,,,
,,00-0034208,0.13855421686746988,RB,3.6000000000000005,RB,0.16304347826086957,28.800000000000004,1.4900000000000002,,0.009633911368015413,0.78,0.02830188679245283,1.0434782608695652,,,DEN,2022,0.04919656814629004,27.0,False,,,,8,RB,1.328888888888889,True,True,False,True,False,,,,,,,
,,00-0034208,0.12137931034482759,RB,1.4777777777777779,RB,0.10227272727272728,13.3,,,0.001661436219309581,0.56,0.01487603305785124,0.45454545454545453,,,HOU,2023,0.023477054940293566,28.0,False,3.6000000000000005,,0.16444444444444445,9,RB,1.1800000000000002,True,True,True,False,False,,,,,,,
,,00-0034221,,RB,1.4200000000000004,RB,,7.100000000000001,,,0.0018704699555763386,1.0,0.006932409012131715,,,,MIN,2018,0.01170794248710101,23.0,False,,,,5,RB,,False,False,False,False,False,,,,,,,
,,00-0034253,,RB,1.75,RB,,17.5,,,0.0035687453042824945,1.0,0.017953321364452424,,,,CLE,2018,0.029428103759676385,23.0,False,,,,10,RB,1.9607142857142859,True,True,False,False,False,,,,,,,
,,00-0034253,0.16666666666666666,RB,2.7214285714285715,RB,0.15,38.1,,,0.0011235955056179776,1.0,0.029069767441860465,0.92,,,CLE,2019,0.044391168016723284,24.0,False,1.75,,,14,RB,4.877777777777777,True,True,True,False,False,,,,,,,
,,00-0034253,0.02073365231259968,RB,1.2,RB,0.07692307692307693,6.0,1.75,,0.0,1.0,0.001890359168241966,0.15384615384615385,,,CLE,2020,0.002835538752362949,25.0,False,2.7214285714285715,,,5,RB,7.4944444444444445,True,True,True,True,False,,,,,,,
,,00-0034253,0.21462639109697934,RB,8.555555555555555,RB,0.21481481481481482,77.0,2.7214285714285715,,-0.003387369949189451,1.0,0.05350553505535055,0.7407407407407407,,,TEN,2021,0.07788714361859321,26.0,False,1.2,,,9,RB,6.433333333333334,True,True,True,True,False,,,,,,,
,,00-0034253,0.2849056603773585,RB,6.433333333333334,RB,0.17218543046357615,77.2,1.2,,0.011659192825112108,0.78,0.05963302752293578,1.1721854304635762,,,TEN,2022,0.09761097626198215,27.0,False,8.555555555555555,,,12,RB,,False,False,True,True,False,,,,,,,
,,00-0034256,0.03519061583577713,WR,0.9400000000000001,WR,0.125,4.7,,,0.004016064257028112,0.8,0.005136986301369863,0.9166666666666666,,,NYG,2019,0.010516724431974472,24.0,False,,,,5,WR,,False,False,False,False,False,,,,,,,
,,00-0034268,,WR,0.5,WR,,3.5,,,0.0034589477516839616,0.7,0.004885993485342019,,,,GB,2018,0.009750253654191802,23.0,False,,,0.09500000000000001,7,WR,,False,False,False,False,False,,,,,,,
,,00-0034270,,TE,3.1750000000000003,TE,,12.700000000000001,,,0.013794715922375496,0.6,0.012131715771230503,,,,MIN,2018,0.027853874802508602,23.0,False,,,0.139375,4,TE,3.162121212121212,True,True,False,False,False,0.0,,,,,,
0.139375,,00-0034270,0.18782608695652173,TE,1.3909090909090909,TE,0.1111111111111111,15.3,,,0.015376315079579175,0.7,0.02531645569620253,0.5833333333333334,,,MIN,2019,0.04873810410000922,24.0,False,3.1750000000000003,,0.2652941176470588,11,TE,6.534313725490197,True,True,True,False,True,0.0,,,,,,
0.2652941176470588,,00-0034270,0.4189655172413793,TE,4.933333333333334,TE,0.10699588477366255,44.4,3.1750000000000003,,0.029718456725755994,0.8,0.05508474576271186,0.7983539094650206,,,MIN,2020,0.10343003835209699,25.0,False,1.3909090909090909,,0.391875,9,TE,7.935294117647059,True,True,True,True,True,0.0,,,,,,
0.391875,,00-0034270,0.8713629402756509,TE,8.13529411764706,TE,0.15289982425307558,138.3,1.3909090909090909,,0.10331774660431975,0.9,0.1556350626118068,1.0421792618629173,,,MIN,2021,0.305775016540734,26.0,False,4.933333333333334,,0.8099999999999999,17,TE,7.488235294117647,True,True,True,True,True,0.0,,,3.506495400887275,5.275076923076923,,
0.8099999999999999,,00-0034270,0.7921511627906976,TE,7.735294117647059,TE,0.1596330275229358,131.5,4.933333333333334,,0.1259697835851368,1.0,0.14795918367346939,1.0128440366972478,,,NYJ,2022,0.3101176240197998,27.0,False,8.13529411764706,,0.77,17,TE,7.429963235294117,True,True,True,True,True,0.0,,,4.201508777039625,4.808593749999999,,
0.77,,00-0034270,0.7320916905444126,TE,7.241176470588235,TE,0.17025440313111545,123.1,8.13529411764706,,0.15724101479915434,1.0,0.15480427046263345,1.2152641878669277,,,NYJ,2023,0.3422751160533582,28.0,False,7.735294117647059,,,17,TE,5.251041666666667,True,True,True,True,True,0.0,,,3.450107991712769,5.97304347826087,,
0.800625,,00-0034270,0.12482853223593965,TE,2.8833333333333333,TE,0.10989010989010989,17.3,7.241176470588235,,0.009683666881859263,1.0,0.01757469244288225,1.10989010989011,,,LAC,2025,0.03314060548162486,30.0,False,7.61875,,0.19230769230769232,6,TE,,False,,True,True,True,0.0,,,,,,
,,00-0034272,,WR,6.9375,WR,,111.0,,,0.1618423448024759,0.8,0.11889250814332247,,,,GB,2018,0.2916284035767168,24.0,False,,,0.646875,16,WR,7.875,True,True,False,False,False,,,,3.3161160249948374,6.2870833333333325,,
0.646875,,00-0034272,0.4704225352112676,WR,5.36875,WR,0.17065868263473055,85.9,,,0.1782477341389728,0.9,0.09484193011647254,1.377245508982036,,,GB,2019,0.2670363090719897,25.0,False,6.9375,,0.45333333333333337,16,WR,9.145170454545454,True,True,True,False,True,,,,2.5509622717326716,5.695535714285716,,
0.45333333333333337,,00-0034272,0.7921686746987951,WR,10.38125,WR,0.14638783269961977,166.1,6.9375,,0.3004725085910653,1.0,0.13253012048192772,1.5931558935361216,,,GB,2020,0.4091259367366373,26.0,False,5.36875,,0.7394444444444445,16,WR,7.794545454545455,True,True,True,True,True,,,,3.120286621298216,5.532666666666667,,
0.7394444444444445,,00-0034272,0.44298245614035087,WR,7.909090909090909,WR,0.18151815181518152,87.0,5.36875,,0.21078536272202011,1.0,0.09212730318257957,1.4191419141914192,,,GB,2021,0.2857407086792835,27.0,False,10.38125,,0.62,11,WR,5.922500000000001,True,True,True,True,True,,,,2.3729497686210688,5.941698113207546,,
0.62,,00-0034272,0.764218009478673,WR,7.6800000000000015,WR,0.14263565891472868,153.60000000000002,10.38125,,0.25977816695855227,1.0,0.12921348314606743,1.254263565891473,,,KC,2022,0.37566494159008773,28.0,False,7.909090909090909,,0.666,20,WR,5.3325,True,True,True,True,True,,,,2.8326130121571196,6.366025641025641,,
0.666,,00-0034272,0.6391402714932126,WR,4.165,WR,0.09734513274336283,83.3,7.909090909090909,,0.2029015544041451,0.88,0.07523939808481532,0.784070796460177,,,KC,2023,0.2548901852101245,29.0,False,7.6800000000000015,,0.5855,20,WR,5.13,True,True,True,True,True,,,,,,,
0.5435714285714286,,00-0034272,0.40536277602523657,WR,3.7600000000000002,WR,0.13229571984435798,37.6,4.165,,0.1095890410958904,0.64,0.06204379562043796,0.5680933852140078,,,PIT,2025,0.1697780221977802,31.0,False,6.5,,0.4890909090909091,10,WR,,False,,True,True,True,,,,,,,
,,00-0034273,,WR,5.48,WR,,27.400000000000002,,,0.04263711495116454,0.7,0.03590664272890485,,,,CLE,2018,0.08370594455917245,23.0,False,,,0.19538461538461538,5,WR,3.141111111111111,True,True,False,False,False,,,,,,,
0.19538461538461538,,00-0034273,0.27166666666666667,WR,4.222222222222222,WR,0.147239263803681,38.0,,,0.06898876404494382,0.8,0.046511627906976744,1.2269938650306749,,,CLE,2019,0.1180595766919258,24.0,False,5.48,,0.3076923076923077,9,WR,2.06,True,True,True,False,True,,,,,,,
0.3076923076923077,,00-0034273,0.1474036850921273,WR,2.06,WR,0.11363636363636363,10.3,5.48,,0.026673506027186458,0.9,0.020161290322580645,0.7159090909090909,,,NYG,2020,0.04891338970290149,25.0,False,4.222222222222222,,0.392,5,WR,,False,False,True,True,True,,,,,,,
,,00-0034279,,WR,4.9363636363636365,WR,,54.3,,,0.09193519024212635,0.6,0.05863192182410423,,,,GB,2018,0.1523025159056448,22.0,False,,,0.455,11,WR,3.1100000000000003,True,True,False,False,False,,,,,,,
,,00-0034279,0.1897590361445783,WR,3.1100000000000003,WR,0.12698412698412698,31.1,4.9363636363636365,,0.040378006872852236,0.8,0.027538726333907058,1.2222222222222223,,,GB,2020,0.06957269431185716,24.0,False,,,0.26571428571428574,10,WR,2.8026442307692307,True,True,False,True,False,,,,,,,
0.26571428571428574,,00-0034279,0.23391812865497075,WR,1.5615384615384615,WR,0.10625,20.3,,,0.0374491761181254,0.9,0.02847571189279732,0.6125,,,GB,2021,0.06892799112188375,25.0,False,3.1100000000000003,,0.3364285714285714,13,WR,3.1418749999999998,True,True,True,False,True,,,,,,,
0.3364285714285714,,00-0034279,0.5647058823529412,WR,4.04375,WR,0.13194444444444445,64.7,3.1100000000000003,,0.15551366635249764,1.0,0.10614525139664804,1.1215277777777777,,,CHI,2022,0.2680774435417204,26.0,False,1.5615384615384615,,0.569375,16,WR,2.2399999999999998,True,True,True,True,True,,,,,,,
0.569375,,00-0034279,0.18357487922705315,WR,2.2399999999999998,WR,0.05263157894736842,11.2,1.5615384615384615,,0.015234262719172175,1.0,0.012738853503184714,0.543859649122807,,,CHI,2023,0.029772264158197594,27.0,False,4.04375,,0.45142857142857146,5,WR,,False,False,True,True,True,,,,,,,
,,00-0034286,,WR,2.8333333333333335,WR,,34.0,,,0.015581524763494713,0.7,0.02959830866807611,,,,SF,2018,0.05530453033656046,23.0,False,,,0.22153846153846152,12,WR,4.1673684210526325,True,True,False,False,False,,,,,,,
0.22153846153846152,,00-0034286,0.16974789915966387,WR,1.4947368421052634,WR,0.09900990099009901,28.400000000000002,,,0.035725007505253675,0.8,0.02012072434607646,1.6336633663366336,,,SF,2019,0.055188591772792256,24.0,False,2.8333333333333335,,0.17473684210526316,19,WR,6.840000000000001,True,True,True,False,True,,,,,,,
0.17473684210526316,,00-0034286,0.38064516129032255,WR,6.840000000000001,WR,0.1483050847457627,68.4,2.8333333333333335,,0.10590573537762635,0.9,0.06666666666666667,1.6694915254237288,,,SF,2020,0.17413401476433843,25.0,False,1.4947368421052634,,0.5445454545454546,10,WR,8.761111111111113,True,True,True,True,True,,,,,,,
,,00-0034286,0.572829131652661,WR,8.761111111111113,WR,0.21026894865525672,157.70000000000002,6.840000000000001,,0.16577086280056577,1.0,0.15693430656934307,1.5916870415647921,,,NYG,2022,0.35144106381441065,27.0,False,,,0.4905263157894737,18,WR,1.7692307692307692,True,True,False,True,False,,,,3.1903275387012253,6.744999999999999,,
0.4905263157894737,,00-0034286,0.14705882352941177,WR,1.7692307692307692,WR,0.13846153846153847,23.0,,,0.03067357512953368,1.0,0.024623803009575923,0.9230769230769231,,,KC,2023,0.05840720710503746,28.0,False,8.761111111111113,,0.22999999999999998,13,WR,,False,False,True,False,True,,,,,,,
,,00-0034297,0.10526315789473684,WR,2.5,WR,0.2,35.0,,,0.03240487893682869,1.0,0.024242424242424242,2.125,,,KC,2019,0.05904705161941644,26.0,False,,,0.12894736842105264,14,WR,6.939736842105263,True,True,False,False,False,,,,,,,
0.12894736842105264,,00-0034297,0.28331332533013204,WR,5.09,WR,0.11440677966101695,50.9,,,0.039521580863234526,1.0,0.037037037037037035,0.8432203389830508,,,KC,2020,0.08322066215981971,27.0,False,2.5,,0.34875,10,WR,6.169736842105262,True,True,True,False,True,,,,,,,
0.34875,,00-0034297,0.5629877369007804,WR,8.789473684210526,WR,0.15247524752475247,167.0,2.5,,0.14097744360902256,1.0,0.102803738317757,1.2871287128712872,,,KC,2021,0.2528898180029513,28.0,False,5.09,,0.5135,19,WR,2.9326923076923075,True,True,True,True,True,,,,4.11533941172175,5.333260869565217,,
0.5135,,00-0034297,0.3,WR,3.55,WR,0.10457516339869281,35.5,5.09,,0.0706880301602262,0.88,0.0446927374301676,0.8823529411764706,,,CHI,2022,0.11652072725740974,29.0,False,8.789473684210526,,0.45909090909090905,10,WR,2.3153846153846156,True,True,True,True,True,,,,,,,
0.45909090909090905,,00-0034297,0.14246947082767977,WR,2.3153846153846156,WR,0.20952380952380953,30.1,8.789473684210526,,0.06818181818181818,0.76,0.036605657237936774,1.5333333333333334,,,WAS,2023,0.1026357585841779,30.0,False,3.55,,0.16411764705882353,13,WR,,False,False,True,True,True,,,,,,,
,,00-0034301,,RB,3.8333333333333335,RB,,23.0,,,-0.0011986301369863014,1.0,0.0048,,,,KC,2018,0.006360958904109589,23.0,False,,,0.09625,6,RB,6.407291666666667,True,True,False,False,False,,,,,,,
0.09625,,00-0034301,0.1736842105263158,RB,7.533333333333333,RB,0.14393939393939395,67.8,,,0.0038230475150191155,1.0,0.02878787878787879,1.2651515151515151,,,KC,2019,0.04585795144233156,24.0,False,3.8333333333333335,,0.24750000000000003,9,RB,8.096180555555556,True,True,True,False,True,,,,,,,
0.24750000000000003,,00-0034301,0.34813925570228094,RB,5.28125,RB,0.1310344827586207,84.5,3.8333333333333335,,-0.005200208008320333,1.0,0.05212620027434842,0.5206896551724138,,,KC,2020,0.0745491548056984,25.0,False,7.533333333333333,,0.30578947368421056,16,RB,7.565555555555556,True,True,True,True,True,,,,,,,
0.30578947368421056,,00-0034301,0.4236343366778149,RB,10.911111111111111,RB,0.15,196.4,7.533333333333333,,0.015413533834586466,1.0,0.07610146862483311,1.1894736842105262,,,KC,2021,0.12494167662146019,26.0,True,5.28125,,0.42894736842105263,18,RB,4.220000000000001,True,True,True,True,True,,,,,,-0.5871139094227632,13.194444444444445
0.42894736842105263,,00-0034301,0.08982826948480846,RB,4.220000000000001,RB,0.11764705882352941,21.1,5.28125,,-0.005348785379986628,0.78,0.012618296529968454,0.1323529411764706,,,ARI,2022,0.015183295028962042,27.0,True,10.911111111111111,,0.205,5,RB,,False,False,True,True,True,,,,,,,
,,00-0034309,0.38448275862068965,WR,4.341666666666667,WR,0.13452914798206278,52.1,,,0.047184567257559956,1.0,0.0635593220338983,0.9013452914798207,,,MIN,2020,0.12836818013113943,26.0,False,,,0.31857142857142856,12,WR,,False,False,False,False,False,,,,,,,
,,00-0034317,,WR,6.8375,WR,,54.7,,,0.06875725900116145,0.8,0.03993055555555555,,,,NO,2018,0.10802591463414635,24.0,False,,,,8,WR,,False,False,False,False,False,,,,,,,
,,00-0034317,0.11755725190839694,WR,2.1,WR,0.11688311688311688,14.700000000000001,,,0.01882498965659909,0.88,0.015625,0.4805194805194805,,,NO,2023,0.036614992759619366,29.0,False,,,0.27153846153846156,7,WR,,False,False,False,False,False,,,,,,,
,,00-0034319,0.02763157894736842,TE,2.525,TE,0.23809523809523808,10.1,,,0.0070999453850355,0.7,0.007575757575757576,2.9047619047619047,,,KC,2019,0.016333598133161212,24.0,False,,,,4,TE,1.7666666666666666,True,True,False,False,False,0.0,,,,,,
,,00-0034319,0.11284513805522209,TE,1.7666666666666666,TE,0.11702127659574468,10.6,,,0.009880395215808632,0.8,0.015089163237311385,0.3829787234042553,,,KC,2020,0.02955002150703312,25.0,False,2.525,,,6,TE,,False,False,True,False,False,0.0,,,,,,
,,00-0034331,,RB,9.944444444444445,RB,,89.5,,,0.00038299502106472615,0.825,0.043348281016442454,,,,PIT,2018,0.065290518039409,22.0,False,,,0.24500000000000002,9,RB,4.926495726495727,True,True,False,False,False,,,,,,,
0.24500000000000002,,00-0034331,0.4750889679715303,RB,8.03076923076923,RB,0.21348314606741572,104.4,,,-0.011580030880082347,1.0,0.11825726141078838,1.142322097378277,,,PIT,2019,0.1692798705001249,23.0,False,9.944444444444445,,0.4192857142857143,13,RB,1.8222222222222224,True,True,True,False,True,,,,,,,
0.4192857142857143,,00-0034331,0.12666666666666668,RB,1.8222222222222224,RB,0.14736842105263157,16.400000000000002,9.944444444444445,,-0.0005772561092938234,1.0,0.019471488178025034,0.4842105263157895,,,PIT,2020,0.028803152990531874,24.0,False,8.03076923076923,,0.12533333333333332,9,RB,,False,False,True,True,True,,,,,,,
,,00-0034339,0.542649727767695,WR,4.316666666666666,WR,0.15719063545150502,51.8,,,0.09134479842120101,0.8,0.10151187904967603,0.6622073578595318,,,WAS,2019,0.21620917746935475,24.0,False,,,0.6166666666666667,12,WR,,False,False,False,False,False,,,,2.5924802946709313,6.552051282051282,,
,-8.245235291934721,00-0034343,,QB_pocket,8.065714285714286,QB,,112.92,,-0.2710667240636326,0.0,0.486,0.0,,-0.3519014545540406,438.0,ARI,2018,0.0,21.0,False,,438.0,0.9171428571428571,14,QB,3.596,True,True,False,False,False,,-3.3089858207273366,2.7658469387755096,,,,
0.9171428571428571,-12.69719726448759,00-0034343,0.1799163179916318,QB_pocket,3.596,QB,0.0,17.98,,-0.3150963370276801,0.0,0.543,0.0,0.0,-0.3957210646203105,125.0,MIA,2019,0.0,22.0,False,8.065714285714286,125.0,0.5183333333333333,5,QB,,False,False,True,False,True,,,,,,,
,,00-0034348,,WR,8.51875,WR,,136.3,,,0.27802690582959644,0.7,0.15162454873646208,,,,DEN,2018,0.4220556571854106,23.0,False,,,0.761875,16,WR,13.901250000000001,True,True,False,False,False,,,,2.1630736692701764,4.624819277108434,,
0.761875,,00-0034348,0.9453262786596119,WR,13.901250000000001,WR,0.23134328358208955,222.42000000000002,,,0.43123123123123125,0.8,0.2672413793103448,2.074626865671642,,,DEN,2019,0.7027239308273792,24.0,False,8.51875,,0.92125,16,WR,8.83764705882353,True,True,True,False,True,,,,2.5014440745555566,5.116422764227643,,
,,00-0034348,0.900990099009901,WR,8.83764705882353,WR,0.1794871794871795,150.24,13.901250000000001,,0.34397082288579894,1.0,0.1895551257253385,1.4212454212454213,,,DEN,2021,0.525112264608067,26.0,False,,,0.8511764705882353,17,WR,11.257083333333334,True,True,False,True,False,,,,2.4701778485874994,5.151063829787234,,
0.8511764705882353,,00-0034348,0.8072289156626506,WR,10.626666666666667,WR,0.20335820895522388,159.4,,,0.2875187326054378,1.0,0.20566037735849058,1.546641791044776,,,DEN,2022,0.5097536788615423,27.0,False,8.83764705882353,,0.8806666666666667,15,WR,13.379044117647059,True,True,True,False,True,,,,2.6589590762681605,5.756944444444445,,
0.8806666666666667,,00-0034348,0.7726523887973641,WR,11.887500000000001,WR,0.19189765458422176,190.20000000000002,8.83764705882353,,0.3119482048263684,1.0,0.189873417721519,1.6460554371002132,,,DEN,2023,0.5031738699607364,28.0,False,10.626666666666667,,0.785,16,WR,13.743188854489166,True,True,True,True,True,,,,2.9192387594368774,6.368977272727273,,
0.8594444444444445,,00-0034348,0.9239842726081258,WR,12.615789473684211,WR,0.19574468085106383,239.70000000000002,11.887500000000001,,0.3502789832610043,0.76,0.21495327102803738,1.5418439716312056,,,DEN,2025,0.567625194824759,30.0,False,14.870588235294118,,0.8573684210526316,19,WR,,False,,True,True,True,,,,2.2785379059503152,5.272857142857143,,
,,00-0034349,,RB,13.940000000000001,RB,,139.4,,,-0.006214396685655101,0.65,0.07014388489208633,,,,DET,2018,0.10086574965817091,21.0,True,,,0.516,10,RB,7.876785714285714,True,True,False,False,False,,,,,,1.289346556177142,21.1864406779661
0.516,,00-0034349,0.2208398133748056,RB,10.625,RB,0.1056338028169014,85.0,,,0.013218390804597701,0.825,0.02727272727272727,0.8943661971830986,,,DET,2019,0.0501619644723093,22.0,True,13.940000000000001,,0.5275,8,RB,5.128571428571428,True,True,True,False,True,,,,,,-0.5070874054631898,29.20353982300885
0.5275,,00-0034349,0.3415765069551777,RB,5.128571428571428,RB,0.11764705882352941,71.8,13.940000000000001,,-0.0006128702757916241,1.0,0.046511627906976744,0.8461538461538461,,,DET,2020,0.06933843266741098,23.0,True,10.625,,0.27999999999999997,14,RB,,False,False,True,True,True,,,,,,,
,,00-0034351,,TE,5.905882352941177,TE,,100.4,,,0.06856581532416503,0.6,0.07239819004524888,,,,PHI,2018,0.15659335579478884,23.0,False,,,0.4716666666666667,17,TE,10.259659090909091,True,True,False,False,False,0.0,,,3.2578008954318296,5.1517647058823535,,
0.4716666666666667,,00-0034351,0.6406685236768802,TE,9.9375,TE,0.20652173913043478,159.0,,,0.11373737373737373,0.7,0.151033386327504,1.4782608695652173,,,PHI,2019,0.30616624110741764,24.0,False,5.905882352941177,,0.723125,16,TE,10.92215909090909,True,True,True,False,True,0.0,,,3.0433343028388897,5.644428571428572,,
0.723125,,00-0034351,0.521557719054242,TE,10.581818181818182,TE,0.17333333333333334,116.4,5.905882352941177,,0.11062821019359936,0.8,0.11586452762923351,1.3973333333333333,,,PHI,2020,0.2512365385793698,25.0,False,9.9375,,0.7872727272727272,11,TE,11.541250000000002,True,True,True,True,True,0.0,,,2.8509259067268204,6.4071428571428575,,
0.7872727272727272,,00-0034351,0.6857142857142857,TE,11.262500000000001,TE,0.2037037037037037,180.20000000000002,9.9375,,0.18070652173913043,0.9,0.17254901960784313,2.134259259259259,,,PHI,2021,0.385318094629156,26.0,False,10.581818181818182,,0.7875,16,TE,10.856666666666667,True,True,True,True,True,0.0,,,3.574250972076271,6.045,,
0.7875,,00-0034351,0.680998613037448,TE,11.82,TE,0.17718940936863545,177.3,10.581818181818182,,0.10372287477603026,1.0,0.14821124361158433,1.7169042769857434,,,PHI,2022,0.29492287776059767,27.0,False,11.262500000000001,,0.906,15,TE,10.282380952380954,True,True,True,True,True,0.0,,,3.6505787409132817,6.193636363636363,,
0.906,,00-0034351,0.7066473988439307,TE,9.893333333333334,TE,0.18200408997955012,148.4,11.262500000000001,,0.10240067983853834,1.0,0.15978456014362658,1.2535787321063394,,,PHI,2023,0.3113573161024167,28.0,False,11.82,,0.8426666666666667,15,TE,11.726339285714285,True,True,True,True,True,0.0,,,2.9058752182169036,6.660144927536232,,
0.7164285714285714,,00-0034351,0.7882736156351792,TE,12.78125,TE,0.18388429752066116,204.5,9.893333333333334,,0.14865764366540937,1.0,0.178714859437751,1.2892561983471074,,,PHI,2025,0.37213263972241306,30.0,False,10.671428571428573,,0.850625,16,TE,,False,,True,True,True,0.0,,,3.360714903567619,5.985820895522389,,
,,00-0034353,,WR,7.91375,WR,,126.62,,,0.1388662316476346,0.8,0.10845588235294118,,,,CHI,2018,0.25989018568275596,24.0,False,,,0.570625,16,WR,7.310845588235294,True,True,False,False,False,,,,2.97224550965007,5.188510638297872,,
0.570625,,00-0034353,0.7169230769230769,WR,7.96875,WR,0.18240343347639484,127.5,,,0.1978047107249028,0.9,0.1501766784452297,1.407725321888412,,,CHI,2019,0.3637283151752765,25.0,False,7.91375,,0.6387499999999999,16,WR,6.652941176470589,True,True,True,False,True,,,,3.1185248609471374,5.717236842105263,,
0.6387499999999999,,00-0034353,0.6297872340425532,WR,6.652941176470589,WR,0.17792792792792791,113.10000000000001,7.91375,,0.15258637906930297,1.0,0.1270096463022508,1.1418918918918919,,,CHI,2020,0.29732493480188826,26.0,False,7.96875,,0.538235294117647,17,WR,,False,False,True,True,True,,,,2.956582269264672,5.506617647058824,,
,,00-0034358,0.08711433756805807,RB,11.48,RB,0.1875,57.400000000000006,,,-0.0008457851705666761,0.825,0.019438444924406047,1.6458333333333333,,,WAS,2019,0.028565617767212396,22.0,False,,,0.304,5,RB,,False,False,False,False,False,,,,,,,
,,00-0034364,,TE,2.82,TE,,42.3,,,0.04199593587717318,0.9,0.054474708171206226,,,,HOU,2018,0.11110921737083057,26.0,False,,,0.35117647058823526,15,TE,6.02548076923077,True,True,False,False,False,0.0,,,,,,
0.35117647058823526,,00-0034364,0.5614754098360656,TE,5.6125,TE,0.13381995133819952,89.8,,,0.07686289849403481,1.0,0.0933786078098472,1.0170316301703164,,,HOU,2019,0.19387194066059518,27.0,False,2.82,,0.60875,16,TE,4.956730769230769,True,True,True,False,True,0.0,,,3.3879507137396168,5.7784848484848474,,
0.60875,,00-0034364,0.46676737160120846,TE,6.438461538461539,TE,0.15857605177993528,83.7,2.82,,0.07847724372607401,1.0,0.09333333333333334,1.3042071197411003,,,HOU,2020,0.19493407060825182,28.0,False,5.6125,,0.5192307692307693,13,TE,5.620833333333334,True,True,True,True,True,0.0,,,3.6663698294774316,5.3111764705882365,,
0.5192307692307693,,00-0034364,0.3538961038961039,TE,3.475,TE,0.15137614678899083,41.7,5.6125,,0.054502369668246446,1.0,0.06309751434034416,0.981651376146789,,,HOU,2021,0.13279793027828876,29.0,False,6.438461538461539,,0.4,12,TE,4.967948717948718,True,True,True,True,True,0.0,,,,,,
0.4,,00-0034364,0.48753894080996885,TE,7.766666666666667,TE,0.17252396166134185,116.5,6.438461538461539,,0.08050436469447139,1.0,0.0967741935483871,1.5814696485623003,,,HOU,2022,0.2015143456087106,30.0,False,3.475,,0.43,15,TE,3.9283653846153848,True,True,True,True,True,0.0,,,3.206869300485072,5.845428571428571,,
0.43,,00-0034364,0.17819148936170212,TE,2.1692307692307695,TE,0.17164179104477612,28.200000000000003,3.475,,0.02039289055191768,0.9,0.0359375,0.9850746268656716,,,CLE,2023,0.06818127338634238,31.0,False,7.766666666666667,,0.19722222222222224,13,TE,5.6875,True,True,True,True,True,0.0,,,,,,
,,00-0034365,,TE,8.13,TE,,81.30000000000001,,,0.07408312958435208,0.5,0.0900735294117647,,,,CAR,2018,0.1869684848266935,22.0,False,,,0.4675,10,TE,3.3376923076923077,True,True,False,False,False,0.0,,,3.4405284318322824,5.964324324324324,,
0.4675,,00-0034365,0.2785515320334262,TE,3.56,TE,0.15,35.6,,,0.0396809959151916,0.6,0.05,0.68,,,CAR,2019,0.10277669714063413,23.0,False,8.13,,0.268125,10,TE,2.8719780219780224,True,True,True,False,True,0.0,,,,,,
0.268125,,00-0034365,0.768370607028754,TE,3.1153846153846154,TE,0.06444906444906445,40.5,8.13,,0.04843093649617,0.7,0.058823529411764705,0.30145530145530147,,,CAR,2020,0.12213694966496605,24.0,False,3.56,,0.6525,13,TE,2.87967032967033,True,True,True,True,True,0.0,,,,,,
0.6525,,00-0034365,0.5599415204678363,TE,2.628571428571429,TE,0.0783289817232376,36.800000000000004,3.56,,0.04246925040612671,0.8,0.05217391304347826,0.4908616187989556,,,CAR,2021,0.10798934484950608,25.0,False,3.1153846153846154,,0.6152941176470589,14,TE,2.2278846153846157,True,True,True,True,True,0.0,,,,,,
0.6152941176470589,,00-0034365,0.43079922027290446,TE,3.130769230769231,TE,0.13574660633484162,40.7,3.1153846153846154,,0.02153558052434457,0.9,0.0702576112412178,0.8914027149321267,,,CAR,2022,0.12046132322886789,26.0,False,2.628571428571429,,0.5435294117647059,13,TE,1.325,True,True,True,True,True,0.0,,,,,,
0.5435294117647059,,00-0034365,0.13304093567251463,TE,1.325,TE,0.0989010989010989,10.6,2.628571428571429,,0.019164619164619166,1.0,0.016853932584269662,0.6153846153846154,,,CAR,2023,0.03869613229163791,27.0,False,3.130769230769231,,0.2675,8,TE,2.711111111111111,True,True,True,True,True,0.0,,,,,,
,,00-0034365,0.2470978441127695,TE,2.711111111111111,TE,0.087248322147651,24.4,1.325,,0.013137316233969347,1.0,0.02636916835699797,0.7651006711409396,,,LV,2025,0.0487498738992755,29.0,False,,,0.3593333333333334,9,TE,,False,,False,True,False,0.0,,,,,,
,,00-0034366,,WR,12.957142857142857,WR,,90.7,,,0.06073605780085798,0.5,0.10700389105058365,,,,HOU,2018,0.20302107703647604,21.0,False,,,0.6542857142857142,7,WR,8.8625,True,True,False,False,False,,,,,,,
0.6542857142857142,,00-0034366,0.3087431693989071,WR,6.6000000000000005,WR,0.1592920353982301,52.800000000000004,,,0.053197731273225114,0.6,0.06112054329371817,1.1238938053097345,,,HOU,2019,0.12891922683183482,22.0,False,12.957142857142857,,0.55,8,WR,11.125,True,True,True,False,True,,,,,,,
0.55,,00-0034366,0.3338368580060423,WR,11.125,WR,0.18099547511312217,89.0,12.957142857142857,,0.08017864738409188,0.7,0.0761904761904762,1.8099547511312217,,,HOU,2020,0.17041076745457862,23.0,False,6.6000000000000005,,0.585,8,WR,0.14285714285714285,True,True,True,True,True,,,,,,,
,,00-0034366,0.002898550724637681,WR,0.14285714285714285,WR,0.5,1.0,11.125,,0.0032353734160150984,0.9,0.0017271157167530224,10.0,,,IND,2022,0.004855434966340102,25.0,False,,,0.005,7,WR,,False,False,False,True,False,,,,,,,
,,00-0034367,,RB,9.605882352941178,RB,,163.3,,,0.0306928873368866,0.825,0.11571428571428571,,,,IND,2018,0.1950564497072492,22.0,False,,,0.4138888888888889,17,RB,9.640257352941177,True,True,False,False,False,,,,,,-0.8616061915089058,11.76470588235294
0.4138888888888889,,00-0034367,0.4268502581755594,RB,7.36875,RB,0.23387096774193547,117.9,,,0.0196078431372549,1.0,0.11885245901639344,1.2903225806451613,,,IND,2019,0.1920041787206686,23.0,False,9.605882352941178,,0.31625000000000003,16,RB,9.38529411764706,True,True,True,False,True,,,,,,,
0.31625000000000003,,00-0034367,0.4807692307692308,RB,11.911764705882353,RB,0.2633333333333333,202.5,9.605882352941178,,0.012941176470588235,1.0,0.13667820069204153,1.6333333333333333,,,IND,2020,0.21407612456747407,24.0,True,7.36875,,0.36117647058823527,17,RB,5.776633986928105,True,True,True,True,True,,,,,,-0.08168124000462934,12.359550561797752
0.36117647058823527,,00-0034367,0.40480274442538594,RB,6.858823529411765,RB,0.24152542372881355,116.60000000000001,7.36875,,0.02868020304568528,1.0,0.11377245508982035,1.3135593220338984,,,IND,2021,0.19073482476671022,25.0,True,11.911764705882353,,0.3135294117647059,17,RB,4.694444444444445,True,True,True,True,True,,,,,,,
0.3135294117647059,,00-0034367,0.20291777188328913,RB,4.694444444444445,RB,0.26143790849673204,84.5,11.911764705882353,,0.02155529762891726,1.0,0.06369426751592357,1.6470588235294117,,,BUF,2022,0.11063010961412743,26.0,True,6.858823529411765,,0.1827777777777778,18,RB,,False,False,True,True,True,,,,,,,
,,00-0034367,0.006858710562414266,RB,-0.05,RB,0.0,-0.2,,,0.0,0.34,0.0,0.0,,,LAC,2025,0.0,29.0,False,,,0.030000000000000002,4,RB,,False,,False,False,False,,,,,,,
,,00-0034370,,WR,6.027272727272727,WR,,66.3,,,0.09369837148926127,0.7,0.08303249097472924,,,,DEN,2018,0.19013759650457673,23.0,False,,,0.4878571428571429,11,WR,5.045833333333333,True,True,False,False,False,,,,3.0531937032158556,5.328604651162791,,
0.4878571428571429,,00-0034370,0.6931216931216931,WR,4.9,WR,0.13231552162849872,63.7,,,0.12702702702702703,0.8,0.11206896551724138,0.7557251908396947,,,DEN,2019,0.257022367194781,24.0,False,6.027272727272727,,0.64875,13,WR,5.191666666666666,True,True,True,False,True,,,,3.2562365624093905,5.271041666666667,,
0.64875,,00-0034370,0.4967637540453074,WR,5.191666666666666,WR,0.14332247557003258,62.3,6.027272727272727,,0.12071078431372549,0.9,0.0825515947467167,0.9543973941368078,,,DEN,2020,0.20832494113968286,25.0,False,4.9,,0.486875,12,WR,,False,False,True,True,True,,,,2.8051718209543752,6.087142857142857,,
,,00-0034378,,RB,7.515384615384615,RB,,97.7,,,-0.001536983669548511,1.0,0.052980132450331126,,,,ATL,2018,0.07839431010681273,23.0,False,,,0.33571428571428574,13,RB,4.639285714285714,True,True,False,False,False,,,,,,-0.5384477257959089,21.11111111111111
0.33571428571428574,,00-0034378,0.14659685863874344,RB,5.185714285714285,RB,0.125,36.3,,,0.004471771939631079,1.0,0.021538461538461538,0.7767857142857143,,,ATL,2019,0.03543793266543406,24.0,False,7.515384615384615,,0.3,7,RB,4.0928571428571425,True,True,True,False,True,,,,,,,
0.3,,00-0034378,0.2180232558139535,RB,4.0928571428571425,RB,0.17333333333333334,57.3,7.515384615384615,,0.00019227071716977504,1.0,0.04406779661016949,0.5,,,ATL,2020,0.06623628441727308,25.0,False,5.185714285714285,,0.23428571428571426,14,RB,,False,False,True,True,True,,,,,,,
,,00-0034383,,TE,2.66,TE,,26.6,,,0.022893772893772892,0.5,0.032758620689655175,,,,DAL,2018,0.06516357206012378,22.0,False,,,0.43,10,TE,4.711458333333334,True,True,False,False,False,1.0,,,,,,
0.43,,00-0034383,0.03426791277258567,TE,0.26666666666666666,TE,0.09090909090909091,1.6,,,0.0037362226788716607,0.6,0.003472222222222222,0.2727272727272727,,,DAL,2019,0.007823689208543495,23.0,False,2.66,,0.10250000000000001,6,TE,10.819791666666667,True,True,True,False,True,1.0,,,,,,
0.10250000000000001,,00-0034383,0.8424753867791842,TE,9.15625,TE,0.14858096828046743,146.5,2.66,,0.12837986370630908,0.7,0.1444805194805195,1.026711185308848,,,DAL,2020,0.3065866838151956,24.0,False,0.26666666666666666,,0.85375,16,TE,11.679901960784314,True,True,True,True,True,1.0,,,3.0650836734815274,6.64758064516129,,
0.85375,,00-0034383,0.8509234828496042,TE,12.483333333333334,TE,0.17364341085271318,224.70000000000002,0.26666666666666666,,0.1482374768089054,0.8,0.1654357459379616,1.3906976744186046,,,DAL,2021,0.35191985267317616,25.0,False,9.15625,,0.8105555555555556,18,TE,10.452941176470588,True,True,True,True,True,1.0,,,3.511319663390142,5.376543209876543,,
0.8105555555555556,,00-0034383,0.7787610619469026,TE,10.876470588235295,TE,0.20265151515151514,184.9,9.15625,,0.16197323746754544,0.9,0.1742671009771987,1.3238636363636365,,,DAL,2022,0.37478191769307984,26.0,False,12.483333333333334,,0.7999999999999999,17,TE,8.509442724458204,True,True,True,True,True,1.0,,,2.8737079299715007,6.084347826086956,,
0.7999999999999999,,00-0034383,0.7186206896551725,TE,10.029411764705882,TE,0.18618042226487524,170.5,12.483333333333334,,0.14712940742108177,1.0,0.16033057851239668,1.3723608445297504,,,HOU,2023,0.34348645296335223,27.0,False,10.876470588235295,,0.7364705882352941,17,TE,8.457894736842107,True,True,True,True,True,1.0,,,3.3139522000525816,5.774852941176471,,
0.7789473684210527,,00-0034383,0.7886178861788617,TE,9.926315789473685,TE,0.19243986254295534,188.60000000000002,10.029411764705882,,0.13040181956027294,1.0,0.17777777777777778,1.436426116838488,,,HOU,2025,0.3579479403588577,29.0,False,6.989473684210527,,0.6857894736842105,19,TE,,False,,True,True,True,1.0,,,3.7679802090013466,5.427142857142857,,
,,00-0034386,,WR,0.21428571428571427,WR,,1.5,,,0.0022851919561243145,0.6,0.004846526655896607,,,,TB,2018,0.00886942435313193,22.0,False,,,0.08750000000000001,7,WR,3.408333333333333,True,True,False,False,False,,,,,,,
0.08750000000000001,,00-0034386,0.2061711079943899,WR,4.766666666666667,WR,0.17687074829931973,42.9,,,0.05504300234558249,0.7,0.0429042904290429,1.0816326530612246,,,TB,2019,0.10288653728547209,23.0,False,0.21428571428571427,,0.209375,9,WR,2.05,True,True,True,False,True,,,,,,,
0.209375,,00-0034386,0.11375,WR,2.05,WR,0.12087912087912088,16.4,0.21428571428571427,,0.015366772977674688,0.8,0.014864864864864866,1.032967032967033,,,TB,2020,0.03305403838166958,24.0,False,4.766666666666667,,0.19583333333333333,8,WR,3.3947368421052633,True,True,True,True,True,,,,,,,
,,00-0034386,0.3933649289099526,WR,3.3947368421052633,WR,0.11144578313253012,64.5,2.05,,0.1295971978984238,1.0,0.05196629213483146,1.0391566265060241,,,KC,2022,0.16866747673114385,26.0,False,,,0.45473684210526316,19,WR,4.704489164086688,True,True,False,True,False,,,,,,,
0.45473684210526316,,00-0034386,0.5248868778280543,WR,5.473684210526316,WR,0.13577586206896552,104.0,,,0.21968911917098446,1.0,0.08618331053351573,1.1853448275862069,,,KC,2023,0.28305734921996273,27.0,False,3.3947368421052633,,0.506,19,WR,3.935294117647059,True,True,True,False,True,,,,2.480391722434109,6.009183673469387,,
,,00-0034393,0.13403880070546736,TE,2.6333333333333333,TE,0.11842105263157894,15.799999999999999,,,0.012312312312312312,0.7,0.01939655172413793,0.5,,,DEN,2019,0.037713446204825515,24.0,False,,,0.22363636363636363,6,TE,3.142857142857143,True,True,False,False,False,0.0,,,,,,
0.22363636363636363,,00-0034393,0.0970873786407767,TE,3.142857142857143,TE,0.25,22.0,,,0.02246732026143791,0.8,0.028142589118198873,1.3333333333333333,,,DEN,2020,0.057941007860304844,25.0,False,2.6333333333333333,,0.2675,7,TE,,False,False,True,False,True,0.0,,,,,,
,,00-0034400,,RB,4.066666666666667,RB,,61.00000000000001,,,-0.0044109538687741225,1.0,0.025714285714285714,,,,IND,2018,0.03548376086328668,24.0,False,,,0.15944444444444444,15,RB,4.434615384615385,True,True,False,False,False,,,,,,,
0.15944444444444444,,00-0034400,0.1738382099827883,RB,4.153846153846154,RB,0.10891089108910891,54.0,,,0.0038197097020626434,1.0,0.022540983606557378,0.42574257425742573,,,IND,2019,0.036485272201279915,25.0,False,4.066666666666667,,0.18214285714285713,13,RB,4.7153846153846155,True,True,True,False,True,,,,,,,
0.18214285714285713,,00-0034400,0.1201923076923077,RB,4.7153846153846155,RB,0.21333333333333335,61.300000000000004,4.066666666666667,,-0.003058823529411765,1.0,0.02768166089965398,1.4,,,IND,2020,0.03938131487889273,26.0,False,4.153846153846154,,0.1713333333333333,13,RB,3.6750000000000003,True,True,True,True,True,,,,,,,
,,00-0034400,0.034782608695652174,RB,3.6750000000000003,RB,0.3333333333333333,14.700000000000001,4.7153846153846155,,-0.004853060124022647,0.56,0.013816925734024179,1.2083333333333333,,,IND,2022,0.017328246514220415,28.0,False,,,0.17,4,RB,,False,False,False,True,False,,,,,,,
,-2.092140662761135,00-0034401,0.2026431718061674,QB_pocket,11.004999999999999,QB,0.0,44.019999999999996,,-0.0436326400405452,0.0,0.771,0.0,0.0,-0.05336602578894543,137.0,NYJ,2021,0.0,26.0,False,,137.0,0.69,4,QB,7.244166666666667,True,True,False,False,False,,,,,,,
0.69,-6.184591097239206,00-0034401,0.2703488372093023,QB_pocket,14.145,QB,0.0,56.58,,-0.0475728324314158,0.0,0.828,0.0,0.0,-0.04145579877099741,184.0,NYJ,2022,0.0,27.0,False,11.004999999999999,184.0,0.9775,4,QB,0.3433333333333333,True,True,True,False,True,,-3.2265164788280245,2.803314285714286,,,,
0.9775,8.786096175511679,00-0034401,0.009104704097116844,QB_pocket,0.3433333333333333,QB,0.0,2.06,11.004999999999999,-0.8184135785229348,0.0,0.885,0.0,0.0,-1.206816952927814,6.0,MIA,2023,0.0,28.0,False,14.145,6.0,0.13166666666666668,6,QB,,False,False,True,True,True,,,,,,,
,,00-0034406,0.3304647160068847,WR,1.9454545454545453,WR,0.10416666666666667,21.4,,,0.05780494015788133,0.7,0.040983606557377046,0.6458333333333334,,,IND,2019,0.1019388679465825,23.0,False,,,0.32923076923076927,11,WR,,False,False,False,False,False,,,,,,,
,,00-0034407,,WR,1.125,WR,,9.0,,,0.002747833439019235,0.6,0.012605042016806723,,,,BUF,2018,0.02083104643252355,22.0,False,,,0.179,8,WR,1.0058823529411764,True,True,False,False,False,,,,,,,
0.179,,00-0034407,,WR,0.0,WR,,0.0,,,0.0,0.7,0.0,,,,CAR,2019,0.0,23.0,False,1.125,,0.0016666666666666668,6,WR,3.1294117647058823,True,True,True,False,True,,,,,,,
0.0016666666666666668,,00-0034407,0.13066666666666665,WR,2.011764705882353,WR,0.22448979591836735,34.2,1.125,,-0.006349817202232057,0.8,0.030598052851182198,0.7857142857142857,,,PIT,2020,0.041452207235210856,24.0,False,0.0,,0.14588235294117646,17,WR,3.576029411764706,True,True,True,True,True,,,,,,,
0.14588235294117646,,00-0034407,0.4650856389986825,WR,4.247058823529412,WR,0.19263456090651557,72.2,0.0,,0.09163851351351351,0.9,0.09812409812409813,0.8413597733711048,,,PIT,2021,0.21133310664560667,25.0,False,2.011764705882353,,0.4523529411764706,17,WR,2.555833333333333,True,True,True,True,True,,,,3.0799188070387933,5.506610169491526,,
0.4523529411764706,,00-0034407,0.2690513219284603,WR,2.9050000000000002,WR,0.14450867052023122,58.1,2.011764705882353,,0.07440100882723834,1.0,0.04562043795620438,1.4046242774566473,,,SF,2022,0.1205113631133734,26.0,False,4.247058823529412,,0.23450000000000001,20,WR,5.294509803921569,True,True,True,True,True,,,,,,,
0.23450000000000001,,00-0034407,0.21353383458646616,WR,2.2066666666666666,WR,0.1267605633802817,33.1,4.247058823529412,,0.030984071568841372,1.0,0.03260869565217391,1.1338028169014085,,,SF,2023,0.07060189357644983,27.0,False,2.9050000000000002,,0.24666666666666667,15,WR,5.349509803921569,True,True,True,True,True,,,,,,,
0.8511764705882353,,00-0034407,0.23259762308998302,WR,2.316666666666667,WR,0.10948905109489052,13.900000000000002,2.2066666666666666,,0.02008128137700215,0.88,0.02895752895752896,0.5036496350364964,,,ATL,2025,0.057493190400194946,29.0,False,8.382352941176471,,0.5299999999999999,6,WR,,False,,True,True,True,,,,,,,
,,00-0034411,,WR,1.3666666666666667,WR,,12.3,,,0.020172910662824207,0.6,0.016556291390728478,,,,ATL,2018,0.03895547455006966,22.0,False,,,0.06066666666666667,9,WR,9.258125,True,True,False,False,False,,,,,,,
0.06066666666666667,,00-0034411,0.5013089005235603,WR,7.200000000000001,WR,0.19321148825065274,100.80000000000001,,,0.09782001117942984,0.7,0.11384615384615385,1.164490861618799,,,ATL,2019,0.23924323859483165,23.0,False,1.3666666666666667,,0.42625,14,WR,11.927355769230768,True,True,True,False,True,,,,3.189910533338856,5.843478260869565,,
0.42625,,00-0034411,0.7601744186046512,WR,11.31625,WR,0.2084130019120459,181.06,1.3666666666666667,,0.17823495481638146,0.8,0.1847457627118644,1.502868068833652,,,ATL,2020,0.40188311243926367,24.0,False,7.200000000000001,,0.68125,16,WR,10.79065934065934,True,True,True,True,True,,,,2.819598169622757,5.4821,,
0.68125,,00-0034411,0.6218354430379747,WR,12.538461538461538,WR,0.23918575063613232,163.0,7.200000000000001,,0.2206103051525763,0.9,0.17279411764705882,1.9592875318066159,,,ATL,2021,0.4136183900773916,25.0,False,11.31625,,0.7392857142857142,13,WR,9.042857142857143,True,True,True,True,True,,,,3.101704611897956,6.081358024691359,,
0.7392857142857142,,00-0034411,0.4783118405627198,WR,9.042857142857143,WR,0.19117647058823528,126.60000000000001,11.31625,,0.07822057460611677,1.0,0.09936305732484077,1.0686274509803921,,,TB,2022,0.2037989882115429,26.0,False,12.538461538461538,,0.5728571428571428,14,WR,,False,False,True,True,True,,,,3.3276377794921714,7.0065625,,
,,00-0034414,0.15877437325905291,RB,10.67,RB,0.2543859649122807,106.7,,,-0.010303030303030303,1.0,0.046104928457869634,1.9912280701754386,,,PHI,2019,0.06194527147468325,24.0,False,,,0.22583333333333333,10,RB,7.533333333333333,True,True,False,False,False,,,,,,,
0.22583333333333333,,00-0034414,0.36300417246175243,RB,5.9750000000000005,RB,0.13793103448275862,95.60000000000001,,,0.01876728565784275,1.0,0.06417112299465241,0.8122605363984674,,,PHI,2020,0.10939378445246854,25.0,False,10.67,,0.3425,16,RB,6.384722222222223,True,True,True,False,True,,,,,,,
0.3425,,00-0034414,0.1619047619047619,RB,9.091666666666667,RB,0.16666666666666666,109.1,10.67,,-0.002717391304347826,1.0,0.03333333333333333,0.8235294117647058,,,PHI,2021,0.04809782608695652,26.0,True,5.9750000000000005,,0.20294117647058824,12,RB,2.5235042735042734,True,True,True,True,True,,,,,,,
0.20294117647058824,,00-0034414,0.15256588072122051,RB,3.677777777777778,RB,0.06363636363636363,66.2,5.9750000000000005,,-0.002986263189329086,0.78,0.01192504258943782,0.21818181818181817,,,PHI,2022,0.01579717965162637,27.0,True,9.091666666666667,,0.1788888888888889,18,RB,1.3692307692307693,True,True,True,True,True,,,,,,,
0.1788888888888889,,00-0034414,0.05057803468208093,RB,1.3692307692307693,RB,0.17142857142857143,17.8,9.091666666666667,,0.006585935840237944,0.56,0.010771992818671455,1.4857142857142858,,,PHI,2023,0.020768144316173742,28.0,True,3.677777777777778,,0.064375,13,RB,,False,False,True,True,True,,,,,,,
,,00-0034418,0.06230529595015576,WR,2.4000000000000004,WR,0.2,9.600000000000001,,,0.025032691948440128,0.8,0.013888888888888888,1.15,,,DAL,2019,0.038356217697241415,24.0,False,,,0.16,4,WR,7.286051282051282,True,True,False,False,False,,,,,,,
0.16,,00-0034418,0.21518987341772153,WR,3.970769230769231,WR,0.1830065359477124,51.620000000000005,,,0.0536381622334579,0.9,0.045454545454545456,1.2352941176470589,,,DAL,2020,0.1057285317452387,25.0,False,2.4000000000000004,,0.2,13,WR,6.329238095238095,True,True,True,False,True,,,,,,,
0.2,,00-0034418,0.5237467018469657,WR,10.601333333333333,WR,0.17884130982367757,159.01999999999998,2.4000000000000004,,0.13970315398886826,1.0,0.10487444608567208,1.672544080604534,,,DAL,2021,0.2551038769207159,26.0,False,3.970769230769231,,0.49058823529411766,15,WR,4.207738095238096,True,True,True,True,True,,,,3.641353164570318,6.2971111111111115,,
0.49058823529411766,,00-0034418,0.21273516642547033,WR,2.0571428571428574,WR,0.1292517006802721,28.8,3.970769230769231,,0.03476879632897988,1.0,0.03270223752151463,1.0204081632653061,,,MIA,2022,0.07339151371255787,27.0,False,10.601333333333333,,0.249375,14,WR,5.176858974358974,True,True,True,True,True,,,,,,,
0.249375,,00-0034418,0.456752655538695,WR,6.358333333333333,WR,0.14950166112956811,76.3,10.601333333333333,,0.11363636363636363,1.0,0.07880910683012259,1.106312292358804,,,MIA,2023,0.1977591147906384,28.0,False,2.0571428571428574,,0.576875,12,WR,2.781025641025641,True,True,True,True,True,,,,,,,
0.396,,00-0034418,0.14205607476635515,WR,1.5666666666666667,WR,0.11842105263157894,9.4,6.358333333333333,,0.02424056459036514,0.76,0.019955654101995565,0.5789473684210527,,,MIA,2025,0.04690187636624894,30.0,False,3.9953846153846153,,0.355,6,WR,,False,,True,True,True,,,,,,,
,,00-0034419,0.1075085324232082,WR,1.09375,WR,0.20634920634920634,17.5,,,0.02654428181592657,0.8,0.026422764227642278,1.8253968253968254,,,NYJ,2019,0.058215143612612014,24.0,False,,,0.09125,16,WR,6.824999999999999,True,True,False,False,False,,,,,,,
0.09125,,00-0034419,0.3217391304347826,WR,6.08125,WR,0.2972972972972973,97.3,,,0.10332836562344759,0.9,0.11879049676025918,2.1297297297297297,,,NYJ,2020,0.25051560107680204,25.0,False,1.09375,,0.294375,16,WR,5.480845588235294,True,True,True,False,True,,,,3.42324568054728,7.141666666666667,,
0.294375,,00-0034419,0.3891336270190896,WR,7.56875,WR,0.24528301886792453,121.1,1.09375,,0.07832035857513564,1.0,0.11206896551724138,1.6264150943396227,,,NYJ,2021,0.22292769927845701,26.0,False,6.08125,,0.384375,16,WR,3.3994117647058824,True,True,True,True,True,,,,4.0922357067118424,6.6355172413793095,,
0.384375,,00-0034419,0.26308139534883723,WR,3.3929411764705883,WR,0.17679558011049723,57.68,6.08125,,0.04450796243364639,1.0,0.05442176870748299,0.8011049723756906,,,NYJ,2022,0.11278822676477696,27.0,False,7.56875,,0.2635294117647059,17,WR,1.7029411764705882,True,True,True,True,True,,,,,,,
0.2635294117647059,,00-0034419,0.511380880121396,WR,3.4058823529411764,WR,0.10089020771513353,57.9,7.56875,,0.05383936451897617,1.0,0.0595446584938704,0.7062314540059347,,,MIA,2023,0.1270045429040889,28.0,False,3.3929411764705883,,0.42764705882352944,17,WR,0.9700000000000001,True,True,True,True,True,,,,,,,
0.26833333333333337,,00-0034419,0.06233062330623306,WR,1.9400000000000002,WR,0.17391304347826086,9.700000000000001,3.4058823529411764,,0.004548900682335102,0.76,0.012698412698412698,0.8043478260869565,,,HOU,2025,0.02223184952525362,30.0,False,0.0,,0.16799999999999998,5,WR,,False,,True,True,True,,,,,,,
,,00-0034426,0.44153846153846155,WR,3.872727272727273,WR,0.13588850174216027,42.6,,,0.10313286073633661,0.9,0.06890459363957598,0.6480836236933798,,,CHI,2019,0.1755498929747996,25.0,False,,,0.4575,11,WR,1.8909090909090909,True,True,False,False,False,,,,,,,
0.4575,,00-0034426,0.2524822695035461,WR,1.8909090909090909,WR,0.0898876404494382,20.8,,,0.05811863391252247,1.0,0.02572347266881029,0.42696629213483145,,,CHI,2020,0.07926825274198115,26.0,False,3.872727272727273,,0.3735714285714286,11,WR,,False,False,True,False,True,,,,,,,
,,00-0034432,0.09953343701399689,RB,7.2,RB,0.0625,43.2,,,-0.0015325670498084292,1.0,0.007272727272727273,0.078125,,,DET,2019,0.009836293974225009,23.0,False,,,0.4166666666666667,6,RB,,False,False,False,False,False,,,,,,-0.2752640711244171,19.101123595505616
,,00-0034433,0.06376360808709176,RB,0.8142857142857143,FB,0.14634146341463414,5.7,,,0.0,1.0,0.01090909090909091,0.4146341463414634,,,DET,2019,0.016363636363636365,23.0,False,,,0.185,7,RB,,False,False,False,False,False,,,,,,,
,,00-0034433,0.08022922636103152,RB,1.9166666666666667,FB,0.05357142857142857,11.5,,,-0.0002642706131078224,0.78,0.005338078291814947,0.375,,,NYJ,2023,0.007822128008546944,27.0,False,,,0.124375,6,RB,,False,False,False,False,False,,,,,,,
,-36.258588234583534,00-0034438,0.0053475935828877,QB_pocket,0.256,QB,0.0,1.28,,0.24934529731593408,0.0,0.714,0.0,0.0,0.5116015171709781,3.0,TEN,2020,0.0,25.0,False,,3.0,0.051666666666666666,5,QB,-0.15000000000000002,True,True,False,False,False,,,,,,,
0.051666666666666666,,00-0034438,,QB_pocket,-0.15000000000000002,QB,,-0.6000000000000001,,,0.0,0.771,0.0,,,,TEN,2021,0.0,26.0,False,0.256,,0.026000000000000002,4,QB,,False,False,True,False,True,,,,,,,
,,00-0034439,0.1782608695652174,TE,3.9,TE,0.07317073170731707,23.4,,,0.016209476309226933,0.7,0.014492753623188406,0.926829268292683,,,NE,2019,0.033085763851241456,24.0,False,,,0.6083333333333333,6,TE,3.0900000000000003,True,True,False,False,False,1.0,,,,,,
0.6083333333333333,,00-0034439,0.5668662674650699,TE,3.0900000000000003,TE,0.07042253521126761,30.900000000000002,,,0.070109439124487,0.8,0.0477326968973747,0.7007042253521126,,,NE,2020,0.12067565273320295,25.0,False,3.9,,0.7908333333333334,10,TE,,False,False,True,False,True,1.0,,,,,,
,,00-0034440,,RB,6.109090909090909,RB,,67.2,,,-0.006392499467291711,0.825,0.039655172413793106,,,,LAC,2018,0.05500800899358547,22.0,False,,,0.1686666666666667,11,RB,6.3098214285714285,True,True,False,False,False,,,,,,,
0.1686666666666667,,00-0034440,0.08307210031347963,RB,4.457142857142857,RB,0.20754716981132076,31.200000000000003,,,-0.002384263858533678,1.0,0.01926444833625219,0.41509433962264153,,,LAC,2019,0.02722768780340471,23.0,False,6.109090909090909,,0.19999999999999998,7,RB,7.159821428571429,True,True,True,False,True,,,,,,,
0.19999999999999998,,00-0034440,0.16063675832127353,RB,8.1625,RB,0.21621621621621623,65.3,6.109090909090909,,-0.010151187904967603,1.0,0.039735099337748346,1.5585585585585586,,,LAC,2020,0.05249681747314519,24.0,False,4.457142857142857,,0.2922222222222222,8,RB,4.781904761904762,True,True,True,True,True,,,,,,,
0.2922222222222222,,00-0034440,0.18958611481975968,RB,6.157142857142858,RB,0.176056338028169,86.20000000000002,4.457142857142857,,0.004025764895330112,1.0,0.03816793893129771,1.2535211267605635,,,LAC,2021,0.06006994382367764,25.0,False,8.1625,,0.23642857142857143,14,RB,3.4066666666666667,True,True,True,True,True,,,,,,,
0.23642857142857143,,00-0034440,0.19904458598726116,RB,3.4066666666666667,RB,0.152,51.1,8.1625,,0.0047488127968008,1.0,0.034050179211469536,0.808,,,DET,2022,0.054399437774964865,26.0,False,6.157142857142858,,0.17375000000000002,15,RB,,False,False,True,True,True,,,,,,,
,,00-0034449,,RB,0.0,RB,,0.0,,,0.0,0.825,0.0,,,,HOU,2018,0.0,22.0,False,,,,7,RB,0.8255555555555556,True,True,False,False,False,,,,,,,
,,00-0034449,0.03278688524590164,RB,0.1111111111111111,RB,0.0,1.0,,,0.0,1.0,0.0,0.0,,,HOU,2019,0.0,23.0,False,0.0,,,9,RB,0.8485714285714286,True,True,True,False,False,,,,,,,
,,00-0034449,0.030211480362537766,RB,1.54,RB,0.1,7.7,0.0,,0.004040833687792429,1.0,0.0038095238095238095,0.15,,,HOU,2020,0.008542869295740415,24.0,False,0.1111111111111111,,,5,RB,0.15714285714285717,True,True,True,True,False,,,,,,,
,,00-0034449,0.0012422360248447205,RB,0.15714285714285717,RB,0.0,1.1,0.1111111111111111,,0.0,1.0,0.0,0.0,,,LA,2021,0.0,25.0,False,1.54,,,7,RB,,False,False,True,True,False,,,,,,,
,,00-0034457,,RB,5.864285714285714,RB,,82.1,,,-0.001768172888015717,0.825,0.0196078431372549,,,,PHI,2018,0.02817404368427135,22.0,True,,,,14,RB,4.575,True,True,False,False,False,,,,,,-0.1546204965689706,16.666666666666664
,,00-0034457,0.07478260869565218,RB,4.575,RB,0.18604651162790697,36.6,5.864285714285714,,0.00024838549428713363,1.0,0.017278617710583154,0.6744186046511628,,,NYJ,2020,0.026091796411875725,24.0,True,,,,8,RB,,False,False,False,True,False,,,,,,,
,,00-0034487,,WR,5.111111111111111,WR,,46.0,,,0.0818394388152767,0.6,0.059574468085106386,,,,ARI,2018,0.14664930929835326,22.0,False,,,0.42,9,WR,1.1555555555555557,True,True,False,False,False,,,,,,,
0.42,,00-0034487,0.22919937205651492,WR,1.2000000000000002,WR,0.08904109589041095,12.000000000000002,,,0.05210168638308583,0.7,0.024574669187145556,0.547945205479452,,,ARI,2019,0.07333318424887841,23.0,False,5.111111111111111,,0.246875,10,WR,1.4019841269841269,True,True,True,False,True,,,,,,,
0.246875,,00-0034487,0.06097560975609756,WR,1.1111111111111112,WR,0.175,10.0,5.111111111111111,,0.018915801614763552,0.8,0.01289134438305709,1.25,,,ARI,2020,0.03257807770492012,24.0,False,1.2000000000000002,,0.08533333333333333,9,WR,3.3081932773109246,True,True,True,True,True,,,,,,,
0.08533333333333333,,00-0034487,0.19165378670788252,WR,1.6928571428571428,WR,0.1774193548387097,23.7,1.2000000000000002,,0.04495480087955045,0.9,0.04174573055028463,0.7016129032258065,,,SF,2021,0.09408695644111226,25.0,False,1.1111111111111112,,0.23450000000000001,14,WR,3.5992647058823533,True,True,True,True,True,,,,,,,
0.23450000000000001,,00-0034487,0.638205499276411,WR,4.923529411764706,WR,0.12018140589569161,83.7,1.1111111111111112,,0.10695375926579598,1.0,0.09122203098106713,0.9455782312925171,,,MIA,2022,0.21170067795765787,26.0,False,1.6928571428571428,,0.5838888888888889,17,WR,2.0339285714285715,True,True,True,True,True,,,,2.864272470289376,5.9,,
0.5838888888888889,,00-0034487,0.32108843537414966,WR,2.275,WR,0.1059322033898305,27.3,1.6928571428571428,,0.053074813944379164,1.0,0.04084967320261438,0.3940677966101695,,,BUF,2023,0.09842687956498698,27.0,False,4.923529411764706,,0.3836842105263158,12,WR,1.5339285714285715,True,True,True,True,True,,,,,,,
0.1622222222222222,,00-0034487,0.10353866317169069,WR,1.275,WR,0.06329113924050633,5.1,2.275,,0.009299442033477991,0.88,0.00778816199376947,0.26582278481012656,,,DEN,2025,0.0181918524140888,29.0,False,1.792857142857143,,0.23666666666666666,4,WR,,False,,True,True,True,,,,,,,
,,00-0034499,,WR,1.1428571428571428,WR,,8.0,,,0.029534883720930234,0.7,0.014184397163120567,,,,NYG,2018,0.041951014349332016,23.0,False,,,,7,WR,,False,False,False,False,False,,,,,,,
,,00-0034510,,WR,9.009090909090908,WR,,99.1,,,0.19150285351934052,0.8,0.09243697478991597,,,,BUF,2018,0.2727074596484123,24.0,False,,,,11,WR,1.23,True,True,False,False,False,,,,2.713103557130228,6.300000000000001,,
,,00-0034510,0.20890937019969277,WR,1.23,WR,0.1323529411764706,12.3,,,0.09172259507829977,0.9,0.03415559772296015,0.47058823529411764,,,BUF,2019,0.11543921313925007,25.0,False,9.009090909090908,,,10,WR,,False,False,True,False,False,,,,,,,
,,00-0034521,0.4887323943661972,WR,7.8500000000000005,WR,0.16138328530259366,109.9,,,0.15332326283987915,0.8,0.09317803660565724,1.478386167146974,,,GB,2019,0.24709333889640123,24.0,False,,,0.46111111111111114,14,WR,10.078333333333333,True,True,False,False,False,,,,2.889291723033642,6.4464,,
0.46111111111111114,,00-0034521,0.5075301204819277,WR,10.55,WR,0.17804154302670624,126.60000000000001,,,0.1404639175257732,0.9,0.10327022375215146,1.8071216617210681,,,GB,2020,0.25323007789626845,25.0,False,7.8500000000000005,,0.7333333333333334,12,WR,10.629999999999999,True,True,True,False,True,,,,3.6916468716401,6.223333333333334,,
0.7333333333333334,,00-0034521,0.6827485380116959,WR,9.606666666666666,WR,0.13062098501070663,144.1,7.8500000000000005,,0.13973892574363364,1.0,0.10217755443886097,1.1113490364025695,,,GB,2021,0.251083579678835,26.0,False,10.55,,0.745625,15,WR,7.9730952380952385,True,True,True,True,True,,,,2.6435074301034764,5.751666666666667,,
0.745625,,00-0034521,0.8052373158756138,WR,11.653333333333334,WR,0.2032520325203252,174.8,10.55,,0.28431595720464375,1.0,0.18552875695732837,1.6016260162601625,,,GB,2022,0.47731430547924314,27.0,False,9.606666666666666,,0.8886666666666667,15,WR,7.396428571428571,True,True,True,True,True,,,,2.6631272077367725,5.217755102040816,,
0.8886666666666667,,00-0034521,0.6575931232091691,WR,4.292857142857143,WR,0.10675381263616558,60.1,9.606666666666666,,0.15776955602537,1.0,0.08718861209964412,0.6775599128540305,,,NYJ,2023,0.24122160736722517,28.0,False,11.653333333333334,,0.7742857142857142,14,WR,6.527777777777778,True,True,True,True,True,,,,2.209960657840716,6.3046938775510215,,
0.8433333333333333,,00-0034521,0.2662337662337662,WR,2.5555555555555554,WR,0.10975609756097561,23.0,4.292857142857143,,0.044696254327982375,0.76,0.03896103896103896,0.4268292682926829,,,NYJ,2025,0.0897289364711461,30.0,False,10.5,,0.39,9,WR,,False,,True,True,True,,,,,,,
,,00-0034532,,TE,1.425,HB,,5.7,,,0.01064322073114299,0.5,0.005681818181818182,,,,CIN,2018,0.015972981784527364,22.0,False,,,,4,TE,,False,False,False,False,False,0.0,,,,,,
,,00-0034560,,WR,0.325,WR,,1.3,,,0.0004261666311527807,1.0,0.0017241379310344827,,,,LAC,2018,0.0028845235383586705,26.0,False,,,,4,WR,,False,False,False,False,False,,,,,,,
,,00-0034565,,RB,1.7600000000000002,RB,,8.8,,,0.0,1.0,0.0034482758620689655,,,,LAC,2018,0.005172413793103448,24.0,False,,,,5,RB,,False,False,False,False,False,,,,,,,
,-0.9703590596983809,00-0034577,0.7771587743732591,QB_pocket,13.65230769230769,QB,0.0,177.48,,-0.04181025730018163,0.0,0.6,0.0,0.0,-0.055570257315837854,536.0,CAR,2019,0.0,23.0,False,,536.0,,13,QB,11.25,True,True,False,False,False,,-1.348181332867206,2.7104610655737704,,,,
,8.01660180846347,00-0034577,0.13812154696132597,QB_pocket,11.25,QB,0.0,45.0,,0.03901343948990907,0.0,0.657,0.0,0.0,0.02137662009216952,96.0,WAS,2020,0.0,24.0,False,13.65230769230769,96.0,,4,QB,,False,False,True,False,False,,,,,,,
,,00-0034577,,QB_pocket,-0.21666666666666667,QB,,-1.3,,,0.0,0.828,0.0,,,,BUF,2023,0.0,27.0,False,,,0.08,6,QB,,False,False,False,False,False,,,,,,,
,,00-0034578,0.057103064066852366,RB,2.6636363636363636,RB,0.21951219512195122,29.3,,,0.0050573818323283405,1.0,0.015,1.3902439024390243,,,CAR,2019,0.02604016728262984,23.0,False,,,,11,RB,,False,False,False,False,False,,,,,,,
,,00-0034593,0.13374805598755832,WR,2.25,WR,0.11627906976744186,9.0,,,0.02567049808429119,0.7,0.01818181818181818,0.6976744186046512,,,DET,2019,0.0452420759317311,23.0,False,,,,4,WR,,False,False,False,False,False,,,,,,,
,,00-0034597,0.007692307692307693,RB,0.2,RB,0.0,0.8,,,0.0,1.0,0.0,0.0,,,CHI,2019,0.0,24.0,False,,,,4,RB,1.2149999999999999,True,True,False,False,False,,,,,,,
,,00-0034597,0.08085106382978724,RB,2.07,RB,0.15789473684210525,20.7,,,0.003994407829039345,1.0,0.014469453376205787,1.1754385964912282,,,CHI,2020,0.024500265544636222,25.0,False,0.2,,,10,RB,0.36,True,True,True,False,False,,,,,,,
,,00-0034597,0.01812688821752266,RB,0.36,RB,0.08333333333333333,1.7999999999999998,0.2,,0.0009220839096357768,1.0,0.0019083969465648854,0.3333333333333333,,,CHI,2021,0.003508054156592372,26.0,False,2.07,,,5,RB,,False,False,True,True,False,,,,,,,
,,00-0034613,0.09537166900420757,TE,1.1500000000000001,TE,0.07352941176470588,4.6000000000000005,,,0.008600469116497263,0.8,0.00825082508250825,0.38235294117647056,,,TB,2019,0.018396566005310457,25.0,False,,,,4,TE,1.42,True,True,False,False,False,0.0,,,,,,
,,00-0034613,0.04625,TE,1.42,TE,0.21621621621621623,7.1,,,0.018411133661930996,0.9,0.010810810810810811,1.1081081081081081,,,TB,2020,0.029104009779567914,26.0,False,1.1500000000000001,,,5,TE,3.866666666666667,True,True,True,False,False,0.0,,,,,,
,,00-0034613,0.24089635854341737,TE,3.866666666666667,TE,0.0872093023255814,23.200000000000003,1.42,,0.031117397454031116,1.0,0.02737226277372263,0.7674418604651163,,,NYG,2022,0.06284057237840573,28.0,False,,,,6,TE,5.480555555555556,True,True,False,True,False,0.0,,,,,,
,,00-0034613,0.3275862068965517,TE,6.683333333333334,TE,0.21929824561403508,80.2,,,0.07200214132762313,1.0,0.08445945945945946,1.543859649122807,,,CIN,2023,0.17709068811852538,29.0,False,3.866666666666667,,,12,TE,4.528888888888888,True,True,True,False,False,0.0,,,3.0683933297976207,6.304736842105264,,
,,00-0034613,0.1628242074927954,TE,4.779999999999999,TE,0.21238938053097345,47.8,6.683333333333334,,0.026090769568077175,0.9,0.039538714991762765,1.4867256637168142,,,CIN,2025,0.07757161118529818,31.0,False,4.277777777777778,,0.14733333333333334,10,TE,,False,,True,True,False,0.0,,,,,,
,,00-0034614,0.12345679012345678,RB,1.7866666666666668,RB,0.125,26.800000000000004,,,0.004056246619794483,0.78,0.018050541516245487,0.75,,,DET,2021,0.029915184908224368,27.0,False,,,0.08823529411764706,15,RB,0.1416666666666667,True,True,False,False,False,,,,,,,
0.08823529411764706,,00-0034614,0.0014367816091954023,RB,0.2833333333333334,RB,1.0,1.7000000000000002,,,0.0006528835690968443,0.56,0.0017035775127768314,3.0,,,SEA,2022,0.0030123847675330383,28.0,False,1.7866666666666668,,0.011666666666666665,6,RB,0.0,True,True,True,False,True,,,,,,,
0.011666666666666665,,00-0034614,,RB,0.0,RB,,0.0,1.7866666666666668,,0.0,0.34,0.0,,,,PIT,2023,0.0,29.0,False,0.2833333333333334,,0.0023076923076923075,7,RB,,False,False,True,True,True,,,,,,,
,,00-0034621,,RB,1.28,RB,,6.4,,,0.003656307129798903,1.0,0.008077544426494346,,,,TB,2018,0.014675731630600751,23.0,False,,,,5,RB,,False,False,False,False,False,,,,,,,
,,00-0034631,,WR,4.0200000000000005,WR,,20.1,,,0.06005870399638745,0.6,0.023346303501945526,,,,HOU,2018,0.0770605480503895,22.0,False,,,,5,WR,2.2375000000000003,True,True,False,False,False,,,,,,,
,,00-0034631,0.29180887372013653,WR,3.9000000000000004,WR,0.18128654970760233,50.7,,,0.09253287025551972,0.7,0.06300813008130081,1.3157894736842106,,,NYJ,2019,0.15928520430081503,23.0,False,4.0200000000000005,,,13,WR,0.575,True,True,True,False,False,,,,,,,
,,00-0034631,0.05217391304347826,WR,0.575,WR,0.1,2.3,4.0200000000000005,,0.009687034277198211,0.8,0.0064794816414686825,0.43333333333333335,,,NYJ,2020,0.01650014645624177,24.0,False,3.9000000000000004,,,4,WR,,False,False,True,True,False,,,,,,,
,,00-0034646,,WR,4.05,WR,,24.3,,,0.014759192128430864,0.7,0.030575539568345324,,,,DET,2018,0.05619474384241959,23.0,False,,,,6,WR,1.9733333333333334,True,True,False,False,False,,,,,,,
,,00-0034646,0.18895348837209303,WR,1.9733333333333334,WR,0.13846153846153847,29.6,4.05,,0.015958469525091327,0.9,0.030508474576271188,0.5307692307692308,,,ATL,2020,0.05693364053197071,25.0,False,,,,15,WR,1.7000000000000002,True,True,False,True,False,,,,,,,
,,00-0034646,,WR,0.6,WR,,6.0,,,0.0,1.0,0.0,,,,LA,2021,0.0,26.0,False,1.9733333333333334,,,10,WR,3.432352941176471,True,True,True,False,False,,,,,,,
,,00-0034646,0.24143556280587275,WR,2.8000000000000003,WR,0.21621621621621623,47.6,1.9733333333333334,,0.013104013104013105,1.0,0.06201550387596899,1.054054054054054,,,LA,2022,0.10219606498676266,27.0,False,0.6,,,17,WR,2.4470588235294115,True,True,True,True,False,,,,,,,
,,00-0034646,0.40870786516853935,WR,4.064705882352941,WR,0.15120274914089346,69.1,0.6,,0.06910907577019151,1.0,0.07370184254606366,1.1134020618556701,,,MIN,2023,0.15892911685822952,28.0,False,2.8000000000000003,,0.3558823529411765,17,WR,0.8294117647058823,True,True,True,True,False,,,,,,,
,,00-0034652,,WR,2.0375,WR,,16.3,,,0.022912743251726302,0.7,0.025943396226415096,,,,TEN,2018,0.05495401461583106,23.0,False,,,,8,WR,2.872727272727273,True,True,False,False,False,,,,,,,
,,00-0034652,0.29233511586452765,WR,2.872727272727273,WR,0.08536585365853659,31.6,2.0375,,0.020771513353115726,0.9,0.028688524590163935,0.6463414634146342,,,TEN,2020,0.05757284623242691,25.0,False,,,,11,WR,2.75,True,True,False,True,False,,,,,,,
,,00-0034652,0.04133545310015898,WR,2.75,WR,0.19230769230769232,11.0,,,0.020324219695136706,1.0,0.00922509225092251,0.5769230769230769,,,TEN,2021,0.028064592162979456,26.0,False,2.872727272727273,,,4,WR,,False,False,True,False,False,,,,,,,
,,00-0034653,,WR,4.860000000000001,WR,,24.300000000000004,,,0.03556531284302964,0.5,0.0297029702970297,,,,NYJ,2018,0.0694501744356653,21.0,False,,,,5,WR,,False,False,False,False,False,,,,,,,
,,00-0034676,,WR,3.641666666666667,WR,,43.7,,,0.12255840674071238,0.6,0.05680119581464873,,,,PIT,2018,0.17099267844047175,22.0,False,,,0.5464285714285715,12,WR,7.726470588235294,True,True,False,False,False,,,,,,,
0.5464285714285715,,00-0034676,0.7455516014234875,WR,8.9,WR,0.1909307875894988,133.5,,,0.32578486875965,0.7,0.16597510373443983,1.7541766109785202,,,PIT,2019,0.47701206373341476,23.0,False,3.641666666666667,,0.6839999999999999,15,WR,5.698345588235295,True,True,True,False,True,,,,2.5320394958538133,6.1692307692307695,,
0.6839999999999999,,00-0034676,0.432,WR,6.552941176470589,WR,0.19135802469135801,111.4,3.641666666666667,,0.14854723879161055,0.8,0.08623087621696801,1.4320987654320987,,,PIT,2020,0.23332938147957938,24.0,False,8.9,,0.4364705882352941,17,WR,4.84375,True,True,True,True,True,,,,2.2765616170010192,5.671454545454545,,
0.4364705882352941,,00-0034676,0.47167325428194995,WR,4.84375,WR,0.13128491620111732,77.5,8.9,,0.12162162162162163,0.9,0.06782106782106782,0.8994413407821229,,,PIT,2021,0.18686673686673688,25.0,False,6.552941176470589,,0.44875,16,WR,,False,False,True,True,True,,,,,,,
,,00-0034679,,RB,1.25,HB,,12.5,,,-0.0025451180009254974,0.65,0.015151515151515152,,,,CIN,2018,0.02094569012662488,21.0,False,,,0.10428571428571429,10,RB,6.0,True,True,False,False,False,,,,,,,
0.10428571428571429,,00-0034679,0.18131101813110181,RB,6.0,HB,0.16153846153846155,42.0,,,-0.004443621551564525,0.825,0.03488372093023256,0.6846153846153846,,,MIA,2019,0.04921504630925366,22.0,False,1.25,,0.43571428571428567,7,RB,,False,False,True,False,True,,,,,,,
,,00-0034681,,RB,3.94375,RB,,63.1,,,-0.0028578851649779164,0.825,0.04893617021276596,,,,ARI,2018,0.07140373570366439,22.0,False,,,0.206875,16,RB,8.7,True,True,False,False,False,,,,,,,
0.206875,,00-0034681,0.19623233908948196,RB,6.8999999999999995,RB,0.168,82.8,,,0.0012584948401711553,1.0,0.03969754253308128,0.84,,,ARI,2019,0.060427260187741735,23.0,False,3.94375,,0.2530769230769231,12,RB,10.869230769230768,True,True,True,False,True,,,,,,,
0.2530769230769231,,00-0034681,0.5335365853658537,RB,10.5,RB,0.19142857142857142,168.0,3.94375,,0.031141868512110725,1.0,0.12338858195211787,1.1485714285714286,,,ARI,2020,0.2068821808866543,24.0,True,6.8999999999999995,,0.465625,16,RB,8.473076923076922,True,True,True,True,True,,,,,,-0.02222927696808842,8.24742268041237
0.465625,,00-0034681,0.45454545454545453,RB,11.238461538461538,RB,0.16875,146.1,6.8999999999999995,,0.008789277081960008,1.0,0.08940397350993377,0.971875,,,ARI,2021,0.14025845422227265,25.0,True,10.5,,0.5738461538461539,13,RB,4.467179487179488,True,True,True,True,True,,,,,,0.06657235261149075,12.931034482758621
0.5738461538461539,,00-0034681,0.2735166425470333,RB,5.707692307692308,RB,0.12698412698412698,74.2,10.5,,0.008824567596187787,1.0,0.04130808950086059,0.8306878306878307,,,MIA,2022,0.06813933156862233,26.0,True,11.238461538461538,,0.3507692307692307,13,RB,3.2266666666666666,True,True,True,True,True,,,,,,,
0.3507692307692307,,00-0034681,0.14754098360655737,RB,3.2266666666666666,RB,0.19444444444444445,48.4,11.238461538461538,,-0.007118771075309105,0.78,0.03365384615384615,0.9907407407407407,,,TB,2023,0.04549762947805286,27.0,True,5.707692307692308,,0.19333333333333333,15,RB,,False,False,True,True,True,,,,,,,
,,00-0034686,,WR,1.5,WR,,7.5,,,0.02822767237390097,0.5,0.022727272727272728,,,,CIN,2018,0.05385027975263977,21.0,False,,,0.19285714285714287,5,WR,6.041666666666667,True,True,False,False,False,,,,,,,
0.19285714285714287,,00-0034686,0.6085043988269795,WR,8.458333333333334,WR,0.1927710843373494,101.5,,,0.19284828441504753,0.6,0.13582342954159593,1.3855421686746987,,,CIN,2019,0.33872894340292714,22.0,False,1.5,,0.8133333333333334,12,WR,3.425,True,True,True,False,True,,,,2.270224913395863,5.800125,,
0.8133333333333334,,00-0034686,0.15337423312883436,WR,3.625,WR,0.22,29.0,1.5,,0.04490238611713666,0.7,0.038869257950530034,1.5,,,CIN,2020,0.08973555720779071,23.0,False,8.458333333333334,,0.27444444444444444,8,WR,3.225,True,True,True,True,True,,,,,,,
0.27444444444444444,,00-0034686,0.04744069912609238,WR,3.225,WR,0.10526315789473684,12.9,8.458333333333334,,0.008614088820826952,0.8,0.005917159763313609,1.0263157894736843,,,CIN,2021,0.01490560181954928,24.0,False,3.625,,0.2757142857142857,4,WR,,False,False,True,True,True,,,,,,,
,,00-0034747,,WR,5.2,WR,,36.4,,,0.09242093784078517,0.8,0.05927342256214149,,,,LV,2018,0.15360479033176186,24.0,False,,,0.8128571428571428,7,WR,3.6500000000000004,True,True,False,False,False,,,,,,,
0.8128571428571428,,00-0034747,0.14638447971781304,WR,3.6500000000000004,WR,0.12048192771084337,14.600000000000001,,,0.039012496190185916,0.9,0.020618556701030927,1.3975903614457832,,,LV,2019,0.058236582384676536,25.0,False,5.2,,0.18727272727272729,4,WR,,False,False,True,False,True,,,,,,,
,,00-0034750,,RB,5.235714285714286,RB,,73.3,,,0.0015471892728210418,0.825,0.028368794326241134,,,,SEA,2018,0.04363622398033643,22.0,True,,,0.19,14,RB,8.366666666666667,True,True,False,False,False,,,,,,0.6607832495427207,12.941176470588237
0.19,,00-0034750,0.10130246020260492,RB,8.366666666666667,RB,0.15714285714285714,75.3,,,0.004808617041738796,1.0,0.020072992700729927,1.1857142857142857,,,SEA,2019,0.03347552098031205,23.0,True,5.235714285714286,,0.22399999999999998,9,RB,12.17,True,True,True,False,True,,,,,,,
,,00-0034750,0.20175438596491227,RB,12.17,RB,0.06956521739130435,121.7,8.366666666666667,,-0.003612553623842854,1.0,0.016913319238900635,0.41739130434782606,,,SEA,2021,0.02284119132166096,25.0,True,,,0.41600000000000004,10,RB,10.440000000000001,True,True,False,True,False,,,,,,1.857437965799609,18.487394957983195
0.41600000000000004,,00-0034750,0.12931034482758622,RB,10.440000000000001,RB,0.05555555555555555,52.2,,,-0.0026115342763873774,1.0,0.008517887563884156,0.17777777777777778,,,SEA,2022,0.01094875735235507,26.0,True,12.17,,0.5519999999999999,5,RB,,False,False,True,False,True,,,,,,,
,,00-0034753,,TE,6.664705882352941,TE,,113.3,,,0.11778846153846154,0.6,0.10088495575221239,,,,BAL,2018,0.23377935670524164,23.0,False,,,0.3547058823529412,17,TE,12.503125,True,True,False,False,False,0.0,,,2.904620378774616,5.244545454545454,,
0.3547058823529412,,00-0034753,0.5854922279792746,TE,13.44375,TE,0.30973451327433627,215.1,,,0.25538319055336883,0.7,0.22012578616352202,2.6283185840707963,,,BAL,2019,0.5089569126326412,24.0,False,6.664705882352941,,0.43937499999999996,16,TE,14.637132352941178,True,True,True,False,True,0.0,,,2.982031154819383,6.062615384615384,,
0.43937499999999996,,00-0034753,0.7420494699646644,TE,11.5625,TE,0.25,185.0,6.664705882352941,,0.2585155058464667,0.8,0.2328159645232816,1.8333333333333333,,,BAL,2020,0.5301848008774491,25.0,False,13.44375,,0.661875,16,TE,15.193382352941178,True,True,True,True,True,0.0,,,2.5955981920808107,5.6320895522388055,,
0.661875,,00-0034753,0.8506666666666667,TE,17.711764705882356,TE,0.23981191222570533,301.1,13.44375,,0.3047434656340755,0.9,0.25888324873096447,2.133228840125392,,,BAL,2021,0.6016452990402995,26.0,False,11.5625,,0.7558823529411764,17,TE,12.651136363636365,True,True,True,True,True,0.0,,,3.0550902755485985,6.350960000000001,,
0.7558823529411764,,00-0034753,0.7770382695507487,TE,12.675,TE,0.2633832976445396,202.8,11.5625,,0.29890764647467727,1.0,0.24949290060851928,1.9700214132762313,,,BAL,2022,0.583474703445053,27.0,False,17.711764705882356,,0.8425,16,TE,11.666267942583733,True,True,True,True,True,0.0,,,3.0741564414915765,6.008349514563107,,
0.8425,,00-0034753,0.4335766423357664,TE,12.627272727272727,TE,0.21212121212121213,138.9,17.711764705882356,,0.10072575324389707,1.0,0.11864406779661017,1.8821548821548821,,,BAL,2023,0.2484741289656432,28.0,False,12.675,,0.6627272727272727,11,TE,9.205572755417958,True,True,True,True,True,0.0,,,3.212977322272524,5.551836734693877,,
0.6152631578947368,,00-0034753,0.7213438735177866,TE,7.705882352941177,TE,0.1917808219178082,131.0,12.627272727272727,,0.1504739336492891,1.0,0.171990171990172,1.1561643835616437,,,BAL,2025,0.36331701153976037,30.0,False,10.705263157894738,,0.6170588235294118,17,TE,,False,,True,True,True,0.0,,,2.9106790289266518,4.64952380952381,,
,,00-0034764,,WR,7.376470588235295,WR,,125.4,,,0.26373626373626374,0.6,0.14310344827586208,,,,DAL,2018,0.3992705570291777,22.0,False,,,0.6911111111111111,17,WR,13.01205357142857,True,True,False,False,False,,,,2.6821527407043027,5.32014705882353,,
0.6911111111111111,,00-0034764,0.8021806853582555,WR,15.192857142857141,WR,0.21941747572815534,212.7,,,0.2654586213338315,0.7,0.19618055555555555,2.1495145631067962,,,DAL,2019,0.48009186826701533,23.0,False,7.376470588235295,,0.8514285714285714,14,WR,10.498958333333334,True,True,True,False,True,,,,2.2184359038056005,5.57353982300885,,
0.8514285714285714,,00-0034764,0.8846694796061885,WR,10.83125,WR,0.1669316375198728,173.3,7.376470588235295,,0.27192789624093205,0.8,0.17045454545454544,1.3402225755166932,,,DAL,2020,0.44603134555047064,24.0,False,15.192857142857141,,0.8724999999999999,16,WR,8.864583333333332,True,True,True,True,True,,,,2.7186194355352193,5.55695238095238,,
0.8724999999999999,,00-0034764,0.42744063324538256,WR,10.166666666666666,WR,0.19135802469135801,91.5,15.192857142857141,,0.1339517625231911,0.9,0.0915805022156573,1.373456790123457,,,DAL,2021,0.23113698708971975,25.0,False,10.83125,,0.75,9,WR,6.843014705882354,True,True,True,True,True,,,,2.3762068327001495,5.278548387096774,,
0.75,,00-0034764,0.724188790560472,WR,7.5625,WR,0.1690427698574338,121.0,10.83125,,0.1877371679648492,1.0,0.13517915309446255,0.9572301425661914,,,DAL,2022,0.33418474721708824,26.0,False,10.166666666666666,,0.754375,16,WR,6.123529411764706,True,True,True,True,True,,,,2.3976046169568153,6.088243243243243,,
0.754375,,00-0034764,0.583554376657825,WR,6.123529411764706,WR,0.1431818181818182,104.10000000000001,10.166666666666666,,0.13213328226733054,1.0,0.09502262443438914,1.184090909090909,,,DAL,2023,0.23502723423871508,27.0,False,7.5625,,0.5266666666666667,17,WR,,False,False,True,True,True,,,,2.3062134999520603,6.134736842105264,,
,,00-0034765,,WR,7.046666666666667,WR,,105.7,,,0.13333333333333333,0.6,0.08333333333333333,,,,NO,2018,0.21833333333333332,22.0,False,,,0.5647058823529412,15,WR,7.7668831168831165,True,True,False,False,False,,,,2.210701571882055,5.581395348837209,,
0.5647058823529412,,00-0034765,0.48254931714719274,WR,6.490909090909091,WR,0.08176100628930817,71.4,,,0.0638188368502316,0.7,0.04475043029259897,0.7358490566037735,,,NO,2019,0.11179883123406056,23.0,False,7.046666666666667,,0.6441666666666667,11,WR,8.90642857142857,True,True,True,False,True,,,,,,,
0.6441666666666667,,00-0034765,0.6476043276661515,WR,9.042857142857143,WR,0.12649164677804295,126.6,7.046666666666667,,0.1412649763165227,0.8,0.09265734265734266,1.272076372315036,,,NO,2020,0.23787149740757987,24.0,False,6.490909090909091,,0.6986666666666667,14,WR,7.025,True,True,True,True,True,,,,3.484883469912088,6.680000000000001,,
0.6986666666666667,,00-0034765,0.5214408233276158,WR,8.77,WR,0.16447368421052633,87.7,6.490909090909091,,0.13111171810980607,0.9,0.10615711252653928,1.2401315789473684,,,NO,2021,0.2510138714666732,25.0,False,9.042857142857143,,0.6954545454545454,10,WR,5.28,True,True,True,True,True,,,,2.356899085133115,6.61,,
0.6954545454545454,,00-0034765,0.31802120141342755,WR,5.28,WR,0.15,52.800000000000004,9.042857142857143,,0.07490382439465942,1.0,0.05510204081632653,1.5444444444444445,,,NO,2022,0.13508573830075138,26.0,False,8.77,,0.4246666666666667,10,WR,,False,False,True,True,True,,,,,,,
,,00-0034766,,TE,8.085714285714285,TE,,113.2,,,0.13084522502744236,0.5,0.11089108910891089,,,,NYJ,2018,0.257928291182576,22.0,False,,,0.62875,14,TE,6.141666666666667,True,True,False,False,False,0.0,,,3.1282313602852265,5.742619047619048,,
,,00-0034766,0.7495652173913043,TE,6.141666666666667,TE,0.10440835266821345,73.7,8.085714285714285,,0.07650273224043716,0.7,0.09719222462203024,0.665893271461717,,,NYJ,2020,0.19934024950135137,24.0,False,,,0.68125,12,TE,2.3333333333333335,True,True,False,True,False,0.0,,,3.6404059031196843,6.088,,
0.68125,,00-0034766,0.14241960183767227,TE,2.3333333333333335,TE,0.07526881720430108,14.0,,,0.006457359162769984,0.8,0.012522361359570662,0.43010752688172044,,,MIN,2021,0.023303693453294985,25.0,False,6.141666666666667,,0.164375,6,TE,,False,False,True,False,True,0.0,,,,,,
,-1.2344975813026846,00-0034771,0.5569395017793595,QB_pocket,10.879999999999999,QB,0.0,108.8,,-0.07288372594113363,0.0,0.657,0.0,0.0,-0.09882890456746511,299.0,PIT,2019,0.0,24.0,False,,299.0,0.806,10,QB,4.590000000000001,True,True,False,False,False,,0.23252423128685962,2.799120141342756,,,,
0.806,-1.3006112050442469,00-0034771,0.06133333333333333,QB_pocket,4.590000000000001,QB,0.0,18.360000000000003,,0.1399119978733119,0.0,0.714,0.0,0.0,0.2054483306977781,45.0,PIT,2020,0.0,25.0,False,10.879999999999999,45.0,0.23399999999999999,4,QB,,False,False,True,False,True,,,,,,,
,5.899227083286393,00-0034771,0.20327868852459016,QB_pocket,11.264000000000001,QB,0.0,56.32000000000001,,0.04926369574903201,0.0,0.885,0.0,0.0,0.04509430642738976,119.0,PIT,2023,0.0,28.0,False,,119.0,0.82,5,QB,7.244166666666667,True,True,False,False,False,,,,,,,
0.8475,6.249921988038456,00-0034771,0.08832807570977919,QB_pocket,2.513333333333333,QB,0.0,15.08,11.264000000000001,0.06661280560264457,0.0,0.999,0.0,0.0,0.0683757709121846,55.0,PIT,2025,0.0,30.0,False,11.975,55.0,0.3,6,QB,,False,,True,True,True,,,,,,,
,,00-0034772,,WR,8.26875,WR,,132.3,,,0.20529676934635613,0.5,0.14183123877917414,,,,CLE,2018,0.3564545967112105,21.0,False,,,0.713125,16,WR,2.6125000000000003,True,True,False,False,False,,,,2.553133868281982,4.982077922077922,,
0.713125,,00-0034772,0.16666666666666666,WR,4.2250000000000005,WR,0.15,16.900000000000002,,,0.03438202247191011,0.6,0.029069767441860465,0.89,,,CLE,2019,0.06767206689312777,22.0,False,8.26875,,0.5925,4,WR,1.0,True,True,True,False,True,,,,,,,
0.5925,,00-0034772,0.060221870047543584,WR,1.0,WR,0.10526315789473684,4.0,8.26875,,0.006578947368421052,0.7,0.007339449541284404,0.5263157894736842,,,MIA,2020,0.015614437469821343,23.0,False,4.2250000000000005,,0.152,4,WR,,False,False,True,True,True,,,,,,,
,,00-0034775,,WR,10.291666666666666,WR,,123.5,,,0.16991426344505067,0.6,0.14468085106382977,,,,ARI,2018,0.33596126100728013,22.0,False,,,0.7883333333333334,12,WR,11.697802197802197,True,True,False,False,False,,,,2.7124752117236675,6.217812500000001,,
0.7883333333333334,,00-0034775,0.7912087912087912,WR,12.938461538461537,WR,0.21428571428571427,168.2,,,0.2715831865089353,0.7,0.20415879017013233,1.4067460317460319,,,ARI,2019,0.4963464158114532,23.0,False,10.291666666666666,,0.9407692307692308,13,WR,11.304126984126984,True,True,True,False,True,,,,3.4554131374716146,6.046354166666666,,
0.9407692307692308,,00-0034775,0.7804878048780488,WR,10.457142857142857,WR,0.154296875,146.4,10.291666666666666,,0.21568627450980393,0.8,0.14548802946593,1.212890625,,,ARI,2020,0.36921243635575773,24.0,False,12.938461538461537,,0.7714285714285715,14,WR,13.541345029239766,True,True,True,True,True,,,,3.45400726743457,6.191351351351351,,
0.7714285714285715,,00-0034775,0.8196022727272727,WR,12.151111111111112,WR,0.1975736568457539,218.72,12.938461538461537,,0.2940013183915623,0.9,0.18874172185430463,1.7902946273830156,,,ARI,2021,0.4889135056555506,25.0,False,10.457142857142857,,0.7627777777777778,18,WR,13.726622807017543,True,True,True,True,True,,,,3.379195378249628,5.999787234042554,,
0.7627777777777778,,00-0034775,0.9518716577540107,WR,14.93157894736842,WR,0.22612359550561797,283.7,10.457142857142857,,0.30121474161004735,1.0,0.24468085106382978,1.7387640449438202,,,JAX,2022,0.5778715957227778,26.0,False,12.151111111111112,,0.8878947368421053,19,WR,10.692083333333333,True,True,True,True,True,,,,3.2314417583512403,6.391999999999999,,
0.8878947368421053,,00-0034775,0.5394366197183098,WR,12.521666666666667,WR,0.22193211488250653,150.26,12.151111111111112,,0.17166156982670744,1.0,0.1400329489291598,2.0548302872062663,,,JAX,2023,0.3302125222724349,27.0,False,14.93157894736842,,0.7058333333333334,12,WR,8.135096153846154,True,True,True,True,True,,,,3.1287428175873155,6.069625,,
0.7,,00-0034775,0.47289972899729,WR,7.407692307692307,WR,0.19197707736389685,96.3,12.521666666666667,,0.09590598938589841,0.88,0.10634920634920635,1.154727793696275,,,HOU,2025,0.22665800209393838,29.0,False,8.8625,,0.5046666666666667,13,WR,,False,,True,True,True,,,,2.539941257185657,5.711162790697674,,
,,00-0034777,,WR,2.672727272727273,WR,,29.400000000000002,,,0.08548870133405935,0.6,0.062135922330097085,,,,JAX,2018,0.15304597442898718,22.0,False,,,0.3936363636363636,11,WR,13.434358974358975,True,True,False,False,False,,,,,,,
0.3936363636363636,,00-0034777,0.8654124457308249,WR,15.053333333333335,WR,0.19732441471571907,225.8,,,0.32667919210897134,0.7,0.2099644128113879,1.68561872909699,,,JAX,2019,0.5436220536933618,23.0,False,2.672727272727273,,0.8200000000000001,15,WR,11.815384615384614,True,True,True,False,True,,,,2.7783848765049197,6.512982456140351,,
0.8200000000000001,,00-0034777,0.6901004304160688,WR,11.815384615384614,WR,0.19334719334719336,153.6,2.672727272727273,,0.27420375448217676,0.8,0.1595197255574614,1.4677754677754677,,,JAX,2020,0.43122221647371584,24.0,False,15.053333333333335,,0.8353846153846154,13,WR,8.927272727272728,True,True,True,True,True,,,,2.2804497233154364,5.609230769230769,,
,,00-0034777,0.5414012738853503,WR,8.927272727272728,WR,0.15294117647058825,98.2,11.815384615384614,,0.1997000749812547,1.0,0.0931899641577061,1.4764705882352942,,,DET,2022,0.27957499872343744,26.0,False,,,0.6981818181818181,11,WR,5.635,True,True,False,True,False,,,,2.1837906603046595,5.484423076923078,,
0.6981818181818181,,00-0034777,0.7076023391812866,WR,8.25,WR,0.13636363636363635,115.5,,,0.24963144963144962,1.0,0.12359550561797752,1.084710743801653,,,CAR,2023,0.36013527316898103,27.0,False,8.927272727272728,,0.7586666666666667,14,WR,3.02,True,True,True,False,True,,,,2.2882380354006724,5.74609375,,
,,00-0034788,0.1649214659685864,TE,2.99,TE,0.07936507936507936,29.900000000000002,,,0.0160238494503447,0.7,0.015384615384615385,1.1825396825396826,,,ATL,2019,0.034293617692164366,24.0,False,,,,10,TE,0.6875,True,True,False,False,False,0.0,,,,,,
,,00-0034788,0.07994186046511628,TE,0.6875,TE,0.09090909090909091,5.5,,,0.003460872909055951,0.8,0.00847457627118644,0.45454545454545453,,,ATL,2020,0.015134475443118828,25.0,False,2.99,,,8,TE,,False,False,True,False,False,0.0,,,,,,
,,00-0034791,,RB,12.15625,RB,,194.5,,,0.007888805409466567,1.0,0.05206463195691203,,,,CLE,2018,0.08361911172199464,23.0,True,,,0.3875,16,RB,16.6,True,True,False,False,False,,,,,,1.0289871076832213,33.85416666666667
0.3875,,00-0034791,0.5966666666666667,RB,15.950000000000001,RB,0.13687150837988826,255.20000000000002,,,-0.006292134831460674,1.0,0.09496124031007752,0.776536312849162,,,CLE,2019,0.1380373660830938,24.0,True,12.15625,,0.68875,16,RB,16.314285714285717,True,True,True,False,True,,,,,,0.9609750096952433,13.087248322147651
0.68875,,00-0034791,0.36363636363636365,RB,17.25,RB,0.11842105263157894,241.5,12.15625,,0.009019165727170236,1.0,0.05103969754253308,0.9780701754385965,,,CLE,2020,0.0828729623228188,25.0,True,15.950000000000001,,0.5021428571428571,14,RB,15.965756302521008,True,True,True,True,True,,,,,,1.5840474298328358,31.57894736842105
0.5021428571428571,,00-0034791,0.36318407960199006,RB,15.37857142857143,RB,0.1141552511415525,215.3,15.950000000000001,,0.003399708596406022,1.0,0.050505050505050504,0.7945205479452054,,,CLE,2021,0.07813737177505997,26.0,True,17.25,,0.5278571428571428,14,RB,16.552941176470586,True,True,True,True,True,,,,,,1.1261450438086233,26.31578947368421
0.5278571428571428,,00-0034791,0.4830917874396135,RB,16.552941176470586,RB,0.12333333333333334,281.4,17.25,,0.0,0.78,0.07312252964426877,0.7966666666666666,,,CLE,2022,0.10968379446640315,27.0,True,15.37857142857143,,0.5641176470588235,17,RB,7.9125,True,True,True,True,True,,,,,,0.9443637112386936,28.807947019867548
0.4125,,00-0034791,0.2669376693766938,RB,5.5588235294117645,RB,0.1065989847715736,94.5,,,0.004548900682335102,0.12,0.03333333333333333,0.3401015228426396,,,HOU,2025,0.05318423047763458,30.0,True,7.9125,,0.31823529411764706,17,RB,,False,,True,False,True,,,,,,0.5362575687559783,22.950819672131146
,-6.689323249616121,00-0034796,,QB_dual_threat,10.276470588235295,QB,,174.70000000000002,,-0.058135958630909035,-0.00040064102564102563,0.5,0.0035398230088495575,,-0.054382841260086676,220.0,BAL,2018,0.005029285795325618,21.0,True,,220.0,0.5270588235294118,17,QB,24.57827205882353,True,True,False,False,False,,-5.405323347624602,3.101252941176471,,,,
0.5270588235294118,2.755116958145672,00-0034796,0.9222797927461139,QB_dual_threat,27.661250000000003,QB,0.0,442.58000000000004,,0.19229190859070425,0.0,0.6,0.0,0.0,0.2628950824518103,486.0,BAL,2019,0.0,22.0,True,10.276470588235295,486.0,0.935625,16,QB,20.7468137254902,True,True,True,False,True,,0.16590108387660507,2.918694235588972,,,,
0.935625,1.2822476641473093,00-0034796,0.9098939929328622,QB_dual_threat,21.49529411764706,QB,0.0,365.42,10.276470588235295,0.07513896491240302,0.0,0.7,0.0,0.0,0.10184603131423013,458.0,BAL,2020,0.0,23.0,True,27.661250000000003,458.0,0.9335294117647058,17,QB,19.835833333333333,True,True,True,True,True,,-1.751509337051914,2.9778471849865946,,,,
0.9335294117647058,0.6794994812448713,00-0034796,0.632,QB_dual_threat,19.998333333333335,QB,0.0,239.98000000000002,27.661250000000003,0.022199313928151842,0.0,0.8,0.0,0.0,0.028801164977738897,421.0,BAL,2021,0.0,24.0,True,21.49529411764706,421.0,0.91,12,QB,20.555555555555557,True,True,True,True,True,,-2.0523999139900724,2.957595238095238,,,,
0.91,-0.617372073401911,00-0034796,0.6306156405990017,QB_dual_threat,19.673333333333336,QB,0.0,236.08,21.49529411764706,0.007640065458985745,0.0,0.9,0.0,0.0,0.013560259541702112,352.0,BAL,2022,0.0,25.0,True,19.998333333333335,352.0,0.9283333333333333,12,QB,23.127836257309944,True,True,True,True,True,,-2.4456050464072234,2.9992769230769225,,,,
0.9283333333333333,3.1905671972180567,00-0034796,0.92992700729927,QB_dual_threat,21.43777777777778,QB,0.0015698587127158557,385.88,19.998333333333335,0.05650342189516796,-0.00021992522542335605,1.0,0.0018832391713747645,0.02040816326530612,0.06704531471930542,560.0,BAL,2023,0.0026709110992657976,26.0,True,19.673333333333336,560.0,0.9766666666666666,18,QB,20.672793522267206,True,True,True,True,True,,1.7051842650581932,2.9540131578947366,,,,
0.9689473684210527,1.758682671292075,00-0034796,0.733201581027668,QB_dual_threat,16.527692307692305,QB,0.0,214.85999999999999,21.43777777777778,0.019489804461748493,0.0,1.0,0.0,0.0,0.020305366354103238,338.0,BAL,2025,0.0,28.0,True,24.817894736842106,338.0,0.9223076923076923,13,QB,,False,,True,True,True,,-2.225529801324491,3.0135399999999994,,,,
,,00-0034798,,TE,1.375,TE,,11.0,,,0.013314447592067988,0.6,0.02528735632183908,,,,MIA,2018,0.04725114779720621,23.0,False,,,0.216,8,TE,2.8240384615384615,True,True,False,False,False,1.0,,,,,,
0.216,,00-0034798,0.3319386331938633,TE,1.125,TE,0.058823529411764705,13.5,,,0.02555082392149602,0.7,0.023255813953488372,0.27310924369747897,,,MIA,2019,0.05276929767527977,24.0,False,1.375,,0.444375,12,TE,4.4490384615384615,True,True,True,False,True,1.0,,,,,,
0.444375,,00-0034798,0.32171156893819336,TE,4.523076923076923,TE,0.14285714285714285,58.800000000000004,1.375,,0.026785714285714284,0.8,0.05321100917431193,1.0246305418719213,,,MIA,2020,0.0985665137614679,25.0,False,1.125,,0.45466666666666666,13,TE,3.7232142857142856,True,True,True,True,True,1.0,,,,,,
0.45466666666666666,,00-0034798,0.5260869565217391,TE,4.375,TE,0.11294765840220386,70.0,1.125,,0.058611361587015326,0.9,0.06856187290969899,0.9834710743801653,,,MIA,2021,0.1438707624754592,26.0,False,4.523076923076923,,0.6223529411764706,16,TE,4.242857142857144,True,True,True,True,True,1.0,,,,,,
0.6223529411764706,,00-0034798,0.3835021707670043,TE,3.0714285714285716,TE,0.07924528301886792,43.0,4.523076923076923,,0.016060713025061773,1.0,0.03614457831325301,0.5622641509433962,,,MIA,2022,0.06545936658742275,27.0,False,4.375,,0.5770588235294118,14,TE,3.2178571428571434,True,True,True,True,True,1.0,,,,,,
0.5770588235294118,,00-0034798,0.7738998482549317,TE,5.4142857142857155,TE,0.09215686274509804,75.80000000000001,4.375,,0.06443071491615181,1.0,0.08231173380035026,0.7411764705882353,,,MIA,2023,0.16856910114183166,28.0,False,3.0714285714285716,,0.7776470588235295,14,TE,1.0440476190476191,True,True,True,True,True,1.0,,,,,,
0.32235294117647056,,00-0034798,0.1704697986577181,TE,1.0666666666666667,TE,0.07086614173228346,9.6,5.4142857142857155,,0.009522065555759018,1.0,0.014539579967689823,0.28346456692913385,,,CHI,2025,0.028474815840566048,30.0,False,1.0214285714285716,,0.25473684210526315,9,TE,,False,,True,True,True,1.0,,,,,,
,,00-0034799,,RB,3.141666666666667,RB,,37.7,,,-0.00396600566572238,1.0,0.02528735632183908,,,,MIA,2018,0.03515483051675296,23.0,False,,,0.13916666666666666,12,RB,6.426515151515153,True,True,False,False,False,,,,,,,
0.13916666666666666,,00-0034799,0.21478382147838215,RB,4.316666666666667,RB,0.15584415584415584,51.800000000000004,,,-0.0014812071838548417,1.0,0.03986710963455149,0.4090909090909091,,,MIA,2019,0.058763819423128846,24.0,False,3.141666666666667,,0.32666666666666666,12,RB,4.6959595959595966,True,True,True,False,True,,,,,,,
0.32666666666666666,,00-0034799,0.2633863965267728,RB,8.536363636363637,RB,0.2032967032967033,93.9,3.141666666666667,,-0.004103671706263499,1.0,0.061258278145695365,0.9120879120879121,,,LAC,2020,0.0890148470241586,25.0,False,4.316666666666667,,0.3854545454545455,11,RB,0.8555555555555556,True,True,True,True,True,,,,,,-0.5748614336924078,19.78021978021978
0.3854545454545455,,00-0034799,0.08300395256916997,RB,0.8555555555555556,RB,0.1111111111111111,7.7,4.316666666666667,,0.0004222972972972973,1.0,0.010101010101010102,0.12698412698412698,,,PIT,2021,0.01544712325962326,26.0,False,8.536363636363637,,0.06777777777777777,9,RB,,False,False,True,True,True,,,,,,,
,,00-0034808,,RB,2.4200000000000004,RB,,12.100000000000001,,,-0.0010672358591248667,0.825,0.004651162790697674,,,,LA,2018,0.0062296790846591045,22.0,False,,,0.09999999999999999,5,RB,,False,False,False,False,False,,,,,,,
,,00-0034816,,RB,2.9571428571428577,RB,,20.700000000000003,,,-0.0021328458257160268,0.65,0.014539579967689823,,,,TB,2018,0.020316377873533516,21.0,False,,,0.13666666666666666,7,RB,11.085110294117648,True,True,False,False,False,,,,,,,
0.13666666666666666,,00-0034816,0.3071528751753156,RB,10.39375,RB,0.182648401826484,166.3,,,0.004691164972634871,0.825,0.066006600660066,1.4109589041095891,,,TB,2019,0.10229371647094342,22.0,True,2.9571428571428577,,0.364375,16,RB,8.528235294117646,True,True,True,False,True,,,,,,0.07808004628069397,26.16279069767442
0.364375,,00-0034816,0.2825,RB,11.776470588235293,RB,0.19469026548672566,200.2,2.9571428571428577,,0.005363873586546825,1.0,0.05945945945945946,0.7300884955752213,,,TB,2020,0.09294390069977197,23.0,True,10.39375,,0.44588235294117645,17,RB,3.99,True,True,True,True,True,,,,,,0.9918683163092177,21.875
0.44588235294117645,,00-0034816,0.11819235225955968,RB,5.28,RB,0.12745098039215685,79.2,10.39375,,-0.0023518344308560675,1.0,0.016149068322981366,0.6274509803921569,,,TB,2021,0.022577318382872802,24.0,True,11.776470588235293,,0.194375,15,RB,2.6999999999999997,True,True,True,True,True,,,,,,-0.17747517892507403,22.772277227722775
0.194375,,00-0034816,0.02014218009478673,RB,2.6999999999999997,RB,0.058823529411764705,16.2,11.776470588235293,,-0.0001945903872348706,1.0,0.0014044943820224719,1.2941176470588236,,,KC,2022,0.0019705283019692986,25.0,True,5.28,,0.09,6,RB,,False,False,True,True,True,,,,,,,
,,00-0034827,,WR,9.9375,WR,,159.0,,,0.18019559902200488,0.5,0.15073529411764705,,,,CAR,2018,0.35223986049187395,21.0,False,,,0.689375,16,WR,14.733333333333334,True,True,False,False,False,,,,2.8879945235781297,6.1129999999999995,,
0.689375,,00-0034827,0.8119777158774373,WR,15.366666666666667,WR,0.23156089193825044,230.5,,,0.28982688192958567,0.6,0.225,2.0154373927958833,,,CAR,2019,0.54037881735071,22.0,False,9.9375,,0.8706666666666667,15,WR,14.035294117647059,True,True,True,False,True,,,,2.640551014593727,5.25625,,
0.8706666666666667,,00-0034827,0.8594249201277955,WR,14.1,WR,0.21933085501858737,211.5,9.9375,,0.3857178156659254,0.7,0.2239089184060721,2.217472118959108,,,CAR,2020,0.6058658485752559,23.0,False,15.366666666666667,,0.8673333333333333,15,WR,12.841176470588236,True,True,True,True,True,,,,2.510260779717669,6.029230769230769,,
0.8673333333333333,,00-0034827,0.9166666666666666,WR,13.970588235294118,WR,0.25996810207336524,237.5,15.366666666666667,,0.4024135530285449,0.8,0.28347826086956524,1.8452950558213717,,,CAR,2021,0.7069068784243293,24.0,False,14.1,,0.8664705882352941,17,WR,14.28235294117647,True,True,True,True,True,,,,2.656482565158929,5.607682119205299,,
0.8664705882352941,,00-0034827,0.9766081871345029,WR,11.711764705882354,WR,0.23552894211576847,199.10000000000002,14.1,,0.4762796504369538,0.9,0.27634660421545665,1.7724550898203593,,,CAR,2022,0.7479156616290525,25.0,False,13.970588235294118,,0.9647058823529411,17,WR,15.429411764705883,True,True,True,True,True,,,,2.8019472409594113,6.716434782608696,,
0.9647058823529411,,00-0034827,0.9565217391304348,WR,16.852941176470587,WR,0.22895622895622897,286.5,13.970588235294118,,0.4242598447829836,1.0,0.28874734607218683,2.2962962962962963,,,CHI,2023,0.7301029104563688,26.0,False,11.711764705882354,,0.9064705882352941,17,WR,12.452414860681115,True,True,True,True,True,,,,2.737857989088661,6.275075757575757,,
0.9382352941176471,,00-0034827,0.8617449664429531,WR,10.898947368421053,WR,0.1557632398753894,207.08,16.852941176470587,,0.20582310932063724,1.0,0.16155088852988692,1.2429906542056075,,,CHI,2025,0.38640250931927644,28.0,False,14.005882352941176,,0.8421052631578947,19,WR,,False,,True,True,True,,,,3.271765191029652,6.812857142857143,,
,,00-0034829,,TE,2.8714285714285714,TE,,40.2,,,0.07790368271954674,0.6,0.0735632183908046,,,,MIA,2018,0.1648774054898896,23.0,False,,,0.4475,14,TE,9.843333333333334,True,True,False,False,False,0.0,,,,,,
0.4475,,00-0034829,0.7475592747559274,TE,9.066666666666666,TE,0.166044776119403,136.0,,,0.16385854471394187,0.7,0.1478405315614618,1.0634328358208955,,,MIA,2019,0.336461778641952,24.0,False,2.8714285714285714,,0.649375,15,TE,10.16294117647059,True,True,True,False,True,0.0,,,2.6193131430905785,5.787575757575757,,
0.649375,,00-0034829,0.7083993660855784,TE,10.620000000000001,TE,0.19015659955257272,159.3,2.8714285714285714,,0.22086466165413535,0.8,0.1559633027522936,1.5727069351230425,,,MIA,2020,0.3885502172863351,25.0,False,9.066666666666666,,0.6213333333333334,15,TE,7.844607843137254,True,True,True,True,True,0.0,,,2.0491020353898577,5.9181944444444445,,
0.6213333333333334,,00-0034829,0.7942028985507247,TE,9.705882352941176,TE,0.20437956204379562,165.0,9.066666666666666,,0.23624887285843102,0.9,0.18729096989966554,1.4233576642335766,,,MIA,2021,0.4463106658504,26.0,False,10.620000000000001,,0.7141176470588235,17,TE,5.171666666666667,True,True,True,True,True,0.0,,,2.7814075355909087,6.506262626262625,,
0.7141176470588235,,00-0034829,0.5803183791606368,TE,5.983333333333333,TE,0.14463840399002495,107.7,10.620000000000001,,0.10060007059654077,1.0,0.09982788296041308,0.940149625935162,,,MIA,2022,0.22016187385819816,27.0,False,9.705882352941176,,0.43555555555555553,18,TE,6.601875,True,True,True,True,True,0.0,,,3.0846440075068458,6.198695652173914,,
0.43555555555555553,,00-0034829,0.5477707006369427,TE,4.36,TE,0.1308139534883721,65.4,9.705882352941176,,0.09577394348587147,1.0,0.08317929759704251,0.7093023255813954,,,NE,2023,0.1918107068356738,28.0,False,5.983333333333333,,0.5029411764705882,15,TE,7.367708333333333,True,True,True,True,True,0.0,,,3.0910282097670505,5.805142857142857,,
0.4476470588235294,,00-0034829,0.3631123919308357,TE,5.891666666666667,TE,0.16666666666666666,70.7,4.36,,0.09164656873492655,1.0,0.06919275123558484,1.2182539682539681,,,CIN,2025,0.16794172496782583,30.0,False,8.84375,,0.3853846153846154,12,TE,,False,,True,True,True,0.0,,,,,,
,,00-0034830,,TE,3.53,TE,,35.3,,,0.03545673076923077,0.8,0.04247787610619469,,,,BAL,2018,0.08853652569775357,25.0,False,,,0.31,10,TE,7.371139705882353,True,True,False,False,False,0.0,,,,,,
0.31,,00-0034830,0.4231433506044905,TE,5.423529411764706,TE,0.1836734693877551,92.2,,,0.09585552211159991,0.9,0.09433962264150944,1.6408163265306122,,,BAL,2019,0.20860829944038412,26.0,False,3.53,,0.4211764705882353,17,TE,7.330208333333333,True,True,True,False,True,0.0,,,,,,
0.4211764705882353,,00-0034830,0.8052325581395349,TE,9.31875,TE,0.1588447653429603,149.1,3.53,,0.11420880599884638,1.0,0.14915254237288136,1.0306859205776173,,,ATL,2020,0.3036749777585145,27.0,False,5.423529411764706,,0.69875,16,TE,6.9364583333333325,True,True,True,True,True,0.0,,,3.418660985400963,6.558548387096774,,
0.69875,,00-0034830,0.40664556962025317,TE,5.341666666666666,TE,0.12062256809338522,64.1,5.423529411764706,,0.05127563781890945,1.0,0.05698529411764706,0.8599221789883269,,,ATL,2021,0.1213708876497072,28.0,False,9.31875,,0.4953846153846154,12,TE,6.621180555555556,True,True,True,True,True,0.0,,,,,,
0.4953846153846154,,00-0034830,0.6142506142506142,TE,8.53125,TE,0.17,136.5,9.31875,,0.09158569361174282,1.0,0.1223021582733813,1.11,,,CIN,2022,0.24756322293829192,29.0,False,5.341666666666666,,0.625,16,TE,3.448412698412699,True,True,True,True,True,0.0,,,3.8615629861692935,6.008000000000001,,
0.625,,00-0034830,0.3333333333333333,TE,4.711111111111112,TE,0.14035087719298245,42.400000000000006,5.341666666666666,,0.05945945945945946,1.0,0.0599250936329588,0.8070175438596491,,,CAR,2023,0.1315092620710598,30.0,False,8.53125,,0.5066666666666667,9,TE,2.185714285714286,True,True,True,True,True,0.0,,,,,,
,,00-0034837,,WR,12.925,WR,,206.8,,,0.17982708933717578,0.8,0.152317880794702,,,,ATL,2018,0.354355783728076,24.0,False,,,0.606875,16,WR,16.96025641025641,True,True,False,False,False,,,,3.168861894092877,6.315555555555555,,
0.606875,,00-0034837,0.6793193717277487,WR,15.153846153846153,WR,0.1791907514450867,197.0,,,0.23215949319918017,0.9,0.14307692307692307,1.6685934489402698,,,ATL,2019,0.3771270298548107,25.0,False,12.925,,0.7515384615384615,13,WR,16.493333333333332,True,True,True,False,True,,,,2.874055455725719,7.396222222222222,,
0.7515384615384615,,00-0034837,0.8212209302325582,WR,18.766666666666666,WR,0.25309734513274335,281.5,12.925,,0.3945395116323784,1.0,0.2423728813559322,2.431858407079646,,,ATL,2020,0.6397369801765631,26.0,False,15.153846153846153,,0.7826666666666667,15,WR,14.220000000000002,True,True,True,True,True,,,,2.9264692495979574,6.086571428571428,,
0.7826666666666667,,00-0034837,0.31329113924050633,WR,14.220000000000002,WR,0.26262626262626265,71.10000000000001,15.153846153846153,,0.1303151575787894,1.0,0.09558823529411764,1.4191919191919191,,,ATL,2021,0.234602963246329,27.0,False,18.766666666666666,,0.8640000000000001,5,WR,13.523529411764706,True,True,True,True,True,,,,3.0348152815582257,5.933269230769231,,
,,00-0034837,0.9098591549295775,WR,13.523529411764706,WR,0.21052631578947367,229.9,14.220000000000002,,0.36106014271151887,0.88,0.22405271828665568,1.5727554179566563,,,JAX,2023,0.5888211773280467,29.0,False,,,0.8511764705882353,17,WR,9.237394957983193,True,True,False,True,False,,,,2.2906645676241943,5.580962962962964,,
0.8129411764705883,,00-0034837,0.24499229583975346,WR,6.757142857142857,WR,0.22641509433962265,47.3,13.523529411764706,,0.11550229474757777,0.64,0.06805293005671077,1.9056603773584906,,,TEN,2025,0.1829310014083706,31.0,False,11.71764705882353,,0.5714285714285714,7,WR,,False,,True,True,True,,,,,,,
,,00-0034838,,RB,7.235714285714287,RB,,101.30000000000001,,,0.003540240736370073,0.825,0.036101083032490974,,,,DEN,2018,0.056629793064195515,22.0,True,,,0.32571428571428573,14,RB,6.130113636363636,True,True,False,False,False,,,,,,-0.026063189378675133,41.53846153846154
0.32571428571428573,,00-0034838,0.5661375661375662,RB,8.8875,RB,0.1557632398753894,142.2,,,0.002702702702702703,1.0,0.10775862068965517,0.7975077881619937,,,DEN,2019,0.16352982292637466,23.0,True,7.235714285714287,,0.503125,16,RB,3.128030303030303,True,True,True,False,True,,,,,,-0.9790903385401855,18.939393939393938
0.503125,,00-0034838,0.21844660194174756,RB,3.372727272727273,RB,0.0962962962962963,37.1,7.235714285714287,,0.004493464052287581,1.0,0.024390243902439025,0.6,,,DEN,2020,0.03973079069025985,24.0,True,8.8875,,0.178125,11,RB,3.8166666666666664,True,True,True,True,True,,,,,,,
0.178125,,00-0034838,0.20614035087719298,RB,2.8833333333333333,RB,0.11347517730496454,34.6,8.8875,,-0.001392434439545138,1.0,0.02782608695652174,0.5460992907801419,,,CAR,2021,0.04076442632710101,25.0,True,3.372727272727273,,0.21133333333333332,12,RB,4.475,True,True,True,True,True,,,,,,,
0.21133333333333332,,00-0034838,0.0778816199376947,RB,4.75,RB,0.16,19.0,3.372727272727273,,-0.001454898157129001,1.0,0.014336917562724014,0.66,,,HOU,2022,0.020486947634095722,26.0,False,2.8833333333333333,,0.3975,4,RB,4.2,True,True,True,True,True,,,,,,,
0.3975,,00-0034838,0.15418502202643172,RB,4.2,RB,0.01904761904761905,46.2,2.8833333333333333,,0.0,0.78,0.003395585738539898,0.12380952380952381,,,LA,2023,0.005093378607809847,27.0,False,4.75,,0.21066666666666667,11,RB,,False,False,True,True,True,,,,,,,
,,00-0034844,,RB,24.1125,RB,,385.8,,,0.004186046511627907,0.65,0.21453900709219859,,,,NYG,2018,0.32473874319643736,21.0,True,,,0.83,16,RB,18.77692307692308,True,True,False,False,False,,,,,,1.535578982625696,22.988505747126435
0.83,,00-0034844,0.6759530791788856,RB,18.77692307692308,RB,0.15835140997830802,244.10000000000002,,,0.012893679983090255,0.825,0.125,0.9501084598698482,,,NYG,2019,0.19652557598816317,22.0,True,24.1125,,0.8346153846153845,13,RB,11.430769230769231,True,True,True,False,True,,,,,,0.4949530014974442,11.059907834101383
,,00-0034844,0.44894894894894893,RB,11.430769230769231,RB,0.19063545150501673,148.6,18.77692307692308,,0.0073152889539136795,1.0,0.10382513661202186,0.8795986622073578,,,NYG,2021,0.16085840718577238,24.0,True,,,0.6169230769230769,13,RB,16.918650793650794,True,True,False,True,False,,,,,,-0.2767264892545886,21.604938271604937
0.6169230769230769,,00-0034844,0.726890756302521,RB,17.894444444444446,RB,0.16377649325626203,322.1,,,-0.007637906647807638,1.0,0.1551094890510949,0.7996146435452793,,,NYG,2022,0.227317698923177,25.0,True,11.430769230769231,,0.795,18,RB,19.363928571428573,True,True,True,False,True,,,,,,0.39531583744514576,18.983050847457626
0.795,,00-0034844,0.6023738872403561,RB,15.942857142857145,RB,0.1477832512315271,223.20000000000002,11.430769230769231,,0.03721188558733685,1.0,0.12396694214876033,0.6896551724137931,,,NYG,2023,0.21199873313427628,26.0,True,17.894444444444446,,0.7885714285714285,14,RB,18.698382352941177,True,True,True,True,True,,,,,,0.3893385699122722,14.979757085020243
0.751,,00-0034844,0.7312703583061889,RB,14.611764705882353,RB,0.12472160356347439,248.4,15.942857142857145,,0.0071000665631240295,0.56,0.11244979919678715,0.6636971046770601,,,PHI,2025,0.17364474538936753,28.0,True,22.785000000000004,,0.7870588235294117,17,RB,,False,,True,True,True,,,,,,0.2761220683010875,31.071428571428573
,,00-0034845,,RB,13.1625,RB,,210.6,,,0.0009620935154897056,1.0,0.021116138763197588,,,,NE,2018,0.03234767360563917,23.0,True,,,0.36,16,RB,9.45919117647059,True,True,False,False,False,,,,,,-0.2954087495964846,26.794258373205743
0.36,,00-0034845,0.20869565217391303,RB,9.505882352941176,RB,0.1527777777777778,161.6,,,-0.0029093931837073984,1.0,0.03542673107890499,0.7152777777777778,,,NE,2019,0.05110352138976231,24.0,True,13.1625,,0.36705882352941177,17,RB,8.432440476190477,True,True,True,False,True,,,,,,-0.279167084060422,33.603238866396765
0.36705882352941177,,00-0034845,0.12574850299401197,RB,9.412500000000001,RB,0.14285714285714285,75.30000000000001,13.1625,,-0.0006839945280437756,1.0,0.021479713603818614,1.8095238095238095,,,NE,2020,0.03174077423609728,25.0,True,9.505882352941176,,0.3244444444444444,8,RB,4.971190476190476,True,True,True,True,True,,,,,,,
0.3244444444444444,,00-0034845,0.4434782608695652,RB,7.4523809523809526,RB,0.10364145658263306,156.5,9.505882352941176,,-0.004261363636363636,1.0,0.05013550135501355,0.33613445378151263,,,LA,2021,0.0722202974870658,26.0,True,9.412500000000001,,0.45666666666666667,21,RB,2.49,True,True,True,True,True,,,,,,-0.2626531458421171,24.519230769230766
0.45666666666666667,,00-0034845,0.09732360097323602,RB,2.49,RB,0.1625,24.900000000000002,9.412500000000001,,0.00481716663017298,0.78,0.01783264746227709,0.6625,,,LAC,2022,0.030120987834536723,27.0,True,7.4523809523809526,,0.174,10,RB,,False,False,True,True,True,,,,,,,
,,00-0034854,,WR,0.5285714285714286,WR,,3.7,,,0.004268943436499467,0.7,0.004651162790697674,,,,LA,2018,0.009965004591596138,23.0,False,,,,7,WR,2.554761904761905,True,True,False,False,False,,,,,,,
,,00-0034854,0.16,WR,0.9666666666666668,WR,0.10416666666666667,11.600000000000001,,,0.03617977528089888,0.8,0.01937984496124031,0.7916666666666666,,,CLE,2019,0.054395610138489675,24.0,False,0.5285714285714286,,,12,WR,3.3505952380952384,True,True,True,False,False,,,,,,,
,,00-0034854,0.215311004784689,WR,4.142857142857143,WR,0.1259259259259259,29.0,0.5285714285714286,,0.06268320180383315,0.9,0.03213610586011342,1.3333333333333333,,,CLE,2020,0.09208240005285334,25.0,False,0.9666666666666668,,,7,WR,2.8637820512820515,True,True,True,True,False,,,,,,,
,,00-0034854,0.24845679012345678,WR,2.5583333333333336,WR,0.16770186335403728,30.700000000000003,0.9666666666666668,,0.0822065981611682,1.0,0.048736462093862815,0.9751552795031055,,,DET,2021,0.13064931185361195,26.0,False,4.142857142857143,,,12,WR,2.9131868131868135,True,True,True,True,False,,,,,,,
,,00-0034854,0.16463414634146342,WR,3.1692307692307695,WR,0.24691358024691357,41.2,4.142857142857143,,0.06802030456852792,1.0,0.05025125628140704,2.493827160493827,,,ATL,2022,0.1229910976200801,27.0,False,2.5583333333333336,,,13,WR,2.514935064935065,True,True,True,True,False,,,,,,,
,,00-0034854,0.30528052805280526,WR,2.6571428571428575,WR,0.12432432432432433,37.2,2.5583333333333336,,0.07875894988066826,1.0,0.04554455445544554,1.2540540540540541,,,ATL,2023,0.1234480965996361,28.0,False,3.1692307692307695,,0.3241176470588235,14,WR,1.5676136363636362,True,True,True,True,False,,,,,,,
0.19999999999999998,,00-0034854,0.06791171477079797,WR,0.7625,WR,0.25,6.1,2.6571428571428575,,0.03585943103036098,0.64,0.019305019305019305,0.775,,,ATL,2025,0.05405913067878164,31.0,False,2.3727272727272726,,0.10583333333333333,8,WR,,False,,True,True,True,,,,,,,
,1.3214102583163876,00-0034855,,QB_pocket,17.150000000000002,QB,,240.10000000000002,,0.030175723073152073,0.002253944402704733,0.6,0.0017953321364452424,,0.03744498899743273,515.0,CLE,2018,0.0042707592865611765,23.0,False,,515.0,0.9685714285714286,14,QB,15.020208333333334,True,True,False,False,False,,-0.34981690416181976,2.7918861283643888,,,,
0.9685714285714286,-2.9552203521393894,00-0034855,0.995,QB_pocket,14.32375,QB,0.0,229.18,,-0.03598598242480464,0.0,0.657,0.0,0.0,-0.03874331624055211,574.0,CLE,2019,0.0,24.0,False,17.150000000000002,574.0,0.99125,16,QB,14.31904761904762,True,True,True,False,True,,-2.7567001680533068,2.7849041353383455,,,,
0.99125,1.994526800976605,00-0034855,0.9840510366826156,QB_pocket,15.716666666666669,QB,0.0032414910858995136,282.90000000000003,17.150000000000002,0.11250327102792745,-0.0009019165727170237,0.714,0.003780718336483932,-0.0032414910858995136,0.15217098660713949,580.0,CLE,2020,0.005039735903823982,25.0,False,14.32375,580.0,0.9838888888888889,18,QB,11.519880952380953,True,True,True,True,True,,0.5051192484477056,3.050419958419958,,,,
0.9838888888888889,-2.718707900494337,00-0034855,0.8159203980099502,QB_pocket,12.921428571428573,QB,0.0,180.9,14.32375,-0.031053699530907874,0.0,0.771,0.0,0.022357723577235773,-0.03271082261346409,462.0,CLE,2021,0.0,26.0,False,15.716666666666669,462.0,0.9564285714285715,14,QB,13.601271929824563,True,True,True,True,True,,-4.448730603716015,2.818795673076923,,,,
0.9564285714285715,-7.015253307286256,00-0034855,0.7543859649122807,QB_pocket,10.118333333333334,QB,0.0,121.42,15.716666666666669,-0.13007098750933296,0.0,0.828,0.0,0.0,-0.15575032512496315,371.0,CAR,2022,0.0,27.0,False,12.921428571428573,371.0,0.9491666666666667,12,QB,19.139327485380115,True,True,True,True,True,,-7.241447859290815,2.8183922155688625,,,,
0.9491666666666667,-0.20177963270635083,00-0034855,0.9986338797814208,QB_pocket,17.08421052631579,QB,0.0,324.6,12.921428571428573,0.052815828197108054,0.0,0.885,0.0,0.0,0.07631595299318158,695.0,TB,2023,0.0,28.0,False,10.118333333333334,695.0,0.9973684210526316,19,QB,18.594869281045753,True,True,True,True,True,,0.15867046399746698,2.7054540636042397,,,,
0.9861111111111112,-2.1161465592809603,00-0034855,0.9720930232558139,QB_dual_threat,15.99529411764706,QB,0.0,271.92,17.08421052631579,-0.010387888952115839,0.0,0.88,0.0,0.0,-0.005770641820389942,584.0,TB,2025,0.0,30.0,True,21.194444444444443,584.0,0.9711764705882354,17,QB,,False,,True,True,True,,-1.6144420433154778,2.8461715867158675,,,,
,-6.880950460536252,00-0034857,,QB_dual_threat,17.238333333333333,QB,,206.86,,-0.11183928078945982,0.002747833439019235,0.6,0.0021008403361344537,,-0.13028061343978725,348.0,BUF,2018,0.005074743911515145,22.0,True,,348.0,0.9258333333333333,12,QB,21.558142414860683,True,True,False,False,False,,-8.106693360023215,3.2177843749999995,,,,
0.9258333333333333,-2.2932048104390375,00-0034857,0.9170506912442397,QB_dual_threat,18.524705882352944,QB,0.0016750418760469012,314.92,,-0.024617850851549685,0.0024405125076266015,0.7,0.0018975332068311196,0.02680067001675042,-0.02534033774318939,546.0,BUF,2019,0.0045546585655853004,23.0,True,17.238333333333333,546.0,0.9311764705882353,17,QB,24.91315789473684,True,True,True,False,True,,-4.083569752711021,2.856982532751091,,,,
0.9311764705882353,5.975222220128676,00-0034857,0.9709228824273072,QB_dual_threat,24.591578947368422,QB,0.0013020833333333333,467.24,17.238333333333333,0.17131238867774276,-0.0008331944675887352,0.8,0.0014619883040935672,0.015625,0.21912388859622392,728.0,BUF,2020,0.0016097463288282361,24.0,True,18.524705882352944,728.0,0.958421052631579,19,QB,24.6940350877193,True,True,True,True,True,,4.155952884600708,3.0434510489510487,,,,
0.958421052631579,2.8908279983425986,00-0034857,0.9887780548628429,QB_dual_threat,25.234736842105264,QB,0.0,479.46000000000004,18.524705882352944,0.11895133914467264,0.0,0.9,0.0,0.0,0.1575412216423498,740.0,BUF,2021,0.0,25.0,True,24.591578947368422,740.0,0.9689473684210527,19,QB,24.097719298245615,True,True,True,True,True,,-1.4286306825512227,2.9004891640866877,,,,
0.9689473684210527,1.271570554294064,00-0034857,0.9907161803713528,QB_dual_threat,24.153333333333332,QB,0.0,434.76,24.591578947368422,0.08077803327408194,0.0,1.0,0.0,0.0,0.10994760230171392,689.0,BUF,2022,0.0,26.0,True,25.234736842105264,689.0,0.9788888888888889,18,QB,23.731052631578947,True,True,True,True,True,,-1.370469425234944,2.871190812720848,,,,
0.9788888888888889,4.465782111571505,00-0034857,1.0,QB_dual_threat,24.042105263157897,QB,0.0,456.8,25.234736842105264,0.0994870704002572,0.0,1.0,0.0,0.0,0.12298532009363242,675.0,BUF,2023,0.0,27.0,True,24.153333333333332,675.0,0.9705263157894738,19,QB,23.28666666666667,True,True,True,True,True,,1.8684794804618576,2.8837850953206248,,,,
0.9035,3.9495822264739315,00-0034857,0.9425625920471281,QB_dual_threat,23.153333333333332,QB,0.0,416.76,24.042105263157897,0.102767727299231,0.0,1.0,0.0,0.0,0.1298842580282989,584.0,BUF,2025,0.0,29.0,True,23.42,584.0,0.93,18,QB,,False,,True,True,True,,1.5463913043478215,2.891919389978213,,,,
,,00-0034860,,WR,8.625,WR,,103.5,,,0.13939899833055092,0.7,0.09513742071881606,,,,SF,2018,0.24028542990960974,23.0,False,,,0.5641666666666667,12,WR,3.3855555555555554,True,True,False,False,False,,,,3.3760030795640077,5.361395348837209,,
0.5641666666666667,,00-0034860,0.25546218487394956,WR,3.8377777777777777,WR,0.15789473684210525,34.54,,,0.056739717802461724,0.8,0.0482897384305835,0.7171052631578947,,,SF,2019,0.11215241010759847,24.0,False,8.625,,0.3972727272727273,9,WR,2.9333333333333336,True,True,True,False,True,,,,,,,
0.3972727272727273,,00-0034860,0.11935483870967742,WR,2.9333333333333336,WR,0.08108108108108109,17.6,8.625,,0.031232254400908575,0.9,0.011428571428571429,1.027027027027027,,,SF,2020,0.039005435223493146,25.0,False,3.8377777777777777,,0.26,6,WR,3.835294117647059,True,True,True,True,True,,,,,,,
,,00-0034860,0.6039215686274509,WR,3.835294117647059,WR,0.1331168831168831,65.2,2.9333333333333336,,0.11655670750863965,1.0,0.11452513966480447,0.7954545454545454,,,CHI,2022,0.25337740475325443,27.0,False,,,0.5117647058823529,17,WR,4.0,True,True,False,True,False,,,,,,,
0.3075,,00-0034860,0.11521418020679468,WR,2.4625000000000004,WR,0.14102564102564102,19.700000000000003,,,0.02244548952543822,0.76,0.019469026548672566,1.6282051282051282,,,NO,2025,0.0449153824908156,30.0,False,4.0,,0.22249999999999998,8,WR,,False,,True,False,True,,,,,,,
,,00-0034867,0.2170767004341534,WR,3.7916666666666665,WR,0.16666666666666666,45.5,,,0.05924216195422197,0.7,0.04562043795620438,1.6333333333333333,,,SEA,2019,0.10990017030226194,23.0,False,,,,12,WR,5.812500000000001,True,True,False,False,False,,,,,,,
,,00-0034867,0.08839050131926121,WR,5.812500000000001,WR,0.2537313432835821,46.50000000000001,3.7916666666666665,,0.028200371057513916,0.9,0.025110782865583457,2.3134328358208953,,,DAL,2021,0.05740643403863492,25.0,False,,,,8,WR,,False,False,False,True,False,,,,,,,
,-4.634389854967594,00-0034869,,QB_pocket,12.930769230769231,QB,,168.1,,-0.06231510109342803,0.0,0.486,0.0,,-0.0691599021836075,444.0,NYJ,2018,0.0,21.0,False,,444.0,0.9953846153846153,13,QB,12.859551282051282,True,True,False,False,False,,-1.9741404225716792,2.907946731234867,,,,
0.9953846153846153,1.0426121273478448,00-0034869,0.8310580204778157,QB_pocket,14.55076923076923,QB,0.0,189.16,,-0.01882481084275218,0.0,0.543,0.0,0.0,-0.031360924606851026,475.0,NYJ,2019,0.0,22.0,False,12.930769230769231,475.0,0.9953846153846153,13,QB,12.137500000000001,True,True,True,False,True,,0.5753085388888621,2.920507972665148,,,,
0.9953846153846153,-1.9278435400251805,00-0034869,0.7443478260869565,QB_pocket,11.168333333333335,QB,0.0,134.02,12.930769230769231,-0.15823537630013362,0.0,0.6,0.0,0.0,-0.21778835097151159,398.0,NYJ,2020,0.0,23.0,False,14.55076923076923,398.0,0.9958333333333332,12,QB,13.746666666666666,True,True,True,True,True,,-2.795858092728878,2.8532825484764546,,,,
0.9958333333333332,-4.8873513044479,00-0034869,0.6812865497076024,QB_pocket,13.106666666666667,QB,0.0,157.28,14.55076923076923,-0.14501323239339886,0.0,0.657,0.0,0.0,-0.18621596925722167,442.0,CAR,2021,0.0,24.0,False,11.168333333333335,442.0,0.93,12,QB,8.362333333333332,True,True,True,True,True,,-4.357857520467249,2.876544334975369,,,,
0.93,4.892835021018982,00-0034869,0.30994152046783624,QB_pocket,14.386666666666665,QB,0.0,86.32,11.168333333333335,0.1185816858023114,0.0,0.714,0.0,0.0,0.1484331153417921,147.0,CAR,2022,0.0,25.0,False,13.106666666666667,147.0,1.0,6,QB,10.048444444444446,True,True,True,True,True,,2.412018914307872,3.2368905109489052,,,,
1.0,-1.4348636973987927,00-0034869,0.08270676691729323,QB_pocket,2.338,QB,0.0,23.380000000000003,13.106666666666667,-0.006116115357427525,0.0,0.771,0.0,0.0,-0.002587891807473067,51.0,SF,2023,0.0,26.0,False,14.386666666666665,51.0,0.205,10,QB,15.971944444444444,True,True,True,True,True,,,,,,,
0.9944444444444444,4.66605861648723,00-0034869,0.9951845906902087,QB_pocket,14.184999999999999,QB,0.0,283.7,2.338,0.11538280565296774,0.0,0.885,0.0,0.0,0.1448351854335801,599.0,SEA,2025,0.0,28.0,False,17.75888888888889,599.0,0.9620000000000001,20,QB,,False,,True,True,True,,4.306666666666686,2.864735729386892,,,,
,,00-0034928,0.39019963702359345,WR,6.84375,WR,0.26046511627906976,109.5,,,0.10797857344234564,0.6,0.12095032397408208,1.441860465116279,,,WAS,2019,0.25701048737076504,22.0,False,,,0.318125,16,WR,5.6923076923076925,True,True,False,False,False,,,,3.158416889400001,6.732452830188679,,
0.318125,,00-0034928,0.4212707182320442,WR,5.6923076923076925,WR,0.13442622950819672,74.0,,,0.07548598838677102,0.7,0.06677524429967427,0.9770491803278688,,,WAS,2020,0.15300305832025113,23.0,False,6.84375,,0.46076923076923076,13,WR,2.6166666666666667,True,True,True,False,True,,,,,,,
,,00-0034928,0.234472049689441,WR,2.6166666666666667,WR,0.152317880794702,31.400000000000002,5.6923076923076925,,0.029298205768794005,0.9,0.043726235741444866,0.6887417218543046,,,PIT,2022,0.08609809765032311,25.0,False,,,0.3408333333333333,12,WR,1.5818181818181818,True,True,False,True,False,,,,,,,
0.3408333333333333,,00-0034928,0.012413793103448275,WR,2.9,WR,0.3333333333333333,11.6,,,-0.00036920804873546244,1.0,0.0049586776859504135,2.7777777777777777,,,HOU,2023,0.007179570894810797,26.0,False,2.6166666666666667,,0.055,4,WR,0.2636363636363636,True,True,True,False,True,,,,,,,
,,00-0034930,0.2762345679012346,WR,2.9,WR,0.12290502793296089,20.3,,,0.04732287723093564,0.8,0.039711191335740074,0.5754189944134078,,,DET,2021,0.09269280106526506,24.0,False,,,0.51125,7,WR,,False,False,False,False,False,,,,,,,
,-3.6552880687275153,00-0034955,0.1460843373493976,QB_pocket,4.505,QB,0.0,18.02,,-0.22409288133791186,0.0,0.771,0.0,0.0,-0.3044671673310419,96.0,DEN,2022,0.0,26.0,False,,96.0,,4,QB,,False,False,False,False,False,,,,,,,
,,00-0034960,0.39420289855072466,WR,5.627272727272727,WR,0.15073529411764705,61.9,,,0.08769742310889443,0.7,0.06602254428341385,1.3198529411764706,,,NE,2019,0.16042201260134686,23.0,False,,,0.36733333333333335,11,WR,11.711862745098038,True,True,False,False,False,,,,,,,
0.36733333333333335,,00-0034960,0.654690618762475,WR,11.876666666666667,WR,0.24695121951219512,142.52,,,0.28248974008207933,0.8,0.19331742243436753,2.222560975609756,,,NE,2020,0.4877189517090068,24.0,False,5.627272727272727,,0.7707142857142857,12,WR,12.284243697478992,True,True,True,False,True,,,,3.4127916360903354,6.290133333333334,,
0.7707142857142857,,00-0034960,0.9373996789727127,WR,11.547058823529412,WR,0.23116438356164384,196.3,5.627272727272727,,0.2824053452115813,0.9,0.24150268336314848,1.5513698630136987,,,NE,2021,0.5599377666928296,25.0,False,11.876666666666667,,0.8394444444444444,17,WR,13.341339285714287,True,True,True,True,True,,,,2.753380933897082,5.368695652173912,,
0.8394444444444444,,00-0034960,0.7029702970297029,WR,13.021428571428572,WR,0.22535211267605634,182.3,11.876666666666667,,0.23131239347455565,1.0,0.1867704280155642,1.8873239436619718,,,NE,2022,0.44207431745553527,26.0,False,11.547058823529412,,0.7914285714285715,14,WR,14.097291666666667,True,True,True,True,True,,,,3.024350821870904,5.635232558139534,,
0.7914285714285715,,00-0034960,0.8799342105263158,WR,13.66125,WR,0.19813084112149532,218.58,11.547058823529412,,0.24400664609541894,1.0,0.19962335216572505,1.5084112149532711,,,LV,2023,0.47023968051538084,27.0,False,13.021428571428572,,0.898125,16,WR,12.501960784313725,True,True,True,True,True,,,,2.7319104935965197,7.315252525252526,,
0.9166666666666666,,00-0034960,0.8225806451612904,WR,10.470588235294118,WR,0.20320855614973263,178.0,13.66125,,0.21860078887274237,0.88,0.21428571428571427,1.5098039215686274,,,JAX,2025,0.47444912363949104,29.0,False,14.533333333333333,,0.8564705882352941,17,WR,,False,,True,True,True,,,,2.73208851411209,6.408333333333333,,
,,00-0034970,0.6382608695652174,TE,5.733333333333333,TE,0.1362397820163488,86.0,,,0.07903965470731049,0.4,0.10548523206751055,0.9536784741144414,,,MIN,2019,0.21355560639638316,21.0,False,,,0.5961111111111111,15,TE,7.576923076923077,True,True,False,False,False,0.0,,,2.989143628427466,5.376315789473685,,
0.5961111111111111,,00-0034970,0.5189655172413793,TE,7.576923076923077,TE,0.14285714285714285,98.5,,,0.09019812304483837,0.5,0.09110169491525423,1.212624584717608,,,MIN,2020,0.19979122850426823,22.0,False,5.733333333333333,,0.6469230769230769,13,TE,6.944444444444445,True,True,True,False,True,0.0,,,2.9899444625870464,4.692499999999999,,
,,00-0034970,0.2574002574002574,TE,6.944444444444445,TE,0.19,62.5,7.576923076923077,,0.03331338519848394,0.7,0.05688622754491018,0.925,,,MIN,2022,0.10864871095630402,24.0,False,,,0.47555555555555556,9,TE,3.35,True,True,False,True,False,0.0,,,,,,
0.47555555555555556,,00-0034970,0.33477011494252873,TE,3.35,TE,0.11158798283261803,33.5,,,0.02810492505353319,0.8,0.04391891891891892,0.49356223175965663,,,CIN,2023,0.08555182591585161,25.0,False,6.944444444444445,,0.4383333333333333,10,TE,,False,False,True,False,True,0.0,,,,,,
,,00-0034972,0.14608695652173914,RB,4.846666666666667,RB,0.16666666666666666,72.7,,,0.006204478014567035,0.65,0.029535864978902954,1.0952380952380953,,,MIN,2019,0.04864693207855136,21.0,True,,,0.21533333333333332,15,RB,7.276682692307693,True,True,False,False,False,,,,,,0.36159186156755446,34.0
0.21533333333333332,,00-0034972,0.1879310344827586,RB,6.684615384615385,RB,0.13761467889908258,86.9,,,0.010688216892596455,0.825,0.03177966101694915,1.146788990825688,,,MIN,2020,0.05515124335024124,22.0,True,4.846666666666667,,0.2630769230769231,13,RB,6.423263888888889,True,True,True,False,True,,,,,,0.5479036564840736,31.25
0.2630769230769231,,00-0034972,0.332312404287902,RB,7.86875,RB,0.17972350230414746,125.9,4.846666666666667,,0.0006680026720106881,1.0,0.06976744186046512,1.0506912442396312,,,MIN,2021,0.10511876466110515,23.0,True,6.684615384615385,,0.354375,16,RB,6.6513888888888895,True,True,True,True,True,,,,,,-0.5543274695034727,30.597014925373134
0.354375,,00-0034972,0.2625482625482625,RB,4.977777777777778,RB,0.09313725490196079,89.60000000000001,6.684615384615385,,-0.007580291242768801,1.0,0.02844311377245509,0.45588235294117646,,,MIN,2022,0.03735846678874447,24.0,True,7.86875,,0.24722222222222223,18,RB,9.069642857142858,True,True,True,True,True,,,,,,,
0.24722222222222223,,00-0034972,0.49859550561797755,RB,8.325000000000001,RB,0.12394366197183099,133.20000000000002,7.86875,,0.004995836802664446,1.0,0.07370184254606366,0.5408450704225352,,,MIN,2023,0.1140498495809606,25.0,True,4.977777777777778,,0.548125,16,RB,9.814285714285715,True,True,True,True,True,,,,,,-0.2541227712899943,21.666666666666668
,,00-0034975,0.25906735751295334,RB,3.3000000000000003,RB,0.13333333333333333,56.1,,,0.011113683723084047,0.825,0.041928721174004195,0.64,,,BAL,2019,0.07067266036716512,22.0,False,,,0.18764705882352942,17,RB,1.0833333333333333,True,True,False,False,False,,,,,,,
0.18764705882352942,,00-0034975,0.10600706713780919,RB,1.0833333333333333,RB,0.1,13.0,,,-0.0020335536349771225,1.0,0.013303769401330377,0.3333333333333333,,,BAL,2020,0.018532166557511578,23.0,False,3.3000000000000003,,0.10142857142857142,12,RB,2.8125,True,True,True,False,True,,,,,,,
,,00-0034975,0.2895174708818636,RB,2.8125,RB,0.08045977011494253,45.0,1.0833333333333333,,-0.005958291956305859,1.0,0.028397565922920892,0.39080459770114945,,,BAL,2022,0.038425544514967234,25.0,False,,,0.26437499999999997,16,RB,7.851797385620916,True,True,False,True,False,,,,,,,
0.26437499999999997,,00-0034975,0.5109489051094891,RB,7.038888888888889,RB,0.13714285714285715,126.7,,,0.003958654057620409,1.0,0.0903954802259887,0.7171428571428572,,,BAL,2023,0.13836427817931735,26.0,True,2.8125,,0.4316666666666667,18,RB,7.592352941176472,True,True,True,False,True,,,,,,,
0.41529411764705887,,00-0034975,0.3241106719367589,RB,6.5200000000000005,RB,0.16463414634146342,65.2,7.038888888888889,,-0.0017772511848341231,0.56,0.06633906633906633,1.0304878048780488,,,BAL,2025,0.0982645236792156,28.0,True,8.664705882352942,,0.371,10,RB,,False,,True,True,True,,,,,,,
,,00-0034981,0.30158730158730157,TE,6.218181818181819,TE,0.14619883040935672,68.4,,,0.03352636391344102,0.5,0.05154639175257732,1.0175438596491229,,,LV,2019,0.1007880423682747,22.0,False,,,0.4538461538461539,11,TE,4.728125,True,True,False,False,False,1.0,,,,,,
0.4538461538461539,,00-0034981,0.18585526315789475,TE,4.125,TE,0.07964601769911504,33.0,,,0.025231481481481483,0.6,0.017786561264822136,1.238938053097345,,,LV,2020,0.044341878934270246,23.0,False,6.218181818181819,,0.233125,8,TE,5.779910714285714,True,True,True,False,True,1.0,,,,,,
0.233125,,00-0034981,0.5622489959839357,TE,5.33125,TE,0.11190476190476191,85.3,6.218181818181819,,0.06545592130155127,0.7,0.0734375,0.888095238095238,,,LV,2021,0.1559753949110859,24.0,False,4.125,,0.63,16,TE,4.895054945054945,True,True,True,True,True,1.0,,,,,,
0.63,,00-0034981,0.6224961479198767,TE,6.228571428571429,TE,0.13366336633663367,87.2,4.125,,0.08628276257891716,0.8,0.0967741935483871,1.0396039603960396,,,LV,2022,0.20555922412782263,25.0,False,5.33125,,0.776,14,TE,5.008894230769231,True,True,True,True,True,1.0,,,3.3605304789068238,5.423636363636363,,
0.776,,00-0034981,0.3053435114503817,TE,3.5615384615384618,TE,0.125,46.300000000000004,5.33125,,0.025237898220935043,0.9,0.043402777777777776,0.965,,,NO,2023,0.08277069542132118,26.0,False,6.228571428571429,,0.5359999999999999,13,TE,4.149553571428571,True,True,True,True,True,1.0,,,,,,
0.6911764705882353,,00-0034981,0.1432791728212703,TE,1.842857142857143,TE,0.10309278350515463,12.9,3.5615384615384618,,0.0021376656690893546,1.0,0.017699115044247787,0.6082474226804123,,,NO,2025,0.02804503853473423,28.0,False,6.45625,,0.3572727272727273,7,TE,,False,,True,True,True,1.0,,,,,,
,,00-0034983,0.5167548500881834,WR,10.26923076923077,WR,0.24232081911262798,133.5,,,0.15208777811642793,0.8,0.1463917525773196,2.0648464163822524,,,LV,2019,0.3260490735474789,24.0,False,,,0.5238461538461539,13,WR,11.693055555555555,True,True,False,False,False,,,,3.456287092681197,6.452903225806451,,
0.5238461538461539,,00-0034983,0.6151315789473685,WR,8.225,WR,0.20588235294117646,131.6,,,0.12662037037037038,0.9,0.15217391304347827,1.7540106951871657,,,LV,2020,0.3168951288244767,25.0,False,10.26923076923077,,0.511875,16,WR,11.530555555555555,True,True,True,False,True,,,,3.4774215288126977,6.631029411764706,,
0.511875,,00-0034983,0.7831325301204819,WR,15.16111111111111,WR,0.2376068376068376,272.9,10.26923076923077,,0.17007188800605372,1.0,0.2171875,1.8735042735042735,,,LV,2021,0.4448315716042376,26.0,False,8.225,,0.6777777777777777,18,WR,5.682142857142857,True,True,True,True,True,,,,3.393140888393014,6.583805309734515,,
0.6777777777777777,,00-0034983,0.44992295839753466,WR,7.9,WR,0.17123287671232876,79.0,8.225,,0.06485555768127033,1.0,0.08960573476702509,1.13013698630137,,,LV,2022,0.17980749252742684,27.0,False,15.16111111111111,,0.611,10,WR,3.4642857142857144,True,True,True,True,True,,,,3.075739864737292,6.180851063829787,,
0.611,,00-0034983,0.4276315789473684,WR,3.4642857142857144,WR,0.1423076923076923,48.5,15.16111111111111,,0.04913363399003086,1.0,0.0696798493408663,0.9807692307692307,,,LV,2023,0.13891331780432103,28.0,False,7.9,,0.3594117647058824,14,WR,5.983333333333334,True,True,True,True,True,,,,,,,
,,00-0034983,0.23613312202852615,WR,5.983333333333334,WR,0.174496644295302,35.900000000000006,3.4642857142857144,,0.05399387698302254,0.76,0.05029013539651837,0.5973154362416108,,,CAR,2025,0.11323091698289334,30.0,False,,,0.4916666666666667,6,WR,,False,,False,True,False,,,,,,,
,,00-0034988,0.3841642228739003,TE,10.828571428571427,TE,0.16030534351145037,75.8,,,0.05094060452335659,0.5,0.07191780821917808,1.0229007633587786,,,NYG,2019,0.1435351354951167,22.0,False,,,0.74,7,TE,1.7608333333333333,True,True,False,False,False,0.0,,,,,,
0.74,,00-0034988,0.3249581239530988,TE,1.9466666666666665,TE,0.10824742268041238,29.2,,,0.010515516799179277,0.6,0.04233870967741935,0.5773195876288659,,,NYG,2020,0.07086892627555452,23.0,False,10.828571428571427,,0.4853333333333333,15,TE,1.5750000000000002,True,True,True,False,True,0.0,,,,,,
0.4853333333333333,,00-0034988,0.12612612612612611,TE,1.5750000000000002,TE,0.03571428571428571,6.300000000000001,10.828571428571427,,0.0053645452328700315,0.7,0.00546448087431694,0.39285714285714285,,,NYG,2021,0.011951902974484431,24.0,False,1.9466666666666665,,0.32,4,TE,,False,False,True,True,True,0.0,,,,,,
,,00-0035006,0.5652173913043478,WR,5.9071428571428575,WR,0.1476923076923077,82.7,,,0.11977340167251146,0.6,0.10126582278481013,0.9569230769230769,,,MIN,2019,0.23574011534797323,22.0,False,,,0.5205555555555555,14,WR,3.8777777777777778,True,True,False,False,False,,,,2.507047908598182,6.532195121951218,,
0.5205555555555555,,00-0035006,0.24310344827586206,WR,3.8777777777777778,WR,0.1347517730496454,34.9,,,0.05604796663190824,0.7,0.04025423728813559,1.3404255319148937,,,MIN,2020,0.09961493257453916,23.0,False,5.9071428571428575,,0.23375,9,WR,,False,False,True,False,True,,,,,,,
,,00-0035021,0.08089500860585198,WR,0.46249999999999997,WR,0.0425531914893617,3.6999999999999997,,,-0.0015278838808250573,0.6,0.004098360655737705,0.3617021276595745,,,IND,2019,0.0050780222670290176,22.0,False,,,0.11384615384615385,8,WR,1.891875,True,True,False,False,False,,,,,,,
0.11384615384615385,,00-0035021,0.052884615384615384,WR,0.9400000000000001,WR,0.18181818181818182,9.4,,,0.007294117647058823,0.7,0.010380622837370242,1.606060606060606,,,IND,2020,0.020676816608996538,23.0,False,0.46249999999999997,,0.12285714285714286,10,WR,3.546875,True,True,True,False,True,,,,,,,
0.12285714285714286,,00-0035021,0.2006861063464837,WR,2.84375,WR,0.18803418803418803,45.5,0.46249999999999997,,0.07715736040609138,0.8,0.043912175648702596,1.4786324786324787,,,IND,2021,0.11987841575731786,24.0,False,0.9400000000000001,,0.2982352941176471,16,WR,4.25,True,True,True,True,True,,,,,,,
0.2982352941176471,,00-0035021,0.1782608695652174,WR,4.25,WR,0.17886178861788618,42.5,0.9400000000000001,,0.06794284173631707,0.9,0.037996545768566495,1.6829268292682926,,,IND,2022,0.10455480786827168,25.0,False,2.84375,,0.2833333333333333,10,WR,1.4769230769230768,True,True,True,True,True,,,,,,,
0.19866666666666666,,00-0035021,0.128500823723229,WR,1.6666666666666667,WR,0.1282051282051282,20.0,,,0.036976363210858884,1.0,0.01890359168241966,1.358974358974359,,,IND,2025,0.05423884177123071,28.0,False,1.4769230769230768,,0.21333333333333335,12,WR,,False,,True,False,True,,,,,,,
,,00-0035022,0.029914529914529916,WR,0.64,WR,0.047619047619047616,3.2,,,-0.00020466639377814163,0.8,0.0017793594306049821,0.14285714285714285,,,SEA,2020,0.0025257726702627744,24.0,False,,,0.06999999999999999,5,WR,1.2113636363636364,True,True,False,False,False,,,,,,,
0.06999999999999999,,00-0035022,0.11929824561403508,WR,1.1727272727272728,WR,0.17647058823529413,12.9,,,0.024384736960939263,0.9,0.02536997885835095,0.8676470588235294,,,SEA,2021,0.05512428416018391,25.0,False,0.64,,0.13882352941176473,11,WR,1.25,True,True,True,False,True,,,,,,,
0.13882352941176473,,00-0035022,0.03017241379310345,WR,1.25,WR,0.19047619047619047,5.0,0.64,,0.006746463547334059,1.0,0.0068143100511073255,0.9523809523809523,,,SEA,2022,0.01494398955979483,26.0,False,1.1727272727272728,,0.05444444444444444,4,WR,,False,False,True,True,True,,,,,,,
,,00-0035025,0.1306715063520871,TE,4.86,TE,0.19444444444444445,24.3,,,0.029884409360022554,0.6,0.03023758099352052,1.4305555555555556,,,WAS,2019,0.06627545804229656,23.0,False,,,,5,TE,,False,False,False,False,False,0.0,,,,,,
,,00-0035039,0.135,TE,2.6833333333333336,TE,0.08641975308641975,16.1,,,0.01146067415730337,0.6,0.013565891472868217,0.6296296296296297,,,CLE,2019,0.028371309119414684,23.0,False,,,,6,TE,0.5857142857142856,True,True,False,False,False,0.0,,,,,,
,,00-0035039,0.051036682615629984,TE,0.5857142857142856,TE,0.0625,4.1,,,0.0,0.7,0.003780718336483932,0.34375,,,CLE,2020,0.005671077504725898,24.0,False,2.6833333333333336,,,7,TE,,False,False,True,False,False,0.0,,,,,,
,-13.594184807013898,00-0035040,0.30326594090202175,QB_pocket,11.072,QB,0.005128205128205128,55.36,,-0.22059482222328058,0.0026819923371647508,0.657,0.0018181818181818182,0.09743589743589744,-0.2568746682889127,188.0,DET,2019,0.004604667363288053,24.0,False,,188.0,,5,QB,,False,False,False,False,False,,-7.961214800504429,2.8757126436781606,,,,
,3.8662562831344767,00-0035100,0.41235632183908044,QB_pocket,16.04888888888889,QB,0.003484320557491289,144.44,,0.07259300017605895,-0.001873661670235546,0.828,0.0016891891891891893,-0.024390243902439025,0.08713461618093646,268.0,CIN,2023,0.0012222206146189018,27.0,False,,268.0,,9,QB,9.748000000000001,True,True,False,False,False,,3.286588940110221,2.7286131687242796,,,,
,0.3757050385077794,00-0035100,0.1988472622478386,QB_pocket,9.748000000000001,QB,0.0,48.74,16.04888888888889,-0.27516635140692314,0.0,0.942,0.0,0.0,-0.3947049521749235,134.0,CIN,2025,0.0,29.0,False,,134.0,0.734,5,QB,,False,,False,True,False,,,,,,,
,,00-0035120,0.1710758377425044,WR,4.05,WR,0.14432989690721648,24.3,,,0.03779335568424261,0.7,0.0288659793814433,1.3711340206185567,,,LV,2019,0.06975431805113477,23.0,False,,,,6,WR,,False,False,False,False,False,,,,,,,
,,00-0035126,0.3877840909090909,WR,6.644444444444445,WR,0.12454212454212454,59.800000000000004,,,0.07866402988354208,0.8,0.056291390728476824,0.7619047619047619,,,ARI,2021,0.1395019070111947,24.0,False,,,,9,WR,,False,False,False,False,False,,,,,,,
,,00-0035140,0.4368421052631579,WR,6.831578947368421,WR,0.14156626506024098,129.8,,,0.08811214272710723,0.5,0.07121212121212121,1.7078313253012047,,,KC,2019,0.16849668172715687,21.0,False,,,0.4189473684210526,19,WR,8.570394736842106,True,True,False,False,False,,,,,,,
0.4189473684210526,,00-0035140,0.4921968787515006,WR,8.215789473684211,WR,0.18292682926829268,156.1,,,0.1218582076616398,0.6,0.102880658436214,1.526829268292683,,,KC,2020,0.23962173301746886,22.0,False,6.831578947368421,,0.4594736842105263,19,WR,9.879166666666666,True,True,True,False,True,,,,3.408409829710322,6.343035714285713,,
0.4594736842105263,,00-0035140,0.5507246376811594,WR,8.925,WR,0.1862348178137652,178.5,6.831578947368421,,0.12368421052631579,0.7,0.12283044058744993,1.6477732793522266,,,KC,2021,0.2708246082495959,23.0,False,8.215789473684211,,0.5105000000000001,20,WR,7.536666666666667,True,True,True,True,True,,,,4.122586127723884,6.82927536231884,,
0.5105000000000001,,00-0035140,0.2476303317535545,WR,10.833333333333334,WR,0.17703349282296652,97.5,8.215789473684211,,0.056431212298112474,0.8,0.05196629213483146,1.4688995215311005,,,KC,2022,0.11745128681092593,24.0,False,8.925,,0.4977777777777778,9,WR,3.503333333333334,True,True,True,True,True,,,,,,,
0.4977777777777778,,00-0035140,0.16176470588235295,WR,4.24,WR,0.21678321678321677,42.4,8.925,,0.0505699481865285,0.9,0.04240766073871409,1.3006993006993006,,,KC,2023,0.09901045483864107,25.0,False,10.833333333333334,,0.23466666666666666,10,WR,2.766666666666667,True,True,True,True,True,,,,,,,
,-10.618916521598766,00-0035146,0.1215323645970938,QB_pocket,1.716,QB,0.0,8.58,,-0.33543182703305235,0.0,0.828,0.0,0.0,-0.4336786820975087,86.0,ARI,2022,0.0,27.0,False,,86.0,0.35833333333333334,5,QB,,False,False,False,False,False,,,,,,,
,,00-0035148,0.0881578947368421,RB,2.5230769230769234,RB,0.1791044776119403,32.800000000000004,,,-0.0023666484616785,0.825,0.01818181818181818,0.6417910447761194,,,KC,2019,0.02561607334955232,22.0,False,,,0.12533333333333332,13,RB,6.640000000000001,True,True,False,False,False,,,,,,,
0.12533333333333332,,00-0035148,0.056422569027611044,RB,6.640000000000001,RB,0.23404255319148937,33.2,,,-0.005026867741376321,1.0,0.015089163237311385,1.3829787234042554,,,KC,2020,0.019114937437003654,23.0,False,2.5230769230769234,,0.08687500000000001,5,RB,,False,False,True,False,True,,,,,,,
,,00-0035181,0.05070422535211268,WR,0.18333333333333335,WR,0.05555555555555555,1.1,,,0.0015105740181268882,0.8,0.0033277870216306157,0.027777777777777776,,,GB,2019,0.006049082345134745,24.0,False,,,,6,WR,1.2,True,True,False,False,False,,,,,,,
,,00-0035181,0.12650602409638553,WR,1.2,WR,0.09523809523809523,9.6,,,0.02577319587628866,0.9,0.013769363166953529,0.5476190476190477,,,GB,2020,0.03869528186383235,25.0,False,0.18333333333333335,,,8,WR,,False,False,True,False,False,,,,,,,
,,00-0035184,0.035868005738880916,RB,2.216666666666667,RB,0.36,13.3,,,0.0006327778949588694,1.0,0.015437392795883362,1.68,,,JAX,2020,0.02359903372029625,24.0,False,,,,6,RB,,False,False,False,False,False,,,,,,,
,,00-0035187,0.0381791483113069,RB,4.75,RB,0.11538461538461539,19.0,,,-0.0021231422505307855,1.0,0.005172413793103448,0.34615384615384615,,,NYJ,2021,0.006272421114283623,25.0,False,,,,4,RB,,False,False,False,False,False,,,,,,,
,,00-0035208,0.051047120418848166,WR,3.4166666666666665,WR,0.1282051282051282,20.5,,,0.012856344326439352,0.6,0.007692307692307693,2.948717948717949,,,ATL,2019,0.020537902566969087,22.0,False,,,0.11499999999999999,6,WR,5.663333333333334,True,True,False,False,False,,,,,,,
0.11499999999999999,,00-0035208,0.25726744186046513,WR,5.340000000000001,WR,0.1807909604519774,53.400000000000006,,,0.08459911555470102,0.7,0.05423728813559322,1.5480225988700564,,,ATL,2020,0.14057531309168053,23.0,False,3.4166666666666665,,0.4018181818181818,10,WR,6.430833333333333,True,True,True,False,True,,,,,,,
0.4018181818181818,,00-0035208,0.5981012658227848,WR,5.986666666666666,WR,0.1402116402116402,89.8,3.4166666666666665,,0.11930965482741371,0.8,0.0974264705882353,1.0740740740740742,,,ATL,2021,0.22965646426154254,24.0,False,5.340000000000001,,0.5829411764705883,15,WR,5.1000000000000005,True,True,True,True,True,,,,2.454409475956601,6.504000000000001,,
0.5829411764705883,,00-0035208,0.7459349593495935,WR,6.875,WR,0.16621253405994552,110.0,5.340000000000001,,0.18223350253807108,0.9,0.15326633165829145,1.452316076294278,,,ATL,2022,0.35746294926408695,25.0,False,5.986666666666666,,0.6994117647058824,16,WR,5.028289473684211,True,True,True,True,True,,,,3.3029839034497,6.684313725490195,,
0.6994117647058824,,00-0035208,0.4869942196531792,WR,3.3250000000000006,WR,0.06231454005934718,39.900000000000006,5.986666666666666,,0.045039303165498194,1.0,0.03770197486535009,0.5014836795252225,,,PHI,2023,0.08808047451387387,26.0,False,6.875,,0.4172222222222222,12,WR,6.318914473684211,True,True,True,True,True,,,,,,,
0.4495,,00-0035208,0.487248322147651,WR,5.90625,WR,0.19008264462809918,94.5,3.3250000000000006,,0.09320637245925655,1.0,0.11147011308562198,0.9090909090909091,,,CHI,2025,0.23244963034991253,28.0,False,6.731578947368422,,0.5027777777777778,16,WR,,False,,True,True,True,,,,3.463132481821427,6.349344262295082,,
,,00-0035215,0.06069802731411229,WR,1.5666666666666667,WR,0.175,23.5,,,0.009521358723623263,0.6,0.012048192771084338,1.85,,,NO,2019,0.02473724026316279,22.0,False,,,0.07133333333333333,15,WR,7.413286713286713,True,True,False,False,False,,,,,,,
0.07133333333333333,,00-0035215,0.2132921174652241,WR,5.972727272727273,WR,0.2391304347826087,65.7,,,0.033714126497631655,0.7,0.057692307692307696,1.9420289855072463,,,NO,2020,0.1101383500868037,23.0,False,1.5666666666666667,,0.26636363636363636,11,WR,4.839423076923076,True,True,True,False,True,,,,,,,
0.26636363636363636,,00-0035215,0.36363636363636365,WR,8.853846153846153,WR,0.2783018867924528,115.1,1.5666666666666667,,0.15979240644632614,0.8,0.12526539278131635,2.688679245283019,,,NO,2021,0.29975277368440284,24.0,False,5.972727272727273,,0.36076923076923073,13,WR,1.7374999999999998,True,True,True,True,True,,,,3.629111707167015,7.182592592592592,,
0.36076923076923073,,00-0035215,0.028268551236749116,WR,0.825,WR,0.125,3.3,5.972727272727273,,0.0011314777098891152,0.9,0.004081632653061225,0.8125,,,NO,2022,0.006914483376514218,25.0,False,8.853846153846153,,0.0875,4,WR,1.325,True,True,True,True,True,,,,,,,
0.0875,,00-0035215,0.1727891156462585,WR,2.65,WR,0.18110236220472442,47.699999999999996,8.853846153846153,,0.046220133176654916,1.0,0.03758169934640523,1.4724409448818898,,,BUF,2023,0.08872664224326628,26.0,False,0.825,,0.14555555555555555,18,WR,0.0,True,True,True,True,True,,,,,,,
,,00-0035216,0.7526690391459074,WR,10.31875,WR,0.21749408983451538,165.1,,,0.21693257848687597,0.7,0.1908713692946058,1.607565011820331,,,PIT,2019,0.43815985888272185,23.0,False,,,0.661875,16,WR,16.19724264705882,True,True,False,False,False,,,,3.6215482294352785,6.091304347826085,,
0.661875,,00-0035216,0.7853333333333333,WR,15.40625,WR,0.27164685908319186,246.5,,,0.2545699441985761,0.8,0.22253129346314326,1.765704584040747,,,PIT,2020,0.5119959011337182,24.0,False,10.31875,,0.72625,16,WR,13.808823529411764,True,True,True,False,True,,,,3.16699427028552,5.420699300699301,,
0.72625,,00-0035216,0.8682476943346509,WR,16.988235294117647,WR,0.2716236722306525,288.8,10.31875,,0.32559121621621623,0.9,0.2582972582972583,1.8133535660091047,,,PIT,2021,0.6153597387972388,25.0,False,15.40625,,0.9058823529411765,17,WR,11.296848739495797,True,True,True,True,True,,,,3.1734949230497023,4.6364024390243905,,
0.9058823529411765,,00-0035216,0.9580745341614907,WR,10.629411764705882,WR,0.23824959481361427,180.7,15.40625,,0.34044969339086983,1.0,0.279467680608365,1.4294975688816856,,,PIT,2022,0.6575163062861564,26.0,False,16.988235294117647,,0.8976470588235294,17,WR,9.786309523809523,True,True,True,True,True,,,,2.820296642406143,5.304652777777778,,
0.8976470588235294,,00-0035216,0.6622950819672131,WR,11.964285714285714,WR,0.23267326732673269,167.5,16.988235294117647,,0.31038107752956634,1.0,0.19301848049281314,1.8935643564356435,,,PIT,2023,0.5067944750099161,27.0,False,10.629411764705882,,0.7214285714285714,14,WR,7.608333333333333,True,True,True,True,True,,,,2.9033799106617955,6.955529411764705,,
,,00-0035217,0.06761565836298933,RB,5.263636363636365,RB,0.10526315789473684,57.900000000000006,,,-0.000514668039114771,0.65,0.008298755186721992,0.6052631578947368,,,PIT,2019,0.012087865152702649,21.0,True,,,0.21230769230769228,11,RB,2.9602941176470594,True,True,False,False,False,,,,,,0.4815854586861496,39.81481481481482
0.21230769230769228,,00-0035217,0.20266666666666666,RB,4.8500000000000005,RB,0.10526315789473684,77.60000000000001,,,-0.0050028862805464695,0.825,0.022253129346314324,0.4276315789473684,,,PIT,2020,0.02987767362308896,22.0,True,5.263636363636365,,0.25176470588235295,16,RB,1.5741830065359477,True,True,True,False,True,,,,,,-0.39112310083737767,29.72972972972973
0.25176470588235295,,00-0035217,0.10540184453227931,RB,1.0705882352941178,RB,0.075,18.200000000000003,5.263636363636365,,-0.0004222972972972973,1.0,0.008658008658008658,0.3625,,,PIT,2021,0.01269140487890488,23.0,True,4.8500000000000005,,0.10055555555555556,17,RB,2.0777777777777775,True,True,True,True,True,,,,,,,
0.10055555555555556,,00-0035217,0.029503105590062112,RB,2.0777777777777775,RB,0.10526315789473684,18.7,4.8500000000000005,,-0.0002271178741766977,1.0,0.0038022813688212928,0.8947368421052632,,,PIT,2022,0.005544439541308251,24.0,False,1.0705882352941178,,0.03705882352941176,9,RB,,False,False,True,True,True,,,,,,,
,,00-0035222,0.31225296442687744,TE,3.909090909090909,TE,0.12236286919831224,43.0,,,0.01879222972972973,0.8,0.04184704184704185,0.8438818565400844,,,PIT,2021,0.07592512358137357,25.0,False,,,0.4138888888888889,11,TE,2.3000000000000003,True,True,False,False,False,1.0,,,,,,
0.4138888888888889,,00-0035222,0.36490683229813664,TE,2.3000000000000003,TE,0.09787234042553192,32.2,,,0.014535543947308653,0.9,0.043726235741444866,0.5617021276595745,,,PIT,2022,0.07576423437528336,26.0,False,3.909090909090909,,0.49588235294117644,14,TE,,False,False,True,False,True,1.0,,,,,,
,-1.5165669659811938,00-0035228,0.9748822605965463,QB_dual_threat,17.83,QB,0.0,285.28,,-0.01569935636112483,0.0,0.6,0.0,0.0,-0.015928079233116073,589.0,ARI,2019,0.0,22.0,True,,589.0,0.963125,16,QB,21.987625,True,True,False,False,False,,-2.7723785173628954,2.7276765799256504,,,,
0.963125,2.2246880569692813,00-0035228,0.9710365853658537,QB_dual_threat,23.67125,QB,0.0,378.74,,0.02651542932456813,0.0,0.7,0.0,0.0,0.02834480736237184,579.0,ARI,2020,0.0,23.0,True,17.83,579.0,0.965625,16,QB,19.266545454545454,True,True,True,False,True,,1.9421405429320941,2.7374545454545456,,,,
0.965625,2.8737195724188678,00-0035228,0.8252840909090909,QB_dual_threat,20.304,QB,0.0,304.56,17.83,0.05699557888092288,0.0,0.8,0.0,0.012048192771084338,0.06910631451952326,550.0,ARI,2021,0.0,24.0,True,23.67125,550.0,0.9746666666666666,15,QB,18.262045454545458,True,True,True,True,True,,3.28272008056328,2.773259875259875,,,,
0.9746666666666666,-0.8062973137824766,00-0035228,0.5891677675033025,QB_dual_threat,18.22909090909091,QB,0.0,200.52,23.67125,-0.03089280178325422,0.0,0.9,0.0,0.0,-0.040677014059866845,418.0,ARI,2022,0.0,25.0,True,20.304,418.0,0.9018181818181819,11,QB,17.88985294117647,True,True,True,True,True,,-1.1423431279567495,2.6532687338501297,,,,
0.9018181818181819,-2.2770895928371955,00-0035228,0.48194662480376765,QB_dual_threat,18.295,QB,0.0,146.36,20.304,-0.04689884186837222,0.0,1.0,0.0,0.0,-0.05723939012837234,289.0,ARI,2023,0.0,26.0,True,18.22909090909091,289.0,0.98625,8,QB,16.52035294117647,True,True,True,True,True,,-2.941961761619609,2.799786516853933,,,,
0.9711764705882354,-0.5287806509406703,00-0035228,0.2576769025367156,QB_dual_threat,15.556000000000001,QB,0.0,77.78,18.295,0.021037464759137797,0.0,1.0,0.0,0.0,0.032319723874228296,177.0,ARI,2025,0.0,28.0,True,17.48470588235294,177.0,0.9879999999999999,5,QB,,False,,True,True,True,,-0.9986956521739074,2.6834037267080744,,,,
,,00-0035229,0.49611197511664074,TE,6.7250000000000005,TE,0.18495297805642633,80.7,,,0.0871647509578544,0.5,0.10727272727272727,1.1504702194357366,,,DET,2019,0.22192441657958897,22.0,False,,,0.6316666666666667,12,TE,11.532291666666667,True,True,False,False,False,0.0,,,2.322400104786847,5.8376,,
0.6316666666666667,,00-0035229,0.7758887171561051,TE,10.95625,TE,0.20119521912350596,175.3,,,0.14504596527068436,0.6,0.1806797853309481,1.4402390438247012,,,DET,2020,0.3725518536859012,23.0,False,6.7250000000000005,,0.734375,16,TE,12.729166666666668,True,True,True,False,True,0.0,,,3.3251237850143958,5.689506172839506,,
0.734375,,00-0035229,0.6481481481481481,TE,12.108333333333334,TE,0.2,145.3,6.7250000000000005,,0.16657652785289345,0.7,0.15162454873646208,1.388095238095238,,,DET,2021,0.34404039260171854,24.0,False,10.95625,,0.8391666666666667,12,TE,13.975000000000001,True,True,True,True,True,0.0,,,2.81207574444901,6.1909230769230765,,
0.8391666666666667,,00-0035229,0.8687258687258688,TE,13.350000000000001,TE,0.2074074074074074,240.3,10.95625,,0.21025334131258727,0.8,0.20958083832335328,1.5451851851851852,,,MIN,2022,0.461548596403841,25.0,False,12.108333333333334,,0.8466666666666667,18,TE,12.022727272727273,True,True,True,True,True,0.0,,,2.9569193913618492,6.253211009174311,,
0.8466666666666667,,00-0035229,0.7485955056179775,TE,14.6,TE,0.23827392120075047,219.0,12.108333333333334,,0.2031640299750208,0.9,0.21273031825795644,1.801125703564728,,,MIN,2023,0.46131029836944926,26.0,False,13.350000000000001,,0.7906666666666666,15,TE,8.482727272727272,True,True,True,True,True,0.0,,,3.0763958807720653,5.983300970873788,,
0.6127272727272728,,00-0035229,0.7829861111111112,TE,7.52,TE,0.14634146341463414,112.8,14.6,,0.08834586466165413,1.0,0.14163090128755365,0.9711751662971175,,,MIN,2025,0.27428845719448836,28.0,False,9.445454545454545,,0.7793333333333333,15,TE,,False,,True,True,True,0.0,,,3.75453022718054,6.199333333333333,,
,-4.654336887962964,00-0035232,0.4500907441016334,QB_pocket,8.522222222222222,QB,0.0,76.7,,-0.16910050800757653,0.0,0.543,0.0,0.0,-0.22162499620526807,234.0,WAS,2019,0.0,22.0,False,,234.0,0.8288888888888889,9,QB,9.737142857142857,True,True,False,False,False,,-4.3937437089499625,2.8733960396039606,,,,
0.8288888888888889,-5.4902290559222555,00-0035232,0.3729281767955801,QB_pocket,9.737142857142857,QB,0.0,68.16,,-0.13498466436755527,0.0,0.6,0.0,0.0,-0.16930568171398358,262.0,WAS,2020,0.0,23.0,False,8.522222222222222,262.0,0.8771428571428571,7,QB,,False,False,True,False,True,,-7.018519183659457,2.552485477178423,,,,
,,00-0035243,0.5724233983286908,RB,13.494117647058824,RB,0.1654501216545012,229.4,,,0.027474747474747475,0.825,0.10810810810810811,1.2579075425790753,,,PHI,2019,0.1813944853944854,22.0,True,,,0.5370588235294117,17,RB,11.830769230769231,True,True,False,False,False,,,,,,-0.3126616061276237,12.290502793296088
0.5370588235294117,,00-0035243,0.5104311543810849,RB,14.200000000000001,RB,0.14168937329700274,170.4,,,0.01876728565784275,1.0,0.09269162210338681,0.5367847411444142,,,PHI,2020,0.15217453311557014,23.0,True,13.494117647058824,,0.7058333333333334,12,RB,10.850769230769231,True,True,True,False,True,,,,,,0.050669084965055775,8.536585365853659
0.7058333333333334,,00-0035243,0.3682539682539683,RB,9.461538461538463,RB,0.15948275862068967,123.00000000000001,13.494117647058824,,-0.003170289855072464,1.0,0.07254901960784314,0.7327586206896551,,,PHI,2021,0.10660432651321398,24.0,True,14.200000000000001,,0.5238461538461539,13,RB,8.8575,True,True,True,True,True,,,,,,0.27446168825319217,10.218978102189782
0.5238461538461539,,00-0035243,0.463245492371706,RB,12.24,RB,0.08383233532934131,244.8,14.200000000000001,,0.004578936890304599,1.0,0.04770017035775128,0.24251497005988024,,,PHI,2022,0.07475551135984014,25.0,True,9.461538461538463,,0.5365,20,RB,6.251136363636364,True,True,True,True,True,,,,,,0.3653356861146395,18.146718146718147
0.5365,,00-0035243,0.3654970760233918,RB,5.4750000000000005,RB,0.164,87.60000000000001,9.461538461538463,,0.005651105651105651,1.0,0.07677902621722846,0.616,,,CAR,2023,0.11912431328161664,26.0,True,12.24,,0.369375,16,RB,6.851136363636364,True,True,True,True,True,,,,,,-0.41969197892223775,9.30232558139535
0.3336363636363636,,00-0035243,0.05240174672489083,RB,6.675000000000001,RB,0.2222222222222222,26.700000000000003,5.4750000000000005,,-0.0028426395939086294,0.56,0.013179571663920923,0.8333333333333334,,,DAL,2025,0.017779509780145347,28.0,True,7.027272727272728,,0.215,4,RB,,False,,True,True,True,,,,,,,
,,00-0035246,0.435933147632312,WR,3.6555555555555554,WR,0.07028753993610223,32.9,,,0.07393939393939394,0.7,0.034976152623211444,0.5399361022364217,,,PHI,2019,0.10422180469239292,23.0,False,,,0.3870588235294118,9,WR,1.8499999999999999,True,True,False,False,False,,,,,,,
0.3870588235294118,,00-0035246,0.1070931849791377,WR,2.9,WR,0.1038961038961039,14.5,,,0.02390359541683129,0.8,0.0142602495543672,1.103896103896104,,,PHI,2020,0.038122891123332704,24.0,False,3.6555555555555554,,0.24875,5,WR,0.7999999999999999,True,True,True,False,True,,,,,,,
0.24875,,00-0035246,0.10476190476190476,WR,0.7999999999999999,WR,0.07575757575757576,5.6,3.6555555555555554,,0.009284420289855072,0.9,0.00980392156862745,0.5454545454545454,,,PHI,2021,0.021204976555839725,25.0,False,2.9,,0.155,7,WR,,False,False,True,True,True,,,,,,,
,,00-0035249,0.12133333333333333,TE,1.4181818181818182,TE,0.16483516483516483,15.600000000000001,,,0.024394966118102615,0.7,0.025380710659898477,0.7252747252747253,,,BAL,2021,0.05514754227251955,24.0,False,,,0.15285714285714286,11,TE,3.8000000000000003,True,True,False,False,False,0.0,,,,,,
0.15285714285714286,,00-0035249,0.33444259567387685,TE,3.5,TE,0.13432835820895522,45.5,,,0.055362462760675274,0.8,0.05476673427991886,0.8706467661691543,,,BAL,2022,0.12090382535235099,25.0,False,1.4181818181818182,,0.4861111111111111,13,TE,4.638461538461538,True,True,True,False,True,0.0,,,,,,
0.4861111111111111,,00-0035249,0.2907303370786517,TE,4.1000000000000005,TE,0.13526570048309178,53.300000000000004,1.4181818181818182,,0.01498751040799334,0.9,0.04690117252931323,1.0289855072463767,,,MIN,2023,0.08084301607956519,26.0,False,3.5,,0.4158823529411765,13,TE,4.880128205128205,True,True,True,True,True,0.0,,,,,,
0.53625,,00-0035249,0.2743055555555556,TE,4.583333333333333,TE,0.12025316455696203,55.0,4.1000000000000005,,0.017185821697099892,1.0,0.0407725321888412,1.0126582278481013,,,MIN,2025,0.07318887347123172,28.0,False,5.176923076923076,,0.458,12,TE,,False,,True,True,True,0.0,,,,,,
,,00-0035250,0.5591397849462365,RB,12.86923076923077,RB,0.13186813186813187,167.3,,,0.01464307504575961,0.825,0.09108159392789374,0.7417582417582418,,,BUF,2019,0.14687254342387235,22.0,True,,,0.6830769230769231,13,RB,10.515789473684212,True,True,False,False,False,,,,,,0.40259145510848143,5.298013245033113
0.6830769230769231,,00-0035250,0.6207332490518331,RB,8.542105263157895,RB,0.12016293279022404,162.3,,,0.009665055824029328,1.0,0.08625730994152046,0.6374745417515275,,,BUF,2020,0.13615150398910122,23.0,True,12.86923076923077,,0.5926315789473684,19,RB,11.630847953216374,True,True,True,False,True,,,,,,0.24443817138980625,4.487179487179487
0.5926315789473684,,00-0035250,0.6546134663341646,RB,12.489473684210527,RB,0.11238095238095239,237.3,12.86923076923077,,-0.0025853154084798345,1.0,0.08638360175695461,0.5066666666666667,,,BUF,2021,0.12776568184949605,24.0,True,8.542105263157895,,0.6221052631578947,19,RB,10.526637426900585,True,True,True,True,True,,,,,,0.08996062826656602,13.829787234042554
0.6221052631578947,,00-0035250,0.6618037135278515,RB,10.772222222222222,RB,0.12024048096192384,193.9,8.542105263157895,,-0.000165809981760902,1.0,0.09554140127388536,0.6352705410821643,,,BUF,2022,0.14319603492359542,25.0,True,12.489473684210527,,0.6411111111111111,18,RB,8.360526315789475,True,True,True,True,True,,,,,,0.16363061200527146,20.33898305084746
0.6411111111111111,,00-0035250,0.5448275862068965,RB,10.281052631578948,RB,0.1189873417721519,195.34,12.489473684210527,,0.0057227247553996675,1.0,0.07768595041322314,0.620253164556962,,,HOU,2023,0.12053483294861449,26.0,True,10.772222222222222,,0.5736842105263158,19,RB,6.42,True,True,True,True,True,,,,,,0.15451809050589752,23.14814814814815
0.3893333333333333,,00-0035250,0.24681528662420382,RB,6.3999999999999995,RB,0.12258064516129032,108.8,10.281052631578948,,-0.0027829313543599257,0.56,0.03777335984095427,0.9741935483870968,,,NYG,2025,0.05471198781337946,28.0,True,6.44,,0.27647058823529413,17,RB,,False,,True,True,True,,,,,,-0.1821726108242354,31.092436974789916
,,00-0035259,0.09385665529010238,TE,1.1500000000000001,TE,0.05454545454545454,6.9,,,0.0019846192011907715,0.7,0.006097560975609756,0.8545454545454545,,,NYJ,2019,0.010535574904248175,24.0,False,,,0.213125,6,TE,0.8125,True,True,False,False,False,1.0,,,,,,
,,00-0035259,0.09985315712187959,TE,0.8125,TE,0.07352941176470588,6.5,1.1500000000000001,,0.0007077140835102619,0.9,0.008620689655172414,0.5147058823529411,,,NYJ,2021,0.013426434341215803,26.0,False,,,0.23666666666666666,8,TE,0.8083333333333333,True,True,False,True,False,1.0,,,,,,
0.23666666666666666,,00-0035259,0.10588235294117647,TE,1.1,TE,0.07407407407407407,6.6000000000000005,,,0.007225887527489789,1.0,0.0111731843575419,0.48148148148148145,,,CHI,2022,0.0218178978055557,27.0,False,0.8125,,0.2007142857142857,6,TE,0.5166666666666667,True,True,True,False,True,1.0,,,,,,
0.2007142857142857,,00-0035259,0.2482758620689655,TE,0.5166666666666667,TE,0.020833333333333332,3.1,0.8125,,0.002881205673758865,1.0,0.006289308176100629,0.14583333333333334,,,TEN,2023,0.01145080623578215,28.0,False,1.1,,0.452,6,TE,,False,False,True,True,True,1.0,,,,,,
,,00-0035261,0.13862928348909656,RB,6.371428571428572,RB,0.2247191011235955,89.2,,,-0.0033626004109844946,0.825,0.034722222222222224,1.202247191011236,,,DAL,2019,0.04972951304564419,22.0,True,,,0.18733333333333332,14,RB,9.0,True,True,False,False,False,,,,,,1.08808295983435,12.790697674418606
0.18733333333333332,,00-0035261,0.3319268635724332,RB,7.550000000000001,RB,0.1694915254237288,120.80000000000001,,,-0.003077599472411519,1.0,0.06493506493506493,0.8177966101694916,,,DAL,2020,0.09524827777190933,23.0,True,6.371428571428572,,0.32875,16,RB,12.61388888888889,True,True,True,False,True,,,,,,0.12820428312644963,21.782178217821784
0.32875,,00-0035261,0.28891820580474936,RB,10.450000000000001,RB,0.2191780821917808,167.20000000000002,6.371428571428572,,0.0011131725417439704,1.0,0.07090103397341212,1.5936073059360731,,,DAL,2021,0.10713077173933895,24.0,True,7.550000000000001,,0.348125,16,RB,14.169444444444444,True,True,True,True,True,,,,,,0.8147519774275122,16.153846153846153
0.348125,,00-0035261,0.48525073746312686,RB,14.777777777777779,RB,0.18541033434650456,266.0,7.550000000000001,,0.01457958857599361,1.0,0.0993485342019544,1.1975683890577509,,,DAL,2022,0.15922851330612714,25.0,True,10.450000000000001,,0.508888888888889,18,RB,13.052430555555556,True,True,True,True,True,,,,,,1.1718010477312062,22.279792746113987
0.508888888888889,,00-0035261,0.7241379310344828,RB,13.561111111111112,RB,0.1391941391941392,244.10000000000002,10.450000000000001,,0.007851397931826886,1.0,0.11463046757164404,0.6227106227106227,,,DAL,2023,0.17744167990974488,26.0,True,14.777777777777779,,0.706111111111111,18,RB,11.736580882352943,True,True,True,True,True,,,,,,-0.16139468680076496,11.11111111111111
0.678125,,00-0035261,0.5624036979969184,RB,10.929411764705883,RB,0.11232876712328767,185.8,13.561111111111112,,0.0030596634370219276,0.56,0.07750472589792061,0.5643835616438356,,,TEN,2025,0.11839885325279625,28.0,True,12.543750000000001,,0.6247058823529412,17,RB,,False,,True,True,True,,,,,,0.4677236235972913,23.140495867768596
,-11.441182462792648,00-0035264,0.0998003992015968,QB_pocket,2.588,QB,0.0,12.94,,-0.3124208432529262,0.0,0.657,0.0,0.0,-0.39728185123506893,48.0,NE,2020,0.0,24.0,False,,48.0,0.284,5,QB,,False,False,False,False,False,,,,,,,
,,00-0035268,0.14616497829232997,RB,3.6571428571428575,RB,0.2376237623762376,51.2,,,0.010333489901362142,1.0,0.042704626334519574,1.4257425742574257,,,JAX,2019,0.07129038243273286,23.0,False,,,0.135625,14,RB,,False,False,False,False,False,,,,,,,
,,00-0035273,0.041884816753926704,RB,5.116666666666666,RB,0.0625,30.7,,,0.0005589714924538849,1.0,0.003076923076923077,0.21875,,,ATL,2019,0.005006664660102334,23.0,False,,,0.08875,6,RB,3.2833333333333337,True,True,False,False,False,,,,,,,
,,00-0035273,0.06962025316455696,RB,3.2833333333333337,RB,0.13636363636363635,19.700000000000003,5.116666666666666,,0.0,1.0,0.011029411764705883,0.2727272727272727,,,ATL,2021,0.016544117647058824,25.0,False,,,0.15375,6,RB,,False,False,False,True,False,,,,,,,
,-4.807692722103299,00-0035282,0.2751396648044693,QB_pocket,13.512,QB,0.0,67.56,,-0.13458385375348153,0.0,0.885,0.0,0.0,-0.17165825083881664,187.0,LAC,2023,0.0,28.0,False,,187.0,0.908,5,QB,,False,False,False,False,False,,-1.8855958213580024,2.8234161849710984,,,,
,,00-0035287,0.3783359497645212,WR,4.6,WR,0.17427385892116182,46.0,,,0.09916939340548704,0.7,0.07939508506616257,0.7759336099585062,,,ARI,2019,0.18851120298308477,23.0,False,,,0.5269999999999999,10,WR,4.0375000000000005,True,True,False,False,False,,,,,,,
0.5269999999999999,,00-0035287,0.20884146341463414,WR,4.0375000000000005,WR,0.1678832116788321,32.300000000000004,,,0.05767012687427912,0.8,0.0423572744014733,1.2627737226277371,,,ARI,2020,0.10390500041420533,24.0,False,4.6,,0.41374999999999995,8,WR,,False,False,True,False,True,,,,,,,
,-3.83956400954274,00-0035289,0.8075253256150506,QB_pocket,16.374285714285715,QB,0.0,229.24,,-0.034001103446067674,0.0,0.6,0.0,0.0,-0.03211773059634208,507.0,JAX,2019,0.0,23.0,False,,507.0,0.9578571428571429,14,QB,17.85111111111111,True,True,False,False,False,,-4.759830299051515,2.851820895522388,,,,
0.9578571428571429,4.274421293758651,00-0035289,0.5494978479196556,QB_pocket,17.85111111111111,QB,0.0026109660574412533,160.66,,0.04806040717957774,-0.0016874077198903185,0.657,0.0017152658662092624,0.0,0.05033877614043112,357.0,JAX,2020,0.0013917133953906704,24.0,False,16.374285714285715,357.0,0.9488888888888888,9,QB,6.103333333333334,True,True,True,False,True,,3.3588698595215476,2.7672607361963197,,,,
,-1.7784587400300162,00-0035289,0.11650485436893204,QB_pocket,6.103333333333334,QB,0.0,36.620000000000005,17.85111111111111,0.06192005301975054,0.0,0.771,0.0,0.0,0.0960791846283437,81.0,PHI,2022,0.0,26.0,False,,81.0,0.35714285714285715,6,QB,10.94725,True,True,False,True,False,,,,,,,
0.35714285714285715,-3.276565049284248,00-0035289,0.845679012345679,QB_pocket,12.262500000000001,QB,0.0,196.20000000000002,,-0.01858661087376802,0.0,0.828,0.0,0.0,-0.01250987960845039,527.0,IND,2023,0.0,27.0,False,6.103333333333334,527.0,0.8435294117647059,16,QB,4.776000000000001,True,True,True,False,True,,-1.5642817390664447,2.7341408163265313,,,,
0.865,-20.530454949899152,00-0035289,0.02023121387283237,QB_pocket,-0.08000000000000007,QB,0.0,-0.3200000000000003,12.262500000000001,-0.4069973739905696,0.0,0.942,0.0,0.0,-0.49343715591553167,13.0,KC,2025,0.0,29.0,False,9.632000000000001,13.0,0.1675,4,QB,,False,,True,True,True,,,,,,,
,,00-0035291,0.04141104294478527,RB,3.616666666666667,RB,0.18518518518518517,21.700000000000003,,,-0.002386117136659436,1.0,0.0088339222614841,1.1111111111111112,,,CIN,2020,0.011580601396564544,23.0,False,,,0.098,6,RB,1.2125,True,True,False,False,False,,,,,,,
0.098,,00-0035291,0.016229712858926344,RB,1.625,RB,0.15384615384615385,6.5,,,-0.001339969372128637,1.0,0.0029585798816568047,0.3076923076923077,,,CIN,2021,0.0034998912619951614,24.0,False,3.616666666666667,,0.122,4,RB,0.8656250000000001,True,True,True,False,True,,,,,,,
0.122,,00-0035291,0.02702702702702703,RB,0.8,RB,0.13636363636363635,8.0,3.616666666666667,,0.004134794293983874,1.0,0.004316546762589928,1.3636363636363635,,,CIN,2022,0.009369176149673603,25.0,False,1.625,,0.04727272727272727,10,RB,0.465625,True,True,True,True,True,,,,,,,
0.04727272727272727,,00-0035291,0.17097701149425287,RB,0.93125,RB,0.07563025210084033,14.9,1.625,,-0.007494646680942184,1.0,0.015202702702702704,0.08403361344537816,,,CIN,2023,0.01755780137739453,26.0,False,0.8,,0.1476470588235294,16,RB,1.425,True,True,True,True,True,,,,,,,
0.007058823529411764,,00-0035291,0.09953343701399689,RB,2.85,RB,0.140625,17.1,0.93125,,-0.00947075208913649,0.56,0.01727447216890595,0.859375,,,CLE,2025,0.019282181790963384,28.0,False,0.0,,0.20714285714285713,6,RB,,False,,True,True,True,,,,,,,
,,00-0035297,0.5390199637023594,WR,4.462666666666666,WR,0.14814814814814814,66.94,,,0.14152805187482378,0.7,0.09503239740820735,1.228956228956229,,,WAS,2019,0.24161823242468766,23.0,False,,,0.50375,15,WR,,False,False,False,False,False,,,,2.420682406867723,6.402999999999999,,
,,00-0035298,0.19214586255259467,WR,4.511111111111111,WR,0.1897810218978102,40.6,,,0.0727130570758405,0.6,0.0429042904290429,1.4598540145985401,,,TB,2019,0.1152555755966527,22.0,False,,,0.24700000000000003,9,WR,5.211111111111111,True,True,False,False,False,,,,,,,
0.24700000000000003,,00-0035298,0.43125,WR,6.722222222222222,WR,0.17101449275362318,121.0,,,0.13264714409973904,0.7,0.07972972972972973,1.6840579710144927,,,TB,2020,0.21244759546441191,23.0,False,4.511111111111111,,0.366,18,WR,3.6125000000000003,True,True,True,False,True,,,,3.437165888203161,6.188,,
0.366,,00-0035298,0.17960602549246812,WR,3.7,WR,0.1032258064516129,29.6,4.511111111111111,,0.028222013170272814,0.8,0.01987577639751553,0.5419354838709678,,,TB,2021,0.04956907381546426,24.0,False,6.722222222222222,,0.26636363636363636,8,WR,3.5397727272727275,True,True,True,True,True,,,,,,,
0.26636363636363636,,00-0035298,0.22860492379835873,WR,3.5250000000000004,WR,0.20512820512820512,42.300000000000004,6.722222222222222,,0.09490268767377201,0.9,0.050955414012738856,0.9487179487179487,,,TB,2022,0.14286500239074867,25.0,False,3.7,,0.2325,12,WR,2.768939393939394,True,True,True,True,True,,,,,,,
0.2325,,00-0035298,0.21287128712871287,WR,3.5545454545454547,WR,0.12403100775193798,39.1,3.7,,0.046539379474940336,1.0,0.031683168316831684,1.248062015503876,,,ATL,2023,0.08010231810770577,26.0,False,3.5250000000000004,,0.23470588235294118,11,WR,2.5116666666666667,True,True,True,True,True,,,,,,,
0.25,,00-0035298,0.167192429022082,WR,3.04,WR,0.1320754716981132,15.200000000000001,3.5545454545454547,,0.02156805596036141,1.0,0.025547445255474453,0.5849056603773585,,,PIT,2025,0.053418807055464666,28.0,False,1.9833333333333334,,0.18785714285714286,5,WR,,False,,True,True,True,,,,,,,
,,00-0035304,0.00546448087431694,RB,0.0,RB,0.0,0.0,,,0.0,1.0,0.0,0.0,,,HOU,2019,0.0,24.0,False,,,0.017777777777777778,8,RB,0.2,True,True,False,False,False,,,,,,,
0.017777777777777778,,00-0035304,0.0030211480362537764,RB,0.4,RB,0.5,1.6,,,-0.0004253509145044662,1.0,0.0019047619047619048,3.0,,,HOU,2020,0.0025593972169897306,25.0,False,0.0,,0.017142857142857144,4,RB,0.0,True,True,True,False,True,,,,,,,
0.017142857142857144,,00-0035304,0.0015015015015015015,RB,0.0,FB,0.0,0.0,0.0,,0.0,1.0,0.0,0.0,,,NYG,2021,0.0,26.0,False,0.4,,0.004,4,RB,0.0,True,True,True,True,True,,,,,,,
0.004,,00-0035304,,RB,0.0,FB,,0.0,0.4,,0.0,0.78,0.0,,,,SEA,2022,0.0,27.0,False,0.0,,0.0,4,RB,,False,False,True,True,True,,,,,,,
,,00-0035308,0.10445468509984639,TE,3.8800000000000003,TE,0.19117647058823528,19.400000000000002,,,0.023998372991661583,0.7,0.024667931688804556,1.6764705882352942,,,BUF,2019,0.05380075862736994,24.0,False,,,0.31666666666666665,5,TE,2.7714285714285714,True,True,False,False,False,0.0,,,,,,
,,00-0035308,0.16957605985037408,TE,2.7714285714285714,TE,0.08823529411764706,19.4,3.8800000000000003,,0.011892450879007239,0.9,0.017569546120058566,0.3235294117647059,,,BUF,2021,0.034679034795392916,26.0,False,,,0.3038461538461539,7,TE,,False,False,False,True,False,0.0,,,,,,
,,00-0035311,0.11576011157601115,RB,4.485714285714286,RB,0.14457831325301204,31.4,,,0.00037030179596371043,0.825,0.019933554817275746,0.6144578313253012,,,MIA,2019,0.030159543483088216,22.0,False,,,0.24285714285714285,7,RB,13.315882352941177,True,True,False,False,False,,,,,,,
0.24285714285714285,,00-0035311,0.43106180665610144,RB,16.42,RB,0.17279411764705882,164.20000000000002,,,0.002349624060150376,1.0,0.08623853211009175,1.4264705882352942,,,MIA,2020,0.13100253500724288,23.0,True,4.485714285714286,,0.697,10,RB,10.211764705882352,True,True,True,False,True,,,,,,0.13876391765353446,23.239436619718308
0.697,,00-0035311,0.5173913043478261,RB,10.211764705882352,RB,0.17647058823529413,173.6,4.485714285714286,,0.007213706041478809,1.0,0.10535117056856187,0.6554621848739496,,,MIA,2021,0.16307635008187799,24.0,True,16.42,,0.49352941176470594,17,RB,,False,False,True,True,True,,,,,,-0.6738895251534105,16.184971098265898
,,00-0035329,0.18958031837916064,TE,3.9909090909090907,TE,0.15267175572519084,43.9,,,0.03779697624190065,0.6,0.033112582781456956,1.213740458015267,,,LAC,2020,0.07612675754151589,23.0,False,,,0.24461538461538462,11,TE,4.7906593406593405,True,True,False,False,False,0.0,,,,,,
0.24461538461538462,,00-0035329,0.2683578104138852,TE,4.538461538461538,TE,0.13432835820895522,59.0,,,0.024355877616747183,0.7,0.04122137404580153,0.945273631840796,,,LAC,2021,0.07888117540042532,24.0,False,3.9909090909090907,,0.4114285714285714,13,TE,5.360714285714286,True,True,True,False,True,0.0,,,,,,
0.4114285714285714,,00-0035329,0.11678832116788321,TE,5.042857142857143,TE,0.17708333333333334,35.3,3.9909090909090907,,0.03459601488942413,0.8,0.023319615912208505,1.59375,,,LAC,2022,0.05919663429090965,25.0,False,4.538461538461538,,0.34142857142857147,7,TE,5.678571428571429,True,True,True,True,True,0.0,,,,,,
0.34142857142857147,,00-0035329,0.39106145251396646,TE,5.678571428571429,TE,0.14642857142857144,79.5,4.538461538461538,,0.06660861993905094,0.9,0.06677524429967427,1.0178571428571428,,,LAC,2023,0.14678890040684706,26.0,False,5.042857142857143,,0.47928571428571426,14,TE,,False,False,True,True,True,0.0,,,,,,
,,00-0035341,0.066167290886392,WR,1.08,WR,0.09433962264150944,5.4,,,0.016462480857580397,1.0,0.0073964497041420114,0.6415094339622641,,,CIN,2021,0.022618411156519296,26.0,False,,,,5,WR,5.658333333333333,True,True,False,False,False,,,,,,,
,,00-0035341,0.2936117936117936,WR,6.1,WR,0.11297071129707113,67.1,,,0.05871407897457102,1.0,0.03884892086330935,1.0460251046025104,,,CIN,2022,0.09937323657716374,27.0,False,1.08,,,11,WR,2.9833333333333334,True,True,True,False,False,,,,,,,
,,00-0035341,0.3793103448275862,WR,5.216666666666667,WR,0.12121212121212122,62.6,1.08,,0.090203426124197,1.0,0.05405405405405406,1.196969696969697,,,CIN,2023,0.144223479368019,28.0,False,6.1,,0.426875,12,WR,0.75,True,True,True,True,False,,,,,,,
,,00-0035342,0.2859135285913529,RB,8.525,RB,0.14634146341463414,68.2,,,0.007776337715237919,1.0,0.04983388704318937,0.9951219512195122,,,MIA,2019,0.0801942669654506,24.0,False,,,,8,RB,2.4444444444444446,True,True,False,False,False,,,,,,,
,,00-0035342,0.18066561014263074,RB,2.4444444444444446,RB,0.10526315789473684,22.0,,,0.007283834586466165,1.0,0.022018348623853212,0.5964912280701754,,,MIA,2020,0.038126207146306136,25.0,False,8.525,,,9,RB,,False,False,True,False,False,,,,,,,
,,00-0035345,0.06306306306306306,TE,2.675,TE,0.14285714285714285,10.7,,,0.0031699585466959277,0.9,0.01092896174863388,0.40476190476190477,,,NYG,2021,0.01861241360563797,26.0,False,,,,4,TE,1.95,True,True,False,False,False,0.0,,,,,,
,,00-0035345,0.15126050420168066,TE,1.95,TE,0.07407407407407407,19.5,,,0.006506364922206506,1.0,0.014598540145985401,0.6018518518518519,,,NYG,2022,0.026452265664522658,27.0,False,2.675,,,10,TE,,False,False,True,False,False,0.0,,,,,,
,,00-0035350,0.3737796373779637,WR,11.350000000000001,WR,0.22388059701492538,90.80000000000001,,,0.15571190520274023,0.6,0.09966777408637874,1.5970149253731343,,,MIA,2019,0.2584999947714863,22.0,False,,,0.785,8,WR,5.824999999999999,True,True,False,False,False,,,,2.1255217109725186,4.540338983050847,,
0.785,,00-0035350,0.329635499207607,WR,9.35,WR,0.16826923076923078,74.8,,,0.1193609022556391,0.7,0.06422018348623854,1.3846153846153846,,,MIA,2020,0.17988290680830515,23.0,False,11.350000000000001,,0.6725,8,WR,2.3,True,True,True,False,True,,,,,,,
0.6725,,00-0035350,0.14782608695652175,WR,2.3,WR,0.1568627450980392,13.799999999999999,11.350000000000001,,0.030883678990081154,0.8,0.026755852842809364,0.696078431372549,,,MIA,2021,0.06175235455727085,24.0,False,9.35,,0.32625,6,WR,,False,False,True,True,True,,,,,,,
,,00-0035359,0.06756756756756757,WR,0.925,WR,0.13333333333333333,3.7,,,0.014142891977566447,0.9,0.01092896174863388,0.37777777777777777,,,NYG,2021,0.026293467007247336,25.0,False,,,,4,WR,3.085714285714286,True,True,False,False,False,,,,,,,
,,00-0035359,0.17787114845938376,WR,3.085714285714286,WR,0.13385826771653545,21.6,,,0.03762376237623762,1.0,0.03102189781021898,0.8346456692913385,,,NYG,2022,0.0728694803786948,26.0,False,0.925,,,7,WR,,False,False,True,False,False,,,,,,,
,,00-0035359,0.567062818336163,WR,4.091666666666667,WR,0.10778443113772455,49.1,,,0.09658140090843892,0.76,0.0694980694980695,0.5718562874251497,,,ATL,2025,0.1718540848830115,30.0,False,,,0.5241176470588236,12,WR,,False,,False,False,False,,,,,,,
,,00-0035374,0.011577424023154847,WR,0.5,WR,0.375,3.5,,,0.0028182245185533112,0.7,0.005338078291814947,1.875,,,JAX,2019,0.009979874600709739,23.0,False,,,,7,WR,,False,False,False,False,False,,,,,,,
,,00-0035399,0.10263929618768329,WR,0.6857142857142857,WR,0.14285714285714285,4.8,,,0.01364200082678793,0.7,0.01697792869269949,0.2571428571428571,,,CIN,2019,0.03501629361780079,23.0,False,,,0.18545454545454546,7,WR,0.30909090909090914,True,True,False,False,False,,,,,,,
,,00-0035399,0.0599250936329588,WR,0.30909090909090914,WR,0.08333333333333333,3.4000000000000004,0.6857142857142857,,0.006125574272588055,0.9,0.005917159763313609,0.22916666666666666,,,CIN,2021,0.013163641635782052,25.0,False,,,0.11666666666666667,11,WR,0.0,True,True,False,True,False,,,,,,,
0.11666666666666667,,00-0035399,0.018427518427518427,WR,0.0,WR,0.06666666666666667,0.0,,,0.0,1.0,0.0014388489208633094,0.0,,,CIN,2022,0.002158273381294964,26.0,False,0.30909090909090914,,0.07294117647058823,10,WR,,False,False,True,False,True,,,,,,,
,,00-0035401,0.21114369501466276,WR,2.4571428571428577,WR,0.1111111111111111,17.200000000000003,,,0.03699875981810666,0.6,0.027164685908319185,0.5694444444444444,,,CIN,2019,0.06664616073515343,22.0,False,,,,7,WR,,False,False,False,False,False,,,,,,,
,,00-0035406,0.23842195540308747,WR,6.2375,WR,0.12949640287769784,49.9,,,0.05244468724392243,0.7,0.03821656050955414,1.79136690647482,,,NO,2021,0.09403612183507691,23.0,False,,,0.371,8,WR,2.6454545454545455,True,True,False,False,False,,,,,,,
0.371,,00-0035406,0.07425742574257425,WR,1.0,WR,0.08888888888888889,4.0,,,0.006574141709276844,0.8,0.007782101167315175,0.4444444444444444,,,NE,2022,0.016275050947466552,24.0,False,6.2375,,0.33499999999999996,4,WR,4.441883116883117,True,True,True,False,True,,,,,,,
0.33499999999999996,,00-0035406,0.37067545304777594,WR,4.290909090909091,WR,0.08444444444444445,47.2,6.2375,,0.05473808122424956,0.9,0.04008438818565401,0.72,,,DEN,2023,0.0984432391354557,25.0,False,1.0,,0.39647058823529413,11,WR,4.929761904761905,True,True,True,True,True,,,,,,,
0.4811111111111111,,00-0035406,0.3145478374836173,WR,5.266666666666667,WR,0.1375,47.4,4.290909090909091,,0.07873527588344699,1.0,0.0514018691588785,0.8083333333333333,,,DEN,2025,0.13221749685673065,27.0,False,4.5928571428571425,,0.5208333333333334,9,WR,,False,,True,True,True,,,,,,,
,,00-0035414,0.8465991316931982,WR,6.06875,WR,0.09401709401709402,97.1,,,0.19330453563714903,0.7,0.09105960264900662,0.8735042735042735,,,LAC,2020,0.27190257891951425,23.0,False,,,0.7875,16,WR,6.075,True,True,False,False,False,,,,3.0701127569768443,6.191090909090909,,
0.7875,,00-0035414,0.5807743658210948,WR,6.075,WR,0.1103448275862069,97.2,,,0.10124798711755234,0.8,0.0732824427480916,1.0298850574712644,,,LAC,2021,0.18079725510442404,24.0,False,6.06875,,0.54,16,WR,3.5571428571428574,True,True,True,False,True,,,,3.4221027409155726,7.003555555555555,,
,,00-0035414,0.25,WR,3.5571428571428574,WR,0.11731843575418995,24.900000000000002,6.075,,0.04745319982585982,1.0,0.03420195439739414,0.4972067039106145,,,LAC,2023,0.08452017147419308,26.0,False,,,0.485,7,WR,,False,False,False,True,False,,,,,,,
,,00-0035432,0.0768025078369906,WR,1.05,WR,0.10204081632653061,6.3,,,0.02364394993045897,0.8,0.008756567425569177,0.8775510204081632,,,LAC,2019,0.029685616089675043,24.0,False,,,,6,WR,,False,False,False,False,False,,,,,,,
,,00-0035457,0.23878437047756873,WR,7.2272727272727275,WR,0.15757575757575756,79.5,,,0.11533477321814255,0.8,0.04304635761589404,2.412121212121212,,,LAC,2020,0.14530387767654085,24.0,False,,,0.32166666666666666,11,WR,0.45,True,True,False,False,False,,,,,,,
0.32166666666666666,,00-0035457,0.0475482912332838,WR,0.45,WR,0.15625,3.6,,,0.022154648132059078,0.9,0.008576329331046312,0.5,,,JAX,2021,0.028372747689010824,25.0,False,7.2272727272727275,,0.09363636363636364,8,WR,,False,False,True,False,True,,,,,,,
,,00-0035480,0.11746987951807229,WR,1.6818181818181819,WR,0.07692307692307693,18.5,,,0.00859106529209622,0.9,0.010327022375215147,0.8461538461538461,,,GB,2020,0.021504279267290073,25.0,False,,,0.14941176470588236,11,WR,0.48571428571428577,True,True,False,False,False,,,,,,,
0.14941176470588236,,00-0035480,0.019005847953216373,WR,0.48571428571428577,WR,0.23076923076923078,3.4000000000000004,,,0.006419858763107212,1.0,0.005025125628140704,1.0769230769230769,,,GB,2021,0.012031589576386103,26.0,False,1.6818181818181819,,0.052000000000000005,7,WR,,False,False,True,False,True,,,,,,,
,,00-0035500,0.029829545454545456,WR,1.3800000000000001,WR,0.14285714285714285,6.9,,,-0.0035157108327840037,0.7,0.004966887417218543,0.7142857142857143,,,ARI,2021,0.004989333542879012,23.0,False,,,,5,WR,5.6125,True,True,False,False,False,,,,,,,
,,00-0035500,0.4610303830911493,WR,7.19375,WR,0.1833810888252149,115.1,,,0.07042567416982394,0.8,0.10094637223974763,1.33810888252149,,,ARI,2022,0.2007175302784982,24.0,False,1.3800000000000001,,,16,WR,4.671507352941177,True,True,True,False,False,,,,4.227482851265514,7.3021666666666665,,
,,00-0035500,0.3893249607535322,WR,4.03125,WR,0.16532258064516128,64.5,1.3800000000000001,,0.09713416180573167,0.9,0.07592592592592592,1.1290322580645162,,,ARI,2023,0.18188280215290104,25.0,False,7.19375,,0.366875,16,WR,5.785049019607843,True,True,True,True,False,,,,,,,
0.4023529411764706,,00-0035500,0.2870493991989319,WR,6.258333333333334,WR,0.15348837209302327,75.10000000000001,4.03125,,0.01303370786516854,1.0,0.05348460291734198,0.958139534883721,,,ARI,2025,0.08935049988163095,27.0,False,5.311764705882353,,0.3358333333333334,12,WR,,False,,True,True,True,,,,,,,
,,00-0035510,0.3652173913043478,WR,3.744444444444445,WR,0.1761904761904762,33.7,,,0.11624441132637854,0.7,0.07991360691144708,0.7952380952380952,,,NYJ,2020,0.2012414982956356,23.0,False,,,0.40499999999999997,9,WR,2.595238095238095,True,True,False,False,False,,,,,,,
0.40499999999999997,,00-0035510,0.19530102790014683,WR,2.1333333333333333,WR,0.12781954887218044,19.2,,,0.04529370134465676,0.8,0.029310344827586206,0.849624060150376,,,NYJ,2021,0.07567110818263903,24.0,False,3.744444444444445,,0.2925,9,WR,3.057142857142857,True,True,True,False,True,,,,,,,
0.2925,,00-0035510,0.10901162790697674,WR,3.057142857142857,WR,0.14666666666666667,21.4,3.744444444444445,,0.02939975500204165,0.9,0.01870748299319728,1.7866666666666666,,,NYJ,2022,0.04864105299122507,25.0,False,2.1333333333333333,,0.20363636363636364,7,WR,,False,False,True,True,True,,,,,,,
,,00-0035527,0.14756671899529042,WR,2.9499999999999997,WR,0.13829787234042554,35.4,,,0.020639315378806946,0.7,0.024574669187145556,2.0106382978723403,,,ARI,2019,0.051309524545883195,23.0,False,,,0.16266666666666665,12,WR,4.981818181818182,True,True,False,False,False,,,,,,,
0.16266666666666665,,00-0035527,0.3246951219512195,WR,4.981818181818182,WR,0.1643192488262911,54.800000000000004,,,0.0908881199538639,0.8,0.06445672191528545,1.051643192488263,,,ARI,2020,0.16030676684063289,24.0,False,2.9499999999999997,,0.3384615384615385,11,WR,1.05,True,True,True,False,True,,,,,,,
,,00-0035527,0.06737120211360634,WR,1.05,WR,0.09803921568627451,4.2,4.981818181818182,,0.015600624024960999,1.0,0.007886435331230283,0.4117647058823529,,,ARI,2022,0.022750089814318124,26.0,False,,,0.17500000000000002,4,WR,,False,False,False,True,False,,,,,,,
,,00-0035535,0.6906158357771262,WR,12.142857142857142,WR,0.17834394904458598,170.0,,,0.24899598393574296,0.6,0.14383561643835616,1.5711252653927814,,,NYG,2019,0.3900506134125543,22.0,False,,,0.76,14,WR,7.044711538461539,True,True,False,False,False,,,,2.163035077518718,4.806666666666666,,
0.76,,00-0035535,0.9212730318257957,WR,8.8125,WR,0.17454545454545456,141.0,,,0.33418825339830727,0.7,0.1935483870967742,1.3654545454545455,,,NYG,2020,0.5242543580239764,23.0,False,12.142857142857142,,0.87125,16,WR,7.4017948717948725,True,True,True,False,True,,,,2.3150101130325997,5.419894736842105,,
0.87125,,00-0035535,0.539039039039039,WR,5.276923076923078,WR,0.1615598885793872,68.60000000000001,12.142857142857142,,0.18849061204584247,0.8,0.10564663023679417,0.9442896935933147,,,NYG,2021,0.290413373787281,24.0,False,8.8125,,0.6415384615384615,13,WR,9.20450980392157,True,True,True,True,True,,,,2.9677173400443895,6.762241379310345,,
0.6415384615384615,,00-0035535,0.6750700280112045,WR,9.526666666666667,WR,0.17427385892116182,142.9,8.8125,,0.2913719943422914,0.9,0.15328467153284672,1.6929460580912863,,,NYG,2022,0.433887403338874,25.0,False,5.276923076923078,,0.6838888888888889,15,WR,7.8786764705882355,True,True,True,True,True,,,,2.5451484224755907,6.734782608695651,,
0.6838888888888889,,00-0035535,0.8323442136498517,WR,8.882352941176471,WR,0.1408199643493761,151.0,5.276923076923078,,0.26853651763399056,1.0,0.16322314049586778,1.3725490196078431,,,NYG,2023,0.432810273087595,26.0,False,9.526666666666667,,0.8058823529411764,17,WR,6.9660714285714285,True,True,True,True,True,,,,2.867353654183732,6.545,,
0.8306250000000001,,00-0035535,0.6926751592356688,WR,7.057142857142858,WR,0.14482758620689656,98.80000000000001,8.882352941176471,,0.1955009276437848,1.0,0.12524850894632206,1.2367816091954023,,,NYG,2025,0.3247234127701324,28.0,False,6.875,,0.812857142857143,14,WR,,False,,True,True,True,,,,2.7084140568845023,5.72047619047619,,
,,00-0035537,0.3468118195956454,RB,3.7625,RB,0.13901345291479822,60.2,,,0.011685823754789272,0.825,0.056363636363636366,0.48878923766816146,,,DET,2019,0.09272553117380704,22.0,False,,,0.285625,16,RB,6.777272727272727,True,True,False,False,False,,,,,,,
0.285625,,00-0035537,0.19652173913043477,RB,5.754545454545455,RB,0.18584070796460178,63.300000000000004,,,0.013164431197218083,1.0,0.04535637149028078,0.8761061946902655,,,NYJ,2020,0.07724965907347384,23.0,False,3.7625,,0.21923076923076923,11,RB,5.683333333333334,True,True,True,False,True,,,,,,,
0.21923076923076923,,00-0035537,0.4566813509544787,RB,7.800000000000001,RB,0.17684887459807075,117.00000000000001,3.7625,,0.030903514979948102,1.0,0.09482758620689655,1.1961414790996785,,,NYJ,2021,0.16387383979630848,24.0,False,5.754545454545455,,0.3975,15,RB,3.6651515151515155,True,True,True,True,True,,,,,,,
0.3975,,00-0035537,0.18459302325581395,RB,3.566666666666667,RB,0.1889763779527559,42.800000000000004,5.754545454545455,,0.009799918334013884,1.0,0.04081632653061224,0.6929133858267716,,,NYJ,2022,0.06808443262972809,25.0,False,7.800000000000001,,0.15941176470588236,12,RB,4.744318181818182,True,True,True,True,True,,,,,,,
0.15941176470588236,,00-0035537,0.08571428571428572,RB,3.763636363636364,RB,0.15873015873015872,41.400000000000006,7.800000000000001,,0.0050920485703094395,1.0,0.016339869281045753,1.2063492063492063,,,BUF,2023,0.028074237920785238,26.0,False,3.566666666666667,,0.1425,11,RB,5.8125,True,True,True,True,True,,,,,,,
0.3045,,00-0035537,0.3549337260677467,RB,5.9,RB,0.13692946058091288,100.30000000000001,3.763636363636364,,-0.009445386292080407,0.56,0.059674502712477394,1.0912863070539418,,,BUF,2025,0.0828999836642598,28.0,False,5.725,,0.2958823529411765,17,RB,,False,,True,True,True,,,,,,,
,,00-0035544,0.14660493827160495,WR,3.0666666666666664,WR,0.10526315789473684,18.4,,,0.02082206598161168,0.9,0.018050541516245487,0.5684210526315789,,,DET,2021,0.04165125846149641,25.0,False,,,,6,WR,4.42,True,True,False,False,False,,,,,,,
,,00-0035544,0.20222929936305734,WR,4.42,WR,0.11811023622047244,22.1,,,0.03349162709322669,1.0,0.026881720430107527,1.110236220472441,,,DET,2022,0.06376671961041998,26.0,False,3.0666666666666664,,,5,WR,,False,False,True,False,False,,,,,,,
,,00-0035544,0.0463258785942492,WR,1.2666666666666666,WR,0.13793103448275862,7.6,,,0.00871222433977675,0.88,0.007272727272727273,1.2413793103448276,,,DET,2025,0.017007647946934636,29.0,False,,,0.125,6,WR,,False,,False,False,False,,,,,,,
,,00-0035547,0.04013377926421405,TE,5.425,TE,0.1388888888888889,21.7,,,0.007142857142857143,0.9,0.006675567423230975,1.3055555555555556,,,KC,2021,0.015013351134846462,26.0,False,,,0.12166666666666666,4,TE,2.890909090909091,True,True,False,False,False,0.0,,,,,,
0.12166666666666666,,00-0035547,0.14454976303317535,TE,2.890909090909091,TE,0.11475409836065574,31.8,,,0.017513134851138354,1.0,0.019662921348314606,0.8852459016393442,,,KC,2022,0.041753576418268754,27.0,False,5.425,,0.20933333333333334,11,TE,,False,False,True,False,True,0.0,,,,,,
,,00-0035548,0.010903426791277258,WR,1.2142857142857142,WR,0.14285714285714285,8.5,,,0.0028021670091537454,0.7,0.001736111111111111,2.142857142857143,,,DAL,2019,0.004565683573074289,23.0,False,,,,7,WR,,False,False,False,False,False,,,,,,,
,,00-0035562,0.13538461538461538,TE,4.54,TE,0.11363636363636363,22.7,,,0.015092613766293162,0.5,0.0176678445229682,0.9886363636363636,,,CHI,2019,0.03706659642085751,22.0,False,,,,5,TE,4.025,True,True,False,False,False,0.0,,,,,,
,,00-0035562,0.00906344410876133,TE,4.025,TE,0.5,16.1,4.54,,0.00714615029967727,0.7,0.0057251908396946565,3.5,,,CHI,2021,0.013590091469316074,24.0,False,,,,4,TE,0.63,True,True,False,True,False,0.0,,,,,,
,,00-0035562,0.04776579352850539,TE,0.9800000000000001,TE,0.12903225806451613,4.9,,,0.004974172565525158,0.8,0.007168458781362007,0.6129032258064516,,,LV,2022,0.014234608967910622,25.0,False,4.025,,,5,TE,0.27999999999999997,True,True,True,False,False,0.0,,,,,,
,,00-0035562,0.011513157894736841,TE,0.27999999999999997,TE,0.14285714285714285,1.4,4.025,,0.00047472110135295516,0.9,0.0018832391713747645,0.5714285714285714,,,LV,2023,0.0031571635280092155,26.0,False,0.9800000000000001,,,5,TE,,False,False,True,True,False,0.0,,,,,,
,,00-0035567,0.08641975308641975,RB,7.040000000000001,RB,0.14285714285714285,35.2,,,0.0013520822065981612,1.0,0.01444043321299639,0.9285714285714286,,,DET,2021,0.0226071073641133,25.0,False,,,,5,RB,3.913095238095238,True,True,False,False,False,,,,,,,
,,00-0035567,0.11942675159235669,RB,5.133333333333334,RB,0.13333333333333333,30.8,,,0.0029992501874531365,1.0,0.017921146953405017,1.5466666666666666,,,DET,2022,0.02898119556132472,26.0,False,7.040000000000001,,,6,RB,2.5075396825396825,True,True,True,False,False,,,,,,,
,,00-0035567,0.10026041666666667,RB,2.6928571428571426,RB,0.06493506493506493,37.699999999999996,7.040000000000001,,-0.0025167785234899327,0.78,0.007374631268436578,0.6103896103896104,,,DET,2023,0.009300201936211915,27.0,False,5.133333333333334,,0.1055,14,RB,1.2011111111111112,True,True,True,True,False,,,,,,,
0.0811111111111111,,00-0035567,,RB,0.08,RB,,0.4,2.6928571428571426,,0.0,0.34,0.0,,,,DET,2025,0.0,29.0,False,2.3222222222222224,,0.008571428571428572,5,RB,,False,,True,True,True,,,,,,,
,,00-0035572,0.08860759493670886,TE,2.325,TE,0.10714285714285714,9.3,,,0.005502751375687844,0.9,0.011029411764705883,0.7678571428571429,,,ATL,2021,0.020396043610040313,26.0,False,,,,4,TE,1.4916666666666665,True,True,False,False,False,0.0,,,,,,
,,00-0035572,0.48577235772357724,TE,1.4916666666666665,TE,0.04602510460251046,17.9,,,0.01649746192893401,1.0,0.02763819095477387,0.3723849372384937,,,ATL,2022,0.05300550978241461,27.0,False,2.325,,,12,TE,,False,False,True,False,False,0.0,,,,,,
,2.1310949698090553,00-0035577,0.3274021352313167,QB_pocket,6.415,QB,0.0,51.32,,-0.1043389932510593,0.0,0.6,0.0,0.0,-0.15818896880069497,175.0,PIT,2019,0.0,23.0,False,,175.0,,8,QB,,False,False,False,False,False,,0.2647613454610038,2.8417375,,,,
,,00-0035592,0.5118219749652295,WR,9.658333333333333,WR,0.18206521739130435,115.9,,,0.15863295140260766,0.9,0.11942959001782531,1.4646739130434783,,,PHI,2020,0.2901874510085633,25.0,False,,,0.6192307692307693,12,WR,,False,False,False,False,False,,,,2.4917131578078013,6.100909090909091,,
,,00-0035593,0.1111111111111111,WR,2.3600000000000003,WR,0.17105263157894737,11.8,,,0.016049646907768028,0.9,0.021775544388609715,0.7631578947368421,,,GB,2021,0.0438980694183522,25.0,False,,,0.26125,5,WR,,False,False,False,False,False,,,,,,,
,,00-0035594,0.1577424023154848,RB,4.077777777777778,RB,0.1559633027522936,36.7,,,-0.00019234468166955183,0.65,0.03102189781021898,0.8073394495412844,,,SEA,2019,0.04639820543815978,21.0,False,,,0.13,9,RB,4.029365079365078,True,True,False,False,False,,,,,,,
0.13,,00-0035594,0.14957264957264957,RB,3.644444444444444,RB,0.09523809523809523,32.8,,,0.00040933278755628325,0.825,0.017793594306049824,0.8571428571428571,,,SEA,2020,0.026976924410364134,22.0,False,4.077777777777778,,0.23555555555555557,9,RB,4.362142857142857,True,True,True,False,True,,,,,,,
0.23555555555555557,,00-0035594,0.25263157894736843,RB,4.414285714285714,RB,0.1388888888888889,61.8,4.077777777777778,,0.010837660871528562,1.0,0.042283298097251586,1.1180555555555556,,,SEA,2021,0.07101130975594737,23.0,False,3.644444444444444,,0.21428571428571427,14,RB,2.1550000000000002,True,True,True,True,True,,,,,,,
0.21428571428571427,,00-0035594,0.1824712643678161,RB,4.3100000000000005,RB,0.14173228346456693,43.1,3.644444444444444,,0.006746463547334059,1.0,0.030664395229982964,1.236220472440945,,,SEA,2022,0.050719117328108285,24.0,False,4.414285714285714,,0.286,10,RB,0.39999999999999997,True,True,True,True,True,,,,,,,
0.286,,00-0035594,0.004830917874396135,RB,0.0,RB,0.3333333333333333,0.0,4.414285714285714,,-0.0014371945961483186,1.0,0.0021231422505307855,0.0,,,CHI,2023,0.0021786771584923555,25.0,False,4.3100000000000005,,0.00625,7,RB,0.38749999999999996,True,True,True,True,True,,,,,,,
0.11600000000000002,,00-0035594,0.005369127516778523,RB,-0.025,RB,0.0,-0.2,0.0,,0.0,0.78,0.0,0.0,,,CHI,2025,0.0,27.0,False,0.7999999999999999,,0.005833333333333333,8,RB,,False,,True,True,True,,,,,,,
,,00-0035596,0.014234875444839857,RB,2.35,RB,0.125,14.1,,,-0.000514668039114771,1.0,0.002074688796680498,1.125,,,PIT,2019,0.0027517655676404075,23.0,False,,,0.11,6,RB,,False,False,False,False,False,,,,,,,
,,00-0035602,0.028192371475953566,WR,0.29090909090909095,WR,0.17647058823529413,3.2,,,0.004379105411323116,0.88,0.006085192697768763,0.7058823529411765,,,LV,2025,0.012193162834579324,29.0,False,1.22,,0.06307692307692309,11,WR,,False,,True,False,False,,,,,,,
,,00-0035603,0.16024844720496895,TE,4.0285714285714285,TE,0.10852713178294573,28.2,,,0.009785353535353536,0.9,0.018970189701897018,0.8682170542635659,,,LA,2021,0.035305032027593004,26.0,False,,,,7,TE,,False,False,False,False,False,0.0,,,,,,
,,00-0035621,0.0015015015015015015,WR,0.0,WR,0.0,0.0,,,0.0,0.7,0.0,0.0,,,LA,2019,0.0,23.0,False,,,0.0,4,WR,0.0,True,True,False,False,False,,,,,,,
0.0,,00-0035621,,WR,0.0,WR,,0.0,,,0.0,0.8,0.0,,,,LA,2020,0.0,24.0,False,0.0,,0.008333333333333333,18,WR,0.0,True,True,True,False,True,,,,,,,
0.008333333333333333,,00-0035621,,WR,0.0,WR,,0.0,0.0,,0.0,0.9,0.0,,,,CHI,2021,0.0,25.0,False,0.0,,0.0016666666666666668,6,WR,,False,False,True,True,True,,,,,,,
,,00-0035624,0.21594202898550724,TE,5.525,WR,0.2080536912751678,44.2,,,0.060473815461346635,0.5,0.0499194847020934,0.8456375838926175,,,NE,2019,0.11721089787608274,22.0,False,,,0.48,8,TE,4.362307692307692,True,True,False,False,False,0.0,,,,,,
0.48,,00-0035624,0.6387225548902196,TE,5.684615384615385,WR,0.178125,73.9,,,0.15629274965800274,0.6,0.1360381861575179,0.965625,,,NE,2020,0.31346220399687874,23.0,False,5.525,,0.6628571428571428,13,TE,3.5700000000000003,True,True,True,False,True,0.0,,,2.854030523473694,6.038035714285714,,
0.6628571428571428,,00-0035624,0.22953451043338685,TE,3.04,WR,0.15384615384615385,30.4,5.525,,0.07282850779510022,0.7,0.03935599284436494,1.2867132867132867,,,NE,2021,0.11001394472311755,24.0,False,5.684615384615385,,0.39692307692307693,10,TE,4.1000000000000005,True,True,True,True,True,0.0,,,,,,
0.39692307692307693,,00-0035624,0.1568627450980392,TE,4.1000000000000005,WR,0.1125,24.6,5.684615384615385,,0.04806786050895382,0.8,0.025139664804469275,1.45,,,CHI,2022,0.07135699956297159,25.0,False,3.04,,0.3828571428571429,6,TE,,False,False,True,True,True,0.0,,,,,,
,,00-0035628,0.04833333333333333,RB,1.52,RB,0.2413793103448276,15.2,,,0.007640449438202248,1.0,0.013565891472868217,2.4482758620689653,,,CLE,2019,0.0256971518160439,23.0,False,,,0.043125,10,RB,4.660096153846154,True,True,False,False,False,,,,,,,
0.043125,,00-0035628,0.05582137161084529,RB,1.3125,RB,0.11428571428571428,21.0,,,0.0,1.0,0.007561436672967864,0.4,,,CLE,2020,0.011342155009451797,24.0,False,1.52,,0.07,16,RB,4.303846153846154,True,True,True,False,True,,,,,,,
0.07,,00-0035628,0.33001658374792703,RB,8.007692307692308,RB,0.12562814070351758,104.10000000000001,1.52,,0.0014570179698882952,1.0,0.050505050505050504,0.6884422110552764,,,CLE,2021,0.07677748833649757,25.0,True,1.3125,,0.30294117647058827,13,RB,1.3875000000000002,True,True,True,True,True,,,,,,1.4187998020375674,25.0
0.30294117647058827,,00-0035628,0.037037037037037035,RB,0.6000000000000001,RB,0.13043478260869565,5.4,1.3125,,-0.00023923444976076556,1.0,0.005928853754940711,0.30434782608695654,,,CLE,2022,0.00872581651757853,26.0,True,8.007692307692308,,0.034,9,RB,2.5833333333333335,True,True,True,True,True,,,,,,,
0.034,,00-0035628,0.19436619718309858,RB,2.1750000000000003,RB,0.08695652173913043,34.800000000000004,8.007692307692308,,0.0020387359836901123,0.78,0.019769357495881382,1.0144927536231885,,,JAX,2023,0.031081151432405155,27.0,True,0.6000000000000001,,0.16588235294117645,16,RB,1.6520833333333333,True,True,True,True,True,,,,,,,
0.2292857142857143,,00-0035628,0.02987012987012987,RB,0.3125,RB,0.0,2.5,2.1750000000000003,,0.0,0.34,0.0,0.0,,,NE,2025,0.0,29.0,False,2.9916666666666667,,0.056666666666666664,8,RB,,False,,True,True,True,,,,,,,
,,00-0035631,0.07771260997067449,TE,1.6,TE,0.11320754716981132,8.0,,,0.0086812732534105,0.6,0.010186757215619695,0.5660377358490566,,,CIN,2019,0.021357027100816894,23.0,False,,,0.18000000000000002,5,TE,3.397443181818182,True,True,False,False,False,1.0,,,,,,
0.18000000000000002,,00-0035631,0.7714723926380368,TE,4.93125,TE,0.10536779324055666,78.9,,,0.04815618221258135,0.7,0.09363957597173145,0.6938369781312127,,,CIN,2020,0.17416869150640413,24.0,False,1.6,,0.809375,16,TE,1.8636363636363635,True,True,True,False,True,1.0,,,3.8553461426240454,5.8521875,,
0.809375,,00-0035631,0.2746566791510612,TE,1.8636363636363635,TE,0.07727272727272727,20.5,1.6,,0.00880551301684533,0.8,0.02514792899408284,0.38636363636363635,,,CIN,2021,0.04388575260291599,25.0,False,4.93125,,0.42000000000000004,11,TE,3.5928571428571425,True,True,True,True,True,1.0,,,,,,
,,00-0035631,0.3864942528735632,TE,3.5928571428571425,TE,0.10037174721189591,50.3,1.8636363636363635,,0.007762312633832976,1.0,0.04560810810810811,0.6059479553903345,,,CIN,2023,0.07384578100584524,27.0,False,,,0.4511764705882353,14,TE,2.988257575757576,True,True,False,True,False,1.0,,,,,,
0.571764705882353,,00-0035631,0.4207492795389049,TE,2.658333333333333,TE,0.0684931506849315,31.9,3.5928571428571425,,-0.0015347511510633632,1.0,0.032948929159802305,0.363013698630137,,,CIN,2025,0.04834906793395911,29.0,False,3.3181818181818183,,0.5358823529411765,12,TE,,False,,True,True,True,1.0,,,,,,
,,00-0035639,0.20309810671256454,WR,5.442857142857143,WR,0.2033898305084746,38.1,,,0.04787369493251846,0.6,0.04918032786885246,1.076271186440678,,,IND,2019,0.10728207825604161,22.0,False,,,0.40714285714285714,7,WR,5.366666666666667,True,True,False,False,False,,,,,,,
,,00-0035639,0.2058319039451115,WR,5.366666666666667,WR,0.16666666666666666,32.2,5.442857142857143,,0.08477157360406092,0.8,0.03992015968063872,1.35,,,IND,2021,0.11922034104380072,24.0,False,,,0.44,6,WR,5.905294117647058,True,True,False,True,False,,,,,,,
0.44,,00-0035639,0.881159420289855,WR,8.770588235294117,WR,0.14967105263157895,149.1,,,0.15691561067673226,0.9,0.15716753022452504,1.024671052631579,,,IND,2022,0.34559222281050017,25.0,False,5.366666666666667,,0.851764705882353,17,WR,3.395,True,True,True,False,True,,,,3.5060415038812813,6.495058823529409,,
0.851764705882353,,00-0035639,0.21364985163204747,WR,3.04,WR,0.1875,30.400000000000002,5.366666666666667,,0.02527075812274368,1.0,0.05578512396694215,0.7222222222222222,,,NYG,2023,0.1013672166363338,26.0,False,8.770588235294117,,0.26833333333333337,10,WR,3.75,True,True,True,True,True,,,,,,,
,,00-0035640,0.8856729377713459,WR,12.555555555555555,WR,0.18627450980392157,226.0,,,0.2908251586843624,0.6,0.20802919708029197,1.8284313725490196,,,SEA,2019,0.5156214066994915,22.0,False,,,0.8461111111111111,18,WR,15.947058823529414,True,True,False,False,False,,,,2.479791229742522,4.9111,,
0.8461111111111111,,00-0035640,0.9544159544159544,WR,17.52352941176471,WR,0.208955223880597,297.90000000000003,,,0.40196479738027013,0.7,0.2491103202846975,2.0880597014925373,,,SEA,2020,0.6550408385932354,23.0,False,12.555555555555555,,0.9241176470588235,17,WR,14.474183006535947,True,True,True,False,True,,,,2.615326192435222,5.427952755905512,,
0.9241176470588235,,00-0035640,0.875438596491228,WR,14.370588235294118,WR,0.25851703406813625,244.3,12.555555555555555,,0.3693836080379318,0.8,0.2727272727272727,1.937875751503006,,,SEA,2021,0.6676594347174614,24.0,False,17.52352941176471,,0.8352941176470587,17,WR,14.332638888888887,True,True,True,True,True,,,,2.5848692168750347,6.288095238095239,,
0.8352941176470587,,00-0035640,0.8850574712643678,WR,14.577777777777776,WR,0.25,262.4,17.52352941176471,,0.383025027203482,0.9,0.262350936967632,1.922077922077922,,,SEA,2022,0.6616439244938854,25.0,False,14.370588235294118,,0.8255555555555555,18,WR,13.417083333333334,True,True,True,True,True,,,,2.2668460913678534,6.345441176470589,,
0.8255555555555555,,00-0035640,0.8528951486697965,WR,14.0875,WR,0.21834862385321102,225.4,14.370588235294118,,0.37959285004965243,1.0,0.21755027422303475,2.0440366972477064,,,SEA,2023,0.5920404063693088,26.0,False,14.577777777777776,,0.843125,16,WR,12.417083333333334,True,True,True,True,True,,,,2.447393521119554,5.799243697478992,,
0.86,,00-0035640,0.7870662460567823,WR,12.0875,WR,0.20841683366733466,193.4,14.0875,,0.32089769746429614,1.0,0.1897810218978102,1.7875751503006012,,,PIT,2025,0.5092999210717226,28.0,False,12.746666666666666,,0.871875,16,WR,,False,,True,True,True,,,,2.629921503950311,4.497835051546391,,
,,00-0035644,0.7178130511463845,TE,6.9375,TE,0.16216216216216217,111.0,,,0.15105105105105104,0.5,0.14224137931034483,1.3808353808353808,,,DEN,2019,0.31909780470125293,22.0,False,,,0.684375,16,TE,10.300892857142857,True,True,False,False,False,0.0,,,2.716180840428184,5.486999999999999,,
0.684375,,00-0035644,0.7200647249190939,TE,10.664285714285715,TE,0.20898876404494382,149.3,,,0.127859477124183,0.6,0.17448405253283303,1.5123595505617977,,,DEN,2020,0.3512277127861776,23.0,False,6.9375,,0.716,14,TE,8.432638888888889,True,True,True,False,True,0.0,,,3.4737569946062905,6.189154929577466,,
0.716,,00-0035644,0.7805280528052805,TE,9.9375,TE,0.19027484143763213,159.0,6.9375,,0.12309095053567358,0.7,0.17408123791102514,1.4164904862579282,,,DEN,2021,0.3472855222415092,24.0,False,10.664285714285715,,0.844375,16,TE,5.910555555555556,True,True,True,True,True,0.0,,,4.101818712656946,5.818208955223881,,
0.844375,,00-0035644,0.5876436781609196,TE,6.927777777777778,TE,0.15892420537897312,124.7,10.664285714285715,,0.09053318824809575,0.8,0.11073253833049404,1.215158924205379,,,SEA,2022,0.2294720392694081,25.0,False,9.9375,,0.5983333333333333,18,TE,6.160952380952381,True,True,True,True,True,0.0,,,3.8978478329015833,7.1111538461538455,,
0.5983333333333333,,00-0035644,0.5492957746478874,TE,4.8933333333333335,TE,0.1225071225071225,73.4,9.9375,,0.07398212512413108,0.9,0.07861060329067641,1.1794871794871795,,,SEA,2023,0.16970339252290637,26.0,False,6.927777777777778,,0.5417647058823529,15,TE,6.591208791208791,True,True,True,True,True,0.0,,,,,,
0.6328571428571428,,00-0035644,0.3170028818443804,TE,5.753846153846154,TE,0.18636363636363637,74.8,4.8933333333333335,,0.030037272527954396,1.0,0.06754530477759473,1.309090909090909,,,CIN,2025,0.12234404793596015,28.0,False,7.428571428571429,,0.3793333333333333,13,TE,,False,,True,True,True,0.0,,,,,,
,,00-0035645,0.06231884057971015,WR,0.675,WR,0.09302325581395349,5.4,,,0.004987531172069825,0.7,0.00644122383252818,0.7906976744186046,,,NE,2019,0.013153107569241148,23.0,False,,,0.1225,8,WR,1.1572398190045248,True,True,False,False,False,,,,,,,
0.1225,,00-0035645,0.11976047904191617,WR,1.9615384615384615,WR,0.08333333333333333,25.5,,,0.009233926128590971,0.8,0.011933174224343675,1.0333333333333334,,,NE,2020,0.024363509626529195,24.0,False,0.675,,0.12076923076923077,13,WR,0.6498039215686275,True,True,True,False,True,,,,,,,
0.12076923076923077,,00-0035645,0.052969502407704656,WR,0.35294117647058826,WR,0.09090909090909091,6.0,0.675,,0.0064587973273942095,0.9,0.005366726296958855,0.9393939393939394,,,NE,2021,0.012571247574614228,25.0,False,1.9615384615384615,,0.05470588235294118,17,WR,0.6816666666666668,True,True,True,True,True,,,,,,,
0.05470588235294118,,00-0035645,0.12422360248447205,WR,0.9466666666666668,WR,0.0875,14.200000000000001,1.9615384615384615,,0.01294571882807177,1.0,0.013307984790874524,0.6625,,,PIT,2022,0.029023980365962022,26.0,False,0.35294117647058826,,0.1975,15,WR,0.4166666666666667,True,True,True,True,True,,,,,,,
0.1975,,00-0035645,0.013353115727002967,WR,0.4166666666666667,WR,0.1111111111111111,5.0,0.35294117647058826,,-0.00027770063871146905,1.0,0.002066115702479339,0.0,,,NYG,2023,0.00290478310662098,27.0,False,0.9466666666666668,,0.016666666666666666,12,WR,2.2387500000000005,True,True,True,True,True,,,,,,,
,,00-0035645,0.11305732484076433,WR,2.2387500000000005,WR,0.18309859154929578,35.82000000000001,0.4166666666666667,,0.030148423005565864,0.88,0.02584493041749503,2.0422535211267605,,,NYG,2025,0.05987129173013865,29.0,False,,,0.101875,16,WR,,False,,False,True,False,,,,,,,
,-6.0345313511788845,00-0035652,0.06595092024539877,QB_pocket,4.79,QB,0.0,19.16,,-0.4301922993955948,0.0,0.771,0.0,0.0,-0.5886981504886545,41.0,CIN,2020,0.0,26.0,False,,41.0,0.304,4,QB,,False,False,False,False,False,,,,,,,
,,00-0035657,0.1377245508982036,RB,9.13,RB,0.10144927536231885,91.30000000000001,,,-0.0010259917920656635,1.0,0.016706443914081145,0.7536231884057971,,,NE,2020,0.024341471616675756,23.0,True,,,0.40099999999999997,10,RB,10.844318181818181,True,True,False,False,False,,,,,,0.2897157663567919,39.416058394160586
0.40099999999999997,,00-0035657,0.2664526484751204,RB,13.425,RB,0.13253012048192772,214.8,,,-0.00022271714922048998,1.0,0.03935599284436494,0.8373493975903614,,,NE,2021,0.05887808726209306,24.0,True,9.13,,0.4075,16,RB,5.715151515151515,True,True,True,False,True,,,,,,0.5657116371195935,31.683168316831683
0.4075,,00-0035657,0.18976897689768976,RB,8.263636363636364,RB,0.2,90.9,9.13,,0.006087168249330412,1.0,0.04474708171206226,0.8434782608695652,,,NE,2022,0.07138164034262467,25.0,True,13.425,,0.3409090909090909,11,RB,3.1666666666666665,True,True,True,True,True,,,,,,0.31541706003764225,18.867924528301888
0.3409090909090909,,00-0035657,0.031292517006802724,RB,3.1666666666666665,RB,0.08695652173913043,19.0,13.425,,0.0,1.0,0.0032679738562091504,0.6956521739130435,,,BUF,2023,0.004901960784313725,26.0,True,8.263636363636364,,0.15333333333333335,6,RB,,False,False,True,True,True,,,,,,,
,,00-0035659,0.8203266787658802,WR,13.707142857142857,WR,0.20575221238938052,191.9,,,0.3676346208063152,0.8,0.20086393088552915,2.0331858407079646,,,WAS,2019,0.5586401308927144,24.0,False,,,0.9292857142857143,14,WR,13.695036764705883,True,True,False,False,False,,,,2.1118652327080616,5.231739130434782,,
0.9292857142857143,,00-0035659,0.9005524861878453,WR,14.83125,WR,0.21625766871165644,237.3,,,0.3461247159808129,0.9,0.2296416938110749,1.8297546012269938,,,WAS,2020,0.5867498419031814,25.0,False,13.707142857142857,,0.93375,16,WR,13.014705882352942,True,True,True,False,True,,,,2.8262907833157573,5.235546875000001,,
0.93375,,00-0035659,0.9106583072100314,WR,12.558823529411764,WR,0.22375215146299485,213.5,13.707142857142857,,0.422106824925816,1.0,0.24344569288389514,1.8123924268502583,,,WAS,2021,0.6606433167739139,26.0,False,14.83125,,0.8988235294117647,17,WR,12.711764705882352,True,True,True,True,True,,,,2.4483050759453833,5.588487394957982,,
0.8988235294117647,,00-0035659,0.9262166405023547,WR,13.470588235294118,WR,0.2033898305084746,229.0,14.83125,,0.3533302919708029,1.0,0.22598870056497175,2.01864406779661,,,WAS,2022,0.5863142552270196,27.0,False,12.558823529411764,,0.8947058823529412,17,WR,14.038970588235294,True,True,True,True,True,,,,2.4726463000932486,6.247777777777777,,
0.8947058823529412,,00-0035659,0.8697421981004071,WR,11.952941176470588,WR,0.2059282371294852,203.20000000000002,12.558823529411764,,0.3475665748393021,1.0,0.21963394342762063,1.563182527301092,,,WAS,2023,0.5727475175289424,28.0,False,13.470588235294118,,0.851764705882353,17,WR,13.7725,True,True,True,True,True,,,,2.6397086943460537,5.750472440944881,,
0.8125,,00-0035659,0.45993031358885017,WR,11.42,WR,0.22727272727272727,114.2,11.952941176470588,,0.22373333333333334,0.76,0.1388888888888889,2.2045454545454546,,,WAS,2025,0.36494666666666664,30.0,False,16.125,,0.704,10,WR,,False,,True,True,True,,,,2.3780530890909906,6.691833333333333,,
,,00-0035660,0.06948640483383686,TE,1.625,TE,0.15217391304347827,6.5,,,0.01233517652062952,0.6,0.013333333333333334,0.7608695652173914,,,HOU,2020,0.028634623564440666,23.0,False,,,0.11714285714285715,4,TE,,False,False,False,False,False,0.0,,,,,,
,,00-0035662,0.6683937823834197,WR,11.066666666666666,WR,0.21188630490956073,166.0,,,0.22227367446168095,0.6,0.1719077568134172,1.834625322997416,,,BAL,2019,0.41345320734330243,22.0,False,,,0.5966666666666666,15,WR,13.120486111111111,True,True,False,False,False,,,,2.955510969260665,6.443968253968255,,
0.5966666666666666,,00-0035662,0.9204946996466431,WR,11.972222222222221,WR,0.22264875239923224,215.5,,,0.39501779359430605,0.7,0.2572062084257206,1.8522072936660268,,,BAL,2020,0.6623217681545952,23.0,False,11.066666666666666,,0.7822222222222223,18,WR,13.634375,True,True,True,False,True,,,,3.2657447915639746,7.455670103092784,,
0.7822222222222223,,00-0035662,0.84,WR,14.26875,WR,0.23174603174603176,228.3,11.066666666666666,,0.31403678606001934,0.8,0.2470389170896785,1.6,,,BAL,2021,0.5903841258765312,24.0,False,11.972222222222221,,0.795,16,WR,11.680769230769231,True,True,True,True,True,,,,3.547443575365998,7.661544117647058,,
0.795,,00-0035662,0.6525759577278731,WR,13.0,WR,0.2165991902834008,156.0,11.972222222222221,,0.2685535992868286,0.9,0.16876971608832808,1.4352226720647774,,,ARI,2022,0.44114209363327206,25.0,False,14.26875,,0.9108333333333333,12,WR,7.9907692307692315,True,True,True,True,True,,,,3.3356818473589986,6.8048,,
0.9108333333333333,,00-0035662,0.7205651491365777,WR,10.361538461538462,WR,0.22004357298474944,134.70000000000002,14.26875,,0.3007862033984276,1.0,0.18703703703703703,1.2505446623093681,,,ARI,2023,0.49110589793445486,26.0,False,13.0,,0.8507142857142858,13,WR,7.113125,True,True,True,True,True,,,,2.5148956893887444,6.064591836734693,,
0.544,,00-0035662,0.5708092485549133,WR,8.60625,WR,0.18734177215189873,137.7,10.361538461538462,,0.19450907398790135,1.0,0.13479052823315119,1.4860759493670885,,,KC,2025,0.33834214414125774,28.0,False,5.62,,0.535,16,WR,,False,,True,True,True,,,,3.20973191857489,6.352714285714287,,
,,00-0035664,0.06306306306306306,RB,2.488888888888889,RB,0.14285714285714285,22.400000000000002,,,0.0006257822277847309,0.825,0.009836065573770493,0.8809523809523809,,,LA,2019,0.01519214592010505,22.0,False,,,0.1123076923076923,9,RB,10.935641025641026,True,True,False,False,False,,,,,,,
0.1123076923076923,,00-0035664,0.24216524216524216,RB,8.686666666666667,RB,0.1411764705882353,130.3,,,0.0037638202775817455,1.0,0.0392156862745098,0.9352941176470588,,,LA,2020,0.061458203606071925,23.0,True,2.488888888888889,,0.336,15,RB,10.267307692307693,True,True,True,False,True,,,,,,0.01162027609615948,30.434782608695656
0.336,,00-0035664,0.42111801242236024,RB,13.184615384615386,RB,0.13274336283185842,171.4,2.488888888888889,,0.013573232323232324,1.0,0.06097560975609756,0.6460176991150443,,,LA,2021,0.10096467726040896,24.0,True,8.686666666666667,,0.6392307692307693,13,RB,9.1125,True,True,True,True,True,,,,,,-0.3209437762999273,12.751677852348994
0.6392307692307693,,00-0035664,0.3898858075040783,RB,7.35,RB,0.09205020920502092,73.5,8.686666666666667,,0.007644007644007644,1.0,0.04263565891472868,0.42677824267782427,,,LA,2022,0.06930429372289837,25.0,True,13.184615384615386,,0.5279999999999999,10,RB,10.875,True,True,True,True,True,,,,,,,
0.5279999999999999,,00-0035664,0.10719530102790015,RB,10.875,RB,0.1917808219178082,43.5,13.184615384615386,,-0.0019280205655526992,1.0,0.023769100169779286,1.4109589041095891,,,LA,2023,0.034304035858782035,26.0,True,7.35,,0.49749999999999994,4,RB,,False,False,True,True,True,,,,,,,
,,00-0035671,0.054929577464788736,TE,2.1,TE,0.10256410256410256,10.5,,,0.004154078549848943,0.6,0.0066555740432612314,0.38461538461538464,,,GB,2019,0.012891216049786106,23.0,False,,,0.19125,5,TE,3.675,True,True,False,False,False,1.0,,,,,,
0.19125,,00-0035671,0.125,TE,3.675,TE,0.18072289156626506,29.4,,,0.022121993127147768,0.7,0.025817555938037865,1.3734939759036144,,,GB,2020,0.054211729096060236,24.0,False,2.1,,0.25333333333333335,8,TE,,False,False,True,False,True,1.0,,,,,,
,,00-0035676,0.7541254125412541,WR,12.073684210526316,WR,0.20568927789934355,229.4,,,0.27593360995850624,0.6,0.19624217118997914,2.439824945295405,,,TEN,2019,0.4875167837559231,22.0,False,,,0.7231578947368421,19,WR,16.287380952380953,True,True,False,False,False,,,,2.1862734695694725,4.9575000000000005,,
0.7231578947368421,,00-0035676,0.768270944741533,WR,17.853333333333335,WR,0.2691415313225058,267.8,,,0.3137982195845697,0.7,0.23770491803278687,2.6867749419953597,,,TEN,2020,0.5762161307583791,23.0,False,12.073684210526316,,0.8160000000000001,15,WR,15.690714285714286,True,True,True,False,True,,,,2.404694913284214,5.445809523809524,,
0.8160000000000001,,00-0035676,0.5945945945945946,WR,14.721428571428573,WR,0.3048128342245989,206.10000000000002,12.073684210526316,,0.34115654488265185,0.8,0.21033210332103322,2.7032085561497325,,,TEN,2021,0.5543077363994061,24.0,False,17.853333333333335,,0.7085714285714285,14,WR,16.84764705882353,True,True,True,True,True,,,,2.640335918704501,6.111111111111111,,
0.7085714285714285,,00-0035676,0.9237170596393898,WR,16.66,WR,0.25075075075075076,333.2,17.853333333333335,,0.40613179374875574,0.9,0.28449744463373083,2.4654654654654653,,,PHI,2022,0.7110384225747253,25.0,False,14.721428571428573,,0.844,20,WR,16.08235294117647,True,True,True,True,True,,,,2.6036546557724924,5.582708333333335,,
0.844,,00-0035676,0.8410404624277457,WR,17.03529411764706,WR,0.27147766323024053,289.6,14.721428571428573,,0.39366900361164225,1.0,0.2836624775583483,2.5017182130584192,,,PHI,2023,0.701062018865672,26.0,False,16.66,,0.8888235294117647,17,WR,14.620955882352941,True,True,True,True,True,,,,2.436500003793638,6.579358974358975,,
0.878235294117647,,00-0035676,0.8452768729641694,WR,14.1125,WR,0.2466281310211946,225.8,17.03529411764706,,0.3456844907921012,1.0,0.2570281124497992,1.9807321772639692,,,PHI,2025,0.6275213122291696,28.0,False,15.129411764705882,,0.9125,16,WR,,False,,True,True,True,,,,2.2443304359534424,5.740588235294117,,
,,00-0035685,0.4753846153846154,RB,10.65,RB,0.11326860841423948,170.4,,,0.02149554081865996,0.825,0.061837455830388695,0.598705501618123,,,CHI,2019,0.10780306231864502,22.0,True,,,0.578125,16,RB,15.871875000000001,True,True,False,False,False,,,,,,-0.2235091901741371,19.834710743801654
0.578125,,00-0035685,0.6893617021276596,RB,16.743750000000002,RB,0.1419753086419753,267.90000000000003,,,0.013580986618733772,1.0,0.11093247588424437,0.9012345679012346,,,CHI,2020,0.1759054044594802,23.0,True,10.65,,0.745,16,RB,13.053125000000001,True,True,True,False,True,,,,,,0.22357605034585173,17.00404858299595
0.745,,00-0035685,0.5438066465256798,RB,15.0,RB,0.14166666666666666,195.0,10.65,,0.01037344398340249,1.0,0.09732824427480916,0.8361111111111111,,,CHI,2021,0.1532537772005955,24.0,True,16.743750000000002,,0.7515384615384615,13,RB,12.847242647058824,True,True,True,True,True,,,,,,-0.3581330398630339,21.333333333333336
0.7515384615384615,,00-0035685,0.6254901960784314,RB,11.106250000000001,RB,0.12539184952978055,177.70000000000002,16.743750000000002,,0.016022620169651274,1.0,0.11173184357541899,0.9905956112852664,,,CHI,2022,0.17881359948188438,25.0,True,15.0,,0.6475,16,RB,14.80478431372549,True,True,True,True,True,,,,,,-0.26405047383607105,23.88059701492537
0.6475,,00-0035685,0.3515625,RB,14.588235294117647,RB,0.11481481481481481,248.0,15.0,,-0.0025167785234899327,1.0,0.045722713864306784,0.6,,,DET,2023,0.06682232583001722,26.0,True,11.106250000000001,,0.4882352941176471,17,RB,12.420078431372549,True,True,True,True,True,,,,,,0.28799864556395244,21.00456621004566
0.4073333333333334,,00-0035685,0.35942492012779553,RB,9.818823529411766,RB,0.1288888888888889,166.92000000000002,14.588235294117647,,0.003267084127416281,0.56,0.05272727272727273,0.8533333333333334,,,DET,2025,0.08137786798010048,28.0,True,15.021333333333333,,0.37058823529411766,17,RB,,False,,True,True,True,,,,,,0.7990674643657507,34.177215189873415
,,00-0035689,0.5990783410138248,TE,5.1312500000000005,TE,0.13333333333333333,82.10000000000001,,,0.09497661175513525,0.6,0.09867172675521822,1.0307692307692307,,,BUF,2019,0.214491218361422,23.0,False,,,0.645,16,TE,9.077100840336135,True,True,False,False,False,1.0,,,2.8445422268720857,4.45975,,
0.645,,00-0035689,0.4968394437420986,TE,6.807142857142857,TE,0.1450381679389313,95.3,,,0.06682219630061656,0.7,0.08333333333333333,0.8982188295165394,,,BUF,2020,0.17177553741043158,24.0,False,5.1312500000000005,,0.6006666666666667,14,TE,10.326470588235294,True,True,True,False,True,1.0,,,3.9694209066443573,5.042187499999999,,
0.6006666666666667,,00-0035689,0.7718204488778054,TE,11.347058823529412,TE,0.12924071082390953,192.9,5.1312500000000005,,0.10444674250258532,0.8,0.1171303074670571,1.1066235864297254,,,BUF,2021,0.24880818095239537,25.0,False,6.807142857142857,,0.8788235294117647,17,TE,7.315441176470587,True,True,True,True,True,1.0,,,3.9503061195897695,5.272758620689656,,
0.8788235294117647,,00-0035689,0.7679045092838196,TE,9.305882352941175,TE,0.13298791018998274,158.2,6.807142857142857,,0.10213894876471563,0.9,0.12261146496815287,1.0397236614853196,,,BUF,2022,0.25541446158753023,26.0,False,11.347058823529412,,0.8052941176470588,17,TE,4.650735294117647,True,True,True,True,True,1.0,,,4.2667712448568675,5.477450980392156,,
0.8052941176470588,,00-0035689,0.4054421768707483,TE,5.325,TE,0.13087248322147652,63.9,11.347058823529412,,0.053074813944379164,1.0,0.06372549019607843,0.6677852348993288,,,BUF,2023,0.13274060505518304,27.0,False,9.305882352941175,,0.5721428571428572,12,TE,5.207679738562091,True,True,True,True,True,1.0,,,,,,
0.5994736842105264,,00-0035689,0.5493372606774669,TE,6.438888888888889,TE,0.15281501340482573,115.9,5.325,,0.09421167352869944,1.0,0.10307414104882459,1.2841823056300268,,,BUF,2025,0.22055938304332648,29.0,False,3.9764705882352938,,0.5805263157894738,18,TE,,False,,True,True,True,1.0,,,3.6420425140505337,5.318157894736841,,
,,00-0035700,0.31922398589065254,RB,14.738461538461538,RB,0.14917127071823205,191.6,,,-0.010362694300518135,0.65,0.05567010309278351,0.9171270718232044,,,LV,2019,0.07625126862881257,21.0,True,,,0.5576923076923077,13,RB,15.294375,True,True,False,False,False,,,,,,0.668792155299012,19.834710743801654
0.5576923076923077,,00-0035700,0.4868421052631579,RB,15.42,RB,0.15202702702702703,231.3,,,0.007638888888888889,0.825,0.08893280632411067,0.8040540540540541,,,LV,2020,0.13874643170838824,22.0,True,14.738461538461538,,0.6126666666666666,15,RB,17.24025735294118,True,True,True,False,True,,,,,,-0.030389135858378245,25.64102564102564
0.6126666666666666,,00-0035700,0.5127175368139224,RB,15.168750000000001,RB,0.1801566579634465,242.70000000000002,14.738461538461538,,-0.004351116155883465,1.0,0.1078125,1.0234986945169713,,,LV,2021,0.1586729686908816,23.0,True,15.42,,0.635625,16,RB,16.62126696832579,True,True,True,True,True,,,,,,-0.0634797407867363,17.51152073732719
0.635625,,00-0035700,0.6517719568567026,RB,19.311764705882354,RB,0.15130023640661938,328.3,15.42,,0.006696001530514636,1.0,0.11469534050179211,0.9456264775413712,,,LV,2022,0.17673021182404844,24.0,True,15.168750000000001,,0.7411764705882353,17,RB,15.693162393162396,True,True,True,True,True,,,,,,0.474262444688384,20.588235294117645
0.7411764705882353,,00-0035700,0.5148026315789473,RB,13.930769230769231,RB,0.17252396166134185,181.1,15.168750000000001,,0.009019700925706147,1.0,0.1016949152542373,0.9456869009584664,,,LV,2023,0.15885616352935025,25.0,True,19.311764705882354,,0.7607692307692309,13,RB,16.34965277777778,True,True,True,True,True,,,,,,-0.3739304610770163,21.45922746781116
0.6333333333333333,,00-0035700,0.48092868988391374,RB,15.24375,RB,0.16206896551724137,243.9,13.930769230769231,,-0.005998666962897134,0.78,0.09456740442655935,0.9827586206896551,,,GB,2025,0.13765203976581103,27.0,True,17.45555555555556,,0.593125,16,RB,,False,,True,True,True,,,,,,-0.03147802276027586,17.52136752136752
,,00-0035703,0.3955094991364421,WR,4.338461538461538,WR,0.12663755458515283,56.4,,,0.1085899513776337,0.7,0.06079664570230608,0.9781659388646288,,,BAL,2019,0.1672079345178027,23.0,False,,,0.4035294117647059,13,WR,4.6625,True,True,False,False,False,,,,,,,
0.4035294117647059,,00-0035703,0.5424028268551236,WR,4.6625,WR,0.1237785016286645,74.6,,,0.11108286731062532,0.8,0.08425720620842572,0.9315960912052117,,,BAL,2020,0.2041438164300763,24.0,False,4.338461538461538,,0.555,16,WR,0.31,True,True,True,False,True,,,,,,,
,,00-0035703,0.046583850931677016,WR,0.31,WR,0.1,3.1,4.6625,,0.010447422212128094,1.0,0.005703422053231939,0.36666666666666664,,,PIT,2022,0.015868328628337574,26.0,False,,,0.12,10,WR,0.5875,True,True,False,True,False,,,,,,,
0.12,,00-0035703,0.060655737704918035,WR,0.5875,WR,0.10810810810810811,4.7,,,0.004993429697766097,1.0,0.008213552361396304,0.4594594594594595,,,PIT,2023,0.015815729330530725,27.0,False,0.31,,0.11333333333333334,8,WR,,False,False,True,False,True,,,,,,,
,-0.8256649696513226,00-0035704,0.30511463844797176,QB_pocket,13.6,QB,0.0,68.0,,0.0571966026612216,0.0,0.6,0.0,0.0,0.08524799652882224,161.0,DEN,2019,0.0,23.0,False,,161.0,1.0,5,QB,11.297179487179488,True,True,False,False,False,,-2.357368276287346,2.829083333333333,,,,
1.0,-5.543332781310372,00-0035704,0.7880258899676376,QB_pocket,13.947692307692307,QB,0.0,181.32,,-0.08901788113918561,0.0,0.657,0.0,0.0,-0.10341126113607788,464.0,DEN,2020,0.0,24.0,False,13.6,464.0,0.9353846153846154,13,QB,8.646666666666667,True,True,True,False,True,,-3.6622248262032358,2.872619047619048,,,,
0.9353846153846154,-3.309113416103048,00-0035704,0.21287128712871287,QB_pocket,8.646666666666667,QB,0.007751937984496124,51.88,13.6,-0.06408266039067936,-0.0011397310234784591,0.714,0.0019342359767891683,0.007751937984496124,-0.07736474306052889,119.0,DEN,2021,0.0021035422487488313,25.0,False,13.947692307692307,119.0,0.6966666666666667,6,QB,7.279999999999999,True,True,True,True,True,,,,,,,
,-5.0828388929367065,00-0035704,0.13458528951486698,QB_pocket,7.279999999999999,QB,0.0,29.119999999999997,8.646666666666667,-0.02874858841096063,0.0,0.828,0.0,0.0,-0.019285816760215013,83.0,SEA,2023,0.0,27.0,False,,83.0,0.6074999999999999,4,QB,11.448571428571428,True,True,False,True,False,,,,,,,
,-1.9408105670472386,00-0035710,0.7727272727272727,QB_pocket,16.536923076923078,QB,0.0,214.98000000000002,,-0.06992237307937785,0.0,0.543,0.0,0.0,-0.09157134482605161,500.0,NYG,2019,0.0,22.0,False,,500.0,0.9284615384615384,13,QB,14.043831168831169,True,True,False,False,False,,0.6018977825304574,2.843729847494554,,,,
0.9284615384615384,-2.243342771436329,00-0035710,0.8710217755443886,QB_dual_threat,12.858571428571429,QB,0.0,180.02,,-0.056818261625273286,0.0,0.7,0.0,0.0,-0.07155461901566329,494.0,NYG,2020,0.0,23.0,True,16.536923076923078,494.0,0.9664285714285714,14,QB,16.576767676767677,True,True,True,False,True,,1.148750984741909,2.758139013452915,,,,
0.9664285714285714,-0.8439087730319768,00-0035710,0.6186186186186187,QB_dual_threat,15.22909090909091,QB,0.0024271844660194173,167.52,16.536923076923078,-0.02838603246101013,0.0031699585466959277,0.8,0.0018214936247723133,0.038834951456310676,-0.03693472305987743,383.0,NYG,2021,0.004951211419845619,24.0,True,12.858571428571429,383.0,0.9481818181818181,11,QB,13.70888888888889,True,True,True,True,True,,0.6926668730468819,2.782413888888889,,,,
0.9481818181818181,1.4272528874921608,00-0035710,0.9145658263305322,QB_dual_threat,17.924444444444443,QB,0.0,322.64,12.858571428571429,0.00921532914247222,0.0,0.9,0.0,0.0,0.00704795782856534,584.0,NYG,2022,0.0,25.0,True,15.22909090909091,584.0,0.9722222222222222,18,QB,11.511666666666667,True,True,True,True,True,,1.951133717893299,2.8993297644539617,,,,
0.9722222222222222,0.2796642628370547,00-0035710,0.314540059347181,QB_dual_threat,9.493333333333334,QB,0.0,56.96000000000001,15.22909090909091,-0.2405352484335289,0.0,1.0,0.0,0.0,-0.3448203446029144,191.0,NYG,2023,0.0,26.0,True,17.924444444444443,191.0,0.8133333333333334,6,QB,15.47423076923077,True,True,True,True,True,,0.47623476944863796,2.7349875,,,,
0.9789999999999999,2.2971419322906166,00-0035710,0.71499176276771,QB_pocket,17.41846153846154,QB,0.0,226.44,9.493333333333334,0.10434948918881871,0.0,0.885,0.0,0.0,0.13922580484563837,409.0,IND,2025,0.0,28.0,False,13.530000000000001,409.0,0.9146153846153846,13,QB,,False,,True,True,True,,3.3791927083333206,2.700549738219895,,,,
,,00-0035715,0.054626532887402456,RB,6.266666666666667,RB,0.1836734693877551,56.4,,,0.0020676691729323306,0.78,0.012016021361815754,2.142857142857143,,,KC,2021,0.019471400463776264,27.0,False,,,,9,RB,,False,False,False,False,False,,,,,,,
,,00-0035719,0.7647058823529411,WR,12.333333333333334,WR,0.2175824175824176,222.0,,,0.22785950165115582,0.7,0.19919517102615694,2.0417582417582416,,,SF,2019,0.4582944076950445,23.0,False,,,0.735,18,WR,16.029022556390977,True,True,False,False,False,,,,3.1797196177612954,5.771447368421053,,
0.735,,00-0035719,0.28225806451612906,WR,11.528571428571428,WR,0.25142857142857145,80.7,,,0.031232254400908575,0.8,0.0838095238095238,2.2342857142857144,,,SF,2020,0.14757686379492171,24.0,False,12.333333333333334,,0.6442857142857142,7,WR,16.824111842105264,True,True,True,False,True,,,,4.60005230039468,6.914634146341462,,
0.6442857142857142,,00-0035719,0.8346213292117465,WR,20.529473684210526,WR,0.25,390.06,12.333333333333334,,0.2592230637674078,0.9,0.25616698292220114,2.887037037037037,,,SF,2021,0.5657066190204871,25.0,True,11.528571428571428,,0.791578947368421,19,WR,14.137152777777779,True,True,True,True,True,,,,3.320780213898697,6.697747747747746,,
0.791578947368421,,00-0035719,0.7122861586314152,WR,13.11875,WR,0.25327510917030566,209.9,11.528571428571428,,0.14174022698612862,1.0,0.2116788321167883,1.8406113537117903,,,SF,2022,0.4167364070654725,26.0,True,20.529473684210526,,0.784375,16,WR,12.764444444444445,True,True,True,True,True,,,,3.582165655251973,6.698356164383562,,
0.784375,,00-0035719,0.6857142857142857,WR,15.155555555555557,WR,0.24342105263157895,272.8,20.529473684210526,,0.16364826532838753,1.0,0.20108695652173914,2.276315789473684,,,SF,2023,0.41618422051247994,27.0,True,13.11875,,0.7072222222222222,18,WR,11.067916666666667,True,True,True,True,True,,,,3.6988329008754164,6.773552631578947,,
0.7313333333333334,,00-0035719,0.7700348432055749,WR,11.762500000000001,WR,0.2239819004524887,188.20000000000002,15.155555555555557,,0.14053333333333334,0.88,0.22916666666666666,1.6447963800904977,,,WAS,2025,0.4421233333333333,29.0,False,10.373333333333333,,0.7225,16,WR,,False,,True,True,True,,,,3.5421433779842006,6.291604938271605,,
,,00-0035726,0.21157684630738524,RB,2.1875,FB,0.08490566037735849,17.5,,,0.005129958960328317,1.0,0.021479713603818614,0.330188679245283,,,NE,2020,0.03581054167795774,26.0,False,,,0.37375,8,RB,0.8655844155844156,True,True,False,False,False,,,,,,,
0.37375,,00-0035726,0.1348314606741573,RB,1.1857142857142857,FB,0.07142857142857142,8.3,,,0.0024498886414253897,0.78,0.01073345259391771,0.5119047619047619,,,NE,2021,0.017815100939874335,27.0,False,2.1875,,0.2838888888888889,7,RB,0.4102272727272727,True,True,True,False,True,,,,,,,
0.2838888888888889,,00-0035726,0.1386748844375963,RB,0.5454545454545454,FB,0.06666666666666667,6.0,2.1875,,0.001339200306102927,0.56,0.010752688172043012,0.1111111111111111,,,LV,2022,0.017066472472336565,28.0,False,1.1857142857142857,,0.27176470588235296,11,RB,0.275,True,True,True,True,True,,,,,,,
0.27176470588235296,,00-0035726,0.1069078947368421,RB,0.275,FB,0.03076923076923077,2.2,1.1857142857142857,,0.0014241633040588653,0.34,0.003766478342749529,0.18461538461538463,,,LV,2023,0.0066466318269655,29.0,False,0.5454545454545454,,0.23076923076923078,8,RB,,False,False,True,True,True,,,,,,,
,,00-0035771,0.05867665418227216,TE,1.15,TE,0.10638297872340426,4.6,,,0.0036370597243491577,0.8,0.0073964497041420114,0.3404255319148936,,,CIN,2021,0.013640616363257427,25.0,False,,,,4,TE,2.462878787878788,True,True,False,False,False,0.0,,,,,,
,,00-0035771,0.32063882063882065,TE,3.709090909090909,TE,0.0842911877394636,40.8,,,0.019020053752325822,0.9,0.031654676258992806,0.6053639846743295,,,CIN,2022,0.060796052015117286,26.0,False,1.15,,,11,TE,1.2166666666666666,True,True,True,False,False,0.0,,,,,,
,,00-0035771,0.12643678160919541,TE,1.2166666666666666,TE,0.13636363636363635,14.6,1.15,,0.0032119914346895075,1.0,0.02027027027027027,0.6363636363636364,,,CIN,2023,0.03265379940968806,27.0,False,3.709090909090909,,,12,TE,,False,False,True,True,False,0.0,,,,,,
,,00-0035806,0.07580645161290323,RB,5.183333333333334,RB,0.1702127659574468,31.1,,,-0.005394662123793299,1.0,0.015238095238095238,0.7021276595744681,,,SF,2020,0.01908087937048755,24.0,False,,,0.17875,6,RB,4.406428571428571,True,True,False,False,False,,,,,,,
0.17875,,00-0035806,0.2009273570324575,RB,3.792857142857143,RB,0.24615384615384617,53.1,,,0.015636452479843636,1.0,0.06072106261859583,1.2538461538461538,,,SF,2021,0.10202711066378428,25.0,False,5.183333333333334,,0.19285714285714287,14,RB,5.02,True,True,True,False,True,,,,,,,
0.19285714285714287,,00-0035806,0.25,RB,5.02,RB,0.1497326203208556,75.3,5.183333333333334,,-0.006382540662960675,1.0,0.0425531914893617,0.7112299465240641,,,JAX,2022,0.059362008769970075,26.0,False,3.792857142857143,,0.21947368421052632,15,RB,2.4,True,True,True,True,True,,,,,,,
,,00-0035831,0.5308464849354376,RB,17.885714285714286,RB,0.16216216216216217,250.4,,,-0.0103353722843282,0.825,0.10291595197255575,0.9297297297297298,,,JAX,2020,0.14713916735980387,22.0,True,,,0.7007142857142857,14,RB,10.237987012987013,True,True,False,False,False,,,,,,0.17116916678185426,20.416666666666668
0.7007142857142857,,00-0035831,0.4457652303120357,RB,12.421428571428573,RB,0.15333333333333332,173.9,,,0.008688097306689836,1.0,0.07890222984562607,0.74,,,JAX,2021,0.124435012883122,23.0,True,17.885714285714286,,0.5964285714285714,14,RB,8.054545454545455,True,True,True,False,True,,,,,,-0.10053927174690735,18.29268292682927
0.5964285714285714,,00-0035831,0.1697860962566845,RB,8.054545454545455,RB,0.11023622047244094,88.6,17.885714285714286,,0.00020588840848260242,1.0,0.02127659574468085,0.4015748031496063,,,JAX,2022,0.032059015502959094,24.0,True,12.421428571428573,,0.37545454545454543,11,RB,,False,False,True,True,True,,,,,,-0.412139045315615,10.909090909090908
,,00-0035835,,RB,0.0,RB,,0.0,,,0.0,1.0,0.0,,,,JAX,2020,0.0,24.0,False,,,,7,RB,,False,False,False,False,False,,,,,,,
,,00-0035848,0.08653846153846154,WR,3.2142857142857144,WR,0.18518518518518517,22.5,,,0.0037647058823529413,0.6,0.01730103806228374,1.462962962962963,,,IND,2020,0.028586851211072666,22.0,False,,,,7,WR,,False,False,False,False,False,,,,,,,
,,00-0035860,0.1097770154373928,RB,2.21,RB,0.125,22.1,,,0.0002731494127287626,1.0,0.016985138004246284,0.453125,,,NO,2021,0.02566891159527956,24.0,False,,,0.19636363636363638,10,RB,5.366666666666667,True,True,False,False,False,,,,,,,
,,00-0035860,0.14756671899529042,RB,5.366666666666667,RB,0.10638297872340426,32.2,2.21,,-0.004565051990869896,1.0,0.018518518518518517,0.39361702127659576,,,ARI,2023,0.024582241384168847,26.0,False,,,0.2942857142857143,6,RB,,False,False,False,True,False,,,,,,,
,,00-0035864,0.2590759075907591,WR,3.5036363636363634,WR,0.1464968152866242,38.54,,,0.04217004786870299,0.8,0.04448742746615087,1.1146496815286624,,,DEN,2021,0.09625017470731839,24.0,False,,,0.24875,11,WR,5.127272727272727,True,True,False,False,False,,,,,,,
0.24875,,00-0035864,0.4322289156626506,WR,5.127272727272727,WR,0.11498257839721254,56.4,,,0.06486833654463713,0.9,0.062264150943396226,1.083623693379791,,,DEN,2022,0.13880406199634032,25.0,False,3.5036363636363634,,0.5783333333333333,11,WR,,False,False,True,False,True,,,,,,,
,,00-0035869,0.12897822445561138,WR,3.2199999999999998,WR,0.14285714285714285,16.099999999999998,,,0.02333931777378815,0.7,0.02217741935483871,1.1818181818181819,,,NYG,2020,0.04960365147390977,23.0,False,,,,5,WR,,False,False,False,False,False,,,,,,,
,,00-0035876,0.09907529722589167,WR,2.3,WR,0.13333333333333333,11.5,,,0.0202808112324493,0.9,0.015772870662460567,0.6,,,ARI,2022,0.03785587385640536,25.0,False,,,,5,WR,,False,False,False,False,False,,,,,,,
,,00-0035876,0.09479305740987984,WR,0.7,WR,0.056338028169014086,2.8,,,0.0015730337078651685,1.0,0.006482982171799027,0.11267605633802817,,,ARI,2025,0.010825596853204158,28.0,False,,,0.27,4,WR,,False,,False,False,False,,,,,,,
,,00-0035891,0.048748353096179184,WR,1.3833333333333335,WR,0.16216216216216217,8.3,,,0.008023648648648648,0.7,0.008658008658008658,0.8918918918918919,,,PIT,2021,0.01860356704106704,23.0,False,,,,6,WR,,False,False,False,False,False,,,,,,,
,,00-0035891,0.06902086677367576,WR,2.25,WR,0.09302325581395349,18.0,,,0.00874047512326311,1.0,0.0073937153419593345,2.0930232558139537,,,SEA,2025,0.017208905599223178,27.0,False,,,,8,WR,,False,,False,False,False,,,,,,,
,,00-0035912,0.008090614886731391,RB,0.65,RB,0.2,2.6,,,0.0,1.0,0.001876172607879925,1.0,,,DEN,2020,0.0028142589118198874,24.0,False,,,,4,RB,,False,False,False,False,False,,,,,,,
,,00-0035924,0.001524390243902439,RB,1.157142857142857,RB,1.0,8.1,,,-0.000922722029988466,1.0,0.001841620626151013,11.0,,,ARI,2020,0.002116525518234593,23.0,False,,,0.004285714285714286,7,RB,1.1888888888888889,True,True,False,False,False,,,,,,,
0.004285714285714286,,00-0035924,0.041193181818181816,RB,1.0777777777777777,RB,0.13793103448275862,9.7,,,0.002856515051637003,1.0,0.006622516556291391,1.1724137931034482,,,ARI,2021,0.011933335370582988,24.0,False,1.157142857142857,,0.04846153846153846,9,RB,1.3,True,True,True,False,True,,,,,,,
0.04846153846153846,,00-0035924,0.009433962264150943,RB,1.3,RB,0.6,5.2,1.157142857142857,,0.001195814648729447,1.0,0.006880733944954129,1.4,,,TEN,2022,0.011158171171541807,25.0,False,1.0777777777777777,,0.018750000000000003,4,RB,0.55,True,True,True,True,True,,,,,,,
,-11.778709021481601,00-0035939,0.0766721044045677,QB_pocket,3.0880000000000005,QB,0.0,15.440000000000003,,-0.37160132777513644,0.0,0.771,0.0,0.0,-0.480378858158131,39.0,LA,2022,0.0,26.0,False,,39.0,,5,QB,,False,False,False,False,False,,,,,,,
,,00-0035956,0.07894736842105263,TE,0.0,FB,0.037037037037037035,0.0,,,0.005337665351589696,0.8,0.0034782608695652175,0.0,,,CAR,2021,0.008953757050460613,25.0,False,,,,8,TE,1.6363636363636365,True,True,False,False,False,0.0,,,,,,
,,00-0035956,0.14619883040935672,TE,1.6363636363636365,TE,0.12,18.0,,,0.017166042446941324,0.9,0.02107728337236534,1.3333333333333333,,,CAR,2022,0.04363215477140694,26.0,False,0.0,,,11,TE,,False,False,True,False,False,0.0,,,,,,
,,00-0035957,0.13578274760383385,RB,5.214285714285714,RB,0.12941176470588237,36.5,,,0.003953545836422041,1.0,0.020872865275142316,0.6941176470588235,,,CAR,2020,0.034076779998208906,24.0,False,,,,7,RB,,False,False,False,False,False,,,,,,,
,,00-0035973,0.049707602339181284,RB,3.4400000000000004,RB,0.058823529411764705,17.200000000000003,,,-0.00042799058420714745,1.0,0.0033500837520938024,0.08823529411764706,,,GB,2021,0.004725532219195701,23.0,False,,,,5,RB,1.6602564102564104,True,True,False,False,False,,,,,,,
,,00-0035973,0.022913256955810146,RB,0.9666666666666668,RB,0.07142857142857142,5.800000000000001,,,0.0,1.0,0.0018552875695732839,1.2142857142857142,,,GB,2022,0.0027829313543599257,24.0,False,3.4400000000000004,,,6,RB,3.3054945054945053,True,True,True,False,False,,,,,,,
,,00-0035973,0.260431654676259,RB,2.353846153846154,RB,0.09392265193370165,30.6,3.4400000000000004,,-0.0015334483419589802,1.0,0.027642276422764227,0.27071823204419887,,,GB,2023,0.040390000794775054,25.0,False,0.9666666666666668,,,13,RB,4.257142857142857,True,True,True,True,False,,,,,,,
,,00-0035976,,WR,0.0,WR,,0.0,,,0.0,0.7,0.0,,,,MIN,2020,0.0,23.0,False,,,,7,WR,,False,False,False,False,False,,,,,,,
,-1.053244907122392,00-0035993,0.31066666666666665,QB_pocket,11.805714285714288,QB,0.0,82.64000000000001,,-0.10649165589049406,0.0,0.6,0.0,0.0,-0.14761703024160985,205.0,BAL,2021,0.0,23.0,False,,205.0,,7,QB,8.267000000000001,True,True,False,False,False,,-0.17300153032262244,2.6177783783783783,,,,
,1.620150296776383,00-0035993,0.2795341098169717,QB_pocket,11.410000000000002,QB,0.0,68.46000000000001,,-0.03531658639338919,0.0,0.657,0.0,0.0,-0.05739576754816906,148.0,BAL,2022,0.0,24.0,False,11.805714285714288,148.0,,6,QB,8.628,True,True,True,False,False,,,,,,,
,-7.07836525780814,00-0035993,0.07007299270072993,QB_pocket,5.124,QB,0.0,25.619999999999997,11.805714285714288,0.04365071711887934,0.0,0.714,0.0,0.0,0.0926940184175768,41.0,BAL,2023,0.0,25.0,False,11.410000000000002,41.0,0.284,5,QB,10.08,True,True,True,True,False,,,,,,,
0.9339999999999999,12.930897978635935,00-0035993,0.16205533596837945,QB_pocket,8.028,QB,0.0,40.14,5.124,0.060787096505513546,0.0,0.828,0.0,0.0,0.03142057509943677,74.0,BAL,2025,0.0,27.0,False,12.132,74.0,0.5940000000000001,5,QB,,False,,True,True,True,,,,,,,
,,00-0036020,0.17591125198098256,RB,11.5,RB,0.12612612612612611,69.0,,,-0.001644736842105263,0.825,0.025688073394495414,0.5495495495495496,,,MIA,2020,0.03738079430226944,22.0,False,,,0.5166666666666667,6,RB,3.325974025974026,True,True,False,False,False,,,,,,,
0.5166666666666667,,00-0036020,0.15072463768115943,RB,3.5090909090909093,RB,0.18269230769230768,38.6,,,0.009242560865644725,1.0,0.03177257525083612,1.125,,,MIA,2021,0.05412865548220548,23.0,False,11.5,,0.20750000000000002,11,RB,4.635714285714285,True,True,True,False,True,,,,,,,
0.20750000000000002,,00-0036020,0.06657018813314038,RB,3.142857142857143,RB,0.13043478260869565,22.0,11.5,,0.0030003529827038475,1.0,0.010327022375215147,1.1521739130434783,,,MIA,2022,0.017590780650715412,24.0,False,3.5090909090909093,,0.08153846153846155,7,RB,6.128571428571428,True,True,True,True,True,,,,,,,
0.08153846153846155,,00-0036020,0.1456752655538695,RB,6.128571428571428,RB,0.23958333333333334,42.9,3.5090909090909093,,0.003089143865842895,1.0,0.040280210157618214,0.9166666666666666,,,MIA,2023,0.06258271594251735,25.0,False,3.142857142857143,,0.2625,7,RB,,False,False,True,True,True,,,,,,,
,,00-0036032,0.05672823218997362,TE,2.54,TE,0.13953488372093023,12.7,,,0.0050092764378478665,0.7,0.008862629246676515,0.627906976744186,,,DAL,2021,0.016800437376508277,24.0,False,,,,5,TE,0.3875,True,True,False,False,False,0.0,,,,,,
,,00-0036032,0.05014749262536873,TE,0.775,TE,0.08823529411764706,3.1,,,0.00019972039145196724,0.8,0.004885993485342019,0.3235294117647059,,,DAL,2022,0.007468794502029406,25.0,False,2.54,,,4,TE,0.0,True,True,True,False,False,0.0,,,,,,
,,00-0036032,0.054376657824933686,TE,0.0,TE,0.04878048780487805,0.0,2.54,,0.00248946763692072,0.9,0.0030165912518853697,0.0,,,DAL,2023,0.006267514223672559,26.0,False,0.775,,0.16555555555555557,8,TE,,False,False,True,True,False,0.0,,,,,,
,,00-0036040,0.12210200927357033,TE,1.58,WR,0.12658227848101267,7.9,,,0.020339927556422402,0.7,0.017482517482517484,0.4936708860759494,,,NO,2020,0.0404617255132719,24.0,False,,,0.3842857142857143,5,TE,6.247115384615386,True,True,False,False,False,0.0,,,,,,
0.3842857142857143,,00-0036040,0.2881646655231561,TE,4.06923076923077,TE,0.13095238095238096,52.900000000000006,,,0.06555585905490303,0.8,0.04670912951167728,0.9464285714285714,,,NO,2021,0.11595279560594804,25.0,False,1.58,,0.26857142857142857,13,TE,7.974038461538462,True,True,True,False,True,0.0,,,,,,
0.26857142857142857,,00-0036040,0.6837455830388692,TE,8.425,TE,0.16795865633074936,134.8,1.58,,0.13577732518669383,0.9,0.1326530612244898,1.3126614987080103,,,NO,2022,0.29402371946742034,26.0,False,4.06923076923077,,0.6481250000000001,16,TE,7.854871794871795,True,True,True,True,True,0.0,,,2.599368052589101,5.567115384615385,,
0.6481250000000001,,00-0036040,0.5129770992366413,TE,7.523076923076923,TE,0.17559523809523808,97.8,4.06923076923077,,0.09184940008274721,1.0,0.10243055555555555,1.0952380952380953,,,NO,2023,0.21794041339125636,27.0,False,8.425,,0.6476923076923077,13,TE,9.384509803921569,True,True,True,True,True,0.0,,,2.802762570983399,4.9534,,
0.6417647058823529,,00-0036040,0.827178729689808,TE,10.58235294117647,TE,0.18214285714285713,179.9,7.523076923076923,,0.1652415562206071,1.0,0.18053097345132743,1.5875,,,NO,2025,0.3864655495314161,29.0,False,8.186666666666667,,0.75,17,TE,,False,,True,True,True,0.0,,,3.648809897426189,5.996666666666666,,
,,00-0036078,,RB,0.0,RB,,0.0,,,0.0,1.0,0.0,,,,LA,2020,0.0,23.0,False,,,,5,RB,,False,False,False,False,False,,,,,,,
,,00-0036096,0.03792415169660679,RB,2.066666666666667,RB,0.10526315789473684,12.4,,,-0.0023939808481532147,0.825,0.00477326968973747,0.21052631578947367,,,NE,2020,0.005484117940898955,22.0,False,,,0.14,6,RB,3.7,True,True,False,False,False,,,,,,,
0.14,,00-0036096,0.04173354735152488,RB,3.7,RB,0.15384615384615385,18.5,,,-0.00044543429844097997,1.0,0.007155635062611807,0.3076923076923077,,,NE,2021,0.010421648585009026,23.0,False,2.066666666666667,,0.148,5,RB,,False,False,True,False,True,,,,,,,
,,00-0036100,0.031936127744510975,WR,1.75,WR,0.125,7.0,,,-0.0003419972640218878,0.7,0.00477326968973747,1.8125,,,NE,2020,0.006920506449790884,23.0,False,,,,4,WR,,False,False,False,False,False,,,,,,,
,,00-0036110,0.06799336650082918,WR,2.6,WR,0.0975609756097561,10.4,,,0.011656143759106362,0.9,0.00808080808080808,1.5609756097560976,,,CLE,2021,0.020280512752586573,25.0,False,,,,4,WR,,False,False,False,False,False,,,,,,,
,,00-0036133,0.024734982332155476,WR,0.18461538461538465,WR,0.21428571428571427,2.4000000000000004,,,0.003050330452465684,0.8,0.0066518847006651885,1.0,,,BAL,2020,0.01211305836772376,24.0,False,,,0.030000000000000002,13,WR,3.094047619047619,True,True,False,False,False,,,,,,,
0.030000000000000002,,00-0036133,0.22533333333333333,WR,5.171428571428572,WR,0.11834319526627218,36.2,,,0.03717328170377541,0.9,0.0338409475465313,1.1952662721893492,,,BAL,2021,0.07678271851243974,25.0,False,0.18461538461538465,,0.21428571428571427,7,WR,0.5083333333333334,True,True,True,False,True,,,,,,,
0.21428571428571427,,00-0036133,0.22961730449251247,WR,1.0166666666666668,WR,0.12318840579710146,12.200000000000001,0.18461538461538465,,0.038480635551142006,1.0,0.034482758620689655,0.4492753623188406,,,BAL,2022,0.07866058281683388,26.0,False,5.171428571428572,,0.17875,12,WR,0.2833333333333333,True,True,True,True,True,,,,,,,
0.17875,,00-0036133,0.04521276595744681,WR,0.0,WR,0.14705882352941177,0.0,5.171428571428572,,0.01608980355472404,1.0,0.0078125,0.0,,,CLE,2023,0.022981612488306827,27.0,False,1.0166666666666668,,0.09636363636363637,11,WR,1.3250000000000002,True,True,True,True,True,,,,,,,
0.026666666666666665,,00-0036133,0.17257318952234207,WR,2.0833333333333335,WR,0.10714285714285714,12.5,0.0,,0.04462009178990311,0.88,0.022684310018903593,0.5803571428571429,,,TEN,2025,0.06526052928128756,29.0,False,0.5666666666666667,,0.29888888888888887,6,WR,,False,,True,True,True,,,,,,,
,,00-0036139,0.005625879043600563,RB,0.4800000000000001,RB,0.0,2.4000000000000004,,,0.0,0.825,0.0,0.0,,,DAL,2020,0.0,22.0,False,,,,5,RB,,False,False,False,False,False,,,,,,,
,,00-0036139,0.1830238726790451,RB,5.764705882352941,RB,0.18115942028985507,98.0,,,0.00038299502106472615,1.0,0.03770739064856712,1.144927536231884,,,DAL,2023,0.05682918248759598,25.0,False,,,0.2211764705882353,17,RB,12.259027777777778,True,True,False,False,False,,,,,,,
0.575,,00-0036139,0.4976228209191759,RB,12.155555555555557,RB,0.16560509554140126,218.8,5.764705882352941,,-0.013359309768995268,0.78,0.10058027079303675,0.964968152866242,,,CAR,2025,0.14151888935125842,27.0,True,12.3625,,0.5494444444444445,18,RB,,False,,True,True,True,,,,,,0.6308861861301389,21.1864406779661
,,00-0036142,0.3370165745856354,WR,4.0249999999999995,WR,0.14754098360655737,48.3,,,0.03812168644281747,0.7,0.05863192182410423,0.8073770491803278,,,WAS,2020,0.11463306324612858,23.0,False,,,0.35333333333333333,12,WR,,False,False,False,False,False,,,,,,,
,,00-0036145,0.19607843137254902,TE,4.35,TE,0.15714285714285714,34.8,,,0.03762376237623762,0.8,0.040145985401459854,0.9857142857142858,,,NYG,2022,0.08655561176555611,25.0,False,,,,8,TE,2.7199999999999998,True,True,False,False,False,0.0,,,,,,
,,00-0036145,0.08456973293768547,TE,2.7199999999999998,TE,0.08771929824561403,13.6,,,0.00583171341294085,0.9,0.010330578512396695,0.631578947368421,,,NYG,2023,0.019578067157653638,26.0,False,4.35,,,5,TE,,False,False,True,False,False,0.0,,,,,,
,,00-0036158,0.5141342756183745,RB,11.264705882352942,RB,0.10309278350515463,191.5,,,0.008896797153024912,0.825,0.06651884700665188,0.5670103092783505,,,BAL,2020,0.10600602851709524,22.0,True,,,0.47411764705882353,17,RB,11.3,True,True,False,False,False,,,,,,1.4732879681041895,23.134328358208954
,,00-0036158,0.18302828618968386,RB,11.3,RB,0.11818181818181818,101.7,11.264705882352942,,0.0024826216484607746,1.0,0.02636916835699797,0.7727272727272727,,,BAL,2022,0.0412915876894195,24.0,True,,,0.42666666666666664,9,RB,13.885714285714286,True,True,False,True,False,,,,,,1.0500490377171572,35.869565217391305
0.6321428571428571,,00-0036158,0.1926605504587156,RB,11.59,RB,0.09523809523809523,115.9,,,-0.006199628022318661,0.78,0.021806853582554516,0.25170068027210885,,,DEN,2025,0.02837054075820871,27.0,True,13.885714285714286,,0.511,10,RB,,False,,True,False,True,,,,,,1.0808658337922878,36.60130718954248
,,00-0036165,0.47478991596638653,WR,11.454545454545455,WR,0.17404129793510326,126.0,,,0.14964639321074966,0.8,0.10766423357664233,1.4749262536873156,,,NYG,2022,0.26624882561248825,24.0,False,,,0.6941666666666667,11,WR,4.285714285714286,True,True,False,False,False,,,,2.8115727274069564,6.70191489361702,,
0.6941666666666667,,00-0036165,0.4169139465875371,WR,4.285714285714286,WR,0.11743772241992882,60.0,,,0.07470147181338517,0.9,0.06818181818181818,0.8185053380782918,,,NYG,2023,0.1545637575420969,25.0,False,11.454545454545455,,0.46588235294117647,14,WR,4.583333333333333,True,True,True,False,True,,,,,,,
,,00-0036165,0.32802547770700635,WR,4.583333333333333,WR,0.09223300970873786,27.5,4.285714285714286,,0.04800556586270872,1.0,0.03777335984095427,0.558252427184466,,,NYG,2025,0.09026393586532751,27.0,False,,,0.7628571428571428,6,WR,,False,,False,True,False,,,,,,,
,,00-0036173,0.034976152623211444,TE,1.5250000000000001,TE,0.2727272727272727,6.1000000000000005,,,0.007258649891120251,0.7,0.01107011070110701,1.4090909090909092,,,TEN,2021,0.02168622097544469,24.0,False,,,,4,TE,,False,False,False,False,False,0.0,,,,,,
,,00-0036176,0.010344827586206896,WR,0.26666666666666666,WR,0.16666666666666666,1.6,,,-0.0004432624113475177,0.9,0.0020964360587002098,1.0,,,TEN,2023,0.002834370400107052,25.0,False,,,,6,WR,0.8750000000000001,True,True,False,False,False,,,,,,,
,,00-0036176,0.06779661016949153,WR,1.1333333333333335,WR,0.09090909090909091,6.800000000000001,0.26666666666666666,,0.023457419683834777,1.0,0.007561436672967864,1.0909090909090908,,,TEN,2025,0.02776234878813614,27.0,False,0.6166666666666667,,0.10900000000000001,6,WR,,False,,True,True,False,,,,,,,
,,00-0036182,0.1265597147950089,WR,1.2,WR,0.14084507042253522,12.0,,,0.023986152324431256,0.7,0.020491803278688523,0.704225352112676,,,TEN,2020,0.04752801154513467,23.0,False,,,0.178,10,WR,5.946875,True,True,False,False,False,,,,,,,
0.178,,00-0036182,0.5548489666136724,WR,6.7250000000000005,WR,0.166189111747851,107.60000000000001,,,0.14977014275344785,0.8,0.1070110701107011,1.3638968481375358,,,TEN,2021,0.2653557050934652,24.0,False,1.2,,0.5735294117647058,16,WR,5.85360576923077,True,True,True,False,True,,,,2.730466171606113,5.328039215686275,,
0.5735294117647058,,00-0036182,0.7886792452830189,WR,5.16875,WR,0.11961722488038277,82.7,1.2,,0.19790732436472347,0.9,0.11467889908256881,0.9497607655502392,,,TEN,2022,0.31055347567915964,25.0,False,6.7250000000000005,,0.7505882352941177,16,WR,8.11565934065934,True,True,True,True,True,,,,2.3214757783760844,5.468958333333334,,
0.7505882352941177,,00-0036182,0.5827586206896552,WR,6.538461538461538,WR,0.13313609467455623,85.0,6.7250000000000005,,0.12234042553191489,1.0,0.09433962264150944,1.0946745562130178,,,TEN,2023,0.2271477318346046,26.0,False,5.16875,,0.6950000000000001,13,WR,5.611813186813186,True,True,True,True,True,,,,2.9041093336940706,6.747,,
0.6994117647058824,,00-0036182,0.411214953271028,WR,1.5307692307692307,WR,0.09090909090909091,19.9,6.538461538461538,,0.033752684872660324,1.0,0.04434589800443459,0.40454545454545454,,,MIA,2025,0.09014572641751412,28.0,False,9.692857142857141,,0.442,13,WR,,False,,True,True,True,,,,,,,
,,00-0036187,0.04424778761061947,RB,1.92,TE,0.05714285714285714,9.6,,,0.0013331111481419764,1.0,0.0029239766081871343,0.45714285714285713,,,BUF,2020,0.005319142715980085,23.0,False,,,,5,RB,1.9828571428571427,True,True,False,False,False,,,,,,,
,,00-0036187,0.07855361596009976,RB,0.9800000000000001,FB,0.12698412698412698,9.8,,,0.0031023784901758012,1.0,0.01171303074670571,0.5555555555555556,,,BUF,2021,0.019741211063181628,24.0,False,1.92,,,10,RB,1.6228571428571428,True,True,True,False,False,,,,,,,
,,00-0036187,0.11671087533156499,RB,2.9857142857142853,FB,0.11363636363636363,20.9,1.92,,0.009616978942132317,1.0,0.01592356687898089,0.7840909090909091,,,BUF,2022,0.03061723557796396,25.0,False,0.9800000000000001,,,7,RB,0.17375000000000002,True,True,True,True,False,,,,,,,
,,00-0036187,0.044897959183673466,RB,0.26,FB,0.030303030303030304,1.3,0.9800000000000001,,0.00019584802193497845,1.0,0.0016339869281045752,0.09090909090909091,,,BUF,2023,0.0025880740075113476,26.0,False,2.9857142857142853,,,5,RB,0.26193181818181815,True,True,True,True,False,,,,,,,
,,00-0036187,0.09572901325478646,RB,0.43636363636363634,FB,0.03076923076923077,4.8,0.26,,0.005328166626301768,0.56,0.003616636528028933,0.36923076923076925,,,BUF,2025,0.009154671430454637,28.0,False,0.08750000000000001,,0.2068421052631579,11,RB,,False,,True,True,False,,,,,,,
,,00-0036194,0.19760479041916168,TE,2.975,TE,0.0707070707070707,11.9,,,0.022913816689466484,0.6,0.016706443914081145,0.3939393939393939,,,NE,2020,0.041099337553748255,23.0,False,,,0.4011111111111111,4,TE,0.5,True,True,False,False,False,0.0,,,,,,
,,00-0036194,0.0687960687960688,TE,0.5,TE,0.07142857142857142,2.5,2.975,,0.01219764316725243,0.8,0.0057553956834532375,0.08928571428571429,,,CIN,2022,0.017171443742256556,25.0,False,,,0.20357142857142857,5,TE,,False,False,False,True,False,0.0,,,,,,
,,00-0036196,0.6637168141592921,WR,7.863157894736842,WR,0.13904761904761906,149.4,,,0.18613564405932345,0.5,0.1067251461988304,1.302857142857143,,,BUF,2020,0.29038267013977204,21.0,False,,,0.6752631578947369,19,WR,11.48235294117647,True,True,False,False,False,,,,3.167483879569995,6.266885245901639,,
0.6752631578947369,,00-0036196,0.4850374064837905,WR,11.18235294117647,WR,0.1953727506426735,190.1,,,0.18734918993450533,0.6,0.11127379209370425,2.033419023136247,,,BUF,2021,0.2980551210947101,22.0,False,7.863157894736842,,0.5261111111111112,17,WR,10.934926470588236,True,True,True,False,True,,,,2.5960470479559143,5.255322580645162,,
0.5261111111111112,,00-0036196,0.876657824933687,WR,11.782352941176471,WR,0.16036308623298035,200.3,7.863157894736842,,0.2815453490300116,0.7,0.16878980891719744,1.48714069591528,,,BUF,2022,0.4502664576968043,23.0,False,11.18235294117647,,0.9035294117647058,17,WR,7.73875,True,True,True,True,True,,,,2.7552704388568845,5.429782608695652,,
0.9035294117647058,,00-0036196,0.7687074829931972,WR,10.0875,WR,0.1433628318584071,161.4,11.18235294117647,,0.23952213082647866,0.8,0.1323529411764706,1.320353982300885,,,BUF,2023,0.36619490334324095,24.0,False,11.782352941176471,,0.8341176470588235,16,WR,5.145,True,True,True,True,True,,,,2.8100075784507923,6.501518987341774,,
0.716,,00-0036196,0.22238586156111928,WR,4.9,WR,0.1390728476821192,34.300000000000004,10.0875,,0.04432065875514653,1.0,0.0379746835443038,0.9470198675496688,,,BUF,2025,0.08798648644505826,26.0,False,5.39,,0.5471428571428572,7,WR,,False,,True,True,True,,,,,,,
,,00-0036208,0.0070921985815602835,RB,2.35,RB,0.0,9.4,,,0.0,1.0,0.0,0.0,,,CHI,2020,0.0,24.0,False,,,,4,RB,,False,False,False,False,False,,,,,,,
,-1.208095448721346,00-0036212,0.5277337559429477,QB_pocket,13.546000000000001,QB,0.0,135.46,,-0.047941393502688744,0.0,0.543,0.0,0.0,-0.06331015308074958,310.0,MIA,2020,0.0,22.0,False,,310.0,0.85,10,QB,15.84,True,True,False,False,False,,-1.138714546787341,2.54508362369338,,,,
0.85,1.9254196866562492,00-0036212,0.6231884057971014,QB_pocket,13.916923076923078,QB,0.0,180.92000000000002,,0.041958961752145876,0.0,0.6,0.0,0.0,0.051689575274538754,409.0,MIA,2021,0.0,23.0,False,13.546000000000001,409.0,0.8776923076923077,13,QB,16.737649572649573,True,True,True,False,True,,1.0112775669711596,2.5235167958656333,,,,
0.8776923076923077,1.432570229821119,00-0036212,0.6266280752532561,QB_pocket,17.763076923076923,QB,0.0,230.92000000000002,13.546000000000001,0.1540295805826788,0.0,0.657,0.0,0.0,0.21390267127602205,421.0,MIA,2022,0.0,24.0,False,13.916923076923078,421.0,0.916923076923077,13,QB,16.109747474747476,True,True,True,True,True,,-1.246526231057942,2.5983483709273183,,,,
0.916923076923077,3.1497144914535156,00-0036212,0.9908952959028832,QB_pocket,15.712222222222222,QB,0.0,282.82,13.916923076923078,0.1148171222047315,0.0,0.714,0.0,0.0,0.15052568390052995,630.0,MIA,2023,0.0,25.0,False,17.763076923076923,630.0,0.9561111111111111,18,QB,13.992922077922078,True,True,True,True,True,,1.4830488718247636,2.3633458781362013,,,,
0.9718181818181818,2.020270698438815,00-0036212,0.8018691588785046,QB_pocket,11.47857142857143,QB,0.0,160.70000000000002,15.712222222222222,0.019484813348807577,0.0,0.828,0.0,0.0,0.019177144647844476,415.0,MIA,2025,0.0,27.0,False,16.507272727272728,415.0,0.9542857142857143,14,QB,,False,,True,True,True,,-0.3173697916666498,2.6543089005235605,,,,
,,00-0036219,0.241112828438949,WR,4.2299999999999995,WR,0.1858974358974359,42.3,,,0.06297018668152689,0.6,0.050699300699300696,1.3653846153846154,,,NO,2020,0.12012808172601985,22.0,False,,,0.33692307692307694,10,WR,6.354705882352942,True,True,False,False,False,,,,,,,
0.33692307692307694,,00-0036219,0.7838765008576329,WR,8.929411764705883,WR,0.1838074398249453,151.8,,,0.2895383774924884,0.7,0.17834394904458598,1.5273522975929978,,,NO,2021,0.4701927878116209,23.0,False,4.2299999999999995,,0.7635294117647059,17,WR,3.7800000000000002,True,True,True,False,True,,,,2.833434106805715,5.755180722891566,,
0.7635294117647059,,00-0036219,0.3339222614840989,WR,3.7800000000000002,WR,0.1693121693121693,37.800000000000004,4.2299999999999995,,0.08802896582937317,0.8,0.0653061224489796,0.8359788359788359,,,NO,2022,0.1595794597540306,24.0,False,8.929411764705883,,0.4428571428571429,10,WR,,False,False,True,True,True,,,,,,,
,,00-0036223,0.3926282051282051,RB,16.825,RB,0.17551020408163265,269.2,,,-0.012705882352941176,0.65,0.07439446366782007,1.2448979591836735,,,IND,2020,0.10269757785467129,21.0,True,,,0.5125,16,RB,17.62807486631016,True,True,False,False,False,,,,,,0.6616520849079559,29.74137931034483
0.5125,,00-0036223,0.6157804459691252,RB,21.947058823529414,RB,0.14206128133704735,373.1,,,-0.011421319796954314,0.825,0.10179640718562874,1.0027855153203342,,,IND,2021,0.14469968692057508,22.0,True,16.825,,0.6947058823529412,17,RB,14.474545454545456,True,True,True,False,True,,,,,,1.1929625056961874,26.80722891566265
0.6947058823529412,,00-0036223,0.4260869565217391,RB,13.30909090909091,RB,0.1360544217687075,146.4,16.825,,-0.019681854947425182,1.0,0.0690846286701209,0.48639455782312924,,,IND,2022,0.08984964454198373,23.0,True,21.947058823529414,,0.7127272727272728,11,RB,16.559285714285714,True,True,True,True,True,,,,,,0.6635111781216455,14.0625
0.7127272727272728,,00-0036223,0.30709876543209874,RB,15.64,RB,0.11557788944723618,156.4,21.947058823529414,,-0.005116959064327485,1.0,0.04212454212454213,0.7688442211055276,,,IND,2023,0.05960494184178394,24.0,True,13.30909090909091,,0.587,10,RB,19.39516806722689,True,True,True,True,True,,,,,,0.32421286623157275,14.201183431952662
0.8028571428571428,,00-0036223,0.8023064250411862,RB,21.311764705882354,RB,0.11293634496919917,362.3,15.64,,-0.010531242686637023,1.0,0.10396975425330812,0.7761806981519507,,,IND,2025,0.14858276149931626,26.0,True,17.47857142857143,,0.8258823529411765,17,RB,,False,,True,True,True,,,,,,0.613373471242784,17.956656346749224
,,00-0036228,0.04974271012006861,WR,2.525,WR,0.13793103448275862,10.1,,,0.009137055837563452,0.7,0.007984031936127744,0.7241379310344828,,,IND,2021,0.018371986990486033,23.0,False,,,0.12125000000000001,4,WR,,False,False,False,False,False,,,,,,,
,,00-0036232,0.4864433811802233,TE,4.753846153846154,TE,0.12786885245901639,61.800000000000004,,,0.06899661781285231,0.5,0.07372400756143667,0.780327868852459,,,CLE,2020,0.1588836438111516,22.0,False,,,0.5517647058823529,13,TE,4.280238095238095,True,True,False,False,False,0.0,,,,,,
0.5517647058823529,,00-0036232,0.28524046434494194,TE,4.153333333333333,TE,0.16279069767441862,62.3,,,0.0626517727051967,0.6,0.05656565656565657,1.3546511627906976,,,CLE,2021,0.12870472574212255,23.0,False,4.753846153846154,,0.3875,15,TE,3.816904761904762,True,True,True,False,True,0.0,,,,,,
0.3875,,00-0036232,0.44605475040257647,TE,4.4071428571428575,TE,0.15162454873646208,61.7,4.753846153846154,,0.056937799043062204,0.7,0.08300395256916997,0.8628158844765343,,,CLE,2022,0.16436238818389848,24.0,False,4.153333333333333,,0.4829411764705882,14,TE,3.08,True,True,True,True,True,0.0,,,,,,
0.4829411764705882,,00-0036232,0.2473404255319149,TE,3.2266666666666666,TE,0.13978494623655913,48.4,4.153333333333333,,0.023760523854069224,0.8,0.040625,0.7849462365591398,,,CLE,2023,0.07756986669784846,25.0,False,4.4071428571428575,,0.335,15,TE,2.1166666666666667,True,True,True,True,True,0.0,,,,,,
0.25461538461538463,,00-0036232,0.12872628726287264,TE,1.3,TE,0.12631578947368421,7.8,3.2266666666666666,,0.017247915087187263,1.0,0.01904761904761905,0.29473684210526313,,,HOU,2025,0.04064496913245966,27.0,False,2.9333333333333336,,0.21214285714285716,6,TE,,False,,True,True,True,0.0,,,,,,
,,00-0036233,0.29984051036682613,WR,4.5357142857142865,WR,0.12234042553191489,63.50000000000001,,,0.08613303269447577,0.5,0.043478260869565216,1.7819148936170213,,,CLE,2020,0.12551051419048087,21.0,False,,,0.3807142857142857,14,WR,9.13393665158371,True,True,False,False,False,,,,,,,
0.3807142857142857,,00-0036233,0.6882255389718076,WR,8.438461538461539,WR,0.13975903614457832,109.7,,,0.21952404079650314,0.6,0.11717171717171718,1.4385542168674699,,,CLE,2021,0.329424404315128,22.0,False,4.5357142857142865,,0.7764285714285715,13,WR,5.752941176470587,True,True,True,False,True,,,,2.1144548401272063,5.722068965517242,,
0.7764285714285715,,00-0036233,0.9227053140096618,WR,9.829411764705881,WR,0.16753926701570682,167.1,4.5357142857142865,,0.2648325358851675,0.7,0.18972332015810275,1.4642233856893543,,,CLE,2022,0.4699677553567714,23.0,False,8.438461538461539,,0.898235294117647,17,WR,1.6764705882352942,True,True,True,True,True,,,,2.5061793617866015,5.684315789473684,,
0.898235294117647,,00-0036233,0.34765625,WR,1.6764705882352942,WR,0.09363295880149813,28.5,8.438461538461539,,0.05725671140939597,0.8,0.03687315634218289,0.5805243445692884,,,DET,2023,0.09538943249985152,24.0,False,9.829411764705881,,0.3938888888888889,17,WR,,False,False,True,True,True,,,,,,,
,,00-0036244,0.13333333333333333,TE,1.6600000000000001,TE,0.10526315789473684,8.3,,,0.010611876270038383,0.5,0.016913319238900635,0.4342105263157895,,,SEA,2021,0.03279829224737782,22.0,False,,,0.22214285714285717,5,TE,4.51,True,True,False,False,False,0.0,,,,,,
0.22214285714285717,,00-0036244,0.36637931034482757,TE,4.906666666666667,TE,0.1568627450980392,73.60000000000001,,,0.06811751904243743,0.6,0.06814310051107325,1.3176470588235294,,,SEA,2022,0.14989691409631606,23.0,False,1.6600000000000001,,0.4116666666666667,15,TE,4.212222222222222,True,True,True,False,True,0.0,,,,,,
0.4116666666666667,,00-0036244,0.4131455399061033,TE,4.113333333333333,TE,0.12878787878787878,61.7,1.6600000000000001,,0.054121151936444886,0.7,0.062157221206581355,0.9356060606060606,,,SEA,2023,0.13112063816538344,24.0,False,4.906666666666667,,0.4735294117647059,15,TE,6.83202614379085,True,True,True,True,True,0.0,,,,,,
0.5268421052631579,,00-0036244,0.5178807947019868,TE,9.352941176470589,TE,0.17902813299232737,159.0,4.113333333333333,,0.053226286054118346,0.9,0.10043041606886657,1.432225063938619,,,LA,2025,0.1879040243411827,26.0,False,4.311111111111111,,0.6255555555555555,17,TE,,False,,True,True,True,0.0,,,3.547992106419126,5.722978723404256,,
,,00-0036245,0.1648177496038035,RB,2.744444444444445,RB,0.125,24.700000000000003,,,0.026785714285714284,1.0,0.023853211009174313,0.8846153846153846,,,MIA,2020,0.05452981651376147,23.0,False,,,0.26222222222222225,9,RB,,False,False,False,False,False,,,,,,,
,,00-0036247,0.3418803418803419,WR,3.1928571428571426,WR,0.09166666666666666,44.699999999999996,,,0.05178059762586983,0.6,0.03914590747330961,0.7791666666666667,,,SEA,2020,0.0949652795480733,22.0,False,,,0.32941176470588235,14,WR,5.088235294117647,True,True,False,False,False,,,,,,,
0.32941176470588235,,00-0036247,0.6491228070175439,WR,5.088235294117647,WR,0.10810810810810811,86.5,,,0.07315421088281779,0.7,0.08456659619450317,0.927027027027027,,,SEA,2021,0.1780578419097272,23.0,False,3.1928571428571426,,0.6005882352941176,17,WR,,False,False,True,False,True,,,,,,,
,,00-0036250,0.09941520467836257,TE,0.9375,TE,0.07352941176470588,7.5,,,0.008131821099935802,0.7,0.008375209380234505,0.5147058823529411,,,GB,2021,0.01825508884030682,24.0,False,,,0.13333333333333333,8,TE,0.6,True,True,False,False,False,0.0,,,,,,
0.13333333333333333,,00-0036250,0.10638297872340426,TE,0.6,TE,0.1076923076923077,6.6,,,0.006146141588891418,0.8,0.012987012987012988,0.4,,,GB,2022,0.023782818592743473,25.0,False,0.9375,,0.16058823529411764,11,TE,,False,False,True,False,True,0.0,,,,,,
,,00-0036251,0.29077117572692796,RB,7.878571428571428,RB,0.09565217391304348,110.3,,,0.0066655557407098815,1.0,0.03216374269005848,0.5260869565217391,,,BUF,2020,0.052911503053584635,23.0,True,,,0.4414285714285714,14,RB,6.237912087912088,True,True,False,False,False,,,,,,0.010302938409163142,14.285714285714285
0.4414285714285714,,00-0036251,0.2743142144638404,RB,7.514285714285714,RB,0.14545454545454545,105.2,,,0.0044812133746983795,1.0,0.04685212298682284,0.8954545454545455,,,BUF,2021,0.07341503384252313,24.0,True,7.878571428571428,,0.4042857142857143,14,RB,8.537912087912087,True,True,True,False,True,,,,,,-0.7801692752091635,20.833333333333336
0.4042857142857143,,00-0036251,0.19855072463768117,RB,4.961538461538462,RB,0.0948905109489051,64.5,7.878571428571428,,-0.0013480722566729577,1.0,0.022452504317789293,0.2846715328467153,,,IND,2022,0.03273510589701287,25.0,True,7.514285714285714,,0.29307692307692307,13,RB,11.175892857142857,True,True,True,True,True,,,,,,0.27630138359460116,13.978494623655912
0.29307692307692307,,00-0036251,0.470679012345679,RB,12.114285714285714,RB,0.12131147540983607,169.6,7.514285714285714,,-0.00341130604288499,1.0,0.06776556776556776,0.6295081967213115,,,IND,2023,0.09926043741833215,26.0,True,4.961538461538462,,0.5549999999999999,14,RB,10.2375,True,True,True,True,True,,,,,,0.711456028129064,14.754098360655737
,,00-0036252,0.6618589743589743,WR,8.142857142857144,WR,0.17191283292978207,114.00000000000001,,,0.13552941176470587,0.7,0.12283737024221453,1.4358353510895885,,,IND,2020,0.2791266435986159,23.0,False,,,0.7871428571428571,14,WR,13.78327205882353,True,True,False,False,False,,,,3.1740781574080157,6.276166666666667,,
0.7871428571428571,,00-0036252,0.9588336192109777,WR,14.035294117647059,WR,0.23076923076923078,238.6,,,0.3180203045685279,0.8,0.25748502994011974,1.9355992844364938,,,IND,2021,0.6088417581081491,24.0,False,8.142857142857144,,0.8752941176470588,17,WR,14.646875000000001,True,True,True,False,True,,,,2.76280033927554,6.340238095238095,,
0.8752941176470588,,00-0036252,0.936231884057971,WR,13.53125,WR,0.21826625386996903,216.5,8.142857142857144,,0.2655702345645727,0.9,0.24352331606217617,1.431888544891641,,,IND,2022,0.5511841382884651,25.0,False,14.035294117647059,,0.9662499999999999,16,WR,13.0625,True,True,True,True,True,,,,2.737345718688387,6.501605839416059,,
0.9662499999999999,,00-0036252,0.8827160493827161,WR,15.762500000000001,WR,0.2727272727272727,252.20000000000002,14.035294117647059,,0.2989766081871345,1.0,0.2857142857142857,2.013986013986014,,,IND,2023,0.6378550543024227,26.0,False,13.53125,,0.9175,16,WR,11.134191176470589,True,True,True,True,True,,,,2.940494004551059,6.778235294117646,,
0.880625,,00-0036252,0.8912685337726524,WR,11.905882352941177,WR,0.20517560073937152,202.4,15.762500000000001,,0.21226304703955068,1.0,0.20982986767485823,1.4491682070240295,,,IND,2025,0.4633289344399728,28.0,False,10.3625,,0.8552941176470588,17,WR,,False,,True,True,True,,,,3.0333786487343044,6.776542056074766,,
,,00-0036254,0.24820659971305595,WR,5.381818181818182,WR,0.1791907514450867,59.2,,,0.07909723686985869,0.7,0.05317324185248713,1.5722543352601157,,,JAX,2020,0.13512792858763178,23.0,False,,,0.2542857142857143,11,WR,2.6875,True,True,False,False,False,,,,,,,
0.2542857142857143,,00-0036254,0.1921921921921922,WR,2.6875,WR,0.1640625,21.5,,,0.043404047793221164,0.8,0.03825136612021858,0.8203125,,,NYG,2021,0.08775988263558268,24.0,False,5.381818181818182,,0.2816666666666667,8,WR,,False,False,True,False,True,,,,,,,
,,00-0036255,0.43130434782608695,WR,6.744444444444444,WR,0.1774193548387097,60.699999999999996,,,0.1676602086438152,0.7,0.09503239740820735,1.439516129032258,,,NYJ,2020,0.25991074216298166,23.0,False,,,0.8288888888888889,9,WR,2.7094444444444443,True,True,False,False,False,,,,2.134927897603069,4.953255813953489,,
0.8288888888888889,,00-0036255,0.28046989720998533,WR,2.13,WR,0.12041884816753927,21.3,,,0.06322245812691672,0.8,0.039655172413793106,0.6963350785340314,,,NYJ,2021,0.10373847930953137,24.0,False,6.744444444444444,,0.3963636363636364,10,WR,3.288888888888889,True,True,True,False,True,,,,,,,
0.3963636363636364,,00-0036255,0.23837209302325582,WR,3.288888888888889,WR,0.1524390243902439,29.6,6.744444444444444,,0.0639036341363822,0.9,0.04251700680272109,1.1341463414634145,,,NYJ,2022,0.10850805409954917,25.0,False,2.13,,0.441,9,WR,,False,False,True,True,True,,,,,,,
,,00-0036259,0.38639876352395675,WR,5.78125,WR,0.188,92.5,,,0.10114830197898851,0.8,0.08918406072106262,1.3,,,SF,2021,0.2045799024668859,24.0,False,,,0.358421052631579,16,WR,5.196041666666667,True,True,False,False,False,,,,,,,
0.358421052631579,,00-0036259,0.5474339035769828,WR,5.183333333333334,WR,0.17897727272727273,93.3,,,0.1450189155107188,0.9,0.11496350364963503,1.3721590909090908,,,SF,2022,0.2739584963319557,25.0,False,5.78125,,0.4673684210526316,18,WR,9.621041666666667,True,True,True,False,True,,,,3.53274118862366,6.23811320754717,,
0.4673684210526316,,00-0036259,0.45413533834586467,WR,5.20875,WR,0.152317880794702,83.34,5.78125,,0.09862535457124154,1.0,0.08333333333333333,1.2450331125827814,,,SF,2023,0.19403774819986908,26.0,False,5.183333333333334,,0.465625,16,WR,12.55372549019608,True,True,True,True,True,,,,,,,
0.744,,00-0036259,0.7507082152974505,WR,11.074117647058824,WR,0.18490566037735848,188.26,5.20875,,0.22657657657657657,1.0,0.17102966841186737,1.3415094339622642,,,SF,2025,0.41514810622140463,28.0,False,14.033333333333333,,0.8270588235294118,17,WR,,False,,True,True,True,,,,2.2130390894813177,5.648352941176471,,
,,00-0036261,0.7016129032258065,WR,15.375,WR,0.2206896551724138,184.5,,,0.2561044860874503,0.6,0.18285714285714286,1.7195402298850575,,,SF,2020,0.45355885454692946,22.0,False,,,0.8675,12,WR,10.9375,True,True,False,False,False,,,,2.7800341384372405,5.548461538461539,,
0.8675,,00-0036261,0.8686244204018547,WR,9.64,WR,0.17615658362989323,192.8,,,0.23772294160762278,0.7,0.18785578747628084,1.709964412811388,,,SF,2021,0.4481897403397572,23.0,False,15.375,,0.842,20,WR,13.462236842105265,True,True,True,False,True,,,,2.9427785694705513,5.5196202531645575,,
0.842,,00-0036261,0.9580093312597201,WR,12.235000000000001,WR,0.2012987012987013,244.70000000000002,15.375,,0.3349306431273644,0.8,0.22627737226277372,1.8246753246753247,,,SF,2022,0.5738675085833156,24.0,False,9.64,,0.9135,20,WR,11.801879699248122,True,True,True,True,True,,,,2.8892674173921553,6.16557522123894,,
0.9135,,00-0036261,0.8345864661654135,WR,14.689473684210528,WR,0.22522522522522523,279.1,9.64,,0.38140955705869517,0.9,0.22644927536231885,2.6864864864864866,,,SF,2023,0.6066606029845649,25.0,False,12.235000000000001,,0.8305263157894737,19,WR,8.914285714285715,True,True,True,True,True,,,,2.895383651341387,5.748058252427185,,
,-5.514598737160365,00-0036264,0.10380116959064327,QB_pocket,3.5233333333333334,QB,0.0,21.14,,-0.12092877212322536,0.0,0.6,0.0,0.0,-0.14912139415963468,66.0,GB,2021,0.0,23.0,False,,66.0,0.3383333333333334,6,QB,10.82828947368421,True,True,False,False,False,,,,,,,
0.3383333333333334,-0.6790311634540558,00-0036264,0.03436988543371522,QB_pocket,2.925,QB,0.0,11.7,,0.12116389485370646,0.0,0.657,0.0,0.0,0.17600141192009805,20.0,GB,2022,0.0,24.0,False,3.5233333333333334,20.0,0.11,4,QB,16.78266447368421,True,True,True,False,True,,,,,,,
0.11,1.4023907373235431,00-0036264,0.9985611510791367,QB_pocket,18.73157894736842,QB,0.0,355.9,3.5233333333333334,0.11631881344249893,0.0,0.714,0.0,0.0,0.1601594874721833,665.0,GB,2023,0.0,25.0,False,2.925,665.0,0.9873684210526317,19,QB,15.703125,True,True,True,True,True,,-1.400608232885034,2.7743032928942806,,,,
0.9225,5.275833812482108,00-0036264,0.8855721393034826,QB_pocket,16.5725,QB,0.0,265.16,18.73157894736842,0.19313303325995684,0.0,0.828,0.0,0.0,0.25329361688930074,508.0,GB,2025,0.0,27.0,False,14.83375,508.0,0.94625,16,QB,,False,,True,True,True,,3.816195899772211,2.890995433789954,,,,
,,00-0036265,0.08283132530120482,RB,4.2727272727272725,RB,0.05454545454545454,47.0,,,0.0015034364261168386,0.825,0.0051635111876075735,0.6181818181818182,,,GB,2020,0.008797672279693147,22.0,False,,,0.14307692307692307,11,RB,10.321078431372548,True,True,False,False,False,,,,,,,
0.14307692307692307,,00-0036265,0.3830409356725146,RB,10.783333333333333,RB,0.14122137404580154,194.1,,,0.002995934089450032,1.0,0.06197654941373534,1.1946564885496183,,,GB,2021,0.09506197798321804,23.0,True,4.2727272727272725,,0.4138888888888889,18,RB,8.849411764705883,True,True,True,False,True,,,,,,0.25388216755780274,21.390374331550802
0.4138888888888889,,00-0036265,0.4828150572831424,RB,9.858823529411765,RB,0.14576271186440679,167.6,4.2727272727272725,,0.003869792852264967,1.0,0.07977736549165121,0.6983050847457627,,,GB,2022,0.12237490323406229,24.0,True,10.783333333333333,,0.4870588235294117,17,RB,7.840000000000001,True,True,True,True,True,,,,,,-0.1893745171123265,16.129032258064516
0.4870588235294117,,00-0036265,0.3899280575539568,RB,7.840000000000001,RB,0.1033210332103321,117.60000000000001,10.783333333333333,,0.00019168104274487253,1.0,0.04552845528455285,0.8228782287822878,,,GB,2023,0.06842685965675069,25.0,True,9.858823529411765,,0.5133333333333333,15,RB,1.5166666666666668,True,True,True,True,True,,,,,,-0.3620871918608508,25.280898876404496
,,00-0036265,0.03908794788273615,RB,1.5166666666666668,RB,0.125,9.100000000000001,7.840000000000001,,0.002662524961171511,0.78,0.006024096385542169,0.875,,,PHI,2025,0.010899912051133312,27.0,True,,,0.11857142857142858,6,RB,,False,,False,True,False,,,,,,,
,,00-0036268,0.5624103299856528,WR,11.221428571428572,WR,0.20153061224489796,157.1,,,0.10398650073824088,0.6,0.13550600343053174,1.530612244897959,,,JAX,2020,0.27604955566256617,22.0,False,,,0.6449999999999999,14,WR,6.764903846153846,True,True,False,False,False,,,,3.3113755128203812,7.064571428571428,,
0.6449999999999999,,00-0036268,0.6894502228826151,WR,7.9375,WR,0.21551724137931033,127.0,,,0.11946133796698523,0.7,0.17152658662092624,1.334051724137931,,,JAX,2021,0.340912816508279,23.0,False,11.221428571428572,,0.6825,16,WR,4.139903846153846,True,True,True,False,True,,,,3.6496709514602172,6.692584269662921,,
0.6825,,00-0036268,0.17153996101364521,WR,5.592307692307693,WR,0.36363636363636365,72.7,11.221428571428572,,-0.00686641697877653,0.8,0.07494145199063232,3.090909090909091,,,CAR,2022,0.10760568610080491,24.0,False,7.9375,,0.24769230769230768,13,WR,2.07875,True,True,True,True,True,,,,,,,
0.24769230769230768,,00-0036268,0.06725146198830409,WR,2.6875,WR,0.21739130434782608,21.5,7.9375,,-0.006142506142506142,0.9,0.018726591760299626,1.3043478260869565,,,CAR,2023,0.023790133340695137,25.0,False,5.592307692307693,,0.16125,8,WR,1.47,True,True,True,True,True,,,,,,,
,,00-0036269,0.20521739130434782,RB,5.250000000000001,RB,0.1271186440677966,52.50000000000001,,,0.006458022851465474,0.825,0.032397408207343416,0.5338983050847458,,,NYJ,2020,0.05311672830704096,22.0,False,,,0.329,10,RB,,False,False,False,False,False,,,,,,,
,,00-0036271,0.11126564673157163,WR,5.9,WR,0.1625,23.6,,,0.02429869616752272,0.6,0.023172905525846704,1.325,,,PHI,2020,0.051768445606035954,22.0,False,,,0.2733333333333334,4,WR,5.646052631578947,True,True,False,False,False,,,,,,,
0.2733333333333334,,00-0036271,0.7222222222222222,WR,6.75,WR,0.15164835164835164,121.5,,,0.21308876811594202,0.7,0.13529411764705881,1.498901098901099,,,PHI,2021,0.35210331415174767,23.0,False,5.9,,0.7027777777777778,18,WR,5.554385964912281,True,True,True,False,True,,,,3.3748816275932096,5.997636363636364,,
0.7027777777777778,,00-0036271,0.6310679611650486,WR,4.542105263157895,WR,0.11868131868131868,86.3,5.9,,0.10830181166633486,0.8,0.0919931856899489,0.7956043956043956,,,PHI,2022,0.21380104670135774,24.0,False,6.75,,0.5615,19,WR,6.566666666666666,True,True,True,True,True,,,,3.5614518785359994,7.046744186046511,,
0.5615,,00-0036271,0.3222543352601156,WR,6.566666666666666,WR,0.11210762331838565,39.4,6.75,,0.05736137667304015,0.9,0.04488330341113106,0.6905829596412556,,,PHI,2023,0.1074779187878247,25.0,False,4.542105263157895,,0.526,6,WR,,False,False,True,True,True,,,,,,,
,,00-0036275,0.38794435857805254,RB,14.600000000000001,RB,0.22709163346613545,189.8,,,0.010214504596527068,0.65,0.10196779964221825,1.4223107569721116,,,DET,2020,0.16010185268089633,21.0,True,,,0.48307692307692307,13,RB,14.859615384615385,True,True,False,False,False,,,,,,0.09693375353318363,22.807017543859647
0.48307692307692307,,00-0036275,0.5617283950617284,RB,16.06923076923077,RB,0.21428571428571427,208.9,,,-0.00027041644131963225,0.825,0.1407942238267148,1.2417582417582418,,,DET,2021,0.21100204423114846,22.0,True,14.600000000000001,,0.6576923076923078,13,RB,12.998529411764707,True,True,True,False,True,,,,,,-0.39007122790269927,27.81456953642384
0.6576923076923078,,00-0036275,0.4124203821656051,RB,13.65,RB,0.2702702702702703,191.1,14.600000000000001,,0.007998000499875032,1.0,0.12544802867383512,1.501930501930502,,,DET,2022,0.1937706433606652,23.0,True,16.06923076923077,,0.4164285714285714,14,RB,12.48235294117647,True,True,True,True,True,,,,,,0.3836913588260729,6.0606060606060606
0.4164285714285714,,00-0036275,0.5028901734104047,RB,12.347058823529412,RB,0.15229885057471265,209.9,16.06923076923077,,0.007010834926704908,1.0,0.09515260323159784,0.7068965517241379,,,PHI,2023,0.1476364892960902,24.0,True,13.65,,0.5852941176470587,17,RB,13.347712418300652,True,True,True,True,True,,,,,,-0.28729898933841164,17.903930131004365
0.668235294117647,,00-0036275,0.5409395973154363,RB,14.077777777777778,RB,0.12406947890818859,253.4,12.347058823529412,,-0.003845449551364219,1.0,0.08077544426494346,0.8362282878411911,,,CHI,2025,0.11847135171146023,26.0,True,12.617647058823529,,0.5766666666666667,18,RB,,False,,True,True,True,,,,,,0.5827989178163684,20.62780269058296
,,00-0036277,0.3384853168469861,WR,5.575,WR,0.1598173515981735,66.9,,,0.10398365679264555,0.6,0.0626118067978533,1.5936073059360731,,,DET,2020,0.16670626995163185,22.0,False,,,0.4269230769230769,12,WR,9.88,True,True,False,False,False,,,,,,,
0.4269230769230769,,00-0036277,0.2006172839506173,WR,9.88,WR,0.16923076923076924,49.400000000000006,,,0.0678745267712277,0.7,0.039711191335740074,1.5692307692307692,,,DET,2021,0.10707895574346948,23.0,False,5.575,,0.628,5,WR,,False,False,True,False,True,,,,,,,
,,00-0036278,0.02920723226703755,RB,0.7250000000000001,RB,0.09523809523809523,2.9000000000000004,,,-0.00019755037534571315,0.825,0.0035650623885918,0.0,,,PHI,2020,0.005209308320145701,22.0,False,,,0.086,4,RB,,False,False,False,False,False,,,,,,,
,,00-0036290,0.4921985815602837,TE,4.1625,TE,0.138328530259366,66.6,,,0.05771919312961853,0.4,0.07717041800643087,0.7463976945244957,,,CHI,2020,0.15615906220037928,21.0,False,,,0.58,16,TE,7.897058823529411,True,True,False,False,False,0.0,,,3.5571709967818976,6.427096774193548,,
0.58,,00-0036290,0.8534743202416919,TE,7.129411764705883,TE,0.16460176991150444,121.2,,,0.16620562471184877,0.5,0.17748091603053434,1.0831858407079646,,,CHI,2021,0.3825653113440956,22.0,False,4.1625,,0.8364705882352942,17,TE,9.991727941176471,True,True,True,False,True,0.0,,,3.2846745961093147,5.368955223880598,,
0.8364705882352942,,00-0036290,0.9450980392156862,TE,8.66470588235294,TE,0.14315352697095435,147.29999999999998,4.1625,,0.1454602576185988,0.6,0.19273743016759776,1.1286307053941909,,,CHI,2022,0.3909283255844158,23.0,False,7.129411764705883,,0.9352941176470588,17,TE,9.421875,True,True,True,True,True,0.0,,,4.356146365093728,5.693653846153847,,
0.9352941176470588,,00-0036290,0.7874396135265701,TE,11.31875,TE,0.18404907975460122,181.1,7.129411764705883,,0.16010347801092267,0.7,0.1910828025477707,1.4703476482617588,,,CHI,2023,0.398696638429302,24.0,False,8.66470588235294,,0.7705882352941176,16,TE,6.2875000000000005,True,True,True,True,True,0.0,,,4.0935738951342,6.725428571428573,,
0.8723529411764706,,00-0036290,0.6308724832214765,TE,5.050000000000001,TE,0.1127659574468085,90.9,11.31875,,0.08313495696758835,0.9,0.08562197092084006,0.8042553191489362,,,CHI,2025,0.18662742625857193,26.0,False,7.525,,0.7083333333333334,18,TE,,False,,True,True,True,0.0,,,3.6321475328276196,5.8243243243243255,,
,,00-0036297,0.03208556149732621,RB,2.6999999999999997,RB,0.2222222222222222,16.2,,,-0.0004945598417408506,0.825,0.00819672131147541,1.5,,,TEN,2020,0.011948890077994519,22.0,False,,,0.09000000000000001,6,RB,,False,False,False,False,False,,,,,,,
,,00-0036297,0.07568438003220612,RB,5.0,RB,0.2553191489361702,30.0,,,-0.004024144869215292,1.0,0.025477707006369428,1.0425531914893618,,,CHI,2023,0.03539965910110344,25.0,False,,,0.19285714285714287,6,RB,,False,False,False,False,False,,,,,,,
,,00-0036309,0.7418439716312056,WR,9.50625,WR,0.18738049713193117,152.1,,,0.22528460155781904,0.7,0.15755627009646303,1.2065009560229445,,,CHI,2020,0.3940336262351679,23.0,False,,,0.731875,16,WR,11.075401069518716,True,True,False,False,False,,,,3.219063439899961,7.62752808988764,,
0.731875,,00-0036309,0.9290030211480362,WR,12.923529411764706,WR,0.22764227642276422,219.70000000000002,,,0.3586906408483172,0.8,0.26717557251908397,1.7154471544715446,,,CHI,2021,0.6518468073724479,24.0,False,9.50625,,0.8788235294117647,17,WR,7.431493506493506,True,True,True,False,True,,,,2.9021977255486555,7.105238095238095,,
0.8788235294117647,,00-0036309,0.6176470588235294,WR,9.227272727272727,WR,0.19365079365079366,101.5,9.50625,,0.22840087967326422,0.9,0.17039106145251395,1.565079365079365,,,CHI,2022,0.4154672079500559,25.0,False,12.923529411764706,,0.8308333333333334,11,WR,8.855357142857144,True,True,True,True,True,,,,3.579335805562361,6.525862068965517,,
0.8308333333333334,,00-0036309,0.7600644122383253,WR,5.635714285714286,WR,0.1292372881355932,78.9,12.923529411764706,,0.18108651911468812,1.0,0.12951167728237792,0.8771186440677966,,,CHI,2023,0.3210280793038486,26.0,False,9.227272727272727,,0.7466666666666666,14,WR,8.780833333333334,True,True,True,True,True,,,,3.0754228055485706,5.909999999999999,,
0.9275,,00-0036309,0.7758913412563667,WR,5.486666666666666,WR,0.1575492341356674,82.3,5.635714285714286,,0.24360506813291896,1.0,0.138996138996139,0.9693654266958425,,,ATL,2025,0.37901775618725175,28.0,False,12.075000000000001,,0.8193333333333332,15,WR,,False,,True,True,True,,,,3.018190615882234,6.569305555555555,,
,,00-0036322,0.9189655172413793,WR,17.1375,WR,0.23452157598499063,274.2,,,0.3727841501564129,0.5,0.2648305084745763,2.626641651031895,,,MIN,2020,0.6581946678213535,21.0,False,,,0.805,16,WR,20.280980392156863,True,True,False,False,False,,,,2.6343901965568284,5.797131147540983,,
0.805,,00-0036322,0.9571209800918836,WR,19.435294117647057,WR,0.2672,330.4,,,0.45936317078601646,0.6,0.29874776386404295,2.5856,,,MIN,2021,0.7696758653462759,22.0,False,17.1375,,0.8917647058823529,17,WR,20.673333333333332,True,True,True,False,True,,,,2.979162932406609,5.664424242424243,,
0.8917647058823529,,00-0036322,0.9485199485199485,WR,21.12666666666667,WR,0.2618724559023066,380.28000000000003,17.1375,,0.3921803311390385,0.7,0.28892215568862273,2.5183175033921303,,,MIN,2022,0.707909465330261,23.0,False,19.435294117647057,,0.9238888888888889,18,WR,19.22888888888889,True,True,True,True,True,,,,3.094315914232406,5.432613636363636,,
0.9238888888888889,,00-0036322,0.5196629213483146,WR,20.22,WR,0.2702702702702703,202.2,19.435294117647057,,0.26186511240632804,0.8,0.16750418760469013,2.902702702702703,,,MIN,2023,0.4345618600914648,24.0,False,21.12666666666667,,0.867,10,WR,15.045359477124183,True,True,True,True,True,,,,2.7057248300904826,6.570744680851064,,
0.931111111111111,,00-0036322,0.9618055555555556,WR,11.852941176470589,WR,0.2545126353790614,201.5,20.22,,0.3861439312567132,1.0,0.30257510729613735,1.891696750902527,,,MIN,2025,0.7241634128239052,26.0,False,18.23777777777778,,0.9417647058823531,17,WR,,False,,True,True,True,,,,3.233035504377624,5.848560606060605,,
,,00-0036326,0.6613333333333333,WR,13.988235294117647,WR,0.23387096774193547,237.8,,,0.2903598229747931,0.6,0.16133518776077885,1.8790322580645162,,,PIT,2020,0.44525465772352346,22.0,False,,,0.6370588235294118,17,WR,8.879458333333334,True,True,False,False,False,,,,2.513778395444474,5.712242990654206,,
0.6370588235294118,,00-0036326,0.7035573122529645,WR,10.75625,WR,0.20973782771535582,172.1,,,0.27280405405405406,0.7,0.16161616161616163,1.6573033707865168,,,PIT,2021,0.4333870802620803,23.0,False,13.988235294117647,,0.783125,16,WR,4.4876969696969695,True,True,True,False,True,,,,2.350317682242599,5.123823529411765,,
0.783125,,00-0036326,0.6599378881987578,WR,7.002666666666667,WR,0.18588235294117647,105.04,13.988235294117647,,0.18555530320236202,0.8,0.15019011406844107,1.0611764705882354,,,PIT,2022,0.355173883344315,24.0,False,10.75625,,0.6920000000000001,15,WR,1.9727272727272727,True,True,True,True,True,,,,2.797708808789563,5.624933333333335,,
0.6920000000000001,,00-0036326,0.18209408194233687,WR,1.9727272727272727,WR,0.175,21.7,10.75625,,0.050750220653133275,0.9,0.03677758318739054,0.6416666666666667,,,MIA,2023,0.09069152923827911,25.0,False,7.002666666666667,,0.2530769230769231,11,WR,,False,False,True,True,True,,,,,,,
,,00-0036328,0.30939226519337015,RB,13.846666666666666,RB,0.20982142857142858,207.7,,,-0.009088613986367079,0.825,0.07654723127035831,1.1205357142857142,,,WAS,2020,0.10845881711508051,22.0,True,,,0.444,15,RB,12.689375000000002,True,True,False,False,False,,,,,,0.2088368079586663,10.0
0.444,,00-0036328,0.44043887147335425,RB,14.318750000000001,RB,0.18505338078291814,229.10000000000002,,,-0.002225519287833828,1.0,0.09737827715355805,1.0462633451957295,,,WAS,2021,0.1445095522288534,23.0,True,13.846666666666666,,0.5675,16,RB,9.51125,True,True,True,False,True,,,,,,0.005760947287612449,18.6046511627907
0.5675,,00-0036328,0.4379905808477237,RB,11.06,RB,0.2078853046594982,165.9,13.846666666666666,,0.015739051094890513,1.0,0.10922787193973635,1.2652329749103943,,,WAS,2022,0.17485914367602787,24.0,True,14.318750000000001,,0.45999999999999996,15,RB,7.022426470588236,True,True,True,True,True,,,,,,-0.19299647120979577,20.13422818791946
0.45999999999999996,,00-0036328,0.5210312075983717,RB,7.9625,RB,0.15364583333333334,127.4,14.318750000000001,,-0.0004591368227731864,1.0,0.09816971713810316,1.0130208333333333,,,WAS,2023,0.1469331799312135,25.0,True,11.06,,0.463125,16,RB,5.361176470588235,True,True,True,True,True,,,,,,,
0.33294117647058824,,00-0036328,0.02857142857142857,RB,4.640000000000001,RB,0.13636363636363635,23.200000000000003,7.9625,,-0.0010737294201861132,0.78,0.0050335570469798654,0.2727272727272727,,,NE,2025,0.006798724976339519,27.0,True,6.082352941176471,,0.16599999999999998,5,RB,,False,,True,True,True,,,,,,,
,,00-0036331,0.34275618374558303,WR,3.123529411764706,WR,0.13402061855670103,53.1,,,0.04092526690391459,0.7,0.057649667405764965,1.0360824742268042,,,BAL,2020,0.11512218794138766,23.0,False,,,0.3111111111111111,17,WR,6.558928571428572,True,True,False,False,False,,,,,,,
0.3111111111111111,,00-0036331,0.5133333333333333,WR,4.825,WR,0.12207792207792208,77.2,,,0.05498547918683446,0.8,0.07952622673434856,0.7064935064935065,,,BAL,2021,0.15777917553230697,24.0,False,3.123529411764706,,0.51,16,WR,4.3897619047619045,True,True,True,False,True,,,,3.7302892755766934,7.904749999999998,,
0.51,,00-0036331,0.5873544093178037,WR,8.292857142857143,WR,0.1388101983002833,116.10000000000001,3.123529411764706,,0.10849056603773585,0.9,0.09939148073022312,1.1529745042492918,,,BAL,2022,0.22503061732174978,25.0,False,4.825,,0.6842857142857143,14,WR,0.9817948717948719,True,True,True,True,True,,,,3.35542421137511,7.132444444444444,,
0.6842857142857143,,00-0036331,0.09635036496350365,WR,0.48666666666666664,WR,0.13636363636363635,7.3,4.825,,0.01781394325929184,1.0,0.01694915254237288,0.2727272727272727,,,BAL,2023,0.03789348909506361,26.0,False,8.292857142857143,,0.136,15,WR,0.859514170040486,True,True,True,True,True,,,,,,,
0.22153846153846152,,00-0036331,0.03355704697986577,WR,0.24210526315789477,WR,0.2,4.6000000000000005,0.48666666666666664,,0.013733748397729353,1.0,0.008077544426494346,1.04,,,CHI,2025,0.021729940518152066,28.0,False,1.4769230769230772,,0.032105263157894734,19,WR,,False,,True,True,True,,,,,,,
,,00-0036332,0.3669590643274854,TE,4.1,TE,0.13545816733067728,61.5,,,0.028247378557671732,0.7,0.05695142378559464,0.9760956175298805,,,GB,2021,0.10520030066876217,24.0,False,,,0.351764705882353,15,TE,2.0805555555555557,True,True,False,False,False,0.0,,,,,,
0.351764705882353,,00-0036332,0.19476268412438624,TE,2.7111111111111112,TE,0.12605042016806722,24.400000000000002,,,0.01115410880946961,0.8,0.027829313543599257,0.957983193277311,,,GB,2022,0.04955184648202761,25.0,False,4.1,,0.23588235294117646,9,TE,1.0392857142857144,True,True,True,False,True,0.0,,,,,,
0.23588235294117646,,00-0036332,0.12949640287769784,TE,1.45,TE,0.08888888888888889,14.5,4.1,,0.004983707111366686,0.9,0.013008130081300813,0.7222222222222222,,,GB,2023,0.0230007900999079,26.0,False,2.7111111111111112,,0.20176470588235296,10,TE,1.1071428571428572,True,True,True,True,True,0.0,,,,,,
0.08666666666666667,,00-0036332,0.0801068090787717,TE,1.5857142857142856,TE,0.08333333333333333,11.1,1.45,,0.005168539325842696,1.0,0.008103727714748784,0.35,,,ARI,2025,0.01577356910021306,28.0,False,0.6285714285714287,,0.10416666666666667,7,TE,,False,,True,True,True,0.0,,,,,,
,,00-0036336,0.06133333333333333,RB,2.063636363636364,RB,0.1956521739130435,22.700000000000003,,,0.004425630171252646,0.65,0.012517385257301807,1.173913043478261,,,PIT,2020,0.02187401900582956,21.0,False,,,0.11454545454545455,11,RB,,False,False,False,False,False,,,,,,,
,,00-0036340,0.11602209944751381,WR,0.875,WR,0.08333333333333333,3.5,,,0.01994445847008331,0.6,0.011400651465798045,0.03571428571428571,,,WAS,2020,0.031062098127755386,22.0,False,,,0.315,4,WR,,False,False,False,False,False,,,,,,,
,,00-0036345,,WR,0.0,WR,,0.0,,,0.0,0.7,0.0,,,,MIN,2020,0.0,23.0,False,,,0.0,8,WR,9.261764705882353,True,True,False,False,False,,,,,,,
0.0,,00-0036345,0.7718223583460949,WR,9.323529411764707,WR,0.1626984126984127,158.5,,,0.19171676686706746,0.8,0.14669051878354203,1.2996031746031746,,,MIN,2021,0.3542375149822603,24.0,False,0.0,,0.6823529411764706,17,WR,8.6,True,True,True,False,True,,,,2.7642276002737436,5.628552631578948,,
0.6823529411764706,,00-0036345,0.8095238095238095,WR,9.2,WR,0.1478537360890302,165.6,0.0,,0.1561938958707361,0.9,0.13922155688622753,1.0651828298887123,,,MIN,2022,0.3181680624388566,25.0,False,9.323529411764707,,0.7333333333333333,18,WR,5.335714285714285,True,True,True,True,True,,,,3.366566119250483,6.229090909090909,,
0.7333333333333333,,00-0036345,0.7865168539325843,WR,8.0,WR,0.13392857142857142,120.0,9.323529411764707,,0.1371773522064946,1.0,0.12562814070351758,0.9642857142857143,,,MIN,2023,0.2844663575998226,26.0,False,9.2,,0.788125,15,WR,2.6714285714285713,True,True,True,True,True,,,,3.273960466134413,5.884931506849315,,
,0.011846217615851041,00-0036355,0.9493487698986975,QB_pocket,22.189333333333334,QB,0.0,332.84000000000003,,0.09108107790965052,0.0,0.543,0.0,0.0,0.1300650560811471,626.0,LAC,2020,0.0,22.0,False,,626.0,0.9966666666666666,15,QB,19.45937908496732,True,True,False,False,False,,2.4160689751014814,2.6873045685279187,,,,
0.9966666666666666,-0.615461159333065,00-0036355,0.9986648865153538,QB_pocket,22.39764705882353,QB,0.0,380.76,,0.10278409529659673,0.0,0.6,0.0,0.0,0.14947211253513704,709.0,LAC,2021,0.0,23.0,False,22.189333333333334,709.0,0.9958823529411764,17,QB,17.266709401709402,True,True,True,False,True,,0.12871057969468325,2.8251371087928465,,,,
0.9958823529411764,0.7787719909283572,00-0036355,0.9817518248175182,QB_pocket,16.52111111111111,QB,0.0024783147459727386,297.38,22.189333333333334,0.016845843665756987,-0.003284431793299759,0.657,0.0027434842249657062,-0.012391573729863693,0.020727896704245595,782.0,LAC,2022,0.0018161240821387278,24.0,False,22.39764705882353,782.0,0.9750000000000001,18,QB,17.0917094017094,True,True,True,True,True,,1.908356272408966,2.862355810616929,,,,
0.9750000000000001,-0.3111262051031229,00-0036355,0.7248603351955307,QB_pocket,18.012307692307694,QB,0.0019267822736030828,234.16,22.39764705882353,0.014976669719725642,-0.0015237265999129299,0.714,0.0016286644951140066,0.019267822736030827,0.022728640478621446,486.0,LAC,2023,0.0013763881227319592,25.0,False,16.52111111111111,486.0,0.9584615384615385,13,QB,16.81908496732026,True,True,True,True,True,,0.475220069730355,2.796739035087719,,,,
0.9783333333333333,1.3340284692422124,00-0036355,0.9039780521262003,QB_dual_threat,17.467058823529413,QB,0.0,296.94,18.012307692307694,-0.006183230946409637,0.0,1.0,0.0,0.0,-0.014550451934480393,603.0,LAC,2025,0.0,27.0,True,16.17111111111111,603.0,0.9699999999999999,17,QB,,False,,True,True,True,,3.3101127450980243,2.901943359375001,,,,
,,00-0036357,0.5641447368421053,WR,6.46923076923077,WR,0.12536443148688048,84.10000000000001,,,0.17314814814814813,0.5,0.08498023715415019,1.3177842565597668,,,LV,2020,0.24867405943492898,21.0,False,,,0.6646153846153846,13,WR,12.071428571428571,True,True,False,False,False,,,,3.3474026702350392,6.963589743589744,,
0.6646153846153846,,00-0036357,0.2931726907630522,WR,12.071428571428571,WR,0.1643835616438356,84.5,,,0.11502080968596293,0.6,0.05625,2.141552511415525,,,LV,2021,0.16488956678017405,22.0,False,6.46923076923077,,0.7028571428571428,7,WR,,False,False,True,False,True,,,,,,,
,,00-0036358,0.7285513361462729,WR,13.606250000000001,WR,0.21428571428571427,217.70000000000002,,,0.226643218289734,0.5,0.18019480519480519,1.805019305019305,,,DAL,2020,0.4289424605950215,21.0,False,,,0.63125,16,WR,15.9187306501548,True,True,False,False,False,,,,3.015356082812003,5.873218390804598,,
0.63125,,00-0036358,0.7664907651715039,WR,13.905882352941177,WR,0.21514629948364888,236.4,,,0.23803339517625233,0.6,0.18463810930576072,1.9328743545611016,,,DAL,2021,0.4435805405820177,22.0,False,13.606250000000001,,0.7711764705882352,17,WR,20.735233918128657,True,True,True,False,True,,,,3.0678401352748037,6.310090909090909,,
0.7711764705882352,,00-0036358,0.9513274336283186,WR,17.931578947368422,WR,0.2713178294573643,340.70000000000005,13.606250000000001,,0.34531655682045137,0.7,0.28501628664495116,2.393798449612403,,,DAL,2022,0.6692460197417427,23.0,False,13.905882352941177,,0.8747368421052633,19,WR,20.549444444444447,True,True,True,True,True,,,,3.074781935692017,6.55781690140845,,
0.8747368421052633,,00-0036358,0.9137931034482759,WR,23.53888888888889,WR,0.28737300435413643,423.70000000000005,13.905882352941177,,0.3688242052853313,0.8,0.2986425339366516,2.69811320754717,,,DAL,2023,0.7061407446047092,24.0,False,17.931578947368422,,0.8416666666666667,18,WR,16.50692307692308,True,True,True,True,True,,,,2.710044245469009,5.5458181818181815,,
0.8019999999999999,,00-0036358,0.660844250363901,WR,15.453846153846154,WR,0.2577092511013216,200.9,23.53888888888889,,0.2848730964467005,1.0,0.1927512355848435,2.3722466960352424,,,DAL,2025,0.48853802088995557,26.0,False,17.560000000000002,,0.7285714285714285,13,WR,,False,,True,True,True,,,,2.778540830165139,6.139826086956521,,
,,00-0036360,0.4345738295318127,RB,12.96,RB,0.16298342541436464,194.4,,,0.008493673080256543,0.65,0.08093278463648834,0.8839779005524862,,,KC,2020,0.1273447481109121,21.0,True,,,0.5766666666666667,15,RB,10.3525,True,True,False,False,False,,,,,,-0.6284330850307408,9.392265193370166
0.5766666666666667,,00-0036360,0.24303232998885171,RB,10.875,RB,0.12385321100917432,130.5,,,-0.009398496240601503,0.825,0.036048064085447265,0.6513761467889908,,,KC,2021,0.047493148759749845,22.0,True,12.96,,0.4666666666666666,12,RB,6.9702631578947365,True,True,True,False,True,,,,,,-0.33665326823151676,8.403361344537815
0.4666666666666666,,00-0036360,0.15876777251184834,RB,9.83,RB,0.17164179104477612,98.3,12.96,,0.001945903872348706,1.0,0.032303370786516857,1.126865671641791,,,KC,2022,0.04981718889041938,23.0,True,10.875,,0.322,10,RB,4.110526315789474,True,True,True,True,True,,,,,,,
0.322,,00-0036360,0.20927601809954752,RB,4.110526315789474,RB,0.14054054054054055,78.10000000000001,10.875,,-0.013678756476683937,1.0,0.03556771545827633,1.054054054054054,,,KC,2023,0.043776443653735744,24.0,True,9.83,,0.21947368421052632,19,RB,,False,False,True,True,True,,,,,,,
,,00-0036364,0.34548335974643424,WR,5.953333333333333,WR,0.16972477064220184,53.58,,,0.043468045112781954,0.7,0.06788990825688074,0.9678899082568807,,,MIA,2020,0.13226249396426848,23.0,False,,,0.457,9,WR,,False,False,False,False,False,,,,,,,
,,00-0036364,0.19541984732824427,WR,2.8125,WR,0.125,22.5,,,0.016549441456350848,1.0,0.027777777777777776,0.6484375,,,NO,2023,0.05325127568611226,26.0,False,,,0.3333333333333333,8,WR,,False,False,False,False,False,,,,,,,
,,00-0036365,0.22532894736842105,WR,4.033333333333334,WR,0.10948905109489052,36.300000000000004,,,0.02939814814814815,0.6,0.029644268774703556,1.4087591240875912,,,LV,2020,0.06504510686575904,22.0,False,,,0.31583333333333335,9,WR,3.9801470588235297,True,True,False,False,False,,,,,,,
0.31583333333333335,,00-0036365,0.7416331994645248,WR,6.835294117647059,WR,0.11732851985559567,116.2,,,0.16988270904275446,0.7,0.1015625,1.1046931407942238,,,LV,2021,0.2712616463299281,23.0,False,4.033333333333334,,0.7576470588235295,17,WR,1.125,True,True,True,False,True,,,,1.9906150814578067,5.088448275862069,,
0.7576470588235295,,00-0036365,0.10772357723577236,WR,1.125,WR,0.09433962264150944,4.5,4.033333333333334,,0.009898477157360405,0.8,0.01256281407035176,0.2830188679245283,,,ATL,2022,0.025773155115679923,24.0,False,6.835294117647059,,0.19999999999999998,4,WR,,False,False,True,True,True,,,,,,,
,,00-0036370,0.2199710564399421,RB,6.246153846153846,RB,0.1513157894736842,81.2,,,-0.005399568034557235,1.0,0.0380794701986755,0.9736842105263158,,,LAC,2020,0.05333950767382318,23.0,False,,,0.2842857142857143,13,RB,3.700961538461539,True,True,False,False,False,,,,,,-0.7596859109388009,20.72072072072072
0.2842857142857143,,00-0036370,0.12817089452603472,RB,2.125,RB,0.0625,17.0,,,0.002616747181964573,1.0,0.00916030534351145,0.3958333333333333,,,LAC,2021,0.015572181042642378,24.0,False,6.246153846153846,,0.20600000000000002,8,RB,4.45316742081448,True,True,True,False,True,,,,,,,
0.20600000000000002,,00-0036370,0.24209245742092458,RB,5.276923076923078,RB,0.1306532663316583,68.60000000000001,6.246153846153846,,0.011386030216772498,1.0,0.03566529492455418,0.5477386934673367,,,LAC,2022,0.061468163538572027,25.0,False,2.125,,0.2992857142857143,13,RB,3.6294117647058823,True,True,True,True,True,,,,,,,
0.2992857142857143,,00-0036370,0.34217877094972066,RB,3.6294117647058823,RB,0.04897959183673469,61.7,2.125,,0.0032651284283848497,1.0,0.019543973941368076,0.1306122448979592,,,LAC,2023,0.03160155081192151,26.0,True,5.276923076923078,,0.34,17,RB,,False,False,True,True,True,,,,,,-0.24136324825514663,8.411214953271028
,,00-0036377,0.01447178002894356,WR,0.89,WR,0.1,8.9,,,-0.0019438444924406047,0.6,0.0016556291390728477,0.0,,,LAC,2020,0.0011227525639008484,22.0,False,,,0.03090909090909091,10,WR,,False,False,False,False,False,,,,,,,
,,00-0036382,0.13748191027496381,WR,1.1916666666666667,WR,0.11578947368421053,14.3,,,0.017062634989200864,0.7,0.018211920529801324,0.7684210526315789,,,LAC,2020,0.03926172528714259,23.0,False,,,0.13533333333333333,12,WR,1.0,True,True,False,False,False,,,,,,,
0.13533333333333333,,00-0036382,0.012016021361815754,WR,1.0,WR,0.3333333333333333,6.0,,,0.0036231884057971015,0.8,0.004580152671755725,3.3333333333333335,,,LAC,2021,0.00940646089169156,24.0,False,1.1916666666666667,,0.03166666666666667,6,WR,,False,False,True,False,True,,,,,,,
,,00-0036383,0.07954545454545454,RB,3.7111111111111117,RB,0.16071428571428573,33.400000000000006,,,-0.0017578554163920018,0.825,0.014900662251655629,1.2142857142857142,,,ARI,2021,0.021120494586009043,22.0,False,,,0.16299999999999998,9,RB,6.892307692307693,True,True,False,False,False,,,,,,,
0.16299999999999998,,00-0036383,0.2866578599735799,RB,6.892307692307693,RB,0.15668202764976957,89.60000000000001,,,-0.0093603744149766,1.0,0.05362776025236593,0.8894009216589862,,,ARI,2022,0.07388937828806527,23.0,False,3.7111111111111117,,0.31333333333333335,13,RB,,False,False,True,False,True,,,,,,,
,,00-0036387,0.42559109874826145,WR,7.927272727272728,WR,0.17647058823529413,87.2,,,0.13927301461872776,0.5,0.0962566844919786,1.2941176470588236,,,PHI,2020,0.24187613697107735,21.0,False,,,0.6727272727272727,11,WR,2.9499999999999997,True,True,False,False,False,,,,3.281032594239553,6.53076923076923,,
0.6727272727272727,,00-0036387,0.7777777777777778,WR,4.405555555555555,WR,0.12244897959183673,79.3,,,0.12771739130434784,0.6,0.11764705882352941,0.6142857142857143,,,PHI,2021,0.26587276214833755,22.0,False,7.927272727272728,,0.675,18,WR,2.3305555555555557,True,True,True,False,True,,,,2.8799380316634937,6.696315789473685,,
0.675,,00-0036387,0.06692406692406692,WR,1.4944444444444445,WR,0.25,26.900000000000002,7.927272727272728,,0.035108717334929186,0.7,0.019461077844311378,2.0,,,MIN,2022,0.0537677189009175,23.0,False,4.405555555555555,,0.07,18,WR,2.6333333333333333,True,True,True,True,True,,,,,,,
0.07,,00-0036387,0.31528662420382164,WR,3.1666666666666665,WR,0.11616161616161616,28.5,4.405555555555555,,0.0897724431107777,0.8,0.04251386321626617,0.696969696969697,,,NE,2023,0.12661150500194365,24.0,False,1.4944444444444445,,0.48727272727272725,9,WR,2.1,True,True,True,True,True,,,,,,,
,-8.333343790093465,00-0036389,0.26842837273991654,QB_pocket,7.795714285714285,QB,0.0051813471502590676,109.14,,-0.04838943412584054,-0.001185302252074279,0.543,0.0017825311942959,0.015544041450777202,-0.03341343250794307,161.0,PHI,2020,0.0018440852149918547,22.0,False,,161.0,0.30666666666666664,14,QB,22.970208333333332,True,True,False,False,False,,-3.6283291851145165,3.113176870748299,,,,
0.30666666666666664,-0.6127516384673329,00-0036389,0.8873015873015873,QB_dual_threat,20.52375,QB,0.0017889087656529517,328.38,,0.008634957774560508,0.0006793478260869565,0.7,0.00196078431372549,0.0,0.014961732414232152,505.0,PHI,2021,0.0034167199488491047,23.0,True,7.795714285714285,505.0,0.979375,16,QB,23.022777777777776,True,True,True,False,True,,-0.08706341894274061,3.122611627906977,,,,
0.979375,2.889977628995648,00-0036389,0.883495145631068,QB_dual_threat,25.416666666666668,QB,0.0,457.5,7.795714285714285,0.07360048517664003,0.0,0.8,0.0,0.0,0.09275793184236156,590.0,PHI,2022,0.0,24.0,True,20.52375,590.0,0.9722222222222222,18,QB,21.144970760233917,True,True,True,True,True,,2.392000760883093,2.7551260869565217,,,,
0.9722222222222222,4.140682781773402,00-0036389,0.958092485549133,QB_dual_threat,20.628888888888888,QB,0.0,371.32,20.52375,0.05581062006108459,0.0,0.9,0.0,0.0,0.0619836738796634,613.0,PHI,2023,0.0,25.0,True,25.416666666666668,613.0,0.9605555555555555,18,QB,20.04170278637771,True,True,True,True,True,,4.130073480972797,3.031875464684015,,,,
0.9252631578947368,2.363236406878639,00-0036389,0.9201954397394136,QB_dual_threat,18.42235294117647,QB,0.0,313.18,20.628888888888888,0.037170024101982065,0.0,1.0,0.0,0.0,0.04297187840192307,522.0,PHI,2025,0.0,27.0,True,21.661052631578947,522.0,0.9776470588235294,17,QB,,False,,True,True,True,,3.0895374449339243,2.976643805309734,,,,
,,00-0036398,0.325452016689847,WR,2.88,WR,0.12393162393162394,28.8,,,0.1293954958514421,0.8,0.05169340463458111,0.7136752136752137,,,PHI,2020,0.16811695404788113,24.0,False,,,0.37692307692307697,10,WR,,False,False,False,False,False,,,,,,,
,,00-0036407,0.8381877022653722,WR,9.85,WR,0.21814671814671815,157.6,,,0.31229575163398693,0.5,0.21200750469043153,1.6525096525096525,,,DEN,2020,0.5366182831794382,21.0,False,,,0.74375,16,WR,11.056666666666668,True,True,False,False,False,,,,2.6999388325775073,5.096880733944955,,
0.74375,,00-0036407,0.4207920792079208,WR,8.5,WR,0.2196078431372549,85.0,,,0.13562799179393664,0.6,0.10831721470019343,1.8313725490196078,,,DEN,2021,0.2574154163060458,22.0,False,9.85,,0.6559999999999999,10,WR,11.237916666666667,True,True,True,False,True,,,,3.5815596715801434,6.382093023255814,,
0.6559999999999999,,00-0036407,0.677710843373494,WR,13.613333333333335,WR,0.2222222222222222,204.20000000000002,9.85,,0.24534360950545922,0.7,0.18867924528301888,2.16,,,DEN,2022,0.4547593945783498,23.0,False,8.5,,0.7146666666666667,15,WR,11.51654411764706,True,True,True,True,True,,,,3.6899449233771056,6.460978260869565,,
0.7146666666666667,,00-0036407,0.7594728171334432,WR,8.8625,WR,0.18872017353579176,141.8,8.5,,0.3263684520306062,0.8,0.18354430379746836,1.6442516268980478,,,DEN,2023,0.5037743721176269,24.0,False,13.613333333333335,,0.65875,16,WR,10.63529411764706,True,True,True,True,True,,,,3.6293528534451753,7.224875,,
0.8970588235294118,,00-0036407,0.9175738724727839,WR,7.1000000000000005,WR,0.17966101694915254,120.7,8.8625,,0.3587743732590529,1.0,0.2034548944337812,1.0203389830508474,,,CLE,2025,0.5563244029320089,26.0,False,14.170588235294119,,0.8452941176470588,17,WR,,False,,True,True,True,,,,2.472050607213956,5.626857142857142,,
,,00-0036410,0.7684049079754601,WR,12.973333333333333,WR,0.2155688622754491,194.6,,,0.26919739696312367,0.5,0.19081272084805653,1.812375249500998,,,CIN,2020,0.4746572591462713,21.0,False,,,0.74125,15,WR,15.327777777777778,True,True,False,False,False,,,,2.4799228597399954,6.4280188679245285,,
0.74125,,00-0036410,0.8039950062421972,WR,15.555555555555555,WR,0.21739130434782608,280.0,,,0.3166156202143951,0.6,0.20710059171597633,2.1739130434782608,,,CIN,2021,0.532281821724041,22.0,False,12.973333333333333,,0.7916666666666666,18,WR,13.283333333333333,True,True,True,False,True,,,,2.268951119376171,6.000733944954128,,
0.7916666666666666,,00-0036410,0.8095823095823096,WR,15.1,WR,0.19726858877086495,256.7,12.973333333333333,,0.2952243125904486,0.7,0.18705035971223022,1.7860394537177542,,,CIN,2022,0.48723255838165935,23.0,False,15.555555555555555,,0.7242105263157894,17,WR,14.9875,True,True,True,True,True,,,,2.543515705121587,5.7642592592592585,,
0.7242105263157894,,00-0036410,0.5718390804597702,WR,11.466666666666667,WR,0.19095477386934673,137.6,15.555555555555555,,0.2604389721627409,0.8,0.12837837837837837,1.6482412060301508,,,CIN,2023,0.3748748480814862,24.0,False,15.1,,0.7383333333333333,12,WR,16.3075,True,True,True,True,True,,,,2.3280172055338837,5.940675675675675,,
0.7908333333333334,,00-0036410,0.760806916426513,WR,14.106666666666666,WR,0.1856060606060606,211.6,11.466666666666667,,0.28809471607103704,1.0,0.1614497528830313,1.6022727272727273,,,CIN,2025,0.4438409305742729,26.0,False,18.508333333333336,,0.8086666666666666,15,WR,,False,,True,True,True,,,,1.8328989708439576,5.22721649484536,,
,,00-0036412,0.529126213592233,WR,7.508333333333334,WR,0.1712538226299694,90.10000000000001,,,0.12152777777777778,0.5,0.1050656660412758,1.165137614678899,,,DEN,2020,0.24266794350635812,21.0,False,,,0.6076923076923078,12,WR,4.3,True,True,False,False,False,,,,3.1892486267052083,6.141764705882352,,
,,00-0036412,0.23493975903614459,WR,4.3,WR,0.08974358974358974,25.8,7.508333333333334,,0.07856989937914793,0.7,0.026415094339622643,1.0576923076923077,,,DEN,2022,0.09462157107483751,23.0,False,,,0.4757142857142857,6,WR,,False,False,False,True,False,,,,,,,
,,00-0036414,0.25213675213675213,RB,11.23076923076923,RB,0.096045197740113,146.0,,,0.015760997412373558,0.65,0.027777777777777776,0.9830508474576272,,,LA,2020,0.052699364855328154,21.0,True,,,0.39333333333333337,13,RB,8.02,True,True,False,False,False,,,,,,-0.2766930364765265,37.93103448275862
0.39333333333333337,,00-0036414,0.10683229813664596,RB,6.62,RB,0.1511627906976744,33.1,,,0.008996212121212122,0.825,0.017615176151761516,1.0,,,LA,2021,0.032720112712490756,22.0,True,11.23076923076923,,0.5,5,RB,8.045714285714286,True,True,True,False,True,,,,,,,
0.5,,00-0036414,0.3262642740619902,RB,9.42,RB,0.09,141.3,11.23076923076923,,0.009282009282009281,1.0,0.03488372093023256,0.585,,,LA,2022,0.05882298789275533,23.0,True,6.62,,0.48533333333333334,15,RB,6.191596638655462,True,True,True,True,True,,,,,,-0.07513415072068642,10.106382978723403
0.48533333333333334,,00-0036414,0.09269662921348315,RB,6.671428571428572,RB,0.18181818181818182,46.7,6.62,,-0.0027060782681099086,1.0,0.020100502512562814,1.0606060606060606,,,MIN,2023,0.028256498981167284,24.0,True,9.42,,0.29,7,RB,3.7533823529411765,True,True,True,True,True,,,,,,,
0.23500000000000001,,00-0036414,0.008680555555555556,RB,1.7950000000000002,RB,0.2,7.180000000000001,6.671428571428572,,-0.001611170784103115,1.0,0.002145922746781116,0.0,,,MIN,2025,0.002091064571299493,26.0,True,5.711764705882353,,0.02,4,RB,,False,,True,True,True,,,,,,,
,,00-0036415,0.2606837606837607,WR,3.96875,WR,0.20765027322404372,63.5,,,0.09103740296400847,0.8,0.06209150326797386,1.453551912568306,,,LA,2020,0.15686343697676672,24.0,False,,,0.24611111111111109,16,WR,8.442619047619047,True,True,False,False,False,,,,,,,
0.24611111111111109,,00-0036415,0.867080745341615,WR,8.995238095238095,WR,0.1518624641833811,188.9,,,0.23121843434343434,0.9,0.14363143631436315,1.2951289398280803,,,LA,2021,0.37730005851194875,25.0,False,3.96875,,0.810952380952381,21,WR,5.42,True,True,True,False,True,,,,2.5438563258612215,6.081379310344826,,
0.810952380952381,,00-0036415,0.48613376835236544,WR,7.890000000000001,WR,0.1476510067114094,78.9,3.96875,,0.18973518973518974,1.0,0.08527131782945736,1.238255033557047,,,LA,2022,0.26072160955881885,26.0,False,8.995238095238095,,0.7781818181818182,10,WR,3.828125,True,True,True,True,True,,,,,,,
0.7781818181818182,,00-0036415,0.6204620462046204,WR,2.95,WR,0.11436170212765957,41.300000000000004,8.995238095238095,,0.16372315035799523,1.0,0.08514851485148515,0.5558510638297872,,,ATL,2023,0.2423289775278244,27.0,False,7.890000000000001,,0.5276470588235295,14,WR,4.853125,True,True,True,True,True,,,,,,,
0.6522222222222223,,00-0036415,0.5716486902927581,WR,5.0,WR,0.14016172506738545,70.0,2.95,,0.15884752677205508,0.88,0.09829867674858223,0.9433962264150944,,,TEN,2025,0.25864128386331187,29.0,False,4.70625,,0.585625,14,WR,,False,,True,True,True,,,,2.6335520206653737,6.0706,,
,,00-0036422,0.30602782071097373,TE,3.590909090909091,TE,0.09595959595959595,39.5,,,0.019504040122596825,0.6,0.033216783216783216,0.8838383838383839,,,NO,2020,0.0634780029109926,23.0,False,,,0.3947058823529412,11,TE,4.739772727272727,True,True,False,False,False,0.0,,,,,,
0.3947058823529412,,00-0036422,0.5454545454545454,TE,5.754545454545454,TE,0.13522012578616352,63.3,,,0.06692160611854685,0.7,0.09129511677282377,0.8270440251572327,,,NO,2021,0.18378779944221846,24.0,False,3.590909090909091,,0.7546153846153847,11,TE,3.75,True,True,True,False,True,0.0,,,,,,
0.7546153846153847,,00-0036422,0.34452296819787986,TE,3.725,TE,0.11282051282051282,44.7,3.590909090909091,,0.026702873953383117,0.8,0.044897959183673466,1.0615384615384615,,,NO,2022,0.08603895054287838,25.0,False,5.754545454545454,,0.568,12,TE,3.4946428571428574,True,True,True,True,True,0.0,,,,,,
0.568,,00-0036422,0.6655683690280065,TE,3.7750000000000004,TE,0.08663366336633663,60.400000000000006,5.754545454545454,,0.06650971159505592,0.9,0.07383966244725738,0.504950495049505,,,DEN,2023,0.15731629178742523,26.0,False,3.725,,0.708235294117647,16,TE,3.232142857142857,True,True,True,True,True,0.0,,,,,,
0.5,,00-0036422,0.44036697247706424,TE,3.25,TE,0.0744047619047619,45.5,3.7750000000000004,,0.025625129158917133,1.0,0.03894080996884735,0.5803571428571429,,,DEN,2025,0.07634880536451301,28.0,False,3.2142857142857144,,0.57,14,TE,,False,,True,True,True,0.0,,,,,,
,,00-0036423,0.09385113268608414,TE,7.275,TE,0.25862068965517243,29.1,,,0.02369281045751634,0.5,0.028142589118198873,2.086206896551724,,,DEN,2020,0.05879885099755974,22.0,False,,,0.31,4,TE,4.839285714285714,True,True,False,False,False,0.0,,,,,,
0.31,,00-0036423,0.33663366336633666,TE,5.428571428571429,TE,0.19607843137254902,76.0,,,0.05151584226122635,0.6,0.07736943907156674,1.6176470588235294,,,DEN,2021,0.15211524819020855,23.0,False,7.275,,0.46214285714285713,14,TE,4.25,True,True,True,False,True,0.0,,,,,,
0.46214285714285713,,00-0036423,0.21234939759036145,TE,4.25,TE,0.1276595744680851,25.5,7.275,,0.02119460500963391,0.7,0.033962264150943396,0.6737588652482269,,,DEN,2022,0.06577961973315884,24.0,False,5.428571428571429,,0.34500000000000003,6,TE,,False,False,True,True,True,0.0,,,,,,
,,00-0036424,0.14518760195758565,TE,2.5571428571428574,TE,0.12359550561797752,17.900000000000002,,,0.03084903084903085,0.8,0.02131782945736434,1.2247191011235956,,,LA,2022,0.053571065780368105,25.0,False,,,0.21071428571428572,7,TE,2.56,True,True,False,False,False,0.0,,,,,,
0.21071428571428572,,00-0036424,0.08223201174743025,TE,2.56,TE,0.125,12.8,,,0.014138817480719794,0.9,0.011884550084889643,1.3928571428571428,,,LA,2023,0.02772399736383832,26.0,False,2.5571428571428574,,0.08750000000000001,5,TE,,False,False,True,False,True,0.0,,,,,,
,,00-0036425,0.14245014245014245,RB,6.322222222222223,RB,0.2,56.900000000000006,,,0.00040933278755628325,0.825,0.03558718861209965,1.11,,,SEA,2020,0.053667315869438875,22.0,False,,,0.17750000000000002,9,RB,3.2520220588235293,True,True,False,False,False,,,,,,,
0.17750000000000002,,00-0036425,0.20350877192982456,RB,3.5352941176470587,RB,0.19827586206896552,60.1,,,0.008805599458116957,1.0,0.048625792811839326,1.146551724137931,,,SEA,2021,0.07910260883844086,23.0,False,6.322222222222223,,0.1711764705882353,17,RB,1.8431985294117648,True,True,True,False,True,,,,,,,
0.1711764705882353,,00-0036425,0.22701149425287356,RB,2.96875,RB,0.12025316455696203,47.5,6.322222222222223,,0.002176278563656148,1.0,0.03236797274275979,0.7974683544303798,,,SEA,2022,0.05007535410869899,24.0,False,3.5352941176470587,,0.200625,16,RB,1.0150735294117648,True,True,True,True,True,,,,,,,
0.200625,,00-0036425,0.11267605633802817,RB,0.7176470588235295,RB,0.125,12.200000000000001,3.5352941176470587,,-0.003723932472691162,1.0,0.016453382084095063,0.3611111111111111,,,SEA,2023,0.02207332039525878,25.0,False,2.96875,,0.08941176470588236,17,RB,0.86625,True,True,True,True,True,,,,,,,
0.04588235294117647,,00-0036425,0.024926686217008796,RB,0.42000000000000004,RB,0.058823529411764705,2.1,0.7176470588235295,,-0.00020759809009757111,0.78,0.0018796992481203006,0.0,,,JAX,2025,0.0026742302091121513,27.0,False,1.3125,,0.06166666666666667,5,RB,,False,,True,True,True,,,,,,,
,,00-0036427,0.24375,WR,3.5384615384615383,WR,0.1076923076923077,46.0,,,0.03276311974485358,0.6,0.02837837837837838,1.0256410256410255,,,TB,2020,0.06550175138896508,22.0,False,,,0.25722222222222224,13,WR,4.527777777777778,True,True,False,False,False,,,,,,,
0.25722222222222224,,00-0036427,0.5341830822711472,WR,4.527777777777778,WR,0.13882863340563992,81.5,,,0.07275007839448103,0.7,0.07950310559006211,0.8785249457700651,,,TB,2021,0.17017971326122988,23.0,False,3.5384615384615383,,0.5368421052631579,18,WR,,False,False,True,False,True,,,,2.920683237790749,5.903076923076924,,
0.3766666666666667,,00-0036427,0.27435064935064934,WR,4.188888888888889,WR,0.10650887573964497,37.7,,,0.06610009442870633,1.0,0.03896103896103896,1.165680473372781,,,NYJ,2025,0.10471162454165286,27.0,False,5.554545454545455,,0.41,9,WR,,False,,True,False,True,,,,,,,
,,00-0036429,0.06290322580645161,TE,1.6500000000000001,TE,0.10256410256410256,6.6000000000000005,,,0.0028392958546280523,0.6,0.007619047619047619,0.9230769230769231,,,SF,2020,0.013416078526811065,23.0,False,,,0.12428571428571429,4,TE,0.5666666666666668,True,True,False,False,False,1.0,,,,,,
0.12428571428571429,,00-0036429,0.14683153013910355,TE,1.1333333333333335,TE,0.07368421052631578,10.200000000000001,,,0.012704617639872955,0.7,0.013282732447817837,0.5473684210526316,,,SF,2021,0.02881733101963782,24.0,False,1.6500000000000001,,0.242,9,TE,0.25833333333333336,True,True,True,False,True,1.0,,,,,,
0.242,,00-0036429,0.08087091757387248,TE,0.0,TE,0.038461538461538464,0.0,1.6500000000000001,,0.010844892812105928,0.8,0.0036496350364963502,0.0,,,SF,2022,0.013065877523218675,25.0,False,1.1333333333333335,,0.1675,7,TE,0.7416666666666667,True,True,True,True,True,1.0,,,,,,
0.1675,,00-0036429,0.18045112781954886,TE,0.5166666666666667,TE,0.025,6.2,1.1333333333333335,,0.0026183722452542005,0.9,0.005434782608695652,0.26666666666666666,,,SF,2023,0.009985034484721418,26.0,False,0.0,,0.276,12,TE,1.3976190476190478,True,True,True,True,True,1.0,,,,,,
0.424375,,00-0036429,0.35823429541595925,TE,1.8285714285714287,TE,0.04265402843601896,12.8,0.5166666666666667,,0.002868754482428879,1.0,0.017374517374517374,0.22748815165876776,,,ATL,2025,0.028069904199476275,28.0,False,0.9666666666666667,,0.5082352941176471,7,TE,,False,,True,True,True,1.0,,,,,,
,,00-0036435,,RB,0.0,RB,,0.0,,,0.0,0.825,0.0,,,,LA,2020,0.0,22.0,False,,,0.0,4,RB,,False,False,False,False,False,,,,,,,
,,00-0036438,0.15009746588693956,TE,0.8250000000000001,TE,0.07792207792207792,6.6000000000000005,,,0.027153558052434457,0.9,0.01405152224824356,0.5974025974025974,,,CAR,2022,0.04008477400906946,26.0,False,,,0.1442857142857143,8,TE,2.45,True,True,False,False,False,0.0,,,,,,
0.1442857142857143,,00-0036438,0.19005847953216373,TE,2.45,TE,0.18461538461538463,24.5,,,0.06265356265356266,1.0,0.0449438202247191,0.9615384615384616,,,CAR,2023,0.1112732241945725,27.0,False,0.8250000000000001,,0.22636363636363638,10,TE,,False,False,True,False,True,0.0,,,,,,
,,00-0036439,0.05016181229773463,WR,1.7571428571428573,WR,0.2903225806451613,12.3,,,0.01613562091503268,0.7,0.016885553470919325,2.032258064516129,,,DEN,2020,0.036623264846901864,23.0,False,,,0.10800000000000001,7,WR,0.4800000000000001,True,True,False,False,False,,,,,,,
0.10800000000000001,,00-0036439,0.026402640264026403,WR,0.0,WR,0.0625,0.0,,,0.0011397310234784591,0.8,0.0019342359767891683,0.0,,,DEN,2021,0.0036991656816186737,24.0,False,1.7571428571428573,,0.06142857142857143,4,WR,0.9600000000000002,True,True,True,False,True,,,,,,,
0.06142857142857143,,00-0036439,0.060240963855421686,WR,0.9600000000000002,WR,0.175,4.800000000000001,1.7571428571428573,,0.02119460500963391,0.9,0.013207547169811321,0.7,,,DEN,2022,0.034647544261460717,25.0,False,0.0,,0.17166666666666666,5,WR,,False,False,True,True,True,,,,,,,
,2.100735074099229,00-0036442,0.6947852760736196,QB_pocket,17.372,QB,0.0,173.72,,0.06166719839125919,0.0,0.657,0.0,0.0,0.07909284738423072,433.0,CIN,2020,0.0,24.0,False,,433.0,0.9730000000000001,10,QB,20.18692105263158,True,True,False,False,False,,4.488486668906447,2.648600997506234,,,,
0.9730000000000001,5.896984826477009,00-0036442,0.951310861423221,QB_pocket,18.977,QB,0.0,379.54,,0.10326486546567305,0.0,0.714,0.0,0.0,0.12224844426606003,732.0,CIN,2021,0.0,25.0,False,17.372,732.0,0.9724999999999999,20,QB,18.056421052631578,True,True,True,False,True,,6.0812982336546355,2.690293436293436,,,,
0.9724999999999999,3.109197187009665,00-0036442,0.995085995085995,QB_pocket,21.396842105263158,QB,0.0,406.54,17.372,0.09610767668441472,0.0,0.771,0.0,0.0,0.12397155017626534,770.0,CIN,2022,0.0,26.0,False,18.977,770.0,0.988421052631579,19,QB,18.32329411764706,True,True,True,True,True,,2.8439039807065853,2.549519008264463,,,,
0.988421052631579,1.2337517067577763,00-0036442,0.5790229885057471,QB_pocket,14.716,QB,0.0,147.16,18.977,0.005510737588134993,0.0,0.828,0.0,0.0,0.002584974954088091,388.0,CIN,2023,0.0,27.0,False,21.396842105263158,388.0,0.937,10,QB,19.369044117647057,True,True,True,True,True,,1.2590562934948935,2.5382170329670326,,,,
0.9952941176470589,4.6542982120187055,00-0036442,0.41210374639769454,QB_pocket,16.8075,QB,0.0,134.46,14.716,0.08336484304583179,0.0,0.942,0.0,0.0,0.09914564058539382,278.0,CIN,2025,0.0,29.0,False,21.930588235294117,278.0,0.8775,8,QB,,False,,True,True,True,,2.0552123552123476,2.8023590733590735,,,,
,,00-0036450,0.07375,RB,3.3428571428571425,RB,0.1864406779661017,23.4,,,0.0034792693534357786,1.0,0.014864864864864866,0.576271186440678,,,TB,2020,0.024732785844702343,23.0,False,,,0.14,7,RB,4.478571428571429,True,True,False,False,False,,,,,,,
0.14,,00-0036450,0.10081112398609501,RB,7.257142857142857,RB,0.11494252873563218,50.8,,,0.0018814675446848542,1.0,0.012422360248447204,0.40229885057471265,,,TB,2021,0.019950567653950205,24.0,False,3.3428571428571425,,0.15071428571428572,7,RB,1.49,True,True,True,False,True,,,,,,,
0.15071428571428572,,00-0036450,0.022274325908558032,RB,1.7,RB,0.21052631578947367,10.2,3.3428571428571425,,-0.0020389249304911955,1.0,0.005095541401273885,1.0,,,TB,2022,0.006216064650566991,25.0,False,7.257142857142857,,0.036875,6,RB,1.28,True,True,True,True,True,,,,,,,
0.036875,,00-0036450,0.03415300546448088,RB,1.28,RB,0.2,6.4,7.257142857142857,,-0.0003746721618583739,1.0,0.008012820512820512,0.08,,,TB,2023,0.011756960255929906,26.0,False,1.7,,0.15,5,RB,,False,False,True,True,True,,,,,,,
,,00-0036456,0.060240963855421686,TE,2.6500000000000004,TE,0.05,10.600000000000001,,,0.003436426116838488,0.6,0.0034423407917383822,0.65,,,GB,2020,0.007569009469394514,23.0,False,,,0.23285714285714285,4,TE,0.7714285714285715,True,True,False,False,False,0.0,,,,,,
0.23285714285714285,,00-0036456,0.09941520467836257,TE,0.7714285714285715,TE,0.08823529411764706,5.4,,,0.009415792852557245,0.7,0.010050251256281407,0.5,,,GB,2021,0.02166643188121218,24.0,False,2.6500000000000004,,0.2409090909090909,7,TE,,False,False,True,False,True,0.0,,,,,,
,,00-0036457,0.13466666666666666,RB,5.985714285714286,RB,0.1188118811881188,41.9,,,0.005808325266214908,1.0,0.02030456852791878,0.8316831683168316,,,BAL,2021,0.03452268047822861,25.0,False,,,0.16999999999999998,7,RB,,False,False,False,False,False,,,,,,,
,,00-0036482,0.11014492753623188,WR,1.78,WR,0.11842105263157894,8.9,,,0.03478026422216231,0.9,0.015544041450777202,0.7763157894736842,,,IND,2022,0.047662247131679415,25.0,False,,,0.15846153846153846,5,WR,,False,False,False,False,False,,,,,,,
,,00-0036493,0.24492753623188407,RB,7.041666666666667,RB,0.20118343195266272,84.5,,,-0.004583445672688056,1.0,0.05872193436960276,1.2366863905325445,,,IND,2022,0.0848744895835225,23.0,False,,,,12,RB,,False,False,False,False,False,,,,,,,
,,00-0036497,0.08155080213903744,WR,0.75,WR,0.06557377049180328,6.0,,,0.001441218859378217,0.8,0.0060790273556231,0.4918032786885246,,,JAX,2022,0.010127394234999402,24.0,False,,,,8,WR,1.40875,True,True,False,False,False,,,,,,,
,,00-0036497,0.2676056338028169,WR,1.9300000000000002,WR,0.09473684210526316,19.3,,,0.030988786952089703,0.9,0.029654036243822075,0.4368421052631579,,,JAX,2023,0.06617320523219591,25.0,False,0.75,,,10,WR,0.8875,True,True,True,False,False,,,,,,,
,,00-0036527,0.012326656394453005,WR,0.52,WR,0.125,2.6,,,-0.0005739429883298259,0.9,0.0017921146953405018,0.0,,,LV,2022,0.002286411951179875,25.0,False,,,,5,WR,1.9625000000000001,True,True,False,False,False,,,,,,,
,,00-0036527,,WR,0.0,WR,,0.0,,,0.0,1.0,0.0,,,,LV,2023,0.0,26.0,False,0.52,,,7,WR,3.9250000000000003,True,True,True,False,False,,,,,,,
,,00-0036534,0.21337579617834396,TE,5.125,TE,0.11194029850746269,41.0,,,0.01949512621844539,0.9,0.026881720430107527,0.44776119402985076,,,DET,2022,0.05396916899807306,26.0,False,,,,8,TE,,False,False,False,False,False,0.0,,,,,,
,,00-0036550,0.548,WR,8.625,WR,0.1654501216545012,103.5,,,0.11732817037754115,0.6,0.11505922165820642,1.2530413625304135,,,BAL,2021,0.2547185517515884,22.0,False,,,0.6808333333333333,12,WR,6.94656862745098,True,True,False,False,False,,,,2.662842684306441,6.907272727272726,,
0.6808333333333333,,00-0036550,0.19966722129783693,WR,8.916666666666666,WR,0.23333333333333334,53.5,,,0.09285004965243297,0.7,0.056795131845841784,2.375,,,BAL,2022,0.15018773252546574,23.0,False,8.625,,0.51,6,WR,8.088235294117649,True,True,True,False,True,,,,,,,
0.51,,00-0036550,0.5737226277372263,WR,4.976470588235294,WR,0.15776081424936386,84.60000000000001,8.625,,0.1981526281064438,0.8,0.1167608286252354,1.0381679389312977,,,BAL,2023,0.31384808261236374,24.0,False,8.916666666666666,,0.5805555555555555,17,WR,7.730769230769232,True,True,True,True,True,,,,2.5042399791084753,5.542727272727273,,
0.6763157894736842,,00-0036550,0.6343873517786561,WR,4.261538461538462,WR,0.11838006230529595,55.400000000000006,4.976470588235294,,0.1386255924170616,1.0,0.09336609336609336,0.6978193146417445,,,BAL,2025,0.23708705474108316,26.0,False,11.200000000000001,,0.693076923076923,13,WR,,False,,True,True,True,,,,,,,
,,00-0036554,0.5876623376623377,WR,5.971428571428572,WR,0.16574585635359115,83.60000000000001,,,0.16771985255397578,0.6,0.1147227533460803,1.2320441988950277,,,HOU,2021,0.2894880268069035,22.0,False,,,0.5907142857142856,14,WR,13.507941176470588,True,True,False,False,False,,,,2.360439686621562,5.288500000000001,,
0.5907142857142856,,00-0036554,0.4485981308411215,WR,9.71,WR,0.22916666666666666,97.10000000000001,,,0.1879243452958293,0.7,0.11827956989247312,1.6701388888888888,,,HOU,2022,0.30896639654579017,23.0,False,5.971428571428572,,0.717,10,WR,17.542226890756304,True,True,True,False,True,,,,2.9005587279897145,5.8990909090909085,,
0.717,,00-0036554,0.6524137931034483,WR,17.305882352941175,WR,0.266384778012685,294.2,5.971428571428572,,0.25290751338379175,0.8,0.20826446280991737,3.0887949260042284,,,HOU,2023,0.48943195358353025,24.0,False,9.71,,0.6911764705882353,17,WR,16.117410714285715,True,True,True,True,True,,,,3.0195786656265766,5.8057943925233655,,
0.6892857142857143,,00-0036554,0.6869918699186992,WR,14.45625,WR,0.2504930966469428,231.3,17.305882352941175,,0.30079605761940864,1.0,0.2015873015873016,2.244575936883629,,,HOU,2025,0.5129381927145384,26.0,False,17.77857142857143,,0.75875,16,WR,,False,,True,True,True,,,,2.3131666031317177,4.872136752136753,,
,,00-0036555,0.34210526315789475,RB,8.6,RB,0.1581196581196581,137.6,,,0.0004641448131817127,0.825,0.06434782608695652,0.7435897435897436,,,CAR,2021,0.09684664049966198,22.0,True,,,0.39235294117647057,16,RB,8.571218487394958,True,True,False,False,False,,,,,,-0.5995709557095165,29.651162790697676
0.39235294117647057,,00-0036555,0.290448343079922,RB,6.4071428571428575,RB,0.11409395973154363,89.7,,,0.0028089887640449437,1.0,0.03981264637002342,1.1476510067114094,,,CAR,2022,0.06168526168986659,23.0,True,8.6,,0.30666666666666664,14,RB,13.420980392156864,True,True,True,False,True,,,,,,0.3666935074428627,13.684210526315791
0.30666666666666664,,00-0036555,0.5745614035087719,RB,10.735294117647058,RB,0.11195928753180662,182.5,8.6,,-0.008353808353808353,1.0,0.08239700374531835,0.5928753180661578,,,CAR,2023,0.11774783977031168,24.0,True,6.4071428571428575,,0.5952941176470589,17,RB,12.593958333333335,True,True,True,True,True,,,,,,0.1933784009930784,19.327731092436977
0.7733333333333333,,00-0036555,0.4643423137876387,RB,9.08125,RB,0.14675767918088736,145.3,10.735294117647058,,-0.01168939604787086,1.0,0.08317214700193423,0.8054607508532423,,,CAR,2025,0.11657564326939175,26.0,True,16.10666666666667,,0.4675,16,RB,,False,,True,True,True,,,,,,-0.2969088914728328,20.149253731343283
,,00-0036556,0.2597402597402597,TE,6.9750000000000005,TE,0.175,55.800000000000004,,,0.04186413902053712,0.4,0.05353728489483748,1.1125,,,HOU,2021,0.1096108246566322,21.0,False,,,0.4066666666666667,8,TE,4.218055555555555,True,True,False,False,False,0.0,,,,,,
0.4066666666666667,,00-0036556,0.24610591900311526,TE,2.977777777777778,TE,0.17721518987341772,26.8,,,0.0497090203685742,0.5,0.05017921146953405,0.810126582278481,,,HOU,2022,0.11006513146230301,22.0,False,6.9750000000000005,,0.38727272727272727,9,TE,5.458333333333333,True,True,True,False,True,0.0,,,,,,
0.38727272727272727,,00-0036556,0.25103448275862067,TE,5.458333333333333,TE,0.12637362637362637,65.5,6.9750000000000005,,0.022337086948495476,0.6,0.03801652892561983,1.620879120879121,,,HOU,2023,0.07266075425237659,23.0,False,2.977777777777778,,0.331875,12,TE,,False,False,True,True,True,0.0,,,,,,
,,00-0036567,0.33384853168469864,RB,14.328571428571427,RB,0.13425925925925927,200.6,,,-0.002198876129978011,1.0,0.05502846299810247,0.8981481481481481,,,SF,2021,0.0810034812061691,23.0,True,,,0.6407142857142858,14,RB,6.358241758241759,True,True,False,False,False,,,,,,0.2794637679098059,39.61352657004831
0.6407142857142858,,00-0036567,0.05287713841368585,RB,8.485714285714286,RB,0.20588235294117646,59.4,,,-0.0017654476670870113,1.0,0.012773722627737226,0.9411764705882353,,,SF,2022,0.017924770574644932,24.0,True,14.328571428571427,,0.24857142857142858,7,RB,4.230769230769231,True,True,True,False,True,,,,,,,
0.24857142857142858,,00-0036567,0.09022556390977443,RB,4.230769230769231,RB,0.13333333333333333,55.0,14.328571428571427,,-0.0048003491162993675,1.0,0.014492753623188406,0.23333333333333334,,,SF,2023,0.01837888605337305,25.0,True,8.485714285714286,,0.18500000000000003,13,RB,,False,False,True,True,True,,,,,,,
,,00-0036569,0.013513513513513514,RB,0.2857142857142857,RB,0.1111111111111111,2.0,,,0.000243842965130456,1.0,0.0018214936247723133,0.6666666666666666,,,NYG,2021,0.002902930512749789,23.0,False,,,0.015384615384615385,7,RB,2.3323529411764703,True,True,False,False,False,,,,,,,
0.015384615384615385,,00-0036569,0.07142857142857142,RB,1.7647058823529411,RB,0.1568627450980392,30.0,,,0.0019801980198019802,1.0,0.014598540145985401,0.7647058823529411,,,NYG,2022,0.02328394883283949,24.0,False,0.2857142857142857,,0.07421052631578948,17,RB,2.9,True,True,True,False,True,,,,,,,
0.07421052631578948,,00-0036569,0.040059347181008904,RB,2.9,RB,0.25925925925925924,11.6,0.2857142857142857,,-0.0016662038322688142,1.0,0.014462809917355372,1.7407407407407407,,,NYG,2023,0.020527872193444888,25.0,False,1.7647058823529411,,0.08857142857142856,4,RB,,False,False,True,True,True,,,,,,,
,,00-0036571,,WR,0.0,WR,,0.0,,,0.0,0.7,0.0,,,,BUF,2021,0.0,23.0,False,,,0.018,5,WR,,False,False,False,False,False,,,,,,,
,,00-0036572,0.0935672514619883,WR,3.22,WR,0.171875,16.1,,,0.01717335808772337,0.7,0.019130434782608695,1.625,,,CAR,2021,0.0407170028353194,23.0,False,,,0.21166666666666667,5,WR,3.623529411764706,True,True,False,False,False,,,,,,,
0.21166666666666667,,00-0036572,0.6257309941520468,WR,3.623529411764706,WR,0.1277258566978193,61.6,,,0.10955056179775281,0.8,0.09601873536299765,0.9221183800623053,,,CAR,2022,0.22071349630292345,24.0,False,3.22,,0.4917647058823529,17,WR,,False,False,True,False,True,,,,,,,
,,00-0036590,0.23872679045092837,TE,2.1999999999999997,TE,0.07777777777777778,24.2,,,0.012767368595589454,0.6,0.022292993630573247,0.5666666666666667,,,BUF,2022,0.04237664846277249,23.0,False,,,,11,TE,1.4600000000000002,True,True,False,False,False,0.0,,,,,,
,,00-0036590,0.13196480938416422,TE,1.5909090909090908,TE,0.1,17.5,,,0.0093419140543907,0.9,0.016917293233082706,0.6111111111111112,,,JAX,2025,0.03191527968769755,26.0,False,1.4600000000000002,,0.22466666666666668,11,TE,,False,,True,False,False,0.0,,,,,,
,,00-0036613,0.8391304347826087,WR,15.4875,WR,0.24179620034542315,247.8,,,0.2238503155996393,0.7,0.23411371237458195,1.7530224525043179,,,MIA,2021,0.5078657894816204,23.0,False,,,0.834375,16,WR,14.247777777777781,True,True,False,False,False,,,,3.3368771186152197,6.519593495934959,,
0.834375,,00-0036613,0.8263386396526773,WR,14.855555555555558,WR,0.2171628721541156,267.40000000000003,,,0.2763854571126015,0.8,0.2134251290877797,2.4518388791593697,,,MIA,2022,0.5136075136104906,24.0,False,15.4875,,0.7444444444444445,18,WR,11.806666666666668,True,True,True,False,True,,,,2.9652117293459694,5.762123893805309,,
0.7444444444444445,,00-0036613,0.6282245827010622,WR,13.640000000000002,WR,0.2632850241545894,204.60000000000002,15.4875,,0.25088261253309796,0.9,0.19089316987740806,2.524154589371981,,,MIA,2023,0.46195758358928063,25.0,False,14.855555555555558,,0.67,15,WR,11.052916666666667,True,True,True,True,True,,,,3.422396920632551,6.708163265306122,,
0.7866666666666667,,00-0036613,0.7626168224299066,WR,12.1325,WR,0.24509803921568626,194.12,13.640000000000002,,0.4007364222154035,1.0,0.22172949002217296,2.230392156862745,,,MIA,2025,0.6131097305840418,27.0,False,9.973333333333333,,0.77625,16,WR,,False,,True,True,True,,,,2.7343342022996935,6.186734693877551,,
,,00-0036620,0.18771929824561404,WR,3.5375,WR,0.18691588785046728,28.3,,,0.056897719575524947,0.8,0.042283298097251586,0.5981308411214953,,,SEA,2021,0.10325335084874483,24.0,False,,,0.317,8,WR,0.8291666666666667,True,True,False,False,False,,,,,,,
0.317,,00-0036620,0.13505747126436782,WR,1.5333333333333334,WR,0.13829787234042554,13.8,,,0.0117519042437432,0.9,0.022146507666098807,0.6170212765957447,,,SEA,2022,0.04144609446976845,25.0,False,3.5375,,0.257,9,WR,0.8025,True,True,True,False,True,,,,,,,
0.257,,00-0036620,0.009389671361502348,WR,0.125,WR,0.16666666666666666,0.5,3.5375,,0.004220456802383317,1.0,0.0018281535648994515,0.0,,,SEA,2023,0.005696550109017499,26.0,False,1.5333333333333334,,0.0725,4,WR,1.2036363636363636,True,True,True,True,True,,,,,,,
0.09833333333333334,,00-0036620,0.10654205607476636,WR,0.9272727272727272,WR,0.12280701754385964,10.2,0.125,,0.030070573795642836,1.0,0.015521064301552107,1.087719298245614,,,MIA,2025,0.044330998109278145,28.0,False,1.48,,0.11846153846153847,11,WR,,False,,True,True,True,,,,,,,
,,00-0036626,0.31347962382445144,WR,2.81,WR,0.125,28.1,,,0.09421364985163205,0.6,0.04681647940074907,0.825,,,WAS,2021,0.13617427399726603,22.0,False,,,0.3593333333333334,10,WR,2.914722222222222,True,True,False,False,False,,,,,,,
0.3593333333333334,,00-0036626,0.13814756671899528,WR,3.644444444444445,WR,0.1590909090909091,32.800000000000004,,,0.0823448905109489,0.7,0.026365348399246705,1.625,,,WAS,2022,0.09718944595653428,23.0,False,2.81,,0.16133333333333333,9,WR,4.100833333333333,True,True,True,False,True,,,,,,,
0.16133333333333333,,00-0036626,0.2265943012211669,WR,2.185,WR,0.1377245508982036,34.96,2.81,,0.08884297520661157,0.8,0.03826955074875208,1.0059880239520957,,,WAS,2023,0.11959440876775622,24.0,False,3.644444444444445,,0.21882352941176472,16,WR,5.267424242424243,True,True,True,True,True,,,,,,,
0.48,,00-0036626,0.2991202346041056,WR,4.5181818181818185,WR,0.18137254901960784,49.7,2.185,,0.10753581067054183,1.0,0.06954887218045112,1.1127450980392157,,,JAX,2025,0.17959837574005594,26.0,False,6.016666666666667,,0.36642857142857144,11,WR,,False,,True,True,True,,,,,,,
,,00-0036628,0.3934169278996865,TE,4.241666666666667,TE,0.099601593625498,50.900000000000006,,,0.03684470820969337,0.7,0.04681647940074907,0.9920318725099602,,,WAS,2021,0.09601601484790896,24.0,False,,,0.4623529411764706,12,TE,2.847777777777778,True,True,False,False,False,0.0,,,,,,
0.4623529411764706,,00-0036628,0.3092621664050236,TE,3.4222222222222225,TE,0.1116751269035533,30.8,,,0.026003649635036496,0.8,0.04143126177024482,0.5482233502538071,,,WAS,2022,0.08034944739989278,25.0,False,4.241666666666667,,0.451875,9,TE,1.7772916666666667,True,True,True,False,True,0.0,,,,,,
0.451875,,00-0036628,0.36092265943012214,TE,2.2733333333333334,TE,0.10526315789473684,34.1,4.241666666666667,,0.04017447199265381,0.9,0.04658901830282862,0.5676691729323309,,,WAS,2023,0.09800565784910059,26.0,False,3.4222222222222225,,0.4547058823529412,15,TE,2.005625,True,True,True,True,True,0.0,,,,,,
0.4365,,00-0036628,0.34146341463414637,TE,2.73,TE,0.08163265306122448,27.3,2.2733333333333334,,0.0128,1.0,0.037037037037037035,0.5255102040816326,,,WAS,2025,0.06451555555555555,28.0,False,1.28125,,0.514,10,TE,,False,,True,True,True,0.0,,,,,,
,,00-0036630,0.07466666666666667,WR,0.43,WR,0.10714285714285714,4.3,,,0.007357212003872217,0.6,0.01015228426395939,0.4107142857142857,,,BAL,2021,0.020378474798649637,22.0,False,,,0.07294117647058823,10,WR,1.4049999999999998,True,True,False,False,False,,,,,,,
0.07294117647058823,,00-0036630,0.07487520798668885,WR,1.46,WR,0.15555555555555556,7.3,,,0.02333664349553128,0.7,0.014198782961460446,0.7333333333333333,,,BAL,2022,0.03763382488906256,23.0,False,0.43,,0.1322222222222222,5,WR,2.2142857142857144,True,True,True,False,True,,,,,,,
0.1322222222222222,,00-0036630,0.03941605839416058,WR,1.3499999999999999,WR,0.07407407407407407,8.1,0.43,,0.005058280184737189,0.8,0.003766478342749529,0.4074074074074074,,,BAL,2023,0.009190513643440326,24.0,False,1.46,,0.09363636363636364,6,WR,2.1983766233766233,True,True,True,True,True,,,,,,,
0.2752631578947369,,00-0036630,0.17588932806324112,WR,1.3181818181818181,WR,0.0898876404494382,14.5,1.3499999999999999,,0.03169431279620853,1.0,0.019656019656019656,0.5056179775280899,,,BAL,2025,0.05167004844137546,26.0,False,3.0785714285714287,,0.2307142857142857,11,WR,,False,,True,True,True,,,,,,,
,,00-0036635,0.0995405819295559,WR,4.766666666666667,WR,0.09230769230769231,28.6,,,0.02850144733912269,0.6,0.01073345259391771,1.7846153846153847,,,MIN,2021,0.036051192028262444,22.0,False,,,0.185,6,WR,1.0058823529411764,True,True,False,False,False,,,,,,,
0.185,,00-0036635,0.06470588235294118,WR,0.1,WR,0.12121212121212122,0.4,,,0.008796732642161484,0.7,0.0111731843575419,0.45454545454545453,,,CHI,2022,0.022917489385825888,23.0,False,4.766666666666667,,0.14375,4,WR,1.1558823529411766,True,True,True,False,True,,,,,,,
0.14375,,00-0036635,0.0804093567251462,WR,1.911764705882353,WR,0.18181818181818182,32.5,4.766666666666667,,0.0022113022113022115,0.8,0.018726591760299626,0.9272727272727272,,,CAR,2023,0.029637799188360986,24.0,False,0.1,,0.10823529411764707,17,WR,0.4,True,True,True,True,True,,,,,,,
,,00-0036637,0.1939799331103679,TE,2.2222222222222223,TE,0.08045977011494253,20.0,,,0.008458646616541353,0.5,0.018691588785046728,0.28735632183908044,,,KC,2021,0.033958435809149035,22.0,False,,,0.24,9,TE,4.047499999999999,True,True,False,False,False,0.0,,,,,,
0.24,,00-0036637,0.4466824644549763,TE,3.835,TE,0.10079575596816977,76.7,,,0.03872348705973925,0.6,0.05337078651685393,0.8912466843501327,,,KC,2022,0.10716262071709837,23.0,False,2.2222222222222223,,0.534,20,TE,5.43,True,True,True,False,True,0.0,,,,,,
0.534,,00-0036637,0.4649321266968326,TE,4.26,TE,0.12652068126520682,85.2,2.2222222222222223,,0.0710880829015544,0.7,0.07113543091655267,0.902676399026764,,,KC,2023,0.1564648044059171,24.0,False,3.835,,0.529047619047619,20,TE,4.685714285714286,True,True,True,True,True,0.0,,,,,,
0.5455,,00-0036637,0.430635838150289,TE,2.771428571428572,TE,0.12416107382550336,38.800000000000004,4.26,,0.05560725919032108,0.9,0.06739526411657559,0.5973154362416108,,,KC,2025,0.14001797760808815,26.0,False,6.6,,0.52125,14,TE,,False,,True,True,True,0.0,,,,,,
0.44111111111111106,,00-0036646,0.03337783711615487,WR,0.0,WR,0.0,0.0,,,0.0,1.0,0.0,0.0,,,ARI,2025,0.0,28.0,False,2.766666666666667,,0.0625,7,WR,,False,,True,False,True,,,,,,,
,,00-0036650,0.07209612817089453,RB,1.7333333333333334,RB,0.037037037037037035,15.600000000000001,,,-0.00020128824476650564,0.825,0.0030534351145038168,-0.018518518518518517,,,LAC,2021,0.004439250900419171,22.0,False,,,0.12416666666666666,9,RB,,False,False,False,False,False,,,,,,,
,,00-0036652,0.07472178060413355,WR,0.11428571428571425,WR,0.1276595744680851,0.7999999999999998,,,0.016210984756835228,0.6,0.01107011070110701,0.1702127659574468,,,TEN,2021,0.027952855381445173,22.0,False,,,0.152,7,WR,1.6,True,True,False,False,False,,,,,,,
0.152,,00-0036652,0.09056603773584905,WR,1.6,WR,0.16666666666666666,6.4,,,0.052615844544095666,0.7,0.01834862385321101,0.8333333333333334,,,TEN,2022,0.06435402696068349,23.0,False,0.11428571428571425,,0.192,4,WR,,False,False,True,False,True,,,,,,,
,,00-0036654,0.13930348258706468,RB,3.3666666666666667,RB,0.25,50.5,,,0.002185526954832443,1.0,0.04242424242424243,2.1547619047619047,,,CLE,2021,0.06516623250474636,23.0,False,,,0.1275,15,RB,0.39999999999999997,True,True,False,False,False,,,,,,,
0.1275,,00-0036654,0.040257648953301126,RB,0.39999999999999997,RB,0.16,2.4,,,0.003827751196172249,1.0,0.007905138339920948,0.32,,,CLE,2022,0.014537133347201997,24.0,False,3.3666666666666667,,0.13875,6,RB,,False,False,True,False,True,,,,,,,
,,00-0036669,0.019005847953216373,RB,0.48750000000000004,RB,0.15384615384615385,3.9000000000000004,,,-0.0006419858763107211,1.0,0.0033500837520938024,0.38461538461538464,,,GB,2021,0.004575735514723199,23.0,False,,,0.05625,8,RB,,False,False,False,False,False,,,,,,,
,,00-0036670,0.027777777777777776,RB,6.425000000000001,RB,0.2777777777777778,25.700000000000003,,,0.00027041644131963225,0.65,0.009025270758122744,1.2777777777777777,,,DET,2021,0.013727197646107858,21.0,False,,,0.08142857142857143,4,RB,,False,False,False,False,False,,,,,,,
,,00-0036671,0.13949843260188088,WR,1.7111111111111112,WR,0.15730337078651685,15.4,,,0.025222551928783383,0.6,0.026217228464419477,0.9325842696629213,,,WAS,2021,0.05698162904677758,22.0,False,,,0.18153846153846154,9,WR,1.0466666666666666,True,True,False,False,False,,,,,,,
0.18153846153846154,,00-0036671,0.05337519623233909,WR,1.0466666666666666,WR,0.20588235294117646,15.7,,,0.008667883211678832,0.7,0.013182674199623353,1.088235294117647,,,WAS,2022,0.025841529547610213,23.0,False,1.7111111111111112,,0.08,15,WR,,False,False,True,False,True,,,,,,,
,,00-0036698,0.001589825119236884,RB,0.275,RB,1.0,1.1,,,-0.0009678199854827002,1.0,0.0018450184501845018,0.0,,,TEN,2021,0.0020900536854388625,24.0,False,,,0.012857142857142857,4,RB,,False,False,False,False,False,,,,,,,
,,00-0036741,0.16984126984126985,TE,0.8857142857142858,TE,0.04672897196261682,6.2,,,0.003170289855072464,0.6,0.00980392156862745,0.205607476635514,,,PHI,2021,0.0169250852514919,23.0,False,,,0.3129411764705883,7,TE,1.8606060606060606,True,True,False,False,False,0.0,,,,,,
0.3129411764705883,,00-0036741,0.37586685159500693,TE,2.2545454545454544,TE,0.055350553505535055,24.8,,,0.018913000199084214,0.7,0.02555366269165247,0.47232472324723246,,,PHI,2022,0.05156959417683765,24.0,False,0.8857142857142858,,0.46399999999999997,11,TE,1.0333333333333334,True,True,True,False,True,0.0,,,,,,
0.46399999999999997,,00-0036741,0.2702312138728324,TE,1.4666666666666668,TE,0.0427807486631016,8.8,0.8857142857142858,,0.0053112385808370514,0.8,0.01436265709156194,0.20320855614973263,,,PHI,2023,0.025261852643928846,25.0,False,2.2545454545454544,,0.3872222222222222,6,TE,1.2222222222222223,True,True,True,True,True,0.0,,,,,,
0.2827272727272727,,00-0036741,0.10782865583456426,TE,1.8444444444444446,TE,0.1506849315068493,16.6,1.4666666666666668,,0.007268063274903805,1.0,0.019469026548672566,0.6301369863013698,,,NO,2025,0.03429118411544151,27.0,False,0.6,,0.20866666666666667,9,TE,,False,,True,True,True,0.0,,,,,,
,,00-0036754,0.17901234567901234,TE,4.4625,TE,0.14655172413793102,35.7,,,0.018929150892374257,0.6,0.030685920577617327,1.0086206896551724,,,DET,2021,0.059279286491087976,23.0,False,,,,8,TE,3.725974025974026,True,True,False,False,False,0.0,,,,,,
,,00-0036754,0.3837579617834395,TE,4.542857142857143,TE,0.0995850622406639,63.6,,,0.01799550112471882,0.7,0.043010752688172046,0.8962655601659751,,,DET,2022,0.07711297981956124,24.0,False,4.4625,,,14,TE,3.0454545454545454,True,True,True,False,False,0.0,,,,,,
,,00-0036754,0.2708333333333333,TE,2.909090909090909,TE,0.07211538461538461,32.0,4.4625,,0.008808724832214765,0.8,0.022123893805309734,0.5769230769230769,,,DET,2023,0.039351948090514934,25.0,False,4.542857142857143,,0.43125,11,TE,3.890909090909091,True,True,True,True,False,0.0,,,,,,
0.495,,00-0036754,0.2763578274760383,TE,4.6000000000000005,TE,0.12716763005780346,36.800000000000004,2.909090909090909,,0.005989654233596515,1.0,0.04,0.6242774566473989,,,DET,2025,0.06419275796351756,27.0,False,3.1818181818181817,,0.5763636363636363,8,TE,,False,,True,True,True,0.0,,,,,,
,,00-0036755,0.11285266457680251,RB,3.726666666666667,RB,0.1527777777777778,55.900000000000006,,,-0.000741839762611276,0.825,0.020599250936329586,1.0138888888888888,,,WAS,2021,0.03037958857066649,22.0,False,,,0.13823529411764707,15,RB,,False,False,False,False,False,,,,,,,
,,00-0036755,0.0823045267489712,RB,3.6714285714285713,RB,0.06666666666666667,25.7,,,-0.00021519259737465033,1.0,0.007029876977152899,0.13333333333333333,,,LAC,2025,0.010394180647567095,26.0,False,,,0.24000000000000002,7,RB,,False,,False,False,False,,,,,,,
,,00-0036825,0.007911392405063292,TE,-0.35,QB,0.0,-1.4,,,0.0,0.7,0.0,0.0,,,ATL,2021,0.0,24.0,False,,,,4,TE,0.0,True,True,False,False,False,0.0,,,,,,
,,00-0036825,0.046747967479674794,TE,0.0,TE,0.08695652173913043,0.0,,,0.014213197969543147,0.8,0.005025125628140704,0.0,,,ATL,2022,0.017486927020891257,25.0,False,-0.35,,,5,TE,0.24444444444444446,True,True,True,False,False,0.0,,,,,,
,,00-0036825,,TE,0.04,TE,,0.4,,,0.0,1.0,0.0,,,,ATL,2025,0.0,28.0,False,0.24444444444444446,,0.012941176470588235,10,TE,,False,,True,False,False,0.0,,,,,,
,,00-0036829,0.06910569105691057,RB,3.741666666666667,RB,0.058823529411764705,44.900000000000006,,,-0.0015228426395939086,1.0,0.005025125628140704,0.08823529411764706,,,ATL,2022,0.006471698594495319,24.0,False,,,,12,RB,,False,False,False,False,False,,,,,,,
,,00-0036841,0.05286343612334802,WR,0.43125,WR,0.19444444444444445,6.9,,,0.005355612682090831,0.9,0.011884550084889643,0.8055555555555556,,,LA,2023,0.021575754004798046,25.0,False,,,0.06529411764705882,16,WR,1.2666666666666668,True,True,False,False,False,,,,,,,
,,00-0036841,0.07038123167155426,WR,1.2666666666666668,WR,0.20833333333333334,7.6000000000000005,0.43125,,0.026987751712684242,1.0,0.018796992481203006,0.9583333333333334,,,JAX,2025,0.04708691492068348,27.0,False,,,0.22666666666666668,6,WR,,False,,False,True,False,,,,,,,
,,00-0036842,0.022970903522205207,RB,2.5555555555555554,RB,0.3333333333333333,23.0,,,-0.0013360053440213762,1.0,0.008944543828264758,0.6,,,MIN,2021,0.012481612001582173,23.0,False,,,,9,RB,0.46458333333333335,True,True,False,False,False,,,,,,,
,,00-0036842,0.011583011583011582,RB,0.7666666666666667,RB,0.2222222222222222,11.5,,,0.0,1.0,0.0029940119760479044,2.3333333333333335,,,MIN,2022,0.004491017964071857,24.0,False,2.5555555555555554,,,15,RB,0.1625,True,True,True,False,False,,,,,,,
,,00-0036842,0.011235955056179775,RB,0.1625,RB,0.0,1.3,2.5555555555555554,,0.0,1.0,0.0,0.0,,,MIN,2023,0.0,25.0,False,0.7666666666666667,,0.02,8,RB,1.09,True,True,True,True,False,,,,,,,
,,00-0036842,0.024350649350649352,RB,1.09,RB,0.06666666666666667,10.9,0.1625,,-0.0018885741265344666,0.78,0.0021645021645021645,0.0,,,NYJ,2025,0.0019247513581791204,27.0,False,,,0.04416666666666667,10,RB,,False,,False,True,False,,,,,,,
,,00-0036849,,WR,0.0,WR,,0.0,,,0.0,0.6,0.0,,,,LA,2021,0.0,22.0,False,,,0.02125,6,WR,6.74,True,True,False,False,False,,,,,,,
0.02125,,00-0036849,0.2903752039151713,WR,5.266666666666667,WR,0.19662921348314608,63.2,,,0.1698061698061698,0.7,0.06782945736434108,1.6741573033707866,,,LA,2022,0.22060850491083045,23.0,False,0.0,,0.41307692307692306,12,WR,7.284791666666667,True,True,True,False,True,,,,,,,
0.41307692307692306,,00-0036849,0.6035242290748899,WR,8.213333333333333,WR,0.1654501216545012,123.2,0.0,,0.16773778920308482,0.8,0.11544991511035653,1.267639902676399,,,LA,2023,0.29059132510769414,24.0,False,5.266666666666667,,0.6158823529411765,15,WR,5.128125,True,True,True,True,True,,,,2.612631787522305,6.6187499999999995,,
0.3515789473684211,,00-0036849,0.20794701986754968,WR,3.9,WR,0.09554140127388536,31.2,8.213333333333333,,0.044900386559619386,1.0,0.021520803443328552,1.2229299363057324,,,LA,2025,0.0637114757567264,26.0,False,6.35625,,0.27181818181818185,8,WR,,False,,True,True,True,,,,,,,
,,00-0036857,0.10112359550561797,RB,4.030769230769231,RB,0.2345679012345679,52.4,,,0.013591117917304748,1.0,0.028106508875739646,1.9012345679012346,,,CIN,2021,0.05167354585572279,24.0,False,,,0.0961111111111111,13,RB,1.28,True,True,False,False,False,,,,,,,
0.0961111111111111,,00-0036857,0.019656019656019656,RB,1.28,RB,0.25,12.8,,,0.011370684308455654,1.0,0.0057553956834532375,2.375,,,CIN,2022,0.01659257254109881,25.0,False,4.030769230769231,,0.023333333333333334,10,RB,,False,False,True,False,True,,,,,,,
,,00-0036860,0.02236024844720497,RB,0.16666666666666666,RB,0.0,1.0,,,0.0,1.0,0.0,0.0,,,LA,2021,0.0,23.0,False,,,0.03307692307692307,6,RB,,False,False,False,False,False,,,,,,,
,,00-0036862,0.17515527950310558,WR,1.8333333333333333,WR,0.18439716312056736,27.5,,,0.04450757575757576,0.8,0.03523035230352303,1.0283687943262412,,,LA,2021,0.08400083148558758,24.0,False,,,,15,WR,3.8321428571428573,True,True,False,False,False,,,,,,,
,,00-0036862,0.7014681892332789,WR,6.021428571428572,WR,0.14186046511627906,84.30000000000001,,,0.12967512967512967,0.9,0.1182170542635659,0.8744186046511628,,,LA,2022,0.26809817216793963,25.0,False,1.8333333333333333,,,14,WR,1.4164285714285714,True,True,True,False,False,,,,3.378432049189742,7.234893617021277,,
,,00-0036862,0.13215859030837004,WR,1.6428571428571428,WR,0.14444444444444443,23.0,1.8333333333333333,,0.01970865467009426,1.0,0.022071307300509338,0.7888888888888889,,,LA,2023,0.04690301921982999,26.0,False,6.021428571428572,,0.185,14,WR,1.0920588235294117,True,True,True,True,False,,,,,,,
0.15545454545454546,,00-0036862,0.09779179810725552,WR,0.9941176470588234,WR,0.0967741935483871,16.9,1.6428571428571428,,0.017779073156514134,1.0,0.010948905109489052,1.1129032258064515,,,PIT,2025,0.02886870887379347,28.0,False,1.19,,0.15333333333333332,17,WR,,False,,True,True,True,,,,,,,
,,00-0036875,0.17656500802568217,RB,9.607692307692307,RB,0.2,124.9,,,-0.0013363028953229399,1.0,0.03935599284436494,1.4181818181818182,,,NE,2021,0.05809857723982135,23.0,True,,,0.35076923076923083,13,RB,13.397303921568628,True,True,False,False,False,,,,,,0.5119733712497365,41.35338345864661
0.35076923076923083,,00-0036875,0.698019801980198,RB,14.65294117647059,RB,0.20803782505910165,249.10000000000002,,,-0.0034088142196250304,1.0,0.17120622568093385,0.9952718676122931,,,NE,2022,0.2544231685676632,24.0,True,9.607692307692307,,0.668235294117647,17,RB,11.934166666666666,True,True,True,False,True,,,,,,0.5777181489325377,16.19047619047619
0.668235294117647,,00-0036875,0.47611464968152867,RB,12.141666666666667,RB,0.1705685618729097,145.70000000000002,9.607692307692307,,0.003250812703175794,1.0,0.09426987060998152,0.7959866220735786,,,NE,2023,0.14368037480719534,25.0,True,14.65294117647059,,0.6233333333333334,12,RB,12.282777777777778,True,True,True,True,True,,,,,,-0.11986027197915934,16.666666666666664
0.6153333333333334,,00-0036875,0.5883116883116883,RB,12.838888888888889,RB,0.11479028697571744,231.1,12.141666666666667,,0.030064423765211165,0.78,0.087248322147651,1.0397350993377483,,,NE,2025,0.15191757985712434,27.0,True,11.726666666666667,,0.6177777777777778,18,RB,,False,,True,True,True,,,,,,1.36148598958441,31.538461538461537
,,00-0036876,0.16981132075471697,TE,2.16,TE,0.15151515151515152,21.6,,,0.014974619289340102,0.6,0.029940119760479042,1.0707070707070707,,,IND,2021,0.05539241314325663,23.0,False,,,0.20176470588235296,10,TE,4.787179487179487,True,True,False,False,False,0.0,,,,,,
0.20176470588235296,,00-0036876,0.3536231884057971,TE,4.707692307692308,TE,0.16393442622950818,61.2,,,0.06983014289565921,0.7,0.0690846286701209,1.2377049180327868,,,IND,2022,0.1525080430321428,24.0,False,2.16,,0.4507692307692308,13,TE,3.439583333333333,True,True,True,False,True,0.0,,,,,,
0.4507692307692308,,00-0036876,0.4737654320987654,TE,4.866666666666666,TE,0.16286644951140064,73.0,2.16,,0.097953216374269,0.8,0.09157509157509157,1.1986970684039089,,,IND,2023,0.20592988882462565,25.0,False,4.707692307692308,,0.4953333333333333,15,TE,1.4645833333333333,True,True,True,True,True,0.0,,,3.503700410756128,6.391794871794872,,
0.4052941176470588,,00-0036876,0.16449511400651465,TE,0.9166666666666666,TE,0.0891089108910891,11.0,4.866666666666666,,0.015087641446638562,1.0,0.018072289156626505,0.39603960396039606,,,PHI,2025,0.03766978274758675,27.0,False,2.0125,,0.22499999999999998,12,TE,,False,,True,True,True,0.0,,,,,,
,,00-0036877,0.07184241019698726,WR,1.0363636363636364,WR,0.1935483870967742,11.4,,,0.024459078080903106,0.6,0.014906832298136646,0.6935483870967742,,,TB,2021,0.03948160310383714,22.0,False,,,0.1190909090909091,11,WR,0.3428571428571429,True,True,False,False,False,,,,,,,
0.1190909090909091,,00-0036877,0.04806565064478312,WR,0.3428571428571429,WR,0.04878048780487805,4.800000000000001,,,0.0018535681186283596,0.7,0.0025477707006369425,0.6341463414634146,,,TB,2022,0.005119153733995265,23.0,False,1.0363636363636364,,0.065,14,WR,0.14545454545454548,True,True,True,False,True,,,,,,,
,-3.4684592124187583,00-0036879,0.1826086956521739,QB_pocket,8.905000000000001,QB,0.0,35.620000000000005,,-0.2574367932686548,0.0,0.657,0.0,0.0,-0.3529020223305694,115.0,IND,2022,0.0,24.0,False,,115.0,0.875,4,QB,,False,False,False,False,False,,,,,,,
,,00-0036887,0.1738484398216939,TE,1.575,TE,0.09401709401709402,12.6,,,0.01585577758470895,0.7,0.018867924528301886,0.47863247863247865,,,JAX,2021,0.039400931101749095,24.0,False,,,0.286,8,TE,2.425,True,True,False,False,False,1.0,,,,,,
0.286,,00-0036887,0.03208556149732621,TE,2.0,TE,0.16666666666666666,8.0,,,0.0008235536339304097,0.8,0.0060790273556231,1.6666666666666667,,,JAX,2022,0.009695028577185936,25.0,False,1.575,,0.07842105263157895,4,TE,2.2041666666666666,True,True,True,False,True,1.0,,,,,,
0.07842105263157895,,00-0036887,0.22535211267605634,TE,2.85,TE,0.09375,28.5,1.575,,0.014475025484199796,0.9,0.02471169686985173,0.96875,,,JAX,2023,0.047200063143717455,26.0,False,2.0,,0.35000000000000003,10,TE,1.7991666666666668,True,True,True,True,True,1.0,,,,,,
0.3764705882352941,,00-0036887,0.26203966005665724,TE,2.04,TE,0.0918918918918919,30.6,2.85,,0.009684684684684685,1.0,0.029668411867364748,0.4648648648648649,,,SF,2025,0.051281897080326405,28.0,False,1.5583333333333333,,0.35736842105263156,15,TE,,False,,True,True,True,1.0,,,,,,
,,00-0036893,0.7971014492753623,RB,16.86111111111111,RB,0.15867768595041323,303.5,,,-0.004856418918918919,1.0,0.13852813852813853,0.7702479338842976,,,PIT,2021,0.20439271454896457,23.0,True,,,0.8161111111111111,18,RB,12.261732026143793,True,True,False,False,False,,,,,,-0.2682122386082367,14.65798045602606
0.8161111111111111,,00-0036893,0.6055900621118012,RB,13.262352941176472,RB,0.1358974358974359,225.46,,,0.02157619804678628,1.0,0.10076045627376426,0.5871794871794872,,,PIT,2022,0.16624402304339678,24.0,True,16.86111111111111,,0.658235294117647,17,RB,11.558333333333334,True,True,True,False,True,,,,,,-0.42945308389522907,25.36764705882353
0.658235294117647,,00-0036893,0.4491803278688525,RB,11.261111111111113,RB,0.14963503649635038,202.70000000000002,16.86111111111111,,0.004467805519053876,1.0,0.08418891170431211,0.6751824817518248,,,PIT,2023,0.1294108314198059,25.0,True,13.262352941176472,,0.5322222222222223,18,RB,11.855555555555556,True,True,True,True,True,,,,,,0.31331209617124217,20.784313725490197
,,00-0036894,0.5862977602108037,TE,9.305882352941175,TE,0.18876404494382024,158.2,,,0.0941722972972973,0.6,0.12121212121212122,1.1730337078651685,,,PIT,2021,0.24773878992628995,23.0,False,,,0.6070588235294118,17,TE,8.665,True,True,False,False,False,0.0,,,3.267817047006059,5.4525000000000015,,
0.6070588235294118,,00-0036894,0.7236024844720497,TE,9.879999999999999,TE,0.21030042918454936,148.2,,,0.18646377469906883,0.7,0.18631178707224336,1.5708154506437768,,,PIT,2022,0.4099923228977132,24.0,False,9.305882352941175,,0.68,15,TE,8.580555555555556,True,True,True,False,True,0.0,,,2.6842441316039514,6.291562499999999,,
0.68,,00-0036894,0.5262295081967213,TE,7.45,TE,0.17133956386292834,89.4,9.305882352941175,,0.09855453350854139,0.8,0.11293634496919917,1.1962616822429906,,,PIT,2023,0.23839269090977772,25.0,False,9.879999999999999,,0.6384615384615385,12,TE,8.493055555555557,True,True,True,True,True,0.0,,,2.954802799154321,7.044166666666666,,
0.6872222222222222,,00-0036894,0.5772870662460567,TE,7.275,TE,0.1557377049180328,116.4,7.45,,0.11308656368405713,1.0,0.10401459854014598,1.3770491803278688,,,PIT,2025,0.23518249238905897,27.0,False,9.711111111111112,,0.5133333333333333,16,TE,,False,,True,True,True,0.0,,,3.1859144751381248,5.445777777777777,,
,-0.2196843661959209,00-0036898,0.7094155844155844,QB_pocket,12.073846153846151,QB,0.0,156.95999999999998,,-0.08267562114929573,0.0,0.6,0.0,0.0,-0.11716652578672568,424.0,HOU,2021,0.0,23.0,False,,424.0,0.9238461538461539,13,QB,7.522333333333334,True,True,False,False,False,,0.9097323064080172,2.672637755102041,,,,
0.9238461538461539,-3.776847637111631,00-0036898,0.8302180685358256,QB_pocket,12.101333333333335,QB,0.0,181.52,,-0.11292006908325881,0.0,0.657,0.0,0.0,-0.14512789453131988,511.0,HOU,2022,0.0,24.0,False,12.073846153846151,511.0,0.9179999999999999,15,QB,2.669166666666667,True,True,True,False,True,,-2.662101870165486,2.782920502092051,,,,
0.9179999999999999,-18.326941820291374,00-0036898,0.060689655172413794,QB_pocket,2.9433333333333334,QB,0.0,17.66,12.073846153846151,-0.15852115132464603,0.0,0.714,0.0,0.0,-0.1479147512339599,42.0,HOU,2023,0.0,25.0,False,12.101333333333335,42.0,0.12571428571428572,6,QB,6.914166666666667,True,True,True,True,True,,,,,,,
0.2975,-6.613421734226377,00-0036898,0.23983739837398374,QB_pocket,11.433333333333332,QB,0.0,68.6,2.9433333333333334,-0.08924071061027393,0.0,0.828,0.0,0.0,-0.09914349343942114,169.0,HOU,2025,0.0,27.0,False,2.3950000000000005,169.0,0.705,6,QB,,False,,True,True,True,,-2.8649685534591356,2.5607169811320754,,,,
,,00-0036900,0.9325842696629213,WR,17.885714285714286,WR,0.2182061579651941,375.6,,,0.37366003062787134,0.5,0.2411242603550296,2.4404283801874165,,,CIN,2021,0.6232484119720543,21.0,False,,,0.8680952380952381,21,WR,18.1,True,True,False,False,False,,,,2.3546604835947185,5.0419841269841275,,
0.8680952380952381,,00-0036900,0.7972972972972973,WR,19.779999999999998,WR,0.24961479198767333,296.7,,,0.30370064089311555,0.6,0.23309352517985613,1.950693374422188,,,CIN,2022,0.562230736394965,22.0,False,17.885714285714286,,0.9433333333333334,15,WR,20.062941176470588,True,True,True,False,True,,,,2.602489956679346,5.509212598425196,,
0.9433333333333334,,00-0036900,0.8635057471264368,WR,16.42,WR,0.24126455906821964,262.72,17.885714285714286,,0.3356531049250535,0.7,0.24493243243243243,2.0232945091514143,,,CIN,2023,0.6023558220961861,23.0,False,19.779999999999998,,0.87,16,WR,21.65294117647059,True,True,True,True,True,,,,3.1961065643824584,5.9384732824427475,,
0.9229411764705882,,00-0036900,0.9106628242074928,WR,19.6,WR,0.2927215189873418,313.6,16.42,,0.3442227581670686,0.9,0.30477759472817134,2.2341772151898733,,,CIN,2025,0.698122322809205,25.0,False,23.705882352941178,,0.94375,16,WR,,False,,True,True,True,,,,3.1733631580962807,5.726342857142857,,
,,00-0036906,0.26586102719033233,RB,4.93125,RB,0.09090909090909091,78.9,,,-0.001152604887044721,1.0,0.030534351145038167,0.5454545454545454,,,CHI,2021,0.04499470329662595,23.0,True,,,0.2752941176470588,16,RB,9.21826923076923,True,True,False,False,False,,,,,,-0.13806511385473028,20.388349514563107
0.2752941176470588,,00-0036906,0.26666666666666666,RB,9.061538461538463,RB,0.08823529411764706,117.80000000000001,,,-0.009110901665095822,1.0,0.0335195530726257,0.41911764705882354,,,CHI,2022,0.043901698443371474,24.0,True,4.93125,,0.37461538461538463,13,RB,6.119318181818182,True,True,True,False,True,,,,,,1.286495158164584,24.031007751937985
0.37461538461538463,,00-0036906,0.2834138486312399,RB,9.375,RB,0.17613636363636365,112.5,4.93125,,0.004886461626904283,1.0,0.06581740976645435,0.7613636363636364,,,CHI,2023,0.10214663778851453,25.0,True,9.061538461538463,,0.4566666666666667,12,RB,2.091818181818182,True,True,True,True,True,,,,,,0.2947648379339257,31.818181818181817
0.135,,00-0036906,0.05032467532467533,RB,1.32,RB,0.12903225806451613,6.6000000000000005,9.375,,-0.004091910607491344,0.78,0.008658008658008658,0.12903225806451613,,,NYJ,2025,0.010122675561769047,27.0,True,2.8636363636363638,,0.13571428571428573,5,RB,,False,,True,True,True,,,,,,,
,,00-0036912,0.8952380952380953,WR,10.977777777777778,WR,0.20390070921985815,197.6,,,0.3591485507246377,0.7,0.22549019607843138,1.7304964539007093,,,PHI,2021,0.5896392796248935,23.0,False,,,0.8333333333333334,18,WR,14.79720588235294,True,True,False,False,False,,,,2.3200671310559837,6.097920792079208,,
0.8333333333333334,,00-0036912,0.9667128987517337,WR,14.865,WR,0.2266857962697274,297.3,,,0.3117658769659566,0.8,0.26916524701873934,1.9985652797704447,,,PHI,2022,0.6219839844042786,24.0,False,10.977777777777778,,0.9225,20,WR,14.435294117647059,True,True,True,False,True,,,,2.9366545396199824,6.496821705426357,,
0.9225,,00-0036912,0.9219653179190751,WR,14.729411764705883,WR,0.19435736677115986,250.4,10.977777777777778,,0.3207988102825579,0.9,0.22262118491921004,1.90282131661442,,,PHI,2023,0.5584909445766055,25.0,False,14.865,,0.9635294117647059,17,WR,13.09281045751634,True,True,True,True,True,,,,2.8183215114185023,6.725047619047618,,
0.8770588235294118,,00-0036912,0.9071661237785016,WR,12.044444444444444,WR,0.22262118491921004,216.79999999999998,14.729411764705883,,0.3090747725759929,1.0,0.24899598393574296,1.9353680430879712,,,PHI,2025,0.5898463167068095,27.0,False,14.141176470588235,,0.8483333333333333,18,WR,,False,,True,True,True,,,,2.8218328496572873,6.363398058252428,,
,,00-0036913,0.3003003003003003,WR,9.151111111111112,WR,0.285,82.36,,,0.08949036820287734,0.6,0.10382513661202186,2.1,,,NYG,2021,0.21838096266004692,22.0,False,,,0.465,9,WR,5.317628205128205,True,True,False,False,False,,,,3.363215457039522,7.138979591836735,,
0.465,,00-0036913,0.12322274881516587,WR,6.558333333333334,WR,0.28846153846153844,78.7,,,0.021404942595835766,0.7,0.042134831460674156,2.125,,,KC,2022,0.07818570700809627,23.0,False,9.151111111111112,,0.225,12,WR,4.076923076923077,True,True,True,False,True,,,,,,,
0.225,,00-0036913,0.17307692307692307,WR,4.076923076923077,WR,0.24836601307189543,53.0,9.151111111111112,,0.023212435233160623,0.8,0.05198358413132695,1.1045751633986929,,,KC,2023,0.09422408086020286,24.0,False,6.558333333333334,,0.2623076923076923,13,WR,,False,False,True,True,True,,,,,,,
,,00-0036919,0.3492063492063492,RB,8.229411764705883,RB,0.25,139.9,,,0.01947463768115942,0.825,0.10784313725490197,1.3727272727272728,,,PHI,2021,0.17539695225916455,22.0,False,,,0.2858823529411765,17,RB,6.073676470588236,True,True,False,False,False,,,,,,,
0.2858823529411765,,00-0036919,0.3786407766990291,RB,6.225,RB,0.1391941391941392,124.5,,,0.005574357953414294,1.0,0.06473594548551959,0.8205128205128205,,,PHI,2022,0.10100596879566938,23.0,True,8.229411764705883,,0.30300000000000005,20,RB,4.68498599439776,True,True,True,False,True,,,,,,,
0.30300000000000005,,00-0036919,0.43641618497109824,RB,5.922352941176471,RB,0.1291390728476821,100.68,8.229411764705883,,0.014871468026343744,1.0,0.07001795332136446,0.6390728476821192,,,PHI,2023,0.1154369576004873,24.0,True,6.225,,0.40705882352941175,17,RB,8.109920634920634,True,True,True,True,True,,,,,,,
0.24047619047619045,,00-0036919,0.5977917981072555,RB,12.772222222222222,RB,0.24010554089709762,229.9,5.922352941176471,,-0.002914602156805596,1.0,0.16605839416058393,1.3509234828496042,,,PIT,2025,0.247047369731112,26.0,True,3.447619047619048,,0.5,18,RB,,False,,True,True,True,,,,,,0.5813424941372529,31.57894736842105
,,00-0036924,0.3803230543318649,RB,11.028571428571428,RB,0.21235521235521235,154.4,,,0.00778485491861288,0.825,0.09482758620689655,1.2548262548262548,,,NYJ,2021,0.14769077775337383,22.0,True,,,0.4957142857142857,14,RB,5.8975,True,True,False,False,False,,,,,,0.47636348245562576,19.047619047619047
0.4957142857142857,,00-0036924,0.47093023255813954,RB,7.875,RB,0.16666666666666666,126.0,,,0.006329113924050633,1.0,0.09183673469387756,0.8888888888888888,,,NYJ,2022,0.14218548178765178,23.0,True,11.028571428571428,,0.48,16,RB,3.92,True,True,True,False,True,,,,,,-0.5850655912678152,14.912280701754385
0.48,,00-0036924,0.25501432664756446,RB,3.92,RB,0.17415730337078653,58.8,11.028571428571428,,0.008985200845665961,1.0,0.05516014234875445,0.5674157303370787,,,NYJ,2023,0.08902985411509785,24.0,True,7.875,,0.228,15,RB,7.615384615384615,True,True,True,True,True,,,,,,,
,,00-0036924,0.37383177570093457,RB,7.615384615384615,RB,0.16071428571428573,99.0,3.92,,0.016853932584269662,1.0,0.07293354943273905,0.9535714285714286,,,ARI,2025,0.12119807695809734,26.0,False,,,0.4523076923076923,13,RB,,False,,False,True,False,,,,,,-0.755380826395638,14.130434782608695
,,00-0036936,0.3991477272727273,WR,7.953333333333333,WR,0.2491103202846975,119.3,,,0.023511316194243022,0.5,0.11589403973509933,1.6619217081850535,,,ARI,2021,0.19029898093861913,21.0,False,,,0.4486666666666667,15,WR,8.581985294117647,True,True,False,False,False,,,,5.663636697806378,7.957272727272727,,
0.4486666666666667,,00-0036936,0.3725231175693527,WR,10.9875,WR,0.19858156028368795,87.9,,,0.06886561176732783,0.6,0.08832807570977919,1.4680851063829787,,,ARI,2022,0.18069804180179827,22.0,False,7.953333333333333,,0.8175,8,WR,6.176470588235294,True,True,True,False,True,,,,3.8327139788323796,7.497959183673469,,
0.8175,,00-0036936,0.7519623233908949,WR,6.176470588235294,WR,0.12943632567849686,105.0,7.953333333333333,,0.08166370783667258,0.7,0.11481481481481481,0.7348643006263048,,,ARI,2023,0.22938681770789301,23.0,False,10.9875,,0.6694117647058824,17,WR,,False,False,True,True,True,,,,4.4956080947627575,7.297755102040817,,
,-1.9522072597481739,00-0036945,0.5302114803625377,QB_dual_threat,10.566666666666668,QB,0.0,126.80000000000001,,-0.15484316179952354,0.0,0.6,0.0,0.0,-0.21283791431468432,304.0,CHI,2021,0.0,22.0,True,,304.0,0.8483333333333333,12,QB,18.719076923076926,True,True,False,False,False,,-2.785296644325605,2.9120970149253727,,,,
0.8483333333333333,-2.4806598871454546,00-0036945,0.8705882352941177,QB_dual_threat,19.732000000000003,QB,0.0,295.98,,-0.16356114501977126,0.0,0.7,0.0,0.0,-0.2230273790833356,377.0,CHI,2022,0.0,23.0,True,10.566666666666668,377.0,0.9906666666666666,15,QB,14.268531468531467,True,True,True,False,True,,-5.547639708263134,3.1218616352201254,,,,
0.9906666666666666,0.7927931911122482,00-0036945,0.7391304347826086,QB_dual_threat,17.706153846153846,QB,0.0,230.18,10.566666666666668,-0.07486714826172321,0.0,0.8,0.0,0.0,-0.11035075405008564,416.0,CHI,2023,0.0,24.0,True,19.732000000000003,416.0,0.9623076923076923,13,QB,13.3410101010101,True,True,True,True,True,,0.3631126246339562,3.2297918918918924,,,,
0.5636363636363636,-1.8688385634078193,00-0036945,0.4301948051948052,QB_dual_threat,15.851111111111111,QB,0.0037735849056603774,142.66,17.706153846153846,-0.07089967328873369,0.0018885741265344666,1.0,0.0021645021645021645,0.0,-0.0932759394264432,233.0,NYJ,2025,0.004568755135327373,26.0,True,10.83090909090909,233.0,0.8977777777777778,9,QB,,False,,True,True,True,,-1.6594607843137155,2.9290841584158414,,,,
,,00-0036950,,RB,0.0,CB,,0.0,,,0.0,1.0,0.0,,,,ATL,2021,0.0,23.0,False,,,0.0,15,RB,2.1176470588235294,True,True,False,False,False,,,,,,,
0.0,,00-0036950,0.17682926829268292,RB,2.1176470588235294,RB,0.16091954022988506,36.0,,,-0.006852791878172589,1.0,0.035175879396984924,0.7011494252873564,,,ATL,2022,0.047966864780756575,24.0,False,0.0,,0.13,17,RB,0.0,True,True,True,False,True,,,,,,,
,,00-0036951,0.0189873417721519,WR,0.6000000000000001,WR,0.3333333333333333,2.4000000000000004,,,0.02076038019009505,0.8,0.007352941176470588,1.1666666666666667,,,ATL,2021,0.025561677897772417,24.0,False,,,0.037,4,WR,,False,False,False,False,False,,,,,,,
,,00-0036955,0.40789473684210525,WR,2.733333333333334,WR,0.10752688172043011,32.800000000000004,,,0.04896727779067069,0.5,0.05217391304347826,0.4946236559139785,,,CAR,2021,0.11253796401868688,21.0,False,,,0.4776923076923077,12,WR,5.248557692307693,True,True,False,False,False,,,,,,,
0.4776923076923077,,00-0036955,0.621832358674464,WR,6.384615384615385,WR,0.14733542319749215,83.0,,,0.182896379525593,0.6,0.11007025761124122,1.536050156739812,,,CAR,2022,0.2931328520847769,22.0,False,2.733333333333334,,0.7542857142857143,13,WR,2.7662500000000003,True,True,True,False,True,,,,2.581705838573924,5.102391304347826,,
0.7542857142857143,,00-0036955,0.3172514619883041,WR,4.112500000000001,WR,0.15207373271889402,32.900000000000006,2.733333333333334,,0.05847665847665848,0.7,0.06179775280898876,0.6405529953917051,,,CAR,2023,0.1336302901471441,23.0,False,6.384615384615385,,0.5566666666666666,8,WR,1.4200000000000002,True,True,True,True,True,,,,,,,
,,00-0036959,0.20072992700729927,WR,2.0999999999999996,WR,0.12727272727272726,18.9,,,0.04028902999781038,0.9,0.02880658436213992,0.5393939393939394,,,LAC,2022,0.07141219754167713,25.0,False,,,,9,WR,,False,False,False,False,False,,,,,,,
,,00-0036959,0.01703800786369594,WR,3.75,WR,0.3076923076923077,15.0,,,0.0049597024178549285,1.0,0.006230529595015576,3.8461538461538463,,,DEN,2025,0.012817586085021813,28.0,False,,,0.0625,4,WR,,False,,False,False,False,,,,,,,
,,00-0036963,0.8179012345679012,WR,14.20625,WR,0.22452830188679246,227.3,,,0.22471606273661437,0.6,0.2148014440433213,1.7207547169811321,,,DET,2021,0.479503409980612,22.0,False,,,0.748235294117647,16,WR,18.53355263157895,True,True,False,False,False,,,,3.4853048317583735,6.662577319587627,,
0.748235294117647,,00-0036963,0.7691082802547771,WR,16.725,WR,0.3022774327122153,267.6,,,0.23319170207448137,0.7,0.2616487455197133,2.4037267080745344,,,DET,2022,0.5557073097317069,23.0,False,14.20625,,0.775625,16,WR,19.5566081871345,True,True,True,False,True,,,,3.1029682752208707,6.477822580645161,,
0.775625,,00-0036963,0.9088541666666666,WR,20.342105263157894,WR,0.2836676217765043,386.5,14.20625,,0.319001677852349,0.8,0.2920353982300885,2.5630372492836675,,,DET,2023,0.6613542718417771,24.0,False,16.725,,0.9042105263157895,19,WR,18.91496732026144,True,True,True,True,True,,,,3.2143896515204062,6.702364864864865,,
0.8872222222222222,,00-0036963,0.9073482428115016,WR,19.058823529411764,WR,0.3028169014084507,324.0,20.342105263157894,,0.37843724475905255,1.0,0.31272727272727274,2.466549295774648,,,DET,2025,0.7339969804222459,26.0,False,18.77111111111111,,0.8523529411764706,17,WR,,False,,True,True,True,,,,2.950004605096908,6.096335403726709,,
,,00-0036970,0.8291139240506329,TE,10.388235294117647,TE,0.2099236641221374,176.6,,,0.2983991995997999,0.4,0.20220588235294118,1.9580152671755726,,,ATL,2021,0.5121882632492717,21.0,False,,,0.7352941176470589,17,TE,7.818235294117647,True,True,False,False,False,0.0,,,2.294515135466167,5.892021276595745,,
0.7352941176470589,,00-0036970,0.4613821138211382,TE,7.56,TE,0.2599118942731278,75.6,,,0.20609137055837565,0.5,0.14824120603015076,1.5682819383259912,,,ATL,2022,0.3666257684360891,22.0,False,10.388235294117647,,0.7190000000000001,10,TE,7.897058823529412,True,True,True,False,True,0.0,,,2.9239853467575374,7.046304347826087,,
0.7190000000000001,,00-0036970,0.7854785478547854,TE,8.076470588235296,TE,0.18907563025210083,137.3,10.388235294117647,,0.24558472553699284,0.6,0.1782178217821782,1.4012605042016806,,,ATL,2023,0.4392360405491623,23.0,False,7.56,,0.6447058823529412,17,TE,10.058823529411764,True,True,True,True,True,0.0,,,2.374324590543921,6.277875000000001,,
0.62,,00-0036970,0.9558573853989814,TE,12.4,TE,0.20959147424511546,210.8,8.076470588235296,,0.20774563710255797,0.8,0.2277992277992278,1.6483126110124333,,,ATL,2025,0.48712078767063227,25.0,False,7.717647058823529,,0.88,17,TE,,False,,True,True,True,0.0,,,3.5547753226125387,5.607234042553192,,
,-4.80008055031197,00-0036971,0.9970282317979198,QB_pocket,11.708235294117646,QB,0.0,199.04,,-0.09189083700617157,0.0,0.543,0.0,0.0,-0.11070085050747952,636.0,JAX,2021,0.0,22.0,False,,636.0,0.9929411764705882,17,QB,16.920690789473685,True,True,False,False,False,,-5.304218971625318,2.868449081803005,,,,
0.9929411764705882,0.612604673432861,00-0036971,0.983957219251337,QB_pocket,17.43263157894737,QB,0.0,331.22,,0.07444275688055935,0.0,0.6,0.0,0.0,0.10372134694322967,704.0,JAX,2022,0.0,23.0,False,11.708235294117646,704.0,0.9778947368421052,19,QB,15.464375,True,True,True,False,True,,-0.6430991226807237,2.5876151202749136,,,,
0.9778947368421052,0.9032510841886202,00-0036971,0.9084507042253521,QB_pocket,16.40875,QB,0.0,262.54,11.708235294117646,-0.022714669789403834,0.0,0.657,0.0,0.0,-0.03632060434567099,602.0,JAX,2023,0.0,24.0,False,17.43263157894737,602.0,0.948125,16,QB,17.19222222222222,True,True,True,True,True,,-0.5478826281284341,2.5098102836879432,,,,
0.9019999999999999,-2.0475427629847975,00-0036971,0.9956011730205279,QB_pocket,19.864444444444445,QB,0.0,357.56,16.40875,0.031062436710030727,0.0,0.771,0.0,0.0,0.05315009285569303,631.0,JAX,2025,0.0,26.0,False,14.52,631.0,0.9688888888888889,18,QB,,False,,True,True,True,,-2.7296964285714154,2.8677612208258525,,,,
,2.5354269332501476,00-0036972,0.9823434991974318,QB_pocket,13.334444444444443,QB,0.0,240.01999999999998,,0.04907859402356103,0.0,0.6,0.0,0.0,0.05924616174830084,590.0,NE,2021,0.0,23.0,False,,590.0,0.9672222222222222,18,QB,10.91064935064935,True,True,False,False,False,,1.120801113417187,2.7075923076923085,,,,
0.9672222222222222,-0.4410114771914932,00-0036972,0.8250825082508251,QB_pocket,12.14857142857143,QB,0.0,170.08,,-0.06331163468354403,0.0,0.657,0.0,0.0,-0.08855514321709936,478.0,NE,2022,0.0,24.0,False,13.334444444444443,478.0,0.9535714285714285,14,QB,9.640363636363638,True,True,True,False,True,,-1.8061731685834417,2.6939522727272727,,,,
0.9535714285714285,-2.8927735786522386,00-0036972,0.6050955414012739,QB_pocket,9.672727272727274,QB,0.0,106.4,13.334444444444443,-0.13920664707920943,0.0,0.714,0.0,0.0,-0.1864690376332182,368.0,NE,2023,0.0,25.0,False,12.14857142857143,368.0,0.890909090909091,11,QB,10.258166666666668,True,True,True,True,True,,-0.5906992200492169,2.461666666666667,,,,
0.798,3.367273509502411,00-0036972,0.45325779036827196,QB_pocket,10.908333333333333,QB,0.0,130.9,9.672727272727274,0.09162900638445116,0.0,0.828,0.0,0.0,0.11646740836563418,308.0,SF,2025,0.0,27.0,False,9.608,308.0,0.6941666666666667,12,QB,,False,,True,True,True,,2.9695847750865028,2.7149930069930073,,,,
,,00-0036973,0.5882352941176471,RB,12.378947368421052,RB,0.11136363636363636,235.2,,,-0.0024706609017912293,1.0,0.07446808510638298,0.7863636363636364,,,JAX,2022,0.10997266502832061,23.0,True,,,0.5978947368421053,19,RB,12.645882352941175,True,True,False,False,False,,,,,,1.0715891331955263,25.0
0.5978947368421053,,00-0036973,0.7267605633802817,RB,16.61176470588235,RB,0.14147286821705427,282.4,,,-0.01365953109072375,1.0,0.12026359143327842,0.9224806201550387,,,JAX,2023,0.170833715386411,24.0,True,12.378947368421052,,0.7335294117647059,17,RB,12.020555555555555,True,True,True,False,True,,,,,,-0.2905687251472002,22.846441947565545
0.5393333333333333,,00-0036973,0.5395894428152492,RB,15.36111111111111,RB,0.15489130434782608,276.5,16.61176470588235,,-0.014324268216732406,1.0,0.10714285714285714,0.9266304347826086,,,JAX,2025,0.15068729796257302,26.0,True,8.68,,0.5977777777777777,18,RB,,False,,True,True,True,,,,,,0.17274371995127394,22.692307692307693
,,00-0036980,0.4552129221732746,WR,12.563636363636363,WR,0.24838709677419354,138.2,,,0.21207832035857513,0.5,0.13275862068965516,1.735483870967742,,,NYJ,2021,0.34759275528548533,21.0,False,,,0.6509090909090909,11,WR,7.125840336134454,True,True,False,False,False,,,,3.4411460129809357,5.850526315789474,,
0.6509090909090909,,00-0036980,0.7165697674418605,WR,6.292857142857143,WR,0.13184584178498987,88.1,,,0.1602694977541854,0.6,0.11054421768707483,0.9046653144016227,,,NYJ,2022,0.278004974958542,22.0,False,12.563636363636363,,0.67625,14,WR,7.53529411764706,True,True,True,False,True,,,,3.1008574073609885,6.121475409836064,,
0.67625,,00-0036980,0.8125,WR,7.958823529411766,WR,0.1734860883797054,135.3,12.563636363636363,,0.2166510757717493,0.7,0.165625,1.067103109656301,,,CLE,2023,0.4000932530402245,23.0,False,6.292857142857143,,0.7244444444444444,17,WR,5.055882352941177,True,True,True,True,True,,,,3.6944083650887194,7.149148936170213,,
0.7570588235294117,,00-0036980,0.1634756995581738,WR,3.0,WR,0.16216216216216217,30.0,7.958823529411766,,0.03535965124727537,0.9,0.0325497287522604,1.045045045045045,,,BUF,2025,0.07357634900148335,25.0,False,7.111764705882353,,0.29500000000000004,10,WR,,False,,True,True,True,,,,,,,
,,00-0036984,0.07727975270479134,RB,4.042857142857143,RB,0.08,28.3,,,0.002443195699975568,0.825,0.007590132827324478,0.52,,,SF,2021,0.013095436230969615,22.0,False,,,0.149,7,RB,2.5375,True,True,False,False,False,,,,,,,
,,00-0036984,0.09104938271604938,RB,2.5375,RB,0.1016949152542373,20.3,4.042857142857143,,0.0026803118908382065,1.0,0.01098901098901099,0.22033898305084745,,,IND,2023,0.018359734807103227,24.0,False,,,0.1142857142857143,8,RB,3.586666666666667,True,True,False,True,False,,,,,,,
,,00-0036988,0.3991989319092123,WR,6.193333333333333,WR,0.16387959866220736,92.9,,,0.09842995169082126,0.6,0.07480916030534351,1.1806020066889633,,,LAC,2021,0.18111470664159016,22.0,False,,,0.38235294117647056,15,WR,10.464411764705883,True,True,False,False,False,,,,2.545687352465583,5.252727272727272,,
0.38235294117647056,,00-0036988,0.805352798053528,WR,10.258823529411766,WR,0.17069486404833836,174.4,,,0.21874315743376396,0.7,0.1550068587105624,1.2084592145015105,,,LAC,2022,0.3856304982694784,23.0,False,6.193333333333333,,0.8105882352941176,17,WR,8.915,True,True,True,False,True,,,,3.4635611913344766,6.307941176470588,,
0.8105882352941176,,00-0036988,0.47067039106145253,WR,10.67,WR,0.18100890207715134,106.7,6.193333333333333,,0.15084893339138006,0.8,0.0993485342019544,1.7240356083086052,,,LAC,2023,0.25461705467689766,24.0,False,10.258823529411766,,0.751,10,WR,5.759166666666667,True,True,True,True,True,,,,2.610418173436483,6.777894736842107,,
0.66,,00-0036988,0.35051546391752575,WR,4.358333333333333,WR,0.15546218487394958,52.300000000000004,10.67,,0.10268830225236135,1.0,0.06690777576853527,1.273109243697479,,,BUF,2025,0.17224347522945582,26.0,False,7.16,,0.48333333333333334,12,WR,,False,,True,True,True,,,,,,,
,,00-0036991,0.06286549707602339,WR,0.5647058823529413,WR,0.18604651162790697,9.600000000000001,,,0.00855981168414295,0.6,0.01340033500837521,1.0465116279069768,,,GB,2021,0.026092370691462877,22.0,False,,,0.09176470588235294,17,WR,2.8733333333333335,True,True,False,False,False,,,,,,,
0.09176470588235294,,00-0036991,0.26677577741407527,WR,2.8733333333333335,WR,0.15337423312883436,43.1,,,0.05463236967903483,0.7,0.04638218923933209,1.2515337423312884,,,GB,2022,0.10781594263432251,23.0,False,0.5647058823529413,,0.254375,15,WR,,False,False,True,False,True,,,,,,,
,,00-0036997,0.5115511551155115,RB,12.052941176470588,RB,0.17096774193548386,204.9,,,-0.0027353544563483018,0.65,0.10251450676982592,1.0193548387096774,,,DEN,2021,0.15185701203529506,21.0,True,,,0.5070588235294117,17,RB,10.85,True,True,False,False,False,,,,,,0.05638757124132888,20.689655172413794
0.5070588235294117,,00-0036997,0.12198795180722892,RB,10.5,RB,0.2716049382716049,42.0,,,-0.005138086062941554,0.825,0.04150943396226415,0.9382716049382716,,,DEN,2022,0.05866749069933714,22.0,True,12.052941176470588,,0.5325,4,RB,10.161111111111111,True,True,True,False,True,,,,,,,
0.5325,,00-0036997,0.35090609555189456,RB,11.2,RB,0.27230046948356806,179.2,12.052941176470588,,-0.029134785167745734,1.0,0.12236286919831224,1.0704225352112675,,,DEN,2023,0.16314995418004635,23.0,True,10.5,,0.48062499999999997,16,RB,12.148611111111112,True,True,True,True,True,,,,,,-0.3839068104232842,16.589861751152075
0.5338888888888889,,00-0036997,0.6637554585152838,RB,15.175,RB,0.1118421052631579,242.8,11.2,,-0.013604060913705585,1.0,0.08401976935749589,0.30043859649122806,,,DAL,2025,0.11650681139664992,25.0,True,9.122222222222224,,0.69,16,RB,,False,,True,True,True,,,,,,0.6233103072179247,22.61904761904762
,,00-0036999,0.27197346600331673,WR,2.569230769230769,WR,0.1402439024390244,33.4,,,0.0961631860126275,0.5,0.046464646464646465,0.823170731707317,,,CLE,2021,0.13701119990580896,21.0,False,,,0.3321428571428572,13,WR,2.685714285714286,True,True,False,False,False,,,,,,,
0.3321428571428572,,00-0036999,0.0998389694041868,WR,2.685714285714286,WR,0.16129032258064516,18.8,,,0.03397129186602871,0.6,0.019762845849802372,0.8225806451612904,,,CLE,2022,0.053424173080923655,22.0,False,2.569230769230769,,0.13545454545454547,7,WR,,False,False,True,False,True,,,,,,,
0.26105263157894737,,00-0037004,0.21994134897360704,TE,4.642857142857143,TE,0.11333333333333333,32.5,,,0.013701473946439693,1.0,0.03195488721804511,0.5666666666666667,,,JAX,2025,0.05752336258957545,27.0,False,1.7750000000000001,,0.39888888888888885,7,TE,,False,,True,False,True,0.0,,,,,,
,,00-0037005,0.4327485380116959,TE,3.54,TE,0.11824324324324324,53.1,,,0.06660478069157577,0.4,0.06086956521739131,0.6081081081081081,,,CAR,2021,0.13792769431019,21.0,False,,,0.47750000000000004,15,TE,3.8266666666666667,True,True,False,False,False,1.0,,,,,,
0.47750000000000004,,00-0037005,0.48927875243664715,TE,3.626666666666667,TE,0.12749003984063745,54.400000000000006,,,0.07646691635455681,0.5,0.07494145199063232,0.6932270916334662,,,CAR,2022,0.16593901943413825,22.0,False,3.54,,0.4982352941176471,15,TE,4.833333333333333,True,True,True,False,True,1.0,,,,,,
0.4982352941176471,,00-0037005,0.3932748538011696,TE,4.026666666666666,TE,0.11895910780669144,60.4,3.54,,0.05012285012285012,0.6,0.0599250936329588,0.7211895910780669,,,CAR,2023,0.12497363553543328,23.0,False,3.626666666666667,,0.525,15,TE,4.979375,True,True,True,True,True,1.0,,,,,,
0.6725,,00-0037005,0.5388272583201268,TE,4.3187500000000005,TE,0.11764705882352941,69.10000000000001,4.026666666666666,,0.04759254105204565,0.8,0.07736943907156674,0.7970588235294118,,,CAR,2025,0.14936893734378207,25.0,False,5.64,,0.6127777777777778,16,TE,,False,,True,True,True,1.0,,,,,,
,,00-0037011,0.10013351134846461,TE,1.75,TE,0.10666666666666667,10.5,,,0.0036231884057971015,0.5,0.012213740458015267,0.6,,,LAC,2021,0.02085684257108087,22.0,False,,,0.30454545454545456,6,TE,1.4857142857142858,True,True,False,False,False,1.0,,,,,,
0.30454545454545456,,00-0037011,0.34793187347931875,TE,1.4857142857142858,TE,0.06993006993006994,20.8,,,0.014889424129625574,0.6,0.027434842249657063,0.3076923076923077,,,LAC,2022,0.051574860265223496,23.0,False,1.75,,0.45444444444444443,14,TE,,False,False,True,False,True,1.0,,,,,,
,-4.1441786116448,00-0037012,0.13292117465224113,QB_pocket,10.82,QB,0.0,64.92,,0.08729345365640938,0.0,0.486,0.0,0.0,0.14246569927334826,75.0,SF,2021,0.0,21.0,False,,75.0,0.4483333333333334,6,QB,,False,False,False,False,False,,,,,,,
0.3325,-9.781532347202301,00-0037012,0.09602194787379972,QB_pocket,3.385,QB,0.0,13.54,,-0.4848557229577521,0.0,0.714,0.0,0.0,-0.6507301798802074,59.0,LAC,2025,0.0,25.0,False,3.185,59.0,0.3775,4,QB,,False,,True,False,True,,,,,,,
,-9.639359672701424,00-0037013,0.657856093979442,QB_pocket,11.681538461538462,QB,0.002232142857142857,151.86,,-0.1849708062976367,0.001887237556027365,0.543,0.0017241379310344827,0.0,-0.2229324675421892,429.0,NYJ,2021,0.00390727318577088,22.0,False,,429.0,0.9446153846153845,13,QB,10.493055555555555,True,True,False,False,False,,-10.699417362325178,2.9997722513089,,,,
0.9446153846153845,-5.555372587426215,00-0037013,0.4055232558139535,QB_pocket,10.991111111111111,QB,0.0035842293906810036,98.92,,-0.11231796103134317,0.0004083299305839118,0.6,0.0017006802721088435,0.007168458781362007,-0.1366454903843779,265.0,NYJ,2022,0.0028368513595720033,23.0,False,11.681538461538462,265.0,0.9433333333333334,9,QB,9.995,True,True,True,False,True,,-6.197210346648767,3.126942148760331,,,,
0.9433333333333334,-3.127371265658832,00-0037013,0.6332378223495702,QB_pocket,9.995,QB,0.0,119.94,11.681538461538462,-0.189950634305189,0.0,0.657,0.0,0.0,-0.25795502929744646,413.0,NYJ,2023,0.0,24.0,False,10.991111111111111,413.0,0.915,12,QB,0.34500000000000003,True,True,True,True,True,,-1.5491468259943275,2.9054986301369863,,,,
,-7.3663729429244995,00-0037013,0.022429906542056073,QB_pocket,0.34500000000000003,QB,0.0,1.3800000000000001,9.995,-0.4434574004466942,0.0,0.771,0.0,0.0,-0.6019404023113153,11.0,MIA,2025,0.0,26.0,False,,11.0,0.1125,4,QB,,False,,False,True,False,,,,,,,
,,00-0037055,0.04730831973898858,WR,0.0,WR,0.1724137931034483,0.0,,,0.01938301938301938,0.7,0.009689922480620155,0.0,,,LA,2022,0.0281029972890438,23.0,False,,,,4,WR,,False,False,False,False,False,,,,,,,
,-0.42723776663050933,00-0037077,0.966078697421981,QB_pocket,15.149411764705883,QB,0.0014044943820224719,257.54,,-0.12444665308464911,0.0002295684113865932,0.6,0.0016638935108153079,0.0056179775280898875,-0.17594991397822513,679.0,WAS,2023,0.002656538154193577,23.0,False,,679.0,0.9552941176470587,17,QB,,False,False,False,False,False,,0.16813674345124952,2.816995098039216,,,,
,,00-0037078,0.141287284144427,TE,0.6142857142857144,TE,0.1,4.300000000000001,,,0.01551094890510949,0.5,0.01694915254237288,0.25555555555555554,,,WAS,2022,0.036281393047135964,22.0,False,,,,7,TE,2.875,True,True,False,False,False,0.0,,,,,,
,,00-0037078,0.11397557666214382,TE,2.875,TE,0.17857142857142858,23.0,,,0.023415977961432508,0.6,0.024958402662229616,1.4285714285714286,,,WAS,2023,0.05382878856634718,23.0,False,0.6142857142857144,,0.1825,8,TE,,False,False,True,False,False,0.0,,,,,,
0.0975,,00-0037085,0.2529488859764089,RB,2.0833333333333335,RB,0.17098445595854922,37.5,,,-0.008266170696424881,1.0,0.0514018691588785,0.7668393782383419,,,DEN,2025,0.07131648425082034,26.0,False,2.55,,0.18166666666666667,18,RB,,False,,True,False,True,,,,,,,
,,00-0037086,0.1276005547850208,TE,2.1833333333333336,TE,0.09782608695652174,13.100000000000001,,,0.016125821222377067,0.7,0.015332197614991482,0.8804347826086957,,,PHI,2022,0.03428637127815117,24.0,False,,,,6,TE,3.825,True,True,False,False,False,0.0,,,,,,
0.6176190476190476,,00-0037086,0.250814332247557,TE,2.511111111111111,TE,0.08441558441558442,22.6,,,0.0188595518082982,1.0,0.02610441767068273,0.4935064935064935,,,PHI,2025,0.05235831277183284,27.0,False,3.825,,0.394375,9,TE,,False,,True,False,True,0.0,,,,,,
,,00-0037087,0.07254901960784314,RB,0.5636363636363637,RB,0.21621621621621623,6.200000000000001,,,0.0025133521834747093,1.0,0.0223463687150838,0.21621621621621623,,,CHI,2022,0.035278899601058,23.0,False,,,,11,RB,,False,False,False,False,False,,,,,,,
,,00-0037091,0.13093525179856116,WR,9.416666666666666,WR,0.2967032967032967,56.5,,,0.06382978723404255,0.8,0.04390243902439024,2.681318681318681,,,GB,2023,0.11053450960041515,24.0,False,,,0.39571428571428574,6,WR,1.8271978021978024,True,True,False,False,False,,,,,,,
0.24222222222222223,,00-0037091,0.0845771144278607,WR,1.8615384615384618,CB,0.2549019607843137,24.200000000000003,9.416666666666666,,0.049322372806043104,1.0,0.026156941649899398,2.0980392156862746,,,GB,2025,0.07376107343907926,26.0,False,1.792857142857143,,0.10375000000000001,13,WR,,False,,True,True,True,,,,,,,
,,00-0037093,0.05747126436781609,WR,0.9285714285714286,WR,0.075,6.5,,,0.002393906420021763,0.7,0.005110732538330494,0.875,,,SEA,2022,0.009341833301510973,23.0,False,,,,7,WR,0.0,True,True,False,False,False,,,,,,,
0.030714285714285715,,00-0037093,0.03531300160513644,WR,0.6181818181818182,WR,0.13636363636363635,6.8,,,0.012774540564769161,1.0,0.005545286506469501,2.1818181818181817,,,SEA,2025,0.017260108155042662,26.0,False,0.0,,0.09416666666666668,11,WR,,False,,True,False,True,,,,,,,
,,00-0037098,0.132569558101473,WR,4.8,WR,0.12345679012345678,19.2,,,0.03960846801730025,0.8,0.01855287569573284,1.0123456790123457,,,GB,2022,0.05555524115570944,24.0,False,,,,4,WR,2.225,True,True,False,False,False,,,,,,,
,,00-0037098,0.11798561151079137,WR,2.225,WR,0.21951219512195122,17.8,,,0.06057120950737972,0.9,0.02926829268292683,0.9512195121951219,,,GB,2023,0.08630228567955606,25.0,False,4.8,,0.1981818181818182,8,WR,,False,False,True,False,False,,,,,,,
,,00-0037112,0.42209631728045327,TE,8.716666666666667,TE,0.18456375838926176,104.60000000000001,,,0.07207207207207207,0.9,0.09598603839441536,1.2281879194630871,,,SF,2025,0.19442950804207348,26.0,False,,,0.36052631578947364,12,TE,,False,,False,False,False,0.0,,,3.5873290514406206,4.86921052631579,,
,,00-0037120,0.05092592592592592,RB,3.016666666666667,RB,0.2727272727272727,18.1,,,-0.0009746588693957114,1.0,0.016483516483516484,1.0303030303030303,,,IND,2023,0.024043013516697728,23.0,False,,,,6,RB,1.8457142857142856,True,True,False,False,False,,,,,,,
,,00-0037120,0.03789126853377265,RB,0.52,RB,0.13043478260869565,5.2,3.016666666666667,,-0.0007020828457758015,1.0,0.005671077504725898,0.34782608695652173,,,IND,2025,0.008015158265045787,25.0,False,3.1714285714285713,,0.05,10,RB,,False,,True,True,False,,,,,,,
,,00-0037132,0.005547850208044383,WR,0.0,WR,0.0,0.0,,,0.0,0.9,0.0,0.0,,,PHI,2022,0.0,25.0,False,,,,20,WR,1.2962500000000001,True,True,False,False,False,,,,,,,
,,00-0037132,0.05202312138728324,WR,0.5125,WR,0.16666666666666666,8.2,,,0.011047376248141066,1.0,0.010771992818671455,1.1666666666666667,,,PHI,2023,0.023891152601705927,26.0,False,0.0,,0.05411764705882354,16,WR,1.3257142857142856,True,True,True,False,False,,,,,,,
0.144,,00-0037132,0.043973941368078175,WR,0.5714285714285714,WR,0.14814814814814814,4.0,0.5125,,0.0017750166407810074,1.0,0.008032128514056224,0.7407407407407407,,,PHI,2025,0.013290704419631042,28.0,False,2.08,,0.08857142857142856,7,WR,,False,,True,True,True,,,,,,,
,,00-0037156,0.024355300859598854,WR,0.0,WR,0.058823529411764705,0.0,,,0.0010570824524312897,1.0,0.0017793594306049821,0.0,,,NYJ,2023,0.0034089968626093764,26.0,False,,,,6,WR,0.0,True,True,False,False,False,,,,,,,
,,00-0037157,0.1308139534883721,RB,8.428571428571429,RB,0.15555555555555556,59.0,,,-0.006124948958758677,0.65,0.023809523809523808,1.1111111111111112,,,NYJ,2022,0.03142682144315464,21.0,False,,,,7,RB,,False,False,False,False,False,,,,,,,
,,00-0037157,0.23097463284379172,RB,7.741666666666667,RB,0.1791907514450867,92.9,,,0.008314606741573034,1.0,0.050243111831442464,0.9248554913294798,,,ARI,2025,0.08118489246626481,24.0,False,,,0.3308333333333333,12,RB,,False,,False,False,False,,,,,,,
,,00-0037168,0.10361067503924647,TE,1.5555555555555558,TE,0.09090909090909091,14.000000000000002,,,0.0029653284671532845,0.8,0.011299435028248588,0.9696969696969697,,,WAS,2022,0.01902488246938018,25.0,False,,,,9,TE,,False,False,False,False,False,0.0,,,,,,
,,00-0037197,0.25829383886255924,RB,8.66,RB,0.0963302752293578,173.20000000000002,,,-0.005837711617046118,1.0,0.02949438202247191,0.8944954128440367,,,KC,2022,0.04015517490177558,23.0,True,,,,20,RB,11.020555555555557,True,True,False,False,False,,,,,,0.4489185838437632,18.235294117647058
,,00-0037197,0.48642533936651583,RB,15.511111111111111,RB,0.14186046511627906,279.2,,,-0.026528497409326425,1.0,0.08344733242134063,0.7069767441860465,,,KC,2023,0.10660105044548246,24.0,True,8.66,,0.6394444444444445,18,RB,6.622692307692309,True,True,True,False,False,,,,,,0.4525696224958682,12.195121951219512
0.434,,00-0037197,0.38439306358381503,RB,6.715384615384616,RB,0.09774436090225563,87.30000000000001,15.511111111111111,,-0.006281991624011168,1.0,0.04735883424408015,0.37969924812030076,,,KC,2025,0.0666408572293124,26.0,True,6.530000000000001,,0.5169230769230769,13,RB,,False,,True,True,True,,,,,,-0.41215031799277885,14.40677966101695
,,00-0037216,0.08936651583710407,WR,1.8833333333333335,WR,0.13924050632911392,11.3,,,0.024248704663212436,0.8,0.015047879616963064,0.6708860759493671,,,KC,2023,0.039545912689693305,24.0,False,,,0.17500000000000002,6,WR,,False,False,False,False,False,,,,,,,
,,00-0037228,0.3447204968944099,RB,5.83125,RB,0.14864864864864866,93.3,,,-0.0036338859868271633,1.0,0.06273764258555133,0.963963963963964,,,PIT,2022,0.09156274368754798,24.0,False,,,,16,RB,9.742361111111112,True,True,False,False,False,,,,,,,
,,00-0037228,0.5475409836065573,RB,11.322222222222223,RB,0.2275449101796407,203.8,,,-0.03153745072273324,1.0,0.15605749486652978,1.155688622754491,,,PIT,2023,0.21201002679388142,25.0,True,5.83125,,0.48277777777777775,18,RB,10.634191176470589,True,True,True,False,False,,,,,,1.1077232765795288,12.080536912751679
0.455,,00-0037228,0.4037854889589905,RB,13.105882352941178,RB,0.1796875,222.8,11.322222222222223,,-0.031769163509181,0.78,0.08394160583941605,1.31640625,,,PIT,2025,0.10367399430269737,27.0,True,8.1625,,0.5047058823529412,17,RB,,False,,True,True,True,,,,,,0.864088576234603,32.22748815165877
,,00-0037231,0.22895125553914328,WR,6.6,WR,0.14838709677419354,33.0,,,0.04082941427960667,0.9,0.04070796460176991,0.9032258064516129,,,NO,2025,0.08964253689837953,25.0,False,3.375,,0.4425,5,WR,,False,,True,False,False,,,,,,,
,,00-0037238,0.8516260162601627,WR,10.505882352941176,WR,0.27923627684964203,178.6,,,0.30939086294416246,0.5,0.29396984924623115,2.0668257756563246,,,ATL,2022,0.6575283779302604,21.0,False,,,,17,WR,13.708198529411765,True,True,False,False,False,,,,2.5471164237012642,7.006909090909091,,
,,00-0037238,0.8052805280528053,WR,10.89875,WR,0.22540983606557377,174.38,,,0.3016706443914081,0.6,0.21782178217821782,1.8545081967213115,,,ATL,2023,0.5379021243413125,22.0,False,10.505882352941176,,0.8125,16,WR,16.671323529411765,True,True,True,False,False,,,,2.2239363759101027,6.327870370370371,,
0.8970588235294118,,00-0037238,0.6706281833616299,WR,16.825,WR,0.28354430379746837,201.9,10.89875,,0.2918957685871384,0.8,0.21621621621621623,2.3265822784810126,,,ATL,2025,0.5286513623353212,24.0,False,16.51764705882353,,0.9066666666666666,12,WR,,False,,True,True,True,,,,2.6590676286690837,5.783055555555555,,
,,00-0037239,0.7614840989399293,WR,13.213333333333335,WR,0.27610208816705334,198.20000000000002,,,0.38153428377460963,0.6,0.24285714285714285,2.417633410672854,,,NO,2022,0.6313597129279409,22.0,False,,,,15,WR,12.021875000000001,True,True,False,False,False,,,,2.759257762631483,7.224000000000001,,
,,00-0037239,0.8305343511450382,WR,14.45625,WR,0.2536764705882353,231.3,,,0.3793959453868432,0.7,0.23958333333333334,2.0643382352941178,,,NO,2023,0.6249521617707903,23.0,False,13.213333333333335,,0.738125,16,WR,13.16875,True,True,True,False,False,,,,2.9562174364804776,6.290930232558139,,
0.6175,,00-0037239,0.8685376661742984,WR,16.75,WR,0.2653061224489796,268.0,14.45625,,0.39354424967935014,0.9,0.2761061946902655,1.977891156462585,,,NO,2025,0.6896402668109434,25.0,False,9.5875,,0.843125,16,WR,,False,,True,True,True,,,,2.945061511109885,6.8091333333333335,,
,,00-0037240,0.0589171974522293,WR,2.516666666666667,WR,0.24324324324324326,15.100000000000001,,,0.03699075231192202,0.5,0.016129032258064516,1.1081081081081081,,,DET,2022,0.05008707500544218,21.0,False,,,,6,WR,10.717500000000001,True,True,False,False,False,,,,,,,
,,00-0037240,0.43359375,WR,7.36,WR,0.15315315315315314,110.4,,,0.1723993288590604,0.6,0.0752212389380531,1.3003003003003002,,,DET,2023,0.2335113886084219,22.0,False,2.516666666666667,,0.5593333333333333,15,WR,13.50514705882353,True,True,True,False,False,,,,,,,
0.800625,,00-0037240,0.9552715654952076,WR,12.935294117647059,WR,0.1705685618729097,219.9,7.36,,0.35093928668663216,0.8,0.18545454545454546,1.8678929765886287,,,DET,2025,0.5238393188624607,24.0,False,14.075000000000001,,0.9017647058823529,17,WR,,False,,True,True,True,,,,3.184677725796329,6.055306122448981,,
,,00-0037247,0.90527950310559,WR,9.794117647058824,WR,0.14408233276157806,166.5,,,0.28162616397910517,0.5,0.1596958174904943,1.3739279588336193,,,PIT,2022,0.4366820410211151,21.0,False,,,,17,WR,12.200555555555557,True,True,False,False,False,,,,2.3704907088551113,4.730952380952381,,
,,00-0037247,0.9508196721311475,WR,12.127777777777778,WR,0.20172413793103447,218.3,,,0.40683311432325886,0.6,0.2402464065708419,2.0517241379310347,,,PIT,2023,0.645152789882544,22.0,False,9.794117647058824,,0.8722222222222222,18,WR,14.721960784313724,True,True,True,False,False,,,,2.270821970280402,5.0578095238095235,,
0.8006666666666666,,00-0037247,0.8879184861717613,WR,17.170588235294115,WR,0.22459016393442624,291.9,12.127777777777778,,0.3141116751269036,0.8,0.2257001647446458,2.3426229508196723,,,DAL,2025,0.5584284197058011,24.0,False,12.273333333333333,,0.8111764705882354,17,WR,,False,,True,True,True,,,,2.3122277471058705,5.171386861313869,,
,,00-0037248,0.21618037135278514,RB,6.4944444444444445,RB,0.19631901840490798,116.9,,,0.013596418504393965,1.0,0.050955414012738856,1.1042944785276074,,,BUF,2022,0.08595061397218406,23.0,True,,,,18,RB,15.305263157894736,True,True,False,False,False,,,,,,,
,,00-0037248,0.5170068027210885,RB,13.542105263157895,RB,0.16578947368421051,257.3,,,0.023305914610262435,1.0,0.10294117647058823,1.2394736842105263,,,BUF,2023,0.17072590493306605,24.0,True,6.4944444444444445,,0.5494736842105263,19,RB,17.044736842105262,True,True,True,False,False,,,,,,0.4491424129986836,10.126582278481013
0.47631578947368425,,00-0037248,0.4698085419734904,RB,17.021052631578947,RB,0.14420062695924765,323.4,13.542105263157895,,0.01380479534996367,1.0,0.08318264014466546,1.0031347962382444,,,BUF,2025,0.13443731696197275,26.0,True,17.068421052631578,,0.5768421052631579,19,RB,,False,,True,True,True,,,,,,1.1743041656187394,30.42071197411003
,,00-0037252,0.4939759036144578,TE,8.610000000000001,TE,0.1676829268292683,86.10000000000001,,,0.13359023763648042,0.5,0.10377358490566038,1.2530487804878048,,,DEN,2022,0.2491735437040269,22.0,False,,,,10,TE,1.95,True,True,False,False,False,0.0,,,3.483711278838321,6.51595744680851,,
0.25666666666666665,,00-0037252,0.27476635514018694,TE,6.977777777777778,TE,0.22448979591836735,62.800000000000004,,,0.04756060141147591,0.8,0.07317073170731707,2.2789115646258504,,,MIA,2025,0.14304851854900874,25.0,False,1.95,,0.422,9,TE,,False,,True,False,True,0.0,,,,,,
,,00-0037256,0.3974208675263775,RB,8.488888888888889,RB,0.1887905604719764,152.8,,,-0.005931417979610751,1.0,0.08152866242038216,0.9616519174041298,,,TB,2022,0.11814100104484572,23.0,True,,,,18,RB,14.123190789473684,True,True,False,False,False,,,,,,-0.23088447556657174,18.6046511627907
,,00-0037256,0.8046448087431693,RB,15.552631578947368,RB,0.13242784380305603,295.5,,,-0.005058074185088048,1.0,0.125,0.99830220713073,,,TB,2023,0.18395934807043837,24.0,True,8.488888888888889,,0.7794736842105263,19,RB,10.552757352941176,True,True,True,False,False,,,,,,-0.4129066085841839,16.911764705882355
0.5547058823529412,,00-0037256,0.5875968992248062,RB,8.411764705882353,RB,0.11873350923482849,143.0,15.552631578947368,,-0.0235239852398524,1.0,0.08333333333333333,0.575197889182058,,,TB,2025,0.10853321033210332,26.0,True,12.69375,,0.5105882352941177,17,RB,,False,,True,True,True,,,,,,-0.22304952947721485,20.454545454545457
,,00-0037257,0.49597423510466987,WR,3.0266666666666664,WR,0.11363636363636363,45.4,,,0.06124401913875598,0.6,0.0691699604743083,0.6948051948051948,,,CLE,2022,0.14662575410859163,22.0,False,,,,15,WR,6.21,True,True,False,False,False,,,,,,,
,,00-0037257,0.21675531914893617,WR,6.21,WR,0.1901840490797546,62.1,,,0.033863423760523856,0.7,0.0484375,1.3558282208588956,,,CLE,2023,0.09636064663236671,23.0,False,3.0266666666666664,,0.244375,10,WR,,False,False,True,False,False,,,,,,,
,,00-0037258,0.38161993769470404,RB,12.8,RB,0.15918367346938775,166.4,,,-0.002667313288069835,0.825,0.06989247311827956,0.673469387755102,,,HOU,2022,0.10297159037577046,22.0,True,,,,13,RB,4.501041666666667,True,True,False,False,False,,,,,,0.20310692409793774,20.454545454545457
,,00-0037258,0.18344827586206897,RB,5.16875,RB,0.12781954887218044,82.7,,,0.002584456341148237,1.0,0.02809917355371901,0.7593984962406015,,,HOU,2023,0.043957879769382285,23.0,True,12.8,,0.289375,16,RB,2.276666666666667,True,True,True,False,False,,,,,,-0.5905703319418226,26.20689655172414
0.16076923076923075,,00-0037258,0.012195121951219513,RB,0.72,RB,0.1111111111111111,3.6,5.16875,,-0.000758150113722517,1.0,0.0015873015873015873,0.0,,,HOU,2025,0.0018502473013466193,25.0,True,3.8333333333333335,,0.08399999999999999,5,RB,,False,,True,True,True,,,,,,,
,,00-0037261,0.22413793103448276,WR,4.016666666666667,WR,0.15976331360946747,48.2,,,0.05637539379870668,0.6,0.042993630573248405,1.4911242603550297,,,BUF,2022,0.10395322151896728,22.0,False,,,,12,WR,10.01388888888889,True,True,False,False,False,,,,,,,
,,00-0037261,0.5428571428571428,WR,7.922222222222222,WR,0.14285714285714285,142.6,,,0.08930669800235018,0.7,0.09313725490196079,1.719298245614035,,,BUF,2023,0.2022205709545863,23.0,False,4.016666666666667,,0.531578947368421,18,WR,11.63888888888889,True,True,True,False,False,,,,3.5099802895777232,5.6899999999999995,,
0.6211111111111111,,00-0037261,0.6656848306332842,WR,11.172222222222222,WR,0.25663716814159293,201.1,7.922222222222222,,0.09542262048922258,0.9,0.20976491862567812,1.9380530973451326,,,BUF,2025,0.38144321228097294,25.0,False,12.105555555555556,,0.6061111111111112,18,WR,,False,,True,True,True,,,,3.8039981933559166,6.6916,,
,,00-0037263,0.47764227642276424,RB,9.9625,RB,0.07234042553191489,159.4,,,-0.008121827411167513,0.825,0.04271356783919598,0.5914893617021276,,,ATL,2022,0.058385072570976713,22.0,True,,,,16,RB,7.170588235294117,True,True,False,False,False,,,,,,0.6522599605074887,40.0
,,00-0037263,0.22772277227722773,RB,8.094117647058823,RB,0.16666666666666666,137.6,,,-0.005489260143198091,1.0,0.04554455445544554,1.3985507246376812,,,ATL,2023,0.06447434958292966,23.0,True,9.9625,,0.3223529411764706,17,RB,6.741176470588235,True,True,True,False,False,,,,,,-0.3306910293206128,30.64516129032258
0.24941176470588236,,00-0037263,0.23259762308998302,RB,7.235294117647059,RB,0.11678832116788321,123.0,8.094117647058823,,-0.006215634711929237,1.0,0.03088803088803089,0.7007299270072993,,,ATL,2025,0.04198110203369587,25.0,True,6.247058823529412,,0.3023529411764706,17,RB,,False,,True,True,True,,,,,,-0.17743460090339885,24.475524475524477
,,00-0037265,0.0213903743315508,RB,2.04,RB,0.0,10.2,,,0.0,0.825,0.0,0.0,,,JAX,2022,0.0,22.0,False,,,,5,RB,,False,False,False,False,False,,,,,,,
,,00-0037267,,RB,0.09230769230769233,RB,,1.2000000000000002,,,0.0,1.0,0.0,,,,CLE,2022,0.0,23.0,False,,,,13,RB,10.852380952380951,True,True,False,False,False,,,,,,,
,,00-0037267,0.5465425531914894,RB,12.133333333333333,RB,0.1630170316301703,218.4,,,0.0037418147801683817,1.0,0.1046875,0.8126520681265207,,,CLE,2023,0.15965052034611787,24.0,True,0.09230769230769233,,0.5111111111111111,18,RB,6.462637362637363,True,True,True,False,False,,,,,,-0.020902046263689102,18.627450980392158
0.54,,00-0037267,0.3499222395023328,RB,3.353846153846154,RB,0.14222222222222222,43.6,12.133333333333333,,-0.013649025069637883,1.0,0.061420345489443376,0.4577777777777778,,,CLE,2025,0.08257620068541856,26.0,True,9.571428571428571,,0.3046153846153846,13,RB,,False,,True,True,True,,,,,,,
,,00-0037272,0.0783132530120482,WR,0.48000000000000004,WR,0.17307692307692307,7.2,,,0.03275529865125241,0.7,0.016981132075471698,0.038461538461538464,,,DEN,2022,0.04840040716908423,23.0,False,,,,15,WR,0.0,True,True,False,False,False,,,,,,,
,,00-0037272,,WR,0.0,WR,,0.0,,,0.0,0.8,0.0,,,,KC,2023,0.0,24.0,False,0.48000000000000004,,0.005,4,WR,,False,False,True,False,False,,,,,,,
,,00-0037273,0.09056603773584905,WR,3.95,WR,0.2708333333333333,15.8,,,0.029895366218236172,0.7,0.02981651376146789,1.625,,,TEN,2022,0.06565152699496715,23.0,False,,,,4,WR,4.1375,True,True,False,False,False,,,,,,,
,,00-0037273,0.19137931034482758,WR,4.1375,WR,0.1981981981981982,33.1,,,0.043661347517730494,0.8,0.04612159329140461,1.6306306306306306,,,TEN,2023,0.09974533319951825,24.0,False,3.95,,0.2488888888888889,8,WR,,False,False,True,False,False,,,,,,,
,,00-0037276,0.2556179775280899,RB,6.3125,RB,0.13736263736263737,101.0,,,-0.009783513738551207,1.0,0.04187604690117253,0.8736263736263736,,,MIN,2023,0.05596561073477296,25.0,True,,,0.27588235294117647,16,RB,1.8933333333333335,True,True,False,False,False,,,,,,-0.13713790181932461,17.0
,,00-0037277,0.24299065420560748,TE,4.328571428571428,TE,0.08974358974358974,30.3,,,0.0424345295829292,0.5,0.025089605734767026,0.7243589743589743,,,HOU,2022,0.06733857931020097,22.0,False,,,,7,TE,,False,False,False,False,False,1.0,,,,,,
,,00-0037282,0.13694267515923567,TE,3.5375,TE,0.12790697674418605,28.3,,,0.01274681329667583,0.6,0.01971326164874552,1.313953488372093,,,DET,2022,0.03849266178079136,23.0,False,,,,8,TE,,False,False,False,False,False,0.0,,,,,,
,,00-0037286,0.041254125412541254,RB,2.2399999999999998,RB,0.0,11.2,,,0.0,0.825,0.0,0.0,,,NE,2022,0.0,22.0,False,,,,5,RB,5.325,True,True,False,False,False,,,,,,,
,,00-0037286,0.025477707006369428,RB,5.325,RB,0.1875,21.3,,,-0.00025006251562890725,1.0,0.005545286506469501,3.625,,,NE,2023,0.008142885998764015,23.0,False,2.2399999999999998,,0.155,4,RB,,False,False,True,False,False,,,,,,,
,,00-0037291,0.03861003861003861,WR,4.1125,WR,0.43333333333333335,32.9,,,0.03012168362258129,0.7,0.019461077844311378,5.966666666666667,,,MIN,2022,0.05027679530227397,23.0,False,,,,8,WR,6.956250000000001,True,True,False,False,False,,,,,,,
0.5311111111111111,,00-0037291,0.7291666666666666,WR,5.923529411764706,WR,0.1261904761904762,100.7,,,0.1761546723952739,1.0,0.11373390557939914,1.0571428571428572,,,MIN,2025,0.2939091290457905,26.0,False,6.956250000000001,,0.6535294117647058,17,WR,,False,,True,False,True,,,,2.4318935683424594,5.551632653061224,,
,,00-0037292,0.22839506172839505,TE,3.2454545454545456,TE,0.14189189189189189,35.7,,,0.05092592592592592,0.8,0.038461538461538464,0.9932432432432432,,,IND,2023,0.09334045584045583,25.0,False,,,0.4041666666666666,11,TE,1.6564393939393938,True,True,False,False,False,0.0,,,,,,
0.4023529411764706,,00-0037292,0.14991762767710048,TE,1.1545454545454545,TE,0.06593406593406594,12.700000000000001,3.2454545454545456,,0.009829159840861221,1.0,0.011342155009451797,0.2967032967032967,,,IND,2025,0.02389364440278055,27.0,False,2.158333333333333,,0.23666666666666666,11,TE,,False,,True,True,True,0.0,,,,,,
,,00-0037299,0.07661822985468957,RB,1.6454545454545453,RB,0.08620689655172414,18.099999999999998,,,-0.0024515266324938714,1.0,0.007886435331230283,0.3620689655172414,,,ARI,2022,0.010113584354099715,23.0,False,,,,11,RB,2.0000000000000004,True,True,False,False,False,,,,,,,
,,00-0037299,0.10047095761381476,RB,2.0000000000000004,RB,0.0625,14.000000000000002,,,-0.00126806999746386,1.0,0.007407407407407408,0.40625,,,ARI,2023,0.01022346211288641,24.0,False,1.6454545454545453,,0.225,7,RB,,False,False,True,False,False,,,,,,,
,,00-0037300,0.15136876006441224,WR,1.2857142857142858,WR,0.10638297872340426,9.0,,,0.038038277511961725,0.6,0.019762845849802372,0.4787234042553192,,,CLE,2022,0.05627106303307677,22.0,False,,,,7,WR,2.7,True,True,False,False,False,,,,,,,
,,00-0037306,0.23383084577114427,TE,2.290909090909091,TE,0.10638297872340426,25.2,,,0.005332148411464119,0.8,0.030181086519114688,0.5106382978723404,,,GB,2025,0.04900413366669691,25.0,False,,,0.3606666666666667,11,TE,,False,,False,False,False,1.0,,,,,,
,,00-0037311,0.10550996483001172,TE,1.5,TE,0.12222222222222222,21.0,,,0.010936051899907321,0.7,0.014012738853503185,0.8888888888888888,,,TB,2022,0.028674344610189903,24.0,False,,,,14,TE,0.6545454545454545,True,True,False,False,False,1.0,,,,,,
,,00-0037311,0.1051912568306011,TE,0.6545454545454545,TE,0.06493506493506493,7.2,,,0.011427500936680405,0.8,0.008012820512820512,0.025974025974025976,,,TB,2023,0.02001848142490705,25.0,False,1.5,,0.1938888888888889,11,TE,,False,False,True,False,False,1.0,,,,,,
,-8.726536461585004,00-0037327,0.24312590448625182,QB_pocket,3.5700000000000003,QB,0.0,28.560000000000002,,-0.21034552500132828,0.0,0.714,0.0,0.0,-0.2630941651665332,161.0,MIA,2022,0.0,25.0,False,,161.0,,8,QB,,False,False,False,False,False,,,,,,,
,,00-0037331,0.046228710462287104,RB,2.066666666666667,RB,0.21052631578947367,18.6,,,0.0013137727173199037,1.0,0.010973936899862825,0.21052631578947367,,,LAC,2022,0.01738054625191817,24.0,False,,,,9,RB,,False,False,False,False,False,,,,,,,
,,00-0037348,0.22990654205607478,TE,2.2625,TE,0.12195121951219512,18.1,,,0.03651426818042344,1.0,0.03325942350332594,0.7398373983739838,,,MIA,2025,0.07544912298128531,27.0,False,1.15,,0.3433333333333333,8,TE,,False,,True,False,False,0.0,,,,,,
,,00-0037382,0.1897590361445783,WR,3.2399999999999998,WR,0.1111111111111111,16.2,,,0.038535645472061654,0.8,0.026415094339622643,0.3333333333333333,,,DEN,2022,0.06659759333987712,24.0,False,,,,5,WR,7.340000000000001,True,True,False,False,False,,,,,,,
,,00-0037382,0.36079077429983525,WR,7.340000000000001,WR,0.136986301369863,73.4,,,0.09652736904061213,0.9,0.06329113924050633,1.2968036529680365,,,DEN,2023,0.16250586718918797,25.0,False,3.2399999999999998,,0.4184615384615385,10,WR,,False,False,True,False,False,,,,,,,
,,00-0037387,0.06475903614457831,WR,2.2142857142857144,WR,0.11627906976744186,15.500000000000002,,,0.0149860843502462,0.8,0.009433962264150943,1.744186046511628,,,DEN,2022,0.024641202441398755,24.0,False,,,,7,WR,,False,False,False,False,False,,,,,,,
,,00-0037429,0.08966861598440545,RB,3.4615384615384617,RB,0.2608695652173913,45.0,,,-0.00686641697877653,1.0,0.02810304449648712,2.0217391304347827,,,CAR,2022,0.037348074859587105,24.0,False,,,,13,RB,1.2000000000000002,True,True,False,False,False,,,,,,,
,,00-0037429,0.04678362573099415,RB,1.9000000000000001,RB,0.21875,17.1,,,0.0031941031941031942,1.0,0.013108614232209739,1.40625,,,CAR,2023,0.02189879358418684,25.0,False,3.4615384615384617,,0.06583333333333334,9,RB,0.5,True,True,True,False,False,,,,,,,
,,00-0037451,0.027868852459016394,TE,0.0,TE,0.11764705882352941,0.0,,,0.002102496714848883,0.6,0.004106776180698152,0.0,,,PIT,2023,0.007631911971441446,23.0,False,,,,6,TE,,False,False,False,False,False,0.0,,,,,,
,,00-0037456,0.08566978193146417,RB,0.5750000000000001,FB,0.14545454545454545,6.9,,,0.0019398642095053346,1.0,0.014336917562724014,0.34545454545454546,,,HOU,2022,0.022863281290739758,24.0,False,,,,12,RB,,False,False,False,False,False,,,,,,,
,,00-0037475,0.23184357541899442,TE,2.7083333333333335,TE,0.12650602409638553,32.5,,,0.0391815411406182,0.8,0.03420195439739414,0.9337349397590361,,,LAC,2023,0.07873001039452394,25.0,False,,,0.283125,12,TE,2.9499999999999997,True,True,False,False,False,0.0,,,,,,
0.193125,,00-0037475,0.10227272727272728,TE,2.033333333333333,TE,0.14285714285714285,12.2,2.7083333333333335,,0.013220018885741265,1.0,0.01948051948051948,0.8253968253968254,,,NYJ,2025,0.03847479244079811,27.0,False,3.8666666666666663,,0.09866666666666667,6,TE,,False,,True,True,True,0.0,,,,,,
,,00-0037487,0.05275498241500586,WR,1.7999999999999998,WR,0.2222222222222222,10.799999999999999,,,0.01464318813716404,0.7,0.012738853503184714,0.7111111111111111,,,TB,2022,0.0293585119507919,23.0,False,,,,6,WR,1.6515789473684213,True,True,False,False,False,,,,,,,
,,00-0037487,0.19262295081967212,WR,1.9631578947368424,WR,0.19148936170212766,37.300000000000004,,,0.02959910078681154,0.8,0.04326923076923077,0.6170212765957447,,,TB,2023,0.08562321670461423,24.0,False,1.7999999999999998,,0.21736842105263157,19,WR,1.112857142857143,True,True,True,False,False,,,,,,,
0.11571428571428573,,00-0037487,0.013582342954159592,WR,0.8857142857142859,WR,0.375,6.200000000000001,1.9631578947368424,,0.0016734401147501792,1.0,0.005791505791505791,3.375,,,ATL,2025,0.009858666767583813,26.0,False,1.34,,0.047142857142857146,7,WR,,False,,True,True,True,,,,,,,
,,00-0037525,0.02177293934681182,RB,2.357142857142857,RB,0.0,33.0,,,0.0,1.0,0.0,0.0,,,SF,2022,0.0,23.0,False,,,,14,RB,6.1885416666666675,True,True,False,False,False,,,,,,,
,,00-0037525,0.05413533834586466,RB,2.79375,RB,0.1111111111111111,44.7,,,0.0026183722452542005,1.0,0.007246376811594203,0.8611111111111112,,,SF,2023,0.012702425789069244,24.0,False,2.357142857142857,,0.08099999999999999,16,RB,8.819791666666667,True,True,True,False,False,,,,,,,
0.48666666666666664,,00-0037525,0.3836805555555556,RB,8.05625,RB,0.07239819004524888,128.9,2.79375,,-0.013963480128893663,1.0,0.034334763948497854,0.23076923076923078,,,MIN,2025,0.04172770983252122,26.0,True,9.583333333333334,,0.4275,16,RB,,False,,True,True,True,,,,,,1.0210966391698695,24.528301886792452
,,00-0037539,0.21911037891268534,TE,3.357142857142857,TE,0.10526315789473684,23.5,,,0.039140670982931135,0.8,0.029535864978902954,0.7142857142857143,,,DEN,2023,0.07170226715640622,25.0,False,,,0.3614285714285715,7,TE,3.2181818181818183,True,True,False,False,False,0.0,,,,,,
,,00-0037545,0.3303886925795053,WR,8.375,WR,0.18181818181818182,100.5,,,0.08983933016519574,0.8,0.06938775510204082,2.609625668449198,,,NO,2022,0.16696916376869825,24.0,False,,,,12,WR,12.07,True,True,False,False,False,,,,,,,
,,00-0037545,0.6610687022900763,WR,10.506666666666666,WR,0.17321016166281755,157.6,,,0.22631361191559785,0.9,0.13020833333333334,1.6605080831408776,,,NO,2023,0.3537320283409185,25.0,False,8.375,,0.58,15,WR,10.997619047619049,True,True,True,False,False,,,,2.821496012206108,6.603750000000001,,
0.7566666666666667,,00-0037545,0.8972712680577849,WR,8.361904761904762,WR,0.18246869409660108,175.6,10.506666666666666,,0.2949350067234424,1.0,0.18853974121996303,1.368515205724508,,,SEA,2025,0.48926411653635427,27.0,False,13.633333333333335,,0.5961904761904762,21,WR,,False,,True,True,True,,,,2.7616994228702114,6.370222222222221,,
,,00-0037557,0.08663729809104258,RB,2.75,RB,0.13559322033898305,27.5,,,-0.006640959725792631,1.0,0.013582342954159592,0.9661016949152542,,,LA,2023,0.015724842623184545,24.0,False,,,0.165,10,RB,1.6198412698412699,True,True,False,False,False,,,,,,,
0.07263157894736842,,00-0037557,0.011920529801324504,RB,0.5111111111111112,RB,0.1111111111111111,4.6000000000000005,2.75,,0.0005947071067499256,1.0,0.0014347202295552368,0.0,,,LA,2025,0.002568375319057803,26.0,False,2.7285714285714286,,0.027142857142857142,9,RB,,False,,True,True,True,,,,,,,
,,00-0037563,0.05457227138643068,RB,5.733333333333333,RB,0.1891891891891892,34.4,,,-0.0013980427401637707,1.0,0.011400651465798045,1.7027027027027026,,,DAL,2022,0.01612234728058243,24.0,False,,,,6,RB,,False,False,False,False,False,,,,,,,
,,00-0037563,0.1222707423580786,RB,4.0600000000000005,RB,0.05952380952380952,40.6,,,0.0036548223350253805,0.78,0.008237232289950576,0.19047619047619047,,,DAL,2025,0.014914224069443632,27.0,False,,,0.207,10,RB,,False,,False,False,False,,,,,,,
,,00-0037569,0.1873156342182891,TE,3.0384615384615383,TE,0.12598425196850394,39.5,,,0.02176952266826443,0.6,0.026058631921824105,0.8110236220472441,,,DAL,2022,0.05432661375052126,23.0,False,,,,13,TE,1.4975,True,True,False,False,False,0.0,,,,,,
,,00-0037569,0.09681697612732096,TE,0.9750000000000001,TE,0.0958904109589041,7.800000000000001,,,0.005170432784373803,0.7,0.010558069381598794,0.5205479452054794,,,DAL,2023,0.01945640702145985,24.0,False,3.0384615384615383,,0.25,8,TE,2.02,True,True,True,False,False,0.0,,,,,,
,,00-0037594,0.035849056603773584,RB,1.3833333333333335,RB,0.15789473684210525,8.3,,,0.0005979073243647235,0.825,0.006880733944954129,2.1578947368421053,,,TEN,2022,0.0107396360444865,22.0,False,,,,6,RB,1.1083333333333334,True,True,False,False,False,,,,,,,
0.07117647058823529,,00-0037594,0.030816640986132512,RB,0.25,RB,0.1,4.0,,,0.0056093829678735335,1.0,0.003780718336483932,0.0,,,TEN,2025,0.009597645582237371,25.0,False,1.1083333333333334,,0.03882352941176471,16,RB,,False,,True,False,True,,,,,,,
,,00-0037614,0.296551724137931,WR,2.7,WR,0.15348837209302327,40.5,,,0.05445818718848071,0.7,0.05454545454545454,0.9395348837209302,,,HOU,2023,0.11993891285011832,23.0,False,,,0.35333333333333333,15,WR,5.502884615384616,True,True,False,False,False,,,,,,,
0.47200000000000003,,00-0037614,0.4172077922077922,WR,5.5307692307692315,WR,0.1867704280155642,71.9,2.7,,0.08435631098520617,0.9,0.1038961038961039,1.066147859922179,,,NYJ,2025,0.21489357353380015,25.0,False,5.4750000000000005,,0.46125,13,WR,,False,,True,True,True,,,,3.8336028948498684,7.002195121951219,,
,,00-0037617,0.21132075471698114,RB,1.8571428571428572,RB,0.10714285714285714,26.0,,,-0.0017937219730941704,1.0,0.027522935779816515,0.5089285714285714,,,TEN,2022,0.040028798288558855,23.0,False,,,,14,RB,2.5615384615384613,True,True,False,False,False,,,,,,,
0.12166666666666666,,00-0037617,0.07956104252400549,RB,0.8333333333333334,RB,0.06896551724137931,10.0,,,-0.0006455777921239509,1.0,0.007029876977152899,0.22413793103448276,,,LAC,2025,0.010092911011242585,26.0,False,2.5615384615384613,,0.0923076923076923,12,RB,,False,,True,False,True,,,,,,,
,,00-0037654,0.11796982167352538,TE,1.6200000000000003,TE,0.08139534883720931,8.100000000000001,,,0.006025392726490208,0.9,0.012302284710017574,0.36046511627906974,,,LAC,2025,0.022671201973569505,26.0,False,1.675,,0.33545454545454545,5,TE,,False,,True,False,False,0.0,,,,,,
,,00-0037664,0.6971014492753623,WR,7.018750000000001,WR,0.16216216216216217,112.30000000000001,,,0.24642760851981665,0.6,0.13471502590673576,1.2328482328482329,,,IND,2022,0.3745718648239753,22.0,False,,,,16,WR,7.8496323529411764,True,True,False,False,False,,,,1.9436413699632846,6.146025641025642,,
,,00-0037664,0.941358024691358,WR,5.611764705882353,WR,0.10655737704918032,95.4,,,0.23806042884990253,0.7,0.11904761904761904,0.8426229508196721,,,IND,2023,0.3452137287663603,23.0,False,7.018750000000001,,0.951764705882353,17,WR,11.15375,True,True,True,False,False,,,,2.1531582713154367,6.241076923076923,,
0.800625,,00-0037664,0.785831960461285,WR,12.22,WR,0.1761006289308176,183.3,5.611764705882353,,0.3728059911069506,0.9,0.15879017013232513,2.10272536687631,,,IND,2025,0.4991494489733531,25.0,False,10.0875,,0.8593333333333334,15,WR,,False,,True,True,True,,,,2.0751778712475626,6.278333333333333,,
,,00-0037666,0.3925729442970822,WR,4.053333333333334,WR,0.12837837837837837,60.800000000000004,,,0.09536576024511681,0.8,0.05731523378582202,0.9054054054054054,,,DAL,2023,0.15272888285031477,24.0,False,,,0.3977777777777778,15,WR,6.399754901960784,True,True,False,False,False,,,,,,,
0.7576470588235295,,00-0037666,0.38573508005822416,WR,3.858333333333333,WR,0.12830188679245283,46.3,4.053333333333334,,0.08284263959390863,1.0,0.05601317957166392,0.7660377358490567,,,DAL,2025,0.14200961707323193,26.0,False,8.941176470588236,,0.5130769230769231,12,WR,,False,,True,True,True,,,,,,,
,,00-0037740,0.8662790697674418,WR,12.688235294117646,WR,0.24664429530201343,215.7,,,0.31604736627194774,0.6,0.25,1.8506711409395973,,,NYJ,2022,0.5962331563903633,22.0,False,,,,17,WR,13.679411764705883,True,True,False,False,False,,,,2.633355710021772,5.844042553191489,,
,,00-0037740,0.9684813753581661,WR,12.541176470588235,WR,0.2485207100591716,213.2,,,0.45110993657505283,0.7,0.298932384341637,1.5414201183431953,,,NYJ,2023,0.7641755321149925,23.0,False,12.688235294117646,,0.9147058823529413,17,WR,14.515966386554622,True,True,True,False,False,,,,2.4560430800553723,5.552670807453415,,
0.9629411764705883,,00-0037740,0.37012987012987014,WR,14.214285714285714,WR,0.25877192982456143,99.5,12.541176470588235,,0.16839785961598994,0.9,0.1277056277056277,1.7324561403508771,,,NYJ,2025,0.3094369432896345,25.0,False,14.81764705882353,,0.87,7,WR,,False,,True,True,True,,,,3.057975170073708,6.484912280701754,,
,,00-0037741,0.5996860282574569,WR,10.883333333333333,WR,0.15968586387434555,130.6,,,0.1945711678832117,0.6,0.11487758945386065,1.369109947643979,,,WAS,2022,0.30851620169903915,22.0,False,,,,12,WR,5.426838235294118,True,True,False,False,False,,,,2.7821913681191486,5.9905,,
,,00-0037741,0.8629579375848032,WR,7.341176470588235,WR,0.13050314465408805,124.8,,,0.1763085399449036,0.7,0.13810316139767054,0.8144654088050315,,,WAS,2023,0.3305707200579383,23.0,False,10.883333333333333,,0.8258823529411764,17,WR,3.325,True,True,True,False,False,,,,2.586194076625611,7.126538461538462,,
0.5823809523809524,,00-0037741,0.7117263843648208,WR,3.1375,WR,0.08466819221967964,50.2,7.341176470588235,,0.12780119813623253,0.9,0.07429718875502007,0.5995423340961098,,,PHI,2025,0.20090662182789287,25.0,False,3.5124999999999997,,0.5661111111111111,16,WR,,False,,True,True,True,,,,,,,
,,00-0037742,0.47735849056603774,WR,8.009090909090908,WR,0.2134387351778656,88.1,,,0.18654708520179372,0.6,0.12385321100917432,1.7549407114624507,,,TEN,2022,0.31636277615501707,22.0,False,,,,11,WR,2.966666666666667,True,True,False,False,False,,,,3.1167939277387027,7.1043396226415085,,
,,00-0037742,0.46379310344827585,WR,4.433333333333334,WR,0.11152416356877323,39.9,,,0.1212322695035461,0.7,0.06289308176100629,0.8215613382899628,,,TEN,2023,0.17920221129399172,23.0,False,8.009090909090908,,0.6445454545454545,9,WR,2.5625,True,True,True,False,False,,,,,,,
0.47400000000000003,,00-0037742,0.2700348432055749,WR,3.625,WR,0.14193548387096774,29.0,4.433333333333334,,0.07893333333333333,0.9,0.05092592592592592,0.8387096774193549,,,WAS,2025,0.13164222222222222,25.0,False,1.5,,0.6012500000000001,8,WR,,False,,True,True,True,,,,,,,
,,00-0037744,0.4464993394980185,TE,5.125,TE,0.11538461538461539,61.5,,,0.053710719857365724,0.6,0.061514195583596214,0.7840236686390533,,,ARI,2022,0.1298687972755503,23.0,False,,,,12,TE,12.956985294117647,True,True,False,False,False,0.0,,,,,,
,,00-0037744,0.6671899529042387,TE,10.676470588235293,TE,0.24941176470588236,181.5,,,0.16535632766928735,0.7,0.1962962962962963,1.9411764705882353,,,ARI,2023,0.4101938738129456,24.0,False,5.125,,0.6894117647058824,17,TE,16.90992647058824,True,True,True,False,False,0.0,,,3.46436421046467,5.107714285714285,,
0.898125,,00-0037744,0.9425901201602136,TE,18.582352941176474,TE,0.23937677053824363,315.90000000000003,10.676470588235293,,0.25303370786516854,0.9,0.2739059967585089,1.754957507082153,,,ARI,2025,0.5879825906433813,26.0,False,15.2375,,0.9135294117647058,17,TE,,False,,True,True,True,0.0,,,3.0601982826134013,5.460229007633587,,
,,00-0037745,0.1411764705882353,WR,3.4545454545454546,WR,0.19444444444444445,38.0,,,0.07351555136663525,0.9,0.03910614525139665,1.4861111111111112,,,CHI,2022,0.11012010383373964,25.0,False,,,,11,WR,0.8538461538461538,True,True,False,False,False,,,,,,,
,,00-0037745,0.08856682769726248,WR,0.8538461538461538,WR,0.12727272727272726,11.1,,,0.025007185972980742,1.0,0.014861995753715499,0.36363636363636365,,,CHI,2023,0.03979802381165977,26.0,False,3.4545454545454546,,0.10928571428571429,13,WR,0.7000000000000001,True,True,True,False,False,,,,,,,
,,00-0037745,0.004431314623338257,WR,0.7000000000000001,RB,0.0,4.2,0.8538461538461538,,0.0,1.0,0.0,0.0,,,NO,2025,0.0,28.0,False,,,0.036,6,WR,,False,,False,True,False,,,,,,,
,,00-0037746,0.1664050235478807,RB,9.391666666666667,RB,0.11320754716981132,112.7,,,-0.002509124087591241,1.0,0.022598870056497175,0.5660377358490566,,,WAS,2022,0.032141918223431896,23.0,True,,,,12,RB,12.218039215686275,True,True,False,False,False,,,,,,0.061667720818279745,33.170731707317074
,,00-0037746,0.3812754409769335,RB,13.206666666666669,RB,0.15302491103202848,198.10000000000002,,,-0.012626262626262626,1.0,0.07154742096505824,1.309608540925267,,,WAS,2023,0.09848274760920353,24.0,True,9.391666666666667,,0.494,15,RB,7.304179566563468,True,True,True,False,False,,,,,,0.2160194209271247,14.04494382022472
0.5164705882352941,,00-0037746,0.12181303116147309,RB,3.378947368421053,RB,0.1511627906976744,64.2,13.206666666666669,,0.0006756756756756757,1.0,0.02268760907504363,0.32558139534883723,,,SF,2025,0.034504386585538414,26.0,True,11.229411764705883,,0.16894736842105262,19,RB,,False,,True,True,True,,,,,,-0.06428489402310708,30.434782608695656
,,00-0037755,0.3072463768115942,TE,6.183333333333334,TE,0.18867924528301888,74.2,,,0.10730655163116742,0.7,0.0690846286701209,1.471698113207547,,,IND,2022,0.17874152914699853,24.0,False,,,,12,TE,,False,False,False,False,False,1.0,,,,,,
,,00-0037801,0.038348082595870206,WR,0.28421052631578947,WR,0.11538461538461539,5.4,,,0.004194128220491312,1.0,0.004885993485342019,0.6538461538461539,,,DAL,2022,0.010264879982356947,26.0,False,,,,19,WR,4.820588235294117,True,True,False,False,False,,,,,,,
,,00-0037801,0.1273209549071618,WR,3.511764705882353,WR,0.1875,59.7,,,0.031214094216775182,1.0,0.027149321266968326,1.3229166666666667,,,DAL,2023,0.06257384785219511,27.0,False,0.28421052631578947,,,17,WR,5.881372549019608,True,True,True,False,False,,,,,,,
,,00-0037801,0.3537117903930131,WR,5.633333333333334,WR,0.15637860082304528,84.5,3.511764705882353,,0.06883248730964467,0.88,0.06260296540362438,1.6296296296296295,,,DAL,2025,0.14208718922218783,29.0,False,6.129411764705883,,0.3546666666666667,15,WR,,False,,True,True,False,,,,,,,
,,00-0037805,0.23065902578796563,TE,3.1100000000000003,TE,0.13664596273291926,31.1,,,0.036733615221987315,0.6,0.03914590747330961,0.937888198757764,,,NYJ,2023,0.08443239186535553,23.0,False,,,0.322,10,TE,2.692857142857143,True,True,False,False,False,1.0,,,,,,
0.36764705882352944,,00-0037805,0.3847402597402597,TE,3.3500000000000005,TE,0.12236286919831224,46.900000000000006,3.1100000000000003,,0.03210576015108593,0.8,0.06277056277056277,0.7552742616033755,,,NYJ,2025,0.11662987626160431,25.0,False,2.0357142857142856,,0.4717647058823529,14,TE,,False,,True,True,True,1.0,,,,,,
,,00-0037809,0.3471698113207547,TE,6.075,TE,0.25,97.2,,,0.10553064275037369,0.6,0.10550458715596331,2.4456521739130435,,,TEN,2022,0.23212833065920652,23.0,False,,,,16,TE,6.885294117647059,True,True,False,False,False,1.0,,,2.960304330575876,6.466666666666668,,
,,00-0037809,0.7672413793103449,TE,6.670588235294118,TE,0.17303370786516853,113.4,,,0.1163563829787234,0.7,0.16142557651991615,1.1865168539325843,,,TEN,2023,0.3235878328649806,24.0,False,6.075,,0.6547058823529412,17,TE,7.197058823529412,True,True,True,False,False,1.0,,,3.7728061529462757,5.491607142857143,,
0.6052941176470588,,00-0037809,0.6902927580893683,TE,7.294117647058823,TE,0.17633928571428573,124.0,6.670588235294118,,0.09331973482916879,0.9,0.14933837429111532,1.25,,,TEN,2025,0.2893313758170911,26.0,False,7.1000000000000005,,0.6370588235294118,17,TE,,False,,True,True,True,1.0,,,3.8640859936594985,5.806842105263158,,
,,00-0037816,0.5090016366612111,WR,7.815384615384615,WR,0.21543408360128619,101.6,,,0.14500341452310495,0.6,0.12430426716141002,1.3665594855305465,,,GB,2022,0.28795879090828846,22.0,False,,,,13,WR,10.462030075187972,True,True,False,False,False,,,,3.348993098873621,6.419682539682539,,
,,00-0037816,0.8043165467625899,WR,11.25263157894737,WR,0.19320214669051877,213.8,,,0.25033544182480355,0.7,0.17560975609756097,1.6243291592128801,,,GB,2023,0.43864944342370393,23.0,False,7.815384615384615,,0.7657894736842106,19,WR,10.476890756302522,True,True,True,False,False,,,,2.7151352640385693,5.904,,
0.7585714285714286,,00-0037816,0.7412935323383084,WR,11.282352941176471,WR,0.21476510067114093,191.8,11.25263157894737,,0.2661630748722506,0.9,0.193158953722334,1.8970917225950783,,,GB,2025,0.47605258299407643,25.0,False,9.671428571428573,,0.7729411764705882,17,WR,,False,,True,True,True,,,,2.2660095331594556,5.987176470588234,,
,,00-0037827,0.04354587869362364,RB,1.98,RB,0.07142857142857142,9.9,,,0.0,0.825,0.0036496350364963502,0.0,,,SF,2022,0.005474452554744526,22.0,False,,,,5,RB,,False,False,False,False,False,,,,,,,
,,00-0037828,0.049766718506998445,WR,0.3625,WR,0.21875,2.9,,,0.0403530895334174,0.7,0.012773722627737226,0.3125,,,SF,2022,0.04740774661499802,23.0,False,,,,8,WR,,False,False,False,False,False,,,,,,,
,0.9801702916354876,00-0037834,0.401244167962675,QB_pocket,12.451666666666668,QB,0.0,149.42000000000002,,0.16569301915473747,0.0,0.6,0.0,0.0,0.23250358325690146,249.0,SF,2022,0.0,23.0,False,,249.0,,12,QB,17.946912280701753,True,True,False,False,False,,-2.131461238159872,2.836564705882353,,,,
,3.9470901392358013,00-0037834,0.9172932330827067,QB_pocket,18.103157894736842,QB,0.0,343.96,,0.20394617048485472,0.0,0.657,0.0,0.0,0.27443557152449616,580.0,SF,2023,0.0,24.0,False,12.451666666666668,580.0,0.9447368421052631,19,QB,17.966242424242424,True,True,True,False,False,,2.5246851373346146,2.8775656108597287,,,,
0.9893333333333333,5.600021889916173,00-0037834,0.546742209631728,QB_pocket,18.14181818181818,QB,0.0,199.56,18.103157894736842,0.10573311839468588,0.0,0.771,0.0,0.0,0.12704721817848197,359.0,SF,2025,0.0,26.0,False,17.790666666666667,359.0,0.9681818181818183,11,QB,,False,,True,True,True,,5.071830985915497,3.1679859154929577,,,,
,,00-0037837,0.4065573770491803,WR,3.552941176470588,WR,0.12903225806451613,60.4,,,0.10223390275952694,0.8,0.06570841889117043,0.7540322580645161,,,PIT,2023,0.1701263602684245,24.0,False,,,0.35833333333333334,17,WR,6.4527777777777775,True,True,False,False,False,,,,,,,
0.5466666666666666,,00-0037837,0.5189274447949527,WR,6.0,WR,0.18541033434650456,90.0,3.552941176470588,,0.20751967356455844,1.0,0.11131386861313869,1.155015197568389,,,PIT,2025,0.31223457441489894,26.0,False,6.905555555555555,,0.5399999999999999,15,WR,,False,,True,True,True,,,,2.82084959407632,5.521702127659574,,
,,00-0037838,0.4825291181364393,TE,6.521428571428571,TE,0.20689655172413793,91.3,,,0.10054617676266137,0.5,0.12170385395537525,1.2862068965517242,,,BAL,2022,0.25293810466692584,22.0,False,,,,14,TE,8.019301470588236,True,True,False,False,False,0.0,,,3.1613239870507033,6.4518518518518535,,
,,00-0037838,0.5109489051094891,TE,7.25625,TE,0.13142857142857142,116.1,,,0.06949637123378051,0.6,0.08662900188323917,1.3171428571428572,,,BAL,2023,0.1785909626885051,23.0,False,6.521428571428571,,0.46,16,TE,6.962009803921569,True,True,True,False,False,0.0,,,,,,
0.6166666666666667,,00-0037838,0.5,TE,5.141666666666667,TE,0.1422924901185771,61.7,7.25625,,0.08501184834123222,0.8,0.08845208845208845,1.2134387351778657,,,BAL,2025,0.19218642651699522,25.0,False,8.782352941176471,,0.5592857142857143,12,TE,,False,,True,True,True,0.0,,,,,,
,,00-0037840,0.1500815660685155,RB,3.8125,RB,0.13043478260869565,30.5,,,0.004641004641004641,0.825,0.023255813953488372,0.8260869565217391,,,LA,2022,0.03813242417893581,22.0,False,,,,8,RB,18.443162393162392,True,True,False,False,False,,,,,,,
,,00-0037840,0.6402349486049926,RB,20.23076923076923,RB,0.11238532110091744,263.0,,,0.002356469580119966,1.0,0.0831918505942275,0.49311926605504586,,,LA,2023,0.12643730459742522,23.0,True,3.8125,,0.8146153846153846,13,RB,16.342777777777776,True,True,True,False,False,,,,,,0.6502996098307398,4.824561403508771
0.8716666666666666,,00-0037840,0.7059602649006622,RB,16.03,RB,0.11069418386491557,320.6,20.23076923076923,,0.02423431460005947,1.0,0.08464849354375897,0.6585365853658537,,,LA,2025,0.14393676053568008,25.0,True,16.655555555555555,,0.6689999999999999,20,RB,,False,,True,True,True,,,,,,0.5698771921524118,22.393822393822393
,,00-0038040,0.02157164869029276,RB,0.6363636363636365,RB,0.0,7.000000000000001,,,0.0,1.0,0.0,0.0,,,LV,2022,0.0,23.0,False,,,,11,RB,4.673557692307693,True,True,False,False,False,,,,,,,
,,00-0038040,0.17927631578947367,RB,5.684615384615385,RB,0.1743119266055046,73.9,,,0.0009494422027059103,1.0,0.035781544256120526,0.8990825688073395,,,LV,2023,0.054336925926074926,24.0,True,0.6363636363636365,,0.21294117647058824,13,RB,2.79125,True,True,True,False,False,,,,,,0.32539999491460314,15.384615384615385
0.305,,00-0038040,0.06965174129353234,RB,1.92,RB,0.14285714285714285,9.6,5.684615384615385,,-0.0009383797309978105,1.0,0.012170385395537525,0.5714285714285714,,,LV,2025,0.01759871228160782,26.0,True,3.6625,,0.15833333333333333,5,RB,,False,,True,True,True,,,,,,,
,,00-0038041,0.2374631268436578,TE,4.3999999999999995,TE,0.14285714285714285,52.8,,,0.015777910924705412,0.6,0.03745928338762215,1.2919254658385093,,,DAL,2022,0.06723346272872702,23.0,False,,,,12,TE,9.684126984126983,True,True,False,False,False,0.0,,,,,,
,,00-0038041,0.7984084880636605,TE,11.911111111111111,TE,0.1893687707641196,214.4,,,0.11279203370356185,0.7,0.17194570135746606,1.4186046511627908,,,DAL,2023,0.33687297562869234,24.0,False,4.3999999999999995,,0.7488888888888889,18,TE,9.2609243697479,True,True,True,False,False,0.0,,,3.3389146940786287,5.467215189873418,,
0.6528571428571429,,00-0038041,0.7758369723435226,TE,11.064705882352941,TE,0.19136960600375236,188.1,11.911111111111111,,0.09644670050761421,0.9,0.16803953871499178,1.125703564727955,,,DAL,2025,0.3195719984278176,26.0,False,7.457142857142857,,0.6670588235294117,17,TE,,False,,True,True,True,0.0,,,3.3069435180725164,5.874533333333333,,
,,00-0038045,0.0364963503649635,RB,1.6800000000000002,RB,0.1,8.4,,,-0.0021896211955331727,0.65,0.00411522633744856,0.43333333333333335,,,LAC,2022,0.004640104669299619,21.0,False,,,,5,RB,2.111111111111111,True,True,False,False,False,,,,,,,
,,00-0038045,0.09078212290502793,RB,2.111111111111111,RB,0.09230769230769231,19.0,,,-0.00108837614279495,0.825,0.009771986970684038,0.5230769230769231,,,LAC,2023,0.013896117156069593,22.0,False,1.6800000000000002,,0.18444444444444444,9,RB,,False,False,True,False,False,,,,,,,
,,00-0038046,0.11240875912408758,TE,2.31,TE,0.12987012987012986,23.1,,,0.020233120738948757,0.7,0.018832391713747645,1.1818181818181819,,,BAL,2023,0.042411772087885595,24.0,False,,,0.24294117647058822,10,TE,2.678671328671329,True,True,False,False,False,0.0,,,,,,
0.294,,00-0038046,0.24110671936758893,TE,2.784615384615385,TE,0.12295081967213115,36.2,2.31,,0.03139810426540284,0.9,0.036855036855036855,1.1639344262295082,,,BAL,2025,0.07726122826833727,26.0,False,2.5727272727272728,,0.4035294117647059,13,TE,,False,,True,True,True,0.0,,,,,,
,,00-0038090,0.245260663507109,WR,3.305263157894737,WR,0.2028985507246377,62.8,,,0.05526366997470325,0.6,0.05898876404494382,1.289855072463768,,,KC,2022,0.127167715049708,22.0,False,,,,19,WR,4.130769230769231,True,True,False,False,False,,,,,,,
,,00-0038090,0.3246606334841629,WR,4.130769230769231,WR,0.13240418118466898,53.7,,,0.07025906735751296,0.7,0.05198358413132695,0.8501742160278746,,,KC,2023,0.12715672334724948,23.0,False,3.305263157894737,,0.5228571428571429,13,WR,0.7947368421052632,True,True,True,False,False,,,,,,,
,,00-0038090,0.11331444759206799,WR,0.7947368421052632,WR,0.1,15.1,4.130769230769231,,0.026801801801801802,0.9,0.013961605584642234,1.0875,,,SF,2025,0.03970366963822461,25.0,False,,,0.10736842105263159,19,WR,,False,,False,True,False,,,,,,,
,,00-0038098,0.0429042904290429,RB,2.7199999999999998,RB,0.2692307692307692,27.2,,,0.0009739469198928658,1.0,0.013618677042801557,1.6153846153846154,,,NE,2022,0.02110977840812734,24.0,False,,,,10,RB,2.691346153846154,True,True,False,False,False,,,,,,,
,,00-0038098,0.11835106382978723,RB,2.6750000000000003,RB,0.0898876404494382,42.800000000000004,,,-0.0009354536950420954,1.0,0.0125,0.5280898876404494,,,CLE,2023,0.018095182413470537,25.0,False,2.7199999999999998,,0.14352941176470588,16,RB,2.707692307692308,True,True,True,False,False,,,,,,,
,0.8181290695983866,00-0038102,0.6956521739130435,QB_pocket,11.527692307692309,QB,0.0,149.86,,-0.012170728695312839,0.0,0.657,0.0,0.0,-0.020893022720154288,417.0,PIT,2022,0.0,24.0,False,,417.0,,13,QB,6.337380952380952,True,True,False,False,False,,-0.5548743176774309,2.9818067010309277,,,,
,-2.1204296427388347,00-0038102,0.5934426229508196,QB_pocket,9.183333333333334,QB,0.0,110.2,,-0.10020732695028156,0.0,0.714,0.0,0.0,-0.13406576860295008,347.0,PIT,2023,0.0,25.0,False,11.527692307692309,347.0,0.895,12,QB,2.389047619047619,True,True,True,False,False,,0.3078535417623769,2.810829721362229,,,,
0.3,-6.532403555783358,00-0038102,0.09286898839137644,QB_pocket,1.2866666666666668,QB,0.0,7.720000000000001,9.183333333333334,-0.4044576064152566,0.0,0.828,0.0,0.0,-0.5498005653541521,52.0,LV,2025,0.0,27.0,False,3.491428571428571,52.0,0.28500000000000003,6,QB,,False,,True,True,True,,,,,,,
,,00-0038104,0.5396039603960396,WR,5.5249999999999995,WR,0.13761467889908258,66.3,,,0.15729242756269785,0.6,0.08754863813229571,0.7553516819571865,,,NE,2022,0.24142765649233205,22.0,False,,,,12,WR,2.5986111111111114,True,True,False,False,False,,,,3.147385115001464,5.939555555555557,,
,,00-0038104,0.21815286624203822,WR,3.0222222222222226,WR,0.1678832116788321,27.200000000000003,,,0.05751437859464866,0.7,0.04251386321626617,0.6642335766423357,,,NE,2023,0.10403085984065333,23.0,False,5.5249999999999995,,0.41888888888888887,9,WR,4.454166666666667,True,True,True,False,False,,,,,,,
0.295,,00-0038104,0.3699421965317919,WR,6.733333333333333,WR,0.14453125,80.8,3.0222222222222226,,0.23150302466263378,0.9,0.06739526411657559,1.7109375,,,KC,2025,0.263145013438707,25.0,False,2.175,,0.39,12,WR,,False,,True,True,True,,,,,,,
,5.7530369609594345,00-0038108,0.16336633663366337,QB_pocket,9.91,QB,0.010101010101010102,39.64,,0.07215209594453231,-0.0019478938397857316,0.6,0.0019455252918287938,-0.06060606060606061,0.07841855008807716,98.0,NE,2022,0.0015547622498931785,23.0,False,,98.0,,4,QB,6.918000000000001,True,True,False,False,False,,,,,,,
,-4.42770113154213,00-0038108,0.39331210191082805,QB_pocket,6.918000000000001,QB,0.0,69.18,,-0.2691755132183707,0.0,0.657,0.0,0.0,-0.36556058546249187,236.0,NE,2023,0.0,24.0,False,9.91,236.0,0.716,10,QB,,False,False,True,False,False,,-2.2098271843959623,2.7442654028436015,,,,
,,00-0038115,0.5154061624649859,TE,6.6230769230769235,TE,0.10869565217391304,86.10000000000001,,,0.044695898161244696,0.5,0.072992700729927,0.7853260869565217,,,NYG,2022,0.1407761798077618,22.0,False,,,,13,TE,2.9077380952380953,True,True,False,False,False,0.0,,,,,,
,,00-0038115,0.5415430267062314,TE,3.607142857142857,TE,0.07671232876712329,50.5,,,0.036101083032490974,0.6,0.05785123966942149,0.6986301369863014,,,NYG,2023,0.11204761762687591,23.0,False,6.6230769230769235,,0.6394117647058825,14,TE,3.396474358974359,True,True,True,False,False,0.0,,,,,,
0.3305882352941176,,00-0038115,0.40764331210191085,TE,4.584615384615384,TE,0.1015625,59.6,3.607142857142857,,0.05658627087198516,0.8,0.05168986083499006,1.1171875,,,NYG,2025,0.1171451808628747,25.0,False,2.2083333333333335,,0.499375,13,TE,,False,,True,True,True,0.0,,,,,,
,,00-0038117,0.18207282913165265,WR,8.6,WR,0.23846153846153847,51.599999999999994,,,0.05431400282885431,0.5,0.05656934306569343,1.7461538461538462,,,NYG,2022,0.12287381657873817,21.0,False,,,,6,WR,9.813529411764705,True,True,False,False,False,,,,,,,
,,00-0038117,0.5979228486646885,WR,8.879999999999999,WR,0.1935483870967742,133.2,,,0.11385726187170231,0.6,0.16115702479338842,1.3027295285359801,,,NYG,2023,0.32143562050027424,22.0,False,8.6,,0.656,15,WR,12.182904411764707,True,True,True,False,False,,,,3.973480571288485,6.9703389830508495,,
0.7594117647058823,,00-0038117,0.8662420382165605,WR,13.61875,WR,0.25735294117647056,217.9,8.879999999999999,,0.275278293135436,0.8,0.2783300198807157,1.8639705882352942,,,NYG,2025,0.6101898350158788,24.0,False,10.747058823529413,,0.9075,16,WR,,False,,True,True,True,,,,3.365855718834662,6.710916666666666,,
,,00-0038120,0.1875,RB,16.442857142857143,RB,0.24031007751937986,115.10000000000001,,,0.0310330747243773,0.65,0.05272108843537415,1.689922480620155,,,NYJ,2022,0.10080478496012533,21.0,True,,,,7,RB,16.072242647058825,True,True,False,False,False,,,,,,,
,,00-0038120,0.5544412607449857,RB,17.08823529411765,RB,0.2454780361757106,290.5,,,-0.012684989429175475,0.825,0.16903914590747332,1.5271317829457365,,,NYJ,2023,0.2446792262607871,22.0,True,16.442857142857143,,0.591764705882353,17,RB,14.0175,True,True,True,False,False,,,,,,0.6719800630039181,19.282511210762333
0.72375,,00-0038120,0.5405844155844156,RB,12.97875,RB,0.14414414414414414,207.66,17.08823529411765,,0.004406672961913755,1.0,0.1038961038961039,1.0510510510510511,,,NYJ,2025,0.15892882691749546,24.0,True,15.05625,,0.64375,16,RB,,False,,True,True,True,,,,,,0.5885268028320638,27.27272727272727
,-1.3211507688869129,00-0038122,0.27439024390243905,QB_pocket,9.68,QB,0.0,38.72,,-0.03872092528669767,0.0,0.6,0.0,0.0,-0.04965353282862419,124.0,ATL,2022,0.0,23.0,False,,124.0,,4,QB,8.096666666666668,True,True,False,False,False,,,,,,,
,-1.3355350295702617,00-0038122,0.731023102310231,QB_pocket,11.809333333333335,QB,0.002257336343115124,177.14000000000001,,-0.0683763226818999,-0.001431980906921241,0.657,0.0019801980198019802,-0.013544018058690745,-0.0919567394188416,420.0,ATL,2023,0.0019679103948581017,24.0,False,9.68,420.0,0.85,15,QB,4.384,True,True,True,False,False,,-1.4484118170959448,2.695108808290155,,,,
,,00-0038124,0.4451718494271686,WR,11.721428571428573,WR,0.2426470588235294,164.10000000000002,,,0.21010698839062145,0.7,0.12244897959183673,2.2463235294117645,,,GB,2022,0.3307483612611901,23.0,False,,,,14,WR,8.547077922077921,True,True,False,False,False,,,,2.890829454703176,6.100344827586206,,
,,00-0038124,0.43453237410071943,WR,9.572727272727272,WR,0.18543046357615894,105.3,,,0.16158711903392756,0.8,0.0910569105691057,1.4635761589403973,,,GB,2023,0.24969634917740782,24.0,False,11.721428571428573,,0.7163636363636363,11,WR,10.351623376623376,True,True,True,False,False,,,,2.913774136445268,6.401,,
0.5906666666666667,,00-0038124,0.4693200663349917,WR,13.181818181818182,WR,0.21908127208480566,145.0,9.572727272727272,,0.23705843145967562,1.0,0.12474849094567404,2.2862190812720846,,,GB,2025,0.353063638440284,26.0,False,7.521428571428571,,0.6881818181818182,11,WR,,False,,True,True,True,,,,2.004460538060614,6.379272727272728,,
,-10.553293273999142,00-0038128,0.1490566037735849,QB_pocket,2.762857142857143,QB,0.0,19.34,,-0.41456667328472935,0.0,0.6,0.0,0.0,-0.5470097049467599,71.0,TEN,2022,0.0,23.0,False,,71.0,,7,QB,8.633333333333335,True,True,False,False,False,,,,,,,
0.4642857142857143,21.984904323305404,00-0038128,0.0779436152570481,QB_pocket,12.794999999999998,QB,0.0,51.17999999999999,,0.5832993856018819,0.0,0.771,0.0,0.0,0.7390638180456653,38.0,GB,2025,0.0,26.0,False,8.633333333333335,38.0,0.4225,4,QB,,False,,True,False,True,,,,,,,
,,00-0038129,0.6354044548651817,TE,6.052941176470589,TE,0.13284132841328414,102.9,,,0.0798887859128823,0.6,0.09171974522292993,0.8284132841328413,,,TB,2022,0.1935017679734125,23.0,False,,,,17,TE,8.883684210526315,True,True,False,False,False,0.0,,,3.159231845034558,6.21943396226415,,
,,00-0038129,0.9713114754098361,TE,8.047368421052632,TE,0.1209563994374121,152.9,,,0.10734357437242413,0.7,0.13782051282051283,0.8565400843881856,,,TB,2023,0.28187127129146616,24.0,False,6.052941176470589,,0.9631578947368421,19,TE,8.933333333333334,True,True,True,False,False,0.0,,,3.4357684048952217,6.5016,,
0.9306666666666668,,00-0038129,0.896124031007752,TE,8.146666666666667,TE,0.14013840830449828,122.2,8.047368421052632,,0.09663284132841328,0.9,0.15,0.9896193771626297,,,TB,2025,0.29264298892988927,26.0,False,9.72,,0.9349999999999999,15,TE,,False,,True,True,True,0.0,,,3.500573888283252,5.561911764705882,,
,,00-0038134,0.46551724137931033,RB,13.50625,RB,0.1111111111111111,216.1,,,-0.01632208922742111,0.825,0.06132879045996593,0.5185185185185185,,,SEA,2022,0.08056772323075412,22.0,True,,,,16,RB,14.883030303030303,True,True,False,False,False,,,,,,0.46115524136127867,21.49122807017544
,,00-0038134,0.38184663536776214,RB,13.293333333333333,RB,0.15163934426229508,199.4,,,-0.01961271102284012,1.0,0.06764168190127971,1.0614754098360655,,,SEA,2023,0.08773362513593148,23.0,True,13.50625,,0.542,15,RB,14.901363636363637,True,True,True,False,False,,,,,,-0.12910396886200898,19.63470319634703
0.6327272727272727,,00-0038134,0.44301765650080255,RB,13.330000000000002,RB,0.17028985507246377,266.6,13.293333333333333,,-0.008068130883012102,1.0,0.08687615526802218,1.3985507246376812,,,SEA,2025,0.1246665412839248,25.0,True,16.472727272727273,,0.49350000000000005,20,RB,,False,,True,True,True,,,,,,0.1818949483895081,27.601809954751133
,,00-0038359,0.2410596026490066,WR,2.542105263157895,WR,0.13186813186813187,48.300000000000004,,,0.06021409455842997,1.0,0.03443328550932568,1.664835164835165,,,LA,2025,0.0937997944548895,28.0,False,0.3875,,0.2142105263157895,19,WR,,False,,True,False,False,,,,,,,
,,00-0038389,0.07306590257879657,RB,3.0500000000000003,RB,0.21568627450980393,18.3,,,0.0015856236786469344,0.65,0.019572953736654804,0.8431372549019608,,,NYJ,2023,0.03046936718003506,21.0,False,,,0.19166666666666665,6,RB,,False,False,False,False,False,,,,,,,
,,00-0038393,0.4503597122302158,WR,7.66235294117647,WR,0.19808306709265175,130.26,,,0.12095073797201457,0.6,0.1008130081300813,1.9361022364217253,,,GB,2023,0.23588502877553214,22.0,False,,,0.4758823529411765,17,WR,6.148717948717948,True,True,False,False,False,,,,3.1723428820324013,7.1657142857142855,,
0.5594444444444444,,00-0038393,0.39303482587064675,WR,5.8307692307692305,WR,0.1940928270042194,75.8,7.66235294117647,,0.11486336369695624,0.8,0.0925553319919517,1.40084388185654,,,GB,2025,0.2192373525757969,24.0,False,6.466666666666667,,0.44642857142857145,13,WR,,False,,True,True,True,,,,2.1693210690095976,5.9111627906976745,,
,,00-0038394,0.19753086419753085,TE,3.5181818181818185,TE,0.203125,38.7,,,0.049463937621832356,0.7,0.047619047619047616,1.6171875,,,IND,2023,0.10605332776385407,24.0,False,,,0.19666666666666666,11,TE,0.9857142857142858,True,True,False,False,False,0.0,,,,,,
,,00-0038396,0.06231454005934718,RB,1.3,RB,0.16666666666666666,13.0,,,-0.0022216051096917524,1.0,0.014462809917355372,0.5238095238095238,,,NYG,2023,0.020139091299248832,24.0,False,,,0.07384615384615384,10,RB,1.3785714285714286,True,True,False,False,False,,,,,,,
,,00-0038397,0.06499261447562776,RB,1.0666666666666667,RB,0.022727272727272728,6.4,,,-0.0008550662676357417,1.0,0.0017699115044247787,0.13636363636363635,,,NO,2025,0.002056320869292149,25.0,False,,,0.19166666666666665,6,RB,,False,,False,False,False,,,,,,,
,1.3593825134071145,00-0038400,0.07980456026058631,QB_pocket,3.4400000000000004,QB,0.0,13.760000000000002,,-0.03338612857262722,0.0,0.714,0.0,0.0,-0.053520394446926516,46.0,PHI,2025,0.0,25.0,False,,46.0,0.345,4,QB,,False,,False,False,False,,,,,,,
,-2.432583164477694,00-0038416,0.25925925925925924,QB_pocket,10.652000000000001,QB,0.0,53.260000000000005,,-0.1589132898517482,0.0,0.6,0.0,0.0,-0.21659362908330732,149.0,CHI,2023,0.0,23.0,False,,149.0,0.8859999999999999,5,QB,-0.06500000000000002,True,True,False,False,False,,-1.8967781294059165,2.886426573426574,,,,
,,00-0038440,0.11805555555555555,RB,3.563636363636364,RB,0.23529411764705882,39.2,,,0.004564983888292159,1.0,0.034334763948497854,1.4411764705882353,,,MIN,2025,0.05469763464455129,26.0,False,,,0.10187500000000001,11,RB,,False,,False,False,False,,,,,,,
,,00-0038454,0.09197080291970802,RB,9.985714285714286,RB,0.1746031746031746,69.9,,,-0.0004398504508467121,0.65,0.02071563088512241,1.4761904761904763,,,BAL,2023,0.03076555101209092,21.0,False,,,0.245,7,RB,2.810769230769231,True,True,False,False,False,,,,,,,
0.07714285714285715,,00-0038454,0.1067193675889328,RB,4.2615384615384615,RB,0.2222222222222222,55.4,9.985714285714286,,-0.008293838862559242,1.0,0.029484029484029485,1.1666666666666667,,,BAL,2025,0.038420357022252764,23.0,False,1.36,,0.17461538461538462,13,RB,,False,,True,True,True,,,,,,,
,,00-0038465,0.1712230215827338,WR,2.7916666666666665,WR,0.20168067226890757,33.5,,,0.04025301897642323,0.7,0.03902439024390244,1.050420168067227,,,GB,2023,0.08671369864934991,23.0,False,,,0.30615384615384617,12,WR,3.68452380952381,True,True,False,False,False,,,,,,,
0.21214285714285716,,00-0038465,0.16583747927031509,WR,2.085714285714286,WR,0.07,14.6,2.7916666666666665,,0.014441235281048655,0.9,0.014084507042253521,0.86,,,GB,2025,0.03123562526011434,25.0,False,5.283333333333334,,0.3018181818181818,7,WR,,False,,True,True,True,,,,,,,
,-2.9026570242075693,00-0038476,0.35311572700296734,QB_pocket,10.393333333333334,QB,0.0,93.54,,-0.16929198290267844,0.0,0.714,0.0,0.0,-0.22940573118579394,215.0,NYG,2023,0.0,25.0,False,,215.0,0.7611111111111111,9,QB,,False,False,False,False,False,,-3.5634298672836877,2.987988764044944,,,,
,,00-0038488,0.003129890453834116,RB,0.0,TE,0.0,0.0,,,0.0,1.0,0.0,0.0,,,SEA,2023,0.0,25.0,False,,,0.017333333333333333,6,RB,0.0,True,True,False,False,False,,,,,,,
0.04363636363636363,,00-0038488,0.02086677367576244,RB,0.0,FB,0.07692307692307693,0.0,0.0,,0.0,0.78,0.0018484288354898336,0.0,,,SEA,2025,0.0027726432532347504,27.0,False,0.0,,0.053000000000000005,13,RB,,False,,True,True,True,,,,,,,
,,00-0038489,0.001445086705202312,RB,0.0,ILB,0.0,0.0,,,0.0,1.0,0.0,0.0,,,PHI,2023,0.0,23.0,False,,,,6,RB,,False,False,False,False,False,,,,,,,
,,00-0038492,0.27363896848137537,WR,4.15,WR,0.041884816753926704,16.6,,,0.01638477801268499,0.8,0.014234875444839857,0.2931937172774869,,,NYJ,2023,0.03282165777613928,24.0,False,,,0.6371428571428571,4,WR,,False,False,False,False,False,,,,,,,
,,00-0038496,0.49283667621776506,WR,3.6882352941176473,WR,0.11046511627906977,62.7,,,0.09460887949260043,0.6,0.06761565836298933,0.6656976744186046,,,NYJ,2023,0.16764970318930428,22.0,False,,,0.4341176470588235,17,WR,0.6990196078431372,True,True,False,False,False,,,,,,,
0.1811764705882353,,00-0038496,0.07980456026058631,WR,0.43333333333333335,WR,0.04081632653061224,2.6,3.6882352941176473,,-0.0019968937208786333,0.8,0.004016064257028112,0.12244897959183673,,,PHI,2025,0.004626270780927125,24.0,False,0.9647058823529411,,0.021428571428571432,6,WR,,False,,True,True,True,,,,,,,
,,00-0038519,0.011560693641618497,WR,0.3,WR,0.125,4.2,,,0.004187994416007445,1.0,0.0018214936247723133,2.625,,,KC,2025,0.005663836528363681,26.0,False,0.8500000000000001,,0.032857142857142856,14,WR,,False,,True,False,False,,,,,,,
,,00-0038542,0.7887788778877888,RB,14.488235294117647,RB,0.1799163179916318,246.3,,,0.005727923627684964,0.65,0.1702970297029703,1.0188284518828452,,,ATL,2023,0.2594550910938349,21.0,True,,,0.68,17,RB,20.955882352941174,True,True,False,False,False,,,,,,0.39162466330403795,20.5607476635514
0.7535294117647059,,00-0038542,0.8675721561969439,RB,21.811764705882354,RB,0.20156555772994128,370.8,14.488235294117647,,0.02414535022710973,1.0,0.19884169884169883,1.6046966731898238,,,ATL,2025,0.3151642934215251,23.0,True,20.099999999999998,,0.7817647058823529,17,RB,,False,,True,True,True,,,,,,0.9085048234399007,14.634146341463413
,,00-0038543,0.7464788732394366,WR,8.811764705882354,WR,0.1949685534591195,149.8,,,0.14126117179741807,0.5,0.170018281535649,1.3165618448637317,,,SEA,2023,0.35391024256166614,21.0,False,,,0.648235294117647,17,WR,17.661176470588238,True,True,False,False,False,,,,3.7858879094775504,7.028426966292136,,
0.8641176470588235,,00-0038543,0.9245585874799358,WR,20.44,WR,0.328125,408.8,8.811764705882354,,0.46952039444195426,0.7,0.34935304990757854,3.4583333333333335,,,SEA,2025,0.8526938509707358,23.0,False,14.882352941176471,,0.7695000000000001,20,WR,,False,,True,True,True,,,,3.017568233126393,6.295649350649352,,
,,00-0038544,0.6801675977653632,WR,5.529411764705882,WR,0.1375770020533881,94.0,,,0.18741837178929038,0.6,0.10912052117263844,0.8850102669404517,,,LAC,2023,0.29487364201146093,22.0,False,,,0.65,17,WR,11.752232142857142,True,True,False,False,False,,,,2.3844210874041636,6.0782089552238805,,
0.71625,,00-0038544,0.7187928669410151,WR,12.585714285714285,WR,0.1717557251908397,176.2,5.529411764705882,,0.22466107165913493,0.8,0.15817223198594024,1.4408396946564885,,,LAC,2025,0.3945210981403048,24.0,False,10.918750000000001,,0.7686666666666666,14,WR,,False,,True,True,True,,,,2.3646944838775346,5.252682926829268,,
,,00-0038547,0.1962864721485411,TE,2.169230769230769,TE,0.10810810810810811,28.2,,,0.015894293374186137,0.8,0.024132730015082957,0.4864864864864865,,,DAL,2023,0.04732510038455473,25.0,False,,,0.30777777777777776,13,TE,3.3505952380952384,True,True,False,False,False,1.0,,,,,,
0.3447058823529412,,00-0038547,0.26200873362445415,TE,1.942857142857143,TE,0.12777777777777777,27.200000000000003,2.169230769230769,,0.03350253807106599,1.0,0.03789126853377265,0.7333333333333333,,,DAL,2025,0.08028867945040517,27.0,False,4.758333333333334,,0.32941176470588235,14,TE,,False,,True,True,True,1.0,,,,,,
,,00-0038551,0.0916030534351145,RB,6.185714285714285,RB,0.18333333333333332,43.3,,,-0.0016549441456350847,0.65,0.019097222222222224,1.95,,,NO,2023,0.027487372431388775,21.0,False,,,0.20375,7,RB,4.803571428571429,True,True,False,False,False,,,,,,,
0.27999999999999997,,00-0038551,0.07090103397341212,RB,4.757142857142857,RB,0.10416666666666667,33.3,6.185714285714285,,-0.0010688328345446773,1.0,0.008849557522123894,0.625,,,NO,2025,0.012526153299004566,23.0,False,4.8500000000000005,,0.24285714285714285,7,RB,,False,,True,True,True,,,,,,,
,,00-0038555,0.07887323943661972,RB,1.9076923076923078,RB,0.07142857142857142,24.8,,,0.0012232415902140672,0.825,0.006589785831960461,0.10714285714285714,,,JAX,2023,0.01074094786109054,22.0,False,,,0.12294117647058822,13,RB,5.771875,True,True,False,False,False,,,,,,,
0.36125,,00-0038555,0.10097719869706841,RB,3.48125,RB,0.06451612903225806,55.7,1.9076923076923078,,-0.0013312624805857556,1.0,0.008032128514056224,0.5161290322580645,,,PHI,2025,0.011116309034674308,23.0,True,8.0625,,0.12555555555555556,16,RB,,False,,True,True,True,,,,,,,
,,00-0038558,0.30491803278688523,TE,1.4555555555555557,TE,0.05913978494623656,13.100000000000001,,,0.0028909329829172143,0.5,0.022587268993839837,0.3279569892473118,,,PIT,2023,0.03590455657880181,22.0,False,,,0.4694444444444444,9,TE,4.4980769230769235,True,True,False,False,False,0.0,,,,,,
0.5094444444444445,,00-0038558,0.416403785488959,TE,5.6461538461538465,TE,0.16287878787878787,73.4,1.4555555555555557,,0.07053337219469542,0.7,0.07846715328467153,1.378787878787879,,,PIT,2025,0.1670740904632941,24.0,False,3.35,,0.5725,13,TE,,False,,True,True,True,0.0,,,,,,
,,00-0038559,0.6562009419152276,WR,8.807692307692308,WR,0.13875598086124402,114.5,,,0.18260207963479583,0.7,0.10740740740740741,1.3516746411483254,,,ARI,2023,0.2889325668554682,23.0,False,,,0.8,13,WR,10.378860294117647,True,True,False,False,False,,,,2.6488132385599372,6.301454545454545,,
0.795625,,00-0038559,0.8464619492656876,WR,12.976470588235294,WR,0.19873817034700317,220.6,8.807692307692308,,0.33752808988764044,0.9,0.20421393841166938,1.586750788643533,,,ARI,2025,0.5425905705388524,25.0,False,7.78125,,0.8135294117647058,17,WR,,False,,True,True,True,,,,2.4353189951454493,5.981370967741934,,
,,00-0038563,0.37006578947368424,WR,5.523076923076923,WR,0.1511111111111111,71.8,,,0.148112983622122,0.6,0.064030131826742,1.471111111111111,,,LV,2023,0.1997242862755984,22.0,False,,,0.3275,13,WR,8.558823529411764,True,True,False,False,False,,,,,,,
0.8723529411764706,,00-0038563,0.9651741293532339,WR,9.511764705882353,WR,0.15807560137457044,161.7,5.523076923076923,,0.29246168282765095,0.8,0.18661257606490872,1.1958762886597938,,,LV,2025,0.4846420420767188,24.0,False,7.605882352941177,,0.9482352941176471,17,WR,,False,,True,True,True,,,,3.6219217863116024,7.618735632183907,,
,,00-0038564,0.05211726384364821,TE,0.0,TE,0.0,0.0,,,0.0,0.8,0.0,0.0,,,PHI,2025,0.0,25.0,False,,,0.104375,10,TE,,False,,False,False,False,1.0,,,,,,
,,00-0038573,0.1005586592178771,WR,2.2176470588235295,WR,0.2361111111111111,37.7,,,-0.00827165868524162,0.7,0.02768729641693811,0.9166666666666666,,,LAC,2023,0.03574078354573803,23.0,False,,,0.12764705882352942,17,WR,1.4333333333333333,True,True,False,False,False,,,,,,,
0.1575,,00-0038573,0.07956104252400549,WR,0.2916666666666667,WR,0.05172413793103448,3.5,2.2176470588235295,,0.0071013557133634605,0.9,0.005272407732864675,0.1724137931034483,,,LAC,2025,0.012879560598651436,25.0,False,2.575,,0.1075,12,WR,,False,,True,True,True,,,,,,,
,,00-0038576,0.04310344827586207,WR,1.8818181818181818,WR,0.3,20.7,,,0.02114561027837259,0.9,0.015202702702702704,2.1333333333333333,,,CIN,2023,0.03760598124891487,25.0,False,,,0.06454545454545454,11,WR,0.75,True,True,False,False,False,,,,,,,
0.05500000000000001,,00-0038576,0.01729106628242075,WR,0.42857142857142855,WR,0.08333333333333333,6.0,1.8818181818181818,,0.00920850690638018,1.0,0.0016474464579901153,0.0,,,CIN,2025,0.008917124521451297,27.0,False,1.0714285714285714,,0.02142857142857143,14,WR,,False,,True,True,True,,,,,,,
,-3.9035496967179433,00-0038579,0.6118421052631579,QB_pocket,11.43818181818182,QB,0.0,125.82000000000001,,-0.05393406343691513,0.0,0.714,0.0,0.0,-0.06031916335251614,367.0,LV,2023,0.0,25.0,False,,367.0,0.9245454545454546,11,QB,10.386666666666667,True,True,False,False,False,,-2.321355544443378,2.80093567251462,,,,
,-15.147793860662551,00-0038582,0.05180533751962323,QB_pocket,1.2466666666666666,QB,0.0,7.4799999999999995,,-0.9141819608984015,0.0,0.657,0.0,0.0,-1.2410551133091627,28.0,ARI,2023,0.0,24.0,False,,28.0,0.15857142857142859,6,QB,-0.41600000000000004,True,True,False,False,False,,,,,,,
,-11.654824926739646,00-0038583,0.16489361702127658,QB_pocket,3.157142857142857,QB,0.0,22.099999999999998,,-0.2689728284277803,0.0,0.657,0.0,0.0,-0.3342976480679448,117.0,CLE,2023,0.0,24.0,False,,117.0,0.3675,7,QB,2.6333333333333333,True,True,False,False,False,,,,,,,
,,00-0038589,0.13620689655172413,TE,2.711111111111111,TE,0.189873417721519,24.4,,,0.03235815602836879,0.7,0.031446540880503145,1.1898734177215189,,,TEN,2023,0.06982052054061287,24.0,False,,,0.2409090909090909,9,TE,3.190952380952381,True,True,False,False,False,0.0,,,,,,
0.32,,00-0038589,0.16417910447761194,TE,2.3285714285714287,TE,0.0707070707070707,16.3,2.711111111111111,,0.005998666962897134,0.9,0.014084507042253521,0.43434343434343436,,,GB,2025,0.025325827437408275,26.0,False,4.053333333333334,,0.3922222222222222,7,TE,,False,,True,True,True,0.0,,,,,,
,,00-0038597,0.05890804597701149,RB,4.458333333333333,RB,0.36585365853658536,53.5,,,-0.012044967880085654,1.0,0.02533783783783784,3.8048780487804876,,,CIN,2023,0.0295752792406968,23.0,False,,,0.11833333333333333,12,RB,16.280514705882354,True,True,False,False,False,,,,,,,
0.6275000000000001,,00-0038597,0.6484149855907781,RB,16.623529411764707,RB,0.19555555555555557,282.6,4.458333333333333,,0.010085507564130673,1.0,0.14497528830313014,0.9711111111111111,,,CIN,2025,0.2245227877495867,25.0,True,15.9375,,0.6658823529411765,17,RB,,False,,True,True,True,,,,,,0.33743554811154153,15.948275862068966
,,00-0038606,0.2507042253521127,WR,4.9,WR,0.11797752808988764,39.2,,,0.03160040774719674,0.5,0.03459637561779242,0.7415730337078652,,,JAX,2023,0.07401484884972635,21.0,False,,,0.3877777777777778,8,WR,9.599579831932772,True,True,False,False,False,,,,,,,
0.5529411764705883,,00-0038606,0.6363636363636364,WR,12.270588235294117,WR,0.2465437788018433,208.6,4.9,,0.2767282541000623,0.7,0.20112781954887218,2.19815668202765,,,JAX,2025,0.49540150719335185,23.0,False,6.928571428571429,,0.6194117647058823,17,WR,,False,,True,True,True,,,,2.3909522431815406,6.4245652173913035,,
0.7806666666666666,,00-0038608,0.6493506493506493,WR,8.661111111111111,WR,0.132,155.9,,,0.19935576234788832,0.7,0.11073825503355705,1.438,,,NE,2025,0.3056564161938574,23.0,False,8.126666666666667,,0.6755555555555556,18,WR,,False,,True,False,True,,,,2.321621965595475,4.895217391304348,,
,,00-0038611,0.04748982360922659,RB,4.211111111111112,RB,0.05714285714285714,37.900000000000006,,,-0.0016069788797061523,1.0,0.0033277870216306157,0.34285714285714286,,,WAS,2023,0.0038667953166516165,24.0,False,,,0.1176923076923077,9,RB,6.083333333333334,True,True,False,False,False,,,,,,,
0.11777777777777779,,00-0038611,0.18989547038327526,RB,7.666666666666667,RB,0.03669724770642202,92.0,4.211111111111112,,0.004266666666666667,1.0,0.009259259259259259,0.27522935779816515,,,WAS,2025,0.016875555555555553,26.0,True,4.5,,0.3123076923076923,12,RB,,False,,True,True,True,,,,,,0.6951454109714896,31.25
,,00-0038612,0.31755725190839695,WR,7.575,WR,0.08653846153846154,60.6,,,0.06061232933388498,0.8,0.03125,1.1826923076923077,,,NO,2023,0.08930363053371948,24.0,False,,,0.53,8,WR,,False,False,False,False,False,,,,,,,
,,00-0038618,0.2620689655172414,WR,1.9142857142857144,WR,0.12105263157894737,26.8,,,0.03821303304412036,0.7,0.03801652892561983,0.5210526315789473,,,HOU,2023,0.083773916519314,23.0,False,,,0.28,14,WR,4.235069444444445,True,True,False,False,False,,,,,,,
0.47388888888888886,,00-0038618,0.6490514905149052,WR,6.138888888888889,WR,0.1544885177453027,110.5,1.9142857142857144,,0.14025777103866566,0.9,0.11746031746031746,1.0292275574112735,,,HOU,2025,0.27437091591754215,25.0,False,2.33125,,0.5931578947368421,18,WR,,False,,True,True,True,,,,3.045248814335496,5.5209090909090905,,
,,00-0038619,0.21839080459770116,WR,4.6000000000000005,WR,0.16447368421052633,50.6,,,0.05754817987152034,0.8,0.04222972972972973,0.7631578947368421,,,CIN,2023,0.10362832050465884,24.0,False,,,0.259375,11,WR,6.523137254901961,True,True,False,False,False,,,,,,,
0.7841176470588236,,00-0038619,0.7982708933717579,WR,5.993333333333334,WR,0.10469314079422383,89.9,4.6000000000000005,,0.13286559964919975,1.0,0.09555189456342669,0.7851985559566786,,,CIN,2025,0.23633376159957986,26.0,False,7.052941176470589,,0.7617647058823529,15,WR,,False,,True,True,True,,,,2.4575159979854915,5.5512727272727265,,
,,00-0038621,0.5254777070063694,WR,7.6571428571428575,WR,0.23939393939393938,107.2,,,0.16204051012753187,0.7,0.14602587800369685,1.7,,,NE,2023,0.3324671740948176,23.0,False,,,0.5707142857142857,14,WR,7.570625000000001,True,True,False,False,False,,,,3.0733747606638384,6.782602739726027,,
0.6264705882352941,,00-0038621,0.37792207792207794,WR,5.91,WR,0.19931271477663232,118.2,7.6571428571428575,,0.095025053686471,0.9,0.09731543624161074,1.824742268041237,,,NE,2025,0.2124906919429458,25.0,False,9.231250000000001,,0.2661904761904762,20,WR,,False,,True,True,True,,,,3.9365696410625532,6.599512195121952,,
,,00-0038622,0.038461538461538464,RB,2.5,RB,0.2413793103448276,15.0,,,-0.0011489850631941786,0.825,0.010558069381598794,1.3793103448275863,,,DAL,2023,0.015032814528162264,22.0,False,,,0.12571428571428572,6,RB,2.3600000000000003,True,True,False,False,False,,,,,,,
,,00-0038632,0.027586206896551724,WR,0.325,WR,0.125,1.3,,,0.008865248226950355,0.8,0.0041928721174004195,0.1875,,,TEN,2023,0.012494981934965878,24.0,False,,,0.088,4,WR,,False,False,False,False,False,,,,,,,
0.3828571428571429,,00-0038640,0.09879839786381843,WR,1.6200000000000003,WR,0.08108108108108109,8.100000000000001,,,0.015280898876404495,0.9,0.009724473257698542,0.6891891891891891,,,ARI,2025,0.025283339100030958,25.0,False,2.975,,0.3,5,WR,,False,,True,False,True,,,,,,,
0.037,,00-0038643,0.0084985835694051,TE,0.0,TE,0.16666666666666666,0.0,,,0.00045045045045045046,0.9,0.0017452006980802793,0.0,,,SF,2025,0.002933116362435734,26.0,False,0.0,,0.02428571428571429,6,TE,,False,,True,False,True,1.0,,,,,,
,,00-0038647,0.11578947368421053,WR,2.3692307692307693,WR,0.16883116883116883,30.8,,,0.03491162993672267,0.7,0.02355072463768116,0.8831168831168831,,,SF,2023,0.059764227912227616,23.0,False,,,0.16588235294117645,13,WR,1.05,True,True,False,False,False,,,,,,,
,,00-0038667,0.07605633802816901,WR,1.7000000000000002,WR,0.07407407407407407,6.800000000000001,,,0.00672782874617737,0.9,0.006589785831960461,0.7037037037037037,,,JAX,2023,0.014594158870264853,25.0,False,,,0.19,4,WR,,False,False,False,False,False,,,,,,,
,,00-0038679,0.33431516936671574,WR,3.991666666666667,WR,0.11013215859030837,47.900000000000006,,,0.07750060547348026,1.0,0.045207956600361664,1.1409691629955947,,,BUF,2025,0.12206235873197867,26.0,False,,,0.40388888888888885,12,WR,,False,,False,False,False,,,,,,,
,,00-0038685,0.006069802731411229,RB,2.6500000000000004,RB,0.0,10.600000000000001,,,0.0,1.0,0.0,0.0,,,MIA,2023,0.0,23.0,False,,,,4,RB,2.8902777777777775,True,True,False,False,False,,,,,,,
,,00-0038685,0.24875621890547264,RB,2.022222222222222,RB,0.12,36.4,2.6500000000000004,,0.002221728504776716,1.0,0.03621730382293763,0.68,,,GB,2025,0.055881165687750145,25.0,False,3.7583333333333333,,0.20444444444444446,18,RB,,False,,True,True,False,,,,,,,
,,00-0038705,0.32653061224489793,RB,6.663636363636363,RB,0.14423076923076922,73.3,,,0.006847577986304844,1.0,0.05555555555555555,0.5721153846153846,,,ARI,2023,0.08812663792374673,24.0,False,,,0.3085714285714286,11,RB,4.533012820512821,True,True,False,False,False,,,,,,,
0.2030769230769231,,00-0038705,0.1882510013351135,RB,4.858333333333333,RB,0.14184397163120568,58.3,6.663636363636363,,0.002696629213483146,1.0,0.03241491085899514,0.7163120567375887,,,ARI,2025,0.05051000673793091,26.0,False,4.207692307692308,,0.2323076923076923,12,RB,,False,,True,True,True,,,,,,,
,,00-0038710,0.18351477449455678,TE,0.26666666666666666,TE,0.05084745762711865,2.4,,,0.011977715877437326,0.8,0.011516314779270634,0.03389830508474576,,,CLE,2025,0.025658873283112078,25.0,False,2.442857142857143,,0.23705882352941177,9,TE,,False,,True,False,False,0.0,,,,,,
,,00-0038720,0.22610015174506828,TE,0.8800000000000001,TE,0.06040268456375839,8.8,,,0.006398940864960283,0.6,0.01576182136602452,0.3221476510067114,,,MIA,2023,0.028121990654508974,23.0,False,,,0.341875,10,TE,2.1948051948051948,True,True,False,False,False,0.0,,,,,,
0.47875,,00-0038720,0.3532710280373832,TE,2.8181818181818183,TE,0.10582010582010581,31.0,0.8800000000000001,,0.020251610923596196,0.8,0.04434589800443459,0.7407407407407407,,,MIA,2025,0.08069497465316923,25.0,False,1.5714285714285714,,0.55,11,TE,,False,,True,True,True,0.0,,,,,,
,,00-0038738,0.05702917771883289,RB,1.27,RB,0.09302325581395349,12.7,,,-0.00038299502106472615,1.0,0.006033182503770739,0.4186046511627907,,,DAL,2023,0.008781677240910802,23.0,False,,,0.12055555555555555,10,RB,2.282142857142857,True,True,False,False,False,,,,,,,
0.3025,,00-0038738,0.17467248908296942,RB,2.642857142857143,FB,0.125,37.0,1.27,,-0.0006091370558375635,1.0,0.02471169686985173,0.9083333333333333,,,DAL,2025,0.03664114936569131,25.0,False,1.9214285714285715,,0.21058823529411766,14,RB,,False,,True,True,True,,,,,,,
,,00-0038752,0.23630672926447574,WR,4.064285714285715,WR,0.16556291390728478,56.900000000000006,,,0.03723932472691162,0.9,0.04570383912248629,1.2980132450331126,,,SEA,2023,0.09462328599256756,25.0,False,,,0.28470588235294114,14,WR,2.19375,True,True,False,False,False,,,,,,,
0.2923529411764706,,00-0038752,0.09470304975922954,WR,1.9125,WR,0.0847457627118644,15.3,4.064285714285715,,0.008068130883012102,1.0,0.009242144177449169,0.8983050847457628,,,SEA,2025,0.019510907884282225,27.0,False,2.475,,0.18071428571428574,8,WR,,False,,True,True,True,,,,,,,
,,00-0038783,0.051070840197693576,TE,1.24,TE,0.16129032258064516,6.2,,,-0.0014714537963507945,0.7,0.010548523206751054,0.7096774193548387,,,DEN,2023,0.014792767152681028,24.0,False,,,0.1,5,TE,2.7285714285714286,True,True,False,False,False,0.0,,,,,,
0.3688888888888889,,00-0038783,0.1258191349934469,TE,2.5571428571428574,TE,0.125,17.900000000000002,1.24,,0.007439553626782393,0.9,0.018691588785046728,0.5104166666666666,,,DEN,2025,0.033245070716317764,26.0,False,2.9,,0.3318181818181818,7,TE,,False,,True,True,True,0.0,,,,,,
,,00-0038794,0.16639209225700163,RB,6.235294117647059,RB,0.3564356435643564,106.0,,,-0.04120070629782225,1.0,0.0759493670886076,1.5841584158415842,,,DEN,2023,0.08508355622443581,23.0,True,,,0.18588235294117647,17,RB,4.672352941176471,True,True,False,False,False,,,,,,,
0.27647058823529413,,00-0038794,0.057667103538663174,RB,3.5799999999999996,RB,0.20454545454545456,35.8,6.235294117647059,,-0.005992973754908039,1.0,0.014018691588785047,0.6590909090909091,,,DEN,2025,0.016832955754741943,25.0,True,5.764705882352942,,0.159,10,RB,,False,,True,True,True,,,,,,,
,,00-0038797,0.031654676258992806,RB,2.9285714285714284,RB,0.2727272727272727,20.5,,,-0.0017251293847038527,1.0,0.00975609756097561,1.5454545454545454,,,GB,2023,0.013426555772170716,24.0,False,,,0.09666666666666668,7,RB,5.408333333333334,True,True,False,False,False,,,,,,,
0.23055555555555557,,00-0038797,0.29519071310116085,RB,5.2666666666666675,RB,0.09550561797752809,94.80000000000001,2.9285714285714284,,-0.007109531215285492,1.0,0.03420523138832998,0.5561797752808989,,,GB,2025,0.04633117523179513,26.0,True,5.550000000000001,,0.3038888888888889,18,RB,,False,,True,True,True,,,,,,-0.21382300617226882,28.000000000000004
,,00-0038809,0.10359712230215827,TE,1.9285714285714286,TE,0.09722222222222222,13.5,,,0.006133793367835921,0.6,0.011382113821138212,0.3472222222222222,,,GB,2023,0.021366826089192464,23.0,False,,,0.1731578947368421,7,TE,2.0500000000000003,True,True,False,False,False,0.0,,,,,,
,,00-0038821,0.06967213114754098,WR,1.4285714285714286,WR,0.17647058823529413,10.0,,,0.02660172349194455,0.6,0.014423076923076924,1.1764705882352942,,,TB,2023,0.040255821828976565,22.0,False,,,0.174,7,WR,2.6750000000000003,True,True,False,False,False,,,,,,,
,,00-0038824,0.04961240310077519,WR,1.2666666666666666,WR,0.125,11.4,,,0.01614391143911439,0.9,0.007407407407407408,1.0625,,,TB,2025,0.022411849118491187,25.0,False,3.6799999999999997,,0.1453846153846154,9,WR,,False,,True,False,False,,,,,,,
,,00-0038839,0.2132564841498559,WR,3.95,WR,0.16216216216216217,31.6,,,0.07761455821091866,1.0,0.039538714991762765,0.7837837837837838,,,CIN,2025,0.11363826323528721,26.0,False,,,0.24647058823529414,8,WR,,False,,False,False,False,,,,,,,
,,00-0038840,0.18225039619651348,WR,1.875,WR,0.16521739130434782,30.0,,,0.044531032563317564,1.0,0.0367504835589942,1.391304347826087,,,CAR,2025,0.08629744813281359,26.0,False,,,0.2435294117647059,16,WR,,False,,False,False,False,,,,,,,
,,00-0038896,,RB,0.1,RB,,1.1,,,0.0,1.0,0.0,,,,DET,2025,0.0,25.0,False,,,0.008125,11,RB,,False,,False,False,False,,,,,,,
,,00-0038933,0.7129251700680272,TE,9.705555555555556,TE,0.1946564885496183,174.70000000000002,,,0.1245593419506463,0.7,0.16666666666666666,1.4828244274809161,,,BUF,2023,0.33719153936545243,24.0,False,,,0.6283333333333334,18,TE,9.209375000000001,True,True,False,False,False,0.0,,,3.8297439689369206,6.065569620253164,,
0.546875,,00-0038933,0.37702503681885124,TE,11.3,TE,0.234375,158.20000000000002,9.705555555555556,,0.13562605957859045,0.9,0.10849909584086799,2.6640625,,,BUF,2025,0.2576868854663153,26.0,False,7.11875,,0.3871428571428571,14,TE,,False,,True,True,True,0.0,,,3.4208099131570937,5.967631578947369,,
,,00-0038935,0.1619718309859155,TE,2.071428571428571,TE,0.0782608695652174,14.499999999999998,,,0.013863404689092763,0.6,0.014827018121911038,0.30434782608695654,,,JAX,2023,0.03194491046523149,23.0,False,,,0.32142857142857145,7,TE,7.9035714285714285,True,True,False,False,False,0.0,,,,,,
0.5423529411764706,,00-0038935,0.5498533724340176,TE,9.3,TE,0.17333333333333334,120.9,2.071428571428571,,0.09715590616566327,0.8,0.12218045112781954,1.464,,,JAX,2025,0.2512798110076936,25.0,False,6.507142857142857,,0.7584615384615384,13,TE,,False,,True,True,True,0.0,,,3.9054740162817443,6.4605999999999995,,
,,00-0038938,0.5756676557863502,WR,4.638461538461538,WR,0.10309278350515463,60.3,,,0.23354623715634545,0.6,0.08264462809917356,0.961340206185567,,,NYG,2023,0.28744930815820213,22.0,False,,,0.5029411764705882,13,WR,1.4183333333333334,True,True,False,False,False,,,,,,,
0.315,,00-0038938,0.1751592356687898,WR,1.4166666666666667,WR,0.12727272727272726,8.5,4.638461538461538,,0.06493506493506493,0.8,0.027833001988071572,0.3181818181818182,,,NYG,2025,0.0872040484366528,24.0,False,1.42,,0.29375,6,WR,,False,,True,True,True,,,,,,,
,,00-0038941,0.42673107890499196,WR,2.761538461538462,WR,0.12075471698113208,35.900000000000006,,,0.10635240011497557,0.6,0.06794055201698514,0.6339622641509434,,,CHI,2023,0.17635750810596063,22.0,False,,,0.38,13,WR,0.375,True,True,False,False,False,,,,,,,
0.08722222222222223,,00-0038951,0.11007751937984496,RB,5.376470588235295,RB,0.15492957746478872,91.4,,,-0.0023062730627306273,1.0,0.020370370370370372,0.4788732394366197,,,TB,2025,0.02894116441164412,24.0,False,4.041176470588235,,0.15823529411764706,17,RB,,False,,True,False,True,,,,,,,
,,00-0038953,0.1273344651952462,WR,1.8666666666666665,WR,0.14666666666666667,11.2,,,0.020320344250537893,0.9,0.021235521235521235,0.56,,,ATL,2025,0.046077522828658374,25.0,False,,,0.21111111111111114,6,WR,,False,,False,False,False,,,,,,,
,,00-0038976,0.40197693574958815,WR,4.66875,WR,0.13524590163934427,74.7,,,0.14626250735726898,0.5,0.06962025316455696,1.5450819672131149,,,DEN,2023,0.20681413489692374,21.0,False,,,0.376875,16,WR,7.468300653594771,True,True,False,False,False,,,,,,,
0.29277777777777775,,00-0038976,0.4416775884665793,WR,7.5588235294117645,WR,0.19287833827893175,128.5,4.66875,,0.12419921471378384,0.7,0.10124610591900311,1.4154302670623145,,,DEN,2025,0.23880860917815333,23.0,False,7.377777777777778,,0.4023529411764706,17,WR,,False,,True,True,True,,,,4.528699894119983,7.816410256410257,,
,,00-0038977,0.44551724137931037,WR,16.5,WR,0.23219814241486067,165.0,,,0.1975263060734724,0.8,0.12396694214876033,2.195046439628483,,,HOU,2023,0.3242188274745712,24.0,False,,,0.6563636363636364,10,WR,10.0,True,True,False,False,False,,,,2.946577120404939,6.899866666666667,,
,,00-0038979,0.4867021276595745,WR,4.0181818181818185,WR,0.12021857923497267,44.2,,,0.08755846585594013,0.7,0.06875,0.6120218579234973,,,CLE,2023,0.1644159260991581,23.0,False,,,0.61,11,WR,6.966666666666667,True,True,False,False,False,,,,,,,
0.5490909090909091,,00-0038979,0.4867807153965785,WR,5.0,WR,0.12460063897763578,60.0,4.0181818181818185,,0.12896935933147632,0.9,0.07485604606525911,0.8626198083067093,,,CLE,2025,0.20256262062992209,25.0,False,8.933333333333334,,0.6184615384615384,12,WR,,False,,True,True,True,,,,,,,
,,00-0038994,0.8525280898876404,WR,13.01764705882353,WR,0.17792421746293247,221.3,,,0.28039134054954207,0.5,0.18090452261306533,1.5008237232289952,,,MIN,2023,0.46763072230427744,21.0,False,,,0.8105882352941176,17,WR,11.65,True,True,False,False,False,,,,2.7593986201497493,6.434134615384616,,
0.82375,,00-0038994,0.7708333333333334,WR,9.65,WR,0.17792792792792791,135.1,13.01764705882353,,0.29081632653061223,0.7,0.16952789699570817,1.3738738738738738,,,MIN,2025,0.45786327406499083,23.0,False,13.65,,0.8514285714285714,14,WR,,False,,True,True,True,,,,2.867290530063287,7.27987012987013,,
,,00-0038996,0.5467625899280576,TE,5.74375,TE,0.12894736842105264,91.9,,,0.0348859497795668,0.6,0.07967479674796749,0.9973684210526316,,,GB,2023,0.14393235996764797,23.0,False,,,0.5931578947368421,16,TE,12.1,True,True,False,False,False,0.0,,,,,,
0.8638888888888889,,00-0038996,0.39303482587064675,TE,14.649999999999999,TE,0.18565400843881857,117.19999999999999,5.74375,,0.044656742946012,0.8,0.08853118712273642,2.0632911392405062,,,GB,2025,0.164056500746313,25.0,False,9.55,,0.86,8,TE,,False,,True,True,True,0.0,,,,,,
,,00-0038997,0.7484567901234568,WR,9.241176470588234,WR,0.2020618556701031,157.1,,,0.17227095516569202,0.6,0.1794871794871795,1.5896907216494844,,,IND,2023,0.38982043784675363,22.0,False,,,0.6752941176470588,17,WR,10.87857142857143,True,True,False,False,False,,,,3.252041622825177,6.089431818181819,,
0.6442857142857142,,00-0038997,0.5617792421746294,WR,8.65,WR,0.25806451612903225,138.4,9.241176470588234,,0.15422419845541774,0.8,0.166351606805293,1.6598240469208212,,,IND,2025,0.3574843491267319,24.0,False,13.107142857142858,,0.586875,16,WR,,False,,True,True,True,,,,2.6805034029614965,7.213918918918919,,
,,00-0039021,0.41223832528180354,RB,6.806666666666667,RB,0.15625,102.1,,,-0.009485484334578902,0.825,0.08492569002123142,0.81640625,,,CHI,2023,0.1207486959976419,22.0,False,,,0.3953333333333333,15,RB,3.1185897435897436,True,True,False,False,False,,,,,,,
0.2814285714285714,,00-0039021,0.0013422818791946308,RB,0.2833333333333334,RB,0.0,1.7000000000000002,6.806666666666667,,0.0,1.0,0.0,0.0,,,CHI,2025,0.0,24.0,False,5.953846153846154,,0.008571428571428572,6,RB,,False,,True,True,True,,,,,,,
,,00-0039032,0.653448275862069,RB,9.047058823529412,RB,0.18469656992084432,153.8,,,-0.0026595744680851063,0.825,0.14675052410901468,1.0158311345646438,,,TEN,2023,0.21826408403586245,22.0,True,,,0.5235294117647059,17,RB,9.02948717948718,True,True,False,False,False,,,,,,-0.14689076787716818,12.0
0.4275,,00-0039032,0.41294298921417566,RB,8.592307692307692,RB,0.1865671641791045,111.7,9.047058823529412,,-0.029321774604793474,1.0,0.0945179584120983,0.9850746268656716,,,TEN,2025,0.12125169539479201,24.0,True,9.466666666666667,,0.4592307692307692,13,RB,,False,,True,True,True,,,,,,,
,,00-0039040,0.2822458270106222,RB,16.391666666666666,RB,0.23118279569892472,196.7,,,0.00353045013239188,0.825,0.07530647985989491,1.1720430107526882,,,MIA,2023,0.11543103488251669,22.0,True,,,0.4275,12,RB,18.908088235294116,True,True,False,False,False,,,,,,2.8725543338099215,11.650485436893204
0.6241176470588234,,00-0039040,0.7345794392523365,RB,20.175,RB,0.21628498727735368,322.8,16.391666666666666,,0.010739490641301013,1.0,0.188470066518847,1.2417302798982188,,,MIA,2025,0.2902227432271812,24.0,True,17.641176470588235,,0.75375,16,RB,,False,,True,True,True,,,,,,1.029728816304663,23.10924369747899
,,00-0039041,0.14285714285714285,TE,3.3,TE,0.2087912087912088,36.3,,,0.032462591935074815,0.6,0.03518518518518519,1.7912087912087913,,,ARI,2023,0.07550159213233015,23.0,False,,,0.2581818181818182,11,TE,3.348823529411765,True,True,False,False,False,0.0,,,,,,
0.3805882352941176,,00-0039041,0.411214953271028,TE,3.4176470588235297,TE,0.12012987012987013,58.1,3.3,,0.03325842696629214,0.8,0.059967585089141004,0.9772727272727273,,,ARI,2025,0.113232276510116,25.0,False,3.2800000000000002,,0.4252941176470588,17,TE,,False,,True,True,True,0.0,,,,,,
,,00-0039050,0.10655737704918032,TE,1.7,TE,0.10256410256410256,13.6,,,0.01423754215061821,0.6,0.01282051282051282,0.9743589743589743,,,TB,2023,0.029197048736201978,23.0,False,,,0.15333333333333332,8,TE,2.2875,True,True,False,False,False,0.0,,,,,,
0.39176470588235296,,00-0039050,0.16279069767441862,TE,0.2625,TE,0.0380952380952381,2.1,1.7,,0.0036900369003690036,0.8,0.007407407407407408,0.10476190476190476,,,TB,2025,0.013694136941369414,25.0,False,4.3125,,0.31764705882352945,8,TE,,False,,True,True,True,0.0,,,,,,
,,00-0039052,0.6885245901639344,WR,6.021052631578947,WR,0.14285714285714285,114.4,,,0.1449981266391907,0.6,0.11538461538461539,0.9384920634920635,,,TB,2023,0.27457561172435657,22.0,False,,,0.633157894736842,19,WR,2.3466666666666667,True,True,False,False,False,,,,3.070626674677751,6.416212121212121,,
,,00-0039062,0.7953216374269005,WR,5.653333333333333,WR,0.15625,84.8,,,0.22628992628992628,0.6,0.15917602996254682,0.7683823529411765,,,CAR,2023,0.39716699334676864,22.0,False,,,0.8973333333333334,15,WR,1.5,True,True,False,False,False,,,,2.76853596969463,6.17345238095238,,
0.42411764705882354,,00-0039062,0.05967976710334789,WR,0.7,WR,0.12195121951219512,3.5,5.653333333333333,,0.019695431472081217,0.8,0.008237232289950576,0.6097560975609756,,,DAL,2025,0.026142650465382715,24.0,False,2.3000000000000003,,0.20666666666666667,5,WR,,False,,True,True,True,,,,,,,
,,00-0039064,0.8627737226277372,WR,13.077777777777778,WR,0.20473773265651438,235.4,,,0.23158126237079393,0.7,0.2278719397363465,1.715736040609137,,,BAL,2023,0.5039147932640755,23.0,False,,,0.8450000000000001,18,WR,13.31764705882353,True,True,False,False,False,,,,3.6810160964910574,7.666698113207548,,
0.7464705882352941,,00-0039064,0.950592885375494,WR,14.311764705882354,WR,0.24532224532224534,243.3,13.077777777777778,,0.3566350710900474,0.9,0.28992628992628994,2.5176715176715176,,,BAL,2025,0.6845339846524681,25.0,False,12.323529411764707,,0.8647058823529411,17,WR,,False,,True,True,True,,,,3.579677557341893,6.454454545454546,,
,,00-0039065,0.8645833333333334,TE,14.194999999999999,TE,0.2213855421686747,283.9,,,0.21413590604026847,0.5,0.2168141592920354,1.6039156626506024,,,DET,2023,0.475116373166241,22.0,False,,,0.8300000000000001,20,TE,11.577124183006536,True,True,False,False,False,0.0,,,3.3862175699388692,5.842929292929293,,
0.8558823529411765,,00-0039065,0.43929712460063897,TE,11.877777777777778,TE,0.1781818181818182,106.9,14.194999999999999,,0.07541519194119249,0.7,0.0890909090909091,1.778181818181818,,,DET,2025,0.18642699799519838,24.0,False,11.276470588235293,,0.9066666666666667,9,TE,,False,,True,True,True,0.0,,,3.3747942463098943,6.365806451612903,,
,,00-0039066,0.5411184210526315,TE,5.492307692307692,TE,0.12158054711246201,71.4,,,0.053880845003560406,0.5,0.07532956685499058,0.9240121580547113,,,LV,2023,0.15071094178497815,22.0,False,,,0.71,13,TE,4.502097902097902,True,True,False,False,False,0.0,,,,,,
0.63,,00-0039066,0.4311774461028192,TE,5.676923076923076,TE,0.19230769230769232,73.8,5.492307692307692,,0.07507037847982484,0.7,0.10141987829614604,1.2615384615384615,,,LV,2025,0.20467908238009644,24.0,False,3.3272727272727276,,0.6176923076923077,13,TE,,False,,True,True,True,0.0,,,3.4526623761818023,5.92,,
,,00-0039067,0.6119909502262444,WR,13.559999999999999,WR,0.24953789279112754,271.2,,,0.12766839378238343,0.7,0.18467852257181944,2.2181146025878005,,,KC,2023,0.36638565950539753,23.0,False,,,0.6255,20,WR,17.49375,True,True,False,False,False,,,,4.154307669667891,6.355957446808511,,
0.6025,,00-0039067,0.38583815028901736,WR,18.7625,WR,0.29213483146067415,150.1,13.559999999999999,,0.07864122847836202,0.9,0.14207650273224043,2.1385767790262173,,,KC,2025,0.26816361403321404,25.0,False,16.225,,0.74875,8,WR,,False,,True,True,True,,,,3.5954414569478743,6.310588235294117,,
,,00-0039074,0.14684287812041116,TE,3.7875,TE,0.13,30.3,,,0.007069408740359897,0.5,0.022071307300509338,1.23,,,LA,2023,0.038055547069015934,22.0,False,,,0.190625,8,TE,3.2308333333333334,True,True,False,False,False,0.0,,,,,,
0.3070588235294118,,00-0039074,0.3562913907284768,TE,4.1866666666666665,TE,0.12267657992565056,62.800000000000004,3.7875,,0.019327980969372584,0.7,0.047345767575322814,0.7732342007434945,,,LA,2025,0.08454823804154502,24.0,False,2.2750000000000004,,0.48599999999999993,15,TE,,False,,True,True,True,0.0,,,,,,
,,00-0039075,0.9060205580029369,WR,18.41111111111111,WR,0.2755267423014587,331.40000000000003,,,0.3318337617823479,0.6,0.28862478777589134,2.701782820097245,,,LA,2023,0.6652208149114806,22.0,False,,,0.8705555555555555,18,WR,20.848987854251014,True,True,False,False,False,,,,2.890085917127662,5.996315789473686,,
0.7238461538461538,,00-0039075,0.7708609271523179,WR,23.821052631578947,WR,0.35738831615120276,452.6,18.41111111111111,,0.3123699078203985,0.8,0.2984218077474892,3.5171821305841924,,,LA,2025,0.6662916470955128,24.0,False,17.876923076923077,,0.7052631578947368,19,WR,,False,,True,True,True,,,,2.879876071026951,6.020314465408805,,
,,00-0039136,0.005873715124816446,RB,0.47500000000000003,RB,0.0,1.9000000000000001,,,0.0,0.825,0.0,0.0,,,LA,2023,0.0,22.0,False,,,0.025,4,RB,,False,False,False,False,False,,,,,,,
,,00-0039139,0.5442708333333334,RB,16.272222222222226,RB,0.20334928229665072,292.90000000000003,,,0.0025167785234899327,0.65,0.12536873156342182,0.9808612440191388,,,DET,2023,0.1898148423115757,21.0,True,,,0.5361111111111111,18,RB,21.857843137254903,True,True,False,False,False,,,,,,0.3974964610155695,15.934065934065933
0.5638888888888889,,00-0039139,0.7060702875399361,RB,21.582352941176474,RB,0.21266968325791855,366.90000000000003,16.272222222222226,,0.014701878573373264,1.0,0.1709090909090909,1.3936651583710407,,,DET,2025,0.2666549513649976,23.0,True,22.133333333333333,,0.67,17,RB,,False,,True,True,True,,,,,,0.6954542104258375,21.810699588477366
,,00-0039144,0.460431654676259,TE,7.2153846153846155,TE,0.165625,93.8,,,0.07724746022618363,0.6,0.08617886178861789,1.30625,,,GB,2023,0.18334151484125538,23.0,False,,,0.5946153846153847,13,TE,2.6464285714285714,True,True,False,False,False,0.0,,,4.323183076949761,5.604285714285714,,
0.2975,,00-0039144,0.4361525704809287,TE,3.65,TE,0.12547528517110265,51.1,7.2153846153846155,,0.06487447233948011,0.8,0.06639839034205232,0.9923954372623575,,,GB,2025,0.14500971615071456,25.0,False,1.6428571428571428,,0.4227777777777778,14,TE,,False,,True,True,True,0.0,,,,,,
,,00-0039146,0.6187050359712231,WR,12.533333333333333,WR,0.23488372093023255,225.6,,,0.19378953421506612,0.7,0.16422764227642275,1.9255813953488372,,,GB,2023,0.3819941373651804,23.0,False,,,0.5588888888888889,18,WR,11.061111111111114,True,True,False,False,False,,,,3.444667961961241,6.5816470588235285,,
0.6272222222222221,,00-0039146,0.24543946932006633,WR,10.700000000000001,WR,0.19594594594594594,64.2,12.533333333333333,,0.06043101532992668,0.9,0.05835010060362173,1.6891891891891893,,,GB,2025,0.12982686163638127,25.0,False,11.422222222222224,,0.445,6,WR,,False,,True,True,True,,,,,,,
,-1.4098406276282143,00-0039150,0.9078947368421053,QB_pocket,9.77375,QB,0.0,156.38,,-0.2005736978677199,0.0,0.543,0.0,0.0,-0.2804916799783361,589.0,CAR,2023,0.0,22.0,False,,589.0,0.998125,16,QB,13.994411764705884,True,True,False,False,False,,-1.574165521426373,2.900344106463878,,,,
0.8671428571428572,0.46527160180581584,00-0039150,0.9270998415213946,QB_pocket,14.058823529411764,QB,0.0,239.0,9.77375,-0.03672132367405095,0.0,0.657,0.0,0.0,-0.05445305497066914,548.0,CAR,2025,0.0,24.0,False,13.930000000000001,548.0,0.9694117647058824,17,QB,,False,,True,True,True,,-0.2891631799163221,2.834361344537816,,,,
,-0.38261012389109683,00-0039152,0.506896551724138,QB_pocket,11.335555555555555,QB,0.0,102.02,,-0.03367140239783314,0.0,0.657,0.0,0.0,-0.04646224575165692,282.0,TEN,2023,0.0,24.0,False,,282.0,0.9122222222222223,9,QB,9.995,True,True,False,False,False,,-3.1809527580352324,2.845932806324111,,,,
,0.10196715593338013,00-0039163,0.8579310344827586,QB_pocket,18.05764705882353,QB,0.001607717041800643,306.98,,0.0758750684346229,-0.00018460402436773122,0.543,0.001652892561983471,0.0,0.10795595280974679,588.0,HOU,2023,0.0023501160259177946,22.0,False,,588.0,0.9788235294117648,17,QB,13.569144736842105,True,True,False,False,False,,0.9318001280895203,3.0369837728194717,,,,
0.9378947368421052,-1.6370263558551357,00-0039163,0.7601626016260162,QB_pocket,13.8825,QB,0.0,222.12,18.05764705882353,0.01593199574764879,0.0,0.657,0.0,0.0,0.029775821164591713,531.0,HOU,2025,0.0,24.0,False,13.255789473684212,531.0,0.923125,16,QB,,False,,True,True,True,,0.7664775413711737,2.8193928571428577,,,,
,-7.687461891292054,00-0039164,0.15432098765432098,QB_pocket,18.17,QB,0.0,72.68,,-0.010771826748461602,0.0,0.486,0.0,0.0,0.0175579413220208,93.0,IND,2023,0.0,21.0,False,,93.0,0.6525,4,QB,14.850909090909092,True,True,False,False,False,,,,,,,
,,00-0039165,0.5226917057902973,RB,6.63125,RB,0.11976047904191617,106.1,,,-0.010178748758689175,0.825,0.07312614259597806,0.625748502994012,,,SEA,2023,0.10256408976288468,22.0,True,,,0.486875,16,RB,10.891176470588235,True,True,False,False,False,,,,,,0.17666671853818064,13.88888888888889
0.5270588235294118,,00-0039165,0.420545746388443,RB,10.788235294117648,RB,0.0916030534351145,183.4,6.63125,,0.008964589870013447,1.0,0.04436229205175601,0.549618320610687,,,SEA,2025,0.07281865098664342,24.0,True,10.994117647058824,,0.4641176470588235,17,RB,,False,,True,True,True,,,,,,0.32951856035190774,35.32608695652174
,,00-0039299,0.08025682182985554,RB,2.433333333333333,RB,0.14,29.2,,,0.002465262214253698,1.0,0.012939001848428836,0.98,,,SEA,2025,0.021134186322620846,26.0,False,,,0.09846153846153846,12,RB,,False,,False,False,False,,,,,,,
,,00-0039305,0.11038961038961038,TE,0.5599999999999999,FB,0.03529411764705882,2.8,,,0.0014316392269148174,0.9,0.0050335570469798654,0.09411764705882353,,,NE,2025,0.00855248302931017,26.0,False,,,0.2357142857142857,5,TE,,False,,False,False,False,0.0,,,,,,
0.906,,00-0039337,0.21337579617834396,WR,14.275,WR,0.26119402985074625,57.1,,,0.12871057513914658,0.6,0.06958250497017893,2.0223880597014925,,,NYG,2025,0.19447116005267098,22.0,False,18.240000000000002,,0.795,4,WR,,False,,True,False,True,,,,,,,
0.8494117647058823,,00-0039338,0.6865671641791045,TE,14.683333333333332,TE,0.20772946859903382,176.2,,,0.17516421645292463,0.6,0.1744421906693712,1.642512077294686,,,LV,2025,0.384278237521104,23.0,False,15.452941176470588,,0.8591666666666667,12,TE,,False,,True,False,True,0.0,,,3.0546378755299486,6.1466666666666665,,
0.698125,,00-0039342,0.6656101426307448,WR,5.6937500000000005,WR,0.1619047619047619,91.10000000000001,,,0.18842193153353742,0.8,0.13152804642166344,0.8833333333333333,,,CAR,2025,0.3291874217059714,24.0,False,8.34,,0.66125,16,WR,,False,,True,False,True,,,,2.599621613011183,6.7334482758620675,,
0.3355,,00-0039355,0.18466898954703834,WR,5.7,WR,0.14150943396226415,51.300000000000004,,,0.058133333333333335,0.8,0.034722222222222224,1.9150943396226414,,,WAS,2025,0.09277666666666667,24.0,False,2.32,,0.31666666666666665,9,WR,,False,,True,False,True,,,,,,,
0.56125,,00-0039356,0.38827258320126784,TE,4.5,TE,0.13877551020408163,54.0,,,0.0456443083774005,0.5,0.06576402321083172,0.7755102040816326,,,CAR,2025,0.13059705068042793,22.0,False,4.88,,0.48307692307692307,12,TE,,False,,True,False,True,0.0,,,,,,
0.409375,,00-0039359,0.16531165311653118,TE,3.1750000000000003,TE,0.1721311475409836,25.400000000000002,,,0.008529188779378317,0.8,0.03333333333333333,0.7459016393442623,,,HOU,2025,0.055970432145564825,25.0,False,2.74,,0.4690909090909091,8,TE,,False,,True,False,True,0.0,,,,,,
0.4577777777777778,,00-0039361,0.3302325581395349,RB,13.85,RB,0.1643192488262911,138.5,,,-0.012915129151291513,1.0,0.06481481481481481,1.300469483568075,,,TB,2025,0.08818163181631815,23.0,True,14.483333333333333,,0.616,10,RB,,False,,True,False,True,,,,,,-0.7414485800105641,17.341040462427745
0.229375,,00-0039363,,RB,0.0,RB,,0.0,,,0.0,1.0,0.0,,,,SF,2025,0.0,25.0,True,6.0125,,0.0,7,RB,,False,,True,False,True,,,,,,,
0.020588235294117647,,00-0039364,,RB,0.05,RB,,0.4,,,0.0,1.0,0.0,,,,DET,2025,0.0,24.0,False,0.8999999999999999,,0.0009090909090909091,8,RB,,False,,True,False,True,,,,,,,
0.16615384615384615,,00-0039373,0.16986706056129985,RB,9.620000000000001,RB,0.11304347826086956,48.1,,,-0.00042753313381787086,0.825,0.023008849557522124,0.8956521739130435,,,NO,2025,0.034214001142610674,22.0,False,3.746153846153846,,0.39285714285714285,5,RB,,False,,True,False,True,,,,,,,
0.8814285714285715,2.356776996534698,00-0039376,0.4327917282127031,QB_pocket,11.015555555555556,QB,0.006825938566552901,99.14,,-0.08522679913795009,0.0008550662676357417,0.714,0.0035398230088495575,0.0,-0.13185304303936313,272.0,NO,2025,0.005908280900619355,25.0,False,9.611428571428572,272.0,0.8166666666666667,9,QB,,False,,True,False,True,,3.0485214007782275,2.6733582677165355,,,,
0.23000000000000004,,00-0039379,0.2115085536547434,WR,2.5875,WR,0.11029411764705882,20.7,,,0.02841225626740947,0.9,0.028790786948176585,0.7867647058823529,,,CLE,2025,0.06307475980945151,25.0,False,0.8666666666666667,,0.35111111111111115,8,WR,,False,,True,False,True,,,,,,,
0.5735294117647058,,00-0039384,0.5127388535031847,RB,10.72,RB,0.14906832298136646,160.8,,,0.004406307977736549,1.0,0.09542743538767395,0.8944099378881988,,,NYG,2025,0.1462255686659265,26.0,True,10.723529411764707,,0.5446666666666666,15,RB,,False,,True,False,True,,,,,,0.08838665737059126,17.045454545454543
0.277,,00-0039391,0.46776406035665297,RB,8.928571428571429,RB,0.07331378299120235,125.0,,,0.0032278889606197547,1.0,0.043936731107205626,0.4574780058651026,,,LAC,2025,0.06816461893324226,24.0,True,3.6333333333333337,,0.5721428571428572,14,RB,,False,,True,False,True,,,,,,0.4977269772275607,31.61290322580645
,,00-0039394,0.17147707979626486,WR,3.0800000000000005,WR,0.13861386138613863,15.400000000000002,,,0.06263447286636385,0.8,0.02702702702702703,0.9306930693069307,,,ATL,2025,0.08438467154699524,24.0,False,,,0.37,5,WR,,False,,False,False,False,,,,,,,
,1.60471278688182,00-0039398,0.039301310043668124,QB_pocket,2.58,QB,0.0,10.32,,0.023394248867149043,0.0,0.714,0.0,0.0,0.02654301500929083,24.0,DAL,2025,0.0,25.0,False,,24.0,0.21,4,QB,,False,,False,False,False,,,,,,,
,,00-0039405,0.04200542005420054,RB,7.425,RB,0.22580645161290322,29.7,,,-0.0011372251705837756,1.0,0.011111111111111112,1.096774193548387,,,HOU,2025,0.015870609047258025,26.0,False,,,0.3,4,RB,,False,,False,False,False,,,,,,,
0.004,,00-0039407,0.029850746268656716,RB,0.33529411764705885,RB,0.2222222222222222,5.7,,,-0.001876759461995621,1.0,0.008113590263691683,1.0,,,LV,2025,0.01085665377214059,26.0,False,-0.3333333333333333,,0.02882352941176471,17,RB,,False,,True,False,True,,,,,,,
0.2,,00-0039410,0.3988355167394469,WR,7.6,WR,0.20437956204379562,114.0,,,0.09461928934010153,1.0,0.09225700164744646,1.7335766423357664,,,DAL,2025,0.20461900500924077,26.0,False,2.0222222222222226,,0.4475,15,WR,,False,,True,False,True,,,,3.0408148337499634,6.304716981132075,,
0.5307142857142857,,00-0039424,0.3663220088626292,WR,7.366666666666666,WR,0.15725806451612903,66.3,,,0.09234715690466011,1.0,0.06902654867256637,1.1814516129032258,,,NO,2025,0.16818283284211163,28.0,False,7.607142857142857,,0.5015384615384616,9,WR,,False,,True,False,True,,,,,,,
,,00-0039451,0.35064935064935066,WR,4.046666666666667,WR,0.16666666666666666,60.7,,,0.03840100723953415,0.8,0.07792207792207792,0.8935185185185185,,,NYJ,2025,0.1437638219507908,24.0,False,0.325,,0.36133333333333334,15,WR,,False,,True,False,False,,,,,,,
,,00-0039458,0.07465007776049767,TE,1.7600000000000002,TE,0.10416666666666667,8.8,,,0.010863509749303621,0.9,0.009596928982725527,1.0,,,CLE,2025,0.021999850298600826,26.0,False,,,0.27,5,TE,,False,,False,False,False,0.0,,,,,,
,,00-0039491,0.5245641838351822,WR,9.9,WR,0.1661631419939577,118.8,,,0.16086835513498468,0.8,0.10638297872340426,1.595166163141994,,,CAR,2025,0.2721823166795957,24.0,False,8.414545454545454,,0.7091666666666666,12,WR,,False,,True,False,False,,,,,,,
,,00-0039521,0.2656875834445928,WR,1.9571428571428573,WR,0.06532663316582915,13.700000000000001,,,0.043146067415730335,0.9,0.02106969205834684,0.33668341708542715,,,ARI,2025,0.06180678527853149,25.0,False,,,0.41,7,WR,,False,,False,False,False,,,,,,,
,,00-0039530,0.14847161572052403,TE,1.5,TE,0.12745098039215685,24.0,,,0.021725888324873096,0.9,0.0214168039538715,0.8823529411764706,,,DAL,2025,0.04733332775821842,26.0,False,1.6181818181818182,,0.24882352941176467,16,TE,,False,,True,False,False,0.0,,,,,,
,,00-0039589,0.06666666666666667,WR,1.0411764705882351,WR,0.16279069767441862,17.7,,,0.02029520295202952,0.7,0.012962962962962963,1.4883720930232558,,,TB,2025,0.03365108651086511,23.0,False,0.275,,0.09705882352941175,17,WR,,False,,True,False,False,,,,,,,
,,00-0039603,0.017615176151761516,RB,0.8666666666666667,FB,0.0,7.800000000000001,,,0.0,1.0,0.0,0.0,,,HOU,2025,0.0,26.0,False,,,0.06058823529411765,9,RB,,False,,False,False,False,,,,,,,
,,00-0039623,0.26292466765140327,WR,2.5500000000000003,WR,0.09550561797752809,20.400000000000002,,,0.03185121846943138,0.9,0.03008849557522124,0.42696629213483145,,,NO,2025,0.06742859629143383,25.0,False,2.6555555555555554,,0.30214285714285716,8,WR,,False,,True,False,False,,,,,,,
,,00-0039648,0.053929121725731895,TE,1.1818181818181819,TE,0.17142857142857143,13.0,,,0.005864354920958694,0.9,0.011342155009451797,0.8571428571428571,,,TEN,2025,0.02111828095884878,26.0,False,0.4,,0.12705882352941178,11,TE,,False,,True,False,False,0.0,,,,,,
,,00-0039686,0.078397212543554,TE,0.38,TE,0.06666666666666667,3.8000000000000003,,,0.0048,0.8,0.006944444444444444,0.4,,,WAS,2025,0.013776666666666666,25.0,False,0.0,,0.12642857142857142,10,TE,,False,,True,False,False,0.0,,,,,,
0.9888888888888889,-1.4296785163879395,00-0039732,0.9515072083879423,QB_dual_threat,18.272222222222226,QB,0.0013774104683195593,328.90000000000003,,0.05853403267754631,0.0004133085348212441,0.9,0.001557632398753894,0.0,0.08974724032387162,684.0,DEN,2025,0.0026257645725057117,25.0,True,18.403333333333332,684.0,0.9966666666666667,18,QB,,False,,True,False,True,,-2.0674183006535927,2.8642340425531914,,,,
0.11176470588235295,,00-0039738,0.280794701986755,RB,7.140000000000001,RB,0.08962264150943396,142.8,,,0.005649717514124294,1.0,0.027259684361549498,0.3443396226415094,,,LA,2025,0.04484432880221126,25.0,True,2.2333333333333334,,0.3035,20,RB,,False,,True,False,True,,,,,,0.8542092107260623,21.379310344827587
,,00-0039739,0.24290220820189273,WR,4.288888888888889,WR,0.13636363636363635,38.6,,,0.08073447974351501,0.8,0.03832116788321168,1.077922077922078,,,PIT,2025,0.11399588764527802,24.0,False,,,0.33076923076923076,9,WR,,False,,False,False,False,,,,,,,
0.05500000000000001,,00-0039746,0.1498371335504886,RB,1.4066666666666667,RB,0.14130434782608695,21.1,,,-0.0008875083203905037,1.0,0.02610441767068273,0.6739130434782609,,,PHI,2025,0.038535370681750745,23.0,False,1.8375,,0.11937500000000001,15,RB,,False,,True,False,True,,,,,,,
0.2788235294117647,,00-0039751,0.33112582781456956,WR,2.458823529411765,WR,0.108,41.800000000000004,,,0.026613143027059173,0.9,0.03873744619799139,0.824,,,LA,2025,0.07673536941592851,25.0,False,3.41875,,0.3994736842105263,17,WR,,False,,True,False,True,,,,,,,
,,00-0039754,0.03875968992248062,TE,1.9,TE,0.04,7.6,,,0.0013837638376383763,0.8,0.001851851851851852,0.24,,,TB,2025,0.0037464124641246412,25.0,False,,,0.06461538461538462,4,TE,,False,,False,False,False,0.0,,,,,,
,,00-0039757,0.00909090909090909,RB,2.5333333333333337,RB,0.14285714285714285,15.200000000000001,,,0.00035790980672870435,1.0,0.0016778523489932886,1.2857142857142858,,,NE,2025,0.0027673153882000257,24.0,False,,,0.08285714285714287,6,RB,,False,,False,False,False,,,,,,,
,,00-0039792,0.12055335968379446,WR,4.7,WR,0.13114754098360656,37.6,,,0.058056872037914695,0.8,0.019656019656019656,2.2295081967213113,,,BAL,2025,0.07012383991056977,24.0,False,,,0.24666666666666667,8,WR,,False,,False,False,False,,,,,,,
0.4505882352941177,,00-0039793,0.8362760834670947,TE,8.31,TE,0.14395393474088292,166.20000000000002,,,0.07507844016136261,0.6,0.13863216266173753,1.1247600767754318,,,SEA,2025,0.26050315210556013,23.0,False,5.233333333333333,,0.7895,20,TE,,False,,True,False,True,1.0,,,4.103580064882184,4.621851851851852,,
0.26,,00-0039794,0.04220779220779221,RB,3.825,RB,0.11538461538461539,15.3,,,0.0025180988353792886,0.65,0.006493506493506494,0.6538461538461539,,,NYJ,2025,0.011502928925025241,21.0,False,5.011764705882353,,0.2325,4,RB,,False,,True,False,True,,,,,,,
0.07833333333333334,,00-0039796,0.18972332015810275,RB,1.6133333333333333,RB,0.11458333333333333,24.2,,,-0.0002962085308056872,1.0,0.02702702702702703,0.7083333333333334,,,BAL,2025,0.04033319456897656,24.0,False,0.62,,0.13,15,RB,,False,,True,False,True,,,,,,,
0.09999999999999999,,00-0039798,0.35714285714285715,RB,4.45,RB,0.12727272727272726,71.2,,,0.010072395341517154,1.0,0.06060606060606061,0.8454545454545455,,,NYJ,2025,0.09795976764815292,23.0,False,3.5307692307692307,,0.28,16,RB,,False,,True,False,True,,,,,,,
0.035,,00-0039816,0.04942339373970346,WR,0.23636363636363636,WR,0.06666666666666667,2.6,,,-0.000468055230517201,0.8,0.003780718336483932,0.2,,,IND,2025,0.005343438843363858,24.0,False,0.41250000000000003,,0.08727272727272727,11,WR,,False,,True,False,True,,,,,,,
0.8416666666666667,,00-0039847,0.7786624203821656,TE,8.52,TE,0.15132924335378323,127.8,,,0.14285714285714285,0.7,0.147117296222664,1.0797546012269938,,,NYG,2025,0.320675944333996,24.0,False,6.1909090909090905,,0.8673333333333333,15,TE,,False,,True,False,True,0.0,,,3.006633466327494,5.825573770491803,,
0.7858823529411765,,00-0039849,0.5126835781041389,WR,10.65,WR,0.19010416666666666,127.80000000000001,,,0.21258426966292135,0.7,0.11831442463533225,1.5833333333333333,,,ARI,2025,0.3262806257170433,23.0,False,11.558823529411764,,0.7125,12,WR,,False,,True,False,True,,,,2.419982614294804,4.941944444444444,,
0.8046153846153847,8.003999165490143,00-0039851,0.9844155844155844,QB_dual_threat,19.85142857142857,QB,0.002638522427440633,416.88,,0.14751670596977803,0.0007158196134574087,0.7,0.003355704697986577,0.002638522427440633,0.17643529781901088,682.0,NE,2025,0.0055346307764000515,23.0,True,13.626153846153844,682.0,0.9657142857142857,21,QB,,False,,True,False,True,,9.138516260162604,2.9734186991869915,,,,
0.7221428571428571,,00-0039855,0.12868217054263567,WR,7.475,WR,0.18072289156626506,29.9,,,0.04128228782287823,0.8,0.027777777777777776,2.144578313253012,,,TB,2025,0.07056426814268142,24.0,False,10.107142857142858,,0.515,4,WR,,False,,True,False,True,,,,,,,
0.3764705882352941,,00-0039868,0.6500655307994757,WR,10.41764705882353,WR,0.20967741935483872,177.1,,,0.2729902872494317,0.6,0.16199376947040497,1.4294354838709677,,,DEN,2025,0.43408385528020965,22.0,False,4.735294117647059,,0.5727777777777778,17,WR,,False,,True,False,True,,,,3.008025890829162,6.690531914893617,,
0.16999999999999998,,00-0039874,0.07476635514018691,RB,5.355555555555556,RB,0.225,48.2,,,-0.010432648051549556,0.825,0.019955654101995565,1.1,,,MIA,2025,0.022630627516908655,22.0,False,2.0538461538461537,,0.215,9,RB,,False,,True,False,True,,,,,,,
0.2225,,00-0039875,0.17525773195876287,RB,3.6526315789473687,RB,0.12605042016806722,69.4,,,-0.0016953257447323807,1.0,0.027124773960216998,1.0,,,BUF,2025,0.03950043291901283,26.0,True,6.285,,0.1631578947368421,19,RB,,False,,True,False,True,,,,,,,
0.4471428571428571,,00-0039880,0.6635514018691588,WR,6.864705882352942,WR,0.18309859154929578,116.7,,,0.10340595274624118,0.9,0.14412416851441243,0.8929577464788733,,,MIA,2025,0.28857041969398745,25.0,False,4.057142857142857,,0.57,17,WR,,False,,True,False,True,,,,3.6508982788645628,6.425272727272728,,
0.361764705882353,,00-0039890,0.5123558484349259,WR,5.49375,WR,0.2379421221864952,87.9,,,0.25789843201497775,0.7,0.13988657844990549,1.4565916398713827,,,IND,2025,0.39035877008534264,23.0,False,3.1623529411764704,,0.50625,16,WR,,False,,True,False,True,,,,2.7551420698697213,5.787567567567567,,
0.7935294117647059,,00-0039893,0.7331378299120235,WR,9.926666666666668,WR,0.186,148.9,,,0.27714345028025744,0.7,0.17481203007518797,1.456,,,JAX,2025,0.4562184603089622,23.0,False,16.705882352941178,,0.776,15,WR,,False,,True,False,True,,,,2.6550007311032955,5.523258426966292,,
0.6725,,00-0039894,0.6069364161849711,WR,7.8500000000000005,WR,0.1738095238095238,109.9,,,0.21963704048394603,0.6,0.13296903460837886,1.2666666666666666,,,KC,2025,0.3531994802513305,22.0,False,13.352631578947367,,0.7057142857142857,14,WR,,False,,True,False,True,,,,3.45903024945309,6.294428571428572,,
0.704375,,00-0039901,0.5301914580265096,WR,8.214285714285714,WR,0.175,115.0,,,0.1763138774521676,0.6,0.11392405063291139,1.25,,,BUF,2025,0.2943057901658844,22.0,False,7.41875,,0.624,14,WR,,False,,True,False,True,,,,2.7758866249426752,5.7076271186440675,,
0.9199999999999999,-2.7290871259809912,00-0039910,0.4268292682926829,QB_dual_threat,16.325714285714287,QB,0.0,114.28,,-0.024723405958560044,0.0,0.9,0.0,0.0,-0.023623063686595818,205.0,WAS,2025,0.0,25.0,True,21.41,205.0,0.9028571428571429,7,QB,,False,,True,False,True,,-3.332180851063825,2.7942795698924736,,,,
0.23399999999999999,,00-0039912,0.20557491289198607,TE,3.1555555555555554,TE,0.11016949152542373,28.4,,,0.028266666666666666,0.6,0.03009259259259259,0.9661016949152542,,,WAS,2025,0.06492555555555556,23.0,False,2.1375,,0.360625,9,TE,,False,,True,False,True,0.0,,,,,,
0.7411764705882353,,00-0039915,0.831275720164609,WR,11.005882352941176,WR,0.18151815181518152,187.1,,,0.23542070152786745,0.8,0.19332161687170474,1.3547854785478548,,,LAC,2025,0.45477691637706436,24.0,False,16.211764705882356,,0.7811764705882352,17,WR,,False,,True,False,True,,,,3.2648420915847893,5.795728155339806,,
0.67,,00-0039916,0.44192634560906513,WR,8.860000000000001,WR,0.1762820512820513,88.60000000000001,,,0.1713963963963964,0.9,0.09598603839441536,1.6923076923076923,,,SF,2025,0.26395653506910055,25.0,False,8.5,,0.773,10,WR,,False,,True,False,True,,,,2.3382271929190335,6.718627450980391,,
0.664,-3.6196675941799628,00-0039917,0.5144312393887945,QB_pocket,13.364444444444445,QB,0.0,120.28,,-0.01354872397809169,0.0,0.714,0.0,0.0,-0.003842458850788287,290.0,ATL,2025,0.0,25.0,False,8.82,290.0,0.9322222222222223,9,QB,,False,,True,False,True,,-3.197391304347832,2.790391304347826,,,,
0.9876470588235293,-4.002123195010598,00-0039918,0.9946308724832215,QB_dual_threat,18.810526315789474,QB,0.002699055330634278,357.40000000000003,,0.04533672923742811,-0.0005493499359091741,0.8,0.0032310177705977385,0.029689608636977057,0.08191871260351415,686.0,CHI,2025,0.004461981700760186,24.0,True,14.97294117647059,686.0,0.991578947368421,19,QB,,False,,True,False,True,,-6.874683098591532,3.195860424028269,,,,
0.8358823529411765,,00-0039919,0.6563758389261745,WR,11.35,WR,0.2085889570552147,158.9,,,0.2689983519501923,0.7,0.16478190630048464,1.5316973415132924,,,CHI,2025,0.4354717058158616,23.0,False,8.523529411764706,,0.8592857142857142,14,WR,,False,,True,False,True,,,,2.9815803100765113,6.439529411764706,,
0.15111111111111108,,00-0039920,0.1150855365474339,WR,2.6333333333333333,WR,0.1891891891891892,31.6,,,-0.0019498607242339832,0.7,0.026871401151631478,1.0675675675675675,,,CLE,2025,0.038942199220483434,23.0,False,1.04,,0.24923076923076926,12,WR,,False,,True,False,True,,,,,,,
0.16692307692307692,,00-0039921,0.1041388518024032,RB,8.850000000000001,RB,0.20512820512820512,35.400000000000006,,,-0.004943820224719101,1.0,0.02593192868719611,0.8205128205128205,,,ARI,2025,0.03543721887349079,23.0,False,3.9166666666666665,,0.48250000000000004,4,RB,,False,,True,False,True,,,,,,,
,-5.7238704704937815,00-0039923,0.5034722222222222,QB_pocket,12.538,QB,0.0,125.38,,-0.15590472624054214,0.0,0.543,0.0,0.0,-0.1981901640415154,273.0,MIN,2025,0.0,22.0,False,,273.0,0.916,10,QB,,False,,False,False,False,,-5.16325102880657,3.0184732510288064,,,,
,,00-0040009,0.06799336650082918,WR,2.1250000000000004,WR,0.24390243902439024,25.500000000000004,,,0.0037769384581204176,0.8,0.02012072434607646,1.9024390243902438,,,GB,2025,0.03282494343979898,24.0,False,,,0.11499999999999999,12,WR,,False,,False,False,False,,,,,,,
,,00-0040024,0.1791530944625407,WR,2.8714285714285714,WR,0.10909090909090909,20.1,,,0.02618149545151986,0.8,0.024096385542168676,0.9181818181818182,,,PHI,2025,0.054471625129316914,24.0,False,,,0.26071428571428573,7,WR,,False,,False,False,False,,,,,,,
,,00-0040058,0.038523274478330656,TE,0.0,TE,0.041666666666666664,0.0,,,0.0017929179740026895,0.7,0.0018484288354898336,0.0,,,SEA,2025,0.004027685835036633,24.0,False,,,0.21181818181818182,4,TE,,False,,False,False,False,0.0,,,,,,
,,00-0040075,0.0533596837944664,WR,0.0,WR,0.0,0.0,,,0.0,0.7,0.0,0.0,,,BAL,2025,0.0,23.0,False,,,0.061764705882352944,14,WR,,False,,False,False,False,,,,,,,
,,00-0040078,0.157514450867052,RB,3.7235294117647055,RB,0.3211009174311927,63.3,,,-0.013029315960912053,0.825,0.06375227686703097,1.5779816513761469,,,KC,2025,0.08650789412790802,22.0,False,,,0.16705882352941176,17,RB,,False,,False,False,False,,,,,,,
,,00-0040122,0.7330016583747927,RB,14.41764705882353,RB,0.16515837104072398,245.1,,,-0.03253049734125743,0.825,0.14807302231237324,0.7828054298642534,,,LV,2025,0.19933818532967965,22.0,True,,,0.7788235294117647,17,RB,,False,,False,False,False,,,,,,-0.1946568123100747,16.165413533834585
,,00-0040124,0.936608557844691,WR,12.583333333333334,WR,0.2182741116751269,226.5,,,0.419704981909268,0.6,0.2495164410058027,1.8527918781725887,,,CAR,2025,0.6680681488451916,22.0,False,,,0.8733333333333334,18,WR,,False,,False,False,False,,,,2.6936597695195412,5.724285714285715,,
,,00-0040126,0.6536912751677852,TE,11.022222222222222,TE,0.21971252566735114,198.4,,,0.19392052737593848,0.4,0.172859450726979,1.8603696098562628,,,CHI,2025,0.39503354525362544,21.0,False,,,0.6544444444444444,18,TE,,False,,False,False,False,0.0,,,3.6848323272703025,5.38375,,
,,00-0040128,0.8945634266886326,TE,11.088235294117647,TE,0.20626151012891344,188.5,,,0.1408846243856775,0.6,0.21172022684310018,1.5046040515653776,,,IND,2025,0.41619957733462454,23.0,False,,,0.8382352941176471,17,TE,,False,,False,False,False,0.0,,,3.3098936455412025,5.911954022988506,,
,,00-0040129,0.8310077519379845,WR,11.511764705882353,WR,0.23694029850746268,195.7,,,0.3625461254612546,0.7,0.2351851851851852,1.75,,,TB,2025,0.606560065600656,23.0,False,,,0.776470588235294,17,WR,,False,,False,False,False,,,,2.582663817611588,6.22984,,
,,00-0040130,0.5826558265582655,WR,7.805263157894737,WR,0.19069767441860466,148.3,,,0.19370735405610312,0.7,0.13015873015873017,1.4488372093023256,,,HOU,2025,0.33083324307736744,23.0,False,,,0.5826315789473684,19,WR,,False,,False,False,False,,,,2.698871699101625,5.7382089552238815,,
,,00-0040131,0.2909090909090909,WR,3.0941176470588236,WR,0.12053571428571429,52.6,,,0.09126700071581961,0.7,0.04530201342281879,0.9955357142857143,,,NE,2025,0.13183992063530192,23.0,False,,,0.3038095238095238,17,WR,,False,,False,False,False,,,,,,,
,,00-0040134,0.41546526867627787,WR,5.486666666666666,WR,0.167192429022082,82.3,,,0.08906798925397809,0.7,0.08255451713395638,1.2996845425867507,,,DEN,2025,0.18617936817871922,23.0,False,,,0.43235294117647055,15,WR,,False,,False,False,False,,,,2.4050974668202705,6.329583333333335,,
,,00-0040138,0.2845528455284553,WR,3.6,WR,0.1761904761904762,68.4,,,0.07069749810462471,0.7,0.05873015873015873,1.3904761904761904,,,HOU,2025,0.13758348676847537,23.0,False,,,0.24157894736842103,19,WR,,False,,False,False,False,,,,,,,
,,00-0040142,0.028391167192429023,RB,0.8800000000000001,RB,0.1111111111111111,8.8,,,-0.002331681725444477,0.825,0.0036496350364963502,0.5,,,PIT,2025,0.0038422753469333918,22.0,False,,,0.091,10,RB,,False,,False,False,False,,,,,,,
,,00-0040154,0.036458333333333336,WR,0.4583333333333333,WR,0.14285714285714285,5.5,,,0.002953813104189044,0.6,0.006437768240343348,1.1904761904761905,,,MIN,2025,0.011724321533447353,22.0,False,,,0.04411764705882353,12,WR,,False,,False,False,False,,,,,,,
,,00-0040162,0.24416796267496113,RB,5.840000000000001,RB,0.25477707006369427,87.60000000000001,,,-0.017270194986072424,0.65,0.07677543186180422,1.7261146496815287,,,CLE,2025,0.10307401130245562,21.0,False,,,0.26466666666666666,15,RB,,False,,False,False,False,,,,,,,
,,00-0040164,0.35714285714285715,WR,3.4133333333333336,WR,0.15609756097560976,51.2,,,0.11386666666666667,0.7,0.07407407407407407,1.0975609756097562,,,WAS,2025,0.19081777777777775,23.0,False,,,0.362,15,WR,,False,,False,False,False,,,,,,,
,,00-0040170,0.7765793528505393,WR,7.28125,WR,0.1765873015873016,116.5,,,0.2870984191738909,0.6,0.16824196597353497,1.0218253968253967,,,TEN,2025,0.45333184238202606,22.0,False,,,0.805625,16,WR,,False,,False,False,False,,,,2.6574799351235754,5.820843373493975,,
,,00-0040179,0.042833607907743,RB,1.9200000000000004,RB,0.07692307692307693,9.600000000000001,,,-0.001404165691551603,0.825,0.003780718336483932,0.0,,,IND,2025,0.004688161520639776,22.0,False,,,0.12000000000000001,5,RB,,False,,False,False,False,,,,,,,
,,00-0040184,0.10425240054869685,WR,1.61,WR,0.15789473684210525,16.1,,,0.04540563804605122,0.8,0.0210896309314587,0.6710526315789473,,,LAC,2025,0.0634183930294239,24.0,False,,,0.188,10,WR,,False,,False,False,False,,,,,,,
,,00-0040187,0.26465927099841524,TE,3.2133333333333334,TE,0.15568862275449102,48.2,,,0.02449206790982466,0.5,0.05029013539651837,1.0239520958083832,,,CAR,2025,0.09257965063165481,22.0,False,,,0.3788888888888889,15,TE,,False,,False,False,False,0.0,,,,,,
,,00-0040189,0.607681755829904,TE,8.5875,TE,0.16252821670428894,137.4,,,0.13750806972240154,0.5,0.1265377855887522,1.5665914221218962,,,LAC,2025,0.2860623271888094,22.0,False,,,0.615,16,TE,,False,,False,False,False,0.0,,,3.163673433649344,5.9575862068965515,,
,,00-0040194,0.23269513991163476,TE,3.7642857142857147,TE,0.12025316455696203,52.7,,,0.03366432550254299,0.8,0.034358047016274866,1.1835443037974684,,,BUF,2025,0.07510209837619239,25.0,False,,,0.4278947368421053,14,TE,,False,,False,False,False,1.0,,,,,,
,,00-0040198,0.21495327102803738,RB,3.182352941176471,RB,0.0782608695652174,54.1,,,-0.007671064743786438,0.65,0.019955654101995565,0.2782608695652174,,,MIA,2025,0.024563735832342837,21.0,False,,,0.22411764705882353,17,RB,,False,,False,False,False,,,,,,,
,,00-0040202,0.25258493353028066,RB,6.666666666666667,RB,0.1111111111111111,60.0,,,-0.008123129542539546,0.825,0.033628318584070796,0.6081871345029239,,,NO,2025,0.044756287196328515,22.0,False,,,0.4,9,RB,,False,,False,False,False,,,,,,,
,,00-0040205,0.007704160246533128,RB,0.17500000000000002,RB,0.0,0.7000000000000001,,,0.0,1.0,0.0,0.0,,,TEN,2025,0.0,23.0,False,,,0.021111111111111115,4,RB,,False,,False,False,False,,,,,,,
,-3.8708565291017294,00-0040206,0.12026359143327842,QB_pocket,6.2,QB,0.0,31.0,,-0.16365606258776347,0.0,0.6,0.0,-0.0410958904109589,-0.21720499000065469,70.0,IND,2025,0.0,23.0,False,,70.0,0.394,5,QB,,False,,False,False,False,,,,,,,
,,00-0040208,0.03314121037463977,RB,0.5333333333333333,RB,0.08695652173913043,6.4,,,-0.0010962508221881166,1.0,0.0032948929159802307,0.391304347826087,,,CIN,2025,0.004174963798438664,23.0,False,,,0.045,12,RB,,False,,False,False,False,,,,,,,
,,00-0040218,0.15213946117274169,WR,2.609090909090909,WR,0.17708333333333334,28.7,,,0.03506818814361258,0.7,0.03288201160541586,1.125,,,CAR,2025,0.0738707491086526,23.0,False,,,0.1985714285714286,11,WR,,False,,False,False,False,,,,,,,
,0.9922960182515587,00-0040234,0.17570093457943925,QB_pocket,8.295,QB,0.010638297872340425,33.18,,-0.03973188651148447,-0.001841055538508745,0.543,0.0022172949002217295,-0.06382978723404255,-0.061012535094627354,91.0,MIA,2025,0.002037203473376473,22.0,False,,91.0,0.79,4,QB,,False,,False,False,False,,,,,,,
,,00-0040236,0.41073825503355704,RB,8.621052631578948,RB,0.12091503267973856,163.8,,,0.0010986998718183483,1.0,0.05977382875605816,0.7254901960784313,,,CHI,2025,0.09042983304436009,23.0,True,,,0.4094736842105263,19,RB,,False,,False,False,False,,,,,,0.28954851486296374,18.93491124260355
,,00-0040237,0.45891472868217054,WR,6.16,WR,0.14864864864864866,92.4,,,0.11900369003690037,0.7,0.08148148148148149,1.087837837837838,,,TB,2025,0.2055248052480525,23.0,False,,,0.470625,15,WR,,False,,False,False,False,,,,,,,
,,00-0040238,0.30498533724340177,RB,1.588235294117647,RB,0.057692307692307696,27.0,,,-0.003321569441561138,0.65,0.022556390977443608,0.30288461538461536,,,JAX,2025,0.03150948785707262,21.0,False,,,0.22444444444444445,17,RB,,False,,False,False,False,,,,,,,
,,00-0040242,0.30139372822299654,RB,8.25294117647059,RB,0.07514450867052024,140.3,,,-0.005066666666666666,1.0,0.03009259259259259,0.3930635838150289,,,WAS,2025,0.041592222222222225,24.0,True,,,0.3947058823529412,17,RB,,False,,False,False,False,,,,,,0.7889511558973209,28.000000000000004
,,00-0040259,0.2052877138413686,WR,1.1076923076923078,WR,0.10606060606060606,14.4,,,0.034818941504178275,0.6,0.026871401151631478,0.5378787878787878,,,CLE,2025,0.06468036078037201,22.0,False,,,0.2361538461538462,13,WR,,False,,False,False,False,,,,,,,
,,00-0040277,0.08456375838926175,WR,4.45,WR,0.15873015873015872,26.7,,,0.023805163889397546,0.7,0.01615508885298869,1.380952380952381,,,CHI,2025,0.04089624800206132,23.0,False,,,0.15111111111111108,6,WR,,False,,False,False,False,,,,,,,
,-10.029100304519808,00-0040398,0.2922077922077922,QB_pocket,5.692,QB,0.0,28.46,,-0.3066231533032591,0.0,0.657,0.0,0.0,-0.395051217699571,173.0,NYJ,2025,0.0,24.0,False,,173.0,0.9800000000000001,5,QB,,False,,False,False,False,,-10.2845751633987,2.573222222222222,,,,
,,00-0040432,0.07802547770700637,WR,1.125,WR,0.12244897959183673,4.5,,,0.016929499072356215,0.7,0.011928429423459244,0.5102040816326531,,,NYG,2025,0.029743293485838214,23.0,False,,,0.13777777777777778,4,WR,,False,,False,False,False,,,,,,,
,,00-0040466,0.03576982892690513,RB,5.075,RB,0.17391304347826086,20.3,,,0.0038997214484679664,1.0,0.007677543186180422,0.9130434782608695,,,CLE,2025,0.01424611979319821,23.0,False,,,0.2575,4,RB,,False,,False,False,False,,,,,,,
,-3.5284250536385704,00-0040494,0.15104166666666666,QB_pocket,0.602857142857143,QB,0.0,4.220000000000001,,-0.49268235263224314,0.0,0.657,0.0,0.0,-0.6887101106733249,85.0,MIN,2025,0.0,24.0,False,,85.0,0.4542857142857143,7,QB,,False,,False,False,False,,,,,,,
,,00-0040506,0.005208333333333333,WR,0.0,WR,0.0,0.0,,,0.0,0.8,0.0,0.0,,,MIN,2025,0.0,24.0,False,,,0.018125000000000002,16,WR,,False,,False,False,False,,,,,,,
,,00-0040509,0.0642361111111111,TE,0.5666666666666667,TE,0.08108108108108109,3.4,,,0.002953813104189044,0.6,0.006437768240343348,0.3783783783783784,,,MIN,2025,0.011724321533447353,23.0,False,,,0.16583333333333333,6,TE,,False,,False,False,False,0.0,,,,,,
,,00-0040534,0.02050473186119874,WR,0.22727272727272727,WR,0.07692307692307693,2.5,,,0.001457301078402798,0.8,0.0018248175182481751,0.38461538461538464,,,PIT,2025,0.0037573370322542213,24.0,False,,,0.035454545454545454,11,WR,,False,,False,False,False,,,,,,,
,,00-0040556,0.022696929238985315,RB,2.325,RB,0.17647058823529413,9.3,,,0.0024719101123595504,1.0,0.004862236628849271,0.8823529411764706,,,ARI,2025,0.009023692021925593,23.0,False,,,0.1325,4,RB,,False,,False,False,False,,,,,,,
,,00-0040563,0.05714285714285714,WR,1.95,WR,0.09090909090909091,19.5,,,0.00912670007158196,0.8,0.006711409395973154,2.159090909090909,,,NE,2025,0.016455804144067103,24.0,False,,,0.199,10,WR,,False,,False,False,False,,,,,,,
,,00-0040581,0.41625207296849087,WR,2.1363636363636362,WR,0.11952191235059761,23.5,,,0.1554582421019706,0.7,0.060851926977687626,0.5378486055776892,,,LV,2025,0.20009865993791084,23.0,False,,,0.4533333333333333,11,WR,,False,,False,False,False,,,,,,,
,,00-0040582,0.39935064935064934,WR,1.0384615384615385,WR,0.06504065040650407,13.5,,,0.0679886685552408,0.8,0.03463203463203463,0.21138211382113822,,,NYJ,2025,0.09954011993672052,24.0,False,,,0.3825,13,WR,,False,,False,False,False,,,,,,,
,,00-0040583,0.518970189701897,RB,9.216666666666667,RB,0.10443864229765012,165.9,,,0.016868840030326005,1.0,0.06349206349206349,0.5926892950391645,,,HOU,2025,0.10704628325932343,25.0,True,,,0.535,18,RB,,False,,False,False,False,,,,,,0.1623021999721773,27.55102040816326
,,00-0040584,0.4437596302003082,TE,5.73125,TE,0.1909722222222222,91.7,,,0.07725650178480367,0.6,0.10396975425330812,1.2395833333333333,,,TEN,2025,0.21003418262932474,23.0,False,,,0.525625,16,TE,,False,,False,False,False,0.0,,,3.5223956763108117,4.873684210526316,,
,,00-0040586,0.043668122270742356,RB,4.08,RB,0.03333333333333333,20.400000000000002,,,-0.0010152284263959391,0.65,0.0016474464579901153,0.16666666666666666,,,DAL,2025,0.0017605097885080158,21.0,False,,,0.256,5,RB,,False,,False,False,False,,,,,,,
,,00-0040590,0.2913907284768212,WR,2.338461538461538,WR,0.1318181818181818,30.4,,,0.054861730597680645,0.7,0.04160688665710186,0.5181818181818182,,,LA,2025,0.10081354140402925,23.0,False,,,0.315,13,WR,,False,,False,False,False,,,,,,,
,,00-0040644,0.03169572107765452,RB,0.7833333333333333,RB,0.15,14.1,,,0.0005566379070414695,0.65,0.005802707930367505,0.65,,,CAR,2025,0.009093708430480286,21.0,False,,,0.055,18,RB,,False,,False,False,False,,,,,,,
,,00-0040648,0.22150882825040127,WR,8.1375,WR,0.15942028985507245,65.1,,,0.0755266696548633,0.7,0.04066543438077634,1.1666666666666667,,,SEA,2025,0.11386682032956882,23.0,False,,,0.48125,8,WR,,False,,False,False,False,,,,,,,
,,00-0040649,0.09791332263242375,RB,0.0,FB,0.01639344262295082,0.0,,,0.0,1.0,0.0018484288354898336,0.0,,,SEA,2025,0.0027726432532347504,23.0,False,,,0.2676923076923077,5,RB,,False,,False,False,False,,,,,,,
,,00-0040663,0.7169517884914464,TE,11.65,TE,0.23210412147505424,186.4,,,0.1799442896935933,0.4,0.2053742802303263,1.5856832971800434,,,CLE,2025,0.43402242313100475,21.0,False,,,0.759375,16,TE,,False,,False,False,False,0.0,,,2.9405754311771437,5.6982417582417595,,
,,00-0040666,0.3017832647462277,RB,13.559999999999999,RB,0.1590909090909091,135.6,,,-0.011620400258231117,0.825,0.061511423550087874,0.8727272727272727,,,LAC,2025,0.08413285514437002,22.0,True,,,0.5740000000000001,10,RB,,False,,False,False,False,,,,,,0.6580777528949869,25.806451612903224
,,00-0040667,0.4842454394693201,WR,5.8933333333333335,WR,0.1678082191780822,88.4,,,0.13841368584758942,0.6,0.09859154929577464,1.523972602739726,,,GB,2025,0.24477690403697455,22.0,False,,,0.5293333333333333,15,WR,,False,,False,False,False,,,,,,,
,-4.999649264873603,00-0040668,0.39346811819595645,QB_pocket,10.6125,QB,0.0,84.9,,-0.22420649298815815,0.0,0.6,0.0,0.0,-0.2988679217050534,235.0,CLE,2025,0.0,23.0,False,,235.0,0.91625,8,QB,,False,,False,False,False,,-3.626839622641519,3.2354575471698115,,,,
,,00-0040669,0.4712460063897764,WR,5.421428571428572,WR,0.09152542372881356,75.9,,,0.09583446773754424,0.7,0.04909090909090909,0.8101694915254237,,,DET,2025,0.14072049105264461,23.0,False,,,0.39647058823529413,14,WR,,False,,False,False,False,,,,,,,
,-2.9296753610781057,00-0040676,0.9522342064714946,QB_pocket,10.98,QB,0.0,186.66,,-0.1430194812103746,0.0,0.6,0.0,0.0,-0.19175779303877188,592.0,TEN,2025,0.0,23.0,False,,592.0,0.9464705882352941,17,QB,,False,,False,False,False,,-3.047111111111114,2.9958491620111736,,,,
,-0.19310220034289144,00-0040691,0.6624203821656051,QB_dual_threat,17.255714285714287,QB,0.0,241.58,,-0.015140362156602255,0.0,0.6,0.0,0.0,-0.020801507936533688,375.0,NYG,2025,0.0,22.0,True,,375.0,0.8364285714285714,14,QB,,False,,False,False,False,,-2.0306489675516346,2.821532544378698,,,,
,-7.507056821117085,00-0040704,0.33748055987558323,QB_pocket,7.008,QB,0.0,70.08,,-0.17636943026981491,0.0,0.714,0.0,0.0,-0.2197832282949481,204.0,CLE,2025,0.0,25.0,False,,204.0,0.562,10,QB,,False,,False,False,False,,-4.747837837837828,2.7321956521739135,,,,
,,00-0040705,0.6302003081664098,WR,7.535294117647059,WR,0.18092909535452323,128.1,,,0.15272819989801123,0.8,0.13988657844990549,1.0342298288508558,,,TEN,2025,0.3167396076034661,24.0,False,,,0.5929411764705882,17,WR,,False,,False,False,False,,,,3.8035171337537883,6.772238805970148,,
,,00-0040715,0.24203821656050956,RB,15.9625,RB,0.21052631578947367,127.7,,,-0.0011595547309833025,1.0,0.0636182902584493,1.361842105263158,,,NYG,2025,0.09461574707598565,23.0,True,,,0.5225,8,RB,,False,,False,False,False,,,,,,0.4301278279173624,23.762376237623762
,,00-0040719,0.16129032258064516,RB,5.85625,RB,0.12727272727272726,93.7,,,0.001660784720780569,1.0,0.02631578947368421,0.7181818181818181,,,JAX,2025,0.040636233515072714,23.0,False,,,0.21625,16,RB,,False,,False,False,False,,,,,,,
,,00-0040727,0.438957475994513,WR,4.31764705882353,WR,0.14375,73.4,,,0.09317839466322358,0.7,0.08084358523725835,1.075,,,LAC,2025,0.18649025412014403,23.0,False,,,0.49,17,WR,,False,,False,False,False,,,,,,,
,,00-0040729,0.32669983416252074,WR,3.0285714285714285,WR,0.14720812182741116,42.4,,,0.07507037847982484,0.7,0.058823529411764705,1.1370558375634519,,,LV,2025,0.14078455905352444,23.0,False,,,0.3975,14,WR,,False,,False,False,False,,,,,,,
,,00-0040730,0.4429882044560944,RB,12.005263157894737,RB,0.20710059171597633,228.1,,,0.011985947509816079,1.0,0.10903426791277258,1.2544378698224852,,,DEN,2025,0.17194156512603012,24.0,True,,,0.43736842105263163,19,RB,,False,,False,False,False,,,,,,-0.6437028743749557,32.87671232876712
,,00-0040734,0.412987012987013,RB,10.576190476190476,RB,0.1509433962264151,222.1,,,-0.0025053686471009306,1.0,0.08053691275167785,0.7987421383647799,,,NE,2025,0.11905161107454612,23.0,True,,,0.43047619047619046,21,RB,,False,,False,False,False,,,,,,0.8463412625516966,30.555555555555557
,,00-0040735,0.41073825503355704,WR,8.241176470588234,WR,0.24183006535947713,140.1,,,0.110419337117744,0.6,0.11954765751211632,2.34640522875817,,,CHI,2025,0.2566150222505953,22.0,False,,,0.4182352941176471,17,WR,,False,,False,False,False,,,,4.630454576457557,7.425192307692305,,
,,00-0040736,0.6493506493506493,TE,6.838461538461539,TE,0.1625,88.9,,,0.11803588290840415,0.4,0.1406926406926407,0.9225,,,NYJ,2025,0.29366407907484393,21.0,False,,,0.8107692307692307,13,TE,,False,,False,False,False,0.0,,,3.2476017894183298,6.108750000000001,,
,,00-0040737,0.2768211920529801,TE,4.230769230769231,TE,0.14832535885167464,55.0,,,0.0823669342848647,0.5,0.04447632711621234,1.1961722488038278,,,LA,2025,0.1243713446737238,22.0,False,,,0.37625,13,TE,,False,,False,False,False,0.0,,,,,,
,,00-0040739,0.27447833065810595,TE,2.838461538461538,TE,0.15204678362573099,36.9,,,0.049305244285073956,0.5,0.04805914972273567,1.0467836257309941,,,SEA,2025,0.10660239558365528,22.0,False,,,0.38571428571428573,13,TE,,False,,False,False,False,0.0,,,,,,
,1.6081743202512226,00-0040743,0.5612998522895125,QB_pocket,14.360000000000001,QB,0.0,157.96,,-0.014848853380770412,0.0,0.771,0.0,0.0,-0.0281048233450344,356.0,NO,2025,0.0,26.0,False,,356.0,0.8345454545454545,11,QB,,False,,False,False,False,,0.6467584097859316,2.6808549382716054,,,,
,,00-0040782,0.5334370139968896,WR,3.646666666666667,WR,0.1282798833819242,54.7,,,0.20919220055710305,0.5,0.08445297504798464,0.9854227405247813,,,CLE,2025,0.2731140029619491,21.0,False,,,0.48062499999999997,15,WR,,False,,False,False,False,,,,,,,
,,00-0040784,0.29082426127527217,RB,12.12857142857143,RB,0.1925133689839572,169.8,,,-0.004178272980501393,0.825,0.0690978886756238,0.9144385026737968,,,CLE,2025,0.10072204192708473,22.0,True,,,0.505,14,RB,,False,,False,False,False,,,,,,0.30390349096522645,45.21739130434783
