gsis_id,name,position,team,draft_season,pick,round,age_at_draft,identity_status,coverage_status,p_appear_year1,p_qual_year1,e_points_year1_given_appear,e_games_year1_given_appear,e_ppg_year1_given_appear,e_points_year1,e_games_year1,e_ppg_given_qual_year1,p_appear_by_h1,p_qual_h1,e_qual_seasons_h1,p_appear_year2,p_qual_year2,e_points_year2_given_appear,e_games_year2_given_appear,e_ppg_year2_given_appear,e_points_year2,e_games_year2,e_ppg_given_qual_year2,p_appear_by_h2,p_qual_h2,e_qual_seasons_h2,p_appear_year3,p_qual_year3,e_points_year3_given_appear,e_games_year3_given_appear,e_ppg_year3_given_appear,e_points_year3,e_games_year3,e_ppg_given_qual_year3,p_appear_by_h3,p_qual_h3,e_qual_seasons_h3,p_appear_year4,p_qual_year4,e_points_year4_given_appear,e_games_year4_given_appear,e_ppg_year4_given_appear,e_points_year4,e_games_year4,e_ppg_given_qual_year4,p_appear_by_h4,p_qual_h4,e_qual_seasons_h4,p_appear_year5,p_qual_year5,e_points_year5_given_appear,e_games_year5_given_appear,e_ppg_year5_given_appear,e_points_year5,e_games_year5,e_ppg_given_qual_year5,p_appear_by_h5,p_qual_h5,e_qual_seasons_h5,p_appear_year6,p_qual_year6,e_points_year6_given_appear,e_games_year6_given_appear,e_ppg_year6_given_appear,e_points_year6,e_games_year6,e_ppg_given_qual_year6,p_appear_by_h6,p_qual_h6,e_qual_seasons_h6,model_version,p_appear_year1_lo90,p_appear_year1_hi90,p_qual_year1_lo90,p_qual_year1_hi90,e_points_year1_given_appear_lo90,e_points_year1_given_appear_hi90,e_games_year1_given_appear_lo90,e_games_year1_given_appear_hi90,e_ppg_year1_given_appear_lo90,e_ppg_year1_given_appear_hi90,e_points_year1_lo90,e_points_year1_hi90,e_games_year1_lo90,e_games_year1_hi90,e_ppg_given_qual_year1_lo90,e_ppg_given_qual_year1_hi90,p_appear_by_h1_lo90,p_appear_by_h1_hi90,p_qual_h1_lo90,p_qual_h1_hi90,e_qual_seasons_h1_lo90,e_qual_seasons_h1_hi90,p_appear_year2_lo90,p_appear_year2_hi90,p_qual_year2_lo90,p_qual_year2_hi90,e_points_year2_given_appear_lo90,e_points_year2_given_appear_hi90,e_games_year2_given_appear_lo90,e_games_year2_given_appear_hi90,e_ppg_year2_given_appear_lo90,e_ppg_year2_given_appear_hi90,e_points_year2_lo90,e_points_year2_hi90,e_games_year2_lo90,e_games_year2_hi90,e_ppg_given_qual_year2_lo90,e_ppg_given_qual_year2_hi90,p_appear_by_h2_lo90,p_appear_by_h2_hi90,p_qual_h2_lo90,p_qual_h2_hi90,e_qual_seasons_h2_lo90,e_qual_seasons_h2_hi90,p_appear_year3_lo90,p_appear_year3_hi90,p_qual_year3_lo90,p_qual_year3_hi90,e_points_year3_given_appear_lo90,e_points_year3_given_appear_hi90,e_games_year3_given_appear_lo90,e_games_year3_given_appear_hi90,e_ppg_year3_given_appear_lo90,e_ppg_year3_given_appear_hi90,e_points_year3_lo90,e_points_year3_hi90,e_games_year3_lo90,e_games_year3_hi90,e_ppg_given_qual_year3_lo90,e_ppg_given_qual_year3_hi90,p_appear_by_h3_lo90,p_appear_by_h3_hi90,p_qual_h3_lo90,p_qual_h3_hi90,e_qual_seasons_h3_lo90,e_qual_seasons_h3_hi90,p_appear_year4_lo90,p_appear_year4_hi90,p_qual_year4_lo90,p_qual_year4_hi90,e_points_year4_given_appear_lo90,e_points_year4_given_appear_hi90,e_games_year4_given_appear_lo90,e_games_year4_given_appear_hi90,e_ppg_year4_given_appear_lo90,e_ppg_year4_given_appear_hi90,e_points_year4_lo90,e_points_year4_hi90,e_games_year4_lo90,e_games_year4_hi90,e_ppg_given_qual_year4_lo90,e_ppg_given_qual_year4_hi90,p_appear_by_h4_lo90,p_appear_by_h4_hi90,p_qual_h4_lo90,p_qual_h4_hi90,e_qual_seasons_h4_lo90,e_qual_seasons_h4_hi90,p_appear_year5_lo90,p_appear_year5_hi90,p_qual_year5_lo90,p_qual_year5_hi90,e_points_year5_given_appear_lo90,e_points_year5_given_appear_hi90,e_games_year5_given_appear_lo90,e_games_year5_given_appear_hi90,e_ppg_year5_given_appear_lo90,e_ppg_year5_given_appear_hi90,e_points_year5_lo90,e_points_year5_hi90,e_games_year5_lo90,e_games_year5_hi90,e_ppg_given_qual_year5_lo90,e_ppg_given_qual_year5_hi90,p_appear_by_h5_lo90,p_appear_by_h5_hi90,p_qual_h5_lo90,p_qual_h5_hi90,e_qual_seasons_h5_lo90,e_qual_seasons_h5_hi90,p_appear_year6_lo90,p_appear_year6_hi90,p_qual_year6_lo90,p_qual_year6_hi90,e_points_year6_given_appear_lo90,e_points_year6_given_appear_hi90,e_games_year6_given_appear_lo90,e_games_year6_given_appear_hi90,e_ppg_year6_given_appear_lo90,e_ppg_year6_given_appear_hi90,e_points_year6_lo90,e_points_year6_hi90,e_games_year6_lo90,e_games_year6_hi90,e_ppg_given_qual_year6_lo90,e_ppg_given_qual_year6_hi90,p_appear_by_h6_lo90,p_appear_by_h6_hi90,p_qual_h6_lo90,p_qual_h6_hi90,e_qual_seasons_h6_lo90,e_qual_seasons_h6_hi90
00-0041562,Fernando Mendoza,QB,LVR,2026,1,1,22.0,resolved,scored,0.9863240288222225,0.9361483814637066,205.85557405688087,14.381256703173406,15.028247228418959,203.0402991592941,14.184579051000586,15.226234685997325,0.9863240288222225,0.9361483814637066,0.9361483814637066,0.9929567150488147,0.966860606050021,246.09846092880707,14.665074104790063,17.28621603184456,244.36511934243734,14.561783809039778,16.527939225969508,0.999992275908641,0.9914026324169969,1.9030089875137275,0.9804028757414088,0.8864375564182223,227.99956193818178,13.74036129959299,15.759068599335906,223.53142619197487,13.471089731846929,16.858140407316455,0.9999923510612675,0.9936463521687571,2.78944654393195,0.92233031791047,0.8830730410753499,206.58687810401523,13.069405000807013,15.430066772791369,190.54134095780788,12.05430846929502,16.425491000683987,0.9999947333218665,0.9945906473442341,3.6725195850073,0.8990517392055896,0.8385813335701094,206.26812387899156,12.812270371334634,15.09494688981744,185.44571551608135,11.518893960520648,16.648171226776768,0.9999947581387988,0.9949387797763442,4.51110091857741,0.8258346014458444,0.6100421726021901,184.33088096327413,12.242388629128603,14.0963229888138,152.22681961446688,10.110188134281557,16.540963097434776,0.9999948105574108,0.9951565072324898,5.1211430911796,dg165_rookie_capital_v2_hazard,0.9572065085035562,0.9985409586141685,0.8778404832852978,0.9747374608013422,179.44895173252368,230.2263630454864,13.253515681487654,15.322543133513632,13.708626550884556,16.236049190317715,176.70506426715733,227.04078814265105,12.819855722326944,15.183089767418943,13.708274686149283,16.374878329968148,0.9572065085035562,0.9985409586141685,0.8778404832852978,0.9747374608013422,0.8778404832852978,0.9747374608013422,0.9842300404234839,0.9990095597485192,0.9307292456458166,0.9922011346270653,221.9143936242538,267.7112731196306,13.557392379061035,15.556988748770122,16.208562541535354,18.51959809622504,219.8815182745819,265.6046729768207,13.473478797034632,15.458198613641638,15.432715352545111,17.57196313023876,0.9998266378607893,0.9999999064276818,0.9737647372670003,0.9989049505559238,1.8285131252519444,1.9552240694051513,0.9492789647446127,0.9971664128013952,0.7961046182697824,0.953993953643477,203.8892520664807,252.51365417046497,12.415259820502449,14.94436252894209,14.25615978503765,17.275506491226565,197.90203983488792,250.69638935326003,12.119355382963754,14.643125770134453,15.56793057744716,18.012878203837463,0.999829469032259,0.9999999417942143,0.9801375329682599,0.9995467474259315,2.6537371478085845,2.8944448139090326,0.8431346050354708,0.9747727005448827,0.7919070540835413,0.9466156897155733,181.36334320859405,229.21251920781197,11.733357064790296,14.440054024851412,14.075554801963142,16.77530597113158,163.1725363730851,216.28111300695423,10.4695283881746,13.419659502842554,15.420996702470926,17.55518064619144,0.9999497026583029,0.999999993403578,0.9820888359794143,0.9998829445862263,3.47549703793801,3.811361414594697,0.799650377938817,0.9580064936936877,0.7124526469722076,0.9199571211835755,173.30486826818475,242.04364597522078,11.246030517169238,14.109076480447088,13.435578173788727,16.909846554944103,148.259473169074,222.8902563803892,9.678733395057582,12.994340669066876,15.24458994662251,18.21269298367141,0.9999514202369809,0.9999999984500838,0.9828824068909127,0.9999045628659216,4.254748108179254,4.683995489587344,0.695663680625896,0.9264825884620809,0.4271637899983711,0.7797369936424333,151.0210796844228,221.58452932024474,10.566501914154774,14.2964639421084,11.85893382310956,15.989792467003705,114.52810750397572,189.58657973097712,7.960701246983796,12.085717136396187,15.200756924407106,17.744916897503543,0.9999519060346111,0.999999998465583,0.9845075122038679,0.9999259311765072,4.7822674882393965,5.366370994067714
00-0041027,Jeremiyah Love,RB,ARI,2026,3,1,21.0,resolved,scored,0.9921180571753611,0.9418904640267654,267.38638642673726,16.67605187520846,17.98251773087408,265.2788622168349,16.544612187787354,18.123110076834536,0.9921180571753611,0.9418904640267654,0.9418904640267654,0.9920165086530405,0.9586342502866958,278.84856416883275,15.529804605175267,19.68402264549764,276.6223790696788,15.405822544489878,18.010468260540758,0.9999766648908015,0.9972609088195665,1.9005247143134611,0.9905685742682176,0.8898320052720258,256.62094071660016,12.867535246502975,18.798929853459477,254.20063937301143,12.74617604347449,20.132247421941926,0.9999769196293036,0.9980032918439865,2.790356719585487,0.9710623976423499,0.9495282145197266,243.26751489865097,14.179820305839002,18.20782152640409,236.2279362859801,13.7694903043257,17.139754163410647,0.9999828189185128,0.9980969367019096,3.7398849341052136,0.9583172696312003,0.8237234222548108,216.09907904701376,12.7135378833234,16.613426186488088,207.09147940215115,12.183602911699312,18.480745164683942,0.9999828993352624,0.9984445529343468,4.5636083563600245,0.8920301911254357,0.7251049872156992,223.2009056492548,14.444979660394523,14.629186533477206,199.1019465256751,12.885357967264758,17.37310091875839,0.9999830703419098,0.998568438924746,5.288713343575724,dg165_rookie_capital_v2_hazard,0.9744256142887084,0.9990847172370625,0.8911784282884772,0.9737168973293236,245.62553906320605,294.16121158169517,15.666904741283885,17.0,16.57470764424425,19.712539178502162,242.61487398945303,291.9678260411836,15.554845683482531,16.94086813917306,16.68820650638553,19.52885775522103,0.9744256142887084,0.9990847172370625,0.8911784282884772,0.9737168973293236,0.8911784282884772,0.9737168973293236,0.9692896416232253,0.9994612747098534,0.8963994810483461,0.9872208306936527,250.39223326499655,315.99193580049496,14.315306818709152,16.921069929935634,17.970707434769583,21.52078165342034,247.03636012152796,313.1781799785217,14.134375881438658,16.824890025950957,16.229911575077132,19.7780590627583,0.9998080564011798,0.9999991592495101,0.992337571280141,0.9993076212431815,1.8356479873356115,1.9488951749194021,0.9778785016152751,0.9974659523879104,0.7733047429660836,0.9575705319672769,212.72386520945088,305.2640117459982,11.293229697163808,14.74013987141292,16.56437890810559,21.136688197450756,210.97060207013752,303.0698967616874,11.1692342571222,14.60073997434517,17.805611269026105,22.448462910132527,0.9998208110133509,0.9999995363208536,0.9941713164254005,0.9996762847667741,2.6530276376428366,2.8806712296050616,0.9206650907744927,0.9899152580391307,0.8716635963372584,0.9831472561665129,209.23049711170705,283.38329030979645,12.464786544346326,15.726202358979872,16.07831112037291,20.882518379396103,201.68364538261565,274.5702510806311,11.929646333156454,15.096041578791782,15.203884249593381,19.484412580415515,0.9998999148200038,0.9999998637760026,0.9948196424483658,0.9997066836601297,3.569619868353676,3.8400568866008986,0.9115652166761331,0.9853816875119513,0.6545005254719654,0.9200596362536538,184.65277988933533,251.25811199487518,11.26826983296245,14.438947082728479,14.806740513161602,18.320726438034285,175.80502956729552,240.37048575503397,10.700279197691012,13.712979926514477,17.161980383933138,20.190436066288214,0.9999075634783253,0.9999999426854465,0.995458509067343,0.999826853497314,4.2903524405569184,4.709108492838825,0.7942484571673424,0.952590812848387,0.5233654069176494,0.8590123107566375,185.8182080165947,260.24574323965334,12.646575519071442,15.920406032060058,12.46089767438987,16.683143127257626,160.4288343788504,235.20931181266178,11.11061884815869,14.686337049203901,15.475888423695949,20.076411241529566,0.999908487843542,0.999999943258592,0.9962442022604898,0.9998850999814672,4.883820290362604,5.53122432395388
00-0041438,Carnell Tate,WR,TEN,2026,4,1,21.0,resolved,scored,0.9945150343091612,0.8629254096080724,197.43765935044183,15.99772496111782,13.172657096010372,196.35472056282515,15.909977988574614,14.220708617874124,0.9945150343091612,0.8629254096080724,0.8629254096080724,0.9813708050083805,0.8376713890290813,209.46936509647028,14.865037872848536,14.783346729988338,205.5671194493174,14.588114183757432,15.64535604872259,0.999951255206929,0.9394123356149607,1.7005967986371537,0.9832222016333364,0.8561160337785574,208.392927225167,13.79914485456159,14.416625693597892,204.89655271114435,13.567625584559371,15.967027589747318,0.9999522436292893,0.9581478630609512,2.556712832415711,0.9491709333924955,0.8967934962962293,194.3855305570579,13.326270071470763,14.17721162311743,184.5050954768381,12.648908202378381,15.470145112414226,0.9999630344923318,0.9588287221786297,3.4535063287119403,0.9070372666695257,0.7186711467563127,190.59639096032066,13.120952064208932,13.797190513399713,172.87802949372553,11.90119249642194,17.098516591415084,0.9999639390949532,0.9622719111081912,4.172177475468253,0.8406242214182534,0.6908781593766833,174.256044159662,13.320100214024533,11.89655241892174,146.48385144914064,11.197198871627485,14.864986288661582,0.9999642997040037,0.9641274805276476,4.863055634844936,dg165_rookie_capital_v2_hazard,0.9696106533586201,0.9993248566712251,0.7728013130857071,0.9191783900395808,178.5389727620267,214.02421775479644,15.088531791816251,16.832328980054985,12.169000732164488,14.035862268498871,177.93533951883518,212.93906525733016,14.957756636491647,16.740829134035234,13.233098815348049,15.250728133516159,0.9696106533586201,0.9993248566712251,0.7728013130857071,0.9191783900395808,0.7728013130857071,0.9191783900395808,0.9494201278915663,0.9977423474833481,0.7528634030338252,0.9073709348461735,190.94785303837887,227.42495083051392,13.736895328559402,15.833943033346703,13.80739880812525,15.748151975152862,185.70351814349974,224.27267737103736,13.263489330843635,15.721366352588687,14.638110320703122,16.60318139303304,0.9994459703526309,0.9999985149760886,0.8874617737028081,0.9778140885303434,1.5714097629465154,1.807422533518114,0.9578727762674911,0.9936837142256748,0.7688062867087554,0.9254223015302783,183.9297163509466,234.22031999138432,12.467457007853088,14.901480097674122,13.056804034073537,15.94487693985881,180.87742742088395,230.9612648601512,12.235988335832921,14.67125128223263,14.692577998403461,17.392388994649327,0.9995023458473351,0.9999988824558333,0.9120029648725492,0.988380108219305,2.3815618586588596,2.7068596635034323,0.8979511210094421,0.9802672200305492,0.831431140673664,0.9393498141600656,169.302518743272,219.06000926937278,12.057005999129512,14.415626316741239,12.738427886400503,15.524329517109498,156.74049684199323,208.05327884071036,11.303887006542674,13.860386773985246,14.045923052492656,16.819818460796487,0.9997561539653713,0.9999996767168006,0.9151653441117523,0.9885814136969361,3.2426045199645666,3.626096734939281,0.8358482778202717,0.9520548587416178,0.5863615317582541,0.8274422450094692,162.40301206238485,228.14456236307817,11.690270232462934,14.478195362211142,12.0688835576787,15.665244763803097,143.7264835029858,206.38226424453887,10.466048448213643,13.2399205930811,15.434253840402947,19.220319085539288,0.9997676543206873,0.9999999176776544,0.9195447024227907,0.9912731542341695,3.874109825587666,4.395346639873539,0.7276717329031979,0.9362026268166733,0.5345376862525081,0.8214516766715848,138.68154106145113,204.72384387779968,11.722509715092766,14.650066730391499,9.782141915596885,13.882151094333798,111.13141632283508,174.75256254304762,9.105367995456316,12.845102930918555,12.896146489500214,16.540861932501137,0.9997699777774804,0.9999999185008778,0.921453394903963,0.9928585985652342,4.4140464357368385,5.178183689510043
00-0041029,Jordyn Tyson,WR,NOR,2026,8,1,22.0,resolved,scored,0.9917404784511004,0.804313605655834,171.78758013242322,15.348997700293957,11.650411517983384,170.36869691248614,15.222222323034368,13.61477657762589,0.9917404784511004,0.804313605655834,0.804313605655834,0.9728200050197625,0.7919442895267238,182.2906323586232,14.409705768184937,12.942812322649587,177.33597388617153,14.018050037738972,14.164107486995693,0.9998180848564953,0.8969739784074162,1.596257895182558,0.9696423767633164,0.7960226554790057,183.67097946179723,13.490178025719429,12.744911725587793,178.09516506778334,13.080648283818851,14.95538373446793,0.9998226002628515,0.9220604072719526,2.392280550661564,0.9235423566457597,0.8076036615893889,167.5414336225946,12.743405516448808,12.402236183902351,154.73161044362016,11.769074762353707,14.592528241594081,0.9998644291016328,0.9234766105688942,3.1998842122509528,0.8630165205391048,0.5871627735253052,161.97350646930903,12.468631194745296,11.95450583521259,139.78581197266126,10.760634709574427,15.913554804767134,0.9998682092602438,0.9279043568951834,3.787046985776258,0.7526456985595981,0.5463937825225651,153.54340273105367,12.865668081736091,10.799796103314781,115.56378160773158,9.683289740814184,14.519547757301073,0.9998695271676413,0.9308709935617218,4.333440768298823,dg165_rookie_capital_v2_hazard,0.971319682353405,0.9981526240119405,0.7341852794649111,0.869365821022717,157.71762658773736,185.24068082111458,14.591173895819571,16.088384798114603,10.887255896660546,12.37524619113946,156.31789879909005,184.69006878563744,14.478542178616985,15.8502478511942,12.82777065145239,14.399145700074866,0.971319682353405,0.9981526240119405,0.7341852794649111,0.869365821022717,0.7341852794649111,0.869365821022717,0.9452054891369522,0.9943291823962837,0.7127429309139874,0.8574350041481986,168.68076344500116,196.2244295014194,13.46957332684722,15.124973856575169,12.236331811113835,13.728950375201928,161.48706573884292,191.88796918388675,12.988500503405794,14.88797972753588,13.324286628421266,14.956390229069312,0.9988957437434335,0.9999866275313429,0.8405090735848473,0.9488603471273875,1.4749255153748475,1.7150971486277733,0.9407231218128144,0.9852913471884234,0.7160934710431873,0.8698754497507581,163.64289818593923,204.51877492503513,12.454279211563579,14.38529748492014,11.723812680486787,13.942869276430905,156.60054324830344,198.5561840205588,11.987095848922575,13.961113955807523,14.02193732878055,16.153207497066465,0.9989827176814248,0.9999885799177056,0.869105234135847,0.965489416541556,2.233185495569749,2.5645733561125117,0.8762690124208569,0.9610005773305403,0.7377324372744533,0.8672349238388982,147.93952986588044,185.49430160137183,11.764531577801872,13.740125280902612,11.22718158359122,13.386477809848254,132.92161630778543,172.47776418129536,10.703929018608397,12.77148014079744,13.461922107266536,15.64848202883595,0.9993818904436329,0.9999947971669879,0.870609759193744,0.9661276537049848,2.9927667023728852,3.413001783660676,0.7932610838489259,0.9133870134313741,0.4733408584022841,0.703065303546436,139.74172245622572,190.22012989825126,11.348956822724578,13.566018115422011,10.605185555113868,13.525265140120688,115.8598381343683,162.32152282580375,9.51746555230654,11.832717822056734,14.535005849042111,17.63709753973489,0.9994857294951744,0.9999981720217904,0.8799764367070136,0.9693524320727119,3.481787121528759,4.071679551761216,0.6525254183022973,0.8650939687347214,0.3922846135559297,0.6887746040661403,127.48345246546978,178.54024053336414,11.44728533749299,14.008648568876572,9.143612233486557,12.348599610138994,89.36379789156851,140.9193562142793,7.905702734277747,11.410022891876336,12.981149612181632,16.02518023101739,0.9994908722002228,0.9999981903015724,0.8841451052025644,0.9715101155935423,3.924122990626095,4.709550664068111
00-0041568,Ty Simpson,QB,LAR,2026,13,1,23.0,resolved,scored,0.9526598263396782,0.7545259467171868,131.44262669532725,11.390643271685281,10.726949020661984,125.2201099212016,10.851408241100923,13.771163574332714,0.9526598263396782,0.7545259467171868,0.7545259467171868,0.9614457797436473,0.8320105643903933,162.94510382185666,11.715011474680713,12.43348730328696,156.66288239941454,11.263348341980175,14.682636524949523,0.9985917527602413,0.887858485188208,1.58653651110758,0.8904538308712665,0.6256212340501028,150.65062956749094,10.545442316336473,11.56166446076385,134.1474302215404,9.390229508813775,15.57955072077311,0.9986403153551382,0.9046769302880836,2.2121577451576826,0.8308876172812399,0.5685402639060984,139.32221511755083,9.963824749601212,11.70251729503794,115.76110335336615,8.278818605203998,15.712421838875326,0.9991064197321324,0.9158248482776457,2.780698009063781,0.7735344089334876,0.42528602331286486,125.64438524330957,9.13037975771357,10.986900081386064,97.19025527499488,7.062662909221245,15.852993084788132,0.9991481320586313,0.9182093683417891,3.2059840323766458,0.6641608661432141,0.3723945855502254,131.14964868940086,9.589411660831669,11.302808586597829,87.10446426793072,6.368911954461798,16.05869866034731,0.9991566507380449,0.9205439198161078,3.5783786179268713,dg165_rookie_capital_v2_hazard,0.924024517454411,0.9792031299975238,0.6822798599771022,0.8279699848851763,119.04387095896858,144.09594545294237,10.63905137584432,12.048335640279008,10.14646459219917,11.415265988243059,112.93230682113014,137.88814263889,10.022594306631209,11.56255272419558,12.996015568399127,14.560413923910511,0.924024517454411,0.9792031299975238,0.6822798599771022,0.8279699848851763,0.6822798599771022,0.8279699848851763,0.9415373750327581,0.9802775874917998,0.7799389645722972,0.9014860864194547,148.64685162945958,176.8059276363562,11.000239567838063,12.45879898531003,11.630658702065006,13.165523769950013,143.26208703845376,169.93803156854244,10.540586595920864,11.970370986263797,13.82908646655622,15.404762920233933,0.9955942908747063,0.9997695627861775,0.8360036808968679,0.9461158649080303,1.4774577028319738,1.7022251745213077,0.8343093895891246,0.9492463289112316,0.5177987797358877,0.7380385985520568,133.49781283987247,165.89473482320597,9.58507890417082,11.474156153958553,10.593807308571796,12.484316603626123,116.91708222956132,151.749540943969,8.354710564932752,10.375801456865675,14.549846909336773,16.688561987418726,0.9958679113932813,0.9997814963943797,0.8546827619185684,0.9564021734719972,2.03665731588405,2.4041016366845995,0.7642709590631511,0.8999590193638893,0.4668336107020117,0.6648065980424416,121.71556534029271,158.6812092416953,9.043730907959015,10.880958271138807,10.534029722477607,12.706516662378375,97.73536459236318,133.31483238288692,7.190686197952318,9.333691839390852,14.660640222104838,16.92008899455845,0.9971671688388368,0.9999265745731847,0.8737663229635254,0.9677624556901966,2.522852781518396,3.0475935547205326,0.6871076697374912,0.8428549924884625,0.3176658356390991,0.5576704125935286,102.74349630202086,145.0803922336433,7.991551761471325,9.940798617697626,9.74219831222054,12.172303621368496,77.85726523793574,114.54256223112898,6.014766644950858,8.131589350614824,14.494436804662929,17.09055830276895,0.9972209131385917,0.9999705946362729,0.8779900635036799,0.9692487748767725,2.882427317405808,3.5785512508730006,0.5682798818901414,0.7590760549093035,0.26494377577458206,0.5073376209903749,101.28668539594842,154.97759334889153,8.202649706349483,11.02444657979457,9.646906336491307,12.584219742668918,66.51050005243842,108.9856781883101,5.177602817762468,7.6823964233222535,14.786637412521022,17.435230645065815,0.9972487040072058,0.9999708886899101,0.8821968373390948,0.9711271362894736,3.1858934037859625,4.009329727688388
00-0041032,Kenyon Sadiq,TE,NYJ,2026,16,1,21.0,resolved,scored,0.9931493922792596,0.6128069906912298,119.70647416805076,14.621806788195991,8.49168203279552,118.8864120718925,14.5216385257216,10.966963145179298,0.9931493922792596,0.6128069906912298,0.6128069906912298,0.9798087670587421,0.8204788955495572,146.97110274523018,14.32592831108078,10.735363485869584,144.0035749740677,14.036670155451986,11.919209006369826,0.9997524836030676,0.8819882455658659,1.4332858862407871,0.9720234890815976,0.7581854338745272,144.8642701337223,13.940349357312352,10.437064198271202,140.81147329863984,13.55034702131116,11.673201775687437,0.9997658054997764,0.9273989981006496,2.191471320115314,0.9652883128332828,0.7253208785257955,142.76786083640678,13.994196897836185,10.573000518962782,137.812147513592,13.50843471296905,12.249196988950589,0.9999271261928409,0.9319660100907788,2.91679219864111,0.9580185408841507,0.5479867570121001,131.4167305065966,13.348442946112852,9.288794899863692,125.89966440769533,12.788055834310368,12.995416173356455,0.9999290795737789,0.9364483440784485,3.46477895565321,0.9016495116610826,0.4099270695817235,128.20298124468374,13.609541051798345,9.012645444728856,115.59415543276403,12.271036043285434,13.04201210585801,0.9999297887780411,0.9445535387706225,3.8747060252349335,dg165_rookie_capital_v2_hazard,0.9867701675303617,0.9971743777169952,0.4808335997863934,0.7374800911446603,105.41659915901985,132.8141477764501,13.541613884773454,15.645728353461305,7.655767279093358,9.203026068424858,104.19487901547997,131.9239476419155,13.457612857233803,15.507794758958662,10.081419259980741,11.935831415092268,0.9867701675303617,0.9971743777169952,0.4808335997863934,0.7374800911446603,0.4808335997863934,0.7374800911446603,0.9502632710420164,0.994877770887718,0.7230108856781385,0.9074836062102117,133.06935155956737,163.7804541350255,13.258954621566124,15.722479910555728,9.81173604012135,11.911084404909992,130.38651348671448,159.7683085832221,13.002243225910723,15.25280878888681,11.00724702342528,12.910792485434488,0.9989621806942319,0.9999711751173284,0.8033723681201445,0.9404847342324009,1.2870025125609401,1.616429869814545,0.9450610224768932,0.9881806498314736,0.65554520747414,0.8732276126342079,131.46043427139207,161.45186371812372,13.009098423497292,14.985535531458318,9.642605486315002,11.663684379507627,128.47829487084996,156.87620673092096,12.633838954626494,14.54715122218928,10.88164721777474,12.728784459473438,0.9990177862431528,0.9999730609953833,0.8872753134439537,0.9682184215787029,1.9660690341436853,2.440785469741703,0.9337349816758904,0.9829209710713688,0.608812665783978,0.8223300417137984,125.07812849198923,159.19357036442477,12.9043483449751,14.995866660426852,9.558434245080084,11.747502324138063,121.28031428005166,154.01814597852746,12.37365047487068,14.50250234706641,10.916901702877077,13.63223385979678,0.99967071647043,0.9999963381486746,0.8968020945609108,0.9720171549527968,2.6250921107363054,3.1879918381872505,0.9248262250679415,0.9775654671031919,0.4135385961568677,0.6755849800322665,109.42969916295104,151.0268807937038,12.173623826630209,14.485282874863499,8.075725886258262,10.289631805827927,105.34153952355868,144.19845182969885,11.585427405988636,13.996526439026256,11.914548557775982,14.069989790142724,0.9996992012121839,0.9999983232003098,0.9018292687239452,0.9726910702458708,3.091124774810938,3.817994791725751,0.8362704614706256,0.9500539114625113,0.24963318701225434,0.5589830224484511,104.6329147635913,150.5732241108295,12.173886879427506,14.893114015346967,7.6335820563427905,10.15045321095144,92.61507207142401,134.90540374349084,10.837704085088413,13.648054881592886,11.365915136421165,14.832609695314435,0.999702209200062,0.9999983399683067,0.9138532902402025,0.9786942481144205,3.455973353074615,4.270137522461778
00-0040867,Makai Lemon,WR,PHI,2026,20,1,22.0,resolved,scored,0.9855476452456041,0.7078982761486301,138.75608401715277,14.563876846384801,9.759898534637331,136.75073186660612,14.353394531601516,12.733446225935682,0.9855476452456041,0.7078982761486301,0.7078982761486301,0.9651736657001374,0.7234370341972847,154.83952546505407,13.948856724504827,11.057471149667627,149.44703238837602,13.463069177116335,13.244015782833209,0.9990563196537593,0.8263206324889145,1.4313353103459148,0.9416745230951573,0.7100113524022382,159.32585120873227,13.189500516523008,11.228604609271986,150.03309495371295,12.420216608760136,14.142648858374328,0.999093251307475,0.859890239650218,2.1413466627481528,0.8869075426573878,0.6580414624307497,144.473461056919,12.542059645486905,10.792368701679724,128.13460232519984,11.12364730004118,14.075970682956019,0.9992909904541291,0.8643640398991587,2.7993881251789023,0.8035233402221407,0.440923818161218,136.55121739985742,11.998305784305316,10.261543891872028,109.72209031653313,9.640918740811639,15.07522837037221,0.9993435657693668,0.8705903252026166,3.2403119433401204,0.663711533990783,0.4195669899067408,139.5151408399399,12.620548790859882,10.174237609678022,92.59780814181664,8.376403797787134,14.13922033337428,0.9993501301116731,0.8759520303227445,3.659878933246861,dg165_rookie_capital_v2_hazard,0.9689922680216364,0.9942756183415786,0.6469059889427574,0.7703332786511458,131.35451710265423,148.68807290687351,14.081723866922825,15.03243625396582,9.280897404800204,10.365450882120122,129.71172344858107,146.8355023179342,13.793777467764482,14.826221507587757,12.14330201109619,13.40000237022472,0.9689922680216364,0.9942756183415786,0.6469059889427574,0.7703332786511458,0.6469059889427574,0.7703332786511458,0.9453119231487062,0.984944412670766,0.6595591091805485,0.7865965711914882,145.57551353265612,164.2464383083816,13.260487048852916,14.49986315918986,10.54283944054522,11.620454528723307,139.65933451570646,159.4614296035446,12.74172429208708,14.09771060041278,12.511195354297309,13.953320427873534,0.9973601091757608,0.9998057674259152,0.7783353089731675,0.874724093731757,1.3271652739062114,1.5418831005415659,0.9148764687947797,0.9627902841838291,0.6411569652052417,0.7798895582547516,144.10114038255807,173.89161653882238,12.348921948851354,13.881639667382826,10.314302105848599,12.105722921850289,134.3358268223222,165.03074486224327,11.453329147908246,13.157783614493002,13.313947916611674,15.014397369069496,0.9974751717930697,0.9998173209444337,0.811350597112633,0.9058558466916579,1.9902561277944102,2.2910035553360726,0.8475522498762136,0.9248961934825998,0.5880797885547075,0.7296762676458309,129.7885915820639,156.45754371050577,11.875615725950263,13.306814741437563,9.873248439659,11.517643233533272,113.93599348677968,140.69924879034568,10.271218308848312,11.95490829416922,13.183612762229561,14.96727723394572,0.9980860477092494,0.9999233030892754,0.816579516997018,0.9088755422962127,2.6257692830255244,2.987949430852184,0.7410502114221927,0.8531002000094655,0.3448780783030983,0.5380802044636587,119.46921581358731,154.50686589708067,11.039864223533584,12.825668319242288,9.192286448659933,11.267698512939269,93.04351919077979,126.26348807283262,8.576548834178386,10.608413962176988,13.8438580383367,16.141681476298857,0.9981935704578712,0.999959979140296,0.826340178993228,0.9134070624407726,3.0272965459835053,3.4968444792310387,0.5721483926083651,0.7550644485609859,0.318114008111462,0.5367044319996892,119.17746751176121,158.1989749149967,11.4421276939999,13.736482170342526,8.950124667287936,11.354321476630163,75.72756087749356,112.29785488978324,7.0768332603744,9.751354908264084,13.02938064253681,15.228093458895627,0.9982116347532924,0.999960379348893,0.8305427538620632,0.9192074514123952,3.355370918495564,3.993192627959096
00-0041547,KC Concepcion,WR,CLE,2026,24,1,21.0,resolved,scored,0.9836000350025491,0.6914236204592453,132.84626505984244,14.462461451900802,9.475856046107257,130.66759096281893,14.225277590312647,12.49731237667335,0.9836000350025491,0.6914236204592453,0.6914236204592453,0.9696564636755447,0.7214420929784864,155.79013534289538,13.963871235257862,11.096658889649134,151.06291171212644,13.5401580012008,13.846163973387128,0.9987566781233265,0.8221028418149288,1.4128657134377316,0.9392902651276268,0.7091480674254211,160.78727919271313,13.21118542689755,11.451564998986536,151.02592610207327,12.40913786228084,14.377766278292077,0.9988180205713313,0.8578341883194075,2.1220137808631527,0.8892673950956189,0.655590382933096,149.27729488179097,12.932548561106836,11.029198437853779,132.7474311664508,11.500493770883072,14.46004333478521,0.9990464787763541,0.864757831056904,2.7776041637962487,0.8075155519822659,0.45054694187502947,140.88441027000545,12.201254878086846,10.48669037681229,113.76635232487945,9.852703067754614,15.459212301979582,0.9991965923284385,0.8720053275463205,3.2281511056712784,0.6935456188874176,0.45516477673438654,146.82449846585894,12.840782029042353,10.673304910745873,101.82948765633884,8.90566811933061,14.121275543236804,0.9992046264051541,0.8783847767989987,3.683315882405665,dg165_rookie_capital_v2_hazard,0.9683506235915204,0.9926144413472203,0.6277955138648488,0.7552067474292626,124.78440121434512,141.57452874536014,13.918159663437333,14.910044397051312,8.99709431366157,10.088981655653248,123.07383073572336,139.68834329596157,13.632745023823606,14.648096461825405,11.722072779143542,13.249239094265297,0.9683506235915204,0.9926144413472203,0.6277955138648488,0.7552067474292626,0.6277955138648488,0.7552067474292626,0.9538448439442168,0.9838508188028047,0.6534623733889047,0.7842146280622128,147.33747946974634,165.09490342949573,13.273105695285874,14.488344176759574,10.606689206232117,11.604457414985228,142.11208825584998,161.2720434798908,12.87717633971945,14.104026204933055,13.043783055998055,14.60422706253242,0.9968044614767533,0.9996921481093355,0.774581795087206,0.8643126672558297,1.2973219788687858,1.5170327338696745,0.9127852768078806,0.9596145936791138,0.6412663530774455,0.7734360733233756,145.93662783408078,175.31743788650576,12.42895773332799,13.903718024138325,10.643587248970835,12.383551643702567,136.49469522168218,165.6875582473812,11.568269953839584,13.072478170540057,13.540292460756453,15.27124964666604,0.9970000373107812,0.999709355721175,0.8127829500718889,0.8998159608308939,1.962345730245843,2.2582834315668503,0.8548030088373311,0.9238085951791859,0.5867035804946454,0.7208694370667927,135.77687292490978,161.4871259323145,12.23193378670791,13.620729947794,10.224026977013656,11.793982842333024,118.11156453276146,145.63628004055133,10.7464314490723,12.293217628570943,13.503992761319376,15.415987539871113,0.9972677890110672,0.9998798463093991,0.8219078879956752,0.9058269523330903,2.587930323431072,2.9623301129668858,0.7517457307883927,0.855833519752842,0.36399040622025813,0.5380788202530032,122.77495135610312,156.09546883755863,11.273734122405376,12.948172296873436,9.55657171955969,11.40395218396105,98.7313382020471,129.10594402672356,8.857923660928412,10.701482066131351,14.297224359207759,16.445276781402093,0.9979846392367313,0.9999571925207118,0.8317082905084517,0.9110681427822445,2.9977471824064694,3.4480585838024274,0.6094122832379955,0.7764161034201822,0.3587994701748598,0.5622474236390954,127.29790916367448,165.31190449943844,11.724813432144622,13.886052728915985,9.503116303378548,11.76709703318469,85.64348492294798,121.9340137315078,7.767314208278959,10.162337852335778,13.07137444597104,15.225827410660704,0.998004792844364,0.9999576205955047,0.8409293234788732,0.9162603023580643,3.385639088164893,3.986278545862819
00-0041511,Omar Cooper Jr.,WR,NYJ,2026,30,1,22.0,resolved,scored,0.9815123140802229,0.6573330271591632,124.13941413557642,14.216455333938494,8.923333212619458,121.84436363677274,13.9536259728321,12.343451332506861,0.9815123140802229,0.6573330271591632,0.6573330271591632,0.9606957076129171,0.6861534658079371,142.6922171521959,13.744927773990284,10.223194390193765,137.08380052788488,13.204693113922033,12.836868717693076,0.998089011153611,0.7862620116331581,1.3434864929671004,0.9224439743532734,0.6643986428050404,148.55296033942702,13.056448599122666,10.557628021323037,137.03178313744525,12.04384233671394,13.783007946450505,0.9981802679097663,0.8233943148107911,2.007885135772141,0.8660000257503564,0.5761867490880176,134.2657205824007,12.452962678228795,10.079990992277263,116.27411748174916,10.784266000014364,13.847390321863774,0.9985634109137574,0.8306094913267185,2.5840718848601587,0.7713893020921029,0.3766816754342001,125.30167527601772,11.790183474697304,9.51239629766296,96.65637184213861,9.094821402084598,14.704263013496206,0.9987243511722068,0.8376220810835807,2.960753560294359,0.6195311103941864,0.36463860425155936,133.30753606299746,12.512081776715545,9.89742356646314,82.58816584102186,7.751623916471447,13.97092276722564,0.9987371076604847,0.8443701873194492,3.325392164545918,dg165_rookie_capital_v2_hazard,0.9680435117374454,0.990677515200432,0.5952744601919224,0.7234432625986229,116.92191374325871,132.67726895395828,13.74411707562176,14.638355648163753,8.45508664942534,9.490118010997934,114.62426826295099,130.22046962263326,13.448541087920537,14.373043553262253,11.710363149950227,13.070716993917797,0.9680435117374454,0.990677515200432,0.5952744601919224,0.7234432625986229,0.5952744601919224,0.7234432625986229,0.9430724710841698,0.9769169464190838,0.6168836363852924,0.7482925933250066,134.35058567032127,152.08488213420029,13.198724959995067,14.293843497459065,9.711555589060238,10.73557805539176,128.5326714325506,145.47861406359954,12.5724584270105,13.814045490253257,12.034943287638482,13.58614937326479,0.9958415976394231,0.9993858948271399,0.7357440463544426,0.8313225292936496,1.228150231638194,1.4404957275539203,0.8952589562715992,0.9477868222942442,0.5944053356032648,0.7324018596842724,135.36760890749764,162.43490941347451,12.275623492933725,13.668379921494417,9.77682478352825,11.421371531156655,124.07204972566694,151.18592435316825,11.143700011331394,12.697535787748294,13.017325676816288,14.667705040455198,0.9959152124438342,0.9994307608876489,0.7770444807615705,0.8668138528670478,1.8591355956391367,2.153047587903774,0.8258213692359492,0.9032763467205122,0.5046816364624637,0.6538160116876481,121.13866302721526,145.2457281360542,11.785232158052404,13.179600865120912,9.337459487916007,10.794330331544103,103.42322188376984,127.51773696682427,9.99988709871901,11.603133721583525,13.004431861148449,14.739779705848866,0.996769728410957,0.9997350117126671,0.7876227494497081,0.8735860737735551,2.3839136051058487,2.7606313313756283,0.718969444808361,0.8177251419089752,0.29583032451617114,0.4657468241226405,108.4761375498092,142.3502388841887,10.791707281867108,12.584204926842347,8.514705150805979,10.357062111924119,82.23089161194085,110.99393873073078,8.035895389048505,10.019139641744806,13.49348597314053,15.667413186541058,0.9972216344273209,0.9998588671883818,0.7967429479173442,0.8784036417465403,2.737163087051957,3.2090169840377034,0.5318720073958635,0.7020731551842828,0.27392742643752227,0.46911158229778743,111.07491866288001,151.85868029524545,11.400051717496527,13.615303219318553,8.627071867721508,10.902146062011074,67.23435293988986,98.52978728991226,6.597618599980281,9.11504570843483,12.911819145784257,15.021121602343516,0.9972494180830477,0.999860278516498,0.7994501022018755,0.8840444248733369,3.057367908059762,3.630350870220186
00-0041512,Jadarian Price,RB,SEA,2026,32,1,22.0,resolved,scored,0.9777006832397934,0.780309681951541,154.09841954661493,14.808187716564868,11.036083186590734,150.66213007689777,14.477975248028589,14.18069740273177,0.9777006832397934,0.780309681951541,0.780309681951541,0.9710989637826821,0.8098234844780644,170.75416221890035,13.838479464986374,12.448048787902778,165.81918999235413,13.438533068776193,14.684375703211607,0.9975162364879734,0.9239333875968312,1.5901331664296054,0.9344773337938918,0.7105519840836285,166.61231350592155,12.873723482850973,12.230148658613086,155.69543050224559,12.030202796254391,15.365347881912703,0.997595293679026,0.9350684490820328,2.300685150513234,0.9005700687213801,0.6028117621642397,147.91722532020987,12.31958270427858,11.403408600221859,133.20982577169727,11.094647442610887,15.169726961244432,0.9981718437840156,0.9398013108030633,2.9034969126774737,0.836963997735608,0.3653978961684933,124.68474645679063,10.931905507841527,10.237854937105716,104.35664385112618,9.149611336710958,15.50830023592015,0.99820762493534,0.9433804212162695,3.268894808845967,0.6469928784077883,0.34652082156201996,144.46630265675037,12.67961606139483,10.475575870521308,93.46866898882163,8.203621292667465,14.796375871094453,0.9982255486859866,0.9468696912155935,3.615415630407987,dg165_rookie_capital_v2_hazard,0.9634730835959321,0.9890451513252474,0.7215705063506513,0.8336598777252462,144.33648671026137,164.5527174659257,14.17932398957648,15.365535493109643,10.403695681448418,11.695813816539086,140.6112311910598,161.0986573269031,13.839511638520866,15.041243143097365,13.572383168420556,15.048916467522167,0.9634730835959321,0.9890451513252474,0.7215705063506513,0.8336598777252462,0.7215705063506513,0.8336598777252462,0.9540306997043003,0.985673281525037,0.7357636361574851,0.8753656659413891,158.8243002664199,185.88722299668632,13.121481615549422,14.594966394093648,11.726500630370099,13.27219752165457,153.95145314548998,180.6455842347435,12.68619236290651,14.206492842146659,13.762792346452434,15.600663877581846,0.9956825554170405,0.9992106082607872,0.8931888912495703,0.9512914530996823,1.5024856334338046,1.682093628044492,0.9122491167114525,0.9589956153890927,0.6264170541610022,0.7914582966578371,150.3402364519853,184.81484830850738,12.134754342903621,13.714150100846952,11.193333049641227,13.341559826535553,138.92688816690813,172.01256745122143,11.308181264444649,12.861782754478584,14.48255134959524,16.267496129387286,0.9957594690392453,0.9992531401404326,0.9031833560612142,0.9592168178145314,2.141823676356491,2.4499355148299484,0.8632590648762416,0.933283115254158,0.49398270400751193,0.6934382926085821,130.1072174686489,163.51574936271263,11.483898885618656,13.149458016319025,10.399454181822563,12.367938073737278,118.15150953508102,148.50477852364062,10.188771631153248,12.08307733078701,14.103869133025686,16.496125490594817,0.9963234281871204,0.9996339439017407,0.9121681397232221,0.9629514940279388,2.6810869249035516,3.0953455757548847,0.7861054971632692,0.8897788506168773,0.27224822843787055,0.480501532261463,106.60543748670618,140.56327467181347,9.898425699515851,11.907284777293492,9.197982732506393,11.069698137729555,88.91515404688194,121.2101448019116,8.087376464406553,10.152193811494378,14.221210419204631,16.684296905610164,0.9968959435294372,0.9996842397829101,0.9164083044427414,0.9651652709603317,3.025317494020905,3.5026411328071174,0.5463398945058907,0.7378901667887313,0.2517162961407554,0.450094100178839,120.01012967385302,166.63916968015164,11.624382865470547,13.82603477871974,8.903526818769409,11.776326896547435,75.32375357038825,114.78503991084185,6.841885990110707,9.627660560163974,13.629058501608228,16.189827479471976,0.9969269840941429,0.9996873973850811,0.9216212418272056,0.9673663509705193,3.3236054436012124,3.90773934905773
00-0041035,De'Zhaun Stribling,WR,SFO,2026,33,2,23.0,resolved,scored,0.9728502502735493,0.5326970314597499,117.9783960550895,13.352181042762593,8.45014820148,114.77531212906575,12.98967266914933,12.3755746858677,0.9728502502735493,0.5326970314597499,0.5326970314597499,0.9359861470079176,0.5675552447297377,128.26287795852352,12.915559095762855,9.335316938199796,120.05227694454518,12.08878439449614,12.000275815812058,0.9967609105932306,0.6616485432745173,1.1002522761894875,0.8968800255579512,0.5522715905856297,132.84066046591454,12.304097081342803,9.426870114735038,119.14213495380454,11.035298904782247,13.214130286227626,0.9969069068333992,0.7023297067168572,1.6525238667751172,0.8184440609433422,0.474867961428702,118.45993577587008,11.606722227704683,9.138613719719078,96.95283089549062,9.499452874283977,13.160619512124995,0.9973938198153115,0.7090640600290687,2.127391828203819,0.7065155832254235,0.3250402563553997,113.90025653465123,11.379093461678805,8.711436693867254,80.47230617510448,8.039506853654604,14.015647348485405,0.9975049055303514,0.7178540492566599,2.4524320845592187,0.5201844149523113,0.27600029880786614,118.46368245511626,12.109959434014282,8.79804800930054,61.62296135101103,6.299412163278942,13.956710484345662,0.9975298564750479,0.7240597480572865,2.728432383367085,dg165_rookie_capital_v2_hazard,0.9509253678841021,0.9865958392698634,0.46169994222991695,0.6053249207491171,110.83808505189876,126.40656192627232,12.833260843607395,13.847157907317708,7.939737558339022,9.009309035501033,107.29366077229555,123.07922227569465,12.340583873910951,13.462463492915585,11.770117020380107,13.002959208794614,0.9509253678841021,0.9865958392698634,0.46169994222991695,0.6053249207491171,0.46169994222991695,0.6053249207491171,0.9104500995838218,0.9652627521085567,0.4946976010015697,0.6390986962185494,119.47908139085531,136.89678297793296,12.280747053510416,13.484188490830267,8.792471267641185,9.89736765899614,110.77030658616569,130.23492491224377,11.374633790124005,12.761165912365703,11.225698874062179,12.734166619611223,0.9929912828521674,0.9990651983770464,0.6008149885985765,0.7321242903452314,0.9750781214634431,1.2322454841724175,0.8623397265360503,0.9310966678731384,0.481831851161358,0.6353831200310056,119.62233413191953,147.01547190165743,11.465087057449848,13.00488715222542,8.58251133883582,10.207560506017094,105.1924097862009,131.8404233045744,10.069520815716661,11.7722936105633,12.414970500990655,14.171961279502346,0.9931776477263425,0.9992163668336725,0.6380465105240475,0.7746564262633536,1.4855506570163932,1.8367976374275579,0.7665024066297035,0.8667219379874895,0.4083605160364523,0.5522984484468183,104.29748869250109,130.3900008089217,10.899894992855181,12.375428189698535,8.309244185845868,9.799808996414411,84.43417134183201,109.12757375517805,8.673687398502864,10.354360935462054,12.263790184457047,14.154612334287942,0.9940642958122248,0.9993289417148542,0.6462317339435385,0.7789945202602823,1.9296793205970695,2.3433054731321397,0.6383976062088436,0.765345452054942,0.246211328905217,0.4163300006747746,95.7591079371937,131.47862659986697,10.421394892608486,12.20914086337805,7.686775282658097,9.668207767859041,65.5316322378354,95.59441380030144,6.990524079725589,8.960675261430012,12.83582492158027,15.059635047765866,0.9941718139487712,0.9995045415176042,0.6562926862782873,0.7860888112339104,2.21849364691822,2.7421695865016558,0.42348164405438865,0.627207321991547,0.19477428912227884,0.37556956010320086,95.77331693674758,137.86528077449896,10.969394143963282,13.20181058942458,7.415335770728083,10.012211377183243,46.71849958882548,78.72132963335812,5.094838507660754,7.657122854623576,12.742837033273346,15.341824078322942,0.9942300958092836,0.9995094961024281,0.6642970202000136,0.7914728332886507,2.440063371085754,3.0801121074897533
00-0041037,Denzel Boston,WR,CLE,2026,39,2,22.0,resolved,scored,0.9695246908135922,0.5153357722097253,112.61895639207437,13.26384753412485,8.19760592710913,109.18685887577531,12.859627679521022,12.1541257898788,0.9695246908135922,0.5153357722097253,0.5153357722097253,0.9437499122061322,0.5658514446262735,129.67088524842816,12.93825239195607,9.405918718304417,122.37688656889553,12.210474559009322,12.617754811275832,0.9958850917780303,0.6568726502743967,1.0811872168359988,0.8936845798698633,0.5520918568221606,134.70773324602243,12.330791957803788,9.675095604089652,120.38622399119316,11.019838630272567,13.46278970394022,0.9961168173477212,0.7000815794272078,1.6332790736581595,0.8226650691478309,0.4756765155998875,123.6481340999222,12.000566020075656,9.4022674824429,101.72100078931277,9.872446474718648,13.553299179016232,0.9966546586283238,0.7103867686324129,2.108955589258047,0.7130132842483725,0.3355038560088429,118.65704213183126,11.589879238563752,8.96479174666629,84.60404730961451,8.263737859930368,14.413599691022187,0.9969645806190949,0.7206700624360152,2.44445944526689,0.5557385504832932,0.3063370729752738,126.00678259311758,12.33427691294261,9.307538527078488,70.02682670936262,6.854633172858275,13.945102807684714,0.9969949348129039,0.7280905112578694,2.750796518242164,dg165_rookie_capital_v2_hazard,0.9497611518001557,0.9836438267683504,0.45145164655707776,0.5805513582148477,105.68980335774765,119.90850933402461,12.821780202443762,13.614624845553788,7.764819426713226,8.693470924168661,102.51184976532792,116.52349347717694,12.361293101958704,13.229350016206382,11.612723569199902,12.737423971254906,0.9497611518001557,0.9836438267683504,0.45145164655707776,0.5805513582148477,0.45145164655707776,0.5805513582148477,0.9218909914008738,0.9648978497987966,0.5030618588415927,0.6285824792141192,121.81940230446378,137.8518783367005,12.414651522310237,13.444756673122791,8.939934323847453,9.86935359147589,114.40819907383097,129.90745759490235,11.640028572185876,12.772364480888905,11.949121763766195,13.280686771536228,0.991762776365087,0.9985826644270867,0.6045979601125174,0.7126252456478473,0.9671182327832458,1.189189022632734,0.8608758718185916,0.9230335662889713,0.48774205564476086,0.6151197132509753,122.51792380082416,147.52342074696338,11.609206883380828,12.958434135432633,8.96511947156987,10.47046804565813,108.94485854476041,132.37388340065291,10.145674022533054,11.645241607707817,12.7193107382375,14.284027212255685,0.9922424198675598,0.9987045587521054,0.6443979519796799,0.7539121778313369,1.4828292325106944,1.7887929917349634,0.7787977392412336,0.8641563054600493,0.4144930493913227,0.5393430844629326,112.30125088437933,133.41766086525374,11.4061653230522,12.692558108433294,8.698288141733146,9.961178973631677,90.42307160865526,112.3203212861638,9.194981647962724,10.689230976720339,12.755105268198772,14.427147603070743,0.9933168031756981,0.9991689737292447,0.6553861560569758,0.7629754576398017,1.9200695381163155,2.2925364084248576,0.6538555873365872,0.7637342937136247,0.26620127674344995,0.4088321557945118,102.36085814569596,132.69093279902916,10.691629804722874,12.32192836552574,8.036618053894053,9.769015441843868,72.17117967074466,97.77803114339537,7.282144330941674,9.103598619959547,13.345771896741194,15.29304099775994,0.9940769994858749,0.9994259826616161,0.6706764839524646,0.7748245055003815,2.2328280195319765,2.687508896545598,0.47128987355053104,0.6448488632953808,0.238355494641758,0.39166381800709077,105.91653711491684,143.7189999036916,11.320496458128062,13.300853533568844,8.099223565491775,10.288001747166614,56.92358310169419,84.9624370927655,5.78139769910555,7.926849403301346,12.8403189373061,14.960102291821515,0.9941362294910161,0.9994317228349999,0.6769733917833666,0.7815586582678411,2.482146670260873,3.0462671764168223
00-0041489,Germie Bernard,WR,PIT,2026,47,2,22.0,resolved,scored,0.965930306873774,0.48844910596763935,105.89269249730339,13.10397194041114,7.812637314785279,102.28496095961044,12.657523637666657,11.974658880379682,0.965930306873774,0.48844910596763935,0.48844910596763935,0.9399979470598335,0.5438616220117509,124.08096620493826,12.844408859328063,9.022003251172695,116.63585350184255,12.073717958965517,12.43039485676486,0.9944030852544846,0.6319446256859278,1.0323107279793904,0.8792018772022884,0.5265942582595714,129.75029030699497,12.269564447338631,9.366327216055774,114.07669880545185,10.787424094554583,13.297291016444733,0.9947479807641418,0.6759116972733229,1.5589049862389617,0.808869770654123,0.4370426531482495,118.95076070658261,11.959565592559866,9.074447226186509,96.21567453186695,9.67373107797684,13.44811161972091,0.9954626184514337,0.6883844480207375,1.9959476393872113,0.6942797673915028,0.30752704355191823,113.48025496804209,11.494106016061327,8.620050813498306,78.78704502274068,7.98012525120433,14.242889747760008,0.9959698099797655,0.698930601131027,2.3034746829391297,0.5335088769649055,0.28273187792896026,123.15018199787635,12.284362823965868,9.180154908270165,65.70171529571073,6.553816614443464,13.867656039581243,0.9960101118799678,0.706939920475743,2.58620656086809,dg165_rookie_capital_v2_hazard,0.9492605243299744,0.980497662097973,0.42763119125185045,0.5524860588546224,98.85314351536125,112.89208742769533,12.664673332784869,13.464566661867195,7.367788914021693,8.302055811142615,95.85575606661901,109.23196403579918,12.131545561597264,13.049034659511143,11.417091960249191,12.551370871012493,0.9492605243299744,0.980497662097973,0.42763119125185045,0.5524860588546224,0.42763119125185045,0.5524860588546224,0.9189979431237726,0.9590321080165871,0.47526251454183444,0.6008089171660976,116.8473009702886,132.55303565672517,12.382491313205275,13.34826200274453,8.532398517419168,9.463205510518986,109.04235175269332,123.71783639131766,11.475180517284333,12.666440056995869,11.714727540163146,13.1254366777401,0.9901453057322576,0.9976145399856945,0.573338916411263,0.6865715791836894,0.9176216886297636,1.1262753478339176,0.8468339309555734,0.9085285279398533,0.46514827966774924,0.5866060952545104,118.66818203900365,142.14512537865798,11.553150358193466,12.869607991721695,8.720035785253009,10.126960400034598,103.52522605897884,125.13035831077082,9.974594408079035,11.387483271077722,12.562523618243434,14.123581443089007,0.9907281428864115,0.9978193786481953,0.6188182537578095,0.7263914788455622,1.4083124036244652,1.6992824041103327,0.7633239238867328,0.8532558444803686,0.37900846090183726,0.501032741972436,108.02433669717571,128.31550143938014,11.336125651072132,12.66024290087046,8.427144143691098,9.623577851942654,86.02656154532781,106.16657988419747,8.969705420505406,10.439878834674557,12.680704639447379,14.364230966407996,0.9919301124283039,0.9986098679329803,0.6342779319001736,0.7391629183543217,1.8066806150887984,2.1856918605583484,0.6366614425337057,0.747551950655756,0.24034179250930077,0.37913620401312403,96.5028369497632,128.3446786327171,10.560016411939888,12.226795039404953,7.755999574738974,9.405603329026539,66.63430567141985,91.0455820349955,7.096649574336633,8.842889960693222,13.160233141329611,15.091383080313774,0.9925884309318417,0.9990898205541575,0.6459454208044455,0.7483678211296444,2.0875708074420603,2.5280624213153233,0.45235779570176793,0.6114575584780044,0.21952402266351165,0.3598491212964887,102.8659063440471,139.11750378998005,11.302026494995939,13.307838449273108,7.916758980695387,10.135865665893512,53.28127390836315,79.52019053760122,5.471751292508119,7.670984183740449,12.861728198362776,14.830566896625857,0.9926625466225233,0.999098922348616,0.652553113534256,0.756384755993111,2.331113562434037,2.872595457240352
00-0041483,Eli Stowers,TE,PHI,2026,54,2,23.0,resolved,scored,0.9740291375190693,0.2811662569740736,81.70424876328718,12.033839860220638,6.28250927721053,79.5823189545481,11.721310660093305,10.206848962989223,0.9740291375190693,0.2811662569740736,0.2811662569740736,0.9447143937756184,0.44266931546119415,94.8426719897823,12.086079255091498,7.170467394794001,89.59923737288702,11.417893036597842,10.02474627209205,0.9949227038333845,0.4827862239877537,0.7238355724352677,0.9102328764228359,0.3870946842315443,97.37334491186932,12.14309459274493,7.117814801480451,88.63241982604373,11.053043919828802,11.321572964285233,0.9952566808145508,0.553436163007585,1.110930256666812,0.8869928683052847,0.3439801010399564,87.50069999253853,11.608464475772093,6.859084586816832,77.61249686510195,10.296625201985092,11.509435317638708,0.9981566079678765,0.5675853457914252,1.4549103577067684,0.8396979402845169,0.20573999034419807,72.23441888690078,11.166734377500125,5.791517515467563,60.6550927569796,9.376683856491162,11.02904572092367,0.9981820459922048,0.5783820748463556,1.6606503480509665,0.6926588490382635,0.17087294574209355,76.52619804587816,11.263469620876492,6.207860913461263,53.00654825973217,7.801741903773757,11.495157167564441,0.9982002255322828,0.597472105661949,1.83152329379306,dg165_rookie_capital_v2_hazard,0.9638507235496241,0.9841887906527689,0.20354525162879222,0.3579096500183951,73.03397505242192,88.9484085376121,11.355438277626183,12.62943399378908,5.8191743587030285,6.7360103911091525,70.99319839612737,87.17507322993126,11.109780240813153,12.323443450012407,9.376629400966742,11.162290862143253,0.9638507235496241,0.9841887906527689,0.20354525162879222,0.3579096500183951,0.20354525162879222,0.3579096500183951,0.9092034199786512,0.9676707983474637,0.3640088426812481,0.5213703543250193,85.50405167189767,104.05657472278969,11.362441448870392,12.820282724042944,6.582558377969361,7.785088867893156,80.61342348664243,99.06791627356974,10.703455567463465,12.20017530066801,9.202975686762217,10.959496066912326,0.990717326763044,0.9981445988465543,0.40155201822639164,0.563776831722589,0.5990602212042979,0.8457372662317537,0.8773252392800248,0.940451381435081,0.2969343046831794,0.4656484913074717,88.66844185858685,108.2344577106016,11.467619520344856,12.854844471233157,6.590913801572916,7.8024728807370805,80.1942640020735,99.34932425242602,10.308300632733998,11.726777172969301,10.519393277527499,12.127977283599343,0.9914133691661522,0.9983446691384791,0.4765335456414546,0.6320148844371122,0.9401891188750813,1.2997823533548543,0.8432387408127857,0.9221904108508806,0.2678836585626749,0.4289837402936791,75.15027452931875,96.57291909381684,10.892080358521337,12.396116770631979,6.134087010143984,7.46332914209572,65.39081797556719,86.38791676149948,9.539835965081398,11.045329871471775,10.565063997825183,12.488459873764736,0.9955637813457372,0.9997067077761664,0.4946024473534953,0.6497065994623545,1.220517576835671,1.6900104073225508,0.7879378071629687,0.8843571450867913,0.13711015626162026,0.2790758127189779,58.860172521615304,85.74076109436133,10.288872103844648,11.996582904960373,4.976911286751813,6.588309462023645,49.01731274138141,72.00089768169877,8.353784175751873,10.239596844117226,9.914858934145242,12.167998708725722,0.9956909396666561,0.9997087965352093,0.5122547207614315,0.6581234995413552,1.3729844704321994,1.914509105112529,0.6027620825392556,0.7715373994872544,0.11064176110623242,0.2499603003538266,54.21746733396116,94.71167876296307,10.22096158147946,12.333139705787898,4.917782045466941,7.213928894003954,37.33436235660548,66.30317815124539,6.669687716332087,8.826807383981095,10.210112685749896,12.77453064557832,0.9957340302699895,0.9997117085698571,0.527612591525075,0.6813167244724789,1.5069602129684048,2.1222332824740384
00-0041503,Nate Boerkircher,TE,JAX,2026,56,2,25.0,resolved,scored,0.9740481385559289,0.26519092848154036,79.3439192551148,11.871889519710333,6.043226609128546,77.28479685617648,11.56379188781549,10.300142303016628,0.9740481385559289,0.26519092848154036,0.26519092848154036,0.920114422291545,0.390901117749167,80.99636306027307,11.832239662677747,6.268296806130657,74.52592180491939,10.88701436163984,8.4432812941544,0.9941429634658264,0.43044952634220734,0.6560920462307074,0.8911354279275416,0.33068729094514115,83.92490520060258,11.950330042391865,6.014010726898435,74.78845630971735,10.649362476202231,10.543737895483265,0.9944379249641309,0.4935358557087759,0.9867793371758485,0.8602764937081613,0.2673389742083994,67.74230686404913,10.713578795101544,5.673527458369564,58.27711422470649,9.216640000916064,10.547088203870885,0.9981702242717063,0.5021175924790042,1.254118311384248,0.8026518958129188,0.1469733871399507,52.22427108657914,10.528132826631335,4.598424428822909,41.91791019509055,8.450425772665865,9.903119330585149,0.9981775140950565,0.5102127675114964,1.4010916985241988,0.5849112848393406,0.10594050100122482,55.481991693683426,10.67461699578899,4.926490719202125,32.452043046998,6.2437039421748,11.334413797029026,0.998195738954106,0.5254117287580562,1.5070321995254237,dg165_rookie_capital_v2_hazard,0.9595034884459309,0.9859716813359688,0.17594363147406145,0.3716313774344291,66.77689400714505,90.11928723105792,10.953991456673357,12.819333895446277,5.282160795523045,6.749179212967914,65.05779948298748,88.17598066162624,10.667219785428465,12.563476029741194,9.14238034844352,11.539857367640675,0.9595034884459309,0.9859716813359688,0.17594363147406145,0.3716313774344291,0.17594363147406145,0.3716313774344291,0.863907225205719,0.9580415881661208,0.2953357253988496,0.4973073065100377,69.96982085090272,92.91304920491824,11.005818162513327,12.742193691750526,5.513480707012781,7.114688071256175,63.94045310933149,86.4434044547722,9.858295597822451,11.834074890284347,7.353995926141094,9.6127633511972,0.9885170005079341,0.998103850354289,0.3373150136990979,0.5515016403129342,0.5046698464367696,0.828814073039856,0.8376267823028747,0.9326085888789362,0.23689017778516105,0.4541286798302638,70.20447224002095,98.69801077465773,11.001422292670846,12.967544029418177,5.227614877161449,6.952615577097316,62.61571922769151,87.53192418031698,9.664834434435214,11.577179486838933,9.375222449147978,11.838748749749383,0.9897385502596037,0.9984215610694547,0.39904298775925984,0.6116950707238241,0.7648594180553309,1.2556792873748472,0.7866771546719638,0.9072916662197286,0.18693604666170882,0.37303153399498495,52.16559336256839,82.56707203225108,9.686164691400364,11.758309416848808,4.572298523164725,6.608775278411486,43.505211049112724,70.87881330605789,8.12722051335562,10.251054664236918,9.400355875394174,11.925578105998857,0.9948507488746461,0.9997822285631808,0.41588360338143426,0.6193725144478947,0.9727879905169279,1.608487598826336,0.7119968391068255,0.8682619876161509,0.08543751248205783,0.24126869962007627,31.630304912879943,71.53412188872737,9.334662288757837,11.73024585588353,3.4031900801221537,5.726635162966377,26.15794653399421,58.96062047419239,7.171034953920033,9.538548838289516,8.399278123690966,11.457967739500075,0.9948793612748316,0.9997844481275066,0.4270006982753667,0.6365291672671324,1.1031427808306284,1.7715928510791628,0.449163596622253,0.6870756083110818,0.05741484602024069,0.18803309804861162,24.695433129955415,81.77914215838938,9.282343128447604,12.046635685609655,3.0329109731637947,6.502868961106898,14.257270535411765,48.88303254458712,4.713582896052987,7.681209083352129,9.466137535570844,13.074711172973327,0.9949305676620832,0.9997866036462315,0.44415237814705716,0.6491346771890705,1.2132768711755075,1.966881119763332
00-0041472,Marlin Klein,TE,HOU,2026,59,2,23.0,resolved,scored,0.9720561969873734,0.2680356649761449,79.1843299497597,11.906399892924938,6.148520696104049,76.97161863195679,11.573689799727486,10.13807641065312,0.9720561969873734,0.2680356649761449,0.2680356649761449,0.9428773747141067,0.421861159896867,92.35716044900256,11.987675447490185,6.991467264492624,87.08147698020507,11.3029079548543,9.99793049658508,0.9939515138628078,0.4606150545712352,0.689896824873012,0.9044632680928156,0.3669620427469542,95.33455794544156,12.070683066752132,6.985206824125804,86.22660584151798,10.917489454667244,11.360123683435566,0.9943623265873431,0.5303654291497034,1.0568588676199662,0.8806272090809435,0.32476362390036334,85.13710745854817,11.526209150875832,6.685614542143343,74.97405333044566,10.150293395819016,11.537109039657938,0.9977965463753411,0.5455378669470865,1.3816224915203295,0.828842399234323,0.1903562871464791,69.24717982272526,11.055859685131239,5.623320241264399,57.39499866447821,9.163565267022204,10.96977477627917,0.9978294833382944,0.5564888579135691,1.5719787786668085,0.6797081834093924,0.16311835608395808,74.47386529603547,11.139677900989437,6.124363972773762,50.62049569184406,7.571730229847284,11.384903877774612,0.9978511885049114,0.5761880931371335,1.7350971347507667,dg165_rookie_capital_v2_hazard,0.9613550009112757,0.9825638441275915,0.19260892086937462,0.34096493156530977,71.0217408930468,86.38971268501544,11.246996710640696,12.520960060065395,5.720449141238484,6.601011059579205,68.64538987771304,84.18981539672306,10.968346041021453,12.15774106706889,9.289175427247656,11.05473214998829,0.9613550009112757,0.9825638441275915,0.19260892086937462,0.34096493156530977,0.19260892086937462,0.34096493156530977,0.9080584245549909,0.9656204254161,0.34571911375813197,0.4982434813399469,83.41362767174549,101.55607529494486,11.306639190537078,12.718128535824626,6.421111382560736,7.578305470273677,78.7607925197182,95.98962178274157,10.598842826612785,12.029254280351804,9.139529556477271,10.929444941024467,0.9892752839892793,0.997658418962247,0.381528512044803,0.5395255870352809,0.5620166334935245,0.8057285036487185,0.8699414226975352,0.9365310676726362,0.277683710874576,0.449885672678382,86.04316692688859,105.75376143984083,11.419411170240755,12.7918244733663,6.440806512488599,7.676881782229687,77.6421600197723,96.4075565596948,10.155596645330391,11.579841072270368,10.55571659132457,12.175151106469059,0.9900354890811743,0.9978836966943707,0.45357907349922,0.6088853430699854,0.8894690223480368,1.2384800782091705,0.8349968921188025,0.9170027178538657,0.2517047312925036,0.4095483804273496,73.3547095328137,94.07902096844603,10.799602398853974,12.295681927052803,5.989913535778933,7.260614058620596,63.57873931490345,84.00536854998717,9.401491987969465,10.890498837198772,10.59232493988441,12.539229676712353,0.9947512936939078,0.9996587730241353,0.4697226840344669,0.6301222191058448,1.1458679983268236,1.6085758824224472,0.7759360233100103,0.8744549585966105,0.12384638985499946,0.2592146648301227,55.09728758205822,82.19537049739553,10.166564558424998,11.915986800187717,4.770960185255795,6.384689530148096,45.6817108594197,69.34721877957465,8.111815030421049,10.01334018177852,9.80091985995127,12.107282878726577,0.9948274217619418,0.999662954830554,0.48669918328387163,0.635038454346041,1.28772545330532,1.8015526825704835,0.5902153590330531,0.755818864143256,0.10414335314440608,0.2396028442246958,52.196345009082144,92.64044715051726,10.11838438452533,12.175731399597485,4.845582503444032,7.145511954592611,35.990702708274,64.00747966948744,6.42996025441258,8.634339785174117,10.11355309664423,12.626915231939913,0.9948791475443224,0.9996663252822484,0.5074006652845502,0.6591989365193734,1.4153377083999084,2.016286931054688
00-0041510,Max Klare,TE,LAR,2026,61,2,23.0,resolved,scored,0.9712763637297281,0.26319450373001557,78.23569245949994,11.858424406538157,6.0980799475283485,75.98847888594042,11.517807337146241,10.112186599800223,0.9712763637297281,0.26319450373001557,0.26319450373001557,0.9421427460789312,0.4141164217861381,91.42147576844879,11.950630785347185,6.92408166720524,86.13208023107481,11.259200105482412,9.987835548351136,0.993544398537183,0.45236048960696673,0.6773109255161537,0.9021935644551566,0.3594955604743354,94.567045222165,12.0434233439726,6.935285811531736,85.31777960897703,10.865499034941083,11.374636316646669,0.9939881739646879,0.5217244753697726,1.036806485990489,0.8781481539065012,0.3176943230781807,84.24731986800967,11.49524367510288,6.620310776430372,73.9816284136632,10.094527011996979,11.547526966640959,0.9976452900584348,0.5372895840547742,1.3545008090686697,0.8246025815884896,0.18478533841096542,68.1226170179901,11.014120288870727,5.560001439399801,56.17408585759861,9.082272024128962,10.947461898629683,0.9976815623169064,0.5482910474145625,1.539286147479635,0.6747528057956109,0.16026172521607968,73.70125318705118,11.093075817684934,6.092931083812042,49.73012737861549,7.48508403288635,11.343398411980381,0.9977047466937373,0.5682097442810244,1.6995478726957147,dg165_rookie_capital_v2_hazard,0.9602644563561661,0.9819605754351469,0.18999566654717087,0.33506198083919686,70.26422412206304,85.41459427974542,11.197708180674665,12.479506104407594,5.669047058983293,6.568564852113358,67.82527611144607,83.21496786639219,10.910257036329048,12.102329297887199,9.26867335553758,11.025894462924501,0.9602644563561661,0.9819605754351469,0.18999566654717087,0.33506198083919686,0.18999566654717087,0.33506198083919686,0.9072522178068937,0.9652847263168413,0.33986829638882543,0.49044470255162315,82.4992054029764,100.6872559172279,11.287425860066522,12.661527374308486,6.354635458927108,7.499954717592311,77.83800434961292,94.81292773044703,10.558680883719619,11.971082633711019,9.122908480906938,10.915973120463686,0.9885690397289187,0.9974313908321847,0.37245439804190433,0.5321950555691201,0.5502200421081198,0.7905358319595134,0.8674136268365739,0.9351815485312445,0.2705922760584931,0.44392226484218045,85.2159590478552,104.90916427734864,11.400670782502095,12.753111205239334,6.376260468309032,7.626092514400244,76.66699248584096,95.31899314860887,10.1008768650685,11.524393581896634,10.569351179149425,12.193950097801896,0.9895575681521933,0.9977197118390675,0.4452997802081183,0.6017878276476477,0.8664112194074913,1.2129570655192985,0.8328915803952641,0.915259664007419,0.24597861001417,0.4033233573043862,72.58163163662859,93.30871077583917,10.759410891739988,12.268770371501258,5.919443448150782,7.2014040225555265,62.89880284712173,83.27952632931222,9.33804424809134,10.828455415607634,10.603652895573324,12.568995513566215,0.994359731105233,0.9996342574875547,0.4603006965735195,0.6194268792439003,1.116389529283683,1.5774935343973284,0.7722490732158562,0.8714973593489699,0.11920671201121698,0.251977069626413,53.81479241454616,81.07618900598162,10.101644273569134,11.874388430185075,4.6837776295113915,6.314517705094094,44.28548685160578,67.94305359107013,8.037042964475784,9.945041137511838,9.769181933981404,12.093426734953141,0.9944807164126309,0.9996468588490703,0.47795601668261434,0.6277472031154118,1.2579747244549557,1.7597833508327474,0.5832515925208389,0.7511574780540126,0.10267143268947226,0.23585251686979838,51.51683662550211,91.86995989354361,10.073244706317434,12.11647416490845,4.82481751852303,7.128637416024217,34.95184094686277,63.13536561715131,6.340826239992125,8.516905043575322,10.072701371514174,12.615480482514403,0.9945359092485047,0.9996503902605797,0.4991434873688234,0.6510348368049107,1.3838768472923095,1.9744614628630113
00-0041561,Carson Beck,QB,ARI,2026,65,3,24.0,resolved,scored,0.8185636085810953,0.3219180964922484,80.37868843842001,8.038092027120532,7.624855996550932,65.79506926116865,6.579689615826714,13.006839665272178,0.8185636085810953,0.3219180964922484,0.3219180964922484,0.7966244285104939,0.3857804741609637,98.05729463963655,8.474733458591425,8.679299265464035,78.11483630358558,6.751179698229155,13.320917802748315,0.951091054278216,0.4420657488653573,0.7076985706532122,0.6301384989739379,0.23338737561048092,86.01840066863105,7.23122384076597,7.835722835963829,54.203505881469944,4.556672536764823,14.454427595098075,0.9548041857824833,0.4741419826302158,0.9410859462636931,0.6254608634416916,0.21869076411873575,85.59103026877632,7.065273749877927,8.722491887381707,53.5338396947728,4.419052220050567,14.79125565395169,0.9632756271616167,0.49892546324347986,1.1597767103824288,0.5400642472304826,0.14536444034149323,72.82569088420512,6.578355082283608,8.07413893038619,39.33055192641806,3.552734385528316,15.047609505413632,0.9653780262784123,0.5054243740458702,1.3051411507239221,0.4302989727829737,0.153550026147712,87.44906580723155,7.609288450476464,8.49613316030832,37.629243187682405,3.2742690038493683,15.90074445856448,0.9657242460156281,0.509477731414467,1.4586911768716342,dg165_rookie_capital_v2_hazard,0.7743233128606345,0.8764323038661007,0.25050579578393245,0.4039327149997369,70.17748875318058,90.78512801202045,7.307215683754331,8.707818420058691,6.937091016618353,8.319152234787529,57.29038185950841,75.8332439049194,5.856047148613585,7.282076182792705,12.165190617904948,14.022681857927553,0.7743233128606345,0.8764323038661007,0.25050579578393245,0.4039327149997369,0.25050579578393245,0.4039327149997369,0.7321300605333673,0.8606356725995993,0.30963250384104807,0.4654108941143293,86.40617349273118,109.82884979186414,7.832286425483087,9.254720354418632,7.906913886087043,9.552058803499866,67.39362559291563,88.81202143936285,5.950206567294101,7.545432541185268,12.402492412565048,14.141652456284879,0.9255105462364988,0.9757150908770782,0.3611745891495493,0.5314540378676053,0.5719398276225774,0.8537234603294279,0.5431879076456542,0.7229138065346356,0.15169147887730788,0.32599494723030387,69.57067187336168,103.48824093716905,6.2183140235533605,8.146423371635196,6.85899795541742,8.854061475185095,41.821490258038,68.15918944596467,3.708249020210501,5.506193201887928,13.141883307749653,15.779639200531905,0.9294056345164599,0.9768746841638313,0.3902351833097152,0.5622522437676035,0.7590874217209096,1.153832690733412,0.5322335097343718,0.721890374104632,0.14858762677106377,0.2959525992851548,68.24654807135663,102.83666776856506,6.162910239665836,7.993133665854601,7.577559753892875,9.828421182548754,41.29712392329684,67.4584620365269,3.651793524717011,5.312804418587207,13.585012944654217,16.197802864690686,0.9406390483009456,0.9834405485684443,0.419992025942435,0.5878314148580823,0.9326906022630571,1.4166427790184208,0.45828594151007784,0.6377823975189455,0.09217986393892143,0.2140079801857085,52.565913473530735,89.69851010780377,5.351337409225011,7.569691489385117,6.569232403338826,9.462778239394233,26.968178045945628,52.71971165563501,2.6787126290537313,4.384495516973328,13.48399454693175,16.747897224408025,0.9425890146406316,0.985351169343522,0.4272394144478897,0.5937052864668723,1.052180931200288,1.6110442932841902,0.3329807519681611,0.5306277303580902,0.0916101045320599,0.23091806542408258,56.5768892331275,112.61863988204266,6.152056052162727,9.071281071305355,6.625895757825684,9.848918721941168,23.87594370022478,53.597543410918774,2.4187193866378087,4.289355855228644,14.272841061526538,17.612849865061904,0.9431631244942253,0.9854976576500867,0.43099334458976585,0.5955147666571857,1.166954594227084,1.795251135171757
00-0041558,Sam Roush,TE,CHI,2026,69,3,23.0,resolved,scored,0.9554711821866455,0.1736490676545251,72.6664734178593,10.953274655859909,5.727207764982384,69.43072126189647,10.46553828424949,10.079509781997277,0.9554711821866455,0.1736490676545251,0.1736490676545251,0.9204335994539378,0.29716612606898557,82.80141487235696,11.138971023597376,6.397541285777914,76.21320433084233,10.252683193462847,9.994856892272093,0.988718441937366,0.3261286948751396,0.47081519372351066,0.8774908495484972,0.2613024633431446,84.85541564563965,11.303091296309237,6.302382287879011,74.45985076368318,9.918359184122616,11.340778815916444,0.9895592660826672,0.38685316694923716,0.7321176570666552,0.8424652398535604,0.24193141254818615,76.94563331329945,10.98603086251895,6.162141127031106,64.82402142497293,9.255349125630644,11.439854586824811,0.994649349781739,0.40151074099309286,0.9740490696148414,0.7775488127062322,0.15218396376659457,64.600123570211,10.794190342190483,5.2630811248536595,50.22974938269345,8.393009884695289,10.814356483960566,0.9947052792223585,0.4139143867236832,1.1262330333814359,0.6233212303079767,0.1253166934435751,67.5611874695804,10.813185713671219,5.565968101582451,42.112322494606715,6.740088222594181,11.273048105357224,0.9947582264301349,0.42997468614584067,1.251549726825011,dg165_rookie_capital_v2_hazard,0.9398761798688007,0.9716980648720547,0.11981710690622382,0.22703492595793032,64.71993803303201,79.30819203652135,10.352835343248923,11.531313839872718,5.286956392678786,6.1428494239146705,62.41100293047053,76.17356857292789,9.889795228578443,11.06343064628471,9.307541003407401,10.938679439931901,0.9398761798688007,0.9716980648720547,0.11981710690622382,0.22703492595793032,0.11981710690622382,0.22703492595793032,0.8821818432047788,0.9495245268691228,0.23453819849495844,0.3649796856873333,74.59554814507594,91.17665908038157,10.525155186012162,11.77438825879636,5.886018734257596,6.955006558129299,68.65458753732561,84.179502253351,9.594856025903772,10.985924359986269,9.23426560586075,10.973750946360747,0.9812366054852516,0.9951606503756271,0.26062499220877,0.3992448072397563,0.38143337356209966,0.5739837411745946,0.8448061572436122,0.911802454905514,0.19268983697222497,0.32857035057909223,76.69500617912,94.32920153621372,10.673717699521323,11.957384634388545,5.795764169534305,6.906039953110117,67.29627025232692,83.49971646044374,9.256087551711083,10.510436008006204,10.442309091903427,12.151541720097358,0.9825467767525662,0.9957955755438314,0.3200153085143537,0.4638556371042274,0.600578155558984,0.895523955486196,0.7950575456740504,0.8843566606784261,0.1841532990416824,0.3107718921387148,65.58087287060877,85.64844523133496,10.22994877040288,11.719379784637393,5.500646831316671,6.751548069297605,54.360522666529725,73.18956718988277,8.510678111053847,9.987918895427455,10.646999738418392,12.44722069566171,0.9898446622108147,0.9988452017542984,0.33649402744754836,0.4804565368036931,0.786828673764114,1.1862418730595405,0.7185912713202854,0.8248898541876016,0.10018941968377672,0.20914587736606816,53.09419553905452,77.0806795971124,10.016330892843087,11.5633355007869,4.488755019853678,5.958553933407485,40.252463827341764,60.08411177955609,7.385071353727723,9.244271792278548,9.75945545212463,11.885080832872655,0.9899660509123762,0.9988594752821449,0.35303808086008526,0.48887998399762483,0.9277095775533278,1.3328198179261144,0.5363871912146008,0.7058868738429842,0.07747827517590951,0.18538649536854124,47.09684785582198,83.99284063413359,9.8139051278221,11.807798685854053,4.329787432560959,6.499542142633958,28.32528219401114,53.291086494958925,5.633178002075107,7.727138707593954,9.996047301840234,12.524137995662983,0.9900663904032524,0.9988708805293235,0.370418678727433,0.5136888648736184,1.0191717572151762,1.4988368022833332
00-0041040,Antonio Williams,WR,WAS,2026,71,3,22.0,resolved,scored,0.9393382990675893,0.3267637334952255,88.95880657545584,12.022693149155673,6.777079792707426,83.56241405567137,11.293376132939448,11.640894873819457,0.9393382990675893,0.3267637334952255,0.3267637334952255,0.9084406547483476,0.3943791581237599,106.56075858976361,11.962206374606298,7.8957449344767365,96.80412530376546,10.866954591182202,12.060490010070694,0.9852790466830789,0.463461695316418,0.7211428916189854,0.8188349836380155,0.3811850241189624,111.91521658870042,11.494630713174837,8.235291986783697,91.64009454425347,9.41220575194755,12.843876207105756,0.9864248130302851,0.5071154665908348,1.1023279157379477,0.7360727716267879,0.3056746129150671,104.55263663450947,11.474170991847448,8.132887589727618,76.95834902845182,8.44582484408884,13.06936348059593,0.9875842555428272,0.5245906313402119,1.408002528653015,0.606975183730914,0.23514166404318404,102.66924269508853,11.21672162524805,7.794992045563835,62.317682448365154,6.808271669343451,13.814835738325632,0.988919590725529,0.5378493169268936,1.643144192696199,0.4481760691509195,0.20356715038317508,113.55038073586638,12.06638612929388,8.48774905163767,50.890563288790894,5.40786550428411,13.779505412773599,0.9890303948182737,0.5456733984658618,1.846711343079374,dg165_rookie_capital_v2_hazard,0.9204451594107678,0.9594506795422115,0.27605301639807805,0.3809859679422546,82.46468927433595,94.97376449304116,11.595982047973726,12.341532093906698,6.396323982171587,7.211115432269604,77.94645794430184,89.34268675897401,10.830822373001142,11.683219596950664,11.08312411402088,12.259673697819595,0.9204451594107678,0.9594506795422115,0.27605301639807805,0.3809859679422546,0.27605301639807805,0.3809859679422546,0.8847063683633137,0.9335984470999158,0.3419017080357207,0.4482926428661725,99.30997677691954,113.93872530846664,11.531968132046163,12.421167796087529,7.4433953603552485,8.335549797520473,89.79445712835958,104.12924699724,10.346317977761716,11.440794064316673,11.35991027670655,12.730599348845281,0.9773996687716398,0.9924911546120583,0.40982539198063367,0.5167749819362276,0.6263711184674062,0.812022873038033,0.7818869823207096,0.8578253591626676,0.330775541290445,0.4342794237916144,101.78983116886289,123.06371037656983,10.84233097444099,12.076033473047053,7.6446827692623485,8.961540487797423,82.5730270918426,100.76405633465023,8.670287888152023,10.084713881439365,12.072318027897897,13.654285158498562,0.9787607321146317,0.9931267946413885,0.4529347888677757,0.5598688533040765,0.9572370666217273,1.2383757189719082,0.6880163193728798,0.7846702112568972,0.2586406166022191,0.3586596609536159,95.11287193542184,113.46650768199152,10.930036084131727,12.091388946050369,7.5587900181005,8.788823635515165,67.70550647810502,86.39834684860426,7.79459445497759,9.194346013402976,12.262172683356992,14.001855324509597,0.980633918003387,0.9944618861629075,0.4740660403595439,0.5794543878013251,1.2365497517069535,1.5715993153618808,0.5517860035016314,0.6627266505782609,0.18516371341714405,0.29506328115153074,87.8267823505517,115.23141971261298,10.359446476049639,11.970650956397332,7.028020282612075,8.539630728909664,52.60839516891166,72.68934565853736,6.008520071206708,7.6280723766323355,12.741449844298051,14.699773059319414,0.9826432927393915,0.9954955772385227,0.48601735626748854,0.5913159966848233,1.4524920983446548,1.8402043985181888,0.37212381407273254,0.5277222479507174,0.15565148360951492,0.26146840142253946,93.98495713941868,129.98701231267952,11.124153847511954,13.034368372956934,7.29712172572725,9.422058960295463,40.49691172702813,62.660265960309914,4.487654659757834,6.4337580999917865,12.603034352458222,14.90395856226494,0.9828168598119976,0.9955406214661374,0.4942667718181688,0.6025670195282173,1.6309323947899104,2.079490612655439
00-0041041,Oscar Delp,TE,NOR,2026,73,3,23.0,resolved,scored,0.9533888202969518,0.16771096019907183,71.062866675758,10.872175380092973,5.641941132234735,67.75054262692049,10.365410459688404,10.035744828933844,0.9533888202969518,0.16771096019907183,0.16771096019907183,0.9185044031375225,0.28620545540794684,81.21970396843085,11.076349557988724,6.283630546174965,74.60065571652984,10.173675839702994,9.97779207329189,0.9874571877558828,0.31440801955608666,0.4539164156070187,0.8724968458675139,0.25079358467942287,83.55798792395241,11.257010600905662,6.217994233231866,72.90408091068429,9.821706243187357,11.365311428955588,0.9884110921183339,0.3739652537787475,0.7047100002864415,0.837021738451696,0.23193041644980236,75.44150829834255,10.933685845342492,6.051749581201257,63.146182427296736,9.151732733953274,11.45746537927211,0.9940437743062458,0.3891188563481004,0.9366404167362439,0.7686367779787505,0.14418873985475938,62.69912712625235,10.723632749915412,5.156045024536728,48.19285505640268,8.24257852512239,10.776638091632845,0.9941092948803978,0.40149501725777986,1.0808291565910033,0.6141358350216396,0.12096658271850622,66.25513958541228,10.73440808180406,5.512832954405278,40.68965547376246,6.592384670781773,11.202885956522627,0.9941682019315938,0.4176927177054252,1.2017957393095096,dg165_rookie_capital_v2_hazard,0.9381579243667861,0.9697209304618287,0.11564782765057653,0.22134749605081339,63.93515548316719,77.45439763838282,10.268674440508503,11.445415100438732,5.218587862123659,6.05749141807993,61.0167277460288,74.48202454191204,9.80062681259579,10.964296632931644,9.232009403427437,10.892770538683324,0.9381579243667861,0.9697209304618287,0.11564782765057653,0.22134749605081339,0.11564782765057653,0.22134749605081339,0.8817333272438765,0.947160634645038,0.22629313889885375,0.3485466561083128,73.10000348980371,89.23369269058136,10.457439943164502,11.700147343338143,5.783351918447565,6.813958046585765,67.08613202781255,81.91961846808327,9.54453869959411,10.857993196686776,9.187343873688835,10.988017017098496,0.9798797035708051,0.9943302074250322,0.2517605704048172,0.3876401336835071,0.3657486137028259,0.5540786744143702,0.8387845442838099,0.9084145866029429,0.1851891727599602,0.31758748285428046,75.38900289531577,93.09843873499287,10.633940478076894,11.941580677267867,5.717670925265703,6.822053582155635,65.67892848175678,81.8385004904263,9.186225077841872,10.403114726615737,10.457066390332523,12.235308308639691,0.9812413747930065,0.995204369465241,0.30774401597415446,0.4469496392851862,0.5743774803409142,0.8596627118693297,0.7888393773903317,0.8794476470892996,0.1750743138397373,0.3001507495789475,64.5246897408138,83.80696578861071,10.20049107853179,11.669075302229711,5.372710873448338,6.604419763169319,52.980887907285215,71.5064254116961,8.396476239322347,9.87284435140807,10.636239160532215,12.481220037959307,0.9886855672362422,0.9986937431123757,0.325318348842517,0.46506078371481135,0.7570175454220507,1.143541056402576,0.7084922402056855,0.816856183235323,0.09333340928798321,0.1986131676269581,51.06785204547856,75.03740091791191,9.935210118266973,11.506313501576296,4.388984203389973,5.8590084564302245,38.27869332790304,58.28043993556587,7.26282904932894,9.11890330034083,9.722027771701136,11.873821406766934,0.9887295811449586,0.9987013280622263,0.33976540530652294,0.4727730287047832,0.8821046901710392,1.273931328169466,0.5253624861792358,0.6940162121988873,0.07428809458031102,0.1799705713058083,45.791826487494944,82.4380386560936,9.737247443404234,11.680427063058202,4.291052775008609,6.46554843685083,27.119281191725726,51.706826983781376,5.539678657773381,7.586378608739578,9.949291929453834,12.437877570776687,0.9888422853335089,0.9987143147816041,0.35858801780293437,0.49801204587357084,0.9726876688372434,1.4235496612761924
00-0041042,Malachi Fields,WR,NYG,2026,74,3,23.0,resolved,scored,0.9387817439529222,0.31573982261869626,86.8041879641699,11.932426093409198,6.599565109451787,81.49018695942068,11.201943777560041,11.661857312930948,0.9387817439529222,0.31573982261869626,0.31573982261869626,0.8905141198592709,0.37134869365299517,98.90812901049833,11.834678391004923,7.396262688549787,88.07908545271114,10.53894821118328,11.233707062444072,0.983803548314407,0.4396033946277223,0.6870885162716914,0.7994204627152891,0.35409323057398834,104.51007457459576,11.399537229578733,7.642134496953722,83.54749217483271,9.113023326809996,12.410334542485156,0.9849236403706676,0.4804213800866851,1.0411817468456799,0.710061053603527,0.26649451410994907,94.11689852226311,11.034524714405318,7.50301856284775,66.82874412661438,7.835186244724798,12.559176463020606,0.9863692471792239,0.494214793666284,1.307676260955629,0.5746493276896184,0.200542335072832,92.12935357551987,10.898945461684953,7.156519265912758,52.94207109265164,6.263071682083075,13.226179539719238,0.9872177041997637,0.5055702751145883,1.5082185960284609,0.38895921855110915,0.16128964459922734,102.81610884563385,11.7863085167836,7.835955473811598,39.991273351063526,4.584393350290432,13.704595590598652,0.9873455271577661,0.5125000148571909,1.6695082406276882,dg165_rookie_capital_v2_hazard,0.9208439768436893,0.9573740894196808,0.256489015085491,0.3727472524412316,80.15156603813257,93.15324877795797,11.464890469328473,12.327578397398694,6.161685457874164,7.051899075051513,75.83134351441826,87.71778738949675,10.723418926886302,11.686339327714402,11.041533753085227,12.325977120920843,0.9208439768436893,0.9573740894196808,0.256489015085491,0.3727472524412316,0.256489015085491,0.3727472524412316,0.8592038431678871,0.9205205431674887,0.30920279066257444,0.4303172241321763,91.20263296632413,107.46018335458216,11.304902525220045,12.43181200032507,6.9203618606467625,7.910215762778962,80.62377029678561,97.0459257333222,9.908022828630516,11.189619949389616,10.450605547896833,11.970684840674272,0.975934396291536,0.9915075116845242,0.38043423498259643,0.49773681027287925,0.5771608704666958,0.7828404642201439,0.7567107734911137,0.8434590310347874,0.30139183510596124,0.4076267593819799,94.04275000029226,115.9016069435342,10.633490415015691,12.064808235726408,7.011582389862873,8.427048016510147,73.720195024261,92.29222863159045,8.253033961651191,9.796364816902491,11.618549014830231,13.362970577715869,0.9777485002447357,0.992194181440587,0.42301579234683145,0.537362202210692,0.8948049761041045,1.1721154165505407,0.655321488900883,0.7665709987052706,0.21741330731642697,0.3202595155467626,82.73822647009332,103.87389911177013,10.354405908798439,11.716008860768355,6.807903972339072,8.107933458990136,57.37170503327208,76.28335711265035,7.057537266100777,8.642615719720274,11.728248197279589,13.577405595705894,0.979030561666686,0.9933732441285815,0.43630841055601677,0.5477564209459089,1.1320187808632445,1.4864711360701324,0.5121360512639835,0.6368647306820382,0.15141969209687345,0.2694678450695914,76.4449114568874,107.06913139849256,10.014844130051289,11.648321447399942,6.29923998723226,8.044933482938507,41.76016777181494,63.88539498464127,5.4025865055903,7.095123917088981,12.092958241376705,14.261668437574398,0.9801427318341137,0.9941754585738176,0.445917754196306,0.5611274359988543,1.3115762396065918,1.7335141668124323,0.310748166990279,0.46919753122973773,0.11692635086525155,0.22491077213857233,81.98053881189729,121.05929731882013,10.67885619038732,12.965695583360686,6.635524324587346,8.93976987416639,29.45449658883045,52.063758369273366,3.5896431052090074,5.579623757953624,12.56950940330386,15.003355150501147,0.9803413045157726,0.9942337039880794,0.4557693690888239,0.5727813513345679,1.4434264949788984,1.9068742105454648
00-0041523,Caleb Douglas,WR,MIA,2026,75,3,22.0,resolved,scored,0.9373810746787538,0.31985069050473935,86.98301659101902,11.975730882768682,6.663998126502907,81.53623357088928,11.225823484953247,11.588177804154402,0.9373810746787538,0.31985069050473935,0.31985069050473935,0.906312876691264,0.3881203850698769,104.91876145246334,11.934640534970608,7.782972621838374,95.08922451086656,10.816518395525378,12.005454417147394,0.9840113271013853,0.45613827942132484,0.7079710755746162,0.8122524043052182,0.37408670658640736,110.45900460228668,11.476645587428715,8.14459356963383,89.72059206536852,9.321932971747847,12.795262198748869,0.9852884184966005,0.49967542182373653,1.0820577821610236,0.7304990627346082,0.29652421258532086,103.17281814256249,11.462127421254522,8.036592828008498,75.36764695283009,8.37307333817108,13.038465417511516,0.9865379932298283,0.5180153904556728,1.3785819947463445,0.6004950018109659,0.22839434336844702,101.1485999742867,11.188588953566132,7.693726960869757,60.73922872473596,6.718691743933848,13.764690962352242,0.9880671569817159,0.5312679692482247,1.6069763381147915,0.44148696746609284,0.19803992781307322,112.71127556040612,12.051724236952843,8.450331061181116,49.76055924639884,5.320679186109922,13.756756000746396,0.9881864854118987,0.5392068125586011,1.8050162659278648,dg165_rookie_capital_v2_hazard,0.9194840013023531,0.9570117446712672,0.26876932192473096,0.3755309286652218,80.5176135575563,92.91322485817956,11.556627906024133,12.30933113793683,6.2718654916624965,7.103705355281524,75.91818679099993,87.11655167190997,10.768939050854472,11.62960816282571,11.015743853621567,12.209844204815573,0.9194840013023531,0.9570117446712672,0.26876932192473096,0.3755309286652218,0.26876932192473096,0.3755309286652218,0.8816591618647402,0.9311897855172206,0.3362653207024792,0.4416128427364553,97.50939936636135,112.4763769675848,11.51549313710713,12.402647555901746,7.314912459203343,8.22417281766866,88.0723587791194,102.3764944828927,10.257428618044584,11.385141761914664,11.30489788989054,12.688775440455766,0.9759411904117016,0.9918354413922721,0.40135071078315354,0.5100715130494836,0.6128990216902073,0.7948880973124053,0.7743253599108987,0.8515236974418308,0.3245973254080711,0.424794411920657,100.1316778510027,121.52665092171743,10.831876787125134,12.068183557346474,7.573338487423588,8.883611493608061,80.89087348110668,98.87747962144813,8.605191908963024,10.011341935952398,12.025996402478256,13.62018637620713,0.9778686101594591,0.9924435489882083,0.4470157951496427,0.5530701696720534,0.935073632257503,1.2149998314143382,0.6822486918964294,0.7789512870833609,0.2479092634661841,0.3495671931601922,93.96191922105243,111.81401054417785,10.915963480036671,12.070903177788844,7.463905644461444,8.673830221156685,66.075046761049,84.88953726667756,7.70337856260651,9.144433006326228,12.221939688891322,13.978180680271109,0.979195840730846,0.9938334369181622,0.46449717807140745,0.5722287937885695,1.2076344320506291,1.5385109869935463,0.546030449037226,0.6588112057361313,0.17988587613862309,0.2882472539958462,86.67522440939044,113.89316712873395,10.303131826321893,11.929721326811606,6.912311016235672,8.454293613816741,51.239343604901336,70.9652459249502,5.921225541526719,7.54264699873683,12.690929247554218,14.634044585889564,0.9815081162516891,0.9950890588735276,0.4777584198579462,0.585569096927138,1.4190369720088023,1.8016111641603476,0.366396146395452,0.5178921309803974,0.1527887207283379,0.25431083919546765,92.82317595836366,129.4281279474554,11.08820904291369,13.019009240847849,7.298568875949109,9.38513197432578,39.245735379224314,61.87533765751248,4.383850722356357,6.321475822906867,12.606321670150486,14.860375598620957,0.9816930350891723,0.9951381682847924,0.48756568898933317,0.5945633983829188,1.5957682214913824,2.041380129589478
00-0041565,Drew Allar,QB,PIT,2026,76,3,22.0,resolved,scored,0.8015835389783326,0.31320608102909536,77.20868918454602,7.968752904094449,7.552542122727108,61.889214316426504,6.387621154107894,12.79290463317119,0.8015835389783326,0.31320608102909536,0.31320608102909536,0.8255705669056312,0.396570800051678,106.20512880743186,8.514844083085961,9.237415058487713,87.67982839783711,7.029604656786337,14.82675311677786,0.9420967591728875,0.45222105654651357,0.7097768810807734,0.6447260588050611,0.24883806148663407,94.29910239821557,7.204472837977885,8.661195870706301,60.7970886380564,4.6449113785975955,15.194347610845021,0.948336414646285,0.4894097778124229,0.9586149425674075,0.657614321578081,0.26622411030797144,100.85122291484106,7.76332242266193,9.643556575503647,66.32120853746302,5.105272008170729,15.751179202523527,0.9561185308767128,0.5336875142466966,1.224839052875379,0.5831736742215088,0.17783302571757525,87.26708186385827,6.965068048936761,8.982007551083132,50.89186476913542,4.061844325301286,16.134297648190564,0.965265861240748,0.5425085639986014,1.4026720785929543,0.5281806422825188,0.22091052433385425,105.02443914884535,8.001987015398962,9.610941864836754,55.47187572499845,4.2264946413298,15.990331032888076,0.9656132026283405,0.5479177352284275,1.6235826029268086,dg165_rookie_capital_v2_hazard,0.7528253113391881,0.8583154029469268,0.23668054543014375,0.395308549939987,67.96016526106081,86.78359506178766,7.301226193587851,8.61441551200076,6.8346870348266195,8.331344327931241,54.30033073777204,72.2454515421279,5.767637193233183,7.08550425389968,11.729586851401464,13.91734341256475,0.7528253113391881,0.8583154029469268,0.23668054543014375,0.395308549939987,0.23668054543014375,0.395308549939987,0.770600358404604,0.8796433987871849,0.3168923215599709,0.48500136873036825,93.89613094145449,120.08347955643266,7.744429678102401,9.224971191174735,8.464483592135297,10.198086584443976,76.17405894448393,100.03199733591916,6.297733653635707,7.823971678902654,13.76916967471634,15.8126253159803,0.9110874726112423,0.9696491638311943,0.38295234414693496,0.547010799834887,0.5813992308250833,0.878603488478467,0.5680491250894947,0.7281303512711927,0.17054161536929816,0.34464824257502497,76.85336596258668,109.66631271476221,6.269029432384019,8.174840868811138,7.706579749224617,9.697641170788415,47.77662768971013,75.65044548925142,3.8200527115178513,5.584770016103699,13.894555055531772,16.432506176208335,0.9215576540462943,0.9745104648312611,0.41585102748126945,0.5829470887666922,0.7723387662560077,1.168803894361158,0.5924944497116528,0.7421921495392064,0.1938446408656468,0.3468350710849625,82.84845436464335,118.28256894852225,6.897550516145118,8.589882305778985,8.335049516150795,10.693216912595414,53.456891648876194,81.17526813108468,4.406004136473344,5.977552492778158,14.392230779518146,17.076279645585394,0.9284622224413974,0.9809380765564177,0.45554449863239355,0.6245663608854702,0.9932114929570901,1.513519430730197,0.5111569380451435,0.6600277665698755,0.10583756436222702,0.24474815678600365,65.76348214954922,104.94068956795728,5.723681611349821,7.871056761246907,7.500991851398904,10.233534530316142,36.56668029788567,64.36791312388678,3.1954579954373314,4.948660990267204,14.582651095067437,17.739826575719917,0.9371331386623055,0.989891979648484,0.46552598340986306,0.6314598309490471,1.0974815927597907,1.7249801225565338,0.43721320763159127,0.6166677384549738,0.15078001351565143,0.29807730137776645,79.22799892274482,128.12611957868594,6.67713757121842,9.195577445899836,7.942300078164255,10.850642187264313,39.117627833571575,72.0521964234302,3.2885125777462827,5.158209841772438,14.434074655694513,17.556061731442185,0.9377618072756825,0.9899930598519991,0.4736164678440673,0.6352187434107157,1.2895180914326738,1.9991308097633766
00-0041044,Zachariah Branch,WR,ATL,2026,79,3,22.0,resolved,scored,0.9354712959559179,0.31336915860028675,85.10991250414283,11.931209342629629,6.556793548695094,79.61788014894528,11.161303866071094,11.53820054978245,0.9354712959559179,0.31336915860028675,0.31336915860028675,0.9042071260695589,0.3822263416068973,103.36210230713785,11.908507349112547,7.676061319851181,93.46074947164483,10.767757205919278,11.953279137972833,0.9827238087575765,0.4492360633738198,0.6955955002071841,0.8058299056020761,0.36741203987334625,109.07847496877548,11.459595185916712,8.058608937069227,87.89869718730677,9.23448450690527,12.749174761091028,0.9841379703730603,0.49265153148337953,1.0630075400805303,0.7251218189857119,0.2880299955392493,101.86471167539162,11.450709779968815,7.94530270449253,73.86432502051505,8.303159504328468,13.009173190758744,0.9854782170047931,0.5118450583261253,1.3510375356197797,0.5943155396399952,0.22213138438252053,99.70698820509638,11.161918395097254,7.597724832357901,59.25741250099049,6.6337015543998135,13.717152314241309,0.9872148395781728,0.5250877891073149,1.5731689200023002,0.4351525056622519,0.19291637278621918,111.91578041878984,12.037824353523096,8.414857761185193,48.700432272382784,5.238289430157653,13.73518892277868,0.987342691182391,0.5331345159915591,1.7660852927885193,dg165_rookie_capital_v2_hazard,0.9181287287395283,0.9546661026043856,0.2619774919956986,0.3702090158052537,78.80222264118446,90.96405642151775,11.500351530736141,12.274824284944254,6.1613388765623025,6.998720375344426,73.84894171748098,85.32958767316437,10.691772731795286,11.577808634476717,10.952717345585787,12.171065295322213,0.9181287287395283,0.9546661026043856,0.2619774919956986,0.3702090158052537,0.2619774919956986,0.3702090158052537,0.8789406646747429,0.9286336323483312,0.3277867616506079,0.4363014050225661,95.84814003997126,111.01091803923185,11.475285215754203,12.406145873058245,7.193547756863053,8.11601646535108,86.60343642184294,100.56067543628808,10.1817218297773,11.35004004270673,11.255278761449887,12.657791734263952,0.9742452477579052,0.9908698922025543,0.3954491674670923,0.5025312529445735,0.5992328833652364,0.7790943675574081,0.7670992502995929,0.8460444349314349,0.31808805984219773,0.420479098000196,98.78832301989534,120.6235526400842,10.827653495409624,12.075825411143391,7.482822422083481,8.811976792051444,79.19347734797513,97.24635615399798,8.535446476420223,9.950511748332794,11.982790596396804,13.573714553746557,0.9763755938110816,0.9917569088465585,0.43909706347709904,0.5474323439212087,0.9175399134843634,1.1917306047727325,0.6776764490228875,0.7744188623679039,0.24050546763134298,0.34200398518145253,92.52173492430974,110.55979005602217,10.902680573356077,12.051482097332059,7.37353601270352,8.560473831773612,64.55163520270406,83.27925454718446,7.608798971282338,9.091893358277629,12.19980573363997,13.95573645632638,0.9776233880085914,0.9931719698270443,0.4554816953689533,0.5647837442368109,1.178670261807719,1.50936349317226,0.5405748324997025,0.6557624033107633,0.17454737029419282,0.2816534238105037,85.26451176789487,112.8707683126382,10.251317710569095,11.917157546048239,6.781662591114719,8.351890732883481,49.72991492050739,69.3213775296568,5.841057858877909,7.448332963591406,12.639555272068234,14.589342258422539,0.9804848955436303,0.9946730361724314,0.4722574711482923,0.5789265399218056,1.3851820693445325,1.7666429087219044,0.3609976641475574,0.5096674988314149,0.14706711244363072,0.2497053974268364,92.01344006921258,128.86832031212168,11.05578032995083,13.004448354644856,7.2589495991062964,9.37288353832479,38.08280641512217,60.77072988846192,4.305698469863797,6.1834653119647305,12.570280689217936,14.843544265415858,0.980680046588194,0.9947263058107071,0.48066895634573686,0.5889523361154818,1.56292220483312,2.0034694641693496
00-0040870,Ja'Kobi Lane,WR,BAL,2026,80,3,22.0,resolved,scored,0.9350008756925595,0.31181083462525344,84.65645817884274,11.920431252353428,6.530840703981592,79.1538625302485,11.14561365958341,11.52610170150148,0.9350008756925595,0.31181083462525344,0.31181083462525344,0.9036839616962162,0.3808054553935578,102.98525521817388,11.902180842089132,7.650179473428857,93.06612343185529,10.755809936203914,11.940648176254683,0.9823991206227707,0.4475713394019802,0.6926162900188113,0.8042483121423685,0.36580444805595547,108.74426656150825,11.455467503761783,8.03779316723618,87.45739283725281,9.213040404702165,12.738017587234877,0.9838484200014842,0.49095575074256104,1.0584207380747668,0.7238063702872106,0.2860009935390632,101.54803598200776,11.447945716368716,7.9232025437724,73.50111533393209,8.286096036209862,13.002081920705052,0.9852114003846493,0.5103609645970296,1.34442173161383,0.5928146964188786,0.22063487987074473,99.35799260110245,11.155461797100049,7.574483956041029,58.90087822061174,6.6131216986602634,13.70564382106367,0.9870019981631832,0.5236007208906117,1.5650566114845748,0.4336203034668682,0.19169308111844968,111.72320131160167,12.034459371135545,8.406270133071773,48.44544845702672,5.218385924571491,13.729967811545691,0.9871319781815514,0.5316734239946426,1.7567496926030244,dg165_rookie_capital_v2_hazard,0.917766507945115,0.9541316084361532,0.260398119106528,0.36925949713572964,78.33520853605935,90.4872956451623,11.491453238430964,12.264974157611617,6.132707881397104,6.972487063420149,73.3909948454018,84.8163469791,10.679965142196151,11.565375871810721,10.943977606571064,12.159491163976417,0.917766507945115,0.9541316084361532,0.260398119106528,0.36925949713572964,0.260398119106528,0.36925949713572964,0.8780574425956098,0.9280945186208672,0.32589895400437613,0.435521811535194,95.45180848968513,110.62359882339109,11.467070499222118,12.401633869347865,7.164593185633149,8.092142805979568,86.21287461408664,100.15106437534965,10.170058773850593,11.34221994686878,11.23644810805214,12.648253329550457,0.9738929646451625,0.9906609783904772,0.3932856587226892,0.5004471502976459,0.5957061623291967,0.7759141805557783,0.7653477983051803,0.8450473248796274,0.31559883334162353,0.4190922231551112,98.46793580629193,120.4294325868369,10.82183063289805,12.073098830390334,7.464616007463389,8.796205506662545,78.73520185820666,96.91613226212435,8.517813077388865,9.942674700290533,11.974366092941636,13.56207157730371,0.9761400419048335,0.9915803062724013,0.43679168188316453,0.5460613190988272,0.9139536821519909,1.1866341039901613,0.6758471513756729,0.7736311869962215,0.2387788683843278,0.3397989808231756,92.14033522868763,110.30631666913195,10.900953628311246,12.046780504400393,7.351658691158218,8.530700254014693,64.18573223019948,82.91099009676192,7.585376767249063,9.082492764405673,12.19177440794515,13.950302999372731,0.9773800369863249,0.9930018198633073,0.4533287051864685,0.5628161260146761,1.1713304514072136,1.502000436705974,0.5385485555564814,0.6543226718224069,0.17294761336325146,0.2803436293979561,84.80067535190376,112.61746836328065,10.246618152621485,11.915918628823606,6.755202687337024,8.33085032388722,49.45369571759804,68.95402268929041,5.821866363192361,7.429879344982151,12.623431386004556,14.578520401867461,0.9800881012859521,0.9945954815249471,0.47089829956094315,0.5781530150088231,1.3786690841507647,1.7582121341980297,0.3596955904039477,0.507938004191228,0.14567623059100773,0.24857116745090777,91.82707210251858,128.7367790929357,11.05377445979634,13.000923352016752,7.2493582835058925,9.369807220295007,37.80579195558975,60.34336911643151,4.29232163473681,6.150521039642969,12.558100355330085,14.845951831910792,0.9802872202730926,0.9946495267096976,0.4793830029203491,0.5879300792826685,1.554094047170276,1.994684761798684
00-0041047,Chris Brazzell II,WR,CAR,2026,83,3,22.0,resolved,scored,0.9336057165075065,0.3072746245035178,83.32934597756196,11.888887314377783,6.454885232932903,77.79675375748363,11.099533159616675,11.490692337692902,0.9336057165075065,0.3072746245035178,0.3072746245035178,0.9021220257126764,0.37666078804249714,101.88234729144885,11.883665229393838,7.5744317911104435,91.91030952292425,10.720516149632067,11.903681490803013,0.9814188848954631,0.4427136636020307,0.6839354125460149,0.7995592754931756,0.3611185112159626,107.76614808229557,11.443387130843984,7.976872230808437,86.16542328337053,9.149666323525546,12.70536419585635,0.9829756284414621,0.48600364367690446,1.0450539237619774,0.7199257615150413,0.2801256731590018,100.62123001040159,11.439856208067349,7.858522616146744,72.43981563981849,8.23584719221546,12.981328097253034,0.9844069315564851,0.5060399429947925,1.3251795969209792,0.5884121223813519,0.2162993565250474,98.33659684322276,11.136565450758694,7.506465527706122,57.86244565628005,6.552890112919759,13.671962233167704,0.9863644731780029,0.5192696787721235,1.5414789534460267,0.4291394575966354,0.18815112334757317,111.15958537808503,12.02461117048015,8.381136959974706,47.702964175818295,5.160235115510295,13.714687330061789,0.9865008284462229,0.5274180761939471,1.7296300767936,dg165_rookie_capital_v2_hazard,0.9166979493375922,0.9521186616351984,0.2560785887418678,0.3642611751376234,77.05109330878916,89.31017454884027,11.450683016665671,12.244626541824234,6.049645674407103,6.895710756761979,72.06041006984452,83.35409123828788,10.644788309595805,11.52885601595241,10.900267182171579,12.125617474673607,0.9166979493375922,0.9521186616351984,0.2560785887418678,0.3642611751376234,0.2560785887418678,0.3642611751376234,0.8743588508177425,0.9269915868548285,0.3226674661937184,0.4312026040755821,94.22738235462242,109.657243040353,11.446659874891843,12.380803005785626,7.093602881767259,8.02345206569619,85.05436802374614,99.02344066088263,10.13862251653985,11.32689684511204,11.181607094546786,12.615295271358281,0.9724777856057463,0.9902136179381048,0.38863091217842743,0.4974743268424365,0.5885136425866301,0.7665691511044738,0.7602208071353723,0.8420768487524076,0.31037874936613213,0.4143556674205745,97.5302674313656,119.5035296753515,10.809565831456363,12.071545226274864,7.411936840231291,8.750048122993007,77.29828545175255,95.80967261644786,8.465626413259423,9.883402160586446,11.96063100415458,13.517940043372814,0.9749239074228431,0.9910342965344819,0.4302877228846422,0.5420549362255825,0.9031311436766466,1.1713988232514991,0.6705284464575626,0.7713760416963014,0.2330366752000392,0.334708001212217,91.09897758744373,109.63936771573388,10.890011378312595,12.033020482724693,7.270373234089497,8.4604762595227,63.11710952533874,81.83225945480214,7.517761355494616,9.05459056638883,12.166278171613827,13.952115511981159,0.97667167007105,0.9924797692205554,0.4501284915330231,0.5581948390705757,1.1530298641474672,1.479783414317801,0.5326108365647233,0.6500302079345992,0.16833427263121217,0.27616564740021443,83.44317817365365,111.6278049884713,10.232864086677193,11.894391454624321,6.678183946664198,8.25870870241544,48.68651686084989,67.88783292572302,5.765923514871897,7.372756479766353,12.548044357301551,14.546848374336907,0.9787601473709495,0.9943541214127882,0.46563230397364813,0.5748927643619521,1.3596504407863743,1.7399114521198837,0.3559103147007378,0.5027051748245469,0.1429659999118534,0.2449157405811025,91.36372020604215,128.38913886165176,11.047903935230396,12.990606824560084,7.212331341062522,9.360803845611908,37.16024462075293,59.14021254192994,4.254375333591886,6.117474688776824,12.522452509855146,14.8529979900188,0.9789725458972401,0.9944105801986604,0.4741918845022426,0.5848033160049944,1.526807375216903,1.9689987604504031
00-0041048,Ted Hurst,WR,TAM,2026,84,3,22.0,resolved,scored,0.9331458831046157,0.30580686076826546,82.89761454748825,11.878625552456494,6.430175668733189,77.35556773418195,11.084490531216069,11.479173089161904,0.9331458831046157,0.30580686076826546,0.30580686076826546,0.90160384517544,0.3753169695471357,101.52355320004868,11.877641796002212,7.549789824002813,91.53402594103724,10.708927514892114,11.891655619923572,0.9810901954037159,0.44113811449064383,0.6811238303154012,0.7980144648779757,0.3596002780756521,107.4479500509577,11.439457186811678,7.957053648039027,85.74501836215047,9.128852305428035,12.694741510492593,0.9826834187950283,0.48439624697441624,1.0407241083910534,0.7186534547965078,0.2782348653178662,100.31972478187893,11.437224557944495,7.837481171705242,72.09511679873214,8.219400941850273,12.974576537083674,0.9841375295287027,0.5046416050710513,1.3189589737089196,0.5869768156959192,0.21490319114109843,98.00432000122325,11.130418158448933,7.484338014065561,57.52626367876191,6.533297408010392,13.661005058562992,0.9861523812170911,0.5178676598799105,1.533862164850018,0.42768296306280007,0.18701114667561827,110.97623184342939,12.02140738880404,8.372960725325507,47.462643664342146,5.14135113222875,13.709716338071141,0.9862908574049203,0.5260405733453105,1.7208733115256363,dg165_rookie_capital_v2_hazard,0.9163481423192659,0.951503992286452,0.25472096836631114,0.36251818403098524,76.69449848692544,88.80961586720869,11.436750042498184,12.2380071276903,6.02537472341529,6.870734161235752,71.66760029330342,82.91566124077625,10.622045453787994,11.514119457325215,10.886293153667426,12.11459780632118,0.9163481423192659,0.951503992286452,0.25472096836631114,0.36251818403098524,0.25472096836631114,0.36251818403098524,0.8726100816076905,0.9265250518994291,0.3211103245160426,0.4297790342417518,93.89620260616026,109.299647448053,11.43780138894608,12.374026383201103,7.073449871037193,7.999647329615503,84.6010866203798,98.65627780101694,10.128542599372254,11.316719578756096,11.163766410718766,12.604465213370025,0.9720352138044105,0.9900012193402926,0.3871246437613731,0.49582562650090406,0.5856838596721327,0.764457474409387,0.7583669252633962,0.84109347508517,0.3092849883972926,0.41222987565671787,97.28110995757466,119.12883985938775,10.806857667382882,12.072093165221917,7.395096737534372,8.735032366796297,76.83163200035737,95.41222248302982,8.448462908476339,9.860356789509154,11.956162753829926,13.507905774287133,0.974469650103693,0.9908498652141822,0.4280766896386171,0.5407522691702557,0.8988992344870426,1.167264593092548,0.6686195717973108,0.7706952349123819,0.2305651901494008,0.33322966119620756,90.68483496393756,109.31589885169784,10.887864796595583,12.028544121321218,7.243284477830756,8.435621857427503,62.77021647805921,81.48103255210677,7.4963349987566135,9.045387416706884,12.156127518279371,13.953785891485172,0.9764416069020186,0.9922465344844578,0.44923701238084224,0.5572842919374182,1.147158043627778,1.4726633037004846,0.5306770266745525,0.6486304303974222,0.16691648954864796,0.2747613136889027,83.00156201073892,111.26135269046556,10.228389662771116,11.893527787917945,6.653985322390977,8.232821655533382,48.365628290150646,67.61321043196966,5.749586462140077,7.353969426956004,12.521128942423514,14.536544942776331,0.9783113563814699,0.9942728546506966,0.4633560749798058,0.573242355667785,1.3513430072304775,1.7332017862786893,0.3547324879749374,0.5015430679794549,0.14229007531241464,0.24330241627544041,91.28582244350343,128.27568763198278,11.045994157018958,12.987250688471542,7.19853247040156,9.357874899721972,36.92152461183223,58.91658256004818,4.242140860353582,6.108187651797969,12.510855679315055,14.855290221160642,0.9785282428176553,0.9943301261041897,0.47267848736929907,0.583254127616755,1.51726173698702,1.9591626824873225
00-0041524,Will Kacmarek,TE,MIA,2026,87,3,23.0,resolved,scored,0.9462974127323336,0.1502605615830845,66.07021324257967,10.619681693856968,5.376472837829038,62.52207185012671,10.049377310937775,9.899487455209712,0.9462974127323336,0.1502605615830845,0.1502605615830845,0.9116935853366687,0.2538341006884717,76.29522082212372,10.881384503868277,5.928981971668899,69.55786341537484,9.920488451758537,9.92466263399031,0.9827151631522695,0.279753549123681,0.4040946622715562,0.85560584494381,0.21995189884829597,79.51858923665667,11.113543417792908,5.955261295229102,68.03656973256938,9.508812706300418,11.441691024712474,0.9841147408904014,0.3355289226901576,0.6240465611198522,0.8190222586830767,0.2029645720665762,70.75858029442696,10.770715384534018,5.708057629919573,57.95285225394941,8.821455641873614,11.512294646987575,0.991762414643909,0.3522497131007572,0.8270111331864285,0.7392103737896397,0.12154304030465084,56.780583524999244,10.503959437213238,4.8227998842593145,41.97279637150855,7.764635781853611,10.659206020536535,0.9918686220893911,0.36447609254660723,0.9485541734910793,0.5849040997389966,0.10828846925091844,62.18890296916872,10.48914257881431,5.347402510636421,36.374544304937444,6.1351424970953605,10.984443813532376,0.9919499358684972,0.38102127422451687,1.0568426427419977,dg165_rookie_capital_v2_hazard,0.9286491737491973,0.9642602049498921,0.10058790516737183,0.20040128709689048,59.760099195236734,72.42102231140163,10.032354157553062,11.147054153073299,4.976399205897345,5.828919565789392,56.31953203226315,69.17011185934786,9.51468772273013,10.62005380761363,9.048254002886337,10.737389527485176,0.9286491737491973,0.9642602049498921,0.10058790516737183,0.20040128709689048,0.10058790516737183,0.20040128709689048,0.8751337860842751,0.9403009656036669,0.1993062392351907,0.31036679469035994,68.30545920599457,84.24307665941818,10.290683333278867,11.471402333667648,5.446668929667073,6.430399806320019,62.62244468561862,76.63097801102533,9.305919883878975,10.611355093524159,9.066400800991433,10.988050218382977,0.9742493469290677,0.9916468962623851,0.21817471974207,0.3489520652769724,0.31382358619730233,0.48601009853429894,0.8228459142549287,0.8934011390284128,0.1605254840560555,0.2748715408002419,70.89431062872909,88.67040029112245,10.511709729872894,11.799292592508328,5.432135732197706,6.525394492160732,60.525693792822146,76.68757799362145,8.845601961678533,10.10483680150758,10.515985172143184,12.351679404934268,0.9765816905576699,0.9925388471664772,0.2714289113154187,0.40320692347163617,0.496751459198366,0.7449605537928896,0.768048927597369,0.8644481247768246,0.15118857975257374,0.2707793162027419,60.292243526100506,80.02867208247716,10.058199848295526,11.518899088169169,5.014889530642062,6.264038522326249,48.56340747856352,66.98312662922207,8.041286585057966,9.571912287573491,10.61061949227994,12.55674022480227,0.9839971457503319,0.9981115170765724,0.29042458430948104,0.41786363852846026,0.6579744755566426,1.0097055828273116,0.6766378889882745,0.7906252540500384,0.07589280426626695,0.17136404973253236,44.24734557048845,68.64183523364778,9.635620903252647,11.302454720707967,4.030386608993894,5.50641509742665,32.38587163219131,52.59199194288983,6.77530979412985,8.685332591585128,9.532516116043713,11.74814502886091,0.9844042412829839,0.9981997980103328,0.3066305486435226,0.43351153942944326,0.759555869482012,1.1212304262076247,0.4871659950784152,0.6647842047863184,0.06743746275095819,0.1629052478757478,41.51623592548013,77.93181742502803,9.480318165012438,11.447529559877667,4.162809646339712,6.302433850933847,23.61079848570709,46.97430596972787,5.1319807285942245,7.128068043269709,9.705962996110866,12.167146311972534,0.984560198870154,0.9982178000302295,0.3235967448766415,0.4513383201385461,0.8398521457484712,1.249158923792524
00-0041051,Zavion Thomas,WR,CHI,2026,89,3,21.0,resolved,scored,0.929858723493364,0.30440020122132994,81.47598555075639,11.883889296030878,6.4030086593696325,75.76115591959011,11.050338130943723,11.362790946652584,0.929858723493364,0.30440020122132994,0.30440020122132994,0.9134498176880966,0.38790858511016424,106.20411166806379,11.95527466482081,7.8451503178709086,97.01212644091912,10.920543462991688,12.618822257568798,0.980063032378821,0.4526654081817706,0.6923087863314942,0.8053314105377,0.37461730842657365,112.21729844620594,11.501996976221603,8.386043893405683,90.37211524441308,9.262919448860904,13.04029015334877,0.9820384386811707,0.49859924501936653,1.0669260947580679,0.734036479150469,0.3039289884504561,108.25794411925878,11.855071559722607,8.293053378591459,79.46528014136894,8.702054987775641,13.42883700119511,0.9833664680184846,0.5263746735638819,1.370855083208524,0.6081808811936208,0.2397191567949752,105.79179366380832,11.397273221792826,7.939517518740278,64.34054629350865,6.931603671234418,14.158897493539651,0.9871578863752336,0.5416707449047767,1.6105742400034992,0.47613674138267015,0.22367707121142313,120.19169459896003,12.274946473522057,8.957026457620856,57.227681807609905,5.844553014549491,13.743448944556695,0.9872863075114813,0.5510568750762348,1.8342513112149224,dg165_rookie_capital_v2_hazard,0.9112027146211548,0.9497141585927757,0.2442500664248738,0.37262748258838496,74.11705320118548,88.90029184095285,11.377631401718483,12.326940793890204,5.975119220731804,6.883518643449018,69.19942125226606,83.48272231171772,10.566150826998577,11.521794442979045,10.652197018905936,12.043495771695763,0.9112027146211548,0.9497141585927757,0.2442500664248738,0.37262748258838496,0.2442500664248738,0.37262748258838496,0.8825168774249511,0.9375301180575617,0.3285297269900876,0.4479985346233966,97.38410748753067,114.82786153290023,11.407454940370199,12.539436127983798,7.304814360970111,8.341345588581346,87.93801735154061,104.91657825448604,10.304595834799612,11.529982578083516,11.836104435165876,13.421472689033106,0.9680657811143921,0.9907050943575778,0.3974597707769077,0.5188294939314216,0.586440861490757,0.8078941523043914,0.7632087916226603,0.8484936844234815,0.3166647989179758,0.43933991433002983,101.09818707005296,123.8303750962539,10.828579645439964,12.239668127034816,7.756457165434867,9.170613977222605,79.90125987645025,101.97699247949967,8.526415992505642,10.046656659314834,12.206176838135306,13.883673473723038,0.9708718567530865,0.9916172449823054,0.44511098424845086,0.5671641546735801,0.9213186529442101,1.2256499987396667,0.6748006313277094,0.7884024789967888,0.24806708370347427,0.36159991473874187,97.60061702402751,117.22735270283277,11.253027495506393,12.442700084752616,7.633317736910122,8.906477204730274,70.10348015585326,90.06259211194755,7.943659391178345,9.633741022872215,12.508107343526165,14.487173323202423,0.9737843353388093,0.9928444978255047,0.46931936262607526,0.5946950019276067,1.182074167317923,1.5717599799038424,0.5494803907828654,0.674306948812625,0.18617656795063703,0.30491060697432165,89.40404488565264,120.25335324755318,10.426501049601127,12.217496887211833,6.988809722135848,8.698270210692758,53.897731804113164,75.49463699947624,6.104176206916654,7.855610500386634,12.962130628670849,15.147143565880022,0.9770755701803375,0.9962507339588366,0.4833009262663099,0.6099816994758602,1.400660428291446,1.825504927078354,0.3985200275444079,0.552038038913047,0.1731929419125848,0.2861532477674858,100.95300024673494,137.6211203904185,11.322049036210808,13.149821546265748,7.665722265559429,9.914166797556087,45.754641490289224,69.66883811600339,4.9004385291415,6.896298875445223,12.473637133803436,14.90702459096641,0.9773048144785341,0.9962882266192481,0.4925433823286326,0.6276133923071074,1.5944082881442292,2.092634994475838
00-0041052,Kaelon Black,RB,SFO,2026,90,3,24.0,resolved,scored,0.9336691120664564,0.4218823421574825,99.4479427232294,12.450940456599367,7.488713830163395,92.85147237923341,11.625058520505451,12.679508813686905,0.9336691120664564,0.4218823421574825,0.4218823421574825,0.8751067974414074,0.427985139817783,103.1868290387889,11.583379848434701,8.084486900097422,90.29949549826857,10.136694442711025,12.09262795308943,0.9731047695094516,0.5552701888436938,0.8498674819752655,0.7828055385716846,0.37136256397002887,103.68681468269604,11.469883995241515,7.643719036302167,81.16661281047033,8.97868871824978,12.48761414063237,0.9742728788172298,0.5794762844937563,1.2212300459452945,0.7307244413908037,0.2339377051117087,83.55467776377566,10.044433246733483,7.126460111081606,61.055445234523575,7.339712873306541,13.255726642907453,0.9775066373366368,0.5913729207231617,1.4551677510570031,0.6005871301776396,0.14873931982617808,71.33917251762594,9.558806685473883,6.448486075989445,42.8453888916085,5.740896275151595,13.247575316126401,0.9776185437553636,0.6001157953517766,1.6039070708831813,0.3317121353976302,0.11979060996215919,87.7143501943857,11.272683784985539,6.864857379923178,29.095914407995224,3.7392860099797938,13.746654958461031,0.97784235831781,0.6068030248895522,1.7236976808453406,dg165_rookie_capital_v2_hazard,0.9098877800725926,0.9557181249605363,0.3439516424390737,0.5102061550539189,90.75444202670505,107.82582591930853,11.833447871399688,13.095714237947545,6.8954520856817325,8.073247575930353,85.03128831379071,101.14504460009783,10.964392333564515,12.222453471847267,11.801014323755115,13.543690650584992,0.9098877800725926,0.9557181249605363,0.3439516424390737,0.5102061550539189,0.3439516424390737,0.5102061550539189,0.8303619834184265,0.9145124570675464,0.33372449985710784,0.520580188106738,92.05782796953028,112.90700143698129,10.68860934908156,12.338404009699975,7.338094907595959,8.697122901581249,79.3071411838132,99.41349635215661,9.26998527823163,10.85312178317723,11.185420686636311,13.069587006401848,0.9632325717137187,0.9864050654510955,0.4731349885038713,0.6389207846486359,0.703809181463681,1.0004952417352622,0.7220379507907282,0.8380786294497901,0.2868474467054053,0.4589394459496187,90.93681559534394,116.84754263085557,10.569774599170637,12.178211697538199,6.918047491879295,8.39495255684401,69.71725576328518,93.31173899819284,8.062170561197124,9.895868108096483,11.553649216033707,13.439798048915126,0.964806013803484,0.9875607908784072,0.503014493651388,0.6616089082934784,0.9995598460171025,1.4366293617305632,0.6588051650512811,0.7936755745133729,0.16888521257044206,0.29808524052256197,70.03495238139664,95.19543224572078,9.207119535575305,10.962811779768094,6.280494865219361,7.809377793225926,50.322387351008224,70.62181548119928,6.539252394163556,8.36071480537575,12.03880945978502,14.568898621232632,0.9670734184585397,0.9903722855287928,0.515011920526893,0.6740827045102186,1.1927966179098046,1.700689364304639,0.5169339496011456,0.68760162429274,0.10066914204636924,0.22635537272174908,54.515144611484075,88.39159787536394,8.468903835231043,10.589062214834756,5.396188107186357,7.496107823276303,32.244177134486534,55.93094097280331,4.71428447950963,6.685060672657551,11.630295547395686,14.61690918062466,0.9673066495817078,0.990380887647531,0.5284291421259011,0.6877407169044926,1.315679238235425,1.8910861683818103,0.24667607324176938,0.4151803716665147,0.07279458818391042,0.18150077559723754,62.76775525141162,111.16557975725247,9.954220681998343,12.495774772823552,5.362785190468089,8.23962897775219,18.467533052987942,41.82753446698095,2.648784384243118,4.92629228633507,12.207212488102384,15.291446634388146,0.9676335830858908,0.9904770787710555,0.5333743223689871,0.6920867757983706,1.4195452637580792,2.0119597006427146
00-0041525,Chris Bell,WR,MIA,2026,94,3,22.0,resolved,scored,0.9286808483978152,0.2922162563387805,78.84287957814837,11.782249143395454,6.19810839945741,73.21987229676161,10.941949130522922,11.370986618162581,0.9286808483978152,0.2922162563387805,0.2922162563387805,0.8964864496247716,0.36280871001848336,98.15383108149817,11.821070918120215,7.318357413053308,87.99357954332186,10.597429898148231,11.778711053475597,0.9777578477176597,0.4264601806671555,0.6550249663572638,0.7830401722656758,0.3454946579447814,104.45949798338296,11.402547940958017,7.77092149503787,81.7959832956942,8.928653103955392,12.594975380875006,0.9797332725026069,0.4693928081931378,1.0005196243020453,0.706467358540731,0.2609877145919436,97.48804816912698,11.41250862800077,7.639864147232847,68.87212387933468,8.062564824747005,12.911167238595425,0.9814158827950693,0.4916945219658939,1.2615073388939888,0.5734343703726917,0.202133568747586,94.88364256866461,11.072684022458693,7.276520845582807,54.40954183502972,6.349457590754365,13.55809747310574,0.984048633574597,0.5048760188255794,1.4636409076415748,0.41403926554339615,0.17659859739680497,109.25421223370722,11.9913181141037,8.29617116996704,45.23553379076647,4.964876544860719,13.663029778666948,0.9842081472388511,0.5132764154911557,1.6402395050383798,dg165_rookie_capital_v2_hazard,0.911066593973101,0.9467365670168636,0.2409731869970828,0.3463294936723177,72.64933790078959,84.69054421192452,11.309445942307804,12.16333326945875,5.772298710587057,6.651592295251565,67.76010374007942,78.86531277140604,10.444916906930944,11.367179804943676,10.773969465070548,12.011103292124035,0.911066593973101,0.9467365670168636,0.2409731869970828,0.3463294936723177,0.2409731869970828,0.3463294936723177,0.8609973734450622,0.9245445682847425,0.3075388750930921,0.4177287641967771,90.34216877051915,106.39973025241169,11.34013749285064,12.349559850482464,6.829680990563191,7.7927829627530105,80.38230097591028,95.17691287420185,9.975584519084967,11.213048754711199,11.02193299529209,12.503830563438656,0.9678113103341327,0.9878326660250657,0.370509671634957,0.4845727247815385,0.5589977566412023,0.7410683361027243,0.7411063936416432,0.8303991056942317,0.2964024731244748,0.3994664353505918,94.32463242857192,115.5990068989259,10.754641238520305,12.091474337269778,7.1862743430323714,8.543013418633658,72.5053133457082,91.06203754123518,8.252227569510731,9.677253089848186,11.83568955126206,13.416502132398698,0.9703982734888468,0.98915175567793,0.4093955651526113,0.5285810101192224,0.8601835151058725,1.127802362265799,0.6513129082325384,0.7603319780462792,0.2129721621508665,0.31435601058226803,87.17580903350444,106.26975723978846,10.832864737466977,11.98312606001027,7.010971789325821,8.257959743069119,59.905028876775454,78.37309151386341,7.310101516077553,8.892509489216048,12.061955993556767,13.962360380670571,0.9728793569461996,0.9903319589804503,0.4354215469481362,0.5482917887981493,1.0954371227047914,1.4138558933009278,0.5175760793700858,0.6367492889891065,0.1562114095597228,0.2606310323154268,78.99459229135054,108.56615794540946,10.132650762215903,11.85387372863482,6.424403560046149,8.065113234265187,45.03403044176336,65.02706274074943,5.5787277883239454,7.2130902123509495,12.369222544236806,14.47879200176022,0.9753759568456106,0.9931182393686675,0.45134606514272474,0.5617156871141111,1.2832932006881408,1.6558629368127054,0.342601194845865,0.49053559561702326,0.13406857179163792,0.23227675343062948,89.34124709843483,127.17778324234457,11.011931622190765,12.958524586004321,7.06948617489891,9.303659306146415,34.95643236407332,56.796148093667426,4.084379871875293,5.9202278082582565,12.432635407110078,14.874528410959146,0.9756221972771545,0.9931870569749809,0.46242580509542697,0.5729429029463942,1.445076806330755,1.8752635879643174
00-0041395,Eli Raridon,TE,NWE,2026,95,3,22.0,resolved,scored,0.9415038430679117,0.14537441140806337,64.22964780047744,10.547889340275706,5.335496555651589,60.47246024304795,9.930878350124637,9.770400301639393,0.9415038430679117,0.14537441140806337,0.14537441140806337,0.9207694659137248,0.2554282619761042,80.23889050193081,10.89034361362546,6.165492456756569,73.88152035297267,10.027495872734857,10.683249951307863,0.9803622773108264,0.2803531652158304,0.40080267338416753,0.8577143674682127,0.22386893879164377,83.7988314053809,11.12312302220707,6.3482007027320835,71.87546167344168,9.540462427263451,11.876820889763579,0.9822409388720982,0.3383764909700888,0.6246716121758114,0.82490090470698,0.21815534560463548,77.80444139540901,11.11955538799313,6.092890525708818,64.1809540972941,9.172531299494906,12.026641831250137,0.9901680537397569,0.36163441733384916,0.8428269577804468,0.744703759254761,0.13268581358592302,63.20473124771826,10.690350164342163,5.217721445707383,47.068800962862646,7.961143955135361,11.151118699600628,0.990425825638195,0.3759398315942203,0.9755127713663698,0.622828686078634,0.13020240580988993,70.25079057133739,10.635174671554818,5.887996395037188,43.754207587531354,6.623891866901255,10.932650351292402,0.9905215673818131,0.39514566506613347,1.1057151771762597,dg165_rookie_capital_v2_hazard,0.9200226799852435,0.9596768770400417,0.09468787133328725,0.18901168800761567,58.79055475965943,70.07110882849302,10.068470954013106,11.033346805103458,4.9768941993425955,5.746394937934639,55.11225839104401,66.07675173454679,9.473862216944346,10.464020304304338,8.888707795680268,10.57767282685142,0.9200226799852435,0.9596768770400417,0.09468787133328725,0.18901168800761567,0.09468787133328725,0.18901168800761567,0.8909084678233372,0.9456105246551241,0.19654992333063095,0.3049719368981474,72.33437124745332,88.23838372711826,10.296013472441045,11.411895854895524,5.637096617336489,6.6399301789806335,66.05311692088442,81.20119146361117,9.367949566376547,10.636574110787564,9.697241522174824,11.663982686713462,0.9701711276927681,0.9904913778307957,0.2193514235008965,0.3372253652203285,0.30849287210195375,0.4801032969248973,0.8204713953505804,0.8964092415994408,0.16186963958859085,0.2827544444794038,74.982226113517,92.10272771532705,10.4781088419976,11.759390433801979,5.8241273560391775,6.9780105363363765,64.22979493775738,80.64687245763737,8.897865243354046,10.237223017589635,10.988895966638827,12.822594886341365,0.97396904355087,0.9914443865405933,0.27388257916943237,0.397274522300201,0.49449154223759745,0.7537477003363314,0.7770324857516895,0.8709326594712682,0.16080578207672952,0.28793089146018863,67.10957838962703,87.01470135033638,10.39819837671128,11.8200619100946,5.340652128078973,6.649378763260512,55.12354549174187,73.80026765277594,8.44060634079599,9.907814550894159,10.978201632823989,13.228399768042552,0.981330777399004,0.9979264647628319,0.30428310308255613,0.42429387754938025,0.6678045516319073,1.0083310333002742,0.6875140350731703,0.7940563464670385,0.08473967505552624,0.17453644566058946,49.19135843141107,75.65116452089318,9.877682344495808,11.393477732049917,4.404174868076132,5.922921599222673,36.84045097104879,56.57796621513027,7.014465624842542,8.80183046729119,9.889453834432322,12.16518648274574,0.982159946502617,0.9979723684546868,0.31964020535451737,0.436147631735091,0.7770638765212484,1.1611078883744084,0.5360884382629079,0.6995173370502723,0.08731154478735102,0.1900690859872564,51.73405298064015,87.79955341691085,9.632463171237124,11.727157025880077,4.689487508293401,6.845506673057459,31.279153103000773,54.26807515205726,5.707895377679293,7.461222424408582,9.743175275358096,12.12208488626899,0.9823383470375908,0.9979926447701399,0.3315224442224269,0.4659880351850574,0.8773830251316852,1.3121558804034343
00-0041550,Brenen Thompson,WR,LAC,2026,105,4,23.0,resolved,scored,0.8969690443554141,0.19561113316054393,72.12831290857875,10.904817635863859,5.693241783860139,64.69686390057616,9.781283853710873,11.388340456664288,0.8969690443554141,0.19561113316054393,0.19561113316054393,0.8386999617706983,0.2499319209580531,83.26446060626753,10.983979237064851,6.398885026860726,69.8338999273344,9.212262966216434,10.92669906603792,0.9637525204484915,0.2988236767142439,0.44554305411859707,0.7190945366040922,0.23728589900787628,88.3392174556339,10.645157607788027,6.614753002688827,63.52424864022719,7.6548746770498575,12.012477742847004,0.9668205441773778,0.33369356502812625,0.6828289531264733,0.6212089458733074,0.17488928261516157,81.29568554540735,10.562893982060269,6.671508385105655,50.50160712171038,6.561764235967162,12.215739851305141,0.9687962907804932,0.3493575511350109,0.8577182357416349,0.48312273509903875,0.14605674290654513,83.0561918910958,10.653712199713794,6.447190238189911,40.12633459333681,5.147050576883725,12.855432961705098,0.9705418271716763,0.36156855960938206,1.00377497864818,0.31536554454533566,0.10901593199449658,94.17527013482912,11.585088012033983,7.186312375220139,29.69963534877447,3.6535375895207376,13.64244389078375,0.9708364088999595,0.36723355381190853,1.1127909106426765,dg165_rookie_capital_v2_hazard,0.8767622152043977,0.9228871160791369,0.1542769722635789,0.23853239992143527,65.99400577730425,77.87417504502675,10.44127368145554,11.303920859024283,5.293029683006224,6.110072302881839,59.653586057368805,70.44272348243827,9.288038947672195,10.292645981359776,10.655914578015938,12.067675711331812,0.8767622152043977,0.9228871160791369,0.1542769722635789,0.23853239992143527,0.1542769722635789,0.23853239992143527,0.8011887387811318,0.8783786109140004,0.2018160421168918,0.29635656669609795,75.82572166901336,90.52602073578684,10.447308802560947,11.572932086624498,5.936811292420659,6.865239784088204,63.076256122836014,77.56172503944796,8.633158842641894,9.859565170204599,10.160031752245269,11.6051131407796,0.9501985385065898,0.9782956155032577,0.24971477694799069,0.34793417866498827,0.36545355140531527,0.5202298882205865,0.6705237340373777,0.7718799320464825,0.1975428776160863,0.28242636143389244,79.0395296219304,98.79651551706911,9.949773011823945,11.30838157645557,5.999231225644684,7.23434849233609,54.77348308924809,71.64153382858241,6.831788963127029,8.444588795866405,11.1598385722416,12.915415236413839,0.9552013445053568,0.9807241179192082,0.28344768474068655,0.38383200821642843,0.5747060432881151,0.7971314616456783,0.5639981576759883,0.685005513825534,0.1389679898798194,0.21848013571875594,70.9995172360029,91.23698310873203,9.917435540686713,11.285225969053087,6.013297148902673,7.295586850740925,42.43682311567733,59.31572491438667,5.815587084630576,7.409359479765293,11.437810443917986,13.264711087764672,0.9576292339297428,0.9815510919755233,0.29865090868943617,0.39758903406792157,0.7290926680656526,0.9950128212593327,0.4223946913395201,0.5476870511937603,0.10903694910674508,0.19676231802792885,67.69773868349286,97.03782909495045,9.798262871253787,11.482103331130842,5.614612463995235,7.313982748540236,31.224772048717906,49.08075410522078,4.335289233046171,5.9621181950795075,11.689495170539084,13.947597562226703,0.9592358042065707,0.983060243218218,0.3126221938067894,0.4118537939728014,0.8565874740406642,1.1816856785597567,0.24754650489712077,0.38908183690534565,0.07911277647453434,0.15181608783566905,74.58096572238804,112.7867694393199,10.45245770343898,12.75343900439888,5.977122669242272,8.196479521570847,21.165402024635927,39.10694921045095,2.8167283793120985,4.474008406533541,12.392880245680084,15.089728769357377,0.959643446164505,0.9832296407860359,0.3167634698288187,0.42371403404276164,0.9359026467937253,1.3212072643578578
00-0041496,Jonah Coleman,RB,DEN,2026,108,4,23.0,resolved,scored,0.8998973331382928,0.30110811264822274,89.37354126608639,11.638298838462244,6.8684952872126095,80.4270114384763,10.473274086998664,12.373433934500119,0.8998973331382928,0.30110811264822274,0.30110811264822274,0.8448949924005524,0.31801020584345563,96.60666283826266,10.893323391897372,7.695955957140475,81.62248566457667,9.20371438441389,12.72648905953035,0.9545658226276342,0.4236763298773058,0.6191183184916784,0.7390404874859132,0.2842745424910008,96.67095917755258,10.918589283640307,7.254495442534458,71.44375279630927,8.06927954684,12.460349370182827,0.9571493901640635,0.4486817397849836,0.9033928609826792,0.6835895123463893,0.19518564746502165,82.3154902953102,9.97012303373068,6.985673841087849,56.27000586952504,6.815471542661459,13.482161730161506,0.9602092007367222,0.46490228209432927,1.0985785084477009,0.5501648377831942,0.13970836467685344,75.04786139548824,9.675319667038169,6.499866186905447,41.28869449062444,5.323020675116603,13.561223316974242,0.9604754315317096,0.47681609920047757,1.2382868731245544,0.32355631905784826,0.1136538799447637,89.2446712599393,11.31881818655761,6.805735388212744,28.8756773283937,3.6622751485276095,13.693448318408997,0.9608706772163924,0.48346009565913695,1.3519407530693182,dg165_rookie_capital_v2_hazard,0.8739646941673109,0.9260052347333361,0.25096920943845147,0.35944750294048466,83.35930678345272,96.83187940738631,11.125574235780071,12.159019695527107,6.455368241115112,7.338567702889755,74.80310213292367,86.895332512159,9.96594374959618,10.973850028613208,11.712790918086514,13.066254324823667,0.8739646941673109,0.9260052347333361,0.25096920943845147,0.35944750294048466,0.25096920943845147,0.35944750294048466,0.8097921690602423,0.8838790474819922,0.24793483871752314,0.38101662733012776,86.66784702152898,104.53833452730157,10.30892407370027,11.436328312160013,7.115272203418545,8.205067944128219,73.0629116151815,88.79447263435101,8.500131132592037,9.808328451349093,11.8923105963317,13.535945621183101,0.9410664522469716,0.9724513811324702,0.36596653216389385,0.4824022278744689,0.5205845693927965,0.7193824184083982,0.6894308197680348,0.7894234948482065,0.22287473226261423,0.34703098424460926,86.29792930290901,106.58067940811523,10.226650058851593,11.51612363009903,6.599233503272019,7.858291042524205,62.49942206095176,80.29117327176985,7.374242747512911,8.812350585165325,11.639845441432502,13.280824584073066,0.94407302760848,0.9745380343869553,0.38793133930273166,0.5090700753421903,0.7523235049488621,1.0565643538688794,0.6281889139725312,0.7382450316097365,0.15199147146083278,0.2389067364054175,69.80516557218988,92.42412524768855,9.18201103880811,10.662203215277545,6.3063932454168,7.554185993005305,47.703481492223716,63.67028330841266,6.102858833437173,7.597166217726538,12.46881411743403,14.442579183499861,0.946676979823503,0.976116066043599,0.401683111172207,0.5290387272835739,0.9304018088940961,1.272521777619389,0.48435603125018306,0.6182312983894918,0.09275309311412105,0.19363296551679837,60.022785384763395,89.54712285633676,8.697036306393837,10.625899593533036,5.583696121879083,7.39180740016692,30.766936919973062,51.576622267811786,4.504941090071958,6.192162624220069,12.33026956680234,14.711491241732878,0.9471104421760056,0.9762351118867373,0.4166677183215274,0.5410767328391273,1.0574279796616823,1.4300940902571133,0.25089077344476635,0.39198548262598615,0.07219278518046611,0.160723078547006,67.58516360939885,109.30898772919848,10.21413191351738,12.359325773104828,5.512659837530366,7.974750693343955,20.228261275477635,39.59433947530396,2.8024052504717507,4.623848992263376,12.48855198106239,15.023427575393365,0.9476393377542455,0.9764727607678698,0.4220118532803142,0.5458676478338041,1.1536147135111676,1.5707087602220204
00-0041056,Cade Klubnik,QB,NYJ,2026,110,4,22.0,resolved,scored,0.7026248625600983,0.1907192644856378,64.5148674362981,6.817743541908232,6.7613634307426365,45.329749865511914,4.790316119103269,12.637419086527789,0.7026248625600983,0.1907192644856378,0.1907192644856378,0.721044568033678,0.25341205021536944,89.98151257099299,7.43024555890897,8.320162851034324,64.88068086276861,5.3575381994076725,14.718277812753465,0.8764308529850652,0.2963237550846584,0.44413131470100725,0.5318704866864239,0.1551548387008114,77.18352262900943,6.116101001708017,7.6833941416737,41.05163774486386,3.2529736164017677,14.97973375134178,0.8929750343651603,0.3297683538761395,0.5992861534018187,0.5593787111315344,0.18347351593614888,88.49646414285948,6.982962461526192,8.96976742399939,49.50303805193078,3.906120541608408,15.57238608131115,0.9035996585513608,0.3722631938112737,0.7827596693379676,0.49491697146618346,0.1244797538155282,77.63331943509166,6.411421617320747,8.407979180499717,38.422047339682365,3.173121369637204,16.048445711273157,0.9225097767796673,0.38218322083183043,0.9072394231534958,0.4522666965627894,0.15516032558647203,95.53021610015581,7.550709654720736,8.887364887757805,43.205135257546864,3.414934512245307,16.012213417513944,0.9232846790118706,0.3866404433003416,1.062399748739968,dg165_rookie_capital_v2_hazard,0.6447403307886482,0.7704453830407181,0.13724451287757677,0.2598211220545846,55.070818013350475,75.50491641905968,6.191822245073736,7.498093823549056,5.979797714804831,7.576563934619718,38.54142869178365,54.28527347176021,4.154848712014631,5.418554529307271,11.412496815457985,13.864673943521176,0.6447403307886482,0.7704453830407181,0.13724451287757677,0.2598211220545846,0.13724451287757677,0.2598211220545846,0.6525504678870758,0.7951082340564075,0.18570282562471926,0.32912757279913124,78.1248038994939,103.57778594173689,6.740334039504452,8.134571910443066,7.486943462346275,9.343156726635767,54.3854165498747,77.18161141097355,4.641356957252578,6.153045996821115,13.5993049681113,15.788956956906954,0.8313222696895867,0.9219854821637673,0.23305992187994737,0.3772815130261125,0.3410323076850729,0.5923282296518539,0.45897879933666025,0.6197729392997549,0.09535522353784195,0.22666678935021728,59.70395050761431,95.26519922047262,5.043262566361693,7.14102996697994,6.644673504888379,8.82211633707833,29.747136200193,54.13926708674757,2.57816734513646,4.093902129268246,13.519742108940243,16.30620226605066,0.8511105319956624,0.939606284768406,0.25793845395227055,0.41412249944247076,0.4473923604151192,0.7776978339137384,0.49003583325261346,0.650341309336062,0.12677780036148897,0.24680529658224856,69.49531971984675,104.31238679338945,6.039916604384035,7.840200409358141,7.7173199145951035,10.059513101532536,37.60134765680221,62.626873239308416,3.2315352207438583,4.727902378879244,14.13780002911139,16.933283520896143,0.8604679642626551,0.951699393802236,0.30042652154751276,0.45805816289289836,0.591007042040408,1.0076769950085207,0.42376484752606297,0.575958802067695,0.06959194534792312,0.17966249372538862,54.67157146277218,96.60414600327489,5.059161899907226,7.438671995941986,6.854882795640721,9.684653119618618,27.35675229036651,50.92825247645248,2.3883023933793748,3.994286212520328,14.439611948886157,17.768853055820063,0.8783069730525701,0.9702887936893081,0.3082331250687177,0.46363081833037784,0.6730479410431837,1.1790897751481864,0.36320438761778867,0.5427913547392796,0.10124113757769822,0.22001968456719037,70.71065006554656,119.5934921216265,6.25009455944008,8.871674531014651,7.344569918117903,10.247087323665001,30.163417714592672,57.513826140955345,2.59921044627603,4.303125386403745,14.275064899807953,17.640568714286164,0.8795239033220444,0.970585905752415,0.31278026777928,0.4700254336913573,0.8056792393241388,1.3763174631997162
00-0040876,Elijah Sarratt,WR,BAL,2026,115,4,23.0,resolved,scored,0.8916611375849539,0.18748996396045534,68.84885821819296,10.826868751626618,5.505546632274097,61.389851240259134,9.65389810755838,11.300839637883827,0.8916611375849539,0.18748996396045534,0.18748996396045534,0.8321723522478975,0.24197498149325225,80.53904178344956,10.938224919652694,6.2117033463477815,67.02236384872492,9.102488360803951,10.835349917205216,0.9590644887408657,0.28927151490052855,0.4294649454537076,0.7037337948603308,0.22840088182329435,85.92216844401956,10.615305545853362,6.4642100037488435,60.46633366173845,7.470349255385302,11.931787265124045,0.9626802406664735,0.3236449523885727,0.6578658272770019,0.6093169625531528,0.16495335066981903,79.00543594350627,10.542903829067757,6.511676464472977,48.13935225428492,6.42397013761757,12.164454644524977,0.9648816638995932,0.3404607527136303,0.822819177946821,0.47130481834586996,0.13835676356271284,80.53219949189551,10.607017043433485,6.279108478697154,37.955213652521174,4.999138240846966,12.772201686083893,0.967044051585545,0.3525477906766605,0.9611759415095339,0.30525111513963343,0.10338636259649431,92.78250702484982,11.56075191761783,7.124205266026277,28.32196373478628,3.5289324147054986,13.604683973705624,0.9673736110696896,0.358296877562134,1.0645623041060281,dg165_rookie_capital_v2_hazard,0.8690433520669185,0.9177791083479236,0.14492148555762957,0.2301603448742322,63.015205998093066,74.70692293366328,10.354389177960348,11.229153000072007,5.102458296218476,5.922643213675796,56.48012066894629,67.168259033173,9.174419436993015,10.190957701835659,10.572876221847187,11.997112612847031,0.8690433520669185,0.9177791083479236,0.14492148555762957,0.2301603448742322,0.14492148555762957,0.2301603448742322,0.7926702194408853,0.8731267080177318,0.19302763212177826,0.2889768058005398,73.33044652185998,87.80934509681992,10.401294065328003,11.530492549789976,5.746407985814287,6.7140712926252615,60.242777538330685,74.69425380623849,8.488214445748925,9.77205041365182,10.063117400758934,11.518867128830493,0.9436812555229116,0.9747734693827349,0.24190574772571508,0.33802162473216474,0.35091895539574286,0.5035960837069243,0.653414396034736,0.757420652898785,0.1898709266920051,0.27234996409220524,76.99155362260635,95.98695346111919,9.941435213847345,11.292256813423114,5.88478633464394,7.077611532951156,51.87442991843689,68.12695494483145,6.679513892681187,8.23406703479077,11.099821354087851,12.816839916371181,0.9499922038752083,0.9779601095456779,0.2734415630844237,0.3737865929083801,0.5533353664963392,0.7639262272772138,0.5503747693338856,0.6774816011162121,0.12863613952334016,0.20739822266019273,68.96712456213179,89.60932749403943,9.889930820444716,11.262416577295937,5.828618777140652,7.142479985414466,40.533668721925835,57.03720751474507,5.664004135293351,7.264878183103065,11.366614882446955,13.183000755586043,0.9521667170090468,0.9788480099782721,0.2913248551145056,0.39212375452329784,0.6976570432133317,0.9597431081494737,0.40812725493861635,0.5362784217400747,0.10166030593325476,0.18770943243105756,64.73926103390696,94.59768850353488,9.728936146143182,11.442129113476936,5.456094217985158,7.155716424171534,29.1132387354449,47.16625433771436,4.181402497744991,5.823171992741745,11.600841957686152,13.881365210590069,0.9552480738804188,0.9809969559743589,0.3054980127057583,0.40327083799428826,0.8153415303815473,1.139679803475179,0.236940019389963,0.376446403145451,0.07489211858658519,0.14693908301940353,73.10410825914724,111.58709230022048,10.443651308759208,12.72031166736938,5.887788718544456,8.125303428715787,20.012064605511043,37.36282062126806,2.724411022508412,4.392519720774906,12.372055742052568,15.02905371472543,0.9556955931416147,0.9811869864146152,0.3091657100348657,0.4118891333749931,0.892925270491345,1.2592392742270404
00-0041397,Kaden Wetjen,WR,PIT,2026,121,4,24.0,resolved,scored,0.890147393013117,0.17910464996917344,66.35273882175352,10.72848461310815,5.308486613684492,59.06371748146413,9.549932609339558,11.312690318750052,0.890147393013117,0.17910464996917344,0.17910464996917344,0.8030995924070753,0.22340091372942217,72.6026050607,10.805932383162016,5.6927292345783425,58.30712253194003,8.678239892495831,9.999054471619427,0.9551543442219044,0.26958948797490023,0.4025055636985956,0.67511317223891,0.20736003409400924,78.26533088503038,10.517103465386251,5.855375958762281,52.837955810120796,7.100235083281746,11.489843026265238,0.9586942230239873,0.30100336838967456,0.6098655977926049,0.5767292575013249,0.1375884168030186,68.33120634072657,10.101175908917682,5.865163595387065,39.40860589705706,5.825643681840365,11.648927123714914,0.9614367068362408,0.3140564206827713,0.7474540145956234,0.43637512027233494,0.11421867509083589,69.72947844829532,10.2843783542257,5.623132773024554,30.42820954440206,4.487846841251438,12.174878331301414,0.9627956178361006,0.32413181987340833,0.8616726896864593,0.2550263380430729,0.07838713666839754,81.90320196889459,11.278140104718977,6.465944263412941,20.887473672129385,2.8762227708431993,13.525842082773236,0.9631676616577396,0.32909358185537224,0.9400598263548569,dg165_rookie_capital_v2_hazard,0.8610151639855487,0.9196252961503958,0.13178349308683235,0.22456494082368259,59.43523988489948,73.87887523065896,10.171886308449693,11.261111777964796,4.8127174884106845,5.817923371829262,52.86051234976208,66.16496747793003,8.903896900961033,10.198797284478395,10.404928032712785,12.162556694865495,0.8610151639855487,0.9196252961503958,0.13178349308683235,0.22456494082368259,0.13178349308683235,0.22456494082368259,0.7441122848641016,0.8529814207632644,0.17213767855890919,0.27781655681485257,63.14297286574474,81.59396116329756,10.149426586882475,11.503024216100002,5.14005384266348,6.238698356884986,50.58928865126167,66.48716563265401,7.9227604273243575,9.438016702965001,9.019842578302207,10.91653630258733,0.9376356884791318,0.9737383677077704,0.22130200391246455,0.32673712242426456,0.3204568817381776,0.4791968432121133,0.6097315955017879,0.7414614242271509,0.16061449317692558,0.2624481979650098,66.8242382297811,90.26756852571317,9.694417504560436,11.314579471617659,5.180349593283882,6.651738611668019,43.30179250801424,61.68210222991328,6.182575417768793,7.978331981738593,10.468189703860729,12.528754942487227,0.9442002390595953,0.9772438588306985,0.24623140491403459,0.3588576715495209,0.5053532971304011,0.7288061022105562,0.5071386298839592,0.6645984149828938,0.0995627581707508,0.18380648869618205,56.565857465479795,79.98856278773525,9.228950035321994,11.01827075787313,5.0901620420093625,6.665587345186859,31.006914689411776,48.978281102770815,5.035751763848506,6.825009438101796,10.687379777564578,12.954016186250273,0.946550813965705,0.978053614227439,0.2578322114565078,0.3746576498940642,0.619776819122997,0.9028230899424292,0.36002588878060426,0.5100665523520174,0.08028111958680713,0.17126655473649605,52.07541411094985,88.0348179026862,9.349867902513491,11.286936302935468,4.6761187828063795,6.739472860901658,20.803764102458356,40.62509727546779,3.4797172750318532,5.413681624438305,10.898249614501642,13.44751516141096,0.9474650861088711,0.9793264326415904,0.26994399346003717,0.3852899944378205,0.7185647253211319,1.0567510497213652,0.18944917137920267,0.3253400639205103,0.051834794458256235,0.1237313603061843,58.92075718920078,105.20104965311212,10.049764887374629,12.482857977646034,4.915496672890865,7.7045597377598005,13.385113370527124,30.585308878663884,2.075545740899237,3.768991564251973,12.055286312755017,15.31775311455436,0.9479904352477825,0.9795331683151745,0.27527189381911016,0.39219477479979914,0.7734958124996666,1.1590167736485757
00-0040878,Mike Washington Jr.,RB,LVR,2026,122,4,23.0,resolved,scored,0.8948213747617932,0.285197907657578,83.57415204853172,11.544939414829383,6.515547851606962,74.78393763061828,10.330658558719241,12.167298928899493,0.8948213747617932,0.285197907657578,0.285197907657578,0.8330592050369093,0.29437431407808784,91.37079122908104,10.811727292831375,7.344690371032211,76.11727870489166,9.00680894364196,12.595652734595607,0.947295684458466,0.39906935421142464,0.5795722217356658,0.7175628397118812,0.26499587881335185,92.36085453597389,10.923105269465156,6.943267345543433,66.27471705904941,7.83801443562923,12.235322451257646,0.950478371341612,0.42429873822830505,0.8445681005490177,0.6672566534948903,0.1751536211681407,77.8893526989643,9.896504536741283,6.6639851910427454,51.97218882479412,6.603508498482988,13.405789103729012,0.9539780509529248,0.4419211975701112,1.0197217217171584,0.5300412256617049,0.12494338198691955,70.82428476967645,9.598847767400814,6.200509571016644,37.53979070593292,5.087785035573247,13.436525648889818,0.9543206745480947,0.45370569795782617,1.1446651037040778,0.3076852754670999,0.10357824241262346,85.71051807670497,11.241766575448972,6.623962151910847,26.371864364858816,3.458926045503853,13.563738315767557,0.9547774678026137,0.4606137134630593,1.2482433461167013,dg165_rookie_capital_v2_hazard,0.8671169384721261,0.9228298646496405,0.23551064550385392,0.34260883846130796,77.43599127031706,90.51766098635196,11.014606069418722,12.050249447468474,6.123366131778959,6.970536244006351,69.46995487452097,81.26917119038947,9.813886496798327,10.838788625867915,11.46014708593221,12.884214376716306,0.8671169384721261,0.9228298646496405,0.23551064550385392,0.34260883846130796,0.23551064550385392,0.34260883846130796,0.7915237472106714,0.8752643489629585,0.2285677413656351,0.35570281082156124,81.2040114885725,99.24352393709356,10.215106865910913,11.357043586642769,6.756464338054722,7.85091034305882,66.84168365388692,82.9458993705515,8.266063925547316,9.619267097029239,11.759440331086187,13.411771054405515,0.9311387694980622,0.9673454157965392,0.3413402678425682,0.4578567579769114,0.4866167917139253,0.6741010445476957,0.6668176619690318,0.7662886096859485,0.20641259227827977,0.3233253363448296,82.29121776003066,102.09448895125641,10.244956559696387,11.556466420288938,6.289555355994573,7.574763341522469,57.79633825704322,75.21410531841333,7.123836124256916,8.583402996809356,11.354714740922923,13.057272761162757,0.9347155066072139,0.9706608773689976,0.3638314420575099,0.4835333908300963,0.7033309181451741,0.9889703869028523,0.6103808968998273,0.7243959985060315,0.13698149530163903,0.21475909920973155,66.16491676709434,88.43497809083527,9.1343114252225,10.604356139621052,5.955668610280471,7.208535380094423,43.647664876040636,58.951485051537894,5.856891154808268,7.43108577347812,12.35549915151744,14.393199538281047,0.9369821411362491,0.9721655740953639,0.3814174880528246,0.5020979608283835,0.8510133672457711,1.1818300729678186,0.4621469264366766,0.60004273636379,0.08254784567768172,0.1750016804427247,55.53389491404993,84.93749139223529,8.612152439159203,10.564401304491994,5.26587292990298,7.096795017306406,27.49402863174972,46.97961316978706,4.271278023468138,5.911107023087684,12.180678431821107,14.635426178644998,0.9380309478054176,0.9727873017491926,0.39577694337280434,0.5161299136253634,0.9705219857976198,1.327758059265702,0.23467110747015812,0.3783463512480053,0.06729486346215764,0.1484855192590445,62.92391603957588,105.7144385538398,10.110161813446103,12.30212843830758,5.260960733272354,7.7955408965191,17.6015089764074,36.33992961923998,2.6363220996775567,4.395714580993871,12.327970532244874,14.892387506118746,0.9386506383273635,0.9730594287317007,0.4003904596935816,0.519680908205952,1.0724683254678646,1.452973262903581
00-0041443,Skyler Bell,WR,BUF,2026,125,4,24.0,resolved,scored,0.8881683213115055,0.17636434610717172,65.1803056156672,10.700617217798484,5.2413839856207405,57.89108262123803,9.503949231329072,11.281408024837374,0.8881683213115055,0.17636434610717172,0.17636434610717172,0.8004621634454552,0.2207295102853209,71.62824443369325,10.789574821884193,5.625810176831397,57.335699503193986,8.636646404582033,9.966396366674976,0.9532570360108571,0.26636030428689356,0.3970938563924926,0.6692133118936269,0.20442389134008704,77.40121511289831,10.506431096963247,5.801555544222479,51.79792351029373,7.031043550580966,11.460995487747716,0.9570037853452456,0.2975981907133856,0.6015177477325797,0.5723249603419691,0.13449883392661427,67.5124224461459,10.09402925760645,5.808022311596293,38.63904449908072,5.777064894550288,11.630592222005083,0.9598489644722875,0.31098147258148323,0.7360165816591939,0.43213842176258965,0.11187783923400235,68.82712949698725,10.267684434975367,5.563042101016048,29.742847115277453,4.437060946886562,12.145122435722401,0.9613144286693747,0.3210160014907198,0.8478944208931962,0.25179552307583397,0.07682485595980942,81.40527720013992,11.269439742038683,6.443740438683669,20.497484353742493,2.837594474618222,13.512342588247135,0.9617012843826809,0.32600189520000483,0.9247192768530057,dg165_rookie_capital_v2_hazard,0.8574514180216933,0.9182327898421561,0.1298751621253705,0.22103500110968358,58.29035787483123,72.52764226503497,10.147255306519789,11.250038483977393,4.748265967784707,5.7494114147385655,51.710271524565975,65.00354611393053,8.852660588015436,10.15137974108733,10.376357089767698,12.138856041957935,0.8574514180216933,0.9182327898421561,0.1298751621253705,0.22103500110968358,0.1298751621253705,0.22103500110968358,0.7402040603158352,0.8521759853562123,0.1691093174897109,0.2754681207648963,62.18870597600369,80.62187029235062,10.131133217829602,11.482340588583684,5.080411488018355,6.170084096284801,49.68038372550867,65.46981623633805,7.87029135656206,9.403452196217367,8.991794539042132,10.893111983931353,0.9344616983770215,0.9726720781092478,0.21716984714037407,0.3229648438998305,0.3166145844047705,0.47231987517759877,0.6066560382153846,0.7353965009630923,0.1589021302651053,0.2597125093348377,65.99020532521746,89.44556208384576,9.707015682578668,11.31761590173694,5.1210418962919855,6.601993976716193,42.103368099210314,60.712243663847396,6.1270045004994875,7.91472589125263,10.437984578552856,12.489969890761147,0.9424433216642156,0.9760063339291948,0.243670925237514,0.35512137104966196,0.49722449137002994,0.7194231894521772,0.5028319219708871,0.6593630771962129,0.09658707120063276,0.17876302034343863,55.70694977757433,79.07790114614602,9.22689252292258,11.017611110989913,5.028139253498738,6.594195616044932,30.206927435000864,48.07831873395901,4.994029357944025,6.798328780321217,10.693534879078967,12.939970544699785,0.9446333790571235,0.9772165159099198,0.2554878267477526,0.3720457377324302,0.6081751810396356,0.8916680331068231,0.35529403690746914,0.5062855525442613,0.07844036159764024,0.1683062846600096,51.160855253221726,86.70839972255041,9.3106726994513,11.270774211957692,4.619949375155618,6.67579660259735,20.181042586770236,39.937744108597,3.4457623539984503,5.368010726259489,10.884910586196233,13.43694668174215,0.9456473809192169,0.9785665686375318,0.26698799071317025,0.38208189445822677,0.701327452186186,1.040066999424994,0.1866974262902233,0.32114406680794433,0.05099186955199742,0.12095630517441526,57.9891738648939,105.13191251637124,10.048318125105542,12.481172406533291,4.890286639391409,7.669348297161951,13.165812946566206,30.079533413821963,2.0463262030465246,3.7520734723461757,12.008978750242886,15.31184860614043,0.9461909071100246,0.9787809029511565,0.27377247576447267,0.3902011942351936,0.7585469871984567,1.134427644677583
00-0040879,Matthew Hibner,TE,BAL,2026,133,4,24.0,resolved,scored,0.8979040376376509,0.07487832057998958,51.266944421176795,9.226247283917168,4.4577198790854276,46.03279639311969,8.284284688472635,9.693654103260123,0.8979040376376509,0.07487832057998958,0.07487832057998958,0.8363368814733114,0.12513915636698944,52.808089144620666,9.628297610097745,4.379255932481825,44.165352591776674,8.052500397126085,9.055245881425206,0.9511756027803918,0.14080891194042583,0.20001747694697902,0.7610090839560829,0.10544522628323144,56.56659502582138,10.045395406792492,4.346628824716511,43.04769266311504,7.6446371564997975,11.14212752243985,0.9553337483996543,0.17509262333239073,0.30546270323021046,0.7051824002908806,0.09711178498347614,46.023444866185535,9.5511643851823,4.102683699206432,32.45492332039172,6.735313026715628,11.011896391291732,0.9725725639986709,0.1869188448056215,0.4025744882136866,0.5855781263493035,0.057925288615691954,33.70553399710799,9.610363320545988,3.3917595534708607,19.737223445629247,5.62761854678139,9.773702191211154,0.9727391317730341,0.19652352233749582,0.46049977682937854,0.4185368937813998,0.04964720889522233,38.967295766346396,9.519176796988054,3.912890770161342,16.309250929107712,3.984126687967355,10.481342485091853,0.9730117404553037,0.20650599142845685,0.5101469857246008,dg165_rookie_capital_v2_hazard,0.8646899234997603,0.9310554090994103,0.04540779472097099,0.11008916944807658,44.9729839024167,58.95437301743934,8.552316139597067,9.862794331032589,3.9799165826959206,4.980420679331658,40.24907141828911,53.28064626509426,7.55203694807009,8.92210795617308,8.639712795092501,10.90657927752885,0.8646899234997603,0.9310554090994103,0.04540779472097099,0.11008916944807658,0.04540779472097099,0.11008916944807658,0.7775341361349468,0.8809939476375926,0.08864642797241024,0.16188745133667748,44.19490743010549,61.28802204271425,8.916745269365553,10.296342633297115,3.8174792590738083,4.883677079258855,37.07836515082688,51.21460036170012,7.3614314728720425,8.823324453080565,7.970801931258314,10.438399735816533,0.929781967348158,0.9729303671884876,0.10092400371790128,0.190374259728414,0.1423131518602013,0.2639721840879291,0.7063815389165521,0.8149898281933612,0.06922920737088901,0.15118490395400572,45.864068094062326,66.84314496503393,9.347336848382103,10.787628912944419,3.7324494572928644,4.94592896755825,34.940228052122514,51.058677528999645,6.86272297113813,8.392334861052271,9.99732793613261,12.320504720877395,0.9364444967965888,0.9758850300828344,0.12915347498436275,0.2248835220061634,0.22432081972467857,0.40074006318541106,0.6355725432969899,0.7768431003244481,0.06651167004221119,0.1371725875344852,33.06457866677283,56.56646187596204,8.675394994224035,10.459514947245587,3.2791778670686473,4.728147632062252,23.374184670936135,41.29709023141411,5.758595806318243,7.623802744331155,9.982434160139292,12.215936806117082,0.9540040156114072,0.9909936479160512,0.14501729618141984,0.2431813281840846,0.29865190098797684,0.5278063126416866,0.4978098513054928,0.6616778808656079,0.033524408642924684,0.09389259184687442,18.491072784854328,49.23787362736027,8.545249620710162,10.492975129639007,2.465080765508305,4.252143719058281,11.505025592971306,29.94280072388463,4.618189440879592,6.602176631440536,8.601423385712229,11.064912898399847,0.9541815044215464,0.9914216595332024,0.1546319132023707,0.2533688726852621,0.3472874655793729,0.5972116405880582,0.3171071881447274,0.5032022060053376,0.027479048901724902,0.08275072673357946,15.978376661898277,57.98201941754933,8.3142297267634,10.71199337644738,2.554087594429413,5.164821746008165,6.593199188725309,25.873461051898147,2.962226912640137,5.020260866194547,9.077133394286601,11.822878233225314,0.9546396893773309,0.9915074429378703,0.16470333920702812,0.2622676331157094,0.3843768973892615,0.6702466978750043
00-0041067,Bryce Lance,WR,NOR,2026,136,4,24.0,resolved,scored,0.8828903969767593,0.16941172126668644,62.13987944967438,10.628349767987501,5.067369308185127,54.862702835410985,9.383667945866332,11.200284849162514,0.8828903969767593,0.16941172126668644,0.16941172126668644,0.7933652059985069,0.21392302289544712,69.1014723070717,10.747155384203015,5.452271545273382,54.82270381170006,8.526419145286187,9.881705352901754,0.9480595990098735,0.2581273085242822,0.38333474416213353,0.6536526272143856,0.1969601145332084,75.16033674950955,10.478754852348226,5.661985122827113,49.12875157863485,6.849465639172909,11.38618627006449,0.95239171295676,0.28890411756602313,0.5802948586953419,0.5607929813174494,0.12683770812863052,65.38910150602476,10.075496120253215,5.659840007057329,36.669749179232944,5.650267507529195,11.583045023051582,0.9555148427776115,0.3031783976978125,0.7071325668239724,0.4211760134820491,0.10601456917215521,66.48710249317072,10.22439273303602,5.407211260880924,28.00277277604605,4.306268971574943,12.067957610433139,0.9572930179667231,0.31310430658646443,0.8131471359961276,0.24351080560088004,0.072923037461346,80.11402795220094,11.246877424450377,6.3861601097220335,19.508631486571872,2.738736182122262,13.477334865699046,0.9577200877870559,0.31815159776282886,0.8860701734574736,dg165_rookie_capital_v2_hazard,0.8498070367745842,0.9142492803272355,0.12389018780610465,0.2117574120588555,55.10154913629285,69.5110850622547,10.084145850155194,11.1965118332647,4.561028345780791,5.571236893189175,48.80451686110091,61.93090055927164,8.740626394351267,10.033221572205226,10.302265156797546,12.078280690158435,0.8498070367745842,0.9142492803272355,0.12389018780610465,0.2117574120588555,0.12389018780610465,0.2117574120588555,0.7259035397939446,0.8479392248609909,0.1615329290942227,0.26996838310496685,59.912450763653126,77.92563335353469,10.086198211024401,11.447394606932953,4.905216507331527,5.997431772085511,46.88072495131505,62.59383550682805,7.687327115079855,9.313167736922043,8.919058632187545,10.822834663843098,0.92523540242629,0.9693018334431637,0.2073114321382708,0.3155301797722698,0.3037152012866187,0.4587990470717857,0.5896570655342007,0.7167847883924361,0.15451866301817604,0.25141689678419443,64.13486568513935,87.5516165438041,9.702145901476447,11.307060916935333,4.987084714008753,6.471890974701886,39.506628834396516,58.06258984389696,5.933247820285959,7.784402595720056,10.357673984465263,12.402369080829072,0.9366726939506462,0.9724401511782358,0.23753320433210146,0.3458907360985187,0.47668899943438997,0.6944670275406424,0.4912962994398131,0.6550858517770355,0.08937562634987675,0.17124641447533448,53.457831192602185,77.04566397023969,9.212059771172486,11.013717149853067,4.8452547561458355,6.405463586364264,28.223246285795383,45.98714084790082,4.858199751611636,6.696994320974152,10.643694148520801,12.903546519973625,0.9381500291987112,0.9741837764159053,0.24958289771840422,0.36515990859088804,0.5756477163818092,0.8633226123657859,0.34579360114473345,0.49658788749359045,0.07379372060633069,0.16139474442015128,48.78916476634176,84.60796438569339,9.220756177334287,11.212816934307774,4.476367693713304,6.492675408731467,18.500735636266818,38.10627947574444,3.339662372459371,5.246891977336756,10.82741483778548,13.361837689187933,0.9402021480096234,0.9760848655559067,0.26082482708460825,0.37454940254782915,0.6702166931058919,1.0028021841861319,0.1780018864094883,0.3099581641578459,0.048951177347336575,0.11547310603667438,55.87224002251562,103.84793425159955,10.044566291878649,12.476307790294173,4.783703121786258,7.60309595083448,12.491543522697908,28.72832504956609,1.9638238398166628,3.6449529399078364,11.944608274268585,15.239499686058485,0.9408001265295272,0.9763240169003476,0.2677508379297828,0.384414195493239,0.7248265299592997,1.0930235538593138
00-0041069,Colbie Young,WR,CIN,2026,140,4,24.0,resolved,scored,0.8810271077526586,0.16707306402963076,61.09490357213646,10.603511887486299,5.007561527851024,53.82626619258696,9.341981410252988,11.172403309844876,0.8810271077526586,0.16707306402963076,0.16707306402963076,0.7908394273578371,0.2116239807397125,68.2330361812786,10.732576082915797,5.392627378995838,53.96137526048895,8.487744323487547,9.852597569451156,0.9461796026902368,0.25534471632569544,0.3786970447693433,0.6482221647580796,0.19444482881502329,74.39016056156936,10.469242696346209,5.6140156226276785,48.221350915921604,6.786395164003253,11.36047479949144,0.950730091740182,0.2859616147414494,0.5731418735843665,0.5567946453302692,0.12432129423290066,64.65932908546237,10.069126394296424,5.608910655293039,36.00196820543319,5.60643565949793,11.566703341577242,0.953952587245356,0.30055400481429473,0.6974631678172671,0.4174194620867724,0.10406731912781365,65.68284952392384,10.20951363985817,5.353653154211854,27.417299716602702,4.261649691717163,12.041436531933151,0.9558514792718382,0.3104417372822672,0.8015304869450808,0.2406955536928797,0.07163079388626394,79.6702334831632,11.239122893889878,6.366370102828062,19.17627096107097,2.7052069079671446,13.46530292557188,0.9562929644791198,0.31550973222312767,0.8731612808313447,dg165_rookie_capital_v2_hazard,0.8481052168406875,0.9128794920904633,0.12207621374432781,0.20865900277181315,54.01229102723444,68.62513536137261,10.06293585223756,11.168680475697997,4.5001457555348745,5.510538691853059,47.72836674090116,60.7922300697299,8.699939492616654,9.99493425396516,10.283601163060027,12.05331515570784,0.8481052168406875,0.9128794920904633,0.12207621374432781,0.20865900277181315,0.12207621374432781,0.20865900277181315,0.717950746832527,0.8466979375438284,0.15900960780377776,0.2683474220113074,59.1716100538847,76.97577536609779,10.065697377277832,11.437648908187095,4.840922605848013,5.946221325867101,45.80389207925065,61.5821650839323,7.650920093584547,9.287185803926796,8.89405974586561,10.798121769426492,0.9222600355309466,0.9683574209795215,0.20389133491671513,0.31303443126710134,0.2983067773232185,0.4538736496916618,0.5808424499604848,0.7126365540035533,0.15214488010330357,0.24740935373070835,63.25938083424476,86.90067904535385,9.688830234214938,11.318384389346036,4.955179099218034,6.426915283812819,38.70302535116159,57.1727826125163,5.847316051146548,7.74005733189981,10.330261186966633,12.376047278566505,0.9342359690356213,0.9712634669505199,0.2355202221418461,0.3431230820415446,0.46946042115176345,0.6862217682783094,0.48476462536365184,0.6522699357866591,0.08706358086273228,0.1693432959812533,52.6145790735933,76.52188688330169,9.205372281192343,11.012378819226397,4.785565949755917,6.338836358415861,27.70458269756263,45.077171368476805,4.79610386717862,6.643702516981017,10.636265681748492,12.891027805450177,0.93587558754222,0.9734826678927978,0.2477723450196799,0.3618847186940793,0.5644781573322245,0.853088137961011,0.34070695077029495,0.4930703223696367,0.07225445868283921,0.15906871824782104,47.97402925162471,83.77779121875473,9.21851127016796,11.186669117435802,4.41870026338443,6.429791221138832,17.849653949535018,37.644116449499556,3.3115631340992877,5.2043146982165025,10.786667096383605,13.336023187825193,0.9379136567294054,0.9754887235662827,0.2590423967197037,0.3711525379546976,0.6558597776151432,0.9848841553386918,0.17510096099353084,0.306188435110137,0.047957976786700406,0.11426012704685183,55.212751081200814,103.62691819050049,10.043276809745356,12.474224872742166,4.759671373918854,7.59083632249225,12.276102296618099,28.274193979352347,1.9433869781474773,3.6224793690934303,11.928276769941935,15.219977132288017,0.9385345201621114,0.9757338363306198,0.26530026252142325,0.38319546776155866,0.7105667793608044,1.0796825564057897
00-0041070,Reggie Virgil,WR,ARI,2026,143,5,22.0,resolved,scored,0.8330418461486107,0.11876855507108522,59.59356545760203,9.967155568278587,4.963661002012742,49.64393378737887,8.303057675449198,11.093501200792282,0.8330418461486107,0.11876855507108522,0.11876855507108522,0.7953418722954514,0.17481765734720772,75.26220996501165,10.26061984281098,5.90021958390233,59.85918698666575,8.160700596693145,11.446098225520835,0.9295645053538695,0.20822807331273568,0.29358621241829297,0.6472595592264995,0.16688224723322195,79.56355910489602,9.985748664308785,6.179909695109088,51.498274196726534,6.46337127900711,12.047830663687495,0.9377099826189107,0.2381670185106564,0.46046845965151495,0.5505886452963004,0.13338229659560655,78.90078906178636,10.530827291751514,6.469209718372303,43.441878562338104,5.798153932414774,12.38227928030081,0.9397165153328537,0.2593875175660435,0.5938507562471215,0.4227668758699923,0.12431489466015556,84.51253613710952,10.726063006971652,6.3756425360952145,35.72910087453562,4.5346241478421,13.073000185831875,0.9450007005037403,0.2738346505292132,0.718165650907277,0.29528228051317645,0.09303880243522303,96.26297377133517,11.663845006073581,7.188207358494726,28.42475042417994,3.4441267529456314,13.655046676558504,0.9455506934987029,0.27876153944296567,0.8112044533425,dg165_rookie_capital_v2_hazard,0.80684487673062,0.8671728146934294,0.08751720781119594,0.15236783807059,53.9096458930336,64.7828195286,9.529919156594856,10.33065297955562,4.591601347269478,5.3294288467763415,45.23018305296006,54.51115390446521,7.822218011768306,8.764455902932712,10.238922829814967,11.89408687402907,0.80684487673062,0.8671728146934294,0.08751720781119594,0.15236783807059,0.08751720781119594,0.15236783807059,0.7457769156231494,0.8359393164137229,0.1383940025121583,0.21770794187943268,68.17744916736837,82.40631845097725,9.76417326928052,10.808637055097758,5.4194381019117115,6.3020649544491745,53.406891350150566,65.84044338341357,7.572224023774951,8.775452136720316,10.677761116288226,12.207563110468605,0.9067982811596608,0.9551229441204447,0.1710018501818121,0.2497444614709038,0.2344820829351388,0.35582953251153054,0.5865209964652591,0.7060935039120204,0.13616733512910634,0.20579296825276708,71.30594524843578,90.35586005886508,9.367202358419167,10.696207397079515,5.616900145593884,6.856873539823583,44.63096668767709,59.79664399051918,5.725973368309043,7.239702748545484,11.099168813235291,13.0230387434006,0.9179281052116548,0.9608207385355239,0.20065092130040407,0.2810484298065838,0.3811911932102601,0.5631217307990807,0.49547829850925384,0.6103764159751462,0.10554409197678183,0.174211810837028,68.13928786457649,88.55048585245876,9.95352190742407,11.15867133782435,5.85316513216533,7.103775412327463,35.99061628878495,51.44552775905316,5.111350342275781,6.590074769255781,11.447852394121911,13.289071221177787,0.920939415469553,0.9625682021830888,0.22136062421010835,0.3070693824682406,0.49283369413580586,0.7157664405778019,0.36923432737454054,0.4839250493143029,0.09635278070236822,0.1638067395541454,70.27897605859252,97.80694203203613,9.86936099113,11.528909518735395,5.495110920522941,7.089937192029899,28.90844488484087,44.2102795085167,3.884402961483,5.283892639260216,11.973856932331422,14.211567886668384,0.9242400215915705,0.9670967247595409,0.23398076502692877,0.31788578592601885,0.598926679440291,0.8567042512752912,0.2392569392759335,0.36221728853173485,0.06764278211213555,0.13025430984511124,76.56059512940665,113.69757557244354,10.747621578521002,12.64432488057474,6.00069752820773,8.157943366473818,20.62371594599276,36.23651921397108,2.7313714440854597,4.251622417803269,12.236663016306395,15.25718972661798,0.9249976213756548,0.9674257575119455,0.2391366126606351,0.326689571463741,0.6802295999683918,0.9744282684616807
00-0041077,Justin Joly,TE,DEN,2026,152,5,22.0,resolved,scored,0.8427616547321074,0.047476510663377665,46.73009307363469,8.415888801303314,4.255520264694354,39.382330564521766,7.092588372227793,9.531441776488268,0.8427616547321074,0.047476510663377665,0.047476510663377665,0.822937957296602,0.09426435405307675,56.72450751333756,9.018620016565116,4.660555585702208,46.680750341681765,7.421764734066343,10.629600666308548,0.923112410556082,0.10517290956531271,0.14174086471645442,0.7370124896250491,0.08356151846974474,59.22899307081077,9.459668052545119,4.747646834500745,43.65250764110303,6.971893502432818,11.906420777930533,0.9323951899659718,0.1353210930208636,0.22530238318619916,0.6735103073383999,0.09321479605703906,57.234571379083555,9.893489852598671,4.7386549016762185,38.54807375990815,6.663367391273072,11.881154787977918,0.9478140386475591,0.15253883406593308,0.3185171792432382,0.555003271185675,0.06501365684694678,48.61895532855505,9.970605519460577,4.199294724955392,26.983679248978262,5.5337186790025665,10.735288211710795,0.9485883913349273,0.165710422997738,0.38353083609018496,0.46029153668739486,0.05895514423513928,52.78988587375433,9.762902820748499,4.623296267441287,24.29873769038258,4.493781541892028,10.51363361415965,0.9491025074215781,0.1749986158953117,0.4424859803253242,dg165_rookie_capital_v2_hazard,0.8043473880633372,0.8844717126282609,0.02823360956064772,0.06921331398119698,41.41930494384922,51.46689311417091,7.857032073462836,8.877895870232104,3.8689219199986358,4.644108618600432,34.66715828992594,44.44752484915775,6.575724470944685,7.618063801518603,8.595687712653998,10.550032787689153,0.8043473880633372,0.8844717126282609,0.02823360956064772,0.06921331398119698,0.02823360956064772,0.06921331398119698,0.7741537274513816,0.869006840985274,0.0641842436739886,0.12472508358639567,48.934301950102075,63.07913308794088,8.406457924016639,9.54869317980938,4.155963906557681,5.142859778186824,39.383689873098454,52.37140733503785,6.746222748009188,8.013771187290672,9.525310742959647,11.86203391101652,0.8944364196131089,0.9531707601943014,0.07307324506681007,0.13674835021597306,0.09660491564244493,0.18432252677315553,0.6767997852685229,0.7937980811047408,0.05563648224065009,0.11543680270036653,51.272359326477634,68.13010612293883,8.800056486781488,10.223121050009846,4.2571777433933,5.360352919072542,37.233538043653674,50.936877352148905,6.179097032449471,7.671391730793119,10.648953886031332,13.01997148636231,0.910059217742631,0.9601541735845872,0.0989944139021369,0.17670074569027078,0.16122178116628913,0.2895762681458458,0.6146382535880104,0.731419528284369,0.06291466152647884,0.1300778737180607,46.52367100029289,67.93376062935523,9.125844097271168,10.728695955821813,4.032165021663697,5.328681505857321,30.797373143380792,46.73682240685924,5.828762981714863,7.459721543187711,10.725799576060107,13.096851399307472,0.9249047271826547,0.9751819925457998,0.11902996108584696,0.19291087302910107,0.22813464321136306,0.4111080575196598,0.48363869553448885,0.6272057429313257,0.04043719157772613,0.09076246032158224,35.09016919130269,61.74076805152811,9.093887551157303,10.776231116406464,3.422052676315892,4.92051341436784,19.29725437240823,35.13856124970412,4.737524103158414,6.309089103293461,9.512086102227782,12.016467096284815,0.9274614278351849,0.9756382261777826,0.13145500348346073,0.20497956137942294,0.27981498069469624,0.4871403584826451,0.38105427794811675,0.5463783320919167,0.03696203030693429,0.09322332062633035,35.195883244247185,69.3589083677084,8.741145444492979,10.903449848810737,3.3614894384988516,5.534166844504624,15.39519978258561,31.50780125990101,3.6703996227229276,5.292428980784502,9.107135341497168,11.684619213540788,0.9281868135568331,0.9758818439160049,0.13722897927199088,0.22556204163907695,0.3277131469669646,0.5555398754864975
00-0041081,Max Bredeson,TE,MIN,2026,159,5,23.0,resolved,scored,0.8397662735496372,0.0448262114041939,44.78616014798099,8.296287549015856,4.095268013724905,37.609906814067266,6.966942479333299,9.557244010455141,0.8397662735496372,0.0448262114041939,0.0448262114041939,0.7962961612884185,0.08336185593874168,49.048013458941995,8.861874776854476,4.155216717209055,39.0567448361782,7.05667686662788,9.83074052032229,0.9164514034864,0.0939060672982995,0.12818806734293559,0.7113593859801788,0.07234399782164405,51.88683243660746,9.341338396162875,4.155552330747834,36.910185262561505,6.645048745727491,11.529187672456386,0.9254304117802714,0.12059653757551195,0.20053206516457964,0.6438710778148202,0.07576412951921314,46.63898794621218,9.421116050694138,4.093298890063899,30.029495437120048,6.065984145778938,11.408368925155273,0.9441630350485866,0.13345243790637143,0.2762961946837928,0.5175598063081296,0.0509614545216592,37.70847205336499,9.617699470471694,3.551768870755602,19.516389492115103,4.97773467506713,10.154360445312019,0.9446201030576005,0.1441880377987053,0.327257649205452,0.39913661446910215,0.043677051444705524,41.64573629545514,9.430956182134807,3.957303884466623,16.62233819204097,3.764239921743736,10.399844997719384,0.9451739020270244,0.1519858974117538,0.3709347006501575,dg165_rookie_capital_v2_hazard,0.79726515920246,0.8833513201178159,0.025323769794685435,0.06798762230122003,39.51742552942097,50.5782553927993,7.689885386644173,8.82328250077985,3.701544011628193,4.53912899703775,33.080596018540525,42.61292264321741,6.369655373374325,7.490304170118806,8.489994743656863,10.745013024460132,0.79726515920246,0.8833513201178159,0.025323769794685435,0.06798762230122003,0.025323769794685435,0.06798762230122003,0.7505205810101219,0.8453423221236315,0.05473570463978015,0.10830623645510312,41.957004705479385,55.14010667608806,8.196993428867147,9.460029079914047,3.625162730837653,4.590359974633741,32.97696692952384,44.53185233937552,6.413413834676471,7.688291013873743,8.74281155434104,11.164673780912732,0.8882264788901529,0.9466560184137174,0.06512441443313252,0.12435764775065204,0.08817076872117208,0.16602638669171588,0.6537891052065844,0.763018688722896,0.04861139751414335,0.09999349229198486,43.850565928362315,60.71264953932663,8.69553124775799,10.048292501709989,3.605127824683331,4.702694724533023,30.81924298401449,43.692837186873376,5.9282964103306295,7.380396601327647,10.28655316109931,12.600916443915937,0.9058494753452173,0.9543048001415206,0.08864672389879245,0.1547340534942606,0.14591617501300333,0.26022269922950114,0.5810955371219149,0.7133094204049956,0.05060076864244885,0.10558110221850125,35.00926684637453,56.16726837975283,8.642882082349477,10.299270778944155,3.3896879555384802,4.6885423944163485,22.665382586075285,37.811242464247165,5.234673116916797,6.809975674307261,10.371367510930348,12.589986397011405,0.9227003838445734,0.9735259765655758,0.10344674932802518,0.17072233514811133,0.1990277799278888,0.3506375030121866,0.443271198003692,0.5879200792032879,0.03039933345764395,0.07564064535760606,24.884841923693834,50.48516764997152,8.644303065726884,10.471970831309493,2.8365412146610884,4.272327792895026,12.558998397936046,27.62644427923085,4.190656856401353,5.754260536448822,8.971720718794849,11.512211164343766,0.9231215544382024,0.9737791872438383,0.11300187531458508,0.18216182989839635,0.2376950155665156,0.41224200350524576,0.3260303237747727,0.4813128353047108,0.02519046520427731,0.0705240130854871,22.05847040185033,57.78479051419701,8.238656462008024,10.494410867245453,2.7276653243414173,4.9458706386296525,8.826985867201628,23.6304022107442,2.967932669393323,4.638515525895155,8.955170388616104,11.61774095016304,0.9238903388938203,0.9740413953713998,0.11951074992504755,0.19204478645413425,0.27164596710174727,0.46124367302961505
00-0041013,Emmett Johnson,RB,KAN,2026,161,5,22.0,resolved,scored,0.8388361217160287,0.18157826797036547,68.97681195049242,10.659486862850692,5.620065908525369,57.86024142488689,8.941562619516631,11.70045953691707,0.8388361217160287,0.18157826797036547,0.18157826797036547,0.777198241925325,0.19228834811544035,80.70717328362693,10.058034109120278,6.682207700914578,62.725473186797416,7.817086426833233,13.127474704244511,0.9054669409394931,0.2710875325515682,0.37386661608580585,0.6432529162886497,0.18051023811736633,81.98355214420076,10.375332571307554,6.3113172277906875,52.736159004459715,6.673962933958198,12.03255938113066,0.9132486860461297,0.29479496168365804,0.5543768542031722,0.5953230722181558,0.13088515372322224,73.19822434268272,9.764779321532703,6.272314220773556,43.57659179659968,5.813198425227168,13.572661245603804,0.9166110821847657,0.3179454288065604,0.6852620079263945,0.4578472718077364,0.10361837392697157,71.2390098856574,9.655720380499128,6.018421715803909,32.6165863224326,4.420845233549884,13.652922046120251,0.9175174623684659,0.33232640061568636,0.7888803818533661,0.28372924655388576,0.08700831582695917,84.48455612767634,11.227808492079411,6.423075370235637,23.970739455545083,3.185657643909012,13.409370956707065,0.9183422877447812,0.33871013289168633,0.8758886976803253,dg165_rookie_capital_v2_hazard,0.807525608652378,0.8752706585713459,0.14870724554756273,0.2270892790038555,63.23213963974266,74.77843800141292,10.078218174026313,11.148903180073203,5.229835132241337,6.01384439777225,53.26444997644173,63.228341486592186,8.364525535928564,9.510300091167641,10.93879372637867,12.463068050483596,0.807525608652378,0.8752706585713459,0.14870724554756273,0.2270892790038555,0.14870724554756273,0.2270892790038555,0.730212994396808,0.8246631907489198,0.14794852084126994,0.23307456241044258,71.64296962719963,88.91921857870486,9.475028110167953,10.61545907293593,6.096851226265093,7.18396908684418,55.29584316525582,69.62633842874793,7.109863313722878,8.431607309206653,12.173841442780919,13.927155205986347,0.8788696658529778,0.9364946146801977,0.2309766718835571,0.3231340004541394,0.31205293784260923,0.4466000655182984,0.591262114553864,0.6954625313900569,0.13969593774091282,0.2210116445462257,71.78670277258723,91.99821590309325,9.606743901018099,11.044650560598654,5.6479644892944725,6.898296232928708,45.20678742522814,60.06014502432814,6.016203565907555,7.327349102147446,11.059798549483308,12.854418649363867,0.8876179457799862,0.9424971090414731,0.25185785181578957,0.34571908208114877,0.46767722478124446,0.6592397633559839,0.5419836421618133,0.6520666330466519,0.10031699657252442,0.16210177334332038,61.91076805859084,82.64872544268978,8.94692856100063,10.472373074826562,5.553738498559017,6.875247191568146,35.80956494707054,50.90099934422899,5.088389998176042,6.545426326392797,12.460350265254851,14.42853316294968,0.8911661797859032,0.946782826136009,0.27540959862620085,0.36652601506059385,0.5872499708863114,0.8142076632423638,0.4033793300549133,0.5187296769382594,0.06870813865374947,0.13711788417040605,54.374763953633185,86.02320308156717,8.738994155182477,10.524758833019533,5.085463993177404,6.981027782039013,24.254243526822567,41.22754911971539,3.6443066919904226,5.222327671243499,12.34721071550697,14.822884584079857,0.8923898403230741,0.9474675640828625,0.2893777734636835,0.38696799522840325,0.6685685281571331,0.9285009121759793,0.22318150831240197,0.34715963951680107,0.05710793813433918,0.12120904874632989,64.70266831970626,105.07646190477328,10.14277448468319,12.317531008870606,5.097496368148559,7.561182751817721,16.602482300193316,31.880050976883293,2.4665184162129434,3.88933250616913,12.053824548156983,14.719209703123033,0.8934659419198434,0.9479928884420339,0.2954641720092884,0.3916771619459367,0.7418271455562657,1.0262555466053809
00-0041084,Tanner Koziol,TE,JAX,2026,164,5,,resolved,scored_age_imputed,0.8361943045013843,0.04384951881721647,43.90508390302023,8.251728840520943,4.048419617151499,36.71318109836092,6.900048658733425,9.533198052369753,0.8361943045013843,0.04384951881721647,0.04384951881721647,0.7923895435116495,0.08121035344064306,48.17896753436662,8.82746840755965,4.092630271246276,38.176510091419345,6.994793661829698,9.821364526674177,0.9127587577028441,0.09156758864520513,0.12505987225785953,0.7054526339139938,0.07034926361272328,51.173981389576895,9.316020090243208,4.109186654952144,36.10081995914272,6.572010910257754,11.54266672689543,0.9222355402490512,0.11775908936618207,0.1954091358705828,0.6381794087348157,0.07389515755002586,45.81257035557943,9.392355912709306,4.032646009203765,29.236639062145827,5.994008142999775,11.418044895249984,0.9417231467626355,0.1307460643919628,0.2693042934206087,0.5099531273663184,0.04941752241669771,36.66399976190273,9.578932722476027,3.492959586118327,18.69692134034025,4.884806698658212,10.133636673949898,0.9422137917272219,0.14138053388835584,0.3187218158373064,0.3933886212807364,0.04272425486564482,40.92814903711401,9.387673063992345,3.928109622107165,16.10066812128278,3.693003763678255,10.36129551983894,0.9427916538099497,0.1491496492559955,0.3614460707029512,dg165_rookie_capital_v2_hazard,0.7910231328524691,0.8797213288939256,0.024446999400726668,0.0671717208765227,38.550779534963816,49.6576562380666,7.639438633547046,8.788608875221946,3.6521231490799155,4.494572013899313,32.161673902265036,41.66587123859951,6.297612540008069,7.426403046922618,8.460046678099152,10.739212218625735,0.7910231328524691,0.8797213288939256,0.024446999400726668,0.0671717208765227,0.024446999400726668,0.0671717208765227,0.7422391372048923,0.8435220928757501,0.052940344552631594,0.1066297302269472,40.72928560028563,54.52179729961992,8.154062169083524,9.436708962998253,3.5763892515875653,4.538707822843848,31.91886333331311,43.710256661304285,6.345725712440169,7.639214430301269,8.732936444494536,11.194136834770907,0.8807667055302918,0.944042279184925,0.06342346411687451,0.1206684530211831,0.08550442113521856,0.16214619978507128,0.6464431812004443,0.7581220859921379,0.04789734900381012,0.09731820741427316,43.03048539005479,60.32227125712858,8.681789499168383,10.031410172811118,3.5629178693897523,4.694721637846139,30.040397511594776,42.71321490441883,5.8579028147326255,7.303587814843234,10.286636111050486,12.616349568701516,0.9021162685647192,0.9523321858116718,0.08654344454531107,0.15125676114628078,0.14150448821106237,0.2524417316022614,0.5734228490243923,0.709360698729137,0.049048068871778344,0.1086535559447417,34.34532116961565,56.717992818938185,8.647473432025878,10.25616571652228,3.3170112703888472,4.652040252922873,22.062091856712293,37.33628510926213,5.183834603968287,6.755905643355774,10.391869237972003,12.641965872893884,0.9196082658187253,0.9732531893088956,0.10200473374837718,0.168095355088208,0.19279923209810834,0.3421931588210262,0.4404516741215295,0.5806906709562831,0.029064913728643598,0.07401126171159782,23.888127289347917,49.419934322575,8.588774603950801,10.444220312113107,2.737987059661021,4.226196317729984,12.420454157997838,26.884822064884077,4.1252737710869365,5.6706235376743805,8.954519756232214,11.46479163985584,0.9199698945306441,0.9733528317826001,0.11088932582220164,0.17910221131312012,0.2332995783491737,0.4007204768275063,0.32278042664405915,0.4767729172426787,0.02469359180332564,0.06950305509831803,21.520462341985485,57.45047849640869,8.195660502393286,10.476716544328625,2.6823390215345944,4.934429105204212,8.53352328381826,22.85779459712866,2.8946566310387505,4.549885549604306,8.897319966102845,11.571453594451253,0.9207701955853377,0.9736193034647742,0.1178552968728481,0.19164621950344285,0.26438901135301307,0.45273159223604553
00-0040886,Nicholas Singleton,RB,TEN,2026,165,5,22.0,resolved,scored,0.8373301558056954,0.17929181137783168,67.80917182085116,10.640690019696255,5.5490040132106575,56.77866440580847,8.909770632072373,11.658956631070614,0.8373301558056954,0.17929181137783168,0.17929181137783168,0.7738829727806567,0.18877965520489545,79.65299092490127,10.041605675690903,6.611484426597958,61.642093407833265,7.771027651794791,13.10113231926608,0.9030844429439258,0.2672103872024494,0.36807146658272716,0.638200069172259,0.17762210671099463,81.11576228674016,10.376241812966661,6.248655040121237,51.76808510235809,6.62211824278341,11.987252806432892,0.9111569555662289,0.290884917819193,0.5456935732937218,0.5914918158690174,0.12819225200371662,72.30707258808701,9.749957086268946,6.207545921397166,42.76904166530044,5.767019821602213,13.557284498142408,0.9145929925992786,0.3143496093235457,0.6738858252974385,0.45361931722768484,0.10130288959756094,70.38864144616988,9.640323645522935,5.9581497139304505,31.929647473395903,4.373037029936019,13.627815608896254,0.9155414024484224,0.32865294201382644,0.7751887148949994,0.28056016688770863,0.08534129176389517,83.77299514664189,11.212295038884786,6.3864774256523695,23.503365499025055,3.1457233673037432,13.383255343731552,0.9163859884239381,0.3350662814368027,0.8605300066588946,dg165_rookie_capital_v2_hazard,0.8047084502697459,0.8735589870860819,0.1461400271250688,0.22396419422420635,62.08342981501428,73.64904888105679,10.055906924441448,11.136832853782927,5.152982323086092,5.945541098664996,52.177092448196,62.13276393357226,8.324871544386346,9.48925280454452,10.901824854304374,12.432790546485723,0.8047084502697459,0.8735589870860819,0.1461400271250688,0.22396419422420635,0.1461400271250688,0.22396419422420635,0.7260369831625777,0.8214167056168428,0.14504590219743851,0.22906303846329198,70.40041179043436,88.00807576423871,9.450599376797125,10.608769653454539,6.01177507709685,7.121506086641463,53.92576546822144,68.62966487700083,7.064102561102884,8.386708798274148,12.14608999972179,13.908944923493374,0.8748209025915243,0.933659032424756,0.22802464534510788,0.3191060079545873,0.30675712980792397,0.44063010780452955,0.5866221387612427,0.6894069036854208,0.1369889284765362,0.21902972523501954,70.83053007918511,91.30391745001837,9.598346133630821,11.04577021633337,5.589142836149161,6.838812262475805,44.35487275617793,58.982203769014816,5.952234715746639,7.297095059561285,10.996341221683519,12.800417132000105,0.8849379410020025,0.9401566203887375,0.24884427261806402,0.3412281248326101,0.4600626623701348,0.6491819909355429,0.5368176731141147,0.647623541144165,0.09765586048705702,0.15908740302517863,60.90244802755381,81.93055935420811,8.943091175369995,10.452220440829855,5.481885441219054,6.818640885327495,34.97784530178577,50.064085677681355,5.0329696750496105,6.5024361198680705,12.458916143464602,14.41398851964682,0.8889823935934585,0.945252379450156,0.27175636912141354,0.36244906241080815,0.5744251588739905,0.8020126743625381,0.3968231218111239,0.515962234160658,0.06719553391649047,0.1347381488999395,53.42361700026646,85.29965102128642,8.715766434983008,10.518094913505559,5.021000828157072,6.928262101773572,23.719642021489165,40.488556621527316,3.5895399081823918,5.191907864116018,12.309536664699609,14.808759846352853,0.8895710381918454,0.9462704203294283,0.2865368853459273,0.38252067544668483,0.6557605272558247,0.9128144599070263,0.22010243834888876,0.3432207077273314,0.05615345962314911,0.11966471427207191,64.02625780144656,104.36428772661543,10.126109368516982,12.304352595428506,5.055204067618471,7.526387379176844,16.1307060010423,31.294466273495722,2.4292085078989687,3.836393483546573,12.025001570990696,14.697159090140968,0.890675327809927,0.946807716126134,0.29119272911042493,0.3864885523848562,0.7269919447876271,1.007831907666673
00-0041446,Kendrick Law,WR,DET,2026,168,5,23.0,resolved,scored,0.8210806853666922,0.10681114291002666,53.12263390018259,9.774294694371969,4.5391079879357,43.6179686512458,8.02548458663096,10.99929787225142,0.8210806853666922,0.10681114291002666,0.10681114291002666,0.7510041747882198,0.1529389502395291,64.02247165603822,10.072871495999049,5.154374821290631,48.08114349394518,7.564768545600547,10.499084461813476,0.9128403697866935,0.18395680231347375,0.25975009314955577,0.5936934875332033,0.1425114979009586,68.97717480351253,9.851364855471987,5.388612344655525,40.95129946928475,5.8486911580071945,11.508086783605172,0.9223453594632988,0.21043779068240828,0.4022615910505144,0.5001126520471443,0.1026488961646994,65.450697973253,10.06487061691017,5.628975050444026,32.73272214174021,5.0335691367343225,11.804592320549334,0.9251380974778541,0.22813293571256585,0.5049104872152138,0.37306260394436985,0.09552069142667402,70.65064927793216,10.346828178294105,5.515945942425795,26.357115189985784,3.8600146627593794,12.374797655166002,0.9294100436695896,0.23985951444436934,0.6004311786418879,0.23446058455791022,0.0656495496105412,83.69559180334345,11.351737007629104,6.454670398073283,19.623317379132143,2.6615348945563824,13.530438464158179,0.9301159432328937,0.24412557435377796,0.666080728252429,dg165_rookie_capital_v2_hazard,0.7891782506154889,0.8543426802967093,0.0782577370727984,0.13713956855620893,46.90235255136793,58.853894352395514,9.292462017256927,10.197659216898675,4.133091260768209,4.966608767113924,38.921079200355635,48.740767420134254,7.551199594060168,8.585525523411162,10.111174280136902,11.849674432068806,0.7891782506154889,0.8543426802967093,0.0782577370727984,0.13713956855620893,0.0782577370727984,0.13713956855620893,0.694479117357862,0.8033844994040283,0.11839309466163735,0.1916164693317165,56.31052102039115,71.78445639416714,9.512612305165543,10.653567557201777,4.680341576120095,5.614192689744936,41.792942525778514,53.88738677636391,6.906846980802861,8.267158748069525,9.67447708720429,11.216196728881286,0.8853781074181372,0.9408238888318883,0.14632537200689535,0.22263842043167875,0.20193890005337292,0.3138613201474086,0.5237551873940544,0.6553588599902213,0.11420960276665668,0.17577666612524712,59.89390367440876,78.94400808291422,9.225579416878626,10.60852588202281,4.812281737635849,6.096540686765111,33.566733014761375,48.05013208622741,5.094894784427402,6.637829742526528,10.569910424895928,12.501449241087341,0.8988433304288823,0.9476496863004704,0.17070447595749103,0.2508513749557012,0.32134513748190635,0.4859021827558778,0.434763647065508,0.5752268321131243,0.07681660078019359,0.13565851535503592,54.46665904543269,76.28827711525133,9.421521779120638,10.794580765493913,4.93139236010534,6.35380004587299,26.39836353986675,40.50852653530311,4.385112506448037,5.888982877837465,10.856522698651915,12.81560771708516,0.9011837344362795,0.9495721539513974,0.18898440145702622,0.27246710416423675,0.40608592349871925,0.6064383712367813,0.31254227676032365,0.4398766398347627,0.07035029490025581,0.13400246060119594,53.8108492800454,86.2534436732555,9.475098904191618,11.260687288683211,4.646300389677569,6.379158166228479,19.155465214209713,33.55878316872841,3.1910198542928914,4.598145275499623,11.157307136613596,13.725869200081442,0.9092607864367879,0.9545195245227563,0.20222251901353508,0.28478728691769395,0.49323912636470557,0.7356697545616646,0.17826425394514334,0.2975464325038225,0.045014850187163905,0.09889754030196526,61.557817503809844,102.29124976038986,10.28845432592723,12.465576119606776,5.083692760514828,7.54122823863409,13.287305753339375,26.78649993355891,2.0283795589236706,3.3821591125387975,12.197136461428713,15.221673744489651,0.9101681785724199,0.9549743292775288,0.205708243589719,0.2902656643111678,0.5470454349226058,0.8208189779689193
00-0041398,Riley Nowakowski,TE,PIT,2026,169,5,24.0,resolved,scored,0.8348623637297714,0.04183803119821226,42.387753429772985,8.153702173212611,3.910850580017209,35.387940021575,6.807219069476854,9.570642938999615,0.8348623637297714,0.04183803119821226,0.04183803119821226,0.7642045472319453,0.07281854453249062,40.92325105149007,8.687382159171865,3.6175947181447583,31.2737345410632,6.638936949580814,9.027044080750098,0.907626413113278,0.08291326511159944,0.11465657573070287,0.681244332140119,0.06169234726849643,44.17697136702955,9.209949136167243,3.5395416396686485,30.09531135490521,6.2742256483127194,11.15890728761907,0.9164983214544457,0.10625820197608218,0.1763489229991993,0.6106332715384114,0.06052357570380725,35.617124564475326,8.933907290908138,3.4166571129443293,21.749001295596685,5.455341036668102,10.940574088762787,0.9395046670559006,0.11587107710573177,0.23687249870300656,0.47623632006344313,0.039176504074020846,26.25923258512843,9.244796887598987,2.873908208666741,12.505600294031618,4.402708049484114,9.562743012700086,0.9397810206670655,0.124539837977478,0.2760490027770274,0.3381354890505909,0.0318287162462467,30.13144326515372,9.07668339074116,3.2762526150321163,10.188510304262886,3.0691487772856374,10.266171918937165,0.9403832104603949,0.1310425030028398,0.3078777190232741,dg165_rookie_capital_v2_hazard,0.7861115856523276,0.8851245149523028,0.022386288565643196,0.06508791899617877,36.282326954421656,50.08637285546184,7.407541966832747,8.775351639599439,3.429859588259958,4.459185680884175,30.296002247221843,42.17386211101718,6.131415099652157,7.459178779090305,8.46688161390028,10.923323881247665,0.7861115856523276,0.8851245149523028,0.022386288565643196,0.06508791899617877,0.022386288565643196,0.06508791899617877,0.7014654278865197,0.8203444808132739,0.0458028979520253,0.09762125267656303,31.894211378724666,48.97556332363401,7.939678790234612,9.39976505184278,3.058517338154803,4.081674313066343,24.510741606957858,37.42030679473092,5.923780174084236,7.31754217495142,7.85394813024424,10.414974296452778,0.8740431989854821,0.9462940040039107,0.05696389374856499,0.11454980164628484,0.07770106183612675,0.1544327908908112,0.6149178444524169,0.7407732397833441,0.03872819445525749,0.09002138181111782,34.18482058021887,54.39905786937359,8.510640300134018,10.003502974870251,2.9158106524543483,4.177479949919938,22.95757430755426,37.24855147231137,5.503500445789035,7.054985393257583,9.882541428961561,12.445099655725313,0.8887424914910421,0.9520382219673181,0.07445664589078735,0.14013561473991223,0.12271426124713643,0.2405939884469891,0.5295043338561329,0.6967109177021907,0.03975128880659589,0.08843343577189637,22.152813496310745,45.74466038614857,7.987583686799526,9.869066305899128,2.658995770511405,4.088126950030531,13.841659369991783,29.155284359305504,4.5187218713154165,6.361653895380297,9.883622665408781,12.13559038263657,0.9117033292391248,0.9740969657376352,0.0869909079446372,0.1526796902969691,0.16864829175686757,0.3158013500160143,0.39088785814927657,0.5616016361596637,0.021670099922546603,0.06504960344461784,10.965294047458837,41.15862759804043,8.195165406670808,10.200703215084852,1.8515449171380567,3.7699348516313864,5.290747820057865,21.15703902854971,3.527473726274577,5.314383263578649,8.29619231455256,11.009001102898521,0.9124808302802699,0.9741062393439194,0.09517276534859224,0.16173102841680737,0.19729305005946182,0.3596613001215237,0.2612621760003547,0.42487245602206675,0.01661186098971314,0.05422952291334623,8.655335424007907,50.04578059585543,7.815675978882949,10.231225825551691,1.9420463261218468,4.4991799918379645,2.5764635194237693,18.14480700319995,2.2457755543616704,4.0206625987453375,8.784484082647907,11.72476830867444,0.9133560219774672,0.9743651769504802,0.10152014386482829,0.17122633178634417,0.21914411411319304,0.4048416672421729
00-0041087,Joe Royer,TE,CLE,2026,170,5,24.0,resolved,scored,0.8341700387742207,0.04166230711618233,42.219868049547955,8.14521169834078,3.9019238146928195,35.2185489679339,6.794491558229165,9.566061082617571,0.8341700387742207,0.04166230711618233,0.04166230711618233,0.7634276995746017,0.07245535554363274,40.757657998318095,8.680826169920921,3.6056691335685205,31.11552508570435,6.627183153309729,9.025257524515489,0.9068902304198136,0.08251554687821738,0.11411766265981507,0.6800658189611031,0.06136157008261085,44.04114059215732,9.205124839245963,3.530706854762268,29.95087434478655,6.260090762440998,11.161475664865097,0.9158513511291339,0.10577498336929458,0.17547923274242594,0.6095371723846083,0.06022103891553627,35.45965416140684,8.928427167333677,3.405099961082403,21.613977331280033,5.442208249418487,10.942417804250166,0.9390255277608636,0.11540580172773215,0.2357002716579622,0.47479018273683243,0.03894024821042472,26.060212774085343,9.237410046488964,2.8627023463267225,12.373133185168715,4.385831603987548,9.558794185053529,0.9393055722587752,0.12405830101007938,0.27464051986838695,0.33711588690704875,0.03169299717686877,29.994710025096154,9.068435974256795,3.2706897708802742,10.111693272630037,3.057113836321366,10.25882647773562,0.9399125165361875,0.13055589541125381,0.3063335170452557,dg165_rookie_capital_v2_hazard,0.7850937726744104,0.8847965888825342,0.022258061523284207,0.06490893943007947,36.1457475117098,49.923159815194595,7.396430731858921,8.770191762076236,3.4177039390773722,4.447765979576739,30.149326935508977,41.99755957783055,6.117413570647754,7.4426280857671365,8.465654152860758,10.924549654946327,0.7850937726744104,0.8847965888825342,0.022258061523284207,0.06490893943007947,0.022258061523284207,0.06490893943007947,0.7003933636185243,0.8195052702656168,0.04554083867817078,0.097091173280153,31.75182719797746,48.82656922637587,7.933806994579019,9.395482249806122,3.046625471495282,4.070448859911954,24.317167232904943,37.24905569272759,5.905824274377466,7.301611561946364,7.847534714216878,10.418257613330672,0.872962691082541,0.945711577958163,0.05669320340506748,0.11405771792414447,0.07727587074010926,0.15403545523504727,0.6131239704717112,0.7400215490602394,0.03846972030425347,0.08963594843172684,34.08726323824656,54.2381090335,8.503614676532008,9.999835946382614,2.905277069357923,4.167723750855487,22.815968293035986,37.060727058544025,5.485556046973386,7.044126634731768,9.882715362336215,12.448001071103214,0.8878358690531187,0.9514258227321494,0.07411774365271258,0.13960224311956207,0.12212147591369069,0.23966326261383838,0.5285523254634812,0.696303912442637,0.03944831688381876,0.08793851186555574,21.927154935679397,45.58253560843554,7.978615332257189,9.863786514466852,2.6500580565399305,4.078874029093724,13.716604719507899,29.03604552106029,4.507378651111289,6.347003038082485,9.877916843885318,12.140325956238703,0.9110852595039103,0.973911831466104,0.08668671338264526,0.15216300649853523,0.16767509834501004,0.31442048820542456,0.3896352557172024,0.5601246648994705,0.02155499562173513,0.064751542602784,10.787513409098962,40.97580485292876,8.18866580972853,10.197947997205098,1.8452729031030637,3.7554546759318916,5.170448859035554,20.966000686155674,3.512916567142037,5.300409902469263,8.295245486149986,10.997815116838757,0.9119031652679601,0.9739212791135533,0.09485814570183206,0.16120691861480657,0.19606007062971992,0.3581492013050775,0.26014446451795603,0.42380546950516546,0.016533358068893198,0.05399579285156451,8.487360805944245,50.01647296101653,7.807300977552892,10.224077589525638,1.9400598516373162,4.491027653720575,2.5184180193967465,18.0524426313135,2.233456254851703,4.004716751176414,8.776556469596853,11.722549748818816,0.9127841336152804,0.9741820663224179,0.10107749373361702,0.17053999097367567,0.21793869169595492,0.40289727104585554
00-0040887,Josh Cuevas,TE,BAL,2026,173,5,22.0,resolved,scored,0.8276345800788631,0.04330461052986816,43.04750822693691,8.229649272510775,4.0597106553670805,35.62760639484234,6.811142319850777,9.430938237349583,0.8276345800788631,0.04330461052986816,0.04330461052986816,0.8066922831320447,0.08452207173757018,53.092205120406476,8.874813649159696,4.398966536139922,42.82907216509553,7.159243685012068,10.590412352778644,0.9076532821325259,0.0946465304322253,0.12782668226743832,0.7130654767491077,0.07441072495841372,56.24952962623186,9.353846552695266,4.553854826069385,40.10959765984208,6.669905051535648,11.96275842397302,0.9193037368751533,0.12254174052445879,0.20223740722585204,0.6498989901704023,0.0845627725237442,53.78044023695503,9.773282720766856,4.485147465467856,34.951853800916744,6.3516465708762215,11.921596896196908,0.9375157251007972,0.1405239589557726,0.28680017974959626,0.5233493589848234,0.05746724023367411,44.25343321246865,9.808574322341025,3.9534928642321976,23.160005904623162,5.133311084152174,10.648670229645033,0.9385576006887398,0.15319980323809348,0.3442674199832704,0.4352561635309593,0.05393390879534487,49.79062675303192,9.581994805238041,4.501274650367447,21.67167718032662,4.170622297901492,10.352510528725702,0.9391720246818525,0.16235717826740229,0.39820132877861525,dg165_rookie_capital_v2_hazard,0.7810716347267008,0.8696229902599347,0.024437164770449674,0.06486500422863307,37.09588975414576,48.353031443532046,7.632520671357717,8.725477608695822,3.7003017697235108,4.469365166735064,31.003868297063388,40.67799772220159,6.303425466533007,7.391792638989994,8.460616684685652,10.475706481701216,0.7810716347267008,0.8696229902599347,0.024437164770449674,0.06486500422863307,0.024437164770449674,0.06486500422863307,0.7551888197561879,0.8585504726652261,0.05566055067206663,0.11188929370492931,44.87141788495231,59.40298074458607,8.251455984544144,9.409945266122941,3.8476126797385306,4.818643836074993,35.91818779009412,48.85470445261275,6.444105484555528,7.777489951895508,9.457191125945121,11.850431075952605,0.8727207985054857,0.9424785166750442,0.06527214459157356,0.12364811444310754,0.08625710371141529,0.17085298517877798,0.6514197210895925,0.7724509278761302,0.049094518372804694,0.1036224464799029,47.94741731870212,65.28699373042734,8.706006855001402,10.147253705548671,4.011743605175814,5.151339526475329,33.672516332984685,46.92813963474184,5.877994188073493,7.431219556316969,10.716001072289163,13.112018201384226,0.890880889143751,0.9531981880846006,0.0875704085454598,0.15896547203038844,0.1437298917177076,0.2613431589610274,0.5856880881483583,0.7149795493987856,0.05525645490890255,0.11841742099707997,43.04772640770188,65.36727878489276,8.94926506699919,10.64121077158309,3.775300487195488,5.1093076738500205,27.4655756607364,43.23233913504339,5.480227563786077,7.204495789031452,10.799448963857321,13.19157086356558,0.9110262183021448,0.9722445195939436,0.10894816585054247,0.17577278851915068,0.2016604431937274,0.3735278454668165,0.45461235604014616,0.5977031650905186,0.035748077456135806,0.08169091509331596,30.64532629874916,57.14162596312461,8.90713278764342,10.666946554812103,3.1768827801207276,4.688533246060931,16.040261990676598,31.03553916274795,4.341073725822699,5.949203976050755,9.414136144350156,11.957907434646886,0.9132363550994865,0.9725571950312646,0.12114823041302414,0.19251719227979364,0.2486271663941444,0.43708343116359477,0.3556671631075658,0.5185831670619696,0.032843552285327295,0.08832941992314206,33.3356367351077,66.09722977190445,8.513556182451493,10.746665967332127,3.2595937863034905,5.405698372421877,13.301518270220816,28.777493457095566,3.360203946098927,4.996555927621928,8.946522373426609,11.561800265889044,0.9141039915484918,0.9728316230809518,0.12584521056939796,0.21150390023310833,0.2899592976957231,0.5098532762381663
00-0040888,Adam Randall,RB,BAL,2026,174,5,22.0,resolved,scored,0.8340322756309515,0.17442081731757608,65.28226223714947,10.600011456237771,5.395217773984778,54.4475137319863,8.840751676560144,11.569139496602054,0.8340322756309515,0.17442081731757608,0.17442081731757608,0.7666198000975011,0.18135125681207315,77.37161720571308,10.00605262743223,6.4584310027520875,59.314613715464134,7.670838065007171,13.044124322221641,0.8978489139350221,0.2589680828248832,0.35577207412964923,0.6272075488053435,0.17150760154137346,79.23776370499388,10.378209518087424,6.113046749057877,49.69852354622622,6.509291352827898,11.88920408842278,0.9065770973779284,0.28256447787991734,0.5272796756710227,0.583176760954407,0.12260101986762378,70.37851613301521,9.717880038393437,6.067379758673261,41.04311507922929,5.667241804133773,13.524007421121855,0.9101734034415258,0.30671642482875794,0.6498806955386465,0.44450087290587337,0.09646056177720577,68.54834484718383,9.607003313186459,5.827714064027154,30.46979912082604,4.270321358720999,13.573482347111723,0.9112181888895524,0.32084869779946157,0.7463412573158522,0.27377181870010714,0.08184658182680689,82.23309409603604,11.178722114694647,6.30727520010052,22.51310372800883,3.0604190840830614,13.326738107781171,0.9121060070006569,0.3273245323112589,0.8281878391426591,dg165_rookie_capital_v2_hazard,0.800027311100169,0.8717770899724042,0.14069852057442714,0.21730636010356252,59.66012313513707,70.99241303014688,10.008039265382807,11.110711258261306,4.986850987642996,5.80474849193918,49.61793978454758,59.96402565784967,8.211323929411012,9.435331076702074,10.816937982428279,12.364953235695626,0.800027311100169,0.8717770899724042,0.14069852057442714,0.21730636010356252,0.14069852057442714,0.21730636010356252,0.7153777403038554,0.8160216519499475,0.1382457430155498,0.21917983061965873,67.71137154051549,86.03625632128858,9.404655473745034,10.573465458216576,5.825950595130196,6.999921768034952,50.99028142798512,66.49295579076207,6.935503860885982,8.304539179948886,12.086371713976044,13.887649879731667,0.8679652919282842,0.9297911552004471,0.22009970726659617,0.30681084188218477,0.29450810049464815,0.4268283571383927,0.5741505432990026,0.6777764586365135,0.13150874320917055,0.21380602063541587,68.66285157231289,89.61495123718773,9.583771157326716,11.054027862563752,5.436827948274806,6.714730572333031,42.21334054966891,56.85849957216979,5.833708916667968,7.210106700632375,10.877622799778731,12.715953738344263,0.8789530225622433,0.9373175095028322,0.24106127992807605,0.3314111509017705,0.44168997268738097,0.6276845083773108,0.5257048217006637,0.6416058206798919,0.09331141206987056,0.15276852477881583,58.72032574074211,80.47144927388594,8.93109277929014,10.409101590844717,5.329157475938561,6.688001125349046,33.086736120843476,48.474586300088276,4.929193896732303,6.4307773067692695,12.412758419578486,14.382260859085052,0.8839725451181057,0.9414526675460111,0.2639996853195035,0.3538809093805641,0.5499490053838979,0.7708656635590564,0.38589364358217476,0.5083747120355374,0.06450930993686564,0.12970881081417956,52.3094755345857,83.73057228246776,8.665498936213835,10.516563501328957,4.899920304781506,6.814071008329185,22.58304767052438,38.64953422646367,3.484492786988422,5.087046033130032,12.228005619623898,14.759350256869613,0.8852869336745988,0.943951869594818,0.279412915264931,0.37397973182424393,0.6258691821371881,0.8807170938089433,0.2122255757914134,0.3364063061744681,0.054161756768883025,0.11683344911916334,62.487314650976586,102.70293047354073,10.094211973757877,12.275453682741805,4.9636785908783825,7.455447148574733,15.373155183206928,30.05251149124144,2.3204126350051255,3.761553285426773,11.944795581992388,14.652027713664426,0.8864340643378528,0.9445123508988699,0.28329142157400206,0.37933379787706756,0.6965673568960199,0.9743897743558617
00-0040890,Cyrus Allen,WR,KAN,2026,176,5,23.0,resolved,scored,0.8168220396616711,0.10427924053954951,51.445627179200805,9.734434164161836,4.443126777514263,42.021922124188706,7.951300368922926,10.954552792645218,0.8168220396616711,0.10427924053954951,0.10427924053954951,0.7455515334336482,0.150237410197129,62.6287809010614,10.049474222653858,5.058656183315502,46.692983637866305,7.492400916901504,10.452371471084403,0.9081344064677209,0.18065563340144758,0.2545166507366785,0.5842324841762362,0.1395028460990619,67.7411743643838,9.836099479601309,5.311629539630276,39.576594579919515,5.746568833572057,11.46682429144227,0.9183676252397939,0.20686088630748758,0.39401949683574045,0.49313871155116495,0.09982076011922701,64.27953863802152,10.054648301285509,5.547242192260552,31.69872886305726,4.958336308396045,11.778366729840789,0.921288936957022,0.22515322330552473,0.49384025695496747,0.36716550855684277,0.0929391247561178,69.35996146035848,10.322949790478916,5.429994384329824,25.466585523075533,3.7902311096279444,12.3322358813986,0.92600650364993,0.23678225952569845,0.5867793817110852,0.22984053813631414,0.06387237344363109,82.98337793955136,11.339292318572115,6.42291083760605,19.072944241995625,2.606229048585588,13.511129267751418,0.9267464386134306,0.24106713802393023,0.6506517551547163,dg165_rookie_capital_v2_hazard,0.78290910009723,0.8541021859083857,0.07479576350724242,0.1339305168279799,45.170736534429025,57.311438640898345,9.248430471759452,10.171401216134281,4.035449224297657,4.869094099436057,37.315915500767794,47.11265647948807,7.441079657731589,8.506463145493468,10.072242888170186,11.80274084329645,0.78290910009723,0.8541021859083857,0.07479576350724242,0.1339305168279799,0.07479576350724242,0.1339305168279799,0.6848676840921687,0.8002630877061908,0.1159178228825394,0.18904577211416482,54.986864924472705,70.64366751900968,9.481365449958219,10.63899483088366,4.587509440931282,5.522554756914857,40.246237703950825,52.825687067055625,6.808287371679217,8.194671036451503,9.62378799440067,11.175806916519814,0.879728078524816,0.9369977748708617,0.14430539830426778,0.21889595930947128,0.19535684884331025,0.30972104515729415,0.5127817234042719,0.6442729292451284,0.11182637990735543,0.17229390831954855,58.31826076459039,77.45430649303806,9.214613107823203,10.597970424077515,4.734785997442803,6.030122075341972,32.21797965564835,46.47426152417857,4.976334310510951,6.527606280974827,10.516233811249528,12.45906365489226,0.893568699534891,0.9457428875615577,0.1669407511143818,0.2463162330894044,0.3129902447028714,0.4763857477854596,0.4259933650780191,0.5700348560972799,0.07375255362453122,0.13258628828749594,52.84123535204342,75.02403668756958,9.383474081851732,10.779021203112729,4.846913880297653,6.246847920842169,25.362804193604624,39.36992483184968,4.295427523643203,5.846242121764873,10.86078520080469,12.7905767427466,0.8956568943409629,0.9473328141311299,0.18609823369175274,0.26979368765932243,0.3951890389905208,0.5943056975493328,0.3076418675769608,0.43490417785979957,0.0680840658588751,0.13057404960286806,52.24935945526651,85.2575519327156,9.454851404981005,11.227746750610686,4.55866527715959,6.326394463474092,18.219288615654623,32.89112420827206,3.103193995011109,4.551623955759037,11.1289309843645,13.696958790942205,0.9018616244693699,0.9534363395340058,0.19724439601590157,0.2822480985636319,0.47855192215747205,0.7129113998865494,0.1735294224755145,0.29074375364420313,0.04364595856384589,0.09715130435997217,60.65453385218228,101.72913990659951,10.276384500558395,12.440329945415181,5.06750130822811,7.530802627048478,12.862154216163558,26.406318550108,1.9764275964918019,3.3063408404183954,12.150967338701545,15.214899292035843,0.9028430082246761,0.9539019761386658,0.20113167258543027,0.2887353215367127,0.5347065480247283,0.8021533441225387
00-0041529,Kevin Coleman Jr.,WR,MIA,2026,177,5,22.0,resolved,scored,0.8139127520311676,0.10648848294348773,51.90409920703938,9.78438575707538,4.523564806219493,42.24540822730017,7.963636338475783,10.888334593404329,0.8139127520311676,0.10648848294348773,0.10648848294348773,0.771929764635592,0.1614922004487599,68.87181337921777,10.153337897251632,5.461327343906609,53.16420269184599,7.837663733291089,11.231908287472303,0.9093543927520195,0.19207432421954196,0.2679806833922476,0.6053178402259571,0.15181870483748572,73.89620933017541,9.915753361910108,5.826925611199908,44.730693832627004,6.0021824092447,11.858632530530945,0.9208950466451856,0.22066702557285495,0.41979938822973334,0.5188098721406433,0.11866559017550342,73.53075084451453,10.483955594688542,6.094445534841835,38.148479444048085,5.439179661608545,12.262028841151487,0.9233858785930975,0.24540159322549487,0.5384649784052368,0.39589531832381786,0.11062000796398253,78.59443200009395,10.616575039555961,5.981534631282934,31.11516767515685,4.203052354793707,12.877844544024473,0.931717806769522,0.25932341765939126,0.6490849863692193,0.27157549310306606,0.08275050668489982,92.99730739069838,11.606783209418143,7.042582379602265,25.25578961188632,3.15211787343812,13.566509515533681,0.9324006287018267,0.2643570877577606,0.7318354930541191,dg165_rookie_capital_v2_hazard,0.7809374423138844,0.852147077260631,0.07621485173430506,0.13710408229434554,46.42588484523745,57.551785260889936,9.307116990169233,10.162777053080905,4.139353716189402,4.906664137173316,37.922422428751084,47.135532682779804,7.448192181942928,8.477751584353104,10.062585208002183,11.717524559949863,0.7809374423138844,0.852147077260631,0.07621485173430506,0.13710408229434554,0.07621485173430506,0.13710408229434554,0.7088667440969382,0.8220783447386982,0.12762276747828735,0.20522971262219494,61.27668367919818,76.76382902785309,9.595931131421008,10.717949181191065,4.95951022438281,5.915878771462112,46.35219986933238,59.39951035228802,7.156850595424898,8.47806777444615,10.414177991696608,11.98602636631932,0.8801032073378332,0.9380188982460834,0.15473124356587895,0.22976503340683066,0.21117660612342465,0.32762105019594395,0.5361961207268048,0.6665274582185335,0.12213768580393788,0.1885335724716558,64.79850363790392,84.29786934411784,9.33518842887537,10.645599136874603,5.305953835583275,6.563021880629724,37.985317660912685,52.691120829418026,5.2558228524203745,6.772451375668432,10.968581553491926,12.814876354008002,0.8922883467831655,0.9480596923467132,0.18252545006055707,0.2681223302648263,0.34071519471220696,0.5176298183409179,0.45537112177338573,0.5893355495440669,0.09178844922616085,0.15693202055916675,62.91677141363185,83.40480531158555,9.927156617278456,11.14854960810341,5.456959279299118,6.721772877804109,31.463129470590914,46.0738053401872,4.743132373584777,6.296539475245743,11.318207801033621,13.219430060274684,0.8960700399709871,0.9501000252570362,0.20597848271317465,0.29313871185103885,0.43804928718313196,0.6560559345080048,0.3361260638947297,0.4567889210709105,0.08406241823067283,0.14923273151922758,62.56886304685305,92.65985628877614,9.680194900769099,11.417510647595726,5.049916476820574,6.779970667259864,24.806470837931922,39.53499536907521,3.4764667960707096,4.9640847724866,11.714641800497258,14.103086928614921,0.9053692301149436,0.9602065969416745,0.2177221403311884,0.30756370060913135,0.5373507160571891,0.7882294773795093,0.21092310444010068,0.33710205676995564,0.05946587874777605,0.11677216247692011,72.60954317986568,111.9146983096898,10.655140267523574,12.62365028173612,5.817239483208365,8.058138539010866,18.063242190687497,32.65934049370075,2.448848987587156,3.9230927009017815,12.148068661522617,15.1312419141775,0.9063155378137943,0.9606045309722578,0.22399992449892386,0.3146468144110935,0.6055701702330923,0.8857828354587406
00-0040891,Cole Payton,QB,PHI,2026,178,5,23.0,resolved,scored,0.570296123205133,0.09984014143919309,47.95074393272875,5.484242210596056,5.694989514409987,27.346123369637258,3.1276420714208797,12.476774454854386,0.570296123205133,0.09984014143919309,0.09984014143919309,0.520261393094946,0.13153760512949517,64.0074814561658,6.115269291359286,6.795544499270861,33.30062147088375,3.181538520673325,13.778471027701098,0.7386560229075192,0.16096744717756434,0.23137774656868826,0.3723690199594234,0.0773571719365856,50.67251746065828,4.81080616496007,6.021184049865246,18.86887566570209,1.7913951768609335,14.329936428089878,0.7788065156239937,0.1853704865318937,0.30873491850527385,0.4074482464731802,0.09335626896434222,64.23090743891034,5.655706459718942,7.60093218442482,26.17077060536516,2.304407679579521,14.89689821993997,0.7948453513619047,0.2128860178096354,0.4020911874696161,0.3547937185568453,0.06260082516470167,55.50982809384294,5.414003976491767,7.117716190787932,19.694538325865775,1.920854603101061,15.40117249420198,0.819303351927621,0.2210822264680881,0.46469201263431775,0.3064937904537343,0.07558843883704765,74.06163910491787,6.7267408215446896,7.445870613923768,22.699432496482792,2.0617042917950985,15.957899864466295,0.8211103184083448,0.2238802310867282,0.5402804514713654,dg165_rookie_capital_v2_hazard,0.5024880260840626,0.6550318174825234,0.06751857027789186,0.14956833569443523,38.97622314354327,59.87266780932399,4.818867989115343,6.178323730589096,4.838322723287201,6.5742550348435165,20.614857697035955,34.955205463462306,2.629994187314049,3.7354346545163417,11.257381092019516,13.976080059985154,0.5024880260840626,0.6550318174825234,0.06751857027789186,0.14956833569443523,0.06751857027789186,0.14956833569443523,0.44115640046476856,0.6074635179510967,0.08722423512126341,0.18062809147479567,50.318438147972614,77.76726543716751,5.3254648055812215,6.847058685293584,5.795844361489461,7.765684405064773,25.106595030397955,43.85494738020733,2.650085357502679,3.9405087294434793,12.62688885076268,14.923970323696176,0.6818024434155777,0.8117741945143281,0.11679661500088788,0.21670686951820992,0.15805110191085767,0.3165222885627465,0.29637957763064915,0.45623527774325107,0.04151568833971512,0.12016206655751349,32.152841516494775,71.87798631518628,3.6885120606348676,5.877996636531834,4.858249791964157,7.222548085706878,11.084379799745433,27.486209730795277,1.2835535109687422,2.3626397252766536,12.659828155903647,15.73751355478438,0.7227103950023714,0.8459889986803587,0.13742466658475197,0.24546540651750134,0.20775791471088917,0.42279755609079256,0.3436126519943905,0.5007509678529312,0.05829145188556562,0.12874418958617104,44.79178528892939,81.89830985671554,4.561802613890238,6.676072933695573,6.321014433967167,8.763459799019559,16.803694306913645,36.77737482348539,1.7758620938356005,2.9797783557738837,13.348873705086257,16.288932479441293,0.7416705427302633,0.8719686039926977,0.16161285258103011,0.26992302196366064,0.27555742328550537,0.5456164909876613,0.2866988374295118,0.4502369588420261,0.032053892337397895,0.09428977586020404,29.96974939735163,75.66892775336494,4.044690886644914,6.643693355099006,5.355013449871216,8.682983585569511,11.413757118883606,29.067269958650005,1.3802077757652778,2.6304650882242244,13.823024596670264,17.55970116041586,0.7546469961794166,0.9131823655176541,0.1672402752083405,0.27745490006215007,0.3135861966626144,0.6288015593516736,0.23361026257963188,0.39893855351429547,0.04226267282439731,0.1184020272705403,45.26660686864538,102.1663440757548,5.372603945252721,8.213729021722287,5.603788108336179,8.973118479899684,14.18231671365514,34.230319360189974,1.4842606907541538,2.7698026123821813,14.206217013942657,17.782502520381406,0.7571005262176224,0.9140505418624776,0.16799870355737623,0.2833642923792951,0.3744796063565806,0.7222947221061958
00-0041579,Seydou Traore,TE,MIA,2026,180,5,24.0,resolved,scored,0.8273418360073557,0.039996011353870826,40.59334025150869,8.062953234982787,3.815438428489264,33.584568653354495,6.670818533072107,9.521670577845635,0.8273418360073557,0.039996011353870826,0.039996011353870826,0.7557293398080026,0.06902413311235744,39.153339005292125,8.617309628182662,3.4901302177015134,29.589327037748337,6.5123537162276275,9.007948790577743,0.8995583777623634,0.07875536697037955,0.10902014446622826,0.6685257279748597,0.058243584947212185,42.72516816583426,9.158385492210867,3.445112604562135,28.56287415091265,6.122616328254663,11.186358933324309,0.9094204695782985,0.10119950305476268,0.16726372941344045,0.5988651023892657,0.05738307363721095,33.934030026559526,8.875333959821473,3.293130540371754,20.321906366335988,5.315127780587414,10.960280315493725,0.9342571576922761,0.11100458976740073,0.2246468030506514,0.46078232815989395,0.036729606200254165,24.13204455247954,9.165843943537975,2.7541363319863983,11.11961967214981,4.223458911853692,9.520536667167319,0.934575250353393,0.11949994813906081,0.26137640925090555,0.3272902566263905,0.03041359823319855,28.66999422452139,8.988532339075181,3.2167951396920014,9.383409767220739,2.941859055950526,10.187661470471996,0.935229497849859,0.12594773291855457,0.2917900074841041,dg165_rookie_capital_v2_hazard,0.7752973961944801,0.8811932784598363,0.021139954310438372,0.06310307444100681,34.61324633772361,48.65144749114251,7.289206001540276,8.694001373056699,3.324916836302149,4.364821622450379,28.370363313977325,40.27755859903928,5.970836797279443,7.291537869903647,8.391397409243744,10.932593959545807,0.7752973961944801,0.8811932784598363,0.021139954310438372,0.06310307444100681,0.021139954310438372,0.06310307444100681,0.6921222028041387,0.8147099997101769,0.04325975713167796,0.0920623967098781,30.532796342713286,47.24936798504128,7.847763936162493,9.35094935448459,2.921855329061581,3.9618062157457894,22.913803075704244,35.61076300359069,5.737330829591702,7.217991371179537,7.78539946792615,10.479784182078454,0.8622965068980688,0.9413193429980286,0.054036870623838974,0.1089113420295641,0.07329794691034379,0.14878735522500955,0.5994017252401898,0.7314624955017789,0.036109624484139326,0.0853451861429607,32.6554905431529,52.67610775067186,8.435548165487928,9.964308589781648,2.8110395945952473,4.072258098078589,21.627454175945626,35.68075454619578,5.299498546395378,6.930680938759196,9.887819783955683,12.47806470115303,0.8776818368091526,0.9482066616551106,0.07091785745784912,0.13465515200324432,0.1165397442616365,0.23086473477479777,0.5196244714037812,0.688886605835663,0.037147526915299066,0.08385233925846407,20.094688718300183,44.10433501210073,7.891256266121823,9.811713717152273,2.521610615720403,3.97885786177576,12.533266310595689,27.95441354302781,4.399133218719601,6.257115476755066,9.857717541879612,12.188889110873083,0.9049981691159042,0.9718947653869153,0.08287519295990839,0.14745244066718538,0.15884345217660392,0.3013303353375827,0.373310276031436,0.5456495657005501,0.01985746394361013,0.06220957114881405,8.603610209804655,39.20455903843683,8.108355759924535,10.170675789160523,1.784507604993517,3.6416083134606296,3.9193065710776533,19.42467538380917,3.3339771480008764,5.14724545578586,8.286072306718303,10.94450084763031,0.9055848622273952,0.9721224242026627,0.09135510329128388,0.15622135221944,0.18522127643476877,0.3438512502344739,0.24950420039585475,0.41510880463440153,0.015799942624061473,0.05178411935629277,6.859968442896441,49.41313954973051,7.726161259170651,10.166814237792758,1.8861792980359868,4.42328869487906,2.071900146780564,17.058467665893165,2.117138697331341,3.851754014484838,8.664664365190257,11.699876072239753,0.9065290136051212,0.9724011999606361,0.0971053871437026,0.16391942997714878,0.20673692281706718,0.3845155587192255
00-0041092,Taylen Green,QB,CLE,2026,182,6,23.0,resolved,scored,0.48044913284925783,0.06592044743836775,45.24930927395368,4.731004103018133,5.474109527932924,21.739991402698926,2.273006818801343,12.526669385386272,0.48044913284925783,0.06592044743836775,0.06592044743836775,0.46274550751076926,0.09154713282530834,58.18141419100062,5.415914954100922,6.479649186110336,26.923188037508854,2.5061903140705954,13.813625053717738,0.6823992542374203,0.11310988852120649,0.15746758026367608,0.3317923897086202,0.05497602223232439,43.18257251009989,4.144268360502986,5.540999235165347,14.327648926891811,1.3750367029251112,14.234791315178276,0.7333691520388316,0.13239089740881135,0.21244360249600047,0.34295020684895133,0.07082009377221163,59.71704039659915,5.237784891014606,7.356698055410039,20.47997135642086,1.796299411803771,14.748754601008171,0.7457062762448043,0.15335340575751757,0.28326369626821213,0.2965767810098511,0.05291753448649015,55.52726875309848,5.319038138050447,7.024139042852078,16.468098625062837,1.5775032090516332,15.348432287475593,0.7653618001594032,0.16137522063359794,0.3361812307547023,0.2620274301279941,0.0575581625636716,70.40438283649127,6.5984665911392275,7.016302594707356,18.447879504393264,1.7289792436616376,16.03730197487102,0.7677081821578092,0.1632660683021182,0.3937393933183739,dg165_rookie_capital_v2_hazard,0.41513301026798116,0.5606585416193945,0.041751445233573596,0.10306294417397335,34.49534505801276,57.0062143837623,4.036752836247031,5.453225117308527,4.551282953635825,6.377483710100486,16.1145095076965,29.29508166253779,1.7887965296572954,2.8736491366289725,11.094035409995467,14.231586329130879,0.41513301026798116,0.5606585416193945,0.041751445233573596,0.10306294417397335,0.041751445233573596,0.10306294417397335,0.3924551056187255,0.5622914269702001,0.05769233421283423,0.12601062226053353,43.13746188957871,71.86832937891351,4.605617393334497,6.120505243504016,5.388244832287028,7.406243987425928,19.77098837669919,35.563537949428515,2.043812423366521,3.1291387833705033,12.476067804139918,15.116344086586928,0.6189319929060059,0.7645218918749932,0.0775934808326271,0.1551342091276915,0.10655214833247276,0.2198547884035176,0.25822554781572526,0.4237103800376941,0.028292910976226684,0.08861768178055751,24.741449523248964,63.9610841121521,3.004236951233376,5.209765320693492,4.336675951690787,6.832586759888316,7.092307995219688,22.42077223448406,0.9145314989424552,1.9272899584379928,12.434505369352067,15.838593629029948,0.6710651528432592,0.8170527054559412,0.09507368382653661,0.18135514706359418,0.14150266747469945,0.2994067806058665,0.2731883297570692,0.42621191346415355,0.04377834554602284,0.09919781311156767,40.29979457081677,76.66058886328638,4.123740288254354,6.19836525680459,6.069610383788878,8.399887365913132,13.009098231401236,29.000496874652157,1.2700540179302815,2.3525834137896844,13.017471403307763,16.17742124279248,0.6896372635835167,0.828209342761078,0.11517913124803915,0.201717680625762,0.18922570449832235,0.3872654570609981,0.23170039201468348,0.3945578771556705,0.028567931593193218,0.08190192099249624,31.922126688422953,77.70478947337136,3.849428635362566,6.744315388854859,5.230969457733828,8.798309445015091,9.306789689932915,25.27308737088455,1.0796873180109332,2.2038675965514214,13.416339085089808,17.502625963284174,0.7049021059965603,0.862152611124174,0.12183687512807131,0.209500678176562,0.2255627319731646,0.4628861442882724,0.19596035089053698,0.34974333144294584,0.03287931838810811,0.09111677435694611,42.400172352676094,99.05642563384278,5.0989132625804325,8.12056721647333,4.932817807378232,8.540726739088875,10.759936319666915,28.83380001343536,1.2146276512427783,2.4451814708529294,14.283083185658315,18.004461494377203,0.7078530849365947,0.8635310850129323,0.12377346041030335,0.21184134904705726,0.27072798672404397,0.534631411157546
00-0041094,Bauer Sharp,TE,TAM,2026,185,6,23.0,resolved,scored,0.7645319277993758,0.026322354579456024,38.41392793158637,7.350526976997136,3.681698187382838,29.36867437588202,5.619712560064939,9.502651698672434,0.7645319277993758,0.026322354579456024,0.026322354579456024,0.7219565612942886,0.051773321386727314,39.6359038259882,8.018857038996224,3.571635028679668,28.61540083000158,5.789266453384215,9.829216580598494,0.8656607030844611,0.058796827869999076,0.07809567596618333,0.6383442747132053,0.04546090694942239,41.52551018515568,8.577931236291885,3.480391115172014,26.507571681239025,5.475673293570492,11.50761498630343,0.8814107066489237,0.07753454923891677,0.12355658291560573,0.5539332746849508,0.0507215462890036,38.5841041319889,8.88569123904469,3.5798501854227798,21.373019152617754,4.922080045883403,11.309515227614375,0.9015760471097236,0.08745447437597326,0.17427812920460933,0.42457206460763186,0.037772651618483394,33.234046221179156,9.362437497124139,3.20124975516167,14.110247619391501,3.975029417913905,10.002367378717711,0.9021356690904746,0.09718199267665945,0.21205078082309273,0.33043580114233984,0.02981100017509763,34.85166131853697,9.111617830240597,3.4037332420760062,11.51623662893226,3.01080473743838,10.294360684482236,0.9031143123995699,0.10219206295734015,0.24186178099819036,dg165_rookie_capital_v2_hazard,0.7079668659118123,0.8237460829358829,0.014179063331110643,0.04125898437381843,32.20023408751763,44.39862122131082,6.64377170467041,7.899826596397992,3.2426601622025824,4.207546818051793,24.819476573130146,34.713517640775606,5.032128706007276,6.24928975403043,8.340367331539218,10.846746648567734,0.7079668659118123,0.8237460829358829,0.014179063331110643,0.04125898437381843,0.014179063331110643,0.04125898437381843,0.6651754604485052,0.7808938115591956,0.031388914465609166,0.07113139719464148,32.279750307403546,46.57851837958184,7.32182936667212,8.64975645471567,3.0186984916087267,4.069096891147149,22.42442581577739,33.88918521711806,5.075440860301645,6.432333215929813,8.644766918109152,11.33713131879982,0.8290777885089898,0.9145269013439419,0.039000849018903376,0.08165467631896459,0.050326830588825144,0.10478630824048499,0.5669130898234981,0.7012491053801224,0.02887876288971699,0.06628066903933962,32.81213822270341,51.49883914494528,7.850531265402411,9.375741505920345,2.9263592079468737,4.097600532905412,20.606937623241677,33.54196606236518,4.682224348977145,6.251773770936814,10.047885172683143,12.818256200155783,0.8486361915071338,0.9254515073853007,0.05423860845323447,0.10526682660867953,0.08509545982982442,0.16370955429454334,0.481757903323895,0.6278062206238665,0.0331919125550355,0.07654625461570239,27.214876498619777,49.16286818331481,8.035058249618428,9.843636127940636,2.8953016308799215,4.235807911680376,14.732284796027296,28.148791872485063,4.109360420472036,5.698270677575302,10.215802205956109,12.56603335595644,0.8747209508847356,0.946852889112051,0.0659323552087452,0.11611468645746055,0.12202749931283359,0.23329517428140711,0.34943645666104584,0.5001167828917407,0.02113073100563049,0.05902595437696659,19.851833028702234,47.452441285366184,8.394662904398436,10.30306143866049,2.3433053955994194,4.033352402360783,8.30748857569859,21.250387767317815,3.2802147659131884,4.771687067478239,8.717827898900497,11.467993041610537,0.8750685771580118,0.9472002571527759,0.0743737875184996,0.12729706861290271,0.149751889577344,0.2733549131710094,0.2625465517130656,0.42092206947249977,0.016276176271826703,0.05042290512444372,15.635401809852212,52.37087740879561,7.900364207871663,10.17369186679292,2.1632299606032572,4.45456684806201,5.029487616339775,18.261162681345404,2.28029846630369,3.8314872459213385,8.759838382852845,11.730907932443255,0.8763178913864317,0.9477282545812481,0.07777821218287316,0.13391408397257637,0.17102004074823265,0.31392609845272995
00-0041096,Kaytron Allen,RB,WAS,2026,187,6,23.0,resolved,scored,0.7768869423261104,0.11249378624908846,59.12887350081667,9.762215387362673,4.910039483189854,45.936449737236835,7.584137662617093,11.57108295867568,0.7768869423261104,0.11249378624908846,0.11249378624908846,0.6680176934052222,0.11418318957327117,62.70256466734541,9.176385971798027,5.559016512664904,41.88642261967187,6.129988190676556,12.22589505759815,0.8546238693876146,0.17001196228063276,0.22667697582235963,0.5439024949305684,0.10869191428229615,63.509927770192455,9.659803249679324,4.9560333958588405,34.54320816706787,5.2539910880389975,11.271843745741123,0.8662544094882761,0.18756199805535098,0.33536889010465576,0.4851414456189121,0.07575767948076068,54.355757728906354,8.849064603594027,5.1032953481926295,26.37023088231298,4.293047994162752,12.845821065525424,0.8699169950438469,0.20213312024504917,0.41112656958541643,0.3531845458961947,0.06603410989924,57.294583236923046,9.199630122596773,5.025891835532878,20.235561362844393,3.249167187262295,12.898354082491807,0.8704322938903072,0.21385612163480267,0.47716067948465646,0.19532381727613968,0.04659678210703676,66.75926274911828,10.756548551697469,5.1655161184769955,13.039674038698577,2.101010123833681,13.275410393326728,0.8717279709514041,0.21774919517815458,0.5237574615916932,dg165_rookie_capital_v2_hazard,0.7392061626997223,0.8234638887303557,0.08729990873219906,0.14481538418845324,52.68311359233783,65.3620132129799,9.112868010981362,10.303861436211038,4.406129336996079,5.433049123300845,41.21799957098192,51.62823400133862,6.971747264057987,8.244503974523425,10.587575250542198,12.51428041628796,0.7392061626997223,0.8234638887303557,0.08729990873219906,0.14481538418845324,0.08729990873219906,0.14481538418845324,0.6087939819337879,0.7324913003628556,0.07944989808742078,0.14931883538238877,51.81307615642808,69.88078096107077,8.501889182039307,9.771833248436947,4.898820399375293,6.085155030402578,35.09134848671563,48.047162792502675,5.469155852082688,6.877262112126491,11.228997117649318,13.185889401831561,0.8239993920804625,0.9005286997984623,0.13896748677130483,0.20670436090343175,0.18298994957982975,0.2822043652495868,0.48395519744338733,0.6021013843053922,0.07936168206430472,0.14227741012302972,52.689607090835665,73.21400572693047,8.837968591834771,10.402574046937028,4.2680365597873475,5.5615280398389935,27.757023951529224,41.9893983432655,4.506764468697122,5.932840475135971,10.151992885508246,12.27350140724379,0.836553781148927,0.9110733298710666,0.15591786296376944,0.22822486421117266,0.26916688311042625,0.42043930266469165,0.42173810743698736,0.5552914359449254,0.05177458559933094,0.09998832997292133,42.61591011326735,65.35913351941659,7.943342695796847,9.741892145104849,4.319493658543899,5.7292821584212605,19.856507479642264,32.33386068270339,3.5564634892273794,5.0559010611749065,11.601807394764418,13.817117078644856,0.8421472121468813,0.9135835037090124,0.17063871269949724,0.24409253182897528,0.33376158794673066,0.5093275305460573,0.2959385947805879,0.4205177583219856,0.04284811817422312,0.09464184348826545,39.63737302326284,75.87434788975214,8.058384343881526,10.31405978593317,4.003206195800733,6.132356965097784,13.1508660877345,27.74025887516451,2.5704615343045747,3.983821879790171,11.46171856433253,14.196171318148998,0.8428145511267778,0.913992928989141,0.1784046809121185,0.2617913065863331,0.3786233516309278,0.5793893687909886,0.1480753990065195,0.24972866375912728,0.025857094422573126,0.07039159484444635,43.20955231859465,90.448620620142,9.584983395265855,11.952897615071876,3.733567800040979,6.430262070775248,7.6334150526898,19.215612064647527,1.5330573567126864,2.715995270287972,11.853102150938888,14.811180152037716,0.84438640561551,0.9148529996992495,0.1813960083340472,0.26457554629717256,0.4202520165634297,0.643071377259102
00-0041099,Barion Brown,WR,NOR,2026,190,6,22.0,resolved,scored,0.7468288973167254,0.06870268368651553,47.28668925152194,8.995855501765467,4.192924119944675,35.315065991472785,6.718364844804102,10.883192822334415,0.7468288973167254,0.06870268368651553,0.06870268368651553,0.7103848254329324,0.11316306558423159,61.58731828290477,9.44297250252375,5.038057446637103,43.75069634728375,6.708144372773314,11.205078647592583,0.8724649926184177,0.13508921740072777,0.1818657492707471,0.5477879666242285,0.10687315817977391,65.13871980545542,9.252933450950396,5.261276826747242,35.68220687073578,5.068645600405422,11.70826271598945,0.8898050041510225,0.1576139061250773,0.288738907450521,0.4492375158909143,0.08875322809533931,67.73399707385379,10.073636963044194,5.753158259179975,30.428652586820533,4.525455645264868,12.075889863112936,0.8919674412262169,0.1775719197657741,0.3774921355458603,0.3373385879352954,0.0905458421327548,77.26264559206405,10.514561197924694,5.78773171123075,26.063671764172064,3.5469672272671646,12.762377870783777,0.8999400234427757,0.19120901312548033,0.4680379776786151,0.2322479968520315,0.06243841485960654,88.62823348745955,11.48020430806515,6.583428935319597,20.58372969199662,2.666254454000194,13.620171828708644,0.9009406232083479,0.19467205212813654,0.5304763925382217,dg165_rookie_capital_v2_hazard,0.7077052652723141,0.7955985446780649,0.04718409907919983,0.09208071976305716,41.262080146069216,53.00247558099662,8.495800688474487,9.451786394046207,3.7562519440414848,4.556206351749795,31.039470583410772,40.52670917348551,6.232506457989482,7.264454952208769,9.78258554394417,11.891246638067066,0.7077052652723141,0.7955985446780649,0.04718409907919983,0.09208071976305716,0.04718409907919983,0.09208071976305716,0.6459085800741269,0.7640951568097238,0.08426941287387286,0.14606699602992632,54.19157947155559,69.30967748693769,8.909045595078537,10.043857009796538,4.533201649538745,5.491525910403495,37.48101154415708,49.96616762621121,6.114840371418256,7.34839723580394,10.35604244510049,12.012732284410236,0.8354562331229071,0.9118340403548423,0.1041806117126854,0.1695290425296935,0.14050659921125372,0.229086189045848,0.47393094093607085,0.6162713052026586,0.07988455889727673,0.1379881142453402,55.63072719809094,76.98240371556945,8.589828382142935,10.047252044772744,4.632016804942749,5.998753926459691,29.420642877937222,43.456567214897866,4.306440534111281,5.86345113879085,10.591549392982216,12.779672845931442,0.8545911580201239,0.9262818895824523,0.12629810284899173,0.19487749222288475,0.2295396428699341,0.36234218626849857,0.3828456546486235,0.5101791193548418,0.06641182865762311,0.12298817989672893,56.72572741567243,78.92935315119952,9.449763582649325,10.804725038204628,5.064143524181955,6.466412873953007,24.098015803542363,37.5444579701004,3.8223130733941426,5.231305193274651,10.973479205416442,13.06536298860254,0.8578761981407683,0.9283256060491233,0.1433601606351481,0.22129005741646698,0.3053622965844384,0.4739935848021053,0.2797130373601013,0.3980375665014603,0.0692992226487836,0.12366955170961699,61.91332700737333,92.69402397193774,9.562024993473301,11.360185992351354,4.868679738394522,6.639180293216408,20.067728354540687,33.550747179449914,2.843797215928355,4.233700321047286,11.578769116314383,14.00806711299094,0.8653522496833791,0.9365245768072099,0.1569502117644175,0.23205476041226025,0.3832176361555985,0.5863633793707637,0.17568855667640296,0.29299956335867994,0.042026529339511225,0.0925421596937826,68.03832542851656,107.67453921224624,10.543681974847702,12.530726553277182,5.373856486216911,7.644288171135043,14.414464779303302,27.66344056495707,2.071475630286913,3.415470959261022,12.019096937064559,15.512913276652919,0.8666987271865454,0.9371593310391377,0.16119775823177174,0.2373180742835812,0.43536259461205346,0.6679902695259102
00-0041100,Josh Cameron,WR,JAX,2026,191,6,23.0,resolved,scored,0.7492012293845145,0.06682488607073539,46.4347374541966,8.936551345118893,4.089965809072909,34.78896238683125,6.6952752542209115,10.93891238529148,0.7492012293845145,0.06682488607073539,0.06682488607073539,0.6790906770886918,0.10401473613889982,55.017281082499544,9.333619074302868,4.612927611829122,37.36172266189349,6.338373696856263,10.414581459612759,0.8692065091263073,0.12568310575725017,0.17083962220963522,0.5234021148526926,0.09701028859776491,58.693679342494896,9.169697819979788,4.727918110587822,30.720395896347625,4.799439231537546,11.306772967756196,0.8848618315929448,0.14617103929728179,0.2678499108074001,0.4220502173912576,0.0735912704014489,58.207993180784,9.64193118527894,5.186777756605738,24.566696175858727,4.069379152818523,11.586074383865459,0.8874309941944523,0.16093722702305932,0.34144118120884903,0.30901537735957735,0.07526885514657657,67.72533813546701,10.215333310279965,5.216024461460364,20.928170920736314,3.156695077730024,12.206782845717363,0.8919832697037697,0.17221870529533256,0.4167100363554256,0.1939648770108366,0.047446125934935565,78.44719573349897,11.209793492498362,5.956305577910066,15.216000672293154,2.174306216089321,13.560261021772355,0.8930634370067321,0.17514566249287114,0.46415616229036116,dg165_rookie_capital_v2_hazard,0.7129006885256663,0.7949683735889558,0.04762551580671722,0.0885538675500273,40.0951019344143,51.53713472214616,8.432360653559332,9.429598245757989,3.640476485934607,4.477733329668511,30.30685890646005,39.31661516724276,6.188163066953176,7.300383364995233,9.805694230898649,12.04202524225629,0.7129006885256663,0.7949683735889558,0.04762551580671722,0.0885538675500273,0.04762551580671722,0.0885538675500273,0.6243858268996657,0.740048022367522,0.07720894675674694,0.13654766502878038,47.13696377123096,62.594131378736144,8.788941429667647,9.93491933655523,4.106095430647745,5.1005716313701495,31.984199109974334,43.45152392217923,5.746647113711025,7.0440529267762635,9.555294483868124,11.257148079921608,0.8372284598505517,0.9060675632467062,0.09756848077477001,0.15798334023651414,0.12964632236126358,0.21344494628906388,0.4495042925817452,0.5909951344419029,0.0708248587372267,0.12520413667629268,48.458100762544284,69.48570119740798,8.513986595301288,9.946924961902507,4.089100615384641,5.45032801321119,24.04925997857912,37.13453332510108,4.075552678954692,5.540506040494853,10.21962401162589,12.470520085580663,0.856526936127513,0.9234008981262687,0.11676925975751444,0.17861147931145185,0.20822630268891087,0.3376927399167679,0.35863501943532594,0.4915481427121368,0.05388846155123457,0.10298501000207132,46.983254197609874,70.73893908110502,8.939750890545081,10.396754479261991,4.420595186987624,6.033960577361929,18.65870189213041,30.933663237283604,3.424279605643441,4.819352997279232,10.55591767944063,12.664465996547746,0.8592424696097579,0.9238304250630598,0.12963671130734178,0.19786371184212764,0.2755721991049969,0.43524598028811473,0.2574581886683193,0.3724480833983945,0.05566552604220943,0.10834882005612882,50.922098645476034,84.81161272870851,9.339130467421313,11.132144211408027,4.240424272206579,6.2003521659580185,14.982943974171624,28.33030641669995,2.511112456719984,3.8377457430097444,10.98995457325872,13.595123101084695,0.8629115282476278,0.9285863054784615,0.14107350130082683,0.2134620752466378,0.33989806478458356,0.5282629681881307,0.14481294926218735,0.2527386930928273,0.030433824246410442,0.07215426885043798,55.466172379112336,97.06838292524148,10.040876039017462,12.296636431248238,4.512380915037405,7.094513145118655,9.859100533996994,21.756493724451385,1.614023677337434,2.8289629799512,12.010343830445901,15.439802729359279,0.8642824129651515,0.9293004424236768,0.14489280019175796,0.21646727676702765,0.3783850347937386,0.59128964715087
00-0040894,Malik Benson,WR,LVR,2026,195,6,23.0,resolved,scored,0.7467890020252577,0.06608357382261289,45.687578200211306,8.91879222487051,4.04720316019509,34.11898092908672,6.660455944881675,10.918977044615858,0.7467890020252577,0.06608357382261289,0.06608357382261289,0.6760566265533434,0.10317512562926018,54.39634800468513,9.32319485293323,4.570281947236843,36.77501152886912,6.303007660973535,10.393769352620055,0.8663315851789328,0.12464380603099177,0.16925869945187305,0.5190119744404827,0.0960642576015551,58.14300226143688,9.162896614770148,4.69361984901694,30.176914403605807,4.75565306362587,11.288389229351164,0.8824813987149008,0.145022761996053,0.2653229570534281,0.41884138554802736,0.07272054991667036,57.68620485145805,9.637376822067056,5.150363196912918,24.161369966992027,4.036532261203011,11.574390058129634,0.8850978262562477,0.1599999436238806,0.3380435069700985,0.30647762501583253,0.07439294601382314,67.15029610680912,10.204694737277752,5.177730338233318,20.580063269924764,3.1275106070924505,12.187820236481233,0.8898491322057196,0.17123266768905043,0.4124364529839216,0.1920568277451243,0.0468671076274539,78.1298820504403,11.204248992004972,5.94215569454424,15.005377298708293,2.1518525186709816,13.551658167292508,0.8909506408836624,0.1741635843370889,0.4593035606113755,dg165_rookie_capital_v2_hazard,0.7077940487184349,0.7935941431801187,0.04705650371079627,0.08765528764487077,39.37313443978865,50.85342207330037,8.417724444453706,9.411487375675621,3.5982662247510264,4.430059598872134,29.676789289913437,38.613609395987275,6.159959754912818,7.253244497494436,9.789754239827904,12.017791435267393,0.7077940487184349,0.7935941431801187,0.04705650371079627,0.08765528764487077,0.04705650371079627,0.08765528764487077,0.6202884865080199,0.7376597829052202,0.07659718382760397,0.13555841540686553,46.438659398998404,62.12873553615791,8.78164076062863,9.921820753456009,4.057486283075555,5.052120294764768,31.44719446081396,42.9032477327415,5.714813407767671,7.01357865354376,9.532116535856982,11.233200692852128,0.8327169260497117,0.9030408973034088,0.09694454431027927,0.15686586264798735,0.1285600125959794,0.2118951779164516,0.4439557042846814,0.5861089765263423,0.07010443890536046,0.12333653226807902,48.03408779790808,68.89528170051386,8.515216008459092,9.938403133482062,4.062297400403723,5.404077219555447,23.62944668825263,36.70581119992717,4.023478806960858,5.503301604846384,10.196146906760891,12.450526505867005,0.8534910855662605,0.9204204004068056,0.11555501063272378,0.17695987695463522,0.20605514681716688,0.3333168109151544,0.3567882022427154,0.48734055259926184,0.05290186810806056,0.1020745372848949,46.304531533435366,70.2409184785564,8.938549658862355,10.391032563590898,4.382975194176427,6.002381853968395,18.35341995624018,30.627193105236824,3.4073066613542053,4.789846863795549,10.54186979131131,12.651593266349755,0.8566262075954869,0.9209597979221384,0.12885677194731582,0.19719210281824195,0.27229299247323563,0.43045704565883386,0.25536633645378926,0.37021866191709174,0.05504701870418227,0.10719972090984442,50.31894557150167,84.10407101308697,9.330928970199812,11.12991075121108,4.204565097730674,6.172432442480269,14.64081424243508,27.718230158574414,2.4774582052155485,3.8146353281234693,10.966576559059481,13.570567794596473,0.8601165828709034,0.9276056462794849,0.14036727617385095,0.21210136624771417,0.33554884652596717,0.5223738850179905,0.14322826745918796,0.25137576488467134,0.030197119233990228,0.07153156405216211,55.149883851935655,96.6952636251212,10.032729733336327,12.295608125041381,4.497049386908823,7.086702479776412,9.676167194594797,21.428779050208213,1.6017789210444453,2.8111469951840005,11.998434206105696,15.436788166618191,0.8615154170421944,0.9283295898166901,0.143762799386871,0.21542499296768905,0.3741869210850428,0.585612700082032
00-0041399,CJ Daniels,WR,LAR,2026,197,6,24.0,resolved,scored,0.7485862449380976,0.06410083272767639,44.657009591413434,8.855242551064904,3.934021957815343,33.42962312020079,6.628912769317736,10.969930840478284,0.7485862449380976,0.06410083272767639,0.06410083272767639,0.6410424161964072,0.09473260264624,47.677869777945226,9.211349397513066,4.134957187328261,30.56353684155167,5.904865674211096,9.59829679670999,0.8624556920416441,0.1158972792964997,0.1588334353739164,0.49352138334880746,0.08698467854097273,51.56631625725481,9.078035079305636,4.15206174820403,25.449079733482495,4.480204430427919,10.882504641973057,0.8770880474224837,0.13438313258081194,0.2458181139148891,0.3915655687486071,0.0600254202138144,48.03546159773568,9.204582272623133,4.575277384849689,18.80903284061925,3.604197492673024,11.081781309581123,0.8801968659557354,0.14546699898251525,0.3058435341287035,0.2801460844311135,0.061575735296057504,57.475518394609,9.902923579268455,4.596868448200542,16.101541428898148,2.7742652651526054,11.627691986696139,0.8828837727051241,0.15471498732292951,0.367419269424761,0.15888091071279198,0.035278979139104084,67.87298689659845,10.932512701321528,5.3116496485900235,10.783721970928958,1.7369675743651298,13.489690751368837,0.8840549349780729,0.15718337767880033,0.4026982485638651,dg165_rookie_capital_v2_hazard,0.6995553456237048,0.8029656006182025,0.043840899789943245,0.0863902849335962,37.10800940269582,51.33807225324766,8.218840727418426,9.363898470333854,3.3854038358833702,4.384090693947734,27.67498336640791,38.97476852465745,6.071719470197677,7.318858927470046,9.702892805684867,12.212094079473992,0.6995553456237048,0.8029656006182025,0.043840899789943245,0.0863902849335962,0.043840899789943245,0.0863902849335962,0.574608771539367,0.7120747169618024,0.06951756565272886,0.12762718349563604,38.78826813961034,56.03146986061486,8.554945596328858,9.923160489045031,3.5569225147635075,4.714517938927311,24.315442871547855,37.67904235955159,5.153438218713289,6.687102797503407,8.55595943033113,10.618239292091932,0.8243912291998969,0.90635554074212,0.08762227753703644,0.1487002831828462,0.11793049918411869,0.20506385694867563,0.41337637993122356,0.5726675899224284,0.06085498452539798,0.11580887637857021,39.92287906089534,64.27057946534022,8.262373333161836,9.996408889887267,3.4709112498821395,4.886246291050177,18.167234336198675,32.76657373171292,3.676377868719011,5.383632465510852,9.733852367984314,12.092071128937677,0.8425658712282731,0.9216184555503246,0.10242504987491734,0.1691491196056664,0.1868974047021648,0.3161308572260867,0.3298660327441929,0.4738310509067464,0.04238209543110381,0.08640851798824313,35.46572770187947,61.3386016259039,8.293882508414015,10.070011089847812,3.725476283369393,5.533588180528305,12.88971709151554,25.450606563653544,2.9594960937970103,4.409815020606582,9.97553839806553,12.413976518510013,0.8462035274602884,0.9253237374257429,0.11656867311805098,0.18405642836995476,0.2398274822909835,0.394278841424382,0.22065307331782363,0.3443995797512923,0.042452389490314775,0.09977950579756119,36.95734442610543,75.87107940136177,8.914468063886096,10.96942617083129,3.4630703051936007,5.774958728207648,9.761887310336316,23.355538035559803,2.1337222837567054,3.4824806969774764,10.37919455808763,13.152848397564709,0.8482740645072759,0.9283744506427847,0.12406516354778374,0.19760079951547702,0.2932633452644811,0.4867452297881822,0.11705835677983745,0.21447985418315293,0.020814006083603273,0.05849556770821177,39.887499549781154,90.38835713036278,9.592133880076602,12.0817446478867,3.6595996409170684,6.6080903387060985,6.017527191115651,16.83134576135207,1.259887053094231,2.3805483590646226,11.840938521115415,15.620677752215357,0.8497913238622032,0.9290907061363569,0.12746989241051374,0.2000706016373894,0.32195532519908165,0.528769514256083
00-0041104,Demond Claiborne,RB,MIN,2026,198,6,22.0,resolved,scored,0.7695799731163459,0.11156747043255193,57.07205335020102,9.773242139120622,4.836657756175505,43.92150928294235,7.521291422683987,11.41365038552157,0.7695799731163459,0.11156747043255193,0.11156747043255193,0.6876049543647137,0.11769073616280598,66.66005270688636,9.24483595802804,5.80862461673493,45.835782499468,6.356795007029135,12.949767369077767,0.8486006646345492,0.17334566592308726,0.2292582065953579,0.5527052059341854,0.11383803784859875,67.79433759980122,9.74343402765514,5.3347595316746315,37.47028332426982,5.385246710761283,11.563154380469669,0.862860184749372,0.1924419937195308,0.34309624444395664,0.5003906543469827,0.08651403713205344,61.67403578553256,9.245094589797096,5.509601950118926,30.861111122941864,4.626158931288319,13.296863422844703,0.8661463433069763,0.21271854696781559,0.4296102815760101,0.36869418430554574,0.0752367844496233,64.7056651162583,9.460303195880622,5.447521417848506,23.85660241998666,3.4879587700883534,13.390671289375895,0.8672026984131793,0.2266096797217897,0.5048470660256335,0.22509016656983005,0.05806909886932372,75.20264524201745,10.989422893587337,5.703815850815467,16.927375944017545,2.4736110296238776,13.272316761957077,0.8685306714290475,0.2312369461830091,0.5629161648949572,dg165_rookie_capital_v2_hazard,0.7283970706074929,0.8193732736097498,0.08771701194674467,0.14987441955999609,50.80215370266983,63.14994283192623,9.123381295379259,10.30079274532254,4.428209110149569,5.284542797384349,39.20121554133387,49.509624173096235,6.8348770238482075,8.197651682028809,10.491781247275675,12.309240392021163,0.7283970706074929,0.8193732736097498,0.08771701194674467,0.14987441955999609,0.08771701194674467,0.14987441955999609,0.6282989999733817,0.7460564559275054,0.08530342339892343,0.1521134117680046,56.77714668634845,75.17519057104168,8.631576092948864,9.839326131965608,5.146627686128949,6.374455195453735,38.730832400812815,52.947148051415994,5.637231632904116,7.023850849711498,11.891862814998216,13.825929632489267,0.8143228908612585,0.8933563671906841,0.13871170270814698,0.21477889900839495,0.18553745349898487,0.28695881889800934,0.4995544088324742,0.6100490207833235,0.08204627071522153,0.14734653049657773,56.6439853725408,78.9141086946907,8.888778714945051,10.476420996117065,4.649342986462648,6.013436957621141,30.23872742096977,44.31406355788927,4.670569343821635,6.00092762415593,10.493699891890257,12.506331204071236,0.8280373372236275,0.9081746236641021,0.15980048150260218,0.23751147688964772,0.2783958254987734,0.4280390622493036,0.4433174786047105,0.5663124765729745,0.06308311184887336,0.11439233871370623,49.58771887604888,72.87959103073452,8.379186001949313,10.062171272507141,4.699129629796634,6.143075490821022,23.945745449060894,38.02263067855703,3.8785167834531173,5.339904862392585,12.087327262896533,14.245625641329902,0.8288460154183621,0.9096223157021253,0.17949088070545427,0.2591293081615086,0.34915179342265545,0.5300750716471423,0.3140657473788029,0.42509391104600863,0.05170208284794591,0.10331173770122945,47.42456907701924,81.98244154273067,8.338490761772023,10.494877591415957,4.452710095024093,6.536079294219829,16.63643693696564,31.257618886546652,2.8551937985512366,4.253869018413127,11.994072675050164,14.591345879877695,0.8301642865387704,0.9113204207248872,0.19259649228200348,0.2747372124724686,0.41345468661545715,0.6088445116703791,0.1751085236769129,0.28564365455711277,0.03721386609005986,0.08576641684562193,52.71005917776024,97.49584973967056,9.854101167908667,12.129510367123894,4.259264852434131,6.919557774268854,10.82534627261863,23.56191091973071,1.8808184316023193,3.1326375543362466,11.916915711395092,14.754711794075764,0.8318626436733827,0.9122072165176384,0.19724254506549377,0.282616631622679,0.4582498564517892,0.6914036277021425
00-0040895,Emmanuel Henderson Jr.,WR,SEA,2026,199,6,22.0,resolved,scored,0.7413879462604661,0.06701497879983415,45.61830775932573,8.956199983370896,4.097436562821489,33.82086350156439,6.640018711969369,10.838677876897506,0.7413879462604661,0.06701497879983415,0.06701497879983415,0.703592720282899,0.11118413955016063,60.20079559795869,9.419695566701979,4.942831111490132,42.356841537962524,6.627629228012609,11.158605912449403,0.8660294849927868,0.13266309037126048,0.17819911834999477,0.5380911040854329,0.10461713668707967,63.90907639902857,9.237746588396172,5.18468996187989,34.38890548063357,4.970749261011537,11.667212446252801,0.8846214342291725,0.15492525347433656,0.2828162550370744,0.44194703806020236,0.0867115644652813,66.56886127870975,10.063467223124734,5.671845771763244,29.419911069166268,4.447519531875906,12.049799156610321,0.8868742950174554,0.17552551888553694,0.3695278195023557,0.3317726581378447,0.08838805377250818,75.97859607687641,10.490805622114584,5.702222221639204,25.207620782006906,3.4805624672564006,12.720035001944822,0.8956327599666132,0.18903177061835408,0.4579158732748639,0.22747714373326966,0.06087917020018866,87.91968270231979,11.467823624887767,6.551832721529353,19.99971829905906,2.6086677630263804,13.600961943911425,0.896676432366947,0.19250538249474572,0.5187950434750526,dg165_rookie_capital_v2_hazard,0.6994540613831348,0.788939804060304,0.04610633694934441,0.09018355313060873,39.70649756733976,51.27120803810284,8.456224662611547,9.410151205982826,3.6691897169118852,4.455945071749487,29.569865678107394,38.971670539080264,6.1375828811389646,7.164955690534622,9.734290191591725,11.83716546166222,0.6994540613831348,0.788939804060304,0.04610633694934441,0.09018355313060873,0.04610633694934441,0.09018355313060873,0.6383495116004189,0.759017937583861,0.08316162488155415,0.14288054872726294,52.53612201160864,68.01022460109671,8.873263132031495,10.01987475014856,4.4348526564991415,5.392813556162136,35.97708243379832,48.53383352739316,5.9793145888356305,7.254043950908999,10.306387694551953,11.974041632166838,0.8284269844614115,0.9051645209722908,0.10151379609882177,0.1662541321655975,0.13621878468923815,0.22496347312202794,0.46369692504449983,0.6049572841584993,0.07796564683155158,0.13491567762836007,54.21247595542702,75.78209189717707,8.57893325810159,10.027551443297513,4.558707757560661,5.9536652069966065,28.156926805193173,42.113174709155324,4.206341678675109,5.736705886586977,10.554429316416606,12.742186899924361,0.8482420403543658,0.9227321984617455,0.1242921282466575,0.19276714965352232,0.22397906937622977,0.3569385695768137,0.3735264948031898,0.5051402982811148,0.06446176678911802,0.11980985057631492,55.744988808490014,77.72351448483292,9.450836946482559,10.785944468937785,4.972351091488102,6.382421332510258,23.32597384317998,36.34829658872493,3.783901349864408,5.16803344337227,10.982237962329744,13.036918692965706,0.8514486617088228,0.9240395652485206,0.14129280816377143,0.2180689939378805,0.29697733824053196,0.46618106011091,0.2727486185340075,0.3932526920239458,0.06759820152663176,0.12142722359230523,60.721353658545105,90.76463641933056,9.538878765806416,11.323507075281627,4.768538511562012,6.531585443642349,19.249210780282684,32.6635853552197,2.76981810256452,4.194953650541845,11.494590588494352,13.968900370302327,0.8605552004535074,0.9326438158748057,0.15499620374161427,0.2303033424778346,0.37484719720109494,0.5720700816368992,0.17160459769779987,0.2877751402879289,0.04104144194360749,0.09080931731508689,67.47505214830481,107.74701263238241,10.527485947208229,12.525167249728874,5.336757108660071,7.615930844274738,13.98225252404653,26.81465941288883,2.0237089509283264,3.36133926532017,12.0172769535178,15.482508850852108,0.8619496484489723,0.9333173777160577,0.15924408140169685,0.23419837548901973,0.4240332838855537,0.6472111038507504
00-0041106,CJ Williams,WR,JAX,2026,203,6,,resolved,scored_age_imputed,0.7390250099301973,0.06630114556484548,44.90088819078271,8.939147741404621,4.056376024597485,33.18287934106787,6.606253748359051,10.81953603607846,0.7390250099301973,0.06630114556484548,0.06630114556484548,0.7006228875714773,0.11034398685110039,59.60457793967018,9.409686267670331,4.90188290114698,41.76033150857089,6.592641563996864,11.138622203836364,0.8632041645852059,0.13163310367153344,0.17664513241594587,0.5339253402513932,0.10366059427767446,63.38031829051032,9.231216096160352,5.151756897226391,33.84035800850232,4.928780195076554,11.64956044822909,0.8823557552598592,0.15378289134667888,0.2803057266936203,0.43881166362746443,0.08586396569988569,66.0678420433873,10.059094140314032,5.636880645434204,28.991339679335322,4.41404783429648,12.038579909999374,0.8846479192904573,0.17466511248999989,0.366169692393506,0.32940986193802785,0.08747801989605361,75.42644283525712,10.480590503433458,5.665452345315326,24.8462141208386,3.4524098707650213,12.701827174277465,0.8937642587879208,0.18811513329109408,0.4536477122895596,0.22544483255568865,0.0602232690526216,87.61499927053669,11.462499815899877,6.538246055547371,19.752348839912926,2.5841613516651596,13.592701514670605,0.8948266162000416,0.1915932098504546,0.5138709813421811,dg165_rookie_capital_v2_hazard,0.6958426917000298,0.7860583766516348,0.04581771801154858,0.08929172838821656,39.00013392632744,50.62188110848349,8.439589124610672,9.392024247132788,3.6319141117262617,4.412831788261364,28.9081312212433,38.307972115577606,6.0826116471309275,7.136579600995857,9.713522740616403,11.81391005249822,0.6958426917000298,0.7860583766516348,0.04581771801154858,0.08929172838821656,0.04581771801154858,0.08929172838821656,0.6350708531721552,0.7576614891642737,0.08270041115956357,0.14175389409643066,51.937058688484534,67.39523942758134,8.857876339909495,10.007763285205561,4.391084615805358,5.355417155056674,35.40223210440899,47.785227515462076,5.919537290367899,7.213503960910959,10.281703610723813,11.957404291625156,0.8242790228684747,0.9022402509824202,0.10033651851648553,0.16479856100884274,0.13501631256402752,0.22288401554801493,0.4585652108012645,0.5995921082647068,0.07716099516732199,0.13338443634541292,53.58656561005718,75.26594664448993,8.574581733447912,10.019080001318262,4.529162068169025,5.916973096345197,27.65884446372879,41.526636944499906,4.176835681505816,5.691605940605205,10.536403566003804,12.730154958143144,0.8452837424943686,0.9207758789352755,0.12342399707593392,0.1918676959989932,0.2221861688539538,0.35344238534819333,0.36953531700332726,0.501522330319832,0.06342677541105449,0.11826403813479057,55.323262080095255,77.20001885754223,9.440132672342544,10.774748949827163,4.941263293149815,6.3500565388515025,23.021241191049903,35.84899478237944,3.755630319123053,5.149184978825155,10.986004309316396,13.024687381123217,0.8486799523293272,0.922465047073013,0.1405951053838859,0.21633847158945455,0.2939314398724748,0.46228214190065686,0.2713363860158495,0.3911839449187544,0.06644770035144573,0.11996057539673334,60.093381022359544,90.28196260481785,9.528925672497813,11.307734799586965,4.725476852053325,6.486070926021613,18.938651493767896,32.24011318930511,2.7388285896284414,4.173362564129423,11.45670577520705,13.952290557202684,0.8577996333514245,0.9319479883737098,0.15388836583492682,0.22953561353090646,0.37112218935275143,0.5658592212919664,0.16988516390499292,0.2854803704396584,0.04062885207177485,0.09007812370250157,67.08318058640735,107.77583703319821,10.522614117087134,12.522776697465089,5.319847631460662,7.608266376799889,13.79973159195576,26.530116642345646,2.003524507234848,3.324205160923983,12.022581699330528,15.46612017524856,0.8592216370179102,0.9326285084899728,0.1581688004015494,0.2344044310914746,0.41980044859296256,0.6416489061959837
00-0041467,Lewis Bond,WR,HOU,2026,204,6,23.0,resolved,scored,0.741484842534056,0.06449610665923723,44.06102515231818,8.880130920719045,3.954109597481124,32.67058229695573,6.584482477431163,10.8755781454337,0.741484842534056,0.06449610665923723,0.06449610665923723,0.6693490083229225,0.10137107652687054,53.04458720553886,9.300501499474441,4.47744305733217,35.50534184292622,6.225281455579071,10.348461748007656,0.859946664352927,0.12241061327548297,0.16586718318610777,0.5094718639516153,0.094034398576812,56.94418757792439,9.148090506160667,4.6189531141836575,29.011461386535554,4.66069472177175,11.248368142046314,0.8772153300979595,0.1425534851735446,0.2599015817629198,0.4118615990550904,0.07088821303454462,56.55028049143281,9.62746205045178,5.071089316893215,23.2908889502154,3.9651819149412693,11.5489534787969,0.8799357379281819,0.15799967767360296,0.3307897947974644,0.3010075880900066,0.07252417971896741,65.8984393448255,10.181534743943418,5.094364680217161,19.83593028608152,3.0647192163290113,12.146538957176295,0.8851468273171907,0.16912639770528776,0.4033139745164318,0.1879441187235579,0.04563515858794384,77.43909553395896,11.192178708289068,5.911351637988354,14.554222564879325,2.1035041639259577,13.532929898720397,0.8862953590440188,0.172065795534255,0.4489491331043757,dg165_rookie_capital_v2_hazard,0.7007912124829351,0.7888599970305582,0.045850304247532274,0.08572758630968591,37.71799916613572,49.36499121076152,8.382050848711893,9.36916304574932,3.51049668305317,4.330540040670772,28.288593406003116,37.17013833763135,6.083759801628488,7.185779572286324,9.755296656613455,11.964745822508283,0.7007912124829351,0.7888599970305582,0.045850304247532274,0.08572758630968591,0.045850304247532274,0.08572758630968591,0.6129300537593065,0.7346427315579017,0.07542368321245965,0.1334250992272166,45.0988875804857,60.90057974620777,8.765750115004758,9.893305359783932,3.9523248371977795,4.946642555166924,30.18966684768216,41.70466849347187,5.637633417133174,6.919473984271477,9.469566196724807,11.180189491723281,0.8236018491193674,0.897378692130484,0.09452014750845066,0.15227926648375475,0.12635432250125983,0.20783008381587814,0.4340990270146068,0.5781286609854351,0.06812214086126378,0.12027234856920903,47.131447872458054,67.60994845049221,8.512470334062956,9.925884993436325,3.989717550319644,5.305087555767101,22.6124798439084,35.69878049077496,3.9159648946663457,5.424061906958646,10.145037646894023,12.407000821284925,0.8467400496656246,0.9148064663615898,0.11296056599411851,0.17325677426206856,0.20214004014574335,0.3227271184349178,0.34627961030128684,0.47999042866070113,0.05118637101090336,0.0998497261057334,44.899350235808186,69.06487347985838,8.947134729488965,10.369155351039801,4.319382022736921,5.914338108974784,17.659611005514613,29.74769878203786,3.339664378443772,4.7263272704827575,10.511287776658705,12.623569550620386,0.8484697776558129,0.9173709865201229,0.12717811117942204,0.19577490771391126,0.2653125412790802,0.4197495831630485,0.24995287671766497,0.36377885492165957,0.05373803572921182,0.10464988485549118,48.8598792422082,82.99775053195664,9.302304254683216,11.124752050424703,4.127369529243892,6.111651677098811,13.920445137884291,26.791389712249494,2.398124862955384,3.7660985588506617,10.881131950128635,13.518386523615474,0.8535021412091869,0.9256832208205628,0.138582933701961,0.20897112275192836,0.3267320642173825,0.5101586444057642,0.13982614582302888,0.24552984351648455,0.02969310196976862,0.07020311610376982,54.28199982185218,96.09043531338031,10.0199810834394,12.293142186466612,4.4636729097074905,7.075391507627663,9.352422636381162,20.99150497878949,1.5756073825195864,2.7576016083993764,11.993034942106892,15.430225514561847,0.854967119797095,0.9264263886123572,0.14157630019304807,0.21268414256552676,0.36503466075086755,0.5734834276923542
00-0040900,Anthony Smith,WR,DAL,2026,218,7,24.0,resolved,scored,0.6633901540199639,0.03999227925696842,38.943093036472646,8.040649588978042,3.5406242000684847,25.834464487479373,5.334087769252703,10.935532612373303,0.6633901540199639,0.03999227925696842,0.03999227925696842,0.5643085436032652,0.06412729988538024,39.48211350940942,8.485685754835114,3.6491019009160706,22.280093972873633,4.788544969785977,9.540923986088984,0.807210805045218,0.07874165086171302,0.10411957914234865,0.42713869781176284,0.05891238649530541,42.00067097415994,8.405233940974888,3.5360779515560123,17.94011190712298,3.5902006803512454,10.70515545138065,0.8294541259395574,0.09272503845104817,0.16303196563765407,0.32017644495475134,0.042951490874940844,41.47294826034775,8.787579805783857,4.1805492867590175,13.27866113579048,2.8135760619720394,10.878494795443933,0.8321271605705385,0.10151998027316954,0.20598345651259492,0.22610171153515582,0.04860642927486657,55.29981902424088,9.785296914208779,4.346866319460766,12.503383728965234,2.212472380182284,11.484396405416362,0.8346895234314454,0.11018249307765932,0.2545898857874615,0.12949194693632615,0.025495434222629426,63.038233761381576,10.797796871530483,4.831730296090412,8.162943621188546,1.3982277395174538,13.530727795351568,0.836342628197131,0.1118176258760193,0.2800853200100909,dg165_rookie_capital_v2_hazard,0.6056133394280787,0.7347543272165682,0.026062314477494696,0.05856521316602364,30.473248032333533,46.13204599313537,7.364860771400294,8.616352312623627,2.928169753679556,4.009609991157359,20.238010284159795,31.326475376119642,4.774201806521475,6.118983714339476,9.4905873498851,12.39161292865154,0.6056133394280787,0.7347543272165682,0.026062314477494696,0.05856521316602364,0.026062314477494696,0.05856521316602364,0.48509923260822135,0.6499624249024741,0.0444294889015492,0.09159419826628053,29.597339667498368,48.571280317013375,7.727181575896796,9.198329425367165,3.001615742385972,4.291398971869721,16.219246022194817,29.15169110549872,4.029361944272477,5.687382557538528,8.450911013834803,10.763150601690047,0.7598731395169644,0.8761415088915647,0.05679551949408923,0.10572342788435585,0.07632702059473312,0.1384192596654754,0.3439589246295765,0.5187739200338463,0.03850894746428439,0.08435218260027928,29.101802478827796,55.18667378502729,7.5171672454601035,9.31983726226184,2.7444422799633377,4.364143439606869,11.55644123184301,24.585163184396226,2.8067986325513785,4.492212310597559,9.365947608251464,12.07309472426188,0.7774598356803342,0.8948172916431011,0.06924122672094421,0.12274209617837895,0.11828233391254718,0.22419018352162315,0.25779432061001784,0.39842834595689286,0.029637287457043696,0.06555729101451785,27.10678260580791,55.76166856672763,7.8365695407112375,9.724320961922459,3.2240711889586406,5.192966591478298,7.981917722933601,19.290078877189547,2.2359765553212303,3.508691898142924,9.578097598507094,12.285309240400357,0.7824666404652857,0.8971452834020099,0.07905864179315063,0.13534615769227343,0.1594585646585485,0.28530406252057483,0.1702075263520249,0.2896936451372364,0.03255359883046702,0.08175497961128039,33.68220196744791,76.01181917772031,8.761308237109992,10.868370688044038,3.1653243805061564,5.566676557400023,6.644662208124402,18.839624023019606,1.6050205214572966,2.843778544883626,10.140681490903669,13.19328517569012,0.7859377119918345,0.9009709979336108,0.08612934027866494,0.15196226674257526,0.19981600756737652,0.3550543448391946,0.09043428919721892,0.1831294758203075,0.013278699781234868,0.04415426647004443,34.483119694415606,86.92276737338835,9.394323928793916,12.016186678154778,3.1090506023281455,6.235206733750893,4.093906612175634,13.653782501749642,0.9845528667767297,1.973316536906166,11.729351531860406,15.863927005473649,0.7880783348719161,0.9019612879542747,0.08716080914700869,0.1533571764031857,0.22004807779513288,0.39611037227065915
00-0041116,Jack Endries,TE,CIN,2026,221,7,22.0,resolved,scored,0.6594095941541678,0.015441356249579393,31.954434734305096,6.421643996633974,3.32037840653103,21.071060839573967,4.234493661622957,9.366822672854516,0.6594095941541678,0.015441356249579393,0.015441356249579393,0.6540362030134044,0.03427799806786782,35.89682850532807,7.253265630530084,3.349108205529412,23.47782541584811,4.743898312439523,10.604937788982246,0.7915540560583798,0.03886731023491337,0.049719354317447215,0.5715287856786955,0.030987222504192537,36.86297353506437,7.874486038744786,3.2904350408365293,21.068250501001227,4.500495443567648,11.894349416981875,0.8221046848497718,0.05292354420523852,0.08070657682163976,0.47312032130387066,0.04005525890233002,39.21961746970878,8.756337888997033,3.5719310440907375,18.55559801868352,4.142801395487533,11.7057539431052,0.8396427658824357,0.06330779119298457,0.12076183572396978,0.35026986707010827,0.03383081173741886,37.26222379441929,9.370710439727274,3.362680190029426,13.05183417520787,3.282277500075748,10.383526419659475,0.8408710514020428,0.07378357116074202,0.15459264746138865,0.3023939779250547,0.026625311956645664,37.54744223660751,9.024443145475079,3.448851831372491,11.354120418838956,2.728937261318702,10.213794739487298,0.8424623408880223,0.07754676465769601,0.1812179594180343,dg165_rookie_capital_v2_hazard,0.594971150992447,0.7368853672182412,0.007752522118032683,0.026174801884341292,24.993006569403224,38.7416099151634,5.651973649912852,7.064385354365225,2.8319202550346008,3.880430129875857,16.52381688488819,26.529495508416442,3.6135799376593685,4.899589010350842,8.140167922857717,10.73245542500658,0.594971150992447,0.7368853672182412,0.007752522118032683,0.026174801884341292,0.007752522118032683,0.026174801884341292,0.5824597606948001,0.7308159709640037,0.019102338710117454,0.0520849705586009,26.473660209129825,43.06433912552525,6.4796646651732575,7.911445052161329,2.718072439633631,3.8783726129436213,16.88513383543549,29.438804302068366,3.969239291373584,5.51774868384472,9.231738802045312,12.153088483345883,0.7273000409046119,0.8642522544013121,0.023467087856634497,0.057452960671613776,0.030028222515457514,0.073684076268136,0.4876757844425595,0.6663810300035851,0.018344484007370664,0.049649677240685294,26.939109035906984,49.44063982051061,7.048620000749123,8.859345995011411,2.633043555308202,4.057097529540513,14.944017458543309,28.204863940953693,3.69253799145077,5.393213604800657,10.130323212214789,13.222127616120442,0.7647069699049572,0.8950313010091773,0.03614208237241721,0.07721144090897111,0.052475451976961136,0.11838722509702437,0.39284963774994275,0.5487054333322581,0.02584886634171335,0.06234223710411142,26.061652963343,52.18078185731284,7.770280758486658,9.742799818054293,2.7554046825073963,4.316636320260436,12.282239872268416,26.012004859449895,3.375438882551977,4.927554741160273,10.34933248014382,13.018524468962386,0.7855848943995465,0.9065439430518597,0.04598281281140817,0.09016616561112771,0.08111202383317914,0.17520348340257444,0.2879723529829293,0.4288335836463199,0.019269621443670573,0.0515476831227438,21.329760480105577,53.16471051481171,8.335061419318292,10.42052980852788,2.4778241728895045,4.330706299574549,7.583823316116233,19.876084498860106,2.5581589569331618,4.099163563413765,8.99683748625738,12.120859915964035,0.7874142981443641,0.9066609646805326,0.05573110641531931,0.10070218629297434,0.10476068699965227,0.21796179977399707,0.24106915139658877,0.3962652750625827,0.01527698661174079,0.048236385533687046,14.124113526074341,56.066969615940465,7.899410313562874,10.173173004825518,2.0266870263664707,4.538196213680982,4.351637298660743,17.32254692356363,2.0487049661631875,3.5613021519046297,8.579983298634177,11.766161835825118,0.7895401551629205,0.9075943550337273,0.05756646982876853,0.11368724250384936,0.12332830366146784,0.25464734500698877
00-0041117,Athan Kaliakmanis,QB,WAS,2026,223,7,23.0,resolved,scored,0.37035169030249754,0.03873329954838485,37.345233761392464,3.7706622312288456,4.956297555378176,13.830870448273597,1.3964711308953899,12.469630822294002,0.37035169030249754,0.03873329954838485,0.03873329954838485,0.36589319012798205,0.056406236268249935,46.941754300487645,4.51597920145103,5.850651116026984,17.175668231209343,1.6523660365705342,13.77399696675352,0.5733195088842445,0.07107391218510213,0.09513953581663478,0.2764241817838935,0.03464794430711918,30.680940111616074,3.2580982551977273,4.8017249691801,8.480953766714112,0.9006171443645629,14.077443549767043,0.651073357600349,0.08553827356678494,0.12978748012375396,0.26229249215861355,0.04781208165652674,51.12073106320884,4.631155982356361,6.888811610993346,13.408583951539295,1.2147174441875221,14.584652998134661,0.661278903189273,0.10135131536328063,0.1775995617802807,0.2294433666060657,0.03852280887745547,50.51970957754678,4.985255451190236,6.680409940551776,11.591412245433034,1.1438337941123289,15.27845211209218,0.6816438416914411,0.10875529328110978,0.21612237065773615,0.2066440310533425,0.0394312791702048,63.708048762003564,6.302017402496981,6.4336557363849,13.164888006723324,1.3022742798202909,16.0867558384198,0.6848274032745267,0.10999543342302025,0.25555364982794093,dg165_rookie_capital_v2_hazard,0.2959732776367585,0.46444289167956637,0.02300357689314098,0.06556731672730366,24.922474899728705,50.33597280987192,2.96976330565158,4.532683004825457,3.8855493129457104,5.933056505398422,8.811885375067455,20.754591345504174,0.9830620235075349,1.912518114604314,10.78830065256122,14.449130332113741,0.2959732776367585,0.46444289167956637,0.02300357689314098,0.06556731672730366,0.02300357689314098,0.06556731672730366,0.29758069867377906,0.4781957175220871,0.033776649873482986,0.08319094556807805,32.347443661067516,62.11816440473151,3.6336579524367547,5.414179055266406,4.60207174117625,6.915453862088509,11.453684353444974,24.67066554981973,1.2815643306291726,2.22914443769101,12.243945324701247,15.24601405271082,0.5020654389803696,0.6802992591742597,0.04554969752314524,0.10113928705304186,0.060956863828957285,0.14013373196081955,0.20385651400010757,0.3804003992852281,0.01654951290349843,0.062181142893541645,10.38653273318541,52.80380115066256,2.0381129406419936,4.392555522967697,3.4853015742358364,6.252592891848248,2.5911940188567995,16.095093129155035,0.5170036502300981,1.444599797271142,12.091357583201564,15.825801467707025,0.5712418056135955,0.7709005382205084,0.05863576782996132,0.1214165923070596,0.08416580089901445,0.1961072590744683,0.19683301548543045,0.34317280504515324,0.027823860601892295,0.07067909337063555,31.37357345199122,69.57717390264547,3.483603627890084,5.673976827168856,5.459917810730229,8.109983499298407,7.3336993371326304,20.44581839464232,0.7941340843215294,1.7030769372166168,12.705345581649626,15.978322848637951,0.5842191584832384,0.7776476859003059,0.07335393303228649,0.13906288696961241,0.1159479506893212,0.25497886272860043,0.16962243706937494,0.34167506023924227,0.019833234751588602,0.06349263722486514,25.034954644642532,74.83575778145425,3.345309371365219,6.610596636173458,4.667883004649756,8.740153393707107,5.828502051790296,20.02446649841,0.7072202681088244,1.7655430588484127,13.211877540781074,17.67152880859645,0.6058571068831221,0.8149140795884651,0.07864804219210039,0.1485554944262801,0.14253172820397203,0.30436476360584,0.15174448287372805,0.29255435647150807,0.02173370470305826,0.06585524791625619,32.440737443645375,95.69363131493513,4.675769480233506,7.896662678542449,4.359577808994041,8.139021349929687,6.572912948082165,22.559994820601688,0.8812448957665973,1.9545998085357688,14.108306581862601,18.20554149106316,0.6097985358142909,0.8167649387925805,0.08137649961783211,0.14907045776603553,0.1676603666223249,0.35901241301954234
00-0040901,Jaren Kanak,TE,TEN,2026,225,7,22.0,resolved,scored,0.655978036853495,0.015239636024745587,31.443990744703314,6.395829289829957,3.29323718851483,20.626567319549945,4.195523541592738,9.352891852622893,0.655978036853495,0.015239636024745587,0.015239636024745587,0.6500936253521631,0.03372743995850612,35.39335417898622,7.2333325946424285,3.312849283154698,23.008993931590286,4.702343409829065,10.599505887223918,0.787338851470513,0.03826678902487343,0.04896707598325171,0.5672999603735025,0.03047263422174052,36.44998937561256,7.859818094673535,3.263573482975793,20.67807752839959,4.458874493651234,11.90215839192959,0.8186927158859945,0.052155512255558686,0.07943971020499223,0.4690570570840978,0.03954328892950927,38.74083950417817,8.739675948945376,3.5367923161268857,18.17166416679717,4.099406680480987,11.711359633653164,0.8365367939838203,0.06259010133099462,0.1189829991345015,0.34585028437115123,0.03330501650335537,36.657117702260095,9.348251255719111,3.328609533775138,12.677874581553416,3.2330953551634263,10.371520279902356,0.8378094468905736,0.07299767024837021,0.15228801563785688,0.29902128025149655,0.02629249554081378,37.131714193625996,8.99936744103587,3.431938385076018,11.103172716110711,2.6910023736721804,10.191461429062802,0.8394313524216679,0.07674880607287407,0.17858051117867066,dg165_rookie_capital_v2_hazard,0.5908711355972956,0.7327745658967174,0.007632000089070096,0.02592716167688795,24.350457826761918,38.129738479064244,5.623703406366489,7.038212231220777,2.8111903720173554,3.8623417133188096,16.22942622631057,26.086923432934,3.5726878026294178,4.871501130117839,8.112035375144075,10.72040801140318,0.5908711355972956,0.7327745658967174,0.007632000089070096,0.02592716167688795,0.007632000089070096,0.02592716167688795,0.5765249125178209,0.7264167169111849,0.018798857551613275,0.05106471955164988,25.899354975444613,42.5143202213021,6.452070051349558,7.88409994073899,2.6800076550488012,3.841755745216561,16.45375080957109,28.89442475950075,3.939579065573776,5.470950734691726,9.226057559807844,12.15888598862876,0.7195416125871592,0.861217872419809,0.023077242169180022,0.05647040294475179,0.029541071598325374,0.07228306215202676,0.4831729270611016,0.6632729508927021,0.017906436206937982,0.04891182040524655,26.742671065589747,49.06211109718729,7.03176377172332,8.83837915100358,2.6092891798670705,4.021046303174097,14.631821145228251,27.756731165219282,3.65945470531261,5.361639564360032,10.135574766882195,13.23537137723599,0.7604429045708508,0.8924688695955612,0.035565513932623825,0.07582974385750348,0.051473976964924215,0.11684591681518049,0.3893981160188634,0.5460641958842772,0.02561615638324827,0.061301169627353116,25.61617088691234,51.80872462909207,7.7527128215826755,9.732808512437318,2.7144283962939015,4.290013276480466,11.984066057397573,25.363253961252948,3.3251503761287062,4.871431429611058,10.36245034067229,13.015277231795181,0.7828277083658606,0.9032007144260419,0.045535778567487514,0.08899916525155631,0.0798894852472687,0.17283675470878826,0.28424519924062835,0.42448202441864247,0.01891321406433021,0.050601361222520416,21.023263339603684,52.8092574055715,8.297748881590822,10.402344155995026,2.457551512179653,4.2949029668795236,7.388512719172489,19.24663492430604,2.5187653592318426,4.046671133533165,8.986303092919288,12.110315318823353,0.784203052752489,0.9040962807617771,0.05502344407028023,0.10000864647888327,0.10315946542904035,0.21548813982029008,0.2383996880536495,0.39287472023578984,0.015020935985355872,0.04756571447199746,13.867064345969355,55.59720525475819,7.870622397628884,10.154862688802721,2.030071545813369,4.519904588096853,4.179549802825988,17.113476401197982,2.0156333207896417,3.522643179086761,8.545486867837099,11.74912902808689,0.7863610222249641,0.9050553179541593,0.05700954482574857,0.11201378860042045,0.12193022094976301,0.2517769807739676
00-0041123,Behren Morton,QB,NWE,2026,234,7,24.0,resolved,scored,0.368387744137276,0.036717991418882226,35.29807412985704,3.6607448654898596,4.7851551047907925,13.003377901088376,1.3485735428599253,12.501944044530399,0.368387744137276,0.036717991418882226,0.036717991418882226,0.3264068321176859,0.05022870508302511,39.088404592205464,4.355890458977331,5.353004408684027,12.758722315476192,1.4217924057664435,12.968871104009175,0.5533867927240517,0.06450407350264324,0.08694669650190734,0.24973373140754634,0.03016183783533409,23.041741743001737,3.1181401866981737,4.208108361157636,5.754300143608845,0.7787047838759581,13.664057530656669,0.6269803887850531,0.0774769672047175,0.11710853433724143,0.23676456197846946,0.03769297887121607,40.64052823053115,4.150387954401163,6.272139173680564,9.622236865075331,0.9826647860645071,14.093550355057415,0.6393788545341734,0.08907329429283997,0.1548015132084575,0.19733679485612332,0.030159225010201553,39.79087270591885,4.625171943753848,6.051835142304052,7.852203284314025,0.9127166070388503,14.723072170165425,0.6517660215534049,0.09508467244999232,0.18496073821865905,0.16746760701043303,0.029126336737488035,52.79866757090897,5.9882588564002415,5.769381289036067,8.842066511439478,1.0028393808403808,16.02105455373331,0.6552483613378709,0.09611940061165403,0.2140870749561471,dg165_rookie_capital_v2_hazard,0.28908228188835244,0.464426705321023,0.021823801378377992,0.05939188395378481,23.023055166725854,48.653277050544425,2.73840779571261,4.5177352955019865,3.7212051709248906,5.791142680853453,7.606215365656658,20.15634535372153,0.9385969301305531,1.95485431452821,10.787753533820467,14.525021631933297,0.28908228188835244,0.464426705321023,0.021823801378377992,0.05939188395378481,0.021823801378377992,0.05939188395378481,0.2586198863059356,0.4305087198233815,0.029574708321332625,0.07528592047033804,22.883221044060107,54.41620927523288,3.4079249356268484,5.204452718168861,4.040610454558654,6.512437328457897,7.311554065179269,19.578872270399117,1.0550768408495652,2.0098240045300475,11.38808403168726,14.424876969635504,0.4822369619082186,0.6589378142842687,0.042097143480953676,0.09379910423236441,0.05530950932617613,0.1285968012921664,0.17886065576454424,0.35262222792123066,0.014774155198775608,0.05347278849567952,2.250362511752964,44.723409295425895,1.8164565878423005,4.265999686038258,2.8653418081519084,5.704528769108941,0.4751586413000961,12.611882714067164,0.4132446684115007,1.2239728361162157,11.56595165051912,15.618036129434659,0.5485482844030722,0.7541086768219553,0.052568887943617346,0.11074133201982655,0.0759927672960108,0.17939080883208464,0.17357816229367007,0.3284827035014641,0.021495217454785536,0.057705956424822284,20.14462554200674,59.4755095022033,2.953563325843601,5.186616675472909,4.70279242735269,7.547836671669382,4.6612598717095395,15.950478719511501,0.6045045556022275,1.4557639333851917,12.241686243135142,15.785659737707503,0.5702203363564833,0.7605601841783021,0.06426804415758229,0.12439745163114417,0.1011851293962515,0.22724497292816734,0.1401707141656555,0.29429852703506476,0.014918085426068619,0.05010981851013361,13.925111675613618,65.33559745224237,2.999073507630411,6.211642215239963,4.074781925041107,8.09445361342524,2.717363756107002,15.23854154704302,0.5496035668369162,1.4463526953700574,12.630646330904067,17.125765604583545,0.5822061495582654,0.7801482462388735,0.06927905748145759,0.13003298797304208,0.11972401154587942,0.2697534828422654,0.11575934497044078,0.24744027446975234,0.014575116099226506,0.05106219580904361,18.938574412091555,85.66140870296714,4.316664203043284,7.747468822697452,3.379172673087348,7.631587703671121,3.3152641682613826,17.179369911464846,0.6407548161183793,1.5864425167916538,14.131260986200587,18.375170147896924,0.5863840880626828,0.7823467637764847,0.07060241046594314,0.13283480850647394,0.1380676128052534,0.31395369215496693
00-0041125,Seth McGowan,RB,IND,2026,237,7,24.0,resolved,scored,0.6912958062483299,0.064145053268319,45.12980166852327,8.79811835396052,3.9473775082662956,31.19804263026902,6.0821023209693665,11.294157410883383,0.6912958062483299,0.064145053268319,0.064145053268319,0.5196514498596709,0.0600401508078794,40.95018182715376,8.23633232347835,4.184393622565496,21.279821358497603,4.280022033421597,11.230664335688274,0.7720466055037539,0.09667201073526718,0.1241852040761984,0.41960570429973815,0.05894571356260232,41.95118208615475,8.947506416647688,3.377976217534358,17.60295530546752,3.7544247316838795,10.350056535381178,0.7905312987963241,0.1087426024567939,0.18313091763880074,0.35865817208061035,0.03855160902288238,32.34511480500508,7.880654646731608,3.704015590556897,11.60083975170061,2.8264611903953263,12.064314273635155,0.7945386143226557,0.11766975223297141,0.22168252666168312,0.2448178519889529,0.03739558594586946,40.32697099609566,8.688802194310801,3.819086072939289,9.872762416484944,2.1271738895680707,12.05452902069293,0.7948575212238301,0.12634654214666596,0.2590781126075526,0.12106174105397159,0.021982648724375466,46.50426482619195,10.230135990399972,3.777845760018499,5.629887266293769,1.2384780742167167,13.048604962698226,0.7969089460115918,0.1285754910718265,0.28106076133192803,dg165_rookie_capital_v2_hazard,0.6236280243288402,0.7573246645875292,0.0453199759323081,0.08945170520484848,36.36235706155265,53.36634958847109,7.990129389265401,9.47665540336232,3.260062867758546,4.522999728567995,25.007019075529232,37.60078768709664,5.322889871066704,6.883040800488727,9.97077654026124,12.424911668186752,0.6236280243288402,0.7573246645875292,0.0453199759323081,0.08945170520484848,0.0453199759323081,0.08945170520484848,0.44409924986781674,0.60853494736002,0.0377510655585523,0.08725833803247074,28.154089821087986,50.82201542605199,7.37451855628331,9.024144405634871,3.306243467095363,4.809985777826464,14.737870608290942,26.983857726937206,3.586823765621394,5.071957712354035,10.01020850124979,12.398172140069892,0.7170433835924216,0.8465592995758877,0.07285478162234181,0.13072910601158336,0.09348856769932745,0.170290102067335,0.33887247223874956,0.4962629247609864,0.03795215301208464,0.08739550197242418,28.627750878260773,53.222517103966176,7.825313997678915,9.844025077927988,2.583764853083039,4.211475369544416,11.536511870319616,24.10995789705503,2.9032711105092597,4.513856769538259,8.99673881311714,11.550962088335353,0.7352735894560214,0.8624936179575947,0.0833365739884928,0.14639088859966307,0.13564913175787055,0.24535282684046433,0.28614259742439613,0.4430801745859524,0.02456963350898573,0.05718222498317447,18.222707271607625,45.362695140130874,6.853008322053935,8.937683394036387,2.67803193610321,4.480956596012194,5.846506503940286,17.80296213103962,2.1448883431536125,3.543898067490047,10.578474930290318,13.362921187286432,0.744407079814736,0.8648339925083729,0.09265213227828054,0.15494847385047694,0.16802021138924825,0.2918813736826394,0.18986112731792734,0.31224135946454346,0.022468370608261515,0.06089699695982921,19.365796918540983,62.439771700062494,7.273691811213756,9.89428466989722,2.6010299332001723,5.078689371472259,4.310373284263579,16.874812096089084,1.5774396664729746,2.8030469571828633,10.426687405872672,13.678531466930343,0.7446085145572116,0.8652740739894519,0.10101385500995406,0.16949283511004887,0.2006506165345025,0.3441416807976186,0.08536941038351979,0.16584280018029324,0.011040758494511764,0.03804553002181588,18.11087052006782,74.22173437812053,8.810706560658588,11.560574887910393,2.017252730412235,5.227755508698545,1.8021793916831412,9.770276691172764,0.8480865655404786,1.7313890155595437,11.282811757476805,14.878287115081019,0.7471624294116395,0.8666213332495574,0.10270676667149026,0.17177654574045614,0.21455652203578535,0.3728632989051323
00-0041129,Jam Miller,RB,NWE,2026,245,7,22.0,resolved,scored,0.6812488642379737,0.06612296830568355,44.875706498150606,8.882303384674366,4.035503713379189,30.571524083741757,6.051059092626521,11.116476945120006,0.6812488642379737,0.06612296830568355,0.06612296830568355,0.5788057181458545,0.06918897610975736,52.34967705419151,8.427535225959687,4.917380204040484,30.300292422054877,4.877905578661083,12.76548169715466,0.7694937179000895,0.10652402953068428,0.13531194441544092,0.45602290220750247,0.069315266473346,53.38841473833752,9.11176254384683,4.342553557214849,24.346339833234474,4.155172399470646,11.082435221812611,0.7943586234505791,0.12111767103233055,0.20462721088878694,0.40010872600085196,0.05591167484988048,49.92730487515378,8.72170838398741,4.730715453600399,19.976350346253902,3.489631630068152,13.01722565077572,0.7973855552011649,0.13799826093037654,0.2605388857386674,0.28250203054502265,0.053426645421164334,57.95996258325838,9.261041070581733,4.861569729306094,16.37380712008403,2.61626290740019,13.12215084220878,0.7985518400850177,0.15068472511266204,0.3139655311598317,0.17197800185824377,0.03762136094629577,65.74304020452817,10.747163207025716,4.975416930985784,11.306356690460941,1.8482756539887177,13.128740860957166,0.8005663216841675,0.15385962113733684,0.3515868921061275,dg165_rookie_capital_v2_hazard,0.6245839644581241,0.7475624765232743,0.049548681993428906,0.09417070919072204,37.423747271132505,51.774730932548565,8.166102336079021,9.503527637931262,3.5190994807740035,4.536633439541196,25.191569147710506,36.28749346977416,5.3331949203141535,6.832478057432416,9.965928396378535,12.191352038093317,0.6245839644581241,0.7475624765232743,0.049548681993428906,0.09417070919072204,0.049548681993428906,0.09417070919072204,0.5109031294062304,0.65062589771342,0.04699334695558812,0.09368495533296306,41.02477943950558,60.715472318511736,7.704109581127172,9.085499191883123,4.190841832650486,5.565998566436198,23.74427679537926,37.16444124145487,4.247234445266718,5.604435448945699,11.577852292336381,13.832750885066416,0.7213730684533876,0.8301075285685413,0.08215302657373404,0.14304695184639102,0.10242781511239187,0.1796463179341265,0.39080624882727616,0.5248734851098132,0.04651352497224862,0.09726303468094583,41.397907637606814,65.85723394751324,8.22534789041761,9.9367919522133,3.6359842716150657,5.112442312891853,17.528704022669093,31.490687676214087,3.4673392344966625,4.839348201839687,9.839374110163481,12.092710474332385,0.7511582584201419,0.8581297858944419,0.09691300548884799,0.1595561474863165,0.15733023377898855,0.2630579901782253,0.3399692066383387,0.4752862069947423,0.03611046375740636,0.0791391615222904,36.188205419850085,61.580317773905854,7.75217171330114,9.693365658151423,3.869466088142816,5.442441861002329,14.253246742538963,26.173773384675247,2.7894066759391483,4.216137827005336,11.578318156522267,14.188107792884518,0.75231432938663,0.8630218045190331,0.11305098451433129,0.18076427406889015,0.20207528754115664,0.3389762765251716,0.23238987056637325,0.3446935816121723,0.035200703438557475,0.07650987207858606,39.5219767552146,77.60126606129054,8.093035369873494,10.382566807161885,3.7594351430677166,6.053107017645615,10.535091793211253,23.131449692729458,2.0609290384818113,3.272586099304547,11.77206358770154,14.475092398550364,0.7548703051962733,0.8643540026401653,0.12480544720266111,0.1928628212590987,0.24688044904304848,0.3996402817181478,0.12760972977185167,0.228471048891472,0.02239325404449152,0.059570590821764066,40.356160021897935,89.51130725415057,9.604259682841706,11.956307643977146,3.377683828679212,6.32669812339475,6.383685444307139,16.69309731271567,1.3467409513269368,2.4261051025061153,11.599311766602519,14.636558869128223,0.7573216021443107,0.8657104626137636,0.12809358576826033,0.19803692683778285,0.27392573807720416,0.4518241121828505
00-0041131,Carsen Ryan,TE,CLE,2026,248,7,23.0,resolved,scored,0.6407325036790371,0.013820847068319233,28.011650742142237,6.2009547596156445,3.053843676615432,17.947975112195554,3.9731532683289736,9.338073113785189,0.6407325036790371,0.013820847068319233,0.013820847068319233,0.601470995282438,0.028068756040254925,26.248775935857246,7.018464480955783,2.7017827780100445,15.787877387085764,4.221402816714914,9.784806822212541,0.7609595584267319,0.03230124311341567,0.04188960310857416,0.5222165844005712,0.02485401172759713,27.903605441496765,7.69871808110408,2.5931531812291206,14.571725526119632,4.0203982605770925,11.547695529248664,0.7929949173431248,0.044047905213168835,0.06674361483617129,0.42470117883652864,0.030291581998024057,26.749184167866346,8.21871748350657,2.7889750503116844,11.360410049008246,3.4904990037696284,11.254919441761135,0.8157123635805221,0.05184679084152022,0.09703519683419534,0.29876952840699855,0.024666403532323494,23.982201485951165,8.929856320387586,2.581736822884328,7.16515102811925,2.6679689615844544,9.75558372949424,0.8165398865135225,0.06005317172888617,0.12170160036651884,0.24024332823554115,0.018337040044457936,24.775340406897428,8.59430238648222,2.716627969809105,5.9521102375215245,2.0647238091911424,10.012550961912677,0.8183744876483873,0.06312545380009149,0.14003864041097677,dg165_rookie_capital_v2_hazard,0.5630618033722179,0.7166478078592996,0.006911700647324981,0.023947765344371486,20.88725822784818,34.646460876388474,5.418751889047924,6.806296347493008,2.535975434914121,3.6341519435150222,13.331288760284647,23.099893927374044,3.3625357598551924,4.6578324917933935,8.104498304365219,10.893449711023653,0.5630618033722179,0.7166478078592996,0.006911700647324981,0.023947765344371486,0.006911700647324981,0.023947765344371486,0.5309553001033563,0.679004511179588,0.015624950065317882,0.040900807430511464,17.685321060514585,33.964827842143166,6.278142947268358,7.6935590386150015,2.156483492776297,3.213176221425537,10.496928750963,20.631506921965602,3.5461476123915965,4.927453698746672,8.388253444782015,11.527474524477586,0.6982279212783414,0.84164223841399,0.01951306599037746,0.04677483390714523,0.025168330705573234,0.06119219699555447,0.43518167323729784,0.607085103028478,0.014830876868770515,0.03796110929592716,17.812254218013212,39.55476744029746,6.846656990173192,8.625970695045014,1.9743534806322076,3.2806273574302796,9.487720093259265,20.62277406016891,3.2266723251294414,4.877840299342154,9.8964894623408,12.99640983831043,0.732101067245357,0.8661435485074481,0.029579389957936877,0.06150553417164416,0.04202344499989463,0.09599580226488323,0.3455327739212947,0.5070011992146991,0.01872863720351576,0.04882884132030743,13.715130808103607,38.99763669597473,7.287063852459483,9.338865246131336,2.043510486706348,3.5245188168581922,5.961879347953366,17.517097035279935,2.7736782890475045,4.317721970709958,9.937034514755593,12.666557248891992,0.7663459280849508,0.8927522366009731,0.0377904091573236,0.07355475853951421,0.06587832097076224,0.1416680689913459,0.22997320795482123,0.37233159972086466,0.013181281453175374,0.03991319695780024,8.26086526957684,40.24649982807039,7.830576603399574,10.014649311742765,1.6116541101683826,3.5125912035273275,2.576324668969551,12.87677190096103,2.0622969734911534,3.482254072466556,8.314297100221468,11.404127227492635,0.7684084504636113,0.8932851702687595,0.04556884827536277,0.08198801989819475,0.08333109937171579,0.16678344346217494,0.18732830555785648,0.3254203584705128,0.009822204709663641,0.0332081921092089,3.1650966896822417,43.23401431773806,7.325126372473968,9.744134882400813,1.3726962994365635,3.808188391353097,0.8065690607716868,11.297391858884138,1.466586763056534,2.777974711073444,8.302384664858135,11.633065973372235,0.7707243659589752,0.8943523185660719,0.04763702470531653,0.08560757696754172,0.09428512437569747,0.19574857437840915
00-0040906,Garrett Nussmeier,QB,KAN,2026,249,7,,resolved,scored_age_imputed,0.3574910973821337,0.03634850720846301,34.17431019189971,3.644435911610687,4.775322419932331,12.217011652779663,1.3028533933805613,12.404456626182757,0.3574910973821337,0.03634850720846301,0.03634850720846301,0.3356527098423665,0.05257667808330428,43.64225911452739,4.393728145584978,5.659820163150956,14.648642535433837,1.4747667583762738,13.728418505489007,0.5416386735626851,0.0667352007794498,0.0889251852917673,0.26661698481726603,0.032396770452553916,27.62639948538913,3.1242359996713667,4.643814232925879,7.36566733215172,0.8329743820899367,14.039532061651826,0.6294764841340136,0.08091025495958531,0.12132195574432121,0.24966228079434197,0.04501408686410291,48.63254999407808,4.51614197911978,6.7524992230714584,12.141713352366397,1.1275103068981178,14.574926870803477,0.6403185601222626,0.09683587591131829,0.1663360426084241,0.2218473182237727,0.035496190482538256,47.457055271649054,4.839700531155278,6.52794646088036,10.528220442812698,1.0736745838429667,15.267944636275915,0.6646984786706244,0.10407456369472433,0.20183223309096238,0.19789592589573635,0.03716346277431375,61.85578109341203,6.199517546393439,6.34035671526206,12.241007071484756,1.2268592649503933,16.068502877185434,0.6680514938839182,0.10530880453922241,0.23899569586527614,dg165_rookie_capital_v2_hazard,0.28520122343354387,0.4506623911813614,0.021400603163883508,0.0616003310161918,21.815837971322594,47.81856848276899,2.8386560971164307,4.429727331397042,3.7011597616803016,5.794464778090316,7.250157526845065,18.655650807660603,0.9089019701962446,1.7860211125477818,10.732930686554973,14.4061687689585,0.28520122343354387,0.4506623911813614,0.021400603163883508,0.0616003310161918,0.021400603163883508,0.0616003310161918,0.26739068623245354,0.44444120801831216,0.03071318044199018,0.07880742611863693,28.902020496436865,59.114454201831535,3.5220920345942157,5.279628614728196,4.3919176033106435,6.747843472728514,8.972881474721031,21.83881333674622,1.1363969595131864,2.0417882057285777,12.21051735714678,15.22559368086686,0.4709552560872913,0.6408544013121993,0.042200731536591186,0.09640533930220285,0.05613138363592518,0.13162290523246112,0.19566663057786052,0.37369802750093317,0.015263230181948988,0.05814648978355984,6.165034417056372,50.371400828325505,1.8540819088179274,4.284665000185166,3.310391687478926,6.1388721790281995,1.7700844454919784,14.505790065852066,0.4513976618521764,1.3587928128002664,12.068259498729267,15.840307810611835,0.5427808575368747,0.7526354826840113,0.054546747391428216,0.11550474657859515,0.07788778302213349,0.18522003208970975,0.18699606680237266,0.33629598880702544,0.026089094943532787,0.06596786872695377,28.018085751695512,67.34171369589683,3.3559351361946397,5.562215434025942,5.306632339540193,7.963368943885645,6.374612165625288,19.255257510743558,0.7338580237060133,1.6216784042155123,12.688233914029503,16.022778999228894,0.5651230413103059,0.7646105956935376,0.06963746479807699,0.13304284289190127,0.10815321132310135,0.2400644203294979,0.16091308575307997,0.3389845083730722,0.018024761248522262,0.0592175366338533,21.66978079889358,72.51635558037785,3.1967377958077745,6.47059411593708,4.487830015543253,8.600949173401597,4.758168059665738,19.255646253463816,0.6623100688831145,1.6868323392839688,13.131817587569746,17.722608846690328,0.5908015199896556,0.8168337006763662,0.07446301084612349,0.1423265163067857,0.13179914723969885,0.28803989803015595,0.1431747005372937,0.2855526758411536,0.02024071160526919,0.06181796443011596,30.68008526852197,93.99080108486226,4.542029942164651,7.807572775947661,4.236080740159166,8.039741287459202,6.011015694219043,21.593202908220402,0.8142032819439657,1.8673874003546558,14.114114978089654,18.153289895550174,0.594893504789759,0.8186653636696025,0.07569648953828235,0.14280456412925965,0.15358854562836913,0.34230941968062617
00-0041132,Deion Burks,WR,IND,2026,254,7,23.0,resolved,scored,0.6383575132889687,0.037699781663791836,34.09608763857882,7.964496056276004,3.317410407457647,21.765493717845924,5.0841958970841485,10.72775623880123,0.6383575132889687,0.037699781663791836,0.037699781663791836,0.5718212734026432,0.06601331479724373,41.315983670880144,8.515528434762142,3.748951929877131,23.6253583945655,4.8693603132621055,10.172676828387349,0.781992464838506,0.07977244719843044,0.10371309646103558,0.41958964467381926,0.060555450406232864,44.2454220120769,8.436593379341453,3.8078266782516152,18.564920900490527,3.5399072182953764,10.966423235287623,0.8126587963096564,0.09455123185316527,0.16426854686726844,0.32129250870128395,0.048224094923419475,47.01901168164764,9.18454717823917,4.469177735985582,15.106856219851545,2.950926204181761,11.279188080368995,0.8151950061635049,0.10785593398312511,0.21249264179068791,0.23170777204790674,0.054065102804162435,60.45099341845099,10.003379086486342,4.626485145062784,14.006965003071953,2.317860681080375,11.89535412890355,0.8214418953366495,0.11804035872814223,0.2665577445948504,0.1445874435085719,0.03109283730947774,70.79896140399293,11.025917009691954,5.350925418402728,10.23664083246539,1.5942091527690372,13.525020329910399,0.823227476383283,0.12000603733770852,0.29765058190432814,dg165_rookie_capital_v2_hazard,0.5831709781434338,0.6981134981171261,0.024631268148807037,0.05311479893563788,27.087652498009998,39.74706551952456,7.387483211371898,8.509394724725352,2.7896485861462788,3.730935889556105,17.309084427758094,26.332793422840197,4.541951154220347,5.673806663579687,9.375980057247254,12.043075979943458,0.5831709781434338,0.6981134981171261,0.024631268148807037,0.05311479893563788,0.024631268148807037,0.05311479893563788,0.5053042828322599,0.6473049549082911,0.04647647239013313,0.09096476292419706,32.15841501489737,49.91950251248723,7.865171576872623,9.17018510621572,3.1506580454932114,4.299953837628252,18.18345506931374,28.931170017142335,4.2048764622107315,5.547221443672698,9.239560710533217,11.142693675834812,0.7328277648738666,0.8364918640130832,0.05815720745780513,0.10655491881908458,0.07657537065894243,0.13818415987965463,0.3454136477684724,0.49893372536003877,0.040644486199149205,0.0812823919242703,32.62377867091105,56.14228901998512,7.67435275693265,9.260424233548413,3.0336500062617366,4.606851388288253,13.175169396383003,24.89227831985169,2.8409818189446137,4.25065891235498,9.625546892096123,12.269930587949931,0.7638191611960256,0.8748485983111396,0.07349400823308154,0.1232296449455545,0.12109595325602161,0.21500251169024723,0.25978776761259753,0.38678056668447564,0.03320031866541405,0.0730406801902535,34.81937931993843,59.632365421868855,8.440877215262484,10.024206047038048,3.6678618341301434,5.412749418957611,10.3618936601054,20.45566918652542,2.399606462713337,3.572263983378124,10.128178580116328,12.547787368454674,0.7678281941157682,0.8756507042134813,0.0849090321740552,0.1415749630957787,0.16540956416932284,0.28103133767482674,0.18519614167124204,0.29321730384347233,0.037805151757833756,0.08085684202318082,42.78810887747301,78.76013411328113,8.956151221313949,10.996370565376834,3.5755981729495194,5.661574296252429,9.01646642902028,19.8983388028984,1.7437745716975925,2.926451181734407,10.506457359356338,13.44499593514731,0.774658915745795,0.8841916235347207,0.09383151783708386,0.15280626190159072,0.21183719087981057,0.355008395019722,0.10555798539216983,0.19551802944869845,0.01896543318781093,0.0512205421305042,45.482539935531115,92.0880647617101,9.78103423726671,12.198137627300339,3.8021416944513913,6.670578832673042,5.984610427943663,15.489664150662117,1.1647966321360916,2.1939345744151284,11.818252246549324,15.667068394796164,0.7769123265883371,0.8853497072993735,0.09739941744409539,0.15469448675611056,0.23729732907630405,0.40070612807219813
00-0041133,Dallen Bentley,TE,DEN,2026,256,7,25.0,resolved,scored,0.6418082588388715,0.01280922318987571,25.78276021780765,6.045651688736308,2.8215498539089254,16.54758844345125,3.880149183894133,9.434953630647996,0.6418082588388715,0.01280922318987571,0.01280922318987571,0.5339020200108513,0.022645126470713595,12.532111306586344,6.7697576318698935,1.8089488374590683,6.690919541587278,3.6143872746392134,8.20474055532246,0.7481326577578323,0.026707876554943978,0.0354543496605893,0.47069439274451363,0.01928027554591268,14.56150887338623,7.509730516479106,1.4962659397207378,6.8540205766023785,3.5347880451290754,10.767849654652423,0.7743831106218924,0.03606443270702084,0.05473462520650198,0.3765829631835289,0.019977461156711628,7.114076043324886,7.328122241187277,1.612466120669784,2.6790398367082404,2.759645988157428,10.291128866449355,0.8054880780855461,0.04021864427583783,0.07471208636321361,0.24932668890609666,0.015617850095427288,4.127868097176432,8.297037994287809,1.3974169072985472,1.0291876849101094,2.068673010843861,8.63274891206408,0.8057375045960352,0.045606881687922554,0.0903299364586409,0.1673129220506249,0.009947620879283055,3.838183746021386,8.01190673841403,1.4396129765900225,0.6421777379140516,1.340495527601143,9.857558403783182,0.8076801295500748,0.04771787630210852,0.10027755733792396,dg165_rookie_capital_v2_hazard,0.5392342470793893,0.7469015452515758,0.005808767417688775,0.022768481371263593,16.677244437344555,35.80111083728214,5.080497308582339,6.966081107293482,2.152432744669162,3.5403264964626504,9.795456145527647,23.363180383166448,3.004719832445474,4.639454042526759,7.975554458561657,11.05384259573284,0.5392342470793893,0.7469015452515758,0.005808767417688775,0.022768481371263593,0.005808767417688775,0.022768481371263593,0.45221888489748435,0.6395663393210177,0.011992887024089871,0.03378747855227459,0.7875358509866482,24.094521905829666,5.760296181631349,7.698129506752187,1.1049905488237224,2.5481719507931078,0.4438618710355411,12.921385612569676,2.8260348152921857,4.403311049612471,6.567226187844759,9.998432870594076,0.6659931200320659,0.851219648956594,0.015189880158369187,0.04105669638042178,0.020928965375479322,0.053085678226867695,0.3864472073747839,0.5635945039771533,0.010429450126471262,0.03414443339091049,1.4416965640580022,28.241020434901575,6.477667386396566,8.612789369241666,0.6689552248278795,2.3152160113572564,0.6940067767765504,13.370013524995557,2.623682294738838,4.434008040808854,9.00222359603809,12.406387610042175,0.6963387944314097,0.8643804115296136,0.023493301507438582,0.05305306341956354,0.033303650901027125,0.08203483891973277,0.2846660020268993,0.4859006632950142,0.011487910201504636,0.032878139043921784,0.0,20.880047337783758,6.096188320746189,8.530504517908161,0.7123181795384915,2.603811443448744,0.0,8.712154826902674,2.067201288082082,3.5955053353267648,8.71787806357648,11.92660322089673,0.7475130559765366,0.9021534223212992,0.027975633541112613,0.060125964082435465,0.04881436112465882,0.10914064744198583,0.17301791200204933,0.33767660702331037,0.007948449932232407,0.03403626359408635,0.0,24.818490449618636,6.974305013383063,9.544609075612218,0.02467893140180092,2.698489678129229,0.0,6.867886828331544,1.3692983298430925,2.929249291690764,6.9131041897887355,10.661362661242956,0.7486258403772448,0.9029615994277568,0.03197929056891365,0.07349211238803252,0.061214921786911486,0.13995840667261558,0.1110338142958712,0.24657836312253933,0.004289334780569221,0.020510278314790683,0.0,28.716010946108643,6.353196742843568,9.349345085305943,0.0,2.916953052767304,0.0,5.554580352602046,0.8298619746895858,2.092553897883396,7.9305240028269575,12.001119378333621,0.7511395819734724,0.9039319834334792,0.03390218131283791,0.07465931589643623,0.06598773045790562,0.15688540068847667
