{
  "metrics_model": {
    "rmse": 3.3683454643606123,
    "r2": 0.6156992424313077,
    "spearman": 0.7700438204053949
  },
  "metrics_baseline": {
    "rmse": 3.732217591408858,
    "r2": 0.5281848334685981,
    "spearman": 0.7597435013554064
  },
  "improvements": 3,
  "promotion_warranted": true,
  "train_rows": 1752,
  "test_rows": 752,
  "artifact_path": "app/data/models/engine_b/runs/20260512T025011Z/engine_b_v1.pkl"
}