gsis_id,draft_season,position,pick,round,age_at_draft,q,n_qual,played,forecast_year,horizon,p_qual,p_played,e_qual_seasons
00-0023436,2005,QB,1,1,21.0,0.0,0.0,1.0,2005,1,0.8347954067049118,0.9623675740358522,0.8347954067049118
00-0023437,2005,RB,2,1,23.0,1.0,1.0,1.0,2005,1,0.8406850349327221,0.9952415338456798,0.8406850349327221
00-0023438,2005,WR,3,1,22.0,1.0,1.0,1.0,2005,1,0.8261264229963007,0.9943682137602197,0.8261264229963007
00-0023439,2005,RB,4,1,22.0,0.0,0.0,1.0,2005,1,0.821054154743781,0.9890126568520433,0.821054154743781
00-0023440,2005,RB,5,1,23.0,1.0,1.0,1.0,2005,1,0.7738698368902188,0.9901594347603108,0.7738698368902188
00-0023442,2005,WR,7,1,22.0,0.0,0.0,1.0,2005,1,0.7131822613674094,0.988283812745963,0.7131822613674094
00-0023452,2005,WR,10,1,21.0,0.0,0.0,1.0,2005,1,0.6955219672552914,0.9788443182939424,0.6955219672552914
00-0023456,2005,WR,21,1,22.0,1.0,1.0,1.0,2005,1,0.517817222537873,0.970032548058278,0.517817222537873
00-0023457,2005,WR,22,1,23.0,1.0,1.0,1.0,2005,1,0.4620710916237907,0.9764832103461829,0.4620710916237907
00-0023459,2005,QB,24,1,21.0,0.0,0.0,1.0,2005,1,0.4749130264040779,0.818140526052864,0.4749130264040779
00-0023460,2005,QB,25,1,23.0,0.0,0.0,0.0,2005,1,0.37800120858112074,0.8870185536517368,0.37800120858112074
00-0023462,2005,WR,27,1,23.0,0.0,0.0,1.0,2005,1,0.4234766635720857,0.9720149624240029,0.4234766635720857
00-0023465,2005,TE,30,1,22.0,1.0,1.0,1.0,2005,1,0.33008176267458766,0.9649042426938207,0.33008176267458766
00-0023470,2005,WR,35,2,24.0,1.0,1.0,1.0,2005,1,0.243026712578881,0.9651844077724271,0.243026712578881
00-0023474,2005,WR,39,2,23.0,0.0,0.0,1.0,2005,1,0.2628705692707517,0.9497090452072375,0.2628705692707517
00-0023479,2005,RB,44,2,22.0,0.0,0.0,1.0,2005,1,0.48717700992151836,0.908572675340839,0.48717700992151836
00-0023489,2005,RB,54,2,22.0,0.0,0.0,0.0,2005,1,0.46304513730646696,0.8940496929308697,0.46304513730646696
00-0023490,2005,WR,55,2,23.0,0.0,0.0,1.0,2005,1,0.21520663864409867,0.9333065589229251,0.21520663864409867
00-0023493,2005,WR,58,2,22.0,0.0,0.0,1.0,2005,1,0.24110058795460432,0.9091040151405795,0.24110058795460432
00-0023496,2005,WR,61,2,22.0,0.0,0.0,1.0,2005,1,0.23411927818793854,0.9054049869339414,0.23411927818793854
00-0023500,2005,RB,65,3,22.0,1.0,1.0,1.0,2005,1,0.3368708901759489,0.8450053016774686,0.3368708901759489
00-0023502,2005,QB,67,3,24.0,0.0,0.0,1.0,2005,1,0.10884603396230613,0.7744513486523846,0.10884603396230613
00-0023503,2005,WR,68,3,22.0,0.0,0.0,1.0,2005,1,0.15319286127701257,0.8670685874538422,0.15319286127701257
00-0023504,2005,QB,69,3,23.0,0.0,0.0,0.0,2005,1,0.1266674550986021,0.7166600021322086,0.1266674550986021
00-0023506,2005,TE,71,3,23.0,1.0,1.0,1.0,2005,1,0.10645191864772845,0.9161934458600521,0.10645191864772845
00-0023508,2005,RB,73,3,25.0,0.0,0.0,1.0,2005,1,0.21494183712708936,0.9221559894297794,0.21494183712708936
00-0023512,2005,RB,77,3,22.0,0.0,0.0,1.0,2005,1,0.31922463414221197,0.8264483991956153,0.31922463414221197
00-0023518,2005,WR,83,3,22.0,1.0,1.0,1.0,2005,1,0.13445716132123642,0.8457311219590461,0.13445716132123642
nogsis:2005:85,2005,QB,85,3,,0.0,0.0,0.0,2005,1,0.1146959352414056,0.6929449692331289,0.1146959352414056
00-0023521,2005,TE,86,3,23.0,0.0,0.0,0.0,2005,1,0.09929218331940955,0.904702799968909,0.09929218331940955
00-0023531,2005,WR,96,3,23.0,0.0,0.0,1.0,2005,1,0.10330156452619335,0.8657893788735308,0.10330156452619335
nogsis:2005:101,2005,RB,101,3,,0.0,0.0,0.0,2005,1,0.2547729333456487,0.8366601067231164,0.2547729333456487
00-0023541,2005,QB,106,4,22.0,1.0,1.0,1.0,2005,1,0.08188751311332915,0.5286765712495304,0.08188751311332915
00-0023544,2005,RB,109,4,22.0,1.0,1.0,1.0,2005,1,0.2037296034295879,0.7299455743526164,0.2037296034295879
00-0023545,2005,RB,110,4,23.0,0.0,0.0,1.0,2005,1,0.17433418950827567,0.7818765109795524,0.17433418950827567
00-0023547,2005,RB,112,4,22.0,0.0,0.0,1.0,2005,1,0.2016559209217105,0.7256503582179836,0.2016559209217105
00-0023549,2005,WR,114,4,22.0,0.0,0.0,1.0,2005,1,0.07268194034029299,0.756952582976949,0.07268194034029299
00-0023551,2005,WR,116,4,22.0,0.0,0.0,0.0,2005,1,0.07179119072068141,0.7541522389317991,0.07179119072068141
nogsis:2005:118,2005,WR,118,4,,0.0,0.0,0.0,2005,1,0.07092549357726986,0.751378652852136,0.07092549357726986
nogsis:2005:120,2005,RB,120,4,,0.0,0.0,0.0,2005,1,0.16849408249047565,0.7697946759166209,0.16849408249047565
nogsis:2005:121,2005,QB,121,4,,0.0,0.0,0.0,2005,1,0.06438180320321953,0.5822569988633981,0.06438180320321953
00-0023561,2005,RB,127,4,23.0,0.0,0.0,1.0,2005,1,0.1647733642242771,0.7616737770962583,0.1647733642242771
00-0023564,2005,RB,130,4,22.0,0.0,0.0,1.0,2005,1,0.1905544788668936,0.7013326804816359,0.1905544788668936
nogsis:2005:131,2005,WR,131,4,,0.0,0.0,0.0,2005,1,0.0658393590649338,0.7339708655447064,0.0658393590649338
00-0023570,2005,WR,136,4,24.0,0.0,0.0,1.0,2005,1,0.044934830673583684,0.8265500191483786,0.044934830673583684
00-0023574,2005,WR,140,5,22.0,0.0,0.0,0.0,2005,1,0.04129791582608665,0.6610890701485392,0.04129791582608665
00-0023576,2005,RB,142,5,23.0,0.0,0.0,1.0,2005,1,0.10741212269054792,0.6865292234509774,0.10741212269054792
00-0023577,2005,TE,144,5,23.0,0.0,0.0,0.0,2005,1,0.03567609199736229,0.7847453981965037,0.03567609199736229
00-0023578,2005,QB,145,5,22.0,0.0,0.0,1.0,2005,1,0.04617095900594006,0.4145325473586475,0.04617095900594006
nogsis:2005:152,2005,QB,152,5,,0.0,0.0,0.0,2005,1,0.037636747468773483,0.47964706303868204,0.037636747468773483
nogsis:2005:155,2005,WR,155,5,,0.0,0.0,0.0,2005,1,0.03832575707480479,0.6409330450946821,0.03832575707480479
00-0023607,2005,WR,174,5,24.0,0.0,0.0,1.0,2005,1,0.02444857135455648,0.7422645701049881,0.02444857135455648
00-0023612,2005,TE,179,6,24.0,0.0,0.0,1.0,2005,1,0.01773438683057894,0.7566044302685485,0.01773438683057894
00-0023615,2005,RB,182,6,23.0,0.0,0.0,1.0,2005,1,0.06438636897876139,0.573702410402425,0.06438636897876139
00-0023618,2005,WR,185,6,23.0,0.0,0.0,1.0,2005,1,0.01821579593743883,0.6049093121639304,0.01821579593743883
00-0023623,2005,WR,190,6,23.0,0.0,0.0,1.0,2005,1,0.01785486549031938,0.59933945379179,0.01785486549031938
00-0023625,2005,WR,192,6,21.0,0.0,0.0,1.0,2005,1,0.025581887515807363,0.4537379636688883,0.025581887515807363
nogsis:2005:195,2005,WR,195,6,,0.0,0.0,0.0,2005,1,0.021050423634377674,0.5226061138211247,0.021050423634377674
nogsis:2005:196,2005,TE,196,6,,0.0,0.0,0.0,2005,1,0.020565949871842584,0.6852001659946723,0.020565949871842584
00-0023630,2005,TE,198,6,23.0,0.0,0.0,1.0,2005,1,0.020483309880440122,0.6835856985629715,0.020483309880440122
00-0023634,2005,RB,201,6,24.0,0.0,0.0,1.0,2005,1,0.05161324727461618,0.6241639252696191,0.05161324727461618
00-0023645,2005,QB,213,6,22.0,0.0,0.0,0.0,2005,1,0.02465354565963501,0.3006263791989272,0.02465354565963501
nogsis:2005:221,2005,RB,221,7,,0.0,0.0,0.0,2005,1,0.03880539117546026,0.4633519369544525,0.03880539117546026
00-0023655,2005,WR,223,7,22.0,0.0,0.0,0.0,2005,1,0.012325825121583688,0.4218286095534328,0.012325825121583688
00-0023657,2005,WR,225,7,23.0,0.0,0.0,0.0,2005,1,0.010168555398942979,0.4916323922987822,0.010168555398942979
00-0023658,2005,WR,226,7,23.0,0.0,0.0,1.0,2005,1,0.01013450068721317,0.490666164383297,0.01013450068721317
nogsis:2005:229,2005,QB,229,7,,0.0,0.0,0.0,2005,1,0.012787778900770375,0.29253085724528943,0.012787778900770375
00-0023662,2005,QB,230,7,23.0,0.0,0.0,1.0,2005,1,0.012758034759138318,0.29203801997177636,0.012758034759138318
00-0023668,2005,RB,236,7,23.0,0.0,0.0,0.0,2005,1,0.03766421234197485,0.45034028186717723,0.03766421234197485
00-0023672,2005,WR,240,7,23.0,0.0,0.0,0.0,2005,1,0.009683926564608314,0.4775803290437027,0.009683926564608314
nogsis:2005:243,2005,RB,243,7,,0.0,0.0,0.0,2005,1,0.037166701044094176,0.4445694368973069,0.037166701044094176
00-0023676,2005,RB,244,7,23.0,0.0,0.0,1.0,2005,1,0.037097308564842085,0.443759789810985,0.037097308564842085
00-0023680,2005,TE,248,7,22.0,0.0,0.0,0.0,2005,1,0.014594306317860985,0.5065404975292411,0.014594306317860985
00-0023679,2005,TE,249,7,22.0,0.0,0.0,1.0,2005,1,0.01457089187928491,0.5057999409505348,0.01457089187928491
00-0023682,2005,QB,250,7,22.0,0.0,0.0,1.0,2005,1,0.014684959748130614,0.22781672565244573,0.014684959748130614
nogsis:2005:253,2005,WR,253,7,,0.0,0.0,0.0,2005,1,0.011205127768396606,0.39524703636122505,0.011205127768396606
nogsis:2005:255,2005,TE,255,7,,0.0,0.0,0.0,2005,1,0.011992044924779656,0.5732815640122876,0.011992044924779656
00-0023436,2005,QB,1,1,21.0,1.0,1.0,1.0,2005,2,0.9513463759217892,0.9987274173985852,1.7658926776736412
00-0023437,2005,RB,2,1,23.0,1.0,2.0,1.0,2005,2,0.9875327769467297,0.999883541087952,1.760974908772466
00-0023438,2005,WR,3,1,22.0,1.0,2.0,1.0,2005,2,0.9662198687809082,0.9993527081037766,1.6592490951898218
00-0023439,2005,RB,4,1,22.0,1.0,1.0,1.0,2005,2,0.980494950310163,0.9995651279519389,1.7199625770046252
00-0023440,2005,RB,5,1,23.0,1.0,2.0,1.0,2005,2,0.9712959369109342,0.9996297563370525,1.6410679587687924
00-0023442,2005,WR,7,1,22.0,0.0,0.0,1.0,2005,2,0.9289342362292726,0.9983144611319548,1.488553799751278
00-0023452,2005,WR,10,1,21.0,0.0,0.0,1.0,2005,2,0.9190459242794244,0.9960809690112432,1.4737559000095972
00-0023456,2005,WR,21,1,22.0,1.0,2.0,1.0,2005,2,0.8256458021753932,0.9941864092308493,1.1978918258248168
00-0023457,2005,WR,22,1,23.0,1.0,2.0,1.0,2005,2,0.7897494630525935,0.9960568018565759,1.0963660970508695
00-0023459,2005,QB,24,1,21.0,0.0,0.0,1.0,2005,2,0.7911716087803079,0.9774800829367465,1.2688115610073367
00-0023460,2005,QB,25,1,23.0,1.0,1.0,1.0,2005,2,0.7178027335274778,0.9902314464697723,1.1051299113263444
00-0023462,2005,WR,27,1,23.0,0.0,0.0,1.0,2005,2,0.7566024070067582,0.9950343879799536,1.035932641692475
00-0023465,2005,TE,30,1,22.0,1.0,2.0,1.0,2005,2,0.7177474936997095,0.9923411550264224,1.0344753368991217
00-0023470,2005,WR,35,2,24.0,1.0,2.0,1.0,2005,2,0.5548051966808002,0.9932397065234626,0.6419359577615724
00-0023474,2005,WR,39,2,23.0,0.0,0.0,1.0,2005,2,0.5765823008818104,0.9881657750742364,0.6975876432181354
00-0023479,2005,RB,44,2,22.0,0.0,0.0,1.0,2005,2,0.769607809176346,0.985977135996139,1.0464516073279089
00-0023489,2005,RB,54,2,22.0,0.0,0.0,1.0,2005,2,0.734193675466964,0.9819142164108606,0.9936555931729288
00-0023490,2005,WR,55,2,23.0,0.0,0.0,1.0,2005,2,0.4977599445542423,0.9826410349314221,0.6112945633170555
00-0023493,2005,WR,58,2,22.0,0.0,0.0,1.0,2005,2,0.5326089796594117,0.9716230961945457,0.6800447620272767
00-0023496,2005,WR,61,2,22.0,1.0,1.0,1.0,2005,2,0.5209907336781523,0.9700078264368795,0.6674685160706698
00-0023500,2005,RB,65,3,22.0,1.0,2.0,1.0,2005,2,0.5886495552636056,0.9644532690283146,0.7101009100357132
00-0023502,2005,QB,67,3,24.0,1.0,1.0,1.0,2005,2,0.32405339473894357,0.9624687149693044,0.42134499296019623
00-0023503,2005,WR,68,3,22.0,0.0,0.0,1.0,2005,2,0.3770909002586483,0.9475464991979095,0.44891600330521253
00-0023504,2005,QB,69,3,23.0,0.0,0.0,1.0,2005,2,0.3631475943451155,0.9413012888881259,0.48415336985165347
00-0023506,2005,TE,71,3,23.0,1.0,2.0,1.0,2005,2,0.2547237226875404,0.9709472975473399,0.31390342057982695
00-0023508,2005,RB,73,3,25.0,0.0,0.0,1.0,2005,2,0.42180842244729994,0.9888182742900263,0.4570361115896684
00-0023512,2005,RB,77,3,22.0,0.0,0.0,1.0,2005,2,0.5501134682403024,0.9563454526454227,0.6704510341356903
00-0023518,2005,WR,83,3,22.0,1.0,2.0,1.0,2005,2,0.33489207235844964,0.9351453342645185,0.41165240789806656
nogsis:2005:85,2005,QB,85,3,,0.0,0.0,0.0,2005,2,0.3386264390035363,0.9298823993260499,0.4528066246185818
00-0023521,2005,TE,86,3,23.0,0.0,0.0,1.0,2005,2,0.22061958386410982,0.9648955238435455,0.2781432303156461
00-0023531,2005,WR,96,3,23.0,0.0,0.0,1.0,2005,2,0.26711920554617075,0.9501077017255941,0.3291132157908191
nogsis:2005:101,2005,RB,101,3,,0.0,0.0,0.0,2005,2,0.48732537127275827,0.9395882875939879,0.6093701106489966
00-0023541,2005,QB,106,4,22.0,1.0,1.0,1.0,2005,2,0.25345014944825184,0.8147992840600882,0.3306430485668573
00-0023544,2005,RB,109,4,22.0,1.0,2.0,1.0,2005,2,0.35274608004725705,0.8992062281106108,0.40969884409317736
00-0023545,2005,RB,110,4,23.0,1.0,1.0,1.0,2005,2,0.3091419835763635,0.9321120130377152,0.35086996471301224
00-0023547,2005,RB,112,4,22.0,0.0,0.0,1.0,2005,2,0.34701364477992674,0.896056496433271,0.4051249294909166
00-0023549,2005,WR,114,4,22.0,0.0,0.0,1.0,2005,2,0.18770778146320266,0.8641411373523872,0.23332613106135036
00-0023551,2005,WR,116,4,22.0,0.0,0.0,0.0,2005,2,0.18526925569477296,0.8618157796588423,0.23136684740872926
nogsis:2005:118,2005,WR,118,4,,0.0,0.0,0.0,2005,2,0.18289633842371789,0.8594976971513073,0.2294567445072757
nogsis:2005:120,2005,RB,120,4,,0.0,0.0,0.0,2005,2,0.33264810414821244,0.8876589190422928,0.3936745645935327
nogsis:2005:121,2005,QB,121,4,,0.0,0.0,0.0,2005,2,0.20795307080748623,0.8585905406512343,0.2663284975974436
00-0023561,2005,RB,127,4,23.0,0.0,0.0,1.0,2005,2,0.2814006955410906,0.9196909086482238,0.32976987812343067
00-0023564,2005,RB,130,4,22.0,0.0,0.0,1.0,2005,2,0.31636466608557823,0.8771796214710539,0.38069947986129765
nogsis:2005:131,2005,WR,131,4,,0.0,0.0,0.0,2005,2,0.16890063786632092,0.8446112540823372,0.2181106980887648
00-0023570,2005,WR,136,4,24.0,0.0,0.0,1.0,2005,2,0.11863808676822729,0.9266251655685505,0.14924649740515677
00-0023574,2005,WR,140,5,22.0,0.0,0.0,0.0,2005,2,0.10523417967923386,0.7610114323245049,0.13278079007541516
00-0023576,2005,RB,142,5,23.0,0.0,0.0,1.0,2005,2,0.17848060675720437,0.8626671215118183,0.20546972460279056
00-0023577,2005,TE,144,5,23.0,0.0,0.0,0.0,2005,2,0.0606530645170321,0.8663237743006402,0.07788180103062689
00-0023578,2005,QB,145,5,22.0,0.0,0.0,1.0,2005,2,0.1508940078482171,0.676239637526538,0.18972777405499194
nogsis:2005:152,2005,QB,152,5,,0.0,0.0,0.0,2005,2,0.12557980618558798,0.7569972381655982,0.15479479232386764
nogsis:2005:155,2005,WR,155,5,,0.0,0.0,0.0,2005,2,0.09669984537612847,0.7394557641677001,0.12598972935991526
00-0023607,2005,WR,174,5,24.0,0.0,0.0,1.0,2005,2,0.06188216794620833,0.8578772266685194,0.08127587967794284
00-0023612,2005,TE,179,6,24.0,1.0,1.0,1.0,2005,2,0.02587744190665208,0.8361774565099965,0.034451054880289975
00-0023615,2005,RB,182,6,23.0,0.0,0.0,1.0,2005,2,0.09599272872057926,0.7435871772000465,0.1170426372249741
00-0023618,2005,WR,185,6,23.0,0.0,0.0,1.0,2005,2,0.04427045842220207,0.6955476095989195,0.05836860822668129
00-0023623,2005,WR,190,6,23.0,0.0,0.0,1.0,2005,2,0.04323925508489909,0.6891245341575893,0.05752330314605748
00-0023625,2005,WR,192,6,21.0,0.0,0.0,1.0,2005,2,0.06127508255552118,0.47472464844196316,0.08407216058117359
nogsis:2005:195,2005,WR,195,6,,0.0,0.0,0.0,2005,2,0.05058720567193877,0.5802913162147101,0.06875637719864748
nogsis:2005:196,2005,TE,196,6,,0.0,0.0,0.0,2005,2,0.028505990870556087,0.7492920338988085,0.038721414846284004
00-0023630,2005,TE,198,6,23.0,0.0,0.0,1.0,2005,2,0.0282308046872544,0.7473420277472913,0.03844163053656188
00-0023634,2005,RB,201,6,24.0,0.0,0.0,1.0,2005,2,0.07423384124434325,0.7993144593171367,0.09415789346001703
00-0023645,2005,QB,213,6,22.0,0.0,0.0,1.0,2005,2,0.08228348088503644,0.48167639317572286,0.10112647346802736
nogsis:2005:221,2005,RB,221,7,,0.0,0.0,0.0,2005,2,0.06182421223821283,0.4793351092524547,0.07994527713774621
00-0023655,2005,WR,223,7,22.0,0.0,0.0,0.0,2005,2,0.02814943943541928,0.42865841478645106,0.038973021592715186
00-0023657,2005,WR,225,7,23.0,0.0,0.0,1.0,2005,2,0.023234845047641957,0.5362526392286594,0.03195894093606501
00-0023658,2005,WR,226,7,23.0,0.0,0.0,1.0,2005,2,0.02314201057910587,0.5350053993250534,0.03187955130688547
nogsis:2005:229,2005,QB,229,7,,0.0,0.0,0.0,2005,2,0.042155791821110365,0.4610303540719954,0.04914254180746534
00-0023662,2005,QB,230,7,23.0,0.0,0.0,1.0,2005,2,0.04206502863167458,0.46004427950097226,0.04905090184184836
00-0023668,2005,RB,236,7,23.0,0.0,0.0,0.0,2005,2,0.0488339061492811,0.5688278037684402,0.06524138965919639
00-0023672,2005,WR,240,7,23.0,0.0,0.0,0.0,2005,2,0.021918956012816383,0.5180642559037164,0.03082406864347049
nogsis:2005:243,2005,RB,243,7,,0.0,0.0,0.0,2005,2,0.056907961201174445,0.4495417180716124,0.07622434867370675
00-0023676,2005,RB,244,7,23.0,0.0,0.0,1.0,2005,2,0.047416514795492776,0.5584763834930112,0.06414907671289727
00-0023680,2005,TE,248,7,22.0,0.0,0.0,0.0,2005,2,0.017006859359094018,0.4881493920064247,0.02429268969901062
00-0023679,2005,TE,249,7,22.0,0.0,0.0,1.0,2005,2,0.016940828806604486,0.4871240254469985,0.024222878236188038
00-0023682,2005,QB,250,7,22.0,0.0,0.0,1.0,2005,2,0.04833970118921674,0.3365282375496673,0.05766839664730954
nogsis:2005:253,2005,WR,253,7,,0.0,0.0,0.0,2005,2,0.025127910761099072,0.3941149487721488,0.036358772616869914
nogsis:2005:255,2005,TE,255,7,,0.0,0.0,0.0,2005,2,0.01374792018695215,0.5907073152201471,0.019887180644987734
00-0023436,2005,QB,1,1,21.0,1.0,1.0,1.0,2005,3,0.9895555208243796,0.9996829520176801,2.6721698643024703
00-0023437,2005,RB,2,1,23.0,1.0,3.0,1.0,2005,3,0.994983086851782,0.9998850762095952,2.7517563170491557
00-0023438,2005,WR,3,1,22.0,1.0,3.0,1.0,2005,3,0.9948321772074498,0.999452916493197,2.746985859075794
00-0023439,2005,RB,4,1,22.0,1.0,2.0,1.0,2005,3,0.9891525578260912,0.9996528901817859,2.651211005062866
00-0023440,2005,RB,5,1,23.0,1.0,2.0,1.0,2005,3,0.9844765307875035,0.999645153802364,2.5623908582001103
00-0023442,2005,WR,7,1,22.0,0.0,0.0,1.0,2005,3,0.9816237500581543,0.9984918305841528,2.529438769944058
00-0023452,2005,WR,10,1,21.0,0.0,0.0,1.0,2005,3,0.9713628786771954,0.9970278940495901,2.438489204152183
00-0023456,2005,WR,21,1,22.0,1.0,2.0,1.0,2005,3,0.9101880514531182,0.9943994662538764,2.0474554294777954
00-0023457,2005,WR,22,1,23.0,1.0,3.0,1.0,2005,3,0.896603840958079,0.9953955404170849,1.9625469367106225
00-0023459,2005,QB,24,1,21.0,0.0,0.0,1.0,2005,3,0.8292398294550899,0.9901582628014552,1.858722141082081
00-0023460,2005,QB,25,1,23.0,1.0,2.0,1.0,2005,3,0.7975553764577004,0.9937699093485959,1.716330273777955
00-0023462,2005,WR,27,1,23.0,1.0,1.0,1.0,2005,3,0.8641493484851588,0.994122817842985,1.8448299398995562
00-0023465,2005,TE,30,1,22.0,1.0,3.0,1.0,2005,3,0.7692795067039387,0.9958216223221606,1.6624368598199306
00-0023470,2005,WR,35,2,24.0,1.0,3.0,1.0,2005,3,0.7413828674681043,0.9904774212611053,1.2970828408748218
00-0023474,2005,WR,39,2,23.0,0.0,0.0,1.0,2005,3,0.7261032995026864,0.9861062079722271,1.3040816688740624
00-0023479,2005,RB,44,2,22.0,0.0,0.0,1.0,2005,3,0.7703534210514911,0.989914759088716,1.4267236332767432
00-0023489,2005,RB,54,2,22.0,0.0,0.0,1.0,2005,3,0.7222157576051285,0.9870613164454923,1.3196227765678405
00-0023490,2005,WR,55,2,23.0,0.0,0.0,1.0,2005,3,0.611782266746179,0.9791739368688266,1.1035859650159368
00-0023493,2005,WR,58,2,22.0,0.0,0.0,1.0,2005,3,0.61300365523805,0.9716485405390559,1.1445714522017136
00-0023496,2005,WR,61,2,22.0,1.0,2.0,1.0,2005,3,0.5947538738780289,0.9699360242604376,1.1163219850498276
00-0023500,2005,RB,65,3,22.0,1.0,3.0,1.0,2005,3,0.6001052896822201,0.9753589241043185,0.9232313016642881
00-0023502,2005,QB,67,3,24.0,1.0,1.0,1.0,2005,3,0.4319900380590286,0.9677104515237874,0.7394534618402804
00-0023503,2005,WR,68,3,22.0,0.0,0.0,1.0,2005,3,0.475123823662266,0.9486227943989542,0.7834841606251577
00-0023504,2005,QB,69,3,23.0,0.0,0.0,1.0,2005,3,0.4462752323512051,0.9575373403118113,0.7918747004262777
00-0023506,2005,TE,71,3,23.0,1.0,2.0,1.0,2005,3,0.3326632236619712,0.9775424239941678,0.5521007097409159
00-0023508,2005,RB,73,3,25.0,0.0,0.0,1.0,2005,3,0.5012422838267337,0.9865235264109953,0.7126430465952558
00-0023512,2005,RB,77,3,22.0,0.0,0.0,1.0,2005,3,0.5486194773633781,0.9698188635665413,0.8487303582994352
00-0023518,2005,WR,83,3,22.0,1.0,2.0,1.0,2005,3,0.401028767006705,0.9356574126308524,0.6947388065255737
nogsis:2005:85,2005,QB,85,3,,0.0,0.0,0.0,2005,3,0.3987478090649641,0.94733411005301,0.7386668163655618
00-0023521,2005,TE,86,3,23.0,0.0,0.0,1.0,2005,3,0.2772657579132476,0.9715119637773708,0.4802644011674997
00-0023531,2005,WR,96,3,23.0,0.0,0.0,1.0,2005,3,0.3302981476133503,0.9402110896283543,0.5818125459998857
nogsis:2005:101,2005,RB,101,3,,0.0,0.0,0.0,2005,3,0.44324357083998583,0.9673450169928681,0.6866757602978679
00-0023541,2005,QB,106,4,22.0,1.0,1.0,1.0,2005,3,0.2993368102359926,0.8775941421963592,0.5220798231454448
00-0023544,2005,RB,109,4,22.0,1.0,3.0,1.0,2005,3,0.36441946521425206,0.9317719149939004,0.4993857095382519
00-0023545,2005,RB,110,4,23.0,1.0,2.0,1.0,2005,3,0.34229166525584204,0.9456053066966995,0.4604214156905251
00-0023547,2005,RB,112,4,22.0,0.0,0.0,1.0,2005,3,0.35663081646929484,0.9296167932927867,0.49141703662877945
00-0023549,2005,WR,114,4,22.0,0.0,0.0,1.0,2005,3,0.2314355945103351,0.8663312792296121,0.39552194825241205
00-0023551,2005,WR,116,4,22.0,0.0,0.0,1.0,2005,3,0.22678816044453334,0.8639001743245895,0.39071937932606093
nogsis:2005:118,2005,WR,118,4,,0.0,0.0,0.0,2005,3,0.2222848239117698,0.8614744339832443,0.3860480246260801
nogsis:2005:120,2005,RB,120,4,,0.0,0.0,0.0,2005,3,0.318349354652394,0.9398272232496541,0.43686279197659417
nogsis:2005:121,2005,QB,121,4,,0.0,0.0,0.0,2005,3,0.2573696208433663,0.8888396703331461,0.45241336672100274
00-0023561,2005,RB,127,4,23.0,0.0,0.0,1.0,2005,3,0.3032403614391097,0.9357581704712552,0.42205658185692485
00-0023564,2005,RB,130,4,22.0,0.0,0.0,1.0,2005,3,0.31529816181401515,0.9166290960405588,0.44949678240459356
nogsis:2005:131,2005,WR,131,4,,0.0,0.0,0.0,2005,3,0.1961504764913388,0.8458466866778088,0.3585287234985777
00-0023570,2005,WR,136,4,24.0,1.0,1.0,1.0,2005,3,0.16270921929503496,0.8968450176494193,0.28529644267609783
00-0023574,2005,WR,140,5,22.0,0.0,0.0,0.0,2005,3,0.1382456805538517,0.7676063329586424,0.23216824942596098
00-0023576,2005,RB,142,5,23.0,0.0,0.0,1.0,2005,3,0.21590267269558305,0.8921950467044758,0.2703399372273303
00-0023577,2005,TE,144,5,23.0,0.0,0.0,0.0,2005,3,0.0911091774866246,0.8825853953013143,0.14276374330040184
00-0023578,2005,QB,145,5,22.0,0.0,0.0,1.0,2005,3,0.18812955826156977,0.7689322255215293,0.3130709734340097
nogsis:2005:152,2005,QB,152,5,,0.0,0.0,0.0,2005,3,0.16913283893084696,0.8027786274240696,0.27669439684644737
nogsis:2005:155,2005,WR,155,5,,0.0,0.0,0.0,2005,3,0.12089983335962011,0.7451508003468331,0.21491020828733218
00-0023607,2005,WR,174,5,24.0,0.0,0.0,1.0,2005,3,0.08867759360728435,0.8083816291052472,0.15854369743902333
00-0023612,2005,TE,179,6,24.0,1.0,1.0,1.0,2005,3,0.04734273198357852,0.827031433843652,0.0708075093622631
00-0023615,2005,RB,182,6,23.0,0.0,0.0,1.0,2005,3,0.12815240426376892,0.7989884285614973,0.15598863316832706
00-0023618,2005,WR,185,6,23.0,0.0,0.0,1.0,2005,3,0.06561942594856968,0.6649827735343935,0.112439104882453
00-0023623,2005,WR,190,6,23.0,0.0,0.0,1.0,2005,3,0.06318839880450226,0.6578285048296766,0.11004607150787613
00-0023625,2005,WR,192,6,21.0,0.0,0.0,1.0,2005,3,0.07301978670506068,0.5339367974047772,0.13676325649761312
nogsis:2005:195,2005,WR,195,6,,0.0,0.0,0.0,2005,3,0.0659790695412678,0.5914466845858162,0.12054330489699458
nogsis:2005:196,2005,TE,196,6,,0.0,0.0,0.0,2005,3,0.0456374300672407,0.7679273270785767,0.07236930417689533
00-0023630,2005,TE,198,6,23.0,0.0,0.0,1.0,2005,3,0.0450370102009186,0.7656156205597965,0.07172880887410207
00-0023634,2005,RB,201,6,24.0,0.0,0.0,1.0,2005,3,0.10655208580398215,0.8191125139470252,0.13513263352909194
00-0023645,2005,QB,213,6,22.0,1.0,1.0,1.0,2005,3,0.10521465392300963,0.588433642425188,0.17675208738737858
nogsis:2005:221,2005,RB,221,7,,0.0,0.0,0.0,2005,3,0.07742485114249611,0.6710840782140094,0.09260792809216917
00-0023655,2005,WR,223,7,22.0,0.0,0.0,1.0,2005,3,0.04023152508096768,0.44553443373371654,0.07226283639854186
00-0023657,2005,WR,225,7,23.0,0.0,0.0,1.0,2005,3,0.03657774498403528,0.5057847057994121,0.06400318228292586
00-0023658,2005,WR,226,7,23.0,0.0,0.0,1.0,2005,3,0.03634203346362169,0.5044567499124738,0.06376820481510746
nogsis:2005:229,2005,QB,229,7,,0.0,0.0,0.0,2005,3,0.06832759018081914,0.5258766938297561,0.0998587662722616
00-0023662,2005,QB,230,7,23.0,0.0,0.0,1.0,2005,3,0.06806874184614004,0.5246989201297996,0.0996701404180905
00-0023668,2005,RB,236,7,23.0,0.0,0.0,0.0,2005,3,0.0717859192262416,0.6530051347310523,0.08837034665899339
00-0023672,2005,WR,240,7,23.0,0.0,0.0,1.0,2005,3,0.033288133964440386,0.48645994646958585,0.06066686573499593
nogsis:2005:243,2005,RB,243,7,,0.0,0.0,0.0,2005,3,0.06939985516859891,0.6448100025420215,0.08654535382157637
00-0023676,2005,RB,244,7,23.0,0.0,0.0,1.0,2005,3,0.06907055043660769,0.6436516140870329,0.0862918972725447
00-0023680,2005,TE,248,7,22.0,0.0,0.0,0.0,2005,3,0.02672074905972393,0.553917366152913,0.043243274124841836
00-0023679,2005,TE,249,7,22.0,0.0,0.0,1.0,2005,3,0.02657811633639609,0.5526509573463888,0.04308883841285649
00-0023682,2005,QB,250,7,22.0,0.0,0.0,1.0,2005,3,0.0685495005544044,0.4392829159602221,0.10803128217898289
nogsis:2005:253,2005,WR,253,7,,0.0,0.0,0.0,2005,3,0.03347169695913731,0.4085575741926177,0.06514588612043504
nogsis:2005:255,2005,TE,255,7,,0.0,0.0,0.0,2005,3,0.023689088573356526,0.6067415991936639,0.03803654408557337
00-0023436,2005,QB,1,1,21.0,1.0,1.0,1.0,2005,4,0.9749170135810564,0.9980029278185716,3.3715999601887114
00-0023437,2005,RB,2,1,23.0,1.0,4.0,1.0,2005,4,0.9937704771319278,0.9996378544148575,3.7048313466882217
00-0023438,2005,WR,3,1,22.0,1.0,4.0,1.0,2005,4,0.9916747655743059,0.9990072017675881,3.6989077041616314
00-0023439,2005,RB,4,1,22.0,1.0,3.0,1.0,2005,4,0.9862860559533135,0.9991015055744595,3.5497156313057356
00-0023440,2005,RB,5,1,23.0,1.0,2.0,1.0,2005,4,0.9820727689331599,0.9992966798160808,3.428283640352448
00-0023442,2005,WR,7,1,22.0,0.0,0.0,1.0,2005,4,0.9749102780025025,0.9978011092449619,3.378154866276932
00-0023452,2005,WR,10,1,21.0,0.0,0.0,1.0,2005,4,0.9608423684236953,0.9953928283234412,3.2125890008376508
00-0023456,2005,WR,21,1,22.0,1.0,3.0,1.0,2005,4,0.9009126244828691,0.9938491649033544,2.6226040188696955
00-0023457,2005,WR,22,1,23.0,1.0,4.0,1.0,2005,4,0.8941653031583241,0.9957139983764993,2.5151279615075275
00-0023459,2005,QB,24,1,21.0,1.0,1.0,1.0,2005,4,0.7735608555734688,0.9867533840016751,2.2003904602253392
00-0023460,2005,QB,25,1,23.0,1.0,3.0,1.0,2005,4,0.7637797042744684,0.9939395671760586,2.0250052833399534
00-0023462,2005,WR,27,1,23.0,1.0,2.0,1.0,2005,4,0.8656756039614141,0.9948089578004562,2.3339285393538782
00-0023465,2005,TE,30,1,22.0,1.0,4.0,1.0,2005,4,0.7695578211871186,0.994399986097116,2.0401976159621547
00-0023470,2005,WR,35,2,24.0,1.0,3.0,1.0,2005,4,0.7850084810236209,0.9925642209185677,1.7249672063675954
00-0023474,2005,WR,39,2,23.0,0.0,0.0,1.0,2005,4,0.7620435156473768,0.987695915078113,1.7123285398811383
00-0023479,2005,RB,44,2,22.0,0.0,0.0,1.0,2005,4,0.7799198770375443,0.9914344742736177,1.738748177519836
00-0023489,2005,RB,54,2,22.0,0.0,0.0,1.0,2005,4,0.7361988894277013,0.9900774858562575,1.575605310531457
00-0023490,2005,WR,55,2,23.0,0.0,0.0,1.0,2005,4,0.6702716030590691,0.9830822124153122,1.418472180631192
00-0023493,2005,WR,58,2,22.0,0.0,0.0,1.0,2005,4,0.6572552828977987,0.9735469676238501,1.463203919352097
00-0023496,2005,WR,61,2,22.0,1.0,3.0,1.0,2005,4,0.6420819069785189,0.9722984517844294,1.4228222922839027
00-0023500,2005,RB,65,3,22.0,1.0,4.0,1.0,2005,4,0.6449385954487324,0.9809986018581225,1.1623567374216408
00-0023502,2005,QB,67,3,24.0,1.0,1.0,1.0,2005,4,0.4952531660820803,0.979512090788242,0.9809332798433104
00-0023503,2005,WR,68,3,22.0,0.0,0.0,1.0,2005,4,0.5566606981743971,0.9493830363224359,1.0802276238402948
00-0023504,2005,QB,69,3,23.0,0.0,0.0,1.0,2005,4,0.4925995880672294,0.9690147943146245,1.045529320527564
00-0023506,2005,TE,71,3,23.0,1.0,2.0,1.0,2005,4,0.4148546041790338,0.9780864147061841,0.7413463639390933
00-0023508,2005,RB,73,3,25.0,0.0,0.0,1.0,2005,4,0.6048693827267605,0.9938211878758693,0.9432081730478108
00-0023512,2005,RB,77,3,22.0,0.0,0.0,1.0,2005,4,0.5985041976328993,0.9785693167919165,1.0503918120153397
00-0023518,2005,WR,83,3,22.0,1.0,2.0,1.0,2005,4,0.49102132752813576,0.9395832118020353,0.9469761440439397
nogsis:2005:85,2005,QB,85,3,,0.0,0.0,0.0,2005,4,0.45284844464013296,0.9650367497096467,0.9776536789612
00-0023521,2005,TE,86,3,23.0,0.0,0.0,1.0,2005,4,0.3563524633892144,0.9742731676988721,0.6352927680748451
00-0023531,2005,WR,96,3,23.0,1.0,1.0,1.0,2005,4,0.4402408820365794,0.9532132036789905,0.7886846122513749
nogsis:2005:101,2005,RB,101,3,,0.0,0.0,0.0,2005,4,0.5206744024680121,0.9740331532467965,0.888175126002774
00-0023541,2005,QB,106,4,22.0,1.0,2.0,1.0,2005,4,0.36369170640782206,0.9050173041608043,0.7604754286153728
00-0023544,2005,RB,109,4,22.0,1.0,4.0,1.0,2005,4,0.44538353889419824,0.9545589963307928,0.6574585965165833
00-0023545,2005,RB,110,4,23.0,1.0,3.0,1.0,2005,4,0.4398221741221096,0.9690831380622784,0.6215928400082661
00-0023547,2005,RB,112,4,22.0,0.0,0.0,1.0,2005,4,0.4375742036656226,0.9536977459810311,0.6450490596165149
00-0023549,2005,WR,114,4,22.0,0.0,0.0,1.0,2005,4,0.33879587297963787,0.8722874960084076,0.5926697545024888
00-0023551,2005,WR,116,4,22.0,0.0,0.0,1.0,2005,4,0.3336642247666378,0.8704553225968198,0.5848042956125947
nogsis:2005:118,2005,WR,118,4,,0.0,0.0,0.0,2005,4,0.3286584019309951,0.8686327149426764,0.5771592760403159
nogsis:2005:120,2005,RB,120,4,,0.0,0.0,0.0,2005,4,0.4178772134875802,0.951438852339729,0.614432612985478
nogsis:2005:121,2005,QB,121,4,,0.0,0.0,0.0,2005,4,0.3379299456187038,0.9296826475182103,0.6624059990183981
00-0023561,2005,RB,127,4,23.0,0.0,0.0,1.0,2005,4,0.39902744763102926,0.9658053534374469,0.5616749129397305
00-0023564,2005,RB,130,4,22.0,1.0,1.0,1.0,2005,4,0.3953533426302924,0.9486871781706319,0.5805314350756944
nogsis:2005:131,2005,WR,131,4,,0.0,0.0,0.0,2005,4,0.2989221112187198,0.857011865819132,0.532244190723329
00-0023570,2005,WR,136,4,24.0,1.0,1.0,1.0,2005,4,0.28379016957604697,0.9288495001353205,0.4275424455453099
00-0023574,2005,WR,140,5,22.0,0.0,0.0,0.0,2005,4,0.23985963555300285,0.7691814611802336,0.39772789111575113
00-0023576,2005,RB,142,5,23.0,0.0,0.0,1.0,2005,4,0.3201866845036253,0.9390855858730358,0.4064334159517736
00-0023577,2005,TE,144,5,23.0,0.0,0.0,0.0,2005,4,0.15674591246040062,0.8950237885268043,0.23927155062873612
00-0023578,2005,QB,145,5,22.0,1.0,1.0,1.0,2005,4,0.26653885012210626,0.8237667562411494,0.5159006690734312
nogsis:2005:152,2005,QB,152,5,,0.0,0.0,0.0,2005,4,0.25726783123272595,0.8722136953392277,0.4582542077070889
nogsis:2005:155,2005,WR,155,5,,0.0,0.0,0.0,2005,4,0.21618870648028324,0.7517612619423492,0.3652953132165041
00-0023607,2005,WR,174,5,24.0,0.0,0.0,1.0,2005,4,0.1877539236351663,0.8597254382358933,0.2696885392452662
00-0023612,2005,TE,179,6,24.0,1.0,2.0,1.0,2005,4,0.10079516769827059,0.8628141298007983,0.14009084170515917
00-0023615,2005,RB,182,6,23.0,0.0,0.0,1.0,2005,4,0.22173505520651526,0.8840156429678666,0.267988224888905
00-0023618,2005,WR,185,6,23.0,0.0,0.0,1.0,2005,4,0.148426856495246,0.6950887362465411,0.22647793405937988
00-0023623,2005,WR,190,6,23.0,0.0,0.0,1.0,2005,4,0.14402536252048628,0.6897504315507244,0.22105292419072275
00-0023625,2005,WR,192,6,21.0,0.0,0.0,1.0,2005,4,0.145254520742309,0.49386141822206026,0.27514172915799917
nogsis:2005:195,2005,WR,195,6,,0.0,0.0,0.0,2005,4,0.14127941165633806,0.5909042892146461,0.24142139455414957
nogsis:2005:196,2005,TE,196,6,,0.0,0.0,0.0,2005,4,0.09165492589536713,0.7948218381099033,0.1418875071993717
00-0023630,2005,TE,198,6,23.0,0.0,0.0,1.0,2005,4,0.09057018818172706,0.7933986547945383,0.1404312797210353
00-0023634,2005,RB,201,6,24.0,0.0,0.0,1.0,2005,4,0.20047860562278266,0.9141884706454729,0.24274873492888888
00-0023645,2005,QB,213,6,22.0,1.0,2.0,1.0,2005,4,0.17951175642790798,0.6872335775463071,0.3358605330872453
nogsis:2005:221,2005,RB,221,7,,0.0,0.0,0.0,2005,4,0.15665306175462504,0.7229063366505225,0.19131869252603126
00-0023655,2005,WR,223,7,22.0,0.0,0.0,1.0,2005,4,0.10017698337239038,0.4297311968461537,0.17765402335541405
00-0023657,2005,WR,225,7,23.0,0.0,0.0,1.0,2005,4,0.0980612910874183,0.5288411995261051,0.15654123074260484
00-0023658,2005,WR,226,7,23.0,0.0,0.0,1.0,2005,4,0.09754395675218609,0.5278025060275315,0.15588425972103492
nogsis:2005:229,2005,QB,229,7,,0.0,0.0,0.0,2005,4,0.1418348951649212,0.6516111746262266,0.22770181335384215
00-0023662,2005,QB,230,7,23.0,1.0,1.0,1.0,2005,4,0.1414295823833453,0.6510185082940951,0.22720241014052023
00-0023668,2005,RB,236,7,23.0,0.0,0.0,0.0,2005,4,0.14531388707363763,0.788875694831888,0.17669928883271308
00-0023672,2005,WR,240,7,23.0,0.0,0.0,1.0,2005,4,0.09076906565175509,0.5137046191070515,0.14723661501861737
nogsis:2005:243,2005,RB,243,7,,0.0,0.0,0.0,2005,4,0.14257749084697607,0.7089197991146609,0.176040639343686
00-0023676,2005,RB,244,7,23.0,0.0,0.0,1.0,2005,4,0.14055047788058175,0.7848234906929309,0.1716576156437804
00-0023680,2005,TE,248,7,22.0,0.0,0.0,0.0,2005,4,0.05740617272257894,0.5550528034893737,0.10430486101822237
00-0023679,2005,TE,249,7,22.0,0.0,0.0,1.0,2005,4,0.057125866265486984,0.554200531440049,0.10386627304097572
00-0023682,2005,QB,250,7,22.0,1.0,1.0,1.0,2005,4,0.13524302614467773,0.541590493236293,0.24355291345947108
nogsis:2005:253,2005,WR,253,7,,0.0,0.0,0.0,2005,4,0.08610621760129335,0.40093230545322994,0.1579277522480236
nogsis:2005:255,2005,TE,255,7,,0.0,0.0,0.0,2005,4,0.05487355986060175,0.6465881447718602,0.08982520932787268
00-0023436,2005,QB,1,1,21.0,1.0,2.0,1.0,2005,5,0.9655574185611668,0.9980590373596849,4.4101653148578
00-0023437,2005,RB,2,1,23.0,1.0,5.0,1.0,2005,5,0.9915001256446256,0.9993086956347312,4.560255138776835
00-0023438,2005,WR,3,1,22.0,1.0,5.0,1.0,2005,5,0.9804428864578455,0.9983716252489591,4.488659812199698
00-0023439,2005,RB,4,1,22.0,1.0,4.0,1.0,2005,5,0.9849462608058692,0.9987788540115429,4.353571531627706
00-0023440,2005,RB,5,1,23.0,1.0,3.0,1.0,2005,5,0.9760242034891683,0.9987387532108298,4.085689318977924
00-0023442,2005,WR,7,1,22.0,0.0,0.0,1.0,2005,5,0.9501237182824221,0.9964377631891969,4.014156170389309
00-0023452,2005,WR,10,1,21.0,0.0,0.0,1.0,2005,5,0.940356324442113,0.9944546733780826,3.9186295526913755
00-0023456,2005,WR,21,1,22.0,1.0,3.0,1.0,2005,5,0.8445428752530549,0.9902074447808454,2.966871693162279
00-0023457,2005,WR,22,1,23.0,1.0,4.0,1.0,2005,5,0.8055187337358233,0.9908736611227302,2.6672170078780493
00-0023459,2005,QB,24,1,21.0,1.0,2.0,1.0,2005,5,0.7868196712358937,0.9903913944587035,2.573260831711121
00-0023460,2005,QB,25,1,23.0,1.0,4.0,1.0,2005,5,0.6992058852693362,0.9921800688515647,2.164112869789874
00-0023462,2005,WR,27,1,23.0,1.0,3.0,1.0,2005,5,0.7662532217396872,0.9889885508727795,2.437625699110159
00-0023465,2005,TE,30,1,22.0,1.0,5.0,1.0,2005,5,0.7942142352421732,0.993219012504751,2.2640499285968114
00-0023470,2005,WR,35,2,24.0,1.0,3.0,1.0,2005,5,0.6188377143615533,0.9807361673362591,1.71005817072473
00-0023474,2005,WR,39,2,23.0,0.0,0.0,1.0,2005,5,0.6408801189057209,0.9762383421723902,1.7834599904346162
00-0023479,2005,RB,44,2,22.0,0.0,0.0,1.0,2005,5,0.7751943682625356,0.9908987433090376,1.843912938701949
00-0023489,2005,RB,54,2,22.0,0.0,0.0,1.0,2005,5,0.7315674219286035,0.9896019545077177,1.6424952274237283
00-0023490,2005,WR,55,2,23.0,0.0,0.0,1.0,2005,5,0.5465144201415503,0.9676182072017595,1.445832381508488
00-0023493,2005,WR,58,2,22.0,0.0,0.0,1.0,2005,5,0.5851847405083302,0.9620879307041648,1.5764276650248124
00-0023496,2005,WR,61,2,22.0,1.0,4.0,1.0,2005,5,0.5711395561106076,0.9603470201681081,1.5271764737295448
00-0023500,2005,RB,65,3,22.0,1.0,5.0,1.0,2005,5,0.6459846828069328,0.9818785286421159,1.26677186391748
00-0023502,2005,QB,67,3,24.0,1.0,1.0,1.0,2005,5,0.40616184729727683,0.972770042743608,1.090033918683843
00-0023503,2005,WR,68,3,22.0,0.0,0.0,1.0,2005,5,0.4935746308396767,0.9337007963275219,1.2192727260153866
00-0023504,2005,QB,69,3,23.0,0.0,0.0,1.0,2005,5,0.45500408443484053,0.9691337400640053,1.2028398155383184
00-0023506,2005,TE,71,3,23.0,1.0,2.0,1.0,2005,5,0.4610795363763638,0.9721244793076128,0.9179110657332591
00-0023508,2005,RB,73,3,25.0,0.0,0.0,1.0,2005,5,0.4535428906089084,0.9860575774062531,0.6797406945784692
00-0023512,2005,RB,77,3,22.0,0.0,0.0,1.0,2005,5,0.6003182514216794,0.979788626068814,1.1342608114043657
00-0023518,2005,WR,83,3,22.0,1.0,2.0,1.0,2005,5,0.43700105867574185,0.9213158535082654,1.06010050677986
nogsis:2005:85,2005,QB,85,3,,0.0,0.0,0.0,2005,5,0.42225569050553774,0.9658179557932518,1.1179164791663825
00-0023521,2005,TE,86,3,23.0,0.0,0.0,1.0,2005,5,0.4112206756809632,0.967813958092982,0.8041349020700638
00-0023531,2005,WR,96,3,23.0,1.0,1.0,1.0,2005,5,0.3457753790702204,0.9198132168963175,0.831347493309673
nogsis:2005:101,2005,RB,101,3,,0.0,0.0,0.0,2005,5,0.4692710224384122,0.9784817292304958,0.7663778264599248
00-0023541,2005,QB,106,4,22.0,1.0,3.0,1.0,2005,5,0.39547022671317406,0.9354668510527612,0.9946721490234346
00-0023544,2005,RB,109,4,22.0,1.0,5.0,1.0,2005,5,0.4549613571816135,0.9612565177296675,0.7576012259668564
00-0023545,2005,RB,110,4,23.0,1.0,4.0,1.0,2005,5,0.39908350043706103,0.9650916255783917,0.5979653891212462
00-0023547,2005,RB,112,4,22.0,0.0,0.0,1.0,2005,5,0.4472376770680109,0.9605868620850178,0.7427753308917573
00-0023549,2005,WR,114,4,22.0,0.0,0.0,1.0,2005,5,0.3091895468989071,0.8487584071716442,0.7095958485721691
00-0023551,2005,WR,116,4,22.0,0.0,0.0,1.0,2005,5,0.3049634646146026,0.8466790546016607,0.700171486637124
nogsis:2005:118,2005,WR,118,4,,0.0,0.0,0.0,2005,5,0.3008414064288445,0.8446124912754454,0.6910183557791935
nogsis:2005:120,2005,RB,120,4,,0.0,0.0,0.0,2005,5,0.3753687568816417,0.9631141770879704,0.5585375814852945
nogsis:2005:121,2005,QB,121,4,,0.0,0.0,0.0,2005,5,0.32586164061879286,0.9382632204030205,0.8246800044371164
00-0023561,2005,RB,127,4,23.0,0.0,0.0,1.0,2005,5,0.36022452616474226,0.9617681894515048,0.5341466320683106
00-0023564,2005,RB,130,4,22.0,1.0,2.0,1.0,2005,5,0.40538793843636894,0.9567089918155537,0.6657268327671373
nogsis:2005:131,2005,WR,131,4,,0.0,0.0,0.0,2005,5,0.2763482494215242,0.8314808604879921,0.6373819074664313
00-0023570,2005,WR,136,4,24.0,1.0,1.0,1.0,2005,5,0.19127870714310774,0.8569148633817024,0.4703222886244638
00-0023574,2005,WR,140,5,22.0,0.0,0.0,0.0,2005,5,0.2267641581392545,0.7489617532189181,0.5120885221927433
00-0023576,2005,RB,142,5,23.0,0.0,0.0,1.0,2005,5,0.2909453260461777,0.9376282181510296,0.40852678117098606
00-0023577,2005,TE,144,5,23.0,0.0,0.0,0.0,2005,5,0.2173886092594292,0.8930033556468476,0.3806715647787975
00-0023578,2005,QB,145,5,22.0,1.0,1.0,1.0,2005,5,0.3073798907919798,0.8883396491684245,0.7516333898043186
nogsis:2005:152,2005,QB,152,5,,0.0,0.0,0.0,2005,5,0.2571900321907891,0.8969943467662254,0.6324391257038657
nogsis:2005:155,2005,WR,155,5,,0.0,0.0,0.0,2005,5,0.20703192481034235,0.730825361053952,0.47192208074997355
00-0023607,2005,WR,174,5,24.0,0.0,0.0,1.0,2005,5,0.12883960364603528,0.7540170050421448,0.3201130922264619
00-0023612,2005,TE,179,6,24.0,1.0,2.0,1.0,2005,5,0.12813016301171729,0.8356498316245824,0.22341449143686648
00-0023615,2005,RB,182,6,23.0,0.0,0.0,1.0,2005,5,0.20357880703818074,0.8914552156835348,0.281110111985164
00-0023618,2005,WR,185,6,23.0,0.0,0.0,1.0,2005,5,0.12441613419940344,0.6242495390906501,0.29233856456668894
00-0023623,2005,WR,190,6,23.0,0.0,0.0,1.0,2005,5,0.12113620564334705,0.6184384511542879,0.2858163496508372
00-0023625,2005,WR,192,6,21.0,0.0,0.0,1.0,2005,5,0.17402363897873582,0.5608950190846648,0.41447912515524554
nogsis:2005:195,2005,WR,195,6,,0.0,0.0,0.0,2005,5,0.14267721109264708,0.5853200258903791,0.33311366354071603
nogsis:2005:196,2005,TE,196,6,,0.0,0.0,0.0,2005,5,0.14239948219142087,0.8087376058166298,0.2541629892737327
00-0023630,2005,TE,198,6,23.0,0.0,0.0,1.0,2005,5,0.14109187941008497,0.807520191715391,0.25219462040132645
00-0023634,2005,RB,201,6,24.0,0.0,0.0,1.0,2005,5,0.15494815612606988,0.8961058932819993,0.1972820201046446
00-0023645,2005,QB,213,6,22.0,1.0,2.0,1.0,2005,5,0.223413395118831,0.8081260123332681,0.5513967808166965
nogsis:2005:221,2005,RB,221,7,,0.0,0.0,0.0,2005,5,0.14488631039155328,0.8229740637125575,0.20387008553646477
00-0023655,2005,WR,223,7,22.0,0.0,0.0,1.0,2005,5,0.1057791303379828,0.4449363030839394,0.25543743788998685
00-0023657,2005,WR,225,7,23.0,0.0,0.0,1.0,2005,5,0.08604232677956887,0.4712305134413442,0.21026872145209033
00-0023658,2005,WR,226,7,23.0,0.0,0.0,1.0,2005,5,0.08564490643873666,0.47020723329241615,0.2094668784334658
nogsis:2005:229,2005,QB,229,7,,0.0,0.0,0.0,2005,5,0.1546760769758113,0.7453435259621495,0.38439798517092016
00-0023662,2005,QB,230,7,23.0,1.0,2.0,1.0,2005,5,0.1543129504995799,0.7449250513497795,0.383653339640058
00-0023668,2005,RB,236,7,23.0,0.0,0.0,0.0,2005,5,0.13578695082411724,0.8166022824707102,0.1925943048237289
00-0023672,2005,WR,240,7,23.0,0.0,0.0,1.0,2005,5,0.08042043581210326,0.4563665010316321,0.19889832634819854
nogsis:2005:243,2005,RB,243,7,,0.0,0.0,0.0,2005,5,0.13189413312574805,0.8137095069635303,0.18777323072076346
00-0023676,2005,RB,244,7,23.0,0.0,0.0,1.0,2005,5,0.13135483727916977,0.81330026378643,0.18710538078166983
00-0023680,2005,TE,248,7,22.0,0.0,0.0,0.0,2005,5,0.11767522028989989,0.669094631136668,0.2354574051083882
00-0023679,2005,TE,249,7,22.0,0.0,0.0,1.0,2005,5,0.11723358339236069,0.66840522424432,0.23478567842151576
00-0023682,2005,QB,250,7,22.0,1.0,2.0,1.0,2005,5,0.17708630640446185,0.7140922418573791,0.4461003758451732
nogsis:2005:253,2005,WR,253,7,,0.0,0.0,0.0,2005,5,0.09289900452021728,0.41628291865438116,0.2296955418664447
nogsis:2005:255,2005,TE,255,7,,0.0,0.0,0.0,2005,5,0.09429802125022907,0.6892858593784085,0.17850738589392648
00-0024217,2006,RB,2,1,21.0,1.0,1.0,1.0,2006,1,0.8449421331435245,0.994605071704726,0.8449421331435245
00-0024218,2006,QB,3,1,23.0,1.0,1.0,1.0,2006,1,0.5753061006279241,0.9558660976204618,0.5753061006279241
00-0024221,2006,TE,6,1,22.0,0.0,0.0,1.0,2006,1,0.5171597558444039,0.990291053012021,0.5171597558444039
00-0024225,2006,QB,10,1,23.0,1.0,1.0,1.0,2006,1,0.45243128343562217,0.911192155401129,0.45243128343562217
00-0024226,2006,QB,11,1,23.0,1.0,1.0,1.0,2006,1,0.44275482090230867,0.9062883694190551,0.44275482090230867
00-0024236,2006,RB,21,1,21.0,1.0,1.0,1.0,2006,1,0.6754585814617339,0.9470623873615825,0.6754585814617339
00-0024240,2006,WR,25,1,22.0,1.0,1.0,1.0,2006,1,0.4751782698764408,0.9655176266090522,0.4751782698764408
00-0024242,2006,RB,27,1,23.0,1.0,1.0,1.0,2006,1,0.5918911205200732,0.9600457063776305,0.5918911205200732
00-0024243,2006,TE,28,1,22.0,0.0,0.0,1.0,2006,1,0.3772755781511519,0.9597623974131694,0.3772755781511519
00-0024245,2006,RB,30,1,23.0,1.0,1.0,1.0,2006,1,0.5814336297197377,0.9558380073467617,0.5814336297197377
00-0024251,2006,WR,36,2,21.0,0.0,0.0,1.0,2006,1,0.3316524559354139,0.9206958935241997,0.3316524559354139
00-0024259,2006,WR,44,2,22.0,0.0,0.0,1.0,2006,1,0.2748076741888282,0.9238625698403267,0.2748076741888282
00-0024260,2006,RB,45,2,21.0,0.0,0.0,1.0,2006,1,0.4864478018649529,0.8737145901082524,0.4864478018649529
00-0024261,2006,TE,46,2,22.0,0.0,0.0,1.0,2006,1,0.23866946794263863,0.9248141996203493,0.23866946794263863
00-0024264,2006,QB,49,2,23.0,0.0,0.0,1.0,2006,1,0.211039560608707,0.7591678272596608,0.211039560608707
00-0024267,2006,WR,52,2,22.0,1.0,1.0,1.0,2006,1,0.25212397649607476,0.9093928267836643,0.25212397649607476
00-0024268,2006,TE,53,2,22.0,0.0,0.0,1.0,2006,1,0.2292796779635865,0.9149799240537527,0.2292796779635865
00-0024275,2006,RB,60,2,21.0,1.0,1.0,1.0,2006,1,0.457110833428925,0.8387314957775269,0.457110833428925
00-0024276,2006,TE,61,2,23.0,0.0,0.0,1.0,2006,1,0.19884284427242674,0.9252254337198093,0.19884284427242674
00-0024279,2006,QB,64,2,23.0,0.0,0.0,1.0,2006,1,0.19335837010386286,0.7275841638601259,0.19335837010386286
00-0024287,2006,TE,72,3,22.0,0.0,0.0,1.0,2006,1,0.1417365989456308,0.8691021285478844,0.1417365989456308
00-0024289,2006,RB,74,3,22.0,0.0,0.0,1.0,2006,1,0.2968763340060127,0.8203835076733976,0.2968763340060127
00-0024293,2006,WR,78,3,22.0,0.0,0.0,1.0,2006,1,0.13629536201887127,0.8391132522520663,0.13629536201887127
00-0024294,2006,RB,79,3,23.0,0.0,0.0,1.0,2006,1,0.2653898844812374,0.8489307111073673,0.2653898844812374
00-0024296,2006,QB,81,3,24.0,0.0,0.0,1.0,2006,1,0.10626654909504521,0.7138995805914433,0.10626654909504521
00-0024297,2006,WR,82,3,21.0,0.0,0.0,1.0,2006,1,0.14776260459546048,0.7896270132976125,0.14776260459546048
00-0024299,2006,WR,84,3,22.0,0.0,0.0,1.0,2006,1,0.13030237308638426,0.8274205848078535,0.13030237308638426
00-0024300,2006,QB,85,3,23.0,0.0,0.0,1.0,2006,1,0.11710962210630878,0.6484733774986132,0.11710962210630878
00-0024301,2006,TE,86,3,23.0,0.0,0.0,1.0,2006,1,0.11964222071705657,0.8805441551061054,0.11964222071705657
00-0024305,2006,WR,90,3,21.0,0.0,0.0,1.0,2006,1,0.13974269394971753,0.7715218633252818,0.13974269394971753
00-0024308,2006,TE,93,3,22.0,0.0,0.0,1.0,2006,1,0.13060640746126492,0.8391108254577236,0.13060640746126492
00-0024310,2006,WR,95,3,23.0,0.0,0.0,1.0,2006,1,0.10778206727168058,0.8455095995334175,0.10778206727168058
00-0024313,2006,TE,98,4,23.0,1.0,1.0,1.0,2006,1,0.07451132916883119,0.8429583669288169,0.07451132916883119
00-0024315,2006,WR,100,4,23.0,0.0,0.0,0.0,2006,1,0.06756297241694147,0.8096227762270211,0.06756297241694147
00-0024318,2006,QB,103,4,22.0,0.0,0.0,1.0,2006,1,0.07980226146107124,0.5067535187156793,0.07980226146107124
nogsis:2006:104,2006,WR,104,4,,0.0,0.0,0.0,2006,1,0.07425872556949487,0.7559961100467549,0.07425872556949487
00-0024324,2006,WR,109,4,23.0,0.0,0.0,1.0,2006,1,0.06385995330867236,0.7940740236158726,0.06385995330867236
00-0024326,2006,WR,111,4,23.0,0.0,0.0,1.0,2006,1,0.06310319908482043,0.7906758599790484,0.06310319908482043
00-0024332,2006,RB,117,4,24.0,1.0,1.0,1.0,2006,1,0.14389765851946845,0.8045250611682648,0.14389765851946845
00-0024334,2006,WR,119,4,22.0,0.0,0.0,1.0,2006,1,0.06802930395531359,0.7266696630897471,0.06802930395531359
00-0024340,2006,WR,125,4,21.0,0.0,0.0,1.0,2006,1,0.07428617732685167,0.6569555374008746,0.07428617732685167
00-0024345,2006,WR,130,4,21.0,0.0,0.0,0.0,2006,1,0.07241991541521736,0.6468451056511504,0.07241991541521736
00-0024346,2006,RB,132,4,23.0,0.0,0.0,0.0,2006,1,0.15400807259063296,0.7355566686823474,0.15400807259063296
00-0024358,2006,WR,144,5,23.0,0.0,0.0,0.0,2006,1,0.033723561413023864,0.6983256560052814,0.033723561413023864
00-0024359,2006,RB,145,5,23.0,0.0,0.0,1.0,2006,1,0.09821766282678708,0.6760859105934233,0.09821766282678708
00-0024362,2006,QB,148,5,24.0,0.0,0.0,1.0,2006,1,0.03464190661606564,0.5380291515096812,0.03464190661606564
00-0024364,2006,TE,150,5,23.0,0.0,0.0,0.0,2006,1,0.04101042947594233,0.747421682267156,0.04101042947594233
00-0024369,2006,TE,155,5,23.0,0.0,0.0,1.0,2006,1,0.04053607521894357,0.7415381008223279,0.04053607521894357
00-0024377,2006,RB,163,5,23.0,0.0,0.0,0.0,2006,1,0.09405613214981,0.6501634971134833,0.09405613214981
nogsis:2006:164,2006,QB,164,5,,0.0,0.0,0.0,2006,1,0.0376723659150376,0.4542675364246003,0.0376723659150376
00-0024380,2006,TE,166,5,24.0,0.0,0.0,1.0,2006,1,0.03493512452255881,0.7792768772215869,0.03493512452255881
nogsis:2006:167,2006,TE,167,5,,0.0,0.0,0.0,2006,1,0.03947681596580107,0.7278297308270402,0.03947681596580107
00-0024384,2006,RB,170,6,22.0,1.0,1.0,1.0,2006,1,0.06733469550262242,0.5279499724162403,0.06733469550262242
00-0024385,2006,WR,171,6,23.0,0.0,0.0,0.0,2006,1,0.018876235115578475,0.6106710215299257,0.018876235115578475
nogsis:2006:172,2006,WR,172,6,,0.0,0.0,0.0,2006,1,0.021337569975430813,0.5427346949750245,0.021337569975430813
00-0024389,2006,WR,175,6,22.0,0.0,0.0,1.0,2006,1,0.021086241118547247,0.5378556870953448,0.021086241118547247
00-0024398,2006,WR,184,6,23.0,0.0,0.0,1.0,2006,1,0.01794931210125619,0.5907081969871283,0.01794931210125619
00-0024404,2006,WR,190,6,24.0,0.0,0.0,1.0,2006,1,0.01546309706196663,0.6462493200906457,0.01546309706196663
00-0024407,2006,QB,193,6,22.0,0.0,0.0,1.0,2006,1,0.02524983060415226,0.32068858739603756,0.02524983060415226
00-0024408,2006,QB,194,6,23.0,1.0,1.0,1.0,2006,1,0.022212363688287707,0.3818594264467099,0.022212363688287707
00-0024409,2006,RB,195,6,22.0,0.0,0.0,0.0,2006,1,0.06389231336373116,0.4939525163653746,0.06389231336373116
nogsis:2006:202,2006,TE,202,6,,0.0,0.0,0.0,2006,1,0.023262440439391036,0.6479824603467387,0.023262440439391036
00-0024423,2006,WR,209,7,23.0,0.0,0.0,0.0,2006,1,0.010287213161544998,0.5070467529116855,0.010287213161544998
00-0024432,2006,WR,218,7,23.0,0.0,0.0,0.0,2006,1,0.009991003866175263,0.4950733226532219,0.009991003866175263
nogsis:2006:223,2006,QB,223,7,,0.0,0.0,0.0,2006,1,0.013163159975968322,0.31819304793692554,0.013163159975968322
nogsis:2006:231,2006,WR,231,7,,0.0,0.0,0.0,2006,1,0.010906609840989309,0.41152557344102497,0.010906609840989309
00-0024447,2006,WR,233,7,22.0,0.0,0.0,0.0,2006,1,0.010841696078390818,0.4091559363039368,0.010841696078390818
nogsis:2006:240,2006,RB,240,7,,0.0,0.0,0.0,2006,1,0.03312062998671885,0.4620733635931833,0.03312062998671885
00-0024458,2006,TE,244,7,24.0,0.0,0.0,1.0,2006,1,0.011989726926566727,0.6248472966891211,0.011989726926566727
00-0024460,2006,RB,246,7,22.0,0.0,0.0,1.0,2006,1,0.03715245381543301,0.38968249189674914,0.03715245381543301
00-0024463,2006,WR,249,7,22.0,0.0,0.0,0.0,2006,1,0.010354247628642893,0.3910489780888072,0.010354247628642893
00-0024465,2006,WR,251,7,23.0,0.0,0.0,1.0,2006,1,0.009060668140308394,0.45516062260365303,0.009060668140308394
00-0024466,2006,WR,252,7,23.0,1.0,1.0,1.0,2006,1,0.009035709388185957,0.4540406706417116,0.009035709388185957
nogsis:2006:255,2006,WR,255,7,,0.0,0.0,0.0,2006,1,0.01018482337284811,0.38462694334163755,0.01018482337284811
00-0024217,2006,RB,2,1,21.0,1.0,2.0,1.0,2006,2,0.9852148353484343,0.9997218301272005,1.8090004584499038
00-0024218,2006,QB,3,1,23.0,1.0,2.0,1.0,2006,2,0.8402139783849485,0.9989833291360866,1.474138934868539
00-0024221,2006,TE,6,1,22.0,1.0,1.0,1.0,2006,2,0.8511958348723071,0.9987008099760912,1.2983764581497628
00-0024225,2006,QB,10,1,23.0,1.0,1.0,1.0,2006,2,0.7732957805130386,0.9959942901355693,1.2509102189195354
00-0024226,2006,QB,11,1,23.0,1.0,2.0,1.0,2006,2,0.767233114980839,0.9955360001739737,1.2321845944749283
00-0024236,2006,RB,21,1,21.0,1.0,2.0,1.0,2006,2,0.921572843908474,0.992904765133214,1.5237351804174082
00-0024240,2006,WR,25,1,22.0,1.0,2.0,1.0,2006,2,0.7734547041965005,0.9916578589822868,1.1148841543645496
00-0024242,2006,RB,27,1,23.0,1.0,2.0,1.0,2006,2,0.8856663902628659,0.9952659953048826,1.3544507001802315
00-0024243,2006,TE,28,1,22.0,0.0,0.0,1.0,2006,2,0.693313225447425,0.9917478441390017,0.9818282607857511
00-0024245,2006,RB,30,1,23.0,1.0,2.0,1.0,2006,2,0.8775534555781868,0.9945289632398797,1.3333670759259886
00-0024251,2006,WR,36,2,21.0,0.0,0.0,1.0,2006,2,0.625692880055596,0.9730072015654958,0.8323561498418688
00-0024259,2006,WR,44,2,22.0,0.0,0.0,1.0,2006,2,0.5669171867970837,0.9758710750985967,0.7140147954981857
00-0024260,2006,RB,45,2,21.0,1.0,1.0,1.0,2006,2,0.7868271971426852,0.9720435033185097,1.1444515021551032
00-0024261,2006,TE,46,2,22.0,0.0,0.0,1.0,2006,2,0.48024309277534055,0.9791745907056995,0.6348211453024339
00-0024264,2006,QB,49,2,23.0,1.0,1.0,1.0,2006,2,0.5150383290225138,0.9664855543840309,0.7046942449172653
00-0024267,2006,WR,52,2,22.0,1.0,2.0,1.0,2006,2,0.540408549137134,0.970168868733493,0.6757912931844718
00-0024268,2006,TE,53,2,22.0,0.0,0.0,1.0,2006,2,0.458983597621514,0.975395045453722,0.6061184640048175
00-0024275,2006,RB,60,2,21.0,1.0,2.0,1.0,2006,2,0.7490580928545181,0.9589733195686763,1.0790568213630933
00-0024276,2006,TE,61,2,23.0,1.0,1.0,1.0,2006,2,0.4098058897753606,0.9799153193696124,0.5238310342252748
00-0024279,2006,QB,64,2,23.0,1.0,1.0,1.0,2006,2,0.4910428114483795,0.9550782471881387,0.6597636138896412
00-0024287,2006,TE,72,3,22.0,0.0,0.0,1.0,2006,2,0.27996873104254083,0.9512187604691766,0.3598080127076223
00-0024289,2006,RB,74,3,22.0,0.0,0.0,1.0,2006,2,0.5566720086579053,0.9477819748004382,0.6993775847711807
00-0024293,2006,WR,78,3,22.0,0.0,0.0,1.0,2006,2,0.33314793603831155,0.9316539207935022,0.3932510405596476
00-0024294,2006,RB,79,3,23.0,1.0,1.0,1.0,2006,2,0.5159453916997966,0.9602815967380897,0.6201367671555585
00-0024296,2006,QB,81,3,24.0,0.0,0.0,1.0,2006,2,0.303292419850272,0.9439882328370609,0.3804058848659716
00-0024297,2006,WR,82,3,21.0,0.0,0.0,1.0,2006,2,0.3519469145870557,0.8975364545425687,0.4314579113605434
00-0024299,2006,WR,84,3,22.0,0.0,0.0,1.0,2006,2,0.3226586882661616,0.9252329393885004,0.3820923296581763
00-0024300,2006,QB,85,3,23.0,0.0,0.0,1.0,2006,2,0.32445219768521827,0.9162587469766978,0.41638324004158284
00-0024301,2006,TE,86,3,23.0,0.0,0.0,1.0,2006,2,0.23734201333854205,0.9582464367296202,0.29761314926004695
00-0024305,2006,WR,90,3,21.0,0.0,0.0,1.0,2006,2,0.33843345286296583,0.8858127469288994,0.4162841131040588
00-0024308,2006,TE,93,3,22.0,0.0,0.0,1.0,2006,2,0.24995428351654708,0.9347519081195221,0.3240403862528777
00-0024310,2006,WR,95,3,23.0,0.0,0.0,1.0,2006,2,0.2816623680137745,0.9388913218631731,0.32495867564113406
00-0024313,2006,TE,98,4,23.0,1.0,2.0,1.0,2006,2,0.13686570243430113,0.9331146672690845,0.17255390252082933
00-0024315,2006,WR,100,4,23.0,0.0,0.0,0.0,2006,2,0.17297047663693924,0.9109014028566298,0.1968920906596811
00-0024318,2006,QB,103,4,22.0,0.0,0.0,1.0,2006,2,0.21714750399300625,0.8109121485263971,0.2790662342617904
nogsis:2006:104,2006,WR,104,4,,0.0,0.0,0.0,2006,2,0.18628990732381537,0.8694995132144037,0.21950266513435723
00-0024324,2006,WR,109,4,23.0,0.0,0.0,1.0,2006,2,0.16519516859708636,0.9013425181799052,0.18979414076684592
00-0024326,2006,WR,111,4,23.0,0.0,0.0,1.0,2006,2,0.16359095742250418,0.8992123858995927,0.18833364140068276
00-0024332,2006,RB,117,4,24.0,1.0,2.0,1.0,2006,2,0.28146944497342896,0.9358271761714297,0.3174799299245643
00-0024334,2006,WR,119,4,22.0,1.0,1.0,1.0,2006,2,0.17352655511634785,0.8482213022172937,0.20725921354173787
00-0024340,2006,WR,125,4,21.0,0.0,0.0,1.0,2006,2,0.18590806389267356,0.7823744940249223,0.22992622665779167
00-0024345,2006,WR,130,4,21.0,0.0,0.0,1.0,2006,2,0.18212563055112765,0.7735341600195226,0.22613304508292553
00-0024346,2006,RB,132,4,23.0,0.0,0.0,0.0,2006,2,0.2868775159325786,0.8943882646466496,0.3432608051777933
00-0024358,2006,WR,144,5,23.0,0.0,0.0,1.0,2006,2,0.08359543122861458,0.8188272855957686,0.10012181044755708
00-0024359,2006,RB,145,5,23.0,0.0,0.0,1.0,2006,2,0.17143889611284713,0.8410806491856766,0.2082645351603898
00-0024362,2006,QB,148,5,24.0,0.0,0.0,1.0,2006,2,0.09626442678814899,0.8108797740863427,0.11618000409742256
00-0024364,2006,TE,150,5,23.0,0.0,0.0,1.0,2006,2,0.06334941958635187,0.8559859521718178,0.08439230357167385
00-0024369,2006,TE,155,5,23.0,1.0,1.0,1.0,2006,2,0.062186947748695154,0.8510477398144899,0.08308851315887464
00-0024377,2006,RB,163,5,23.0,0.0,0.0,0.0,2006,2,0.15951753126437113,0.8182838822909889,0.19835460582929393
nogsis:2006:164,2006,QB,164,5,,0.0,0.0,0.0,2006,2,0.10333281261928286,0.7234424083447772,0.12705975357550112
00-0024380,2006,TE,166,5,24.0,0.0,0.0,1.0,2006,2,0.05363961877431359,0.8846494298161315,0.06994243942326825
nogsis:2006:167,2006,TE,167,5,,0.0,0.0,0.0,2006,2,0.05961710196606184,0.8392977280855881,0.08019619741906059
00-0024384,2006,RB,170,6,22.0,1.0,1.0,1.0,2006,2,0.10222094377066683,0.674659259810316,0.1385294944245577
00-0024385,2006,WR,171,6,23.0,0.0,0.0,0.0,2006,2,0.04309116341672901,0.719855244453582,0.05407201020348709
nogsis:2006:172,2006,WR,172,6,,0.0,0.0,0.0,2006,2,0.047946980358734494,0.6362596171911762,0.06187929493156794
00-0024389,2006,WR,175,6,22.0,0.0,0.0,1.0,2006,2,0.04744254531855431,0.631021444416213,0.06137628825457521
00-0024398,2006,WR,184,6,23.0,0.0,0.0,1.0,2006,2,0.04119179343604235,0.700173721382447,0.052258076963868666
00-0024404,2006,WR,190,6,24.0,0.0,0.0,1.0,2006,2,0.036135591058428396,0.7655260848002041,0.04492449314391457
00-0024407,2006,QB,193,6,22.0,0.0,0.0,1.0,2006,2,0.06302085822212956,0.5145889852874198,0.07985249408001842
00-0024408,2006,QB,194,6,23.0,1.0,1.0,1.0,2006,2,0.05643032817628029,0.6057404380993143,0.069784822728424
00-0024409,2006,RB,195,6,22.0,0.0,0.0,0.0,2006,2,0.09329569983338959,0.6317996585055696,0.13054090102472968
nogsis:2006:202,2006,TE,202,6,,0.0,0.0,0.0,2006,2,0.030220217489775283,0.7471326276125152,0.043252100437667744
00-0024423,2006,WR,209,7,23.0,0.0,0.0,0.0,2006,2,0.021356269817297484,0.5845439228066063,0.028497311651839195
00-0024432,2006,WR,218,7,23.0,0.0,0.0,0.0,2006,2,0.020797581578119714,0.5711234301604977,0.027925419142617296
nogsis:2006:223,2006,QB,223,7,,0.0,0.0,0.0,2006,2,0.03040451395024482,0.48251084089193064,0.038234632000915675
nogsis:2006:231,2006,WR,231,7,,0.0,0.0,0.0,2006,2,0.022455806584634586,0.45856533198004323,0.0312555188022028
00-0024447,2006,WR,233,7,22.0,0.0,0.0,1.0,2006,2,0.022334581788077523,0.455773511716089,0.03112542424136489
nogsis:2006:240,2006,RB,240,7,,0.0,0.0,0.0,2006,2,0.04154938987557525,0.5719652954123093,0.06254845870660407
00-0024458,2006,TE,244,7,24.0,0.0,0.0,1.0,2006,2,0.013472324714270992,0.7093781257077502,0.020103090220844715
00-0024460,2006,RB,246,7,22.0,0.0,0.0,1.0,2006,2,0.04560553267405438,0.46974219260170463,0.07210902849903658
00-0024463,2006,WR,249,7,22.0,0.0,0.0,1.0,2006,2,0.02142186604140141,0.4343711578453671,0.03014430730058796
00-0024465,2006,WR,251,7,23.0,0.0,0.0,1.0,2006,2,0.01903164298026561,0.5255999894147901,0.026109565283800838
00-0024466,2006,WR,252,7,23.0,1.0,2.0,1.0,2006,2,0.018984022897514358,0.5243060266325378,0.026060407434556128
nogsis:2006:255,2006,WR,255,7,,0.0,0.0,0.0,2006,2,0.021103608846316284,0.42675305900747706,0.029801484258477964
00-0024217,2006,RB,2,1,21.0,1.0,3.0,1.0,2006,3,0.9910297528045663,0.999612133769101,2.7418185335818697
00-0024218,2006,QB,3,1,23.0,1.0,2.0,1.0,2006,3,0.9175329305468501,0.9991189220508079,2.2651527050075666
00-0024221,2006,TE,6,1,22.0,1.0,1.0,1.0,2006,3,0.9422846955423001,0.9984253451673172,2.3749244978153383
00-0024225,2006,QB,10,1,23.0,1.0,1.0,1.0,2006,3,0.8538328457510511,0.9975680358860289,1.973900241936914
00-0024226,2006,QB,11,1,23.0,1.0,3.0,1.0,2006,3,0.8473517235503777,0.9973647099065415,1.9489443754845062
00-0024236,2006,RB,21,1,21.0,1.0,2.0,1.0,2006,3,0.9214764873255797,0.9940711530218811,2.2298870025434905
00-0024240,2006,WR,25,1,22.0,1.0,3.0,1.0,2006,3,0.8386881439266688,0.9923298034370281,1.8429630540395299
00-0024242,2006,RB,27,1,23.0,1.0,3.0,1.0,2006,3,0.8810376838810536,0.9974942186293683,1.9355443126789313
00-0024243,2006,TE,28,1,22.0,1.0,1.0,1.0,2006,3,0.760584232339868,0.9933814729223703,1.7202764748104926
00-0024245,2006,RB,30,1,23.0,1.0,3.0,1.0,2006,3,0.8700976806360269,0.9971687692819343,1.8953770819698423
00-0024251,2006,WR,36,2,21.0,0.0,0.0,1.0,2006,3,0.7284226378051409,0.9687477976099012,1.470433428795918
00-0024259,2006,WR,44,2,22.0,0.0,0.0,1.0,2006,3,0.6647113513933213,0.9782977781998138,1.2689725995425958
00-0024260,2006,RB,45,2,21.0,1.0,2.0,1.0,2006,3,0.787920226353018,0.9771643192829454,1.625335288074303
00-0024261,2006,TE,46,2,22.0,0.0,0.0,1.0,2006,3,0.551068715686788,0.9831581486083963,1.1169191238425487
00-0024264,2006,QB,49,2,23.0,1.0,1.0,1.0,2006,3,0.6203732245885067,0.9851440771257217,1.2046864564441429
00-0024267,2006,WR,52,2,22.0,1.0,3.0,1.0,2006,3,0.6282138059645833,0.9743862986370888,1.2051296586223363
00-0024268,2006,TE,53,2,22.0,1.0,1.0,1.0,2006,3,0.5136140658758562,0.9808178385393055,1.0445061269940827
00-0024275,2006,RB,60,2,21.0,1.0,3.0,1.0,2006,3,0.7384838300022564,0.9683857139500623,1.5079277740399246
00-0024276,2006,TE,61,2,23.0,1.0,2.0,1.0,2006,3,0.44887137981578296,0.987645035436551,0.8677043868021372
00-0024279,2006,QB,64,2,23.0,1.0,2.0,1.0,2006,3,0.5861844825234679,0.9814549108203451,1.1365773851724181
00-0024287,2006,TE,72,3,22.0,0.0,0.0,1.0,2006,3,0.3330411335531505,0.9596062494421328,0.6217498054484427
00-0024289,2006,RB,74,3,22.0,0.0,0.0,1.0,2006,3,0.5755236272149031,0.9636202428195485,0.9579383043260756
00-0024293,2006,WR,78,3,22.0,0.0,0.0,1.0,2006,3,0.428819362319321,0.9397304067782419,0.7568718976546094
00-0024294,2006,RB,79,3,23.0,1.0,2.0,1.0,2006,3,0.5328920288200203,0.9776660846572784,0.8285336390868503
00-0024296,2006,QB,81,3,24.0,0.0,0.0,1.0,2006,3,0.42273888057175885,0.9795327531634587,0.6825992347821296
00-0024297,2006,WR,82,3,21.0,0.0,0.0,1.0,2006,3,0.44418575511084407,0.8926020897564486,0.8396253728389799
00-0024299,2006,WR,84,3,22.0,0.0,0.0,1.0,2006,3,0.41155048170640773,0.9353223255556482,0.735553039614866
00-0024300,2006,QB,85,3,23.0,0.0,0.0,1.0,2006,3,0.443487934191814,0.9626437044328695,0.7660805954934904
00-0024301,2006,TE,86,3,23.0,0.0,0.0,1.0,2006,3,0.27020433577579644,0.9728804273117184,0.48435290110495693
00-0024305,2006,WR,90,3,21.0,0.0,0.0,1.0,2006,3,0.422324305847397,0.8831934082577401,0.8111998082861944
00-0024308,2006,TE,93,3,22.0,0.0,0.0,1.0,2006,3,0.2755944500196475,0.9492351811830445,0.5308196676741419
00-0024310,2006,WR,95,3,23.0,0.0,0.0,1.0,2006,3,0.3576467725086365,0.9579045638238498,0.6155706310042668
00-0024313,2006,TE,98,4,23.0,1.0,3.0,1.0,2006,3,0.17425599346692483,0.9515631067684793,0.28869260381034867
00-0024315,2006,WR,100,4,23.0,0.0,0.0,0.0,2006,3,0.2576856047725359,0.9303912884481859,0.40187343244561735
00-0024318,2006,QB,103,4,22.0,0.0,0.0,1.0,2006,3,0.3445990355285487,0.883769042760105,0.568212961574664
nogsis:2006:104,2006,WR,104,4,,0.0,0.0,0.0,2006,3,0.2718546729800703,0.8780949425735108,0.45575821319758625
00-0024324,2006,WR,109,4,23.0,0.0,0.0,1.0,2006,3,0.24223446627487083,0.9245029775255118,0.3866922767750788
00-0024326,2006,WR,111,4,23.0,0.0,0.0,1.0,2006,3,0.2390562408782874,0.9232035040742116,0.38355772306556335
00-0024332,2006,RB,117,4,24.0,1.0,3.0,1.0,2006,3,0.3150890901329973,0.9683562184198562,0.4124762748828982
00-0024334,2006,WR,119,4,22.0,1.0,2.0,1.0,2006,3,0.24710459319833333,0.8626682016583299,0.4297590213794639
00-0024340,2006,WR,125,4,21.0,0.0,0.0,1.0,2006,3,0.25906160168510073,0.7701747815331942,0.4853840170805279
00-0024345,2006,WR,130,4,21.0,1.0,1.0,1.0,2006,3,0.25192551268575364,0.7630459461039594,0.4773502496396938
00-0024346,2006,RB,132,4,23.0,0.0,0.0,0.0,2006,3,0.3140729211390135,0.9371753103914011,0.45089197755402366
00-0024358,2006,WR,144,5,23.0,0.0,0.0,1.0,2006,3,0.13821269176377435,0.8509756276243813,0.2185568302017504
00-0024359,2006,RB,145,5,23.0,0.0,0.0,1.0,2006,3,0.21516082680711765,0.8921972721284784,0.2811163124766469
00-0024362,2006,QB,148,5,24.0,0.0,0.0,1.0,2006,3,0.18529805541483566,0.9167662295318156,0.24530722366552238
00-0024364,2006,TE,150,5,23.0,0.0,0.0,1.0,2006,3,0.08080535785604702,0.8908741474254429,0.13439257961569318
00-0024369,2006,TE,155,5,23.0,1.0,1.0,1.0,2006,3,0.07825487800645087,0.8878564571666521,0.13118705487220475
00-0024377,2006,RB,163,5,23.0,0.0,0.0,0.0,2006,3,0.1969164898069282,0.8784039380104356,0.26522322215611127
nogsis:2006:164,2006,QB,164,5,,0.0,0.0,0.0,2006,3,0.19380472864004503,0.8499414461401693,0.27745258146905977
00-0024380,2006,TE,166,5,24.0,0.0,0.0,1.0,2006,3,0.06602166039470879,0.9297761053953729,0.10639217707177727
nogsis:2006:167,2006,TE,167,5,,0.0,0.0,0.0,2006,3,0.07272699525161531,0.8807214973467651,0.12416831397710423
00-0024384,2006,RB,170,6,22.0,1.0,1.0,1.0,2006,3,0.14693655202567624,0.704787298236668,0.19424288006217683
00-0024385,2006,WR,171,6,23.0,0.0,0.0,0.0,2006,3,0.08181213676391459,0.7479483970026763,0.12638917524231397
nogsis:2006:172,2006,WR,172,6,,0.0,0.0,0.0,2006,3,0.09003259270537993,0.6232625381306889,0.14758717031309185
00-0024389,2006,WR,175,6,22.0,0.0,0.0,1.0,2006,3,0.08868663463342605,0.6191287697235283,0.1463409346973772
00-0024398,2006,WR,184,6,23.0,0.0,0.0,1.0,2006,3,0.07669899888539353,0.7336574680245783,0.12187574105450813
00-0024404,2006,WR,190,6,24.0,0.0,0.0,1.0,2006,3,0.06729026072789242,0.8262120781775089,0.10245915593785068
00-0024407,2006,QB,193,6,22.0,0.0,0.0,1.0,2006,3,0.13875525681985124,0.6314131640991482,0.19494949543330004
00-0024408,2006,QB,194,6,23.0,1.0,1.0,1.0,2006,3,0.1257852695541359,0.7525532239309133,0.16566102034194374
00-0024409,2006,RB,195,6,22.0,0.0,0.0,0.0,2006,3,0.13128245204549666,0.6705693870763859,0.18106898255208737
nogsis:2006:202,2006,TE,202,6,,0.0,0.0,0.0,2006,3,0.04026797758737234,0.792706965932846,0.06711371654191783
00-0024423,2006,WR,209,7,23.0,0.0,0.0,0.0,2006,3,0.04594365726134917,0.599611464218701,0.07098018619429089
00-0024432,2006,WR,218,7,23.0,0.0,0.0,1.0,2006,3,0.0442079036105936,0.5892856507839962,0.06947456101856725
nogsis:2006:223,2006,QB,223,7,,0.0,0.0,0.0,2006,3,0.08041826339000546,0.625891636531915,0.0982341229762751
nogsis:2006:231,2006,WR,231,7,,0.0,0.0,0.0,2006,3,0.04658698388010796,0.4313879695567576,0.07919330997255312
00-0024447,2006,WR,233,7,22.0,0.0,0.0,1.0,2006,3,0.04622207423302362,0.42924093730335805,0.07885030398223405
nogsis:2006:240,2006,RB,240,7,,0.0,0.0,0.0,2006,3,0.07508754364250043,0.497371624790758,0.10274555518614945
00-0024458,2006,TE,244,7,24.0,0.0,0.0,1.0,2006,3,0.019733293694060756,0.7795423875615142,0.030842281723832334
00-0024460,2006,RB,246,7,22.0,0.0,0.0,1.0,2006,3,0.07346851486446582,0.4901991664098946,0.10141539420980937
00-0024463,2006,WR,249,7,22.0,0.0,0.0,1.0,2006,3,0.04350067366457415,0.41279504460945876,0.07625844708060461
00-0024465,2006,WR,251,7,23.0,0.0,0.0,1.0,2006,3,0.03884809735125441,0.5542373909699607,0.06467553441440467
00-0024466,2006,WR,252,7,23.0,1.0,3.0,1.0,2006,3,0.03870632844256493,0.5532391622032302,0.06454523253623037
nogsis:2006:255,2006,WR,255,7,,0.0,0.0,0.0,2006,3,0.04256276778805335,0.4069440114831172,0.07535069306320658
00-0024217,2006,RB,2,1,21.0,1.0,4.0,1.0,2006,4,0.9969618604377322,0.9997638292774631,3.7442928204013763
00-0024218,2006,QB,3,1,23.0,1.0,3.0,1.0,2006,4,0.973634260216384,0.9992579378445021,3.2015305796190807
00-0024221,2006,TE,6,1,22.0,1.0,2.0,1.0,2006,4,0.9796661795448063,0.9994102517847844,3.3500251547393107
00-0024225,2006,QB,10,1,23.0,1.0,1.0,1.0,2006,4,0.9123813279173892,0.9974675521764167,2.6717384112365434
00-0024226,2006,QB,11,1,23.0,1.0,4.0,1.0,2006,4,0.9040320789446766,0.9972094384048976,2.622734559307765
00-0024236,2006,RB,21,1,21.0,1.0,3.0,1.0,2006,4,0.9240226497547301,0.9963247201753462,2.7785533941715492
00-0024240,2006,WR,25,1,22.0,1.0,4.0,1.0,2006,4,0.8845322228473381,0.9928357549829008,2.569972937071743
00-0024242,2006,RB,27,1,23.0,1.0,4.0,1.0,2006,4,0.883601190061194,0.9971088373611959,2.3426595223705817
00-0024243,2006,TE,28,1,22.0,1.0,2.0,1.0,2006,4,0.8190532847158357,0.9963467361700945,2.248790147714288
00-0024245,2006,RB,30,1,23.0,1.0,4.0,1.0,2006,4,0.8675345618561258,0.9967311941195598,2.2645568554499937
00-0024251,2006,WR,36,2,21.0,0.0,0.0,1.0,2006,4,0.7977070994850131,0.9782026919536079,2.0673184518218672
00-0024259,2006,WR,44,2,22.0,0.0,0.0,1.0,2006,4,0.7336422815325636,0.9790282058243783,1.7583926530287015
00-0024260,2006,RB,45,2,21.0,1.0,2.0,1.0,2006,4,0.7773813890834954,0.9861469905777156,1.8857941554793742
00-0024261,2006,TE,46,2,22.0,0.0,0.0,1.0,2006,4,0.638302531384854,0.9897828167730948,1.4763956027122358
00-0024264,2006,QB,49,2,23.0,1.0,1.0,1.0,2006,4,0.6206464392874813,0.9802955221667761,1.5023408956779143
00-0024267,2006,WR,52,2,22.0,1.0,4.0,1.0,2006,4,0.6822299773426446,0.9747596732687808,1.6174275360555883
00-0024268,2006,TE,53,2,22.0,1.0,1.0,1.0,2006,4,0.5867471147727567,0.9879365358927392,1.356976760198276
00-0024275,2006,RB,60,2,21.0,1.0,4.0,1.0,2006,4,0.7000045802118791,0.9807170287821647,1.6651696389105732
00-0024276,2006,TE,61,2,23.0,1.0,2.0,1.0,2006,4,0.518775935565797,0.9890777704526592,1.123724583893328
00-0024279,2006,QB,64,2,23.0,1.0,2.0,1.0,2006,4,0.5526768384896075,0.9742774210278725,1.3736914071902133
00-0024287,2006,TE,72,3,22.0,0.0,0.0,1.0,2006,4,0.4256520980755059,0.9732931402526204,0.8621564919205783
00-0024289,2006,RB,74,3,22.0,0.0,0.0,1.0,2006,4,0.5778789754754344,0.9708249369363569,1.086277141660378
00-0024293,2006,WR,78,3,22.0,0.0,0.0,1.0,2006,4,0.4948874846463869,0.9397506186891781,1.01924886098814
00-0024294,2006,RB,79,3,23.0,1.0,2.0,1.0,2006,4,0.5406304125021253,0.9757705569403481,0.9514263356982848
00-0024296,2006,QB,81,3,24.0,0.0,0.0,1.0,2006,4,0.43154725391448556,0.9613835670709795,0.8814606271517167
00-0024297,2006,WR,82,3,21.0,0.0,0.0,1.0,2006,4,0.4911334085797672,0.9185723651031111,1.1021104831015887
00-0024299,2006,WR,84,3,22.0,0.0,0.0,1.0,2006,4,0.46730309945300386,0.9348075735986919,0.971151611818829
00-0024300,2006,QB,85,3,23.0,0.0,0.0,1.0,2006,4,0.4337279281653774,0.9477590303401764,0.9643976285894575
00-0024301,2006,TE,86,3,23.0,0.0,0.0,1.0,2006,4,0.34706512211631063,0.9747241762963,0.6660896985685875
00-0024305,2006,WR,90,3,21.0,0.0,0.0,1.0,2006,4,0.45653398707866877,0.9103105708746603,1.0394439570611371
00-0024308,2006,TE,93,3,22.0,0.0,0.0,1.0,2006,4,0.33346903071085726,0.9641624637827586,0.7102652313832979
00-0024310,2006,WR,95,3,23.0,0.0,0.0,1.0,2006,4,0.4075578158372712,0.942163018948886,0.7952590568912312
00-0024313,2006,TE,98,4,23.0,1.0,4.0,1.0,2006,4,0.2665330179622579,0.9548279854291747,0.45024056356193554
00-0024315,2006,WR,100,4,23.0,0.0,0.0,0.0,2006,4,0.3474305993301503,0.9077082224168228,0.5837850627610324
00-0024318,2006,QB,103,4,22.0,0.0,0.0,1.0,2006,4,0.35690246517030916,0.8795857132126719,0.7609659084078305
nogsis:2006:104,2006,WR,104,4,,0.0,0.0,0.0,2006,4,0.34767376053141574,0.8780614958839269,0.6477282835778682
00-0024324,2006,WR,109,4,23.0,1.0,1.0,1.0,2006,4,0.31889014341106947,0.8991795893703445,0.5466385458942103
00-0024326,2006,WR,111,4,23.0,0.0,0.0,1.0,2006,4,0.31302951704396587,0.8972929846210592,0.5390610142660078
00-0024332,2006,RB,117,4,24.0,1.0,3.0,1.0,2006,4,0.34823047935867396,0.9551066445821814,0.5002263242679512
00-0024334,2006,WR,119,4,22.0,1.0,3.0,1.0,2006,4,0.303598806978019,0.860716762404936,0.5857866417524048
00-0024340,2006,WR,125,4,21.0,0.0,0.0,1.0,2006,4,0.30068987113150625,0.8173014874557439,0.6471100334187188
00-0024345,2006,WR,130,4,21.0,1.0,1.0,1.0,2006,4,0.2885353314759619,0.8105593390108019,0.6287232823380933
00-0024346,2006,RB,132,4,23.0,0.0,0.0,0.0,2006,4,0.32381239495829667,0.9339676905691322,0.5121630992262901
00-0024358,2006,WR,144,5,23.0,0.0,0.0,1.0,2006,4,0.20522358460471632,0.806227619037017,0.33397572437217193
00-0024359,2006,RB,145,5,23.0,1.0,1.0,1.0,2006,4,0.2596623732273076,0.8902361029725578,0.35263323836066474
00-0024362,2006,QB,148,5,24.0,0.0,0.0,1.0,2006,4,0.21944924439639443,0.8463870071681604,0.3649665118947803
00-0024364,2006,TE,150,5,23.0,0.0,0.0,1.0,2006,4,0.1363929231516837,0.8908949991676319,0.23442305758283563
00-0024369,2006,TE,155,5,23.0,1.0,1.0,1.0,2006,4,0.13057107726344344,0.887057577529808,0.22746515008885185
00-0024377,2006,RB,163,5,23.0,0.0,0.0,0.0,2006,4,0.22939890574656951,0.8761413891572454,0.32376612573059227
nogsis:2006:164,2006,QB,164,5,,0.0,0.0,0.0,2006,4,0.21127652674551514,0.7915807755547702,0.4007347434478204
00-0024380,2006,TE,166,5,24.0,0.0,0.0,1.0,2006,4,0.11297106895705349,0.9043890449214185,0.18269155992204375
nogsis:2006:167,2006,TE,167,5,,0.0,0.0,0.0,2006,4,0.11811520136848705,0.8778905101843157,0.21235301695944592
00-0024384,2006,RB,170,6,22.0,1.0,1.0,1.0,2006,4,0.1992717523666603,0.7673913158166551,0.2647720161866928
00-0024385,2006,WR,171,6,23.0,0.0,0.0,0.0,2006,4,0.14306780996615703,0.6865948869285003,0.2237543400124727
nogsis:2006:172,2006,WR,172,6,,0.0,0.0,0.0,2006,4,0.14941831294103317,0.6248961575640067,0.2633818826566309
00-0024389,2006,WR,175,6,22.0,0.0,0.0,1.0,2006,4,0.1461703545053373,0.6202840090232968,0.2595040086773408
00-0024398,2006,WR,184,6,23.0,0.0,0.0,1.0,2006,4,0.13018575554849154,0.6684253373982055,0.2098769749275035
00-0024404,2006,WR,190,6,24.0,0.0,0.0,1.0,2006,4,0.11849717204000165,0.7174590296023976,0.172666229236406
00-0024407,2006,QB,193,6,22.0,0.0,0.0,1.0,2006,4,0.1667739349704202,0.611739345677905,0.32427103930201984
00-0024408,2006,QB,194,6,23.0,1.0,2.0,1.0,2006,4,0.1579361207086376,0.6718576169291866,0.27544965827764434
00-0024409,2006,RB,195,6,22.0,0.0,0.0,0.0,2006,4,0.17035367317304626,0.7375511648729889,0.23806537007764933
nogsis:2006:202,2006,TE,202,6,,0.0,0.0,0.0,2006,4,0.07710806371684094,0.7859376571808281,0.13723682328548775
00-0024423,2006,WR,209,7,23.0,0.0,0.0,0.0,2006,4,0.09371446912211624,0.5274966481970942,0.14862897800244465
00-0024432,2006,WR,218,7,23.0,0.0,0.0,1.0,2006,4,0.08850880129894717,0.5155545193482554,0.14304473451317196
nogsis:2006:223,2006,QB,223,7,,0.0,0.0,0.0,2006,4,0.11921036130852478,0.531956065337016,0.19595964463433346
nogsis:2006:231,2006,WR,231,7,,0.0,0.0,0.0,2006,4,0.086368881877777,0.43272057733125546,0.1630301720508735
00-0024447,2006,WR,233,7,22.0,0.0,0.0,1.0,2006,4,0.08535973563069693,0.4303199802712207,0.1617689664640817
nogsis:2006:240,2006,RB,240,7,,0.0,0.0,0.0,2006,4,0.10779606667509824,0.6482787944108088,0.13353080699759712
00-0024458,2006,TE,244,7,24.0,0.0,0.0,1.0,2006,4,0.046901672343497645,0.7104336961083896,0.075809334931287
00-0024460,2006,RB,246,7,22.0,0.0,0.0,1.0,2006,4,0.1102204173011203,0.5781967581117397,0.15038543162850251
00-0024463,2006,WR,249,7,22.0,0.0,0.0,1.0,2006,4,0.07793748267408226,0.41194341797124484,0.15235513611216278
00-0024465,2006,WR,251,7,23.0,0.0,0.0,1.0,2006,4,0.07295205609234377,0.47557635320525304,0.12579225115810366
00-0024466,2006,WR,252,7,23.0,1.0,4.0,1.0,2006,4,0.07255202543759465,0.4744507747056872,0.12533576850225098
nogsis:2006:255,2006,WR,255,7,,0.0,0.0,0.0,2006,4,0.07542349690840622,0.4054116852798299,0.14910754158731387
00-0024217,2006,RB,2,1,21.0,1.0,4.0,1.0,2006,5,0.9971565636634675,0.9991833115300366,4.692617330031882
00-0024218,2006,QB,3,1,23.0,1.0,4.0,1.0,2006,5,0.9442779145534782,0.9982903589674171,3.6624329557225273
00-0024221,2006,TE,6,1,22.0,1.0,3.0,1.0,2006,5,0.9666399560554706,0.9985851118957684,4.06816071362765
00-0024225,2006,QB,10,1,23.0,1.0,1.0,1.0,2006,5,0.8689435302528654,0.996490195195737,3.0256348319851507
00-0024226,2006,QB,11,1,23.0,1.0,5.0,1.0,2006,5,0.8602494897333574,0.996284782141232,2.9697710013778877
00-0024236,2006,RB,21,1,21.0,1.0,3.0,1.0,2006,5,0.9374430243152845,0.9955269911615015,3.395733330216604
00-0024240,2006,WR,25,1,22.0,1.0,5.0,1.0,2006,5,0.8773376444364522,0.9927618132122631,2.950964424306148
00-0024242,2006,RB,27,1,23.0,1.0,4.0,1.0,2006,5,0.9074501776739877,0.9976163360924343,2.808112785958345
00-0024243,2006,TE,28,1,22.0,1.0,3.0,1.0,2006,5,0.7938704007301118,0.9947199430625029,2.6131256834890992
00-0024245,2006,RB,30,1,23.0,1.0,5.0,1.0,2006,5,0.8948830997797692,0.9974276687186278,2.7007032862731584
00-0024251,2006,WR,36,2,21.0,0.0,0.0,1.0,2006,5,0.7911047635833732,0.9745933847893695,2.43902171746291
00-0024259,2006,WR,44,2,22.0,0.0,0.0,1.0,2006,5,0.7310653634255528,0.9794721290451852,2.0473573509481344
00-0024260,2006,RB,45,2,21.0,1.0,2.0,1.0,2006,5,0.8218534612769272,0.9869815839442865,2.3095824168196057
00-0024261,2006,TE,46,2,22.0,0.0,0.0,1.0,2006,5,0.6322415707581499,0.986458220783226,1.7616773541578654
00-0024264,2006,QB,49,2,23.0,1.0,1.0,1.0,2006,5,0.6216979187215891,0.9848175148570951,1.802281422139341
00-0024267,2006,WR,52,2,22.0,1.0,5.0,1.0,2006,5,0.6814226452470821,0.9760656093311431,1.880502681978204
00-0024268,2006,TE,53,2,22.0,1.0,2.0,1.0,2006,5,0.5881388410964271,0.9847362236788403,1.620572969878429
00-0024275,2006,RB,60,2,21.0,1.0,5.0,1.0,2006,5,0.758270385968563,0.9840117032568815,2.0175292638095805
00-0024276,2006,TE,61,2,23.0,1.0,2.0,1.0,2006,5,0.5320810848870452,0.9884925981179239,1.3207291931901344
00-0024279,2006,QB,64,2,23.0,1.0,2.0,1.0,2006,5,0.5716554657616254,0.982230892388319,1.6722426327791857
00-0024287,2006,TE,72,3,22.0,0.0,0.0,1.0,2006,5,0.4498436382905176,0.9670629825495707,1.0849808380016537
00-0024289,2006,RB,74,3,22.0,0.0,0.0,1.0,2006,5,0.6597535639391963,0.9791651008733926,1.3631889687564813
00-0024293,2006,WR,78,3,22.0,0.0,0.0,1.0,2006,5,0.5055680489753632,0.942814437855069,1.232993700341643
00-0024294,2006,RB,79,3,23.0,1.0,2.0,1.0,2006,5,0.6296979470898536,0.9853638429373007,1.186162445947943
00-0024296,2006,QB,81,3,24.0,0.0,0.0,1.0,2006,5,0.4763133593985241,0.9771026587056125,1.1264899738036007
00-0024297,2006,WR,82,3,21.0,0.0,0.0,1.0,2006,5,0.49852926241092405,0.9128331740148949,1.3535501614664063
00-0024299,2006,WR,84,3,22.0,0.0,0.0,1.0,2006,5,0.47899502656852,0.9389410412538782,1.1760694825364777
00-0024300,2006,QB,85,3,23.0,0.0,0.0,1.0,2006,5,0.4778196300162771,0.9650367497096467,1.251834880943465
00-0024301,2006,TE,86,3,23.0,0.0,0.0,1.0,2006,5,0.3828001078232842,0.9742731676988721,0.8245991756124618
00-0024305,2006,WR,90,3,21.0,0.0,0.0,1.0,2006,5,0.4651902419928276,0.9056150021316597,1.2796702201146286
00-0024308,2006,TE,93,3,22.0,0.0,0.0,1.0,2006,5,0.36898196533316524,0.9593099773140313,0.9017268862655833
00-0024310,2006,WR,95,3,23.0,0.0,0.0,1.0,2006,5,0.42451550543368405,0.9536501887888077,0.9557987653415119
00-0024313,2006,TE,98,4,23.0,1.0,4.0,1.0,2006,5,0.30895408842275796,0.9524665961323975,0.5935604384490245
00-0024315,2006,WR,100,4,23.0,0.0,0.0,0.0,2006,5,0.3695650476137431,0.9206583699165451,0.7387026237791393
00-0024318,2006,QB,103,4,22.0,0.0,0.0,1.0,2006,5,0.4131166649387589,0.9064851463908468,1.079193276761678
nogsis:2006:104,2006,WR,104,4,,0.0,0.0,0.0,2006,5,0.36661727003208566,0.8815957272670868,0.8264376370130639
00-0024324,2006,WR,109,4,23.0,1.0,2.0,1.0,2006,5,0.3412462669689163,0.9145363652573073,0.6927291710568386
00-0024326,2006,WR,111,4,23.0,0.0,0.0,1.0,2006,5,0.33540559950224574,0.9131911316915347,0.6833533993830184
00-0024332,2006,RB,117,4,24.0,1.0,3.0,1.0,2006,5,0.45128408127342984,0.9782716100186296,0.6692722551411012
00-0024334,2006,WR,119,4,22.0,1.0,4.0,1.0,2006,5,0.3229837544223752,0.8677249652026641,0.7506043138414841
00-0024340,2006,WR,125,4,21.0,0.0,0.0,1.0,2006,5,0.317112744710145,0.8065775885544071,0.845400930090993
00-0024345,2006,WR,130,4,21.0,1.0,1.0,1.0,2006,5,0.3050524115070199,0.8007613261537114,0.8229808602477721
00-0024346,2006,RB,132,4,23.0,0.0,0.0,0.0,2006,5,0.42223154376018984,0.9648689195861055,0.673207662707414
00-0024358,2006,WR,144,5,23.0,0.0,0.0,1.0,2006,5,0.22907364472655767,0.8297773192593362,0.451418285481905
00-0024359,2006,RB,145,5,23.0,1.0,1.0,1.0,2006,5,0.3553092747421357,0.938213004026341,0.5051181022036264
00-0024362,2006,QB,148,5,24.0,0.0,0.0,1.0,2006,5,0.2937893539693955,0.9124146106630925,0.5535774030718315
00-0024364,2006,TE,150,5,23.0,0.0,0.0,1.0,2006,5,0.17962756806566346,0.8916895213200526,0.3360678131423758
00-0024369,2006,TE,155,5,23.0,1.0,1.0,1.0,2006,5,0.17338436562257745,0.8889442681275764,0.3265834667688079
00-0024377,2006,RB,163,5,23.0,0.0,0.0,0.0,2006,5,0.3202371088907065,0.9331099703478655,0.4615508923575147
nogsis:2006:164,2006,QB,164,5,,0.0,0.0,0.0,2006,5,0.2862936702424254,0.8670548613097737,0.6215856529520887
00-0024380,2006,TE,166,5,24.0,0.0,0.0,1.0,2006,5,0.15508583440185716,0.9189414319390399,0.25698169647084645
nogsis:2006:167,2006,TE,167,5,,0.0,0.0,0.0,2006,5,0.15982681052971837,0.8824737995416185,0.3059576793164236
00-0024384,2006,RB,170,6,22.0,1.0,1.0,1.0,2006,5,0.28461767120029086,0.8420581507164693,0.41076727899848126
00-0024385,2006,WR,171,6,23.0,0.0,0.0,0.0,2006,5,0.16570692656991373,0.7105348008848215,0.3236567902005231
nogsis:2006:172,2006,WR,172,6,,0.0,0.0,0.0,2006,5,0.17063635738265745,0.6190856677997604,0.38449011340312067
00-0024389,2006,WR,175,6,22.0,0.0,0.0,1.0,2006,5,0.1671535123822587,0.6152456651324917,0.37922178047150634
00-0024398,2006,WR,184,6,23.0,0.0,0.0,1.0,2006,5,0.15167712756659713,0.696167372802637,0.3044611758181628
00-0024404,2006,WR,190,6,24.0,0.0,0.0,1.0,2006,5,0.14049797622573432,0.7695524665012535,0.251239357652691
00-0024407,2006,QB,193,6,22.0,0.0,0.0,1.0,2006,5,0.23994724325963115,0.6997845555082988,0.5578894756294861
00-0024408,2006,QB,194,6,23.0,1.0,2.0,1.0,2006,5,0.23136778991219906,0.7773016029844882,0.4640299525127669
00-0024409,2006,RB,195,6,22.0,0.0,0.0,0.0,2006,5,0.24868555461962433,0.8283789410212464,0.3675973516074528
nogsis:2006:202,2006,TE,202,6,,0.0,0.0,0.0,2006,5,0.11254548151174744,0.7905735915293847,0.21451900589230966
00-0024423,2006,WR,209,7,23.0,0.0,0.0,0.0,2006,5,0.11299218710711746,0.5460756571411846,0.230718040815454
00-0024432,2006,WR,218,7,23.0,0.0,0.0,1.0,2006,5,0.10706912805236099,0.5362362013437513,0.2225064070477108
nogsis:2006:223,2006,QB,223,7,,0.0,0.0,0.0,2006,5,0.18764244272702343,0.6552122655076232,0.3569146832503236
nogsis:2006:231,2006,WR,231,7,,0.0,0.0,0.0,2006,5,0.10334999606082015,0.42163231200583406,0.257157872617363
00-0024447,2006,WR,233,7,22.0,0.0,0.0,1.0,2006,5,0.10220925062658533,0.41965764612666806,0.2553326687318256
nogsis:2006:240,2006,RB,240,7,,0.0,0.0,0.0,2006,5,0.17649729372670703,0.7107742073889181,0.2583381864203704
00-0024458,2006,TE,244,7,24.0,0.0,0.0,1.0,2006,5,0.07500104857839353,0.7405281621180738,0.12537592826232635
00-0024460,2006,RB,246,7,22.0,0.0,0.0,1.0,2006,5,0.17173648548864995,0.7070812833915967,0.2529768343637431
00-0024463,2006,WR,249,7,22.0,1.0,1.0,1.0,2006,5,0.09378961438181407,0.40453533897481253,0.2416855014052918
00-0024465,2006,WR,251,7,23.0,0.0,0.0,1.0,2006,5,0.08921120555508825,0.503177656386229,0.1970779554720089
00-0024466,2006,WR,252,7,23.0,1.0,5.0,1.0,2006,5,0.08874869284163131,0.5022433726733478,0.19640381574025126
nogsis:2006:255,2006,WR,255,7,,0.0,0.0,0.0,2006,5,0.09092564065818375,0.3991560138466466,0.23696735257092627
00-0025388,2007,QB,1,1,22.0,0.0,0.0,1.0,2007,1,0.7595381033167679,0.977488246699854,0.7595381033167679
00-0025389,2007,WR,2,1,21.0,1.0,1.0,1.0,2007,1,0.8636245710503747,0.9977037422544149,0.8636245710503747
00-0025394,2007,RB,7,1,22.0,1.0,1.0,1.0,2007,1,0.7715947428294759,0.9883236633400908,0.7715947428294759
00-0025396,2007,WR,9,1,22.0,0.0,0.0,1.0,2007,1,0.6509941501832264,0.9900939949545561,0.6509941501832264
00-0025399,2007,RB,12,1,21.0,1.0,1.0,1.0,2007,1,0.7321344182327039,0.9739381930815874,0.7321344182327039
00-0025409,2007,QB,22,1,22.0,0.0,0.0,1.0,2007,1,0.4139237612528345,0.8606895835887554,0.4139237612528345
00-0025410,2007,WR,23,1,22.0,1.0,1.0,1.0,2007,1,0.47544939326600466,0.9712973767431536,0.47544939326600466
00-0025414,2007,WR,27,1,22.0,0.0,0.0,0.0,2007,1,0.4448223906369724,0.9656621495796683,0.4448223906369724
00-0025417,2007,WR,30,1,21.0,0.0,0.0,1.0,2007,1,0.44096720801685285,0.950185923534599,0.44096720801685285
00-0025418,2007,TE,31,1,22.0,1.0,1.0,1.0,2007,1,0.3062064661091173,0.9622253106211774,0.3062064661091173
00-0025419,2007,WR,32,1,22.0,1.0,1.0,1.0,2007,1,0.4128259835036217,0.9585310403982644,0.4128259835036217
00-0025423,2007,QB,36,2,23.0,0.0,0.0,1.0,2007,1,0.256843325417731,0.8261330236931058,0.256843325417731
00-0025425,2007,TE,38,2,21.0,1.0,1.0,1.0,2007,1,0.22528297473214623,0.9276819387662459,0.22528297473214623
00-0025427,2007,QB,40,2,26.0,0.0,0.0,1.0,2007,1,0.21252928793201767,0.9081935647645433,0.21252928793201767
00-0025430,2007,QB,43,2,23.0,0.0,0.0,0.0,2007,1,0.240754983671787,0.8094405097185567,0.240754983671787
00-0025431,2007,WR,44,2,21.0,0.0,0.0,1.0,2007,1,0.28041007961718123,0.9078613771444727,0.28041007961718123
00-0025432,2007,WR,45,2,20.0,0.0,0.0,1.0,2007,1,0.29022368719652125,0.8802991786242667,0.29022368719652125
nogsis:2007:49,2007,RB,49,2,,0.0,0.0,0.0,2007,1,0.4354343755564092,0.9239583448451634,0.4354343755564092
00-0025437,2007,RB,50,2,22.0,0.0,0.0,1.0,2007,1,0.44900558685450215,0.9011566191706478,0.44900558685450215
00-0025438,2007,WR,51,2,22.0,0.0,0.0,1.0,2007,1,0.2457512572841808,0.9155973132774362,0.2457512572841808
00-0025439,2007,RB,52,2,23.0,0.0,0.0,1.0,2007,1,0.4279349195686217,0.9195790570462073,0.4279349195686217
00-0025450,2007,RB,63,2,21.0,0.0,0.0,1.0,2007,1,0.4358151498162959,0.8464860219323751,0.4358151498162959
00-0025458,2007,RB,71,3,23.0,0.0,0.0,1.0,2007,1,0.29711040291953295,0.8698683875498422,0.29711040291953295
00-0025460,2007,WR,73,3,23.0,0.0,0.0,1.0,2007,1,0.13316343446442794,0.8826867260881607,0.13316343446442794
00-0025461,2007,WR,74,3,24.0,0.0,0.0,1.0,2007,1,0.12464558973348097,0.906277674080455,0.12464558973348097
00-0025462,2007,WR,75,3,22.0,0.0,0.0,1.0,2007,1,0.1383995349292589,0.8481716820409808,0.1383995349292589
00-0025463,2007,WR,76,3,22.0,0.0,0.0,1.0,2007,1,0.13718914772857338,0.8461923802247416,0.13718914772857338
00-0025464,2007,TE,77,3,23.0,0.0,0.0,1.0,2007,1,0.11645311576137324,0.8974675936485323,0.11645311576137324
00-0025465,2007,WR,78,3,23.0,1.0,1.0,1.0,2007,1,0.12739054043125989,0.8745336194901926,0.12739054043125989
00-0025466,2007,WR,79,3,22.0,0.0,0.0,0.0,2007,1,0.13370227900178816,0.8402859488671337,0.13370227900178816
00-0025467,2007,WR,80,3,23.0,0.0,0.0,0.0,2007,1,0.12524144973419513,0.8712918284583687,0.12524144973419513
00-0025477,2007,RB,90,3,21.0,0.0,0.0,1.0,2007,1,0.298961021891048,0.7547691401961623,0.298961021891048
00-0025479,2007,QB,92,3,23.0,1.0,1.0,1.0,2007,1,0.12700225182527397,0.6787625146570497,0.12700225182527397
00-0025480,2007,RB,93,3,23.0,0.0,0.0,1.0,2007,1,0.26895117539971586,0.8353289923010564,0.26895117539971586
00-0025486,2007,WR,99,3,23.0,0.0,0.0,1.0,2007,1,0.10835932995985015,0.8411036364296908,0.10835932995985015
00-0025487,2007,RB,100,4,23.0,0.0,0.0,0.0,2007,1,0.19032719048654406,0.7910399406709345,0.19032719048654406
00-0025490,2007,QB,103,4,23.0,0.0,0.0,1.0,2007,1,0.08370330470539913,0.6126244890872334,0.08370330470539913
00-0025494,2007,RB,107,4,21.0,0.0,0.0,1.0,2007,1,0.20556660826279993,0.6745550265311114,0.20556660826279993
00-0025498,2007,RB,111,4,24.0,0.0,0.0,1.0,2007,1,0.17264628693603912,0.816245867024451,0.17264628693603912
00-0025505,2007,WR,118,4,22.0,0.0,0.0,1.0,2007,1,0.06992531738083498,0.7268572525232709,0.06992531738083498
00-0025515,2007,WR,128,4,23.0,0.0,0.0,1.0,2007,1,0.062046156486108,0.7597724416349918,0.062046156486108
00-0025516,2007,TE,129,4,22.0,0.0,0.0,0.0,2007,1,0.07214348764983292,0.7640678956398768,0.07214348764983292
00-0025520,2007,TE,133,4,23.0,0.0,0.0,1.0,2007,1,0.0672048077244258,0.8040134086991747,0.0672048077244258
00-0025524,2007,RB,137,4,22.0,0.0,0.0,0.0,2007,1,0.17589406593592657,0.6776090123714626,0.17589406593592657
00-0025529,2007,WR,142,5,24.0,0.0,0.0,1.0,2007,1,0.03655565403406271,0.7464424231165208,0.03655565403406271
00-0025533,2007,WR,146,5,21.0,0.0,0.0,1.0,2007,1,0.04323952465314734,0.5616566439060966,0.04323952465314734
00-0025535,2007,RB,148,5,22.0,0.0,0.0,1.0,2007,1,0.11975524848397387,0.6095379439177616,0.11975524848397387
00-0025538,2007,QB,151,5,23.0,0.0,0.0,0.0,2007,1,0.047923090493377424,0.4996366336464224,0.047923090493377424
00-0025540,2007,TE,153,5,23.0,0.0,0.0,1.0,2007,1,0.0434962085578648,0.7417032399604119,0.0434962085578648
00-0025542,2007,TE,155,5,22.0,0.0,0.0,1.0,2007,1,0.04609805298793321,0.6846948942649294,0.04609805298793321
00-0025544,2007,WR,157,5,22.0,0.0,0.0,0.0,2007,1,0.03849074563475055,0.6060251811989934,0.03849074563475055
00-0025549,2007,TE,162,5,22.0,0.0,0.0,1.0,2007,1,0.045415652713414356,0.6752096696099001,0.045415652713414356
00-0025556,2007,WR,169,5,23.0,0.0,0.0,1.0,2007,1,0.03421905601432899,0.6484449471980868,0.03421905601432899
00-0025559,2007,WR,172,5,23.0,0.0,0.0,1.0,2007,1,0.0337745843849367,0.6438011039486845,0.0337745843849367
00-0025561,2007,QB,174,5,23.0,0.0,0.0,1.0,2007,1,0.044883946630876456,0.47729324179084304,0.044883946630876456
00-0025568,2007,RB,181,6,23.0,0.0,0.0,0.0,2007,1,0.07080984559409112,0.5714368627667769,0.07080984559409112
00-0025573,2007,RB,186,6,23.0,0.0,0.0,0.0,2007,1,0.06989305112994129,0.5646020160435933,0.06989305112994129
nogsis:2007:188,2007,WR,188,6,,0.0,0.0,0.0,2007,1,0.02259237196651232,0.501038246579952,0.02259237196651232
00-0025584,2007,WR,197,6,23.0,0.0,0.0,1.0,2007,1,0.020458714029217367,0.5539809958243239,0.020458714029217367
00-0025592,2007,QB,205,6,23.0,0.0,0.0,0.0,2007,1,0.027982139860192615,0.3982400062533324,0.027982139860192615
nogsis:2007:208,2007,RB,208,6,,0.0,0.0,0.0,2007,1,0.06624574636912578,0.5363319042601062,0.06624574636912578
00-0025597,2007,WR,210,6,23.0,0.0,0.0,0.0,2007,1,0.019496549187162177,0.5356908723209773,0.019496549187162177
00-0025602,2007,TE,215,7,23.0,0.0,0.0,1.0,2007,1,0.01742640192864339,0.5700730545095941,0.01742640192864339
nogsis:2007:216,2007,TE,216,7,,0.0,0.0,0.0,2007,1,0.01739831045291235,0.5689503738335873,0.01739831045291235
00-0025604,2007,QB,217,7,23.0,0.0,0.0,1.0,2007,1,0.018235556374890282,0.3391292591647156,0.018235556374890282
00-0025609,2007,TE,222,7,22.0,0.0,0.0,1.0,2007,1,0.018376967867730725,0.49598524463369803,0.018376967867730725
00-0025614,2007,WR,227,7,24.0,0.0,0.0,0.0,2007,1,0.011501360169504227,0.5252934310893862,0.011501360169504227
00-0025615,2007,RB,228,7,23.0,0.0,0.0,1.0,2007,1,0.042955992512365794,0.45840858345799784,0.042955992512365794
00-0025616,2007,WR,229,7,23.0,0.0,0.0,1.0,2007,1,0.01218784858134488,0.45624805930483125,0.01218784858134488
nogsis:2007:231,2007,TE,231,7,,0.0,0.0,0.0,2007,1,0.016996812955733784,0.5526331452159181,0.016996812955733784
nogsis:2007:233,2007,WR,233,7,,0.0,0.0,0.0,2007,1,0.012831261997579675,0.3865029960996373,0.012831261997579675
00-0025621,2007,WR,234,7,22.0,0.0,0.0,0.0,2007,1,0.012789603572156206,0.3853314989073007,0.012789603572156206
00-0025622,2007,WR,235,7,23.0,0.0,0.0,0.0,2007,1,0.011950653554801152,0.44885205982422094,0.011950653554801152
nogsis:2007:236,2007,RB,236,7,,0.0,0.0,0.0,2007,1,0.04223254457534571,0.44967009484214493,0.04223254457534571
00-0025630,2007,TE,243,7,23.0,0.0,0.0,0.0,2007,1,0.016699997674393088,0.5402474996657616,0.016699997674393088
00-0025631,2007,RB,244,7,23.0,0.0,0.0,0.0,2007,1,0.041544296941174924,0.44125230883712113,0.041544296941174924
00-0025633,2007,RB,246,7,24.0,0.0,0.0,1.0,2007,1,0.038859105919593406,0.5055411469656933,0.038859105919593406
00-0025636,2007,WR,249,7,22.0,0.0,0.0,1.0,2007,1,0.01220004250383494,0.3684910189295077,0.01220004250383494
00-0025637,2007,RB,250,7,21.0,0.0,0.0,1.0,2007,1,0.046520366332168175,0.3112896997483503,0.046520366332168175
00-0025641,2007,WR,254,7,22.0,0.0,0.0,0.0,2007,1,0.012017120590812792,0.36316709669104935,0.012017120590812792
00-0025388,2007,QB,1,1,22.0,1.0,1.0,1.0,2007,2,0.8984995704913256,0.9996629352651877,1.5964782396143509
00-0025389,2007,WR,2,1,21.0,1.0,2.0,1.0,2007,2,0.9259446178046733,0.999738432869414,1.653945562898837
00-0025394,2007,RB,7,1,22.0,1.0,2.0,1.0,2007,2,0.9513289589922156,0.9991265762050998,1.611856523298187
00-0025396,2007,WR,9,1,22.0,1.0,1.0,1.0,2007,2,0.8281044930415997,0.9980116249879182,1.334627926156951
00-0025399,2007,RB,12,1,21.0,1.0,2.0,1.0,2007,2,0.9315702778251542,0.9969755421323391,1.558250332951645
00-0025409,2007,QB,22,1,22.0,0.0,0.0,1.0,2007,2,0.7229890963157124,0.9812184065658442,1.091365228363693
00-0025410,2007,WR,23,1,22.0,1.0,2.0,1.0,2007,2,0.7332441644268064,0.9913014725218893,1.0953982460359333
00-0025414,2007,WR,27,1,22.0,0.0,0.0,1.0,2007,2,0.7140745506988703,0.9888213027382876,1.0530603159317704
00-0025417,2007,WR,30,1,21.0,0.0,0.0,1.0,2007,2,0.7122880712924566,0.981467141163054,1.0629545669385096
00-0025418,2007,TE,31,1,22.0,1.0,2.0,1.0,2007,2,0.6894282482800189,0.9885546512412894,1.016636251907602
00-0025419,2007,WR,32,1,22.0,1.0,2.0,1.0,2007,2,0.6928873023371971,0.9854289762002995,1.0082924578663737
00-0025423,2007,QB,36,2,23.0,0.0,0.0,1.0,2007,2,0.5356414948225479,0.9691746503777189,0.7250332469557441
00-0025425,2007,TE,38,2,21.0,1.0,2.0,1.0,2007,2,0.5412858895550845,0.9732320599355047,0.7596072323517267
00-0025427,2007,QB,40,2,26.0,0.0,0.0,1.0,2007,2,0.4845935744961505,0.9872575139721853,0.6286462206371599
00-0025430,2007,QB,43,2,23.0,0.0,0.0,1.0,2007,2,0.5181428291940819,0.9614296038721835,0.6936652186790121
00-0025431,2007,WR,44,2,21.0,0.0,0.0,1.0,2007,2,0.5274264137964102,0.9590466251555971,0.708512217980114
00-0025432,2007,WR,45,2,20.0,0.0,0.0,1.0,2007,2,0.5375917066725162,0.9411149345884628,0.7364797278904834
nogsis:2007:49,2007,RB,49,2,,0.0,0.0,0.0,2007,2,0.7003618212469751,0.9808662002086033,0.9595413364984577
00-0025437,2007,RB,50,2,22.0,0.0,0.0,1.0,2007,2,0.7084161171160336,0.9722617859905175,0.9920083225185495
00-0025438,2007,WR,51,2,22.0,1.0,1.0,1.0,2007,2,0.4918136090511352,0.9632700078436195,0.6432185189101298
00-0025439,2007,RB,52,2,23.0,0.0,0.0,1.0,2007,2,0.6906499656293609,0.9789176103925648,0.9452153355179121
00-0025450,2007,RB,63,2,21.0,0.0,0.0,1.0,2007,2,0.68213729899901,0.9440318719931144,0.9734317824073091
00-0025458,2007,RB,71,3,23.0,0.0,0.0,1.0,2007,2,0.4987829215760925,0.9572414725534406,0.6248085549074034
00-0025460,2007,WR,73,3,23.0,0.0,0.0,1.0,2007,2,0.29542851495583006,0.9445773652911399,0.3589897646140655
00-0025461,2007,WR,74,3,24.0,0.0,0.0,1.0,2007,2,0.2826055065670417,0.959330948027086,0.3394212522194939
00-0025462,2007,WR,75,3,22.0,0.0,0.0,1.0,2007,2,0.303422642507456,0.9203068170372279,0.37404463768501905
00-0025463,2007,WR,76,3,22.0,0.0,0.0,1.0,2007,2,0.3017511007012247,0.9187582657754404,0.3720505954171526
00-0025464,2007,TE,77,3,23.0,0.0,0.0,1.0,2007,2,0.28458081462416274,0.95291700911766,0.37238361386674346
00-0025465,2007,WR,78,3,23.0,1.0,1.0,1.0,2007,2,0.2872492221709586,0.9388351530873226,0.3495725286295115
00-0025466,2007,WR,79,3,22.0,0.0,0.0,1.0,2007,2,0.2968954965272694,0.9140736205372473,0.3662779332936369
00-0025467,2007,WR,80,3,23.0,0.0,0.0,1.0,2007,2,0.2841593808451984,0.9364971687761653,0.34603520152961287
00-0025477,2007,RB,90,3,21.0,0.0,0.0,1.0,2007,2,0.4801776653988453,0.8829336876703875,0.6379532166881727
00-0025479,2007,QB,92,3,23.0,1.0,2.0,1.0,2007,2,0.3109702550203303,0.8819756615956736,0.3806600155952324
00-0025480,2007,RB,93,3,23.0,0.0,0.0,1.0,2007,2,0.44690432728136664,0.9345594657857061,0.5690904451031871
00-0025486,2007,WR,99,3,23.0,1.0,1.0,1.0,2007,2,0.25896458938845934,0.913279236025523,0.31757794201818135
00-0025487,2007,RB,100,4,23.0,0.0,0.0,1.0,2007,2,0.30219582663211814,0.9111083558994159,0.36764147341241626
00-0025490,2007,QB,103,4,23.0,0.0,0.0,1.0,2007,2,0.19656860932260012,0.839279222777505,0.23275312706958665
00-0025494,2007,RB,107,4,21.0,0.0,0.0,1.0,2007,2,0.31420530523251183,0.8207624894251061,0.4038054630537472
00-0025498,2007,RB,111,4,24.0,0.0,0.0,1.0,2007,2,0.2745456485483433,0.9241382384700192,0.3319780748004718
00-0025505,2007,WR,118,4,22.0,0.0,0.0,1.0,2007,2,0.15845847496260487,0.8204786702068713,0.19427886062996993
00-0025515,2007,WR,128,4,23.0,0.0,0.0,1.0,2007,2,0.14521135383803999,0.8503788470350087,0.1775691638404308
00-0025516,2007,TE,129,4,22.0,0.0,0.0,0.0,2007,2,0.14986506984718523,0.8415649951265944,0.19914689448221468
00-0025520,2007,TE,133,4,23.0,0.0,0.0,1.0,2007,2,0.14091482351900736,0.8776386018424507,0.18549070394581907
00-0025524,2007,RB,137,4,22.0,0.0,0.0,0.0,2007,2,0.26394718082792773,0.8109823154128057,0.3439181361544035
00-0025529,2007,WR,142,5,24.0,1.0,1.0,1.0,2007,2,0.07895144197204117,0.846740143005853,0.0967043117330405
00-0025533,2007,WR,146,5,21.0,0.0,0.0,1.0,2007,2,0.0902596260563764,0.651538876727032,0.1132649167195487
00-0025535,2007,RB,148,5,22.0,0.0,0.0,1.0,2007,2,0.16072728170679537,0.7534232009030978,0.21060394911287686
00-0025538,2007,QB,151,5,23.0,0.0,0.0,0.0,2007,2,0.10652856097787966,0.7195405251816982,0.12284474481975848
00-0025540,2007,TE,153,5,23.0,1.0,1.0,1.0,2007,2,0.07893257792528618,0.824563536151145,0.10523671025744075
00-0025542,2007,TE,155,5,22.0,0.0,0.0,1.0,2007,2,0.08239625263206836,0.765202834451359,0.11133309725004947
00-0025544,2007,WR,157,5,22.0,0.0,0.0,1.0,2007,2,0.08255078889908193,0.7021483771366855,0.10324749923904314
00-0025549,2007,TE,162,5,22.0,0.0,0.0,1.0,2007,2,0.08047269742064032,0.7529892020735154,0.10908642167991958
00-0025556,2007,WR,169,5,23.0,0.0,0.0,1.0,2007,2,0.07540346607837171,0.7479458005289816,0.09436932362469373
00-0025559,2007,WR,172,5,23.0,0.0,0.0,1.0,2007,2,0.07467311768888493,0.742668165006497,0.09361790584467537
00-0025561,2007,QB,174,5,23.0,0.0,0.0,1.0,2007,2,0.10131307491664017,0.6806867214704158,0.11626897771828514
00-0025568,2007,RB,181,6,23.0,0.0,0.0,0.0,2007,2,0.08090478461855054,0.7145135104556865,0.109965925931719
00-0025573,2007,RB,186,6,23.0,0.0,0.0,0.0,2007,2,0.07935467919502286,0.705166398625874,0.10859809328047959
nogsis:2007:188,2007,WR,188,6,,0.0,0.0,0.0,2007,2,0.043788269138540205,0.5895231577987295,0.056219947139047065
00-0025584,2007,WR,197,6,23.0,0.0,0.0,1.0,2007,2,0.04047116622513766,0.6535369525764559,0.051884690736122036
00-0025592,2007,QB,205,6,23.0,0.0,0.0,1.0,2007,2,0.056509955476556156,0.5822147535938469,0.06465587599715995
nogsis:2007:208,2007,RB,208,6,,0.0,0.0,0.0,2007,2,0.07327579724461473,0.6650393257840447,0.103157610885042
00-0025597,2007,WR,210,6,23.0,0.0,0.0,1.0,2007,2,0.0390129014597861,0.6303333112254857,0.05035800492655732
00-0025602,2007,TE,215,7,23.0,0.0,0.0,1.0,2007,2,0.022089036277172843,0.648271007667721,0.03152552677934847
nogsis:2007:216,2007,TE,216,7,,0.0,0.0,0.0,2007,2,0.02203075428892357,0.6466692150775982,0.031456205268459436
00-0025604,2007,QB,217,7,23.0,1.0,1.0,1.0,2007,2,0.032129784926848155,0.5116769029169591,0.037105614912644885
00-0025609,2007,TE,222,7,22.0,0.0,0.0,1.0,2007,2,0.022871742426427272,0.5539088833282979,0.033352318100930096
00-0025614,2007,WR,227,7,24.0,0.0,0.0,1.0,2007,2,0.020380950647204073,0.6332863669760059,0.0267852582434032
00-0025615,2007,RB,228,7,23.0,0.0,0.0,1.0,2007,2,0.040080902085220804,0.579836966428202,0.05971430870266196
00-0025616,2007,WR,229,7,23.0,0.0,0.0,1.0,2007,2,0.021383203230498984,0.5463571918316191,0.028252322791811037
nogsis:2007:231,2007,TE,231,7,,0.0,0.0,0.0,2007,2,0.021204138804720243,0.6231395467711449,0.030470564561351103
nogsis:2007:233,2007,WR,233,7,,0.0,0.0,0.0,2007,2,0.022321827353549886,0.45315848578245554,0.029744952085199373
00-0025621,2007,WR,234,7,22.0,0.0,0.0,1.0,2007,2,0.022266002615393115,0.4514820874960639,0.02968328951162255
00-0025622,2007,WR,235,7,23.0,0.0,0.0,1.0,2007,2,0.0210619262203415,0.5362103170339307,0.02790573035662025
nogsis:2007:236,2007,RB,236,7,,0.0,0.0,0.0,2007,2,0.03906932145058658,0.5657832236144326,0.058763121132811805
00-0025630,2007,TE,243,7,23.0,0.0,0.0,0.0,2007,2,0.020600767298392927,0.604991482124226,0.029748124386276935
00-0025631,2007,RB,244,7,23.0,0.0,0.0,0.0,2007,2,0.03811477767600525,0.5520964884044185,0.05785804026623863
00-0025633,2007,RB,246,7,24.0,0.0,0.0,1.0,2007,2,0.035955067972675496,0.6322930603198271,0.053225499525567065
00-0025636,2007,WR,249,7,22.0,0.0,0.0,1.0,2007,2,0.02147129988754631,0.4273038000734795,0.028804213063161693
00-0025637,2007,RB,250,7,21.0,0.0,0.0,1.0,2007,2,0.041547104914260356,0.3718355484645342,0.0675468414463283
00-0025641,2007,WR,254,7,22.0,0.0,0.0,1.0,2007,2,0.021222913547059716,0.41963420940303153,0.02852894957739705
00-0025388,2007,QB,1,1,22.0,1.0,1.0,1.0,2007,3,0.9743308900883709,0.9996558166447931,2.557947549012776
00-0025389,2007,WR,2,1,21.0,1.0,3.0,1.0,2007,3,0.9854967229884746,0.9993523375125751,2.5845129917714686
00-0025394,2007,RB,7,1,22.0,1.0,3.0,1.0,2007,3,0.974656018640937,0.9987091429274115,2.4722170978035773
00-0025396,2007,WR,9,1,22.0,1.0,2.0,1.0,2007,3,0.9368205971528837,0.9973386368445998,2.1633855946745326
00-0025399,2007,RB,12,1,21.0,1.0,3.0,1.0,2007,3,0.9579696169801729,0.9963373033093131,2.3881526728842615
00-0025409,2007,QB,22,1,22.0,1.0,1.0,1.0,2007,3,0.8099303229714546,0.9899141350945002,1.8115664830413718
00-0025410,2007,WR,23,1,22.0,1.0,3.0,1.0,2007,3,0.8563472006386386,0.991817211370031,1.8394321570744199
00-0025414,2007,WR,27,1,22.0,1.0,1.0,1.0,2007,3,0.8361084865016563,0.9900935394819163,1.7803711071065873
00-0025417,2007,WR,30,1,21.0,0.0,0.0,1.0,2007,3,0.8304392562410823,0.983433807863662,1.8179639322140677
00-0025418,2007,TE,31,1,22.0,1.0,3.0,1.0,2007,3,0.7540960593660395,0.9909091741174196,1.590971715797363
00-0025419,2007,WR,32,1,22.0,1.0,2.0,1.0,2007,3,0.8122275459300496,0.9878742289409762,1.7173466895938483
00-0025423,2007,QB,36,2,23.0,0.0,0.0,1.0,2007,3,0.6525735838946808,0.9836753638560084,1.2401904268431663
00-0025425,2007,TE,38,2,21.0,1.0,3.0,1.0,2007,3,0.6290231177571138,0.976510338054903,1.2130237364969625
00-0025427,2007,QB,40,2,26.0,0.0,0.0,1.0,2007,3,0.5917692584281123,0.9943232527889415,1.0285794094545442
00-0025430,2007,QB,43,2,23.0,0.0,0.0,1.0,2007,3,0.6235542928768393,0.9802353502853126,1.1895895870462394
00-0025431,2007,WR,44,2,21.0,1.0,1.0,1.0,2007,3,0.6915850669497612,0.963757768731851,1.3069270862623228
00-0025432,2007,WR,45,2,20.0,0.0,0.0,1.0,2007,3,0.6999856524281898,0.9458027313419647,1.3728555152462734
nogsis:2007:49,2007,RB,49,2,,0.0,0.0,0.0,2007,3,0.7442367439357784,0.9872877204976934,1.4235252505265121
00-0025437,2007,RB,50,2,22.0,0.0,0.0,1.0,2007,3,0.751701648462389,0.9808066656421389,1.4936780145621213
00-0025438,2007,WR,51,2,22.0,1.0,2.0,1.0,2007,3,0.6462607204757227,0.9706075398134674,1.1838057699731528
00-0025439,2007,RB,52,2,23.0,0.0,0.0,1.0,2007,3,0.7317759961670176,0.9863545676146266,1.3998255140514657
00-0025450,2007,RB,63,2,21.0,0.0,0.0,1.0,2007,3,0.714745071642866,0.9630471143392,1.4799989131394704
00-0025458,2007,RB,71,3,23.0,0.0,0.0,1.0,2007,3,0.5638002959112102,0.972403320728862,0.9254465056051487
00-0025460,2007,WR,73,3,23.0,1.0,1.0,1.0,2007,3,0.4461055012805445,0.9576126110129196,0.7073346341320711
00-0025461,2007,WR,74,3,24.0,0.0,0.0,1.0,2007,3,0.42772302789998473,0.9705566337551101,0.6618373143387399
00-0025462,2007,WR,75,3,22.0,0.0,0.0,1.0,2007,3,0.4548349773070329,0.9364875523668503,0.7466050543379368
00-0025463,2007,WR,76,3,22.0,0.0,0.0,1.0,2007,3,0.45164721005173897,0.9355331957533476,0.7431039699322185
00-0025464,2007,TE,77,3,23.0,0.0,0.0,1.0,2007,3,0.29871014444208105,0.9672190463887886,0.5352388883007294
00-0025465,2007,WR,78,3,23.0,1.0,2.0,1.0,2007,3,0.4302676062945872,0.9542569837291484,0.6908838669170663
00-0025466,2007,WR,79,3,22.0,1.0,1.0,1.0,2007,3,0.44235333404853366,0.9326666583144693,0.7329480040108656
00-0025467,2007,WR,80,3,23.0,0.0,0.0,1.0,2007,3,0.4242506976742729,0.9529089478411644,0.6846821630117452
00-0025477,2007,RB,90,3,21.0,0.0,0.0,1.0,2007,3,0.5305671670463538,0.9232449502059931,0.9839005499034311
00-0025479,2007,QB,92,3,23.0,1.0,3.0,1.0,2007,3,0.3910982216702872,0.9386606020943902,0.6884976446928694
00-0025480,2007,RB,93,3,23.0,0.0,0.0,1.0,2007,3,0.49095735100251897,0.9621674590019738,0.8361207058288764
00-0025486,2007,WR,99,3,23.0,1.0,1.0,1.0,2007,3,0.3746541574804081,0.9399745103968509,0.6343263515164146
00-0025487,2007,RB,100,4,23.0,1.0,1.0,1.0,2007,3,0.3718856734972979,0.943000628672495,0.5465560062877654
00-0025490,2007,QB,103,4,23.0,0.0,0.0,1.0,2007,3,0.2825497368854603,0.905674668653249,0.43942302579802117
00-0025494,2007,RB,107,4,21.0,0.0,0.0,1.0,2007,3,0.383553228140075,0.8739058626236357,0.6344040181175452
00-0025498,2007,RB,111,4,24.0,0.0,0.0,1.0,2007,3,0.3320679092343449,0.9558133000515012,0.4777117518085188
00-0025505,2007,WR,118,4,22.0,0.0,0.0,1.0,2007,3,0.26297963885185033,0.8585589865039971,0.420655448525198
00-0025515,2007,WR,128,4,23.0,0.0,0.0,1.0,2007,3,0.2366642158888771,0.8908730012430304,0.38120680244729904
00-0025516,2007,TE,129,4,22.0,0.0,0.0,0.0,2007,3,0.13923524621184993,0.8881194381830962,0.27554746996000495
00-0025520,2007,TE,133,4,23.0,0.0,0.0,1.0,2007,3,0.12787379577808716,0.9192158473209253,0.2482532223714367
00-0025524,2007,RB,137,4,22.0,0.0,0.0,0.0,2007,3,0.309151832305456,0.8840717360628921,0.5217380878888164
00-0025529,2007,WR,142,5,24.0,1.0,2.0,1.0,2007,3,0.14898013379702024,0.8835688380466867,0.22006562305655342
00-0025533,2007,WR,146,5,21.0,0.0,0.0,1.0,2007,3,0.17008044590756188,0.6922630681454922,0.26477395480544375
00-0025535,2007,RB,148,5,22.0,0.0,0.0,1.0,2007,3,0.2146528099899544,0.8314508057630152,0.3246958945948849
00-0025538,2007,QB,151,5,23.0,0.0,0.0,0.0,2007,3,0.16634598978383355,0.8176281614930396,0.24341454839420337
00-0025540,2007,TE,153,5,23.0,1.0,2.0,1.0,2007,3,0.07602749624570661,0.8735730910914903,0.14056864325654778
00-0025542,2007,TE,155,5,22.0,0.0,0.0,1.0,2007,3,0.07931512297624561,0.821162566255243,0.1525996334582445
00-0025544,2007,WR,157,5,22.0,0.0,0.0,1.0,2007,3,0.1522427031037974,0.7535268533464361,0.23937917049544194
00-0025549,2007,TE,162,5,22.0,1.0,1.0,1.0,2007,3,0.0755221475059795,0.8138014876628799,0.14845204136950432
00-0025556,2007,WR,169,5,23.0,0.0,0.0,1.0,2007,3,0.13585363069665038,0.8058212713368478,0.2171907426163422
00-0025559,2007,WR,172,5,23.0,0.0,0.0,1.0,2007,3,0.13385990426589925,0.80248761130848,0.21554651921689677
00-0025561,2007,QB,174,5,23.0,0.0,0.0,1.0,2007,3,0.15289744483740747,0.7933087986255604,0.2309924300441943
00-0025568,2007,RB,181,6,23.0,0.0,0.0,0.0,2007,3,0.12066024293239158,0.8029199826282234,0.16635953906440382
00-0025573,2007,RB,186,6,23.0,0.0,0.0,0.0,2007,3,0.11755920604072931,0.797659248178562,0.16409460960005234
nogsis:2007:188,2007,WR,188,6,,0.0,0.0,0.0,2007,3,0.09100967786524676,0.6360835419968803,0.13862462831225753
00-0025584,2007,WR,197,6,23.0,0.0,0.0,1.0,2007,3,0.08254212364132213,0.7101941553783446,0.127296705495131
00-0025592,2007,QB,205,6,23.0,0.0,0.0,1.0,2007,3,0.09645079092041073,0.6948681822731665,0.13403996285915634
nogsis:2007:208,2007,RB,208,6,,0.0,0.0,0.0,2007,3,0.10555165423124252,0.7749868199770996,0.15511546507675322
00-0025597,2007,WR,210,6,23.0,0.0,0.0,1.0,2007,3,0.07796231246134087,0.6941196616761971,0.12366849695235578
00-0025602,2007,TE,215,7,23.0,0.0,0.0,1.0,2007,3,0.02354176843041954,0.7043824271763385,0.04206102200766118
nogsis:2007:216,2007,TE,216,7,,0.0,0.0,0.0,2007,3,0.023413841274885223,0.7033019427169647,0.041932867441124906
00-0025604,2007,QB,217,7,23.0,1.0,1.0,1.0,2007,3,0.06375730071387782,0.603077867750698,0.08020915662528376
00-0025609,2007,TE,222,7,22.0,0.0,0.0,1.0,2007,3,0.024076052764362824,0.6078513303918396,0.045410411745583516
00-0025614,2007,WR,227,7,24.0,0.0,0.0,1.0,2007,3,0.046676171922439814,0.6851740780302046,0.06991868965571181
00-0025615,2007,RB,228,7,23.0,0.0,0.0,1.0,2007,3,0.06624626913452956,0.6864247406095895,0.09148277996003339
00-0025616,2007,WR,229,7,23.0,0.0,0.0,1.0,2007,3,0.049091810956230865,0.5921653071837011,0.07379327326350138
nogsis:2007:231,2007,TE,231,7,,0.0,0.0,0.0,2007,3,0.021637169287977,0.6874177078684219,0.04012602789588489
nogsis:2007:233,2007,WR,233,7,,0.0,0.0,0.0,2007,3,0.05122091711747828,0.4894804698748215,0.07788478138605477
00-0025621,2007,WR,234,7,22.0,0.0,0.0,1.0,2007,3,0.05101916443911084,0.488193093294455,0.07772812513851238
00-0025622,2007,WR,235,7,23.0,0.0,0.0,1.0,2007,3,0.04793243328029301,0.584630099172723,0.0729067696697606
nogsis:2007:236,2007,RB,236,7,,0.0,0.0,0.0,2007,3,0.06396961095095233,0.6773890658530096,0.08986715649793883
00-0025630,2007,TE,243,7,23.0,0.0,0.0,0.0,2007,3,0.02038490563565886,0.6751351226314984,0.0388199490656691
00-0025631,2007,RB,244,7,23.0,0.0,0.0,0.0,2007,3,0.061838328936414735,0.6685267190431707,0.08833270935939874
00-0025633,2007,RB,246,7,24.0,0.0,0.0,1.0,2007,3,0.05787959103636084,0.7475984028946796,0.07883097470440661
00-0025636,2007,WR,249,7,22.0,0.0,0.0,1.0,2007,3,0.048175551661861236,0.46954239392802105,0.07549218114975151
00-0025637,2007,RB,250,7,21.0,1.0,1.0,1.0,2007,3,0.06769050677558418,0.47099046025969343,0.10998613248583618
00-0025641,2007,WR,254,7,22.0,0.0,0.0,1.0,2007,3,0.04729784841056806,0.46358983829827866,0.07479103318234681
00-0025388,2007,QB,1,1,22.0,1.0,1.0,1.0,2007,4,0.978636951954508,0.9998021923756354,3.472696449575785
00-0025389,2007,WR,2,1,21.0,1.0,4.0,1.0,2007,4,0.9822351530073877,0.9995362305931338,3.594382981953796
00-0025394,2007,RB,7,1,22.0,1.0,4.0,1.0,2007,4,0.9715849917480245,0.9995113228655498,3.2624385035155252
00-0025396,2007,WR,9,1,22.0,1.0,2.0,1.0,2007,4,0.9281569806601192,0.998474868390382,2.987900981858668
00-0025399,2007,RB,12,1,21.0,1.0,4.0,1.0,2007,4,0.9539191694672393,0.998074242924988,3.128862344924018
00-0025409,2007,QB,22,1,22.0,1.0,1.0,1.0,2007,4,0.8378599946520979,0.9946004042292693,2.432197538868758
00-0025410,2007,WR,23,1,22.0,1.0,4.0,1.0,2007,4,0.8456104466845012,0.9952459839685395,2.483772252373272
00-0025414,2007,WR,27,1,22.0,1.0,2.0,1.0,2007,4,0.8254807761226044,0.994229206343181,2.388926003933498
00-0025417,2007,WR,30,1,21.0,0.0,0.0,1.0,2007,4,0.8228587868675553,0.9876898415448964,2.4804762159763363
00-0025418,2007,TE,31,1,22.0,1.0,3.0,1.0,2007,4,0.7829277732801683,0.9967929910046804,2.2396374896277305
00-0025419,2007,WR,32,1,22.0,1.0,2.0,1.0,2007,4,0.8019524404159557,0.9929152700188703,2.2870454543102263
00-0025423,2007,QB,36,2,23.0,1.0,1.0,1.0,2007,4,0.7110461432627596,0.9921826650731778,1.6715098107506638
00-0025425,2007,TE,38,2,21.0,1.0,4.0,1.0,2007,4,0.6924722583780414,0.9873950746259851,1.856076529041188
00-0025427,2007,QB,40,2,26.0,0.0,0.0,1.0,2007,4,0.6436601005698082,0.9986936674111514,1.1789795606655056
00-0025430,2007,QB,43,2,23.0,0.0,0.0,1.0,2007,4,0.6846095123512357,0.990558752839868,1.5927852389132917
00-0025431,2007,WR,44,2,21.0,1.0,1.0,1.0,2007,4,0.7046549288907125,0.9688890289247977,1.8651384355091012
00-0025432,2007,WR,45,2,20.0,0.0,0.0,1.0,2007,4,0.7165228936575218,0.9413151902469883,2.013794464459807
nogsis:2007:49,2007,RB,49,2,,0.0,0.0,0.0,2007,4,0.7543084080918672,0.9888263198276078,1.781408176899204
00-0025437,2007,RB,50,2,22.0,0.0,0.0,1.0,2007,4,0.7502565416999382,0.9885171045473167,1.7685701784158732
00-0025438,2007,WR,51,2,22.0,1.0,3.0,1.0,2007,4,0.658421532566472,0.98006950375985,1.6173723854995479
00-0025439,2007,RB,52,2,23.0,0.0,0.0,1.0,2007,4,0.7270091664274337,0.9935546502127791,1.585457260800666
00-0025450,2007,RB,63,2,21.0,1.0,1.0,1.0,2007,4,0.7169767377551512,0.9707818322091023,1.7821831764100025
00-0025458,2007,RB,71,3,23.0,0.0,0.0,1.0,2007,4,0.5813519073299598,0.9841926141259257,1.048307033696066
00-0025460,2007,WR,73,3,23.0,1.0,2.0,1.0,2007,4,0.483506961519871,0.9737835465105953,0.9516627557708566
00-0025461,2007,WR,74,3,24.0,0.0,0.0,1.0,2007,4,0.4609028849352254,0.9857191655760172,0.8324037343100177
00-0025462,2007,WR,75,3,22.0,0.0,0.0,1.0,2007,4,0.4968880873934143,0.9500633446185209,1.063604885724903
00-0025463,2007,WR,76,3,22.0,0.0,0.0,1.0,2007,4,0.49385984820296214,0.949294191222977,1.057437015803478
00-0025464,2007,TE,77,3,23.0,0.0,0.0,1.0,2007,4,0.3845300005296587,0.9858918066131279,0.7657282575305122
00-0025465,2007,WR,78,3,23.0,1.0,3.0,1.0,2007,4,0.46839531330057005,0.9716480601927833,0.9231682302638498
00-0025466,2007,WR,79,3,22.0,1.0,2.0,1.0,2007,4,0.48501199711673976,0.9469812633517208,1.039555575185592
00-0025467,2007,WR,80,3,23.0,0.0,0.0,1.0,2007,4,0.46263402487724137,0.9707881271402092,0.9124535694221287
00-0025477,2007,RB,90,3,21.0,0.0,0.0,1.0,2007,4,0.5571616266503243,0.9265524443497897,1.1957328145655488
00-0025479,2007,QB,92,3,23.0,1.0,3.0,1.0,2007,4,0.4805380334655274,0.9663419600606427,0.9564418794532084
00-0025480,2007,RB,93,3,23.0,0.0,0.0,1.0,2007,4,0.509454643706699,0.9773005824172171,0.9215266434396674
00-0025486,2007,WR,99,3,23.0,1.0,1.0,1.0,2007,4,0.41468346936044487,0.9624782455289269,0.8261091611359181
00-0025487,2007,RB,100,4,23.0,1.0,2.0,1.0,2007,4,0.41186232664497335,0.96016342044832,0.6302331942126743
00-0025490,2007,QB,103,4,23.0,0.0,0.0,1.0,2007,4,0.383762782232555,0.9402116784847363,0.6613596619964146
00-0025494,2007,RB,107,4,21.0,0.0,0.0,1.0,2007,4,0.4322805135852844,0.8602637940154381,0.8024206356122504
00-0025498,2007,RB,111,4,24.0,0.0,0.0,1.0,2007,4,0.36659355092269,0.9752984419417319,0.5154820495087052
00-0025505,2007,WR,118,4,22.0,0.0,0.0,1.0,2007,4,0.32236378769729396,0.8714801326832714,0.6274503063132899
00-0025515,2007,WR,128,4,23.0,0.0,0.0,1.0,2007,4,0.2899561768415864,0.9206671211851891,0.5223449891503804
00-0025516,2007,TE,129,4,22.0,0.0,0.0,1.0,2007,4,0.2142348050513968,0.9218649729911372,0.4396031650739284
00-0025520,2007,TE,133,4,23.0,0.0,0.0,1.0,2007,4,0.1957836266431978,0.9554251493943005,0.37023092410124925
00-0025524,2007,RB,137,4,22.0,0.0,0.0,0.0,2007,4,0.35050500700264886,0.8924383443379453,0.6135359537688018
00-0025529,2007,WR,142,5,24.0,1.0,3.0,1.0,2007,4,0.20024112406700506,0.9227665131189001,0.3025657099804899
00-0025533,2007,WR,146,5,21.0,0.0,0.0,1.0,2007,4,0.2358822263000325,0.6314013974277007,0.4642393693973265
00-0025535,2007,RB,148,5,22.0,0.0,0.0,1.0,2007,4,0.26582071106943833,0.8219165466908974,0.40549330876007605
00-0025538,2007,QB,151,5,23.0,0.0,0.0,0.0,2007,4,0.25737485800224263,0.8658136795552044,0.3981469870236333
00-0025540,2007,TE,153,5,23.0,1.0,3.0,1.0,2007,4,0.13130918500981792,0.9171614384665103,0.23738245105502276
00-0025542,2007,TE,155,5,22.0,0.0,0.0,1.0,2007,4,0.1387093639835782,0.852148410821588,0.2735572528074739
00-0025544,2007,WR,157,5,22.0,0.0,0.0,1.0,2007,4,0.21080275527469153,0.7476559715806166,0.3849832909223044
00-0025549,2007,TE,162,5,22.0,1.0,2.0,1.0,2007,4,0.13277014382291144,0.8448687591840404,0.2640436852939745
00-0025556,2007,WR,169,5,23.0,0.0,0.0,1.0,2007,4,0.18759331615346217,0.8365574726270557,0.3180401441656232
00-0025559,2007,WR,172,5,23.0,0.0,0.0,1.0,2007,4,0.18515302918539855,0.833612899009186,0.314862841311784
00-0025561,2007,QB,174,5,23.0,1.0,1.0,1.0,2007,4,0.23871389198255186,0.8471641993562433,0.37515379830364337
00-0025568,2007,RB,181,6,23.0,0.0,0.0,0.0,2007,4,0.16426590119931983,0.8036910116648411,0.20969620453925958
00-0025573,2007,RB,186,6,23.0,0.0,0.0,1.0,2007,4,0.16027927355204916,0.7977489006821766,0.20613002192686786
nogsis:2007:188,2007,WR,188,6,,0.0,0.0,0.0,2007,4,0.14174270350649817,0.5953736205334739,0.24773544019649069
00-0025584,2007,WR,197,6,23.0,0.0,0.0,1.0,2007,4,0.12764681377162104,0.7242388783242082,0.20669117227323927
00-0025592,2007,QB,205,6,23.0,0.0,0.0,1.0,2007,4,0.16917619935416534,0.7419059296661348,0.2416418265754331
nogsis:2007:208,2007,RB,208,6,,0.0,0.0,0.0,2007,4,0.15470061446879585,0.641830595160148,0.22502334206030816
00-0025597,2007,WR,210,6,23.0,0.0,0.0,1.0,2007,4,0.12127904441644227,0.7084634161885767,0.1988230780489439
00-0025602,2007,TE,215,7,23.0,0.0,0.0,1.0,2007,4,0.05159362469701104,0.7322812892680652,0.09613181005535244
nogsis:2007:216,2007,TE,216,7,,0.0,0.0,0.0,2007,4,0.0513339635787512,0.7311131143905205,0.09574484706466933
00-0025604,2007,QB,217,7,23.0,1.0,1.0,1.0,2007,4,0.12481236832499858,0.6257406783820652,0.16419449137399433
00-0025609,2007,TE,222,7,22.0,0.0,0.0,1.0,2007,4,0.053664619633698236,0.5815059851862934,0.10918884086344656
00-0025614,2007,WR,227,7,24.0,0.0,0.0,1.0,2007,4,0.07974426578976446,0.7208272592686701,0.11694478763703056
00-0025615,2007,RB,228,7,23.0,0.0,0.0,1.0,2007,4,0.10053750465504643,0.6486419902388502,0.12316976791241288
00-0025616,2007,WR,229,7,23.0,0.0,0.0,1.0,2007,4,0.08505382172392861,0.5748641790403796,0.13577144179326964
nogsis:2007:231,2007,TE,231,7,,0.0,0.0,0.0,2007,4,0.04771284072259614,0.7138553612237492,0.0903125796355262
nogsis:2007:233,2007,WR,233,7,,0.0,0.0,0.0,2007,4,0.09003972820411814,0.4120489669512019,0.15678242132611336
00-0025621,2007,WR,234,7,22.0,0.0,0.0,1.0,2007,4,0.08971932098949445,0.4107887722392877,0.15635807469349988
00-0025622,2007,WR,235,7,23.0,0.0,0.0,1.0,2007,4,0.08323100048151623,0.5671657656631622,0.13354187681003718
nogsis:2007:236,2007,RB,236,7,,0.0,0.0,0.0,2007,4,0.1043205840381992,0.4824472004363425,0.14116589194080245
00-0025630,2007,TE,243,7,23.0,0.0,0.0,0.0,2007,4,0.045143316599147845,0.7004079430845477,0.08641470902274982
00-0025631,2007,RB,244,7,23.0,0.0,0.0,0.0,2007,4,0.09412642183927224,0.6272376890783776,0.11777950506878343
00-0025633,2007,RB,246,7,24.0,0.0,0.0,1.0,2007,4,0.08696127620848944,0.7586719744456413,0.0999668457538524
00-0025636,2007,WR,249,7,22.0,0.0,0.0,1.0,2007,4,0.08518532516671859,0.3926454519168636,0.15032835349420956
00-0025637,2007,RB,250,7,21.0,1.0,2.0,1.0,2007,4,0.10584826212812079,0.31320369375491014,0.15954272074076117
00-0025641,2007,WR,254,7,22.0,0.0,0.0,1.0,2007,4,0.0837789598596101,0.3868993041405747,0.1484481534067404
00-0025388,2007,QB,1,1,22.0,1.0,1.0,1.0,2007,5,0.9914891779906976,0.9996178764704022,4.443765833900265
00-0025389,2007,WR,2,1,21.0,1.0,5.0,1.0,2007,5,0.9979635825336816,0.9993727388527903,4.66017042608664
00-0025394,2007,RB,7,1,22.0,1.0,5.0,1.0,2007,5,0.9900409944470919,0.9991347502312854,4.057443461663379
00-0025396,2007,WR,9,1,22.0,1.0,2.0,1.0,2007,5,0.9776681040732872,0.9975510808154546,3.9160246578792783
00-0025399,2007,RB,12,1,21.0,1.0,5.0,1.0,2007,5,0.9791379968545307,0.9979734548451548,3.8618276860817167
00-0025409,2007,QB,22,1,22.0,1.0,1.0,1.0,2007,5,0.8406059775210583,0.9923198677036781,2.954439730684429
00-0025410,2007,WR,23,1,22.0,1.0,5.0,1.0,2007,5,0.910641715313716,0.9933316006452475,3.145447218331192
00-0025414,2007,WR,27,1,22.0,1.0,3.0,1.0,2007,5,0.888190881228692,0.9920906766667869,2.9908929737563015
00-0025417,2007,WR,30,1,21.0,0.0,0.0,1.0,2007,5,0.8794682929453246,0.9886829865727595,3.0839130365697667
00-0025418,2007,TE,31,1,22.0,1.0,4.0,1.0,2007,5,0.8288307683124325,0.9957449021057919,2.6194175901398116
00-0025419,2007,WR,32,1,22.0,1.0,2.0,1.0,2007,5,0.8591738469646053,0.9905253338117546,2.8228543872404543
00-0025423,2007,QB,36,2,23.0,1.0,2.0,1.0,2007,5,0.7125212098457036,0.9848730063274826,2.052303583907871
00-0025425,2007,TE,38,2,21.0,1.0,4.0,1.0,2007,5,0.762876301770752,0.9892311576218806,2.2333371515260136
00-0025427,2007,QB,40,2,26.0,0.0,0.0,1.0,2007,5,0.6378571813218313,0.9919956305108178,1.4461433602629672
00-0025430,2007,QB,43,2,23.0,0.0,0.0,1.0,2007,5,0.6747492464571869,0.9820689137331942,1.93846053587315
00-0025431,2007,WR,44,2,21.0,1.0,1.0,1.0,2007,5,0.7701470887738768,0.9735208411122712,2.3287404270200507
00-0025432,2007,WR,45,2,20.0,0.0,0.0,1.0,2007,5,0.777805616388913,0.9655012420051274,2.513907703918769
nogsis:2007:49,2007,RB,49,2,,0.0,0.0,0.0,2007,5,0.793084731739553,0.9906847668424181,1.8954150731770707
00-0025437,2007,RB,50,2,22.0,0.0,0.0,1.0,2007,5,0.8007893009264588,0.9878161166716642,2.0693119997293605
00-0025438,2007,WR,51,2,22.0,1.0,3.0,1.0,2007,5,0.7111725048247122,0.9757553320279095,1.9766780508239883
00-0025439,2007,RB,52,2,23.0,0.0,0.0,1.0,2007,5,0.7776805488906995,0.9900502834524375,1.843945799256851
00-0025450,2007,RB,63,2,21.0,1.0,1.0,1.0,2007,5,0.752943888458933,0.9799225162366652,2.056898193899081
00-0025458,2007,RB,71,3,23.0,0.0,0.0,1.0,2007,5,0.6433214101269913,0.97804655558215,1.2537481224660756
00-0025460,2007,WR,73,3,23.0,1.0,3.0,1.0,2007,5,0.5204810210406986,0.9570725917770413,1.1575350810445042
00-0025461,2007,WR,74,3,24.0,0.0,0.0,1.0,2007,5,0.4955345422676598,0.9657270269871623,1.0032907595138485
00-0025462,2007,WR,75,3,22.0,1.0,1.0,1.0,2007,5,0.5296338094910773,0.9440989060363238,1.2989689190803104
00-0025463,2007,WR,76,3,22.0,0.0,0.0,1.0,2007,5,0.5245046174777287,0.9433446902090866,1.2885609384438474
00-0025464,2007,TE,77,3,23.0,0.0,0.0,1.0,2007,5,0.44334484581565614,0.977244784748956,0.9180197738503507
00-0025465,2007,WR,78,3,23.0,1.0,4.0,1.0,2007,5,0.49476207096159025,0.9540577497220751,1.1094918946961059
00-0025466,2007,WR,79,3,22.0,1.0,2.0,1.0,2007,5,0.5094867915513687,0.941085015231887,1.2584588388102453
00-0025467,2007,WR,80,3,23.0,0.0,0.0,1.0,2007,5,0.48493325514485336,0.9528531846806298,1.0915229775422421
00-0025477,2007,RB,90,3,21.0,0.0,0.0,1.0,2007,5,0.5944485275188137,0.9540711278224577,1.3966441436112307
00-0025479,2007,QB,92,3,23.0,1.0,3.0,1.0,2007,5,0.44642901785919936,0.9431119180769976,1.1808683433629243
00-0025480,2007,RB,93,3,23.0,0.0,0.0,1.0,2007,5,0.5435271929785438,0.9705284860519953,1.0737058138251512
00-0025486,2007,WR,99,3,23.0,1.0,1.0,1.0,2007,5,0.40339513842348224,0.941460193851006,0.9488848110283576
00-0025487,2007,RB,100,4,23.0,1.0,3.0,1.0,2007,5,0.46994699448231725,0.950653596856487,0.7890901338319524
00-0025490,2007,QB,103,4,23.0,0.0,0.0,1.0,2007,5,0.37485127100193244,0.9040724374849942,0.8737326569217938
00-0025494,2007,RB,107,4,21.0,0.0,0.0,1.0,2007,5,0.4832421079706408,0.9156797787652871,0.9964522014381643
00-0025498,2007,RB,111,4,24.0,0.0,0.0,1.0,2007,5,0.41105514271696936,0.9564858789273524,0.6448715365244205
00-0025505,2007,WR,118,4,22.0,0.0,0.0,1.0,2007,5,0.3167701334475643,0.8682841147993732,0.764489462218055
00-0025515,2007,WR,128,4,23.0,0.0,0.0,1.0,2007,5,0.27413857274731956,0.8856845677460153,0.6137913773895813
00-0025516,2007,TE,129,4,22.0,1.0,1.0,1.0,2007,5,0.24911305382429125,0.9219864593127105,0.5669708517915972
00-0025520,2007,TE,133,4,23.0,0.0,0.0,1.0,2007,5,0.2265875345077383,0.936056273625601,0.46550851654685366
00-0025524,2007,RB,137,4,22.0,0.0,0.0,0.0,2007,5,0.3714541029700398,0.9134939903275616,0.7404096942171761
00-0025529,2007,WR,142,5,24.0,1.0,4.0,1.0,2007,5,0.19830275062486666,0.8494096101647692,0.3707247725010373
00-0025533,2007,WR,146,5,21.0,0.0,0.0,1.0,2007,5,0.23076294468077863,0.7219120008182559,0.6190066711277582
00-0025535,2007,RB,148,5,22.0,0.0,0.0,1.0,2007,5,0.3040550797190734,0.8600509094964038,0.5408221861615338
00-0025538,2007,QB,151,5,23.0,0.0,0.0,0.0,2007,5,0.2539268301285202,0.8047369901135664,0.5644842329221976
00-0025540,2007,TE,153,5,23.0,1.0,3.0,1.0,2007,5,0.1651623791084855,0.8879052510129637,0.32297740550045817
00-0025542,2007,TE,155,5,22.0,0.0,0.0,1.0,2007,5,0.1734999390389849,0.858879194036518,0.3860540473588092
00-0025544,2007,WR,157,5,22.0,0.0,0.0,1.0,2007,5,0.19852278901955303,0.7548831349740015,0.49081210830247524
00-0025549,2007,TE,162,5,22.0,1.0,3.0,1.0,2007,5,0.16423657939117187,0.8526817909239534,0.37243767584078646
00-0025556,2007,WR,169,5,23.0,0.0,0.0,1.0,2007,5,0.16957082682594937,0.7849253077189996,0.3871722881719899
00-0025559,2007,WR,172,5,23.0,0.0,0.0,1.0,2007,5,0.16575614794477941,0.7817233788517897,0.38195372442123887
00-0025561,2007,QB,174,5,23.0,1.0,1.0,1.0,2007,5,0.22798216118181452,0.7821436653020044,0.5272409019522577
00-0025568,2007,RB,181,6,23.0,0.0,0.0,0.0,2007,5,0.19786609900423552,0.7996660829763952,0.3081347301749617
00-0025573,2007,RB,186,6,23.0,0.0,0.0,1.0,2007,5,0.1912965681913746,0.7947336311863784,0.30203870888019446
nogsis:2007:188,2007,WR,188,6,,0.0,0.0,0.0,2007,5,0.13484772473924944,0.6169805513091595,0.34187881592984054
00-0025584,2007,WR,197,6,23.0,0.0,0.0,1.0,2007,5,0.11814638751021395,0.6627019959782883,0.2707695918717412
00-0025592,2007,QB,205,6,23.0,0.0,0.0,1.0,2007,5,0.17261983238724116,0.6601081726008787,0.37583778580593935
nogsis:2007:208,2007,RB,208,6,,0.0,0.0,0.0,2007,5,0.1660903412730453,0.773561324386884,0.27822513894238715
00-0025597,2007,WR,210,6,23.0,0.0,0.0,1.0,2007,5,0.10818846548617704,0.6472204739445968,0.25732132536237623
00-0025602,2007,TE,215,7,23.0,0.0,0.0,1.0,2007,5,0.07619064005230561,0.6841640263351998,0.15556623928649702
nogsis:2007:216,2007,TE,216,7,,0.0,0.0,0.0,2007,5,0.07570393740569956,0.6830228888838451,0.15494252289156635
00-0025604,2007,QB,217,7,23.0,1.0,1.0,1.0,2007,5,0.1409531126620375,0.5383097810386921,0.28781347498517845
00-0025609,2007,TE,222,7,22.0,0.0,0.0,1.0,2007,5,0.07838784489542502,0.6195891516992111,0.18787702602322537
00-0025614,2007,WR,227,7,24.0,0.0,0.0,1.0,2007,5,0.07640191729014205,0.5786537952124482,0.15786079665914463
00-0025615,2007,RB,228,7,23.0,0.0,0.0,1.0,2007,5,0.12585718790511527,0.6616957994735306,0.20173826881283363
00-0025616,2007,WR,229,7,23.0,0.0,0.0,1.0,2007,5,0.08112179096911926,0.5147711513618368,0.19281251437859825
nogsis:2007:231,2007,TE,231,7,,0.0,0.0,0.0,2007,5,0.06897490534022611,0.6662704553110651,0.14619161999152727
nogsis:2007:233,2007,WR,233,7,,0.0,0.0,0.0,2007,5,0.08506720115492701,0.4481354947319025,0.23456715112918103
00-0025621,2007,WR,234,7,22.0,0.0,0.0,1.0,2007,5,0.08455079143936016,0.4470001974729268,0.23376513561434767
00-0025622,2007,WR,235,7,23.0,0.0,0.0,1.0,2007,5,0.07817665725618643,0.5078423748680383,0.18878413954998555
nogsis:2007:236,2007,RB,236,7,,0.0,0.0,0.0,2007,5,0.12013511301424978,0.6529989800516353,0.1965180711566485
00-0025630,2007,TE,243,7,23.0,0.0,0.0,0.0,2007,5,0.0642701392057478,0.6533472837170882,0.1399182193046379
00-0025631,2007,RB,244,7,23.0,0.0,0.0,0.0,2007,5,0.1148187284689114,0.6444938163281307,0.19159861540474368
00-0025633,2007,RB,246,7,24.0,0.0,0.0,1.0,2007,5,0.1058650290969234,0.6973109258932985,0.16007616082653917
00-0025636,2007,WR,249,7,22.0,0.0,0.0,1.0,2007,5,0.07737294439838935,0.43059754553716756,0.22242464356606953
00-0025637,2007,RB,250,7,21.0,1.0,3.0,1.0,2007,5,0.12759184594416118,0.5175521852986759,0.2724659043673162
00-0025641,2007,WR,254,7,22.0,0.0,0.0,1.0,2007,5,0.07519662168152781,0.42537915047619257,0.21891016666442598
00-0026143,2008,QB,3,1,23.0,1.0,1.0,1.0,2008,1,0.5765012616934022,0.9630240605913589,0.5765012616934022
00-0026144,2008,RB,4,1,21.0,1.0,1.0,1.0,2008,1,0.8365089088600589,0.9896821635650318,0.8365089088600589
00-0026153,2008,RB,13,1,21.0,1.0,1.0,1.0,2008,1,0.717827307541148,0.9685475373042719,0.717827307541148
00-0026158,2008,QB,18,1,23.0,1.0,1.0,1.0,2008,1,0.39600851547525484,0.8988155437749225,0.39600851547525484
00-0026162,2008,RB,22,1,21.0,0.0,0.0,1.0,2008,1,0.6506309991805105,0.9488351200922914,0.6506309991805105
00-0026163,2008,RB,23,1,21.0,0.0,0.0,1.0,2008,1,0.6446170858098635,0.9467144064816025,0.6446170858098635
00-0026164,2008,RB,24,1,22.0,1.0,1.0,1.0,2008,1,0.6263347153491342,0.9551426765155543,0.6263347153491342
00-0026170,2008,TE,30,1,23.0,1.0,1.0,1.0,2008,1,0.33047031069671107,0.9720967872110827,0.33047031069671107
00-0026173,2008,WR,33,2,24.0,1.0,1.0,1.0,2008,1,0.2782507162629153,0.961737369597844,0.2782507162629153
00-0026174,2008,WR,34,2,21.0,0.0,0.0,1.0,2008,1,0.30677319687094223,0.9259070882842227,0.30677319687094223
00-0026176,2008,WR,36,2,23.0,0.0,0.0,1.0,2008,1,0.2754606664891886,0.9481991700131853,0.2754606664891886
00-0026178,2008,TE,38,2,24.0,1.0,1.0,1.0,2008,1,0.21743286480368407,0.9649627087031915,0.21743286480368407
00-0026181,2008,WR,41,2,22.0,0.0,0.0,1.0,2008,1,0.2661027056676618,0.92710423999319,0.2661027056676618
00-0026182,2008,WR,42,2,22.0,1.0,1.0,1.0,2008,1,0.262460395323671,0.925305279143796,0.262460395323671
00-0026184,2008,RB,44,2,22.0,1.0,1.0,1.0,2008,1,0.43499481356840575,0.9050590180567845,0.43499481356840575
00-0026186,2008,WR,46,2,22.0,0.0,0.0,1.0,2008,1,0.2490026058186787,0.9181406290845506,0.2490026058186787
00-0026188,2008,TE,48,2,22.0,0.0,0.0,1.0,2008,1,0.21851676988704266,0.9331774899822398,0.21851676988704266
00-0026189,2008,WR,49,2,21.0,1.0,1.0,1.0,2008,1,0.2498620830859172,0.8934304044255126,0.2498620830859172
00-0026191,2008,WR,51,2,21.0,0.0,0.0,1.0,2008,1,0.24407859107510937,0.8891978144092603,0.24407859107510937
00-0026193,2008,WR,53,2,23.0,0.0,0.0,1.0,2008,1,0.21964111158615668,0.9230618662152146,0.21964111158615668
00-0026195,2008,RB,55,2,21.0,0.0,0.0,1.0,2008,1,0.41578821886326434,0.8602745431780741,0.41578821886326434
00-0026196,2008,QB,56,2,22.0,0.0,0.0,0.0,2008,1,0.2227244708922535,0.7429484442607356,0.2227244708922535
00-0026197,2008,QB,57,2,23.0,0.0,0.0,1.0,2008,1,0.2123562454610947,0.7812204420156441,0.2123562454610947
00-0026198,2008,WR,58,2,22.0,0.0,0.0,1.0,2008,1,0.21684705711450616,0.8969842002803232,0.21684705711450616
00-0026201,2008,TE,61,2,21.0,0.0,0.0,1.0,2008,1,0.2101042322384805,0.8978361304579343,0.2101042322384805
00-0026204,2008,RB,64,3,21.0,1.0,1.0,1.0,2008,1,0.29972446617032966,0.8103292013524112,0.29972446617032966
00-0026210,2008,WR,70,3,21.0,0.0,0.0,1.0,2008,1,0.14242485207539288,0.820147942044721,0.14242485207539288
00-0026213,2008,RB,73,3,21.0,0.0,0.0,1.0,2008,1,0.2836118231484896,0.790064597680073,0.2836118231484896
00-0026216,2008,TE,76,3,23.0,0.0,0.0,1.0,2008,1,0.12504673458907273,0.8981711558005124,0.12504673458907273
00-0026221,2008,WR,81,3,22.0,0.0,0.0,1.0,2008,1,0.12320108054739175,0.8292040161647274,0.12320108054739175
00-0026224,2008,WR,84,3,23.0,0.0,0.0,1.0,2008,1,0.11461582697765484,0.8535026746050818,0.11461582697765484
00-0026225,2008,TE,85,3,24.0,0.0,0.0,1.0,2008,1,0.11429533794607838,0.9077579900321612,0.11429533794607838
00-0026229,2008,RB,89,3,22.0,1.0,1.0,1.0,2008,1,0.2501504596896203,0.7951652869842437,0.2501504596896203
00-0026231,2008,TE,91,3,21.0,0.0,0.0,1.0,2008,1,0.12830966257058596,0.825166094699006,0.12830966257058596
00-0026234,2008,QB,94,3,23.0,0.0,0.0,1.0,2008,1,0.12637250560998556,0.6798627399932579,0.12637250560998556
00-0026235,2008,WR,95,3,22.0,0.0,0.0,1.0,2008,1,0.11042619748782667,0.8031116574408285,0.11042619748782667
00-0026237,2008,WR,97,3,23.0,0.0,0.0,1.0,2008,1,0.10374439167275133,0.8327395838742341,0.10374439167275133
00-0026245,2008,WR,105,4,22.0,0.0,0.0,1.0,2008,1,0.0702488212489134,0.7459649307994531,0.0702488212489134
00-0026246,2008,WR,106,4,23.0,0.0,0.0,1.0,2008,1,0.06636309028788225,0.7839645822001026,0.06636309028788225
00-0026251,2008,TE,111,4,23.0,0.0,0.0,1.0,2008,1,0.07391788421491391,0.8287393444658865,0.07391788421491391
00-0026262,2008,RB,122,4,23.0,0.0,0.0,1.0,2008,1,0.14714547959619811,0.7417457214621418,0.14714547959619811
00-0026265,2008,WR,125,4,23.0,0.0,0.0,0.0,2008,1,0.05884970168581589,0.7519113815635703,0.05884970168581589
00-0026266,2008,WR,126,4,22.0,0.0,0.0,1.0,2008,1,0.061536944237168045,0.7064201182463605,0.061536944237168045
00-0026267,2008,TE,127,4,23.0,0.0,0.0,1.0,2008,1,0.070028335807183,0.8086517107403817,0.070028335807183
00-0026268,2008,WR,128,4,23.0,0.0,0.0,1.0,2008,1,0.05783682870411015,0.7470475682126709,0.05783682870411015
00-0026272,2008,TE,132,4,25.0,0.0,0.0,1.0,2008,1,0.06236443408313243,0.8637237849248928,0.06236443408313243
00-0026276,2008,WR,136,5,23.0,0.0,0.0,0.0,2008,1,0.037099135387203414,0.6894130594755664,0.037099135387203414
nogsis:2008:137,2008,QB,137,5,,0.0,0.0,0.0,2008,1,0.05096252353886205,0.5220694235522303,0.05096252353886205
00-0026279,2008,RB,139,5,22.0,0.0,0.0,1.0,2008,1,0.09979737510077052,0.6196136377358532,0.09979737510077052
00-0026281,2008,TE,141,5,22.0,0.0,0.0,1.0,2008,1,0.04758611376640556,0.7098564783001958,0.04758611376640556
00-0026289,2008,RB,149,5,22.0,1.0,1.0,1.0,2008,1,0.09615773997826578,0.6037079878018947,0.09615773997826578
00-0026293,2008,WR,153,5,22.0,0.0,0.0,1.0,2008,1,0.035770221774154544,0.6098439268882929,0.035770221774154544
00-0026296,2008,QB,156,5,23.0,0.0,0.0,1.0,2008,1,0.048461451641936104,0.5025912045432014,0.048461451641936104
00-0026298,2008,TE,158,5,22.0,0.0,0.0,1.0,2008,1,0.04540355475019646,0.6857199639898167,0.04540355475019646
00-0026300,2008,QB,160,5,22.0,0.0,0.0,0.0,2008,1,0.050501555561761495,0.4435163278642354,0.050501555561761495
00-0026302,2008,QB,162,5,22.0,0.0,0.0,0.0,2008,1,0.050259234476288085,0.44167644775715237,0.050259234476288085
00-0026306,2008,RB,166,5,24.0,0.0,0.0,1.0,2008,1,0.08225263568550188,0.6815551089120502,0.08225263568550188
00-0026311,2008,WR,171,6,22.0,0.0,0.0,0.0,2008,1,0.021895102794764962,0.5264341177921323,0.021895102794764962
00-0026312,2008,RB,172,6,22.0,0.0,0.0,0.0,2008,1,0.06040121176842735,0.5158025511068499,0.06040121176842735
00-0026314,2008,WR,174,6,23.0,0.0,0.0,1.0,2008,1,0.020500781997488195,0.5766184902169109,0.020500781997488195
00-0026316,2008,RB,176,6,22.0,0.0,0.0,1.0,2008,1,0.05963232238175703,0.510266064528545,0.05963232238175703
00-0026319,2008,RB,179,6,23.0,0.0,0.0,1.0,2008,1,0.05615755387391844,0.5613999962401557,0.05615755387391844
00-0026322,2008,WR,182,6,23.0,0.0,0.0,1.0,2008,1,0.019810719558567686,0.5645890277844309,0.019810719558567686
00-0026326,2008,QB,186,6,25.0,0.0,0.0,0.0,2008,1,0.027248974643327838,0.5323484944860825,0.027248974643327838
00-0026331,2008,WR,191,6,23.0,0.0,0.0,0.0,2008,1,0.01909509741549267,0.5515875236672856,0.01909509741549267
00-0026333,2008,WR,193,6,24.0,0.0,0.0,0.0,2008,1,0.0179712699636337,0.6029513390249323,0.0179712699636337
00-0026336,2008,TE,196,6,22.0,0.0,0.0,1.0,2008,1,0.02771709028872463,0.5851789957114962,0.02771709028872463
00-0026338,2008,QB,198,6,24.0,0.0,0.0,0.0,2008,1,0.02800686626476463,0.46753881937046665,0.02800686626476463
00-0026342,2008,RB,202,6,22.0,0.0,0.0,1.0,2008,1,0.055213126353174546,0.47707870416121406,0.055213126353174546
00-0026344,2008,RB,204,6,24.0,0.0,0.0,0.0,2008,1,0.049594502290963134,0.5848924793416312,0.049594502290963134
00-0026345,2008,WR,205,6,22.0,0.0,0.0,1.0,2008,1,0.01907105687373252,0.4769549291805594,0.01907105687373252
00-0026347,2008,TE,207,6,23.0,0.0,0.0,0.0,2008,1,0.025707687680727256,0.625091302513213,0.025707687680727256
00-0026349,2008,QB,209,7,23.0,0.0,0.0,1.0,2008,1,0.019191397769852604,0.35345489501916877,0.019191397769852604
00-0026353,2008,RB,213,7,23.0,0.0,0.0,1.0,2008,1,0.03410619366378831,0.4650255553822131,0.03410619366378831
00-0026355,2008,WR,215,7,23.0,0.0,0.0,0.0,2008,1,0.011546792596364434,0.4646759966522517,0.011546792596364434
00-0026357,2008,WR,217,7,23.0,0.0,0.0,0.0,2008,1,0.011464926979152213,0.46216109596264004,0.011464926979152213
00-0026363,2008,QB,223,7,23.0,0.0,0.0,0.0,2008,1,0.01870006249493537,0.3446111318672877,0.01870006249493537
00-0026364,2008,WR,224,7,21.0,0.0,0.0,1.0,2008,1,0.012441438279852385,0.34740595595886686,0.012441438279852385
00-0026366,2008,WR,226,7,22.0,0.0,0.0,1.0,2008,1,0.011718280765396386,0.3969710561469674,0.011718280765396386
00-0026372,2008,TE,232,7,23.0,0.0,0.0,0.0,2008,1,0.016255799104484797,0.544183647671276,0.016255799104484797
00-0026373,2008,RB,233,7,22.0,0.0,0.0,1.0,2008,1,0.03412261061822613,0.3896679718190405,0.03412261061822613
00-0026377,2008,WR,237,7,22.0,0.0,0.0,0.0,2008,1,0.011298052017661916,0.3846132822041654,0.011298052017661916
00-0026378,2008,RB,238,7,23.0,0.0,0.0,1.0,2008,1,0.03200394559949168,0.4385357658520589,0.03200394559949168
00-0026379,2008,TE,239,7,24.0,0.0,0.0,0.0,2008,1,0.015224932654079494,0.5913055446797463,0.015224932654079494
00-0026380,2008,RB,240,7,24.0,0.0,0.0,0.0,2008,1,0.030235558763503957,0.49172455256727154,0.030235558763503957
00-0026386,2008,WR,246,7,22.0,0.0,0.0,0.0,2008,1,0.010978942926671773,0.3750239934043245,0.010978942926671773
00-0026388,2008,WR,248,7,22.0,0.0,0.0,0.0,2008,1,0.010910803873205022,0.37295333445656537,0.010910803873205022
00-0026143,2008,QB,3,1,23.0,1.0,2.0,1.0,2008,2,0.8776607726767611,0.9993091144675962,1.4734055572953786
00-0026144,2008,RB,4,1,21.0,1.0,1.0,1.0,2008,2,0.9758091066066554,0.9996096782763406,1.7485139754994798
00-0026153,2008,RB,13,1,21.0,1.0,2.0,1.0,2008,2,0.9330197632525312,0.9969760439445176,1.5687562743309185
00-0026158,2008,QB,18,1,23.0,1.0,2.0,1.0,2008,2,0.7464365829904933,0.9915259753414251,1.1202826897964528
00-0026162,2008,RB,22,1,21.0,1.0,1.0,1.0,2008,2,0.8965477515835789,0.9924837843667433,1.4619476748549505
00-0026163,2008,RB,23,1,21.0,1.0,1.0,1.0,2008,2,0.8927689141153469,0.9918845310328019,1.4521591821044066
00-0026164,2008,RB,24,1,22.0,1.0,2.0,1.0,2008,2,0.8898037285503049,0.9935467041325414,1.4331735703201034
00-0026170,2008,TE,30,1,23.0,1.0,2.0,1.0,2008,2,0.6598360512583595,0.9928988149756811,0.9353990403095362
00-0026173,2008,WR,33,2,24.0,1.0,2.0,1.0,2008,2,0.5420103580569665,0.9900774631492235,0.7214406066971085
00-0026174,2008,WR,34,2,21.0,0.0,0.0,1.0,2008,2,0.5311288176204704,0.9744210950617399,0.7316317666309815
00-0026176,2008,WR,36,2,23.0,0.0,0.0,1.0,2008,2,0.5252800169870789,0.984593166205294,0.7051326128553638
00-0026178,2008,TE,38,2,24.0,1.0,2.0,1.0,2008,2,0.5045965758796899,0.990662042989948,0.6708699404810468
00-0026181,2008,WR,41,2,22.0,0.0,0.0,1.0,2008,2,0.501142407411106,0.9744757452426248,0.6783663079053475
00-0026182,2008,WR,42,2,22.0,1.0,1.0,1.0,2008,2,0.4970268031419275,0.9734885579577218,0.6724658346747199
00-0026184,2008,RB,44,2,22.0,1.0,2.0,1.0,2008,2,0.7378856094277499,0.9776932555425885,1.056532430031016
00-0026186,2008,WR,46,2,22.0,0.0,0.0,1.0,2008,2,0.48149807258086724,0.9694162991323592,0.6505083047452086
00-0026188,2008,TE,48,2,22.0,1.0,1.0,1.0,2008,2,0.46492783807409394,0.975401703855714,0.6322463830353189
00-0026189,2008,WR,49,2,21.0,1.0,2.0,1.0,2008,2,0.468792563911035,0.9547480599035926,0.6404556822072227
00-0026191,2008,WR,51,2,21.0,0.0,0.0,1.0,2008,2,0.4619928585508284,0.9518699417694707,0.6309616413788461
00-0026193,2008,WR,53,2,23.0,0.0,0.0,1.0,2008,2,0.459334328888792,0.97158701767023,0.6132307693602855
00-0026195,2008,RB,55,2,21.0,1.0,1.0,1.0,2008,2,0.6954918257181385,0.9563668554993373,1.0012483606448979
00-0026196,2008,QB,56,2,22.0,0.0,0.0,1.0,2008,2,0.5001801623830923,0.9347677426937782,0.6604270900035765
00-0026197,2008,QB,57,2,23.0,1.0,1.0,1.0,2008,2,0.49992764243958465,0.9499021813722098,0.6535854317492852
00-0026198,2008,WR,58,2,22.0,0.0,0.0,1.0,2008,2,0.44216011852333525,0.9561211071576246,0.5969116846958397
00-0026201,2008,TE,61,2,21.0,0.0,0.0,1.0,2008,2,0.42669382924184507,0.9521762777656181,0.5910214699891108
00-0026204,2008,RB,64,3,21.0,1.0,2.0,1.0,2008,2,0.5454423007886078,0.9322378764648305,0.7195482860084286
00-0026210,2008,WR,70,3,21.0,1.0,1.0,1.0,2008,2,0.2940912614604973,0.9063937326914319,0.38201445690528213
00-0026213,2008,RB,73,3,21.0,1.0,1.0,1.0,2008,2,0.5158890089076545,0.9162719429741296,0.6848458047056856
00-0026216,2008,TE,76,3,23.0,0.0,0.0,1.0,2008,2,0.284632043227821,0.9546317191932538,0.3748448549219525
00-0026221,2008,WR,81,3,22.0,0.0,0.0,1.0,2008,2,0.2753756910620373,0.9120780834193911,0.35631380979674854
00-0026224,2008,WR,84,3,23.0,0.0,0.0,1.0,2008,2,0.2719853704331251,0.9299130901108905,0.34925497102828196
00-0026225,2008,TE,85,3,24.0,0.0,0.0,1.0,2008,2,0.2724010291915974,0.9597686628116088,0.3594681494899157
00-0026229,2008,RB,89,3,22.0,1.0,2.0,1.0,2008,2,0.47317370651733065,0.9131672664574603,0.6277951753285969
00-0026231,2008,TE,91,3,21.0,1.0,1.0,1.0,2008,2,0.25966902416780385,0.8954922347948608,0.35276608448100555
00-0026234,2008,QB,94,3,23.0,0.0,0.0,1.0,2008,2,0.3195327891454125,0.8847468510942974,0.38432247152285404
00-0026235,2008,WR,95,3,22.0,1.0,1.0,1.0,2008,2,0.2541817821835923,0.889093459952153,0.3325583633006922
00-0026237,2008,WR,97,3,23.0,1.0,1.0,1.0,2008,2,0.2529621273004866,0.9131492069657328,0.3284780802086743
00-0026245,2008,WR,105,4,22.0,0.0,0.0,1.0,2008,2,0.16087366501364259,0.847812331516878,0.204873775057329
00-0026246,2008,WR,106,4,23.0,0.0,0.0,1.0,2008,2,0.16105107934522964,0.881540239652892,0.20318310925459238
00-0026251,2008,TE,111,4,23.0,0.0,0.0,1.0,2008,2,0.15963634695521262,0.9035538071747298,0.20966738967761034
00-0026262,2008,RB,122,4,23.0,0.0,0.0,1.0,2008,2,0.2908904580043121,0.8706954500212676,0.37243118255896857
00-0026265,2008,WR,125,4,23.0,0.0,0.0,0.0,2008,2,0.1464069397259239,0.8507542190628301,0.1882408449213388
00-0026266,2008,WR,126,4,22.0,0.0,0.0,1.0,2008,2,0.14476094250902555,0.805772026164671,0.18801973051313492
00-0026267,2008,TE,127,4,23.0,0.0,0.0,1.0,2008,2,0.14886241695669378,0.8830430569418387,0.19840789798581873
00-0026268,2008,WR,128,4,23.0,0.0,0.0,1.0,2008,2,0.1443936893427765,0.8458197656034808,0.18618834488373567
00-0026272,2008,TE,132,4,25.0,0.0,0.0,1.0,2008,2,0.147837447591011,0.9288690098079208,0.19489670724151814
00-0026276,2008,WR,136,5,23.0,0.0,0.0,1.0,2008,2,0.08886119570905918,0.802502852812623,0.11252512503587549
nogsis:2008:137,2008,QB,137,5,,0.0,0.0,0.0,2008,2,0.1237855353763359,0.7512347127840302,0.135374533171418
00-0026279,2008,RB,139,5,22.0,0.0,0.0,1.0,2008,2,0.17895110706414047,0.7637224846631373,0.23292854965897655
00-0026281,2008,TE,141,5,22.0,0.0,0.0,1.0,2008,2,0.08928190755882952,0.7936324380451371,0.11928757515717306
00-0026289,2008,RB,149,5,22.0,1.0,2.0,1.0,2008,2,0.16992753770512217,0.7412291511169452,0.22483687828375012
00-0026293,2008,WR,153,5,22.0,0.0,0.0,1.0,2008,2,0.08197021045256764,0.7123249383979912,0.10656243352600338
00-0026296,2008,QB,156,5,23.0,0.0,0.0,1.0,2008,2,0.11695083750858157,0.7156403568559325,0.12800342904683176
00-0026298,2008,TE,158,5,22.0,0.0,0.0,1.0,2008,2,0.08376367385639308,0.7621576360836583,0.11363951932746427
00-0026300,2008,QB,160,5,22.0,0.0,0.0,1.0,2008,2,0.11486292547719051,0.6416490314480975,0.12726239467163353
00-0026302,2008,QB,162,5,22.0,0.0,0.0,0.0,2008,2,0.11423652690328596,0.6376304866221911,0.12657898963321107
00-0026306,2008,RB,166,5,24.0,0.0,0.0,1.0,2008,2,0.15868747595839364,0.8136964241985913,0.20614120240696907
00-0026311,2008,WR,171,6,22.0,0.0,0.0,0.0,2008,2,0.04748031481145263,0.6282504151277686,0.06175659693757024
00-0026312,2008,RB,172,6,22.0,0.0,0.0,0.0,2008,2,0.09774177386738526,0.645780777113897,0.1341422008176308
00-0026314,2008,WR,174,6,23.0,1.0,1.0,1.0,2008,2,0.04729558307904985,0.6902903602363799,0.06089934684143907
00-0026316,2008,RB,176,6,22.0,0.0,0.0,1.0,2008,2,0.09592805044801585,0.6365819501968251,0.13251592529807638
00-0026319,2008,RB,179,6,23.0,0.0,0.0,1.0,2008,2,0.09528320446524324,0.6976306051809635,0.12860863397397115
00-0026322,2008,WR,182,6,23.0,0.0,0.0,1.0,2008,2,0.045930947322067074,0.6745418680438691,0.05952673102210035
00-0026326,2008,QB,186,6,25.0,0.0,0.0,0.0,2008,2,0.06911084841057363,0.747191295496022,0.07228577427083216
00-0026331,2008,WR,191,6,23.0,0.0,0.0,0.0,2008,2,0.04450742352427427,0.6571822662236526,0.058090809120553075
00-0026333,2008,WR,193,6,24.0,0.0,0.0,1.0,2008,2,0.04453604587915362,0.7188568641089682,0.057665478090537285
00-0026336,2008,TE,196,6,22.0,0.0,0.0,1.0,2008,2,0.04602567870501341,0.649542430088599,0.0639687113278633
00-0026338,2008,QB,198,6,24.0,0.0,0.0,0.0,2008,2,0.06665160506498746,0.666204397077705,0.07057246857335656
00-0026342,2008,RB,202,6,22.0,0.0,0.0,1.0,2008,2,0.08567657846760206,0.5795478604392676,0.12315298487715987
00-0026344,2008,RB,204,6,24.0,0.0,0.0,0.0,2008,2,0.08620215271772788,0.7137234245753766,0.11758918436233148
00-0026345,2008,WR,205,6,22.0,1.0,1.0,1.0,2008,2,0.042181166876651785,0.5576224312654791,0.05625771775038982
00-0026347,2008,TE,207,6,23.0,0.0,0.0,0.0,2008,2,0.04490983536470596,0.6972855785399391,0.061832829459680064
00-0026349,2008,QB,209,7,23.0,0.0,0.0,1.0,2008,2,0.03989068751554402,0.5270125349029648,0.04239419196876773
00-0026353,2008,RB,213,7,23.0,0.0,0.0,1.0,2008,2,0.05143725255315126,0.5821040430228864,0.07417571453659672
00-0026355,2008,WR,215,7,23.0,0.0,0.0,1.0,2008,2,0.02522503452065232,0.5639567213596625,0.033128793901275315
00-0026357,2008,WR,217,7,23.0,0.0,0.0,1.0,2008,2,0.02506996148507524,0.560271889852179,0.0329692668272357
00-0026363,2008,QB,223,7,23.0,0.0,0.0,0.0,2008,2,0.038674301015314466,0.5042900561396795,0.0411594905557848
00-0026364,2008,WR,224,7,21.0,0.0,0.0,1.0,2008,2,0.024175022607728563,0.39679895280924327,0.03290589807676396
00-0026366,2008,WR,226,7,22.0,0.0,0.0,1.0,2008,2,0.02421555100945667,0.46796524198982015,0.0324775446801582
00-0026372,2008,TE,232,7,23.0,0.0,0.0,1.0,2008,2,0.0257298161650949,0.610529814152509,0.036090518877823136
00-0026373,2008,RB,233,7,22.0,1.0,1.0,1.0,2008,2,0.04727546400619561,0.46765695209990465,0.07250964235949736
00-0026377,2008,WR,237,7,22.0,0.0,0.0,0.0,2008,2,0.023460108852974264,0.44889082575234773,0.03167279023596294
00-0026378,2008,RB,238,7,23.0,0.0,0.0,1.0,2008,2,0.04676623368117266,0.5345439251450612,0.0698244973240725
00-0026379,2008,TE,239,7,24.0,0.0,0.0,0.0,2008,2,0.02546918983614756,0.6696898021030445,0.035186931708327096
00-0026380,2008,RB,240,7,24.0,0.0,0.0,0.0,2008,2,0.046776943301391274,0.6055677924712507,0.06784052722584064
00-0026386,2008,WR,246,7,22.0,0.0,0.0,0.0,2008,2,0.02288379493937529,0.4340334354255356,0.03105718063281529
00-0026388,2008,WR,248,7,22.0,0.0,0.0,0.0,2008,2,0.0227604309366248,0.43082034242244455,0.03092520802155308
00-0026143,2008,QB,3,1,23.0,1.0,3.0,1.0,2008,3,0.9255134066767212,0.9991899072275608,2.1357346591966606
00-0026144,2008,RB,4,1,21.0,1.0,2.0,1.0,2008,3,0.9795610950954242,0.9993543017760741,2.536061654955434
00-0026153,2008,RB,13,1,21.0,1.0,3.0,1.0,2008,3,0.9343706552053869,0.9960337010395334,2.2587883408612663
00-0026158,2008,QB,18,1,23.0,1.0,3.0,1.0,2008,3,0.8043477324867255,0.9918659511595456,1.7084810231768102
00-0026162,2008,RB,22,1,21.0,1.0,2.0,1.0,2008,3,0.8922626182389661,0.9911128476318964,2.1027100949116595
00-0026163,2008,RB,23,1,21.0,1.0,2.0,1.0,2008,3,0.8877823313455884,0.9904879253283522,2.0886610271373023
00-0026164,2008,RB,24,1,22.0,1.0,3.0,1.0,2008,3,0.8843255591777437,0.9928690108313539,2.0502631482550617
00-0026170,2008,TE,30,1,23.0,1.0,3.0,1.0,2008,3,0.7629308736245928,0.9921272648451803,1.6301343784594304
00-0026173,2008,WR,33,2,24.0,1.0,2.0,1.0,2008,3,0.6787032472050463,0.9905855066696357,1.2106763309466002
00-0026174,2008,WR,34,2,21.0,0.0,0.0,1.0,2008,3,0.6670181359755935,0.971876472517666,1.2706305805589415
00-0026176,2008,WR,36,2,23.0,1.0,1.0,1.0,2008,3,0.6609060442859096,0.9847685295223596,1.2040394370216936
00-0026178,2008,TE,38,2,24.0,1.0,2.0,1.0,2008,3,0.6230809183223164,0.9905647132132435,1.1506272166187297
00-0026181,2008,WR,41,2,22.0,0.0,0.0,1.0,2008,3,0.6345485185091982,0.9738479064820331,1.1835726397390978
00-0026182,2008,WR,42,2,22.0,1.0,2.0,1.0,2008,3,0.6299834577511589,0.9729091526810969,1.1756535317470453
00-0026184,2008,RB,44,2,22.0,1.0,3.0,1.0,2008,3,0.7298982555921647,0.978330912127239,1.4698416933359009
00-0026186,2008,WR,46,2,22.0,0.0,0.0,1.0,2008,3,0.6125451195426425,0.9690612092653603,1.146025162367839
00-0026188,2008,TE,48,2,22.0,1.0,1.0,1.0,2008,3,0.5563802215754919,0.9733432705470922,1.0867517913604228
00-0026189,2008,WR,49,2,21.0,1.0,3.0,1.0,2008,3,0.5979563835392916,0.9522635531759569,1.1474155452893926
00-0026191,2008,WR,51,2,21.0,0.0,0.0,1.0,2008,3,0.590095793203428,0.9494537415130093,1.1343247553142362
00-0026193,2008,WR,53,2,23.0,0.0,0.0,1.0,2008,3,0.5871501860980756,0.9730780550855737,1.0813343917633824
00-0026195,2008,RB,55,2,21.0,1.0,2.0,1.0,2008,3,0.6802058423395947,0.9572823484877552,1.4138074366230793
00-0026196,2008,QB,56,2,22.0,0.0,0.0,1.0,2008,3,0.5714498680161977,0.9421648760844951,1.080950143346961
00-0026197,2008,QB,57,2,23.0,1.0,2.0,1.0,2008,3,0.5711223668016515,0.9578681066106566,1.0585131512063701
00-0026198,2008,WR,58,2,22.0,0.0,0.0,1.0,2008,3,0.5668852484844523,0.9567191242480263,1.0725474560824995
00-0026201,2008,TE,61,2,21.0,0.0,0.0,1.0,2008,3,0.48831384355655727,0.9472918491550224,1.0054357354815684
00-0026204,2008,RB,64,3,21.0,1.0,2.0,1.0,2008,3,0.5456041396906193,0.9361173983563243,0.9927356866452897
00-0026210,2008,WR,70,3,21.0,1.0,2.0,1.0,2008,3,0.4232662382046959,0.9060147845424984,0.7227131652337342
00-0026213,2008,RB,73,3,21.0,1.0,2.0,1.0,2008,3,0.5118536963253403,0.9228475308085278,0.948817152826376
00-0026216,2008,TE,76,3,23.0,0.0,0.0,1.0,2008,3,0.33511251001606074,0.9563413075957076,0.5977480608608235
00-0026221,2008,WR,81,3,22.0,0.0,0.0,1.0,2008,3,0.39682496300754017,0.9170294174833059,0.6756661703127409
00-0026224,2008,WR,84,3,23.0,0.0,0.0,1.0,2008,3,0.392037562884495,0.9372713011479075,0.657522116245665
00-0026225,2008,TE,85,3,24.0,0.0,0.0,1.0,2008,3,0.31030868352408225,0.9636735015929718,0.5531796276113248
00-0026229,2008,RB,89,3,22.0,1.0,2.0,1.0,2008,3,0.4632970747713806,0.9263608209777809,0.8598403050941239
00-0026231,2008,TE,91,3,21.0,1.0,1.0,1.0,2008,3,0.2885423828500152,0.8918035743328568,0.5705098479946388
00-0026234,2008,QB,94,3,23.0,0.0,0.0,1.0,2008,3,0.39219706611585214,0.9077853788804348,0.6507758593527826
00-0026235,2008,WR,95,3,22.0,1.0,2.0,1.0,2008,3,0.3661865325425769,0.8968728001323559,0.6398618516912786
00-0026237,2008,WR,97,3,23.0,1.0,1.0,1.0,2008,3,0.36447381373456994,0.9232825523570896,0.626458336133138
00-0026245,2008,WR,105,4,22.0,0.0,0.0,1.0,2008,3,0.26001685573876465,0.8607475070821846,0.4068664848606932
00-0026246,2008,WR,106,4,23.0,0.0,0.0,1.0,2008,3,0.26037594237393885,0.8969180943333505,0.400678842057992
00-0026251,2008,TE,111,4,23.0,0.0,0.0,1.0,2008,3,0.1798205382720846,0.9120039330132278,0.31215056526305834
00-0026262,2008,RB,122,4,23.0,0.0,0.0,1.0,2008,3,0.29359186170266377,0.9012052043661546,0.4916644729105841
00-0026265,2008,WR,125,4,23.0,0.0,0.0,0.0,2008,3,0.2353484116417319,0.8716412202471823,0.37700710545718086
00-0026266,2008,WR,126,4,22.0,0.0,0.0,1.0,2008,3,0.2324668144482284,0.8245362410832827,0.37993213627356337
00-0026267,2008,TE,127,4,23.0,1.0,1.0,1.0,2008,3,0.15899950471952978,0.8947498909974195,0.2887679484613931
00-0026268,2008,WR,128,4,23.0,0.0,0.0,1.0,2008,3,0.23188868821936734,0.8675985309094892,0.37371393339682646
00-0026272,2008,TE,132,4,25.0,0.0,0.0,1.0,2008,3,0.15590849481282523,0.9424453207817208,0.2699118532517052
00-0026276,2008,WR,136,5,23.0,0.0,0.0,1.0,2008,3,0.15938705823434457,0.8317077402229144,0.23209948186118481
nogsis:2008:137,2008,QB,137,5,,0.0,0.0,0.0,2008,3,0.18211908754020675,0.8051006940586477,0.24049342250698552
00-0026279,2008,RB,139,5,22.0,1.0,1.0,1.0,2008,3,0.19190830498618203,0.8118792036348721,0.30672575721613876
00-0026281,2008,TE,141,5,22.0,0.0,0.0,1.0,2008,3,0.09920976921335434,0.8083284321062464,0.17236426688940235
00-0026289,2008,RB,149,5,22.0,1.0,3.0,1.0,2008,3,0.18105700052628818,0.7949582719816842,0.29714540811619244
00-0026293,2008,WR,153,5,22.0,0.0,0.0,1.0,2008,3,0.14574733541015972,0.7435515248543614,0.22337094906824242
00-0026296,2008,QB,156,5,23.0,0.0,0.0,1.0,2008,3,0.17048036644605818,0.7774302147512605,0.23052343303828624
00-0026298,2008,TE,158,5,22.0,0.0,0.0,1.0,2008,3,0.08856701249929314,0.7810296596094525,0.1611234554242183
00-0026300,2008,QB,160,5,22.0,0.0,0.0,1.0,2008,3,0.1669438256396422,0.7030524597370489,0.23179656112030436
00-0026302,2008,QB,162,5,22.0,0.0,0.0,0.0,2008,3,0.1658800885424015,0.6996922009127099,0.23085011904086666
00-0026306,2008,RB,166,5,24.0,0.0,0.0,1.0,2008,3,0.16780143493031535,0.8699746758402289,0.2628791229765538
00-0026311,2008,WR,171,6,22.0,0.0,0.0,0.0,2008,3,0.09324007716450215,0.6695873682693254,0.1324869501574889
00-0026312,2008,RB,172,6,22.0,0.0,0.0,0.0,2008,3,0.1117732139037104,0.7196305825265297,0.172839612802148
00-0026314,2008,WR,174,6,23.0,1.0,2.0,1.0,2008,3,0.09285340962609373,0.7381451785660801,0.13081719018180202
00-0026316,2008,RB,176,6,22.0,0.0,0.0,1.0,2008,3,0.1094442469212363,0.7124183832478221,0.17096098108046046
00-0026319,2008,RB,179,6,23.0,0.0,0.0,1.0,2008,3,0.10868463878049456,0.7750867211661381,0.1627501888098041
00-0026322,2008,WR,182,6,23.0,0.0,0.0,1.0,2008,3,0.0898140196631943,0.7248732763980245,0.12845833906607085
00-0026326,2008,QB,186,6,25.0,0.0,0.0,0.0,2008,3,0.11033267148804501,0.8241892688918905,0.1320250391676878
00-0026331,2008,WR,191,6,23.0,0.0,0.0,1.0,2008,3,0.08665056563830033,0.7101669677448411,0.12597413290235326
00-0026333,2008,WR,193,6,24.0,0.0,0.0,1.0,2008,3,0.0867377533500711,0.7749913505974454,0.1252042018855215
00-0026336,2008,TE,196,6,22.0,0.0,0.0,1.0,2008,3,0.04815119765238551,0.6821302320862752,0.08589683996167269
00-0026338,2008,QB,198,6,24.0,0.0,0.0,0.0,2008,3,0.10569121251428823,0.7517688713247823,0.13013285958856022
00-0026342,2008,RB,202,6,22.0,0.0,0.0,1.0,2008,3,0.09636136258626989,0.6669822726337129,0.16010804081031077
00-0026344,2008,RB,204,6,24.0,0.0,0.0,0.0,2008,3,0.09715061742676853,0.800867606868923,0.14714284549327655
00-0026345,2008,WR,205,6,22.0,1.0,2.0,1.0,2008,3,0.0814760521079839,0.6067477006152077,0.12297746772255892
00-0026347,2008,TE,207,6,23.0,0.0,0.0,0.0,2008,3,0.04588972303441228,0.7387358835430541,0.08027270281084262
00-0026349,2008,QB,209,7,23.0,0.0,0.0,1.0,2008,3,0.0695116272306547,0.6203657806021936,0.07858305978188654
00-0026353,2008,RB,213,7,23.0,0.0,0.0,1.0,2008,3,0.0630285989558495,0.6852431273168824,0.09149532795077087
00-0026355,2008,WR,215,7,23.0,0.0,0.0,1.0,2008,3,0.0537888604122089,0.6288463030304873,0.07356551619342305
00-0026357,2008,WR,217,7,23.0,0.0,0.0,1.0,2008,3,0.05340617457456033,0.6255912420053373,0.07328482264336356
00-0026363,2008,QB,223,7,23.0,0.0,0.0,0.0,2008,3,0.06696709112160924,0.600455810452802,0.07686889169766861
00-0026364,2008,WR,224,7,21.0,1.0,1.0,1.0,2008,3,0.051174217307497286,0.438624792869579,0.07299234176095627
00-0026366,2008,WR,226,7,22.0,0.0,0.0,1.0,2008,3,0.05128824832910388,0.5239990149559043,0.07227089355047736
00-0026372,2008,TE,232,7,23.0,0.0,0.0,1.0,2008,3,0.0272338001265883,0.6638880623451449,0.044963010744676186
00-0026373,2008,RB,233,7,22.0,1.0,2.0,1.0,2008,3,0.05726604802013056,0.5703602337063448,0.09156036228228585
00-0026377,2008,WR,237,7,22.0,0.0,0.0,1.0,2008,3,0.04943648602346987,0.5061534260512471,0.07084837256769722
00-0026378,2008,RB,238,7,23.0,0.0,0.0,1.0,2008,3,0.05660684670042927,0.6471969963667393,0.08665369031963559
00-0026379,2008,TE,239,7,24.0,0.0,0.0,0.0,2008,3,0.026628178283767175,0.7297011714499335,0.04268049476670962
00-0026380,2008,RB,240,7,24.0,0.0,0.0,0.0,2008,3,0.05665870831546812,0.7211169804360262,0.08289032693631464
00-0026386,2008,WR,246,7,22.0,0.0,0.0,0.0,2008,3,0.048028774685008165,0.4921448244449199,0.06975332182827719
00-0026388,2008,WR,248,7,22.0,0.0,0.0,0.0,2008,3,0.04772802143508402,0.4891023276725681,0.06951777732917601
00-0026143,2008,QB,3,1,23.0,1.0,4.0,1.0,2008,4,0.9701961486846893,0.9995730539228692,3.1776655393273545
00-0026144,2008,RB,4,1,21.0,1.0,3.0,1.0,2008,4,0.9860432326972552,0.999401871311133,3.517030627041593
00-0026153,2008,RB,13,1,21.0,1.0,4.0,1.0,2008,4,0.9504571843428218,0.9970813547140945,3.0620706417707306
00-0026158,2008,QB,18,1,23.0,1.0,4.0,1.0,2008,4,0.8770133887211359,0.9961162969876862,2.4325257919776413
00-0026162,2008,RB,22,1,21.0,1.0,3.0,1.0,2008,4,0.9146850575846329,0.9940899835401529,2.7780576412594984
00-0026163,2008,RB,23,1,21.0,1.0,3.0,1.0,2008,4,0.9107693533085367,0.9937276506638407,2.7522982909939677
00-0026164,2008,RB,24,1,22.0,1.0,4.0,1.0,2008,4,0.9055291411981377,0.9956673504219209,2.660103275190196
00-0026170,2008,TE,30,1,23.0,1.0,4.0,1.0,2008,4,0.7919098713986452,0.9971253442181893,2.099329322617181
00-0026173,2008,WR,33,2,24.0,1.0,2.0,1.0,2008,4,0.7408045368510351,0.9938726333637965,1.677965221411783
00-0026174,2008,WR,34,2,21.0,0.0,0.0,1.0,2008,4,0.7448060941982154,0.9772814621685493,1.8888379749760407
00-0026176,2008,WR,36,2,23.0,1.0,2.0,1.0,2008,4,0.7289144769329876,0.9894850697706393,1.7017603719265857
00-0026178,2008,TE,38,2,24.0,1.0,2.0,1.0,2008,4,0.6684200605576146,0.9963221294484419,1.4801862424359826
00-0026181,2008,WR,41,2,22.0,0.0,0.0,1.0,2008,4,0.7089109514756355,0.9809777375279212,1.7027767200181305
00-0026182,2008,WR,42,2,22.0,1.0,2.0,1.0,2008,4,0.7045025944413708,0.9803730831191108,1.689155288329957
00-0026184,2008,RB,44,2,22.0,1.0,4.0,1.0,2008,4,0.7797161203541091,0.986263757263787,1.8881372010295996
00-0026186,2008,WR,46,2,22.0,1.0,1.0,1.0,2008,4,0.6875176198234728,0.9779160344328872,1.6381259937103563
00-0026188,2008,TE,48,2,22.0,1.0,2.0,1.0,2008,4,0.608776433566229,0.9880816789223035,1.4437657485255104
00-0026189,2008,WR,49,2,21.0,1.0,4.0,1.0,2008,4,0.6788608945522551,0.9636549060500044,1.6774480239655332
00-0026191,2008,WR,51,2,21.0,0.0,0.0,1.0,2008,4,0.6711150873491633,0.9617533263895635,1.65485991634132
00-0026193,2008,WR,53,2,23.0,0.0,0.0,1.0,2008,4,0.6565038007378579,0.9825746011536544,1.490663563798917
00-0026195,2008,RB,55,2,21.0,1.0,3.0,1.0,2008,4,0.7374920188307006,0.9719173695742597,1.829488055026285
00-0026196,2008,QB,56,2,22.0,0.0,0.0,1.0,2008,4,0.6665386310749472,0.9667553891349872,1.5370859346385495
00-0026197,2008,QB,57,2,23.0,1.0,3.0,1.0,2008,4,0.6596661646868257,0.9776308364731725,1.4604299769388631
00-0026198,2008,WR,58,2,22.0,0.0,0.0,1.0,2008,4,0.6419755634572707,0.9702185174114013,1.511355032463552
00-0026201,2008,TE,61,2,21.0,0.0,0.0,1.0,2008,4,0.5399150025309483,0.9747766521961927,1.3453207990389497
00-0026204,2008,RB,64,3,21.0,1.0,3.0,1.0,2008,4,0.6317065681531072,0.9522569125753161,1.3400662739512548
00-0026210,2008,WR,70,3,21.0,1.0,2.0,1.0,2008,4,0.5269556597167376,0.9211715930032588,1.1222493167855145
00-0026213,2008,RB,73,3,21.0,1.0,2.0,1.0,2008,4,0.5972494258775148,0.9435234472630197,1.2678419996883796
00-0026216,2008,TE,76,3,23.0,0.0,0.0,1.0,2008,4,0.38446353692786656,0.979356741589733,0.7889031222932493
00-0026221,2008,WR,81,3,22.0,1.0,1.0,1.0,2008,4,0.49083655721337,0.9366924277450578,1.0029627834555754
00-0026224,2008,WR,84,3,23.0,0.0,0.0,1.0,2008,4,0.478882290831581,0.9558679954585524,0.9397108753159114
00-0026225,2008,TE,85,3,24.0,0.0,0.0,1.0,2008,4,0.34852372047027164,0.9842149009564466,0.6949738223190769
00-0026229,2008,RB,89,3,22.0,1.0,2.0,1.0,2008,4,0.5396820194673134,0.9515764850959311,1.0915064995207042
00-0026231,2008,TE,91,3,21.0,1.0,2.0,1.0,2008,4,0.3400593703280359,0.9399134217899711,0.7891152956022317
00-0026234,2008,QB,94,3,23.0,0.0,0.0,1.0,2008,4,0.4780314752057115,0.9433766935453464,0.9119983585464124
00-0026235,2008,WR,95,3,22.0,1.0,3.0,1.0,2008,4,0.4557732980786496,0.9229588949202454,0.9365451925260426
00-0026237,2008,WR,97,3,23.0,1.0,1.0,1.0,2008,4,0.44731540629835176,0.9470948581119168,0.8827667350374155
00-0026245,2008,WR,105,4,22.0,0.0,0.0,1.0,2008,4,0.3562873697163449,0.881185760479761,0.6491527289125303
00-0026246,2008,WR,106,4,23.0,0.0,0.0,1.0,2008,4,0.35077243566857885,0.9183694646668249,0.6151679198630448
00-0026251,2008,TE,111,4,23.0,0.0,0.0,1.0,2008,4,0.21971368012635428,0.9518734909441976,0.434208583500463
00-0026262,2008,RB,122,4,23.0,0.0,0.0,1.0,2008,4,0.37020500529835515,0.9331182552146696,0.6134943707749454
00-0026265,2008,WR,125,4,23.0,0.0,0.0,0.0,2008,4,0.3183932579434886,0.9004360931393997,0.5671849704254622
00-0026266,2008,WR,126,4,22.0,1.0,1.0,1.0,2008,4,0.3202912695199277,0.8534960044303113,0.5937182135037067
00-0026267,2008,TE,127,4,23.0,1.0,1.0,1.0,2008,4,0.19236322298195527,0.942510250567328,0.3931659350514142
00-0026268,2008,WR,128,4,23.0,0.0,0.0,1.0,2008,4,0.31386788947765176,0.8975850797220551,0.5605678813272132
00-0026272,2008,TE,132,4,25.0,0.0,0.0,1.0,2008,4,0.18030852800973687,0.9734445771693192,0.34070076334269284
00-0026276,2008,WR,136,5,23.0,0.0,0.0,1.0,2008,4,0.23841014234206806,0.8511166507050211,0.38962436105861326
nogsis:2008:137,2008,QB,137,5,,0.0,0.0,0.0,2008,4,0.25754452789439514,0.8394469768334711,0.386812548930468
00-0026279,2008,RB,139,5,22.0,1.0,1.0,1.0,2008,4,0.27176868633531676,0.8433885245851022,0.4222935945756569
00-0026281,2008,TE,141,5,22.0,0.0,0.0,1.0,2008,4,0.13299121815277654,0.8670302627740536,0.27215714959464066
00-0026289,2008,RB,149,5,22.0,1.0,3.0,1.0,2008,4,0.25683082721150785,0.8306295255425017,0.4058151561455009
00-0026293,2008,WR,153,5,22.0,0.0,0.0,1.0,2008,4,0.22276811625475937,0.7610027000110832,0.3830128384069048
00-0026296,2008,QB,156,5,23.0,0.0,0.0,1.0,2008,4,0.23706617277652675,0.8166524450046333,0.36219930912827825
00-0026298,2008,TE,158,5,22.0,0.0,0.0,1.0,2008,4,0.11750482107598896,0.8476530337527768,0.2490444565167677
00-0026300,2008,QB,160,5,22.0,0.0,0.0,1.0,2008,4,0.23603847932071403,0.7375634915189316,0.37814889475555574
00-0026302,2008,QB,162,5,22.0,0.0,0.0,0.0,2008,4,0.23414541530203395,0.7345850610579627,0.3758096309174465
00-0026306,2008,RB,166,5,24.0,0.0,0.0,1.0,2008,4,0.22907652184625232,0.9091307770560577,0.3228724778593853
00-0026311,2008,WR,171,6,22.0,0.0,0.0,0.0,2008,4,0.15794666277004005,0.6601342351155497,0.2582152297890875
00-0026312,2008,RB,172,6,22.0,0.0,0.0,0.0,2008,4,0.17550772561634767,0.7407274727901835,0.2517685872889272
00-0026314,2008,WR,174,6,23.0,1.0,2.0,1.0,2008,4,0.15385229927887312,0.7446166447244036,0.24487097281719195
00-0026316,2008,RB,176,6,22.0,0.0,0.0,1.0,2008,4,0.17185860295728964,0.7347370585004591,0.24821849439861685
00-0026319,2008,RB,179,6,23.0,0.0,0.0,1.0,2008,4,0.16700963245472888,0.8061630060372186,0.2256058212448942
00-0026322,2008,WR,182,6,23.0,0.0,0.0,1.0,2008,4,0.1487580271665457,0.7331340068963701,0.23848794579802077
00-0026326,2008,QB,186,6,25.0,0.0,0.0,0.0,2008,4,0.15772830572900945,0.8567084475952513,0.21026615420628303
00-0026331,2008,WR,191,6,23.0,0.0,0.0,1.0,2008,4,0.14344386038963658,0.7204449972468681,0.23181662128612524
00-0026333,2008,WR,193,6,24.0,0.0,0.0,1.0,2008,4,0.14040444329875157,0.7961035710148612,0.22126385902350404
00-0026336,2008,TE,196,6,22.0,0.0,0.0,1.0,2008,4,0.0684979088933852,0.7443966144580356,0.1487846560265204
00-0026338,2008,QB,198,6,24.0,0.0,0.0,0.0,2008,4,0.15284668832856124,0.7827585111639976,0.21272072470819559
00-0026342,2008,RB,202,6,22.0,0.0,0.0,1.0,2008,4,0.1512404476018726,0.6970366729979327,0.22803685714835714
00-0026344,2008,RB,204,6,24.0,0.0,0.0,0.0,2008,4,0.14587449031633146,0.8426975930720988,0.19119411713394166
00-0026345,2008,WR,205,6,22.0,1.0,3.0,1.0,2008,4,0.1378047304277396,0.6043837451889086,0.23222139626986266
00-0026347,2008,TE,207,6,23.0,0.0,0.0,0.0,2008,4,0.0633497982292164,0.805665951823311,0.13401718929938017
00-0026349,2008,QB,209,7,23.0,0.0,0.0,1.0,2008,4,0.11221527528988579,0.6079806096541761,0.1542719880733468
00-0026353,2008,RB,213,7,23.0,0.0,0.0,1.0,2008,4,0.1066785553558721,0.69931542643251,0.1369750876701913
00-0026355,2008,WR,215,7,23.0,0.0,0.0,1.0,2008,4,0.09821159260506555,0.6089557426216866,0.1575443955241248
00-0026357,2008,WR,217,7,23.0,0.0,0.0,1.0,2008,4,0.09749017059456196,0.6060322663083608,0.15663214319762045
00-0026363,2008,QB,223,7,23.0,0.0,0.0,0.0,2008,4,0.10685690018448957,0.5887524878716534,0.14840581263180397
00-0026364,2008,WR,224,7,21.0,1.0,2.0,1.0,2008,4,0.09779925162154975,0.3846502861516926,0.1664579958593956
00-0026366,2008,WR,226,7,22.0,0.0,0.0,1.0,2008,4,0.09573570092743273,0.4869064898008931,0.15877225532710842
00-0026372,2008,TE,232,7,23.0,0.0,0.0,1.0,2008,4,0.04065285486775423,0.7142630062235442,0.08847027342892527
00-0026373,2008,RB,233,7,22.0,1.0,2.0,1.0,2008,4,0.09897874126279352,0.5729582091084631,0.1405118647304779
00-0026377,2008,WR,237,7,22.0,0.0,0.0,1.0,2008,4,0.09216547144153169,0.47120292957698917,0.15412975296604992
00-0026378,2008,RB,238,7,23.0,0.0,0.0,1.0,2008,4,0.09553317372365235,0.6669841163421422,0.127155713285657
00-0026379,2008,TE,239,7,24.0,0.0,0.0,0.0,2008,4,0.0386459336742189,0.7865062632327825,0.08185718533186476
00-0026380,2008,RB,240,7,24.0,0.0,0.0,0.0,2008,4,0.09339302025385077,0.7526034924823589,0.11656922086912459
00-0026386,2008,WR,246,7,22.0,0.0,0.0,0.0,2008,4,0.08944970219245196,0.45892567218130675,0.15058500324155064
00-0026388,2008,WR,248,7,22.0,0.0,0.0,0.0,2008,4,0.0888693217445863,0.45626450101078864,0.14982588752786027
00-0026143,2008,QB,3,1,23.0,1.0,5.0,1.0,2008,5,0.9486916867586122,0.9996092292393708,3.81362917052937
00-0026144,2008,RB,4,1,21.0,1.0,4.0,1.0,2008,5,0.9919946265532823,0.999528713113023,4.4045008489386515
00-0026153,2008,RB,13,1,21.0,1.0,4.0,1.0,2008,5,0.9672391105786348,0.9977570197749467,3.8204016050528766
00-0026158,2008,QB,18,1,23.0,1.0,5.0,1.0,2008,5,0.8450128082946394,0.9975380414755731,2.868541539682953
00-0026162,2008,RB,22,1,21.0,1.0,4.0,1.0,2008,5,0.939628524011972,0.995506250910937,3.453883170263645
00-0026163,2008,RB,23,1,21.0,1.0,3.0,1.0,2008,5,0.9364858179735961,0.9952348978954132,3.420423037103148
00-0026164,2008,RB,24,1,22.0,1.0,5.0,1.0,2008,5,0.9271634884233718,0.997276755642251,3.1924644463946614
00-0026170,2008,TE,30,1,23.0,1.0,4.0,1.0,2008,5,0.7969465255930805,0.9982968847882471,2.53116063061043
00-0026173,2008,WR,33,2,24.0,1.0,3.0,1.0,2008,5,0.7221903852307608,0.9965042502748024,1.868432390649087
00-0026174,2008,WR,34,2,21.0,0.0,0.0,1.0,2008,5,0.7708635588096104,0.9773397090151247,2.4969809486486327
00-0026176,2008,WR,36,2,23.0,1.0,3.0,1.0,2008,5,0.7251033013650329,0.9928519285912479,2.0183985847081822
00-0026178,2008,TE,38,2,24.0,1.0,2.0,1.0,2008,5,0.674151216286253,0.9979934462964977,1.674773467274789
00-0026181,2008,WR,41,2,22.0,0.0,0.0,1.0,2008,5,0.7200309574924112,0.9847047338012078,2.142446670391762
00-0026182,2008,WR,42,2,22.0,1.0,2.0,1.0,2008,5,0.7155092159252116,0.9842775737838042,2.125449369010078
00-0026184,2008,RB,44,2,22.0,1.0,5.0,1.0,2008,5,0.819323582717374,0.9901541584189508,2.2508387567212975
00-0026186,2008,WR,46,2,22.0,1.0,1.0,1.0,2008,5,0.6980494101743401,0.982556597384688,2.0617162808393177
00-0026188,2008,TE,48,2,22.0,1.0,2.0,1.0,2008,5,0.661424217277639,0.9908414293146174,1.87291731417708
00-0026189,2008,WR,49,2,21.0,1.0,5.0,1.0,2008,5,0.7057161854546103,0.9657725603164925,2.234339361776847
00-0026191,2008,WR,51,2,21.0,0.0,0.0,1.0,2008,5,0.6979619464561843,0.9642035000653677,2.206016259148247
00-0026193,2008,WR,53,2,23.0,0.0,0.0,1.0,2008,5,0.648317342825518,0.9888452631572665,1.7570906749893773
00-0026195,2008,RB,55,2,21.0,1.0,4.0,1.0,2008,5,0.7917284579783949,0.975806408027599,2.2830332920533762
00-0026196,2008,QB,56,2,22.0,0.0,0.0,1.0,2008,5,0.6732913179086903,0.9765688679430865,1.9843951113612839
00-0026197,2008,QB,57,2,23.0,1.0,4.0,1.0,2008,5,0.6492811653948083,0.9869999747506037,1.7710847960060416
00-0026198,2008,WR,58,2,22.0,0.0,0.0,1.0,2008,5,0.6509706959404763,0.9772918545925916,1.9029358354237016
00-0026201,2008,TE,61,2,21.0,1.0,1.0,1.0,2008,5,0.6249672747923484,0.977441640879733,1.8645445005148562
00-0026204,2008,RB,64,3,21.0,1.0,3.0,1.0,2008,5,0.7019193825788748,0.952896888809574,1.7218885786187417
00-0026210,2008,WR,70,3,21.0,1.0,2.0,1.0,2008,5,0.5621252976487726,0.9195756285903269,1.5752499162508484
00-0026213,2008,RB,73,3,21.0,1.0,3.0,1.0,2008,5,0.6673734429247229,0.9444233948663455,1.6240623894498132
00-0026216,2008,TE,76,3,23.0,0.0,0.0,1.0,2008,5,0.4483722358174725,0.9858389792963723,0.9813101542895181
00-0026221,2008,WR,81,3,22.0,1.0,1.0,1.0,2008,5,0.5048574274195073,0.9471037265654942,1.306740655421087
00-0026224,2008,WR,84,3,23.0,0.0,0.0,1.0,2008,5,0.47267185892444696,0.9695513649241108,1.123194857155694
00-0026225,2008,TE,85,3,24.0,0.0,0.0,1.0,2008,5,0.3962580315216268,0.9911829502252417,0.7865867436420715
00-0026229,2008,RB,89,3,22.0,1.0,2.0,1.0,2008,5,0.5890375975227643,0.9603856709478308,1.3038820112216891
00-0026231,2008,TE,91,3,21.0,1.0,3.0,1.0,2008,5,0.4482091761601085,0.9417962354412386,1.166680038899726
00-0026234,2008,QB,94,3,23.0,0.0,0.0,1.0,2008,5,0.4951096415542112,0.9653126446318558,1.157639888633217
00-0026235,2008,WR,95,3,22.0,1.0,3.0,1.0,2008,5,0.46798198890769677,0.9370249384609198,1.2214090962226734
00-0026237,2008,WR,97,3,23.0,1.0,1.0,1.0,2008,5,0.4396184408088237,0.9642128436759925,1.053553960996362
00-0026245,2008,WR,105,4,22.0,0.0,0.0,1.0,2008,5,0.37391832167432826,0.8903755265046113,0.8816799255458119
00-0026246,2008,WR,106,4,23.0,0.0,0.0,1.0,2008,5,0.34992060648142853,0.9371162030075806,0.7548985696204715
00-0026251,2008,TE,111,4,23.0,0.0,0.0,1.0,2008,5,0.2883567803041658,0.9638852450062833,0.5683079147464729
00-0026262,2008,RB,122,4,23.0,0.0,0.0,1.0,2008,5,0.39807787687078505,0.9477957350824722,0.6999174001410593
00-0026265,2008,WR,125,4,23.0,0.0,0.0,0.0,2008,5,0.3160225166538854,0.9248461436725898,0.6963625617098222
00-0026266,2008,WR,126,4,22.0,1.0,1.0,1.0,2008,5,0.3352960570223179,0.867943529232926,0.8088675051916436
00-0026267,2008,TE,127,4,23.0,1.0,1.0,1.0,2008,5,0.2599640566341928,0.9576029643694136,0.5167005669776124
00-0026268,2008,WR,128,4,23.0,0.0,0.0,1.0,2008,5,0.3112932559730509,0.9229096856024461,0.6882858298421171
00-0026272,2008,TE,132,4,25.0,0.0,0.0,1.0,2008,5,0.2179883474554525,0.9866838503619175,0.36151888336766735
00-0026276,2008,WR,136,5,23.0,0.0,0.0,1.0,2008,5,0.24145383628208697,0.8724702899155162,0.4945702270188393
nogsis:2008:137,2008,QB,137,5,,0.0,0.0,0.0,2008,5,0.29623740215761585,0.8765672358557584,0.5370712669647697
00-0026279,2008,RB,139,5,22.0,1.0,1.0,1.0,2008,5,0.3161412130426128,0.8346545246011277,0.5452808038007873
00-0026281,2008,TE,141,5,22.0,0.0,0.0,1.0,2008,5,0.2048327969310379,0.8676803403142529,0.42248059732792326
00-0026289,2008,RB,149,5,22.0,1.0,3.0,1.0,2008,5,0.2981530037014011,0.8215553861246093,0.5228568572447355
00-0026293,2008,WR,153,5,22.0,0.0,0.0,1.0,2008,5,0.2389102833009367,0.7628348847534006,0.5475393519633259
00-0026296,2008,QB,156,5,23.0,0.0,0.0,1.0,2008,5,0.2781213016679041,0.861374322999794,0.5078071972278226
00-0026298,2008,TE,158,5,22.0,0.0,0.0,1.0,2008,5,0.1858721663905101,0.8506231231718628,0.3890757960030374
00-0026300,2008,QB,160,5,22.0,0.0,0.0,1.0,2008,5,0.29402994660899273,0.7654460777131514,0.5915959272775934
00-0026302,2008,QB,162,5,22.0,0.0,0.0,0.0,2008,5,0.29227548823651334,0.7631446191591086,0.5884994030513737
00-0026306,2008,RB,166,5,24.0,0.0,0.0,1.0,2008,5,0.23542609049584423,0.932114632037893,0.35105432861258423
00-0026311,2008,WR,171,6,22.0,0.0,0.0,0.0,2008,5,0.17419546662746851,0.6341262846608814,0.3867305537909487
00-0026312,2008,RB,172,6,22.0,0.0,0.0,0.0,2008,5,0.20993920522464116,0.7000457301737709,0.34182037125785797
00-0026314,2008,WR,174,6,23.0,1.0,3.0,1.0,2008,5,0.15876383877277442,0.7590921239540951,0.3233605807417897
00-0026316,2008,RB,176,6,22.0,0.0,0.0,1.0,2008,5,0.20533634777745421,0.6936101176862395,0.336789491858531
00-0026319,2008,RB,179,6,23.0,0.0,0.0,1.0,2008,5,0.18709415819901593,0.8041750780040369,0.28056946215612055
00-0026322,2008,WR,182,6,23.0,0.0,0.0,1.0,2008,5,0.15328138477050532,0.7494192661522092,0.31549831032632575
00-0026326,2008,QB,186,6,25.0,0.0,0.0,0.0,2008,5,0.17386190521603784,0.9162582760244515,0.24093927847996086
00-0026331,2008,WR,191,6,23.0,0.0,0.0,1.0,2008,5,0.14756822790128377,0.7387490833568106,0.3072663683515692
00-0026333,2008,WR,193,6,24.0,0.0,0.0,1.0,2008,5,0.13486442905563728,0.8382580763522236,0.2572586322705709
00-0026336,2008,TE,196,6,22.0,0.0,0.0,1.0,2008,5,0.11919628728431432,0.7277348322901894,0.2511305396242216
00-0026338,2008,QB,198,6,24.0,0.0,0.0,0.0,2008,5,0.18154001033828415,0.8468781547114772,0.27782740910004
00-0026342,2008,RB,202,6,22.0,0.0,0.0,1.0,2008,5,0.1793218177336279,0.6535024791735579,0.308152935808356
00-0026344,2008,RB,204,6,24.0,0.0,0.0,0.0,2008,5,0.15145067909340637,0.8649816994919969,0.21679101208734688
00-0026345,2008,WR,205,6,22.0,1.0,4.0,1.0,2008,5,0.15133595235342326,0.5840463286193691,0.3509231035522517
00-0026347,2008,TE,207,6,23.0,0.0,0.0,0.0,2008,5,0.10403958635321735,0.8225056183155002,0.2021826461977405
00-0026349,2008,QB,209,7,23.0,0.0,0.0,1.0,2008,5,0.1490434160836318,0.6335767811248166,0.23446434217007964
00-0026353,2008,RB,213,7,23.0,0.0,0.0,1.0,2008,5,0.12183875637277937,0.6666255319953985,0.17866483453916882
00-0026355,2008,WR,215,7,23.0,0.0,0.0,1.0,2008,5,0.10359230458280741,0.6017742078413352,0.21672563920659127
00-0026357,2008,WR,217,7,23.0,0.0,0.0,1.0,2008,5,0.10279854828584994,0.5991951151396314,0.21559155991963755
00-0026363,2008,QB,223,7,23.0,0.0,0.0,0.0,2008,5,0.1435250833149589,0.6179633396978653,0.22713529648428182
00-0026364,2008,WR,224,7,21.0,1.0,3.0,1.0,2008,5,0.11861738082937157,0.29512273002408435,0.3007736948700829
00-0026366,2008,WR,226,7,22.0,0.0,0.0,1.0,2008,5,0.10822637380587855,0.43462355506598344,0.251254034109586
00-0026372,2008,TE,232,7,23.0,0.0,0.0,1.0,2008,5,0.07119291437363155,0.7115444877082384,0.14180005729336068
00-0026373,2008,RB,233,7,22.0,1.0,2.0,1.0,2008,5,0.12034298824566451,0.4890256077493972,0.20054497970926458
00-0026377,2008,WR,237,7,22.0,0.0,0.0,1.0,2008,5,0.10405030786055366,0.4211167028836378,0.24470446617451155
00-0026378,2008,RB,238,7,23.0,0.0,0.0,1.0,2008,5,0.10811035863146978,0.6331841719022726,0.16562575979779307
00-0026379,2008,TE,239,7,24.0,0.0,0.0,0.0,2008,5,0.06325771272416798,0.8151746405890657,0.11576536853824201
00-0026380,2008,RB,240,7,24.0,0.0,0.0,0.0,2008,5,0.09836378685594267,0.7600135678142796,0.13806739368223064
00-0026386,2008,WR,246,7,22.0,0.0,0.0,0.0,2008,5,0.10087551784064604,0.41060495323197704,0.23968826277644922
00-0026388,2008,WR,248,7,22.0,0.0,0.0,0.0,2008,5,0.10019726391769762,0.4083316810110634,0.2386122562156735
00-0026498,2009,QB,1,1,21.0,1.0,1.0,1.0,2009,1,0.7191899744373623,0.971445676196883,0.7191899744373623
00-0026898,2009,QB,5,1,22.0,1.0,1.0,1.0,2009,1,0.5532696463364216,0.9409885491962459,0.5532696463364216
00-0026983,2009,WR,7,1,22.0,0.0,0.0,1.0,2009,1,0.6972310812795798,0.993289957767795,0.6972310812795798
00-0026986,2009,WR,10,1,21.0,1.0,1.0,1.0,2009,1,0.6257317223541102,0.9870096848024321,0.6257317223541102
00-0026988,2009,RB,12,1,22.0,1.0,1.0,1.0,2009,1,0.7241368383744076,0.9805899224882162,0.7241368383744076
00-0026993,2009,QB,17,1,21.0,1.0,1.0,1.0,2009,1,0.404708566206564,0.8527040713778709,0.404708566206564
00-0026995,2009,WR,19,1,21.0,1.0,1.0,1.0,2009,1,0.4965272177837385,0.9728021646757804,0.4965272177837385
00-0026996,2009,TE,20,1,24.0,0.0,0.0,1.0,2009,1,0.4233989864866744,0.9893801904121243,0.4233989864866744
00-0026998,2009,WR,22,1,21.0,1.0,1.0,1.0,2009,1,0.4664372001693959,0.9678590216631363,0.4664372001693959
00-0027003,2009,RB,27,1,22.0,0.0,0.0,1.0,2009,1,0.6189695269862198,0.9585663774774041,0.6189695269862198
00-0027005,2009,WR,29,1,21.0,1.0,1.0,1.0,2009,1,0.4105637463577603,0.9560886562721225,0.4105637463577603
00-0027006,2009,WR,30,1,20.0,1.0,1.0,1.0,2009,1,0.3973797240661727,0.942275716048668,0.3973797240661727
00-0027007,2009,RB,31,1,21.0,1.0,1.0,1.0,2009,1,0.59303855057346,0.9404772544370911,0.59303855057346
00-0027012,2009,WR,36,2,21.0,0.0,0.0,1.0,2009,1,0.27432599763850185,0.9304908896246281,0.27432599763850185
00-0027020,2009,QB,44,2,23.0,0.0,0.0,1.0,2009,1,0.22958712278537324,0.8061895638111295,0.22958712278537324
00-0027026,2009,WR,50,2,22.0,1.0,1.0,1.0,2009,1,0.22863144859487164,0.9210650813230592,0.22863144859487164
00-0027029,2009,RB,53,2,21.0,1.0,1.0,1.0,2009,1,0.4075335324131191,0.8819362806259802,0.4075335324131191
00-0027040,2009,TE,64,2,23.0,0.0,0.0,1.0,2009,1,0.1987982696449005,0.9395885326766018,0.1987982696449005
00-0026899,2009,RB,65,3,24.0,0.0,0.0,1.0,2009,1,0.2999270101039537,0.9110485440880578,0.2999270101039537
00-0027048,2009,RB,74,3,22.0,0.0,0.0,1.0,2009,1,0.27325955354354114,0.8461977166821245,0.27325955354354114
00-0027056,2009,WR,82,3,23.0,0.0,0.0,1.0,2009,1,0.11615761713741803,0.868967944300072,0.11615761713741803
00-0027057,2009,WR,83,3,21.0,0.0,0.0,1.0,2009,1,0.10977328179677144,0.7991691493522434,0.10977328179677144
00-0026901,2009,WR,84,3,23.0,1.0,1.0,1.0,2009,1,0.11413852278555679,0.8657134045789633,0.11413852278555679
00-0026902,2009,WR,85,3,23.0,0.0,0.0,1.0,2009,1,0.11315817211598052,0.8640902186203496,0.11315817211598052
00-0027059,2009,WR,87,3,22.0,0.0,0.0,1.0,2009,1,0.10862285429623182,0.8283705865657814,0.10862285429623182
00-0027061,2009,TE,89,3,22.0,0.0,0.0,1.0,2009,1,0.11597007083842001,0.8690088849143174,0.11597007083842001
00-0027063,2009,WR,91,3,23.0,0.0,0.0,1.0,2009,1,0.10765008293589733,0.8544104654406794,0.10765008293589733
00-0027069,2009,TE,98,3,22.0,0.0,0.0,0.0,2009,1,0.11076980400799835,0.8561649037099814,0.11076980400799835
00-0026904,2009,WR,99,3,22.0,0.0,0.0,1.0,2009,1,0.09875408303833542,0.8057221207010441,0.09875408303833542
00-0027070,2009,TE,100,3,22.0,0.0,0.0,1.0,2009,1,0.10970542379510126,0.8533418384553155,0.10970542379510126
00-0027071,2009,QB,101,4,23.0,0.0,0.0,0.0,2009,1,0.0782547122684973,0.6084515563218337,0.0782547122684973
00-0027076,2009,WR,107,4,22.0,1.0,1.0,1.0,2009,1,0.062480436235478214,0.7500012661286091,0.062480436235478214
00-0027077,2009,WR,108,4,22.0,1.0,1.0,1.0,2009,1,0.06203382249384739,0.7479482826030032,0.06203382249384739
00-0027080,2009,RB,111,4,22.0,0.0,0.0,1.0,2009,1,0.16091577361277243,0.7468655837249187,0.16091577361277243
00-0027088,2009,TE,121,4,23.0,0.0,0.0,1.0,2009,1,0.06897150480835011,0.8266613349109817,0.06897150480835011
00-0026908,2009,TE,122,4,24.0,0.0,0.0,1.0,2009,1,0.07042774034408635,0.858288476615403,0.07042774034408635
00-0027089,2009,WR,124,4,22.0,1.0,1.0,1.0,2009,1,0.05574310319373082,0.7161682392819623,0.05574310319373082
00-0027092,2009,WR,127,4,23.0,1.0,1.0,1.0,2009,1,0.056124402516186105,0.7587310891369324,0.056124402516186105
00-0027093,2009,RB,128,4,23.0,0.0,0.0,0.0,2009,1,0.15330906841323516,0.7672743732658812,0.15330906841323516
00-0027094,2009,RB,129,4,22.0,0.0,0.0,0.0,2009,1,0.1492665525391336,0.7185390106763454,0.1492665525391336
00-0027098,2009,RB,134,4,23.0,0.0,0.0,1.0,2009,1,0.14982308183061988,0.7593034701023545,0.14982308183061988
00-0026913,2009,WR,140,5,22.0,1.0,1.0,1.0,2009,1,0.03347911118440084,0.6342429670519362,0.03347911118440084
00-0027102,2009,WR,141,5,22.0,0.0,0.0,1.0,2009,1,0.033290228801250786,0.6323026763129177,0.033290228801250786
00-0027105,2009,WR,144,5,23.0,0.0,0.0,1.0,2009,1,0.033599472385489874,0.682580853878398,0.033599472385489874
00-0027106,2009,RB,145,5,22.0,0.0,0.0,0.0,2009,1,0.09596442349627114,0.6438251186364299,0.09596442349627114
00-0026915,2009,TE,149,5,23.0,0.0,0.0,0.0,2009,1,0.041180489185746905,0.7493670349068103,0.041180489185746905
00-0026916,2009,QB,151,5,24.0,0.0,0.0,0.0,2009,1,0.044744141678962665,0.5510894420453454,0.044744141678962665
00-0027109,2009,TE,152,5,24.0,0.0,0.0,1.0,2009,1,0.041823818444376104,0.7893588125353875,0.041823818444376104
00-0026917,2009,TE,153,5,24.0,0.0,0.0,0.0,2009,1,0.041682893978956935,0.7881289623187098,0.041682893978956935
00-0027111,2009,WR,160,5,23.0,0.0,0.0,0.0,2009,1,0.030896960023163157,0.6552012878994916,0.030896960023163157
00-0026923,2009,TE,161,5,23.0,0.0,0.0,0.0,2009,1,0.03956870253688396,0.7326391625712821,0.03956870253688396
00-0026926,2009,RB,169,5,24.0,0.0,0.0,0.0,2009,1,0.09281212393154771,0.7193049460529187,0.09281212393154771
00-0027118,2009,QB,171,5,22.0,0.0,0.0,0.0,2009,1,0.04019423535262088,0.40873350933935937,0.04019423535262088
00-0027120,2009,RB,173,5,22.0,0.0,0.0,1.0,2009,1,0.08727456877032048,0.6039522774976424,0.08727456877032048
00-0027121,2009,QB,174,6,24.0,0.0,0.0,0.0,2009,1,0.02763300735013828,0.47099227765864865,0.02763300735013828
00-0027122,2009,WR,175,6,24.0,0.0,0.0,0.0,2009,1,0.019343598078056086,0.6347019636099919,0.019343598078056086
00-0026927,2009,QB,178,6,23.0,0.0,0.0,0.0,2009,1,0.026642537964150288,0.4064569922951676,0.026642537964150288
00-0027125,2009,TE,180,6,24.0,0.0,0.0,1.0,2009,1,0.02519194139382122,0.7105678095287229,0.02519194139382122
00-0026931,2009,TE,184,6,23.0,0.0,0.0,1.0,2009,1,0.02425917306717099,0.6513869459646827,0.02425917306717099
00-0026932,2009,RB,185,6,22.0,0.0,0.0,0.0,2009,1,0.056231854282441526,0.5311489943864589,0.056231854282441526
00-0027129,2009,RB,192,6,23.0,0.0,0.0,1.0,2009,1,0.05649253195364871,0.5835226267242685,0.05649253195364871
00-0026937,2009,WR,194,6,22.0,0.0,0.0,1.0,2009,1,0.01688361328112201,0.4837371947622071,0.01688361328112201
00-0027130,2009,RB,195,6,23.0,0.0,0.0,1.0,2009,1,0.05600546935283232,0.5798892673277536,0.05600546935283232
00-0027131,2009,QB,196,6,23.0,0.0,0.0,1.0,2009,1,0.025497705398285143,0.3920157432689167,0.025497705398285143
00-0027134,2009,QB,201,6,24.0,0.0,0.0,1.0,2009,1,0.025875290597886857,0.4485997089085042,0.025875290597886857
00-0027135,2009,TE,202,6,24.0,0.0,0.0,1.0,2009,1,0.023714825248292517,0.6831642489916971,0.023714825248292517
00-0027137,2009,WR,206,6,23.0,0.0,0.0,0.0,2009,1,0.016514552916413183,0.5281545545682128,0.016514552916413183
00-0027139,2009,TE,208,6,22.0,0.0,0.0,1.0,2009,1,0.022158277980448088,0.5594375117252409,0.022158277980448088
00-0026941,2009,RB,209,6,25.0,0.0,0.0,1.0,2009,1,0.05668223345349341,0.6796291289360481,0.05668223345349341
00-0027140,2009,RB,211,7,23.0,0.0,0.0,1.0,2009,1,0.03541126263631875,0.5034391083989292,0.03541126263631875
00-0027141,2009,RB,212,7,23.0,0.0,0.0,1.0,2009,1,0.035315812690657346,0.5023007151571017,0.035315812690657346
00-0027143,2009,RB,215,7,25.0,0.0,0.0,0.0,2009,1,0.0368971623031742,0.6206235343037729,0.0368971623031742
00-0026947,2009,RB,221,7,22.0,0.0,0.0,0.0,2009,1,0.033603160501110445,0.4306737379314369,0.033603160501110445
nogsis:2009:224,2009,WR,224,7,,0.0,0.0,0.0,2009,1,0.009795737443875052,0.3854519736931542,0.009795737443875052
00-0027149,2009,WR,229,7,22.0,0.0,0.0,0.0,2009,1,0.00962120026331457,0.3793321036527257,0.00962120026331457
00-0027150,2009,WR,232,7,23.0,0.0,0.0,1.0,2009,1,0.009776570377449322,0.4355114683712691,0.009776570377449322
00-0026953,2009,WR,233,7,23.0,0.0,0.0,1.0,2009,1,0.009742387321017062,0.4342706784643204,0.009742387321017062
00-0027154,2009,TE,237,7,23.0,0.0,0.0,1.0,2009,1,0.013874946046293177,0.5268783165980043,0.013874946046293177
00-0026956,2009,RB,240,7,22.0,0.0,0.0,1.0,2009,1,0.03205373482684785,0.41131385754185773,0.03205373482684785
00-0026957,2009,TE,241,7,22.0,0.0,0.0,1.0,2009,1,0.0133926192071214,0.4602131362970313,0.0133926192071214
00-0026959,2009,WR,243,7,24.0,0.0,0.0,1.0,2009,1,0.009668588982318494,0.483627648504458,0.009668588982318494
00-0026963,2009,TE,248,7,22.0,0.0,0.0,1.0,2009,1,0.013190922596877565,0.4522182493628332,0.013190922596877565
00-0027155,2009,RB,250,7,24.0,0.0,0.0,1.0,2009,1,0.032985010774274896,0.5246483537940613,0.032985010774274896
nogsis:2009:251,2009,WR,251,7,,0.0,0.0,0.0,2009,1,0.008928351334980832,0.35432966638957575,0.008928351334980832
nogsis:2009:252,2009,WR,252,7,,0.0,0.0,0.0,2009,1,0.0088994639641517,0.35326259594858184,0.0088994639641517
00-0027156,2009,WR,253,7,22.0,0.0,0.0,0.0,2009,1,0.008870783077424196,0.3522012034809085,0.008870783077424196
00-0027157,2009,TE,255,7,24.0,0.0,0.0,1.0,2009,1,0.013705757326503514,0.5679479753276282,0.013705757326503514
00-0026498,2009,QB,1,1,21.0,1.0,1.0,1.0,2009,2,0.9126025390624736,0.9997212582326046,1.5852293160531317
00-0026898,2009,QB,5,1,22.0,1.0,2.0,1.0,2009,2,0.8190335064176162,0.9980446114658401,1.3165735269573822
00-0026983,2009,WR,7,1,22.0,0.0,0.0,1.0,2009,2,0.8594482151668686,0.9988208923815324,1.4114571257834965
00-0026986,2009,WR,10,1,21.0,1.0,2.0,1.0,2009,2,0.8111946503662507,0.9972241718900031,1.308864972557601
00-0026988,2009,RB,12,1,22.0,1.0,2.0,1.0,2009,2,0.9276523772224393,0.9974022112575557,1.5682278245059982
00-0026993,2009,QB,17,1,21.0,1.0,2.0,1.0,2009,2,0.6853857141583939,0.985899881556582,1.0693973959422973
00-0026995,2009,WR,19,1,21.0,1.0,2.0,1.0,2009,2,0.7151039929676734,0.9922857497251394,1.1065486226589654
00-0026996,2009,TE,20,1,24.0,1.0,1.0,1.0,2009,2,0.7493382940889106,0.9970533081956012,1.0814570417000229
00-0026998,2009,WR,22,1,21.0,1.0,2.0,1.0,2009,2,0.6894476260398856,0.990266005048213,1.058637179583011
00-0027003,2009,RB,27,1,22.0,1.0,1.0,1.0,2009,2,0.8413336819463115,0.9899286557540385,1.3505957619751137
00-0027005,2009,WR,29,1,21.0,1.0,2.0,1.0,2009,2,0.6378867877086711,0.9849363554288433,0.9681835638736811
00-0027006,2009,WR,30,1,20.0,1.0,2.0,1.0,2009,2,0.6185907241309935,0.9789380178376831,0.9563298539708514
00-0027007,2009,RB,31,1,21.0,1.0,1.0,1.0,2009,2,0.8120696439639168,0.9831890013169035,1.3088843321326542
00-0027012,2009,WR,36,2,21.0,0.0,0.0,1.0,2009,2,0.4936235276922622,0.9744258672137084,0.686142921596361
00-0027020,2009,QB,44,2,23.0,0.0,0.0,1.0,2009,2,0.4876127509462225,0.9646264029678272,0.6652305087120332
00-0027026,2009,WR,50,2,22.0,1.0,1.0,1.0,2009,2,0.43872153656717305,0.9677559154761484,0.5970135604374947
00-0027029,2009,RB,53,2,21.0,1.0,2.0,1.0,2009,2,0.6151251894682049,0.9513680449685812,0.9047237153468721
00-0027040,2009,TE,64,2,23.0,0.0,0.0,1.0,2009,2,0.4194962342755567,0.9693003590288375,0.5916972218223074
00-0026899,2009,RB,65,3,24.0,1.0,1.0,1.0,2009,2,0.4996905103626027,0.9643532217400157,0.6306084834618902
00-0027048,2009,RB,74,3,22.0,0.0,0.0,1.0,2009,2,0.4375953848006122,0.9245487232777483,0.5864481549728588
00-0027056,2009,WR,82,3,23.0,0.0,0.0,1.0,2009,2,0.26560972288307544,0.9372067602373381,0.336087544908205
00-0027057,2009,WR,83,3,21.0,0.0,0.0,1.0,2009,2,0.2431197601686921,0.8918297926252593,0.3268971482747159
00-0026901,2009,WR,84,3,23.0,1.0,2.0,1.0,2009,2,0.26169219406979927,0.9348988404302766,0.3319301462335637
00-0026902,2009,WR,85,3,23.0,0.0,0.0,1.0,2009,2,0.259781984808785,0.9337367223343812,0.3299045632758816
00-0027059,2009,WR,87,3,22.0,0.0,0.0,1.0,2009,2,0.24585898910831697,0.9106256367431823,0.322123773694194
00-0027061,2009,TE,89,3,22.0,0.0,0.0,1.0,2009,2,0.2572167516885235,0.9194745572454405,0.3611443623239744
00-0027063,2009,WR,91,3,23.0,0.0,0.0,1.0,2009,2,0.24895012084775567,0.9266553993791765,0.31843555730206763
00-0027069,2009,TE,98,3,22.0,0.0,0.0,1.0,2009,2,0.2423973828925839,0.9070925942297648,0.3445647919878957
00-0026904,2009,WR,99,3,22.0,0.0,0.0,1.0,2009,2,0.22635247545833456,0.8923079349799342,0.3008817855692323
00-0027070,2009,TE,100,3,22.0,0.0,0.0,1.0,2009,2,0.23936417773075214,0.9042877477715016,0.34116190081849096
00-0027071,2009,QB,101,4,23.0,0.0,0.0,1.0,2009,2,0.20907943572139862,0.8535721299306926,0.24719454825404083
00-0027076,2009,WR,107,4,22.0,1.0,2.0,1.0,2009,2,0.1538468707489597,0.8576805773845229,0.1940311899168365
00-0027077,2009,WR,108,4,22.0,1.0,2.0,1.0,2009,2,0.15283554054337192,0.8558538871877344,0.1930136687000982
00-0027080,2009,RB,111,4,22.0,1.0,1.0,1.0,2009,2,0.24916552333021222,0.8362398090052798,0.3289096637141555
00-0027088,2009,TE,121,4,23.0,0.0,0.0,1.0,2009,2,0.15854620387825827,0.8838044036874583,0.212540063599316
00-0026908,2009,TE,122,4,24.0,0.0,0.0,1.0,2009,2,0.16498446813149586,0.909094404130528,0.21503310499930606
00-0027089,2009,WR,124,4,22.0,1.0,2.0,1.0,2009,2,0.13845053819565847,0.8263829362274899,0.17847929413556954
00-0027092,2009,WR,127,4,23.0,1.0,2.0,1.0,2009,2,0.14258376428949632,0.8592407683031842,0.17888217069643075
00-0027093,2009,RB,128,4,23.0,0.0,0.0,0.0,2009,2,0.23076680423273577,0.8426559375732215,0.30198510823323044
00-0027094,2009,RB,129,4,22.0,0.0,0.0,1.0,2009,2,0.21982198153200663,0.7986700212317774,0.2999430884077603
00-0027098,2009,RB,134,4,23.0,0.0,0.0,1.0,2009,2,0.22203152158525633,0.8321794677800428,0.2934926209907882
00-0026913,2009,WR,140,5,22.0,1.0,2.0,1.0,2009,2,0.0878244136492079,0.7635022715381335,0.1090689664094409
00-0027102,2009,WR,141,5,22.0,0.0,0.0,1.0,2009,2,0.08734810914206269,0.761439583774454,0.10861109243974326
00-0027105,2009,WR,144,5,23.0,0.0,0.0,1.0,2009,2,0.0903113465620914,0.8043873147198844,0.10910999251432754
00-0027106,2009,RB,145,5,22.0,0.0,0.0,0.0,2009,2,0.14128459996493342,0.728597435315708,0.18764449772816438
00-0026915,2009,TE,149,5,23.0,0.0,0.0,0.0,2009,2,0.09529397824011347,0.8170624747318996,0.12493407143023497
00-0026916,2009,QB,151,5,24.0,0.0,0.0,0.0,2009,2,0.12905489477271698,0.7853290084168786,0.14073874382022025
00-0027109,2009,TE,152,5,24.0,0.0,0.0,1.0,2009,2,0.09860984889001286,0.8521057068400096,0.1255425494695975
00-0026917,2009,TE,153,5,24.0,0.0,0.0,0.0,2009,2,0.09813230776086655,0.8507573729417383,0.12507319463312402
00-0027111,2009,WR,160,5,23.0,0.0,0.0,0.0,2009,2,0.0833201345901165,0.7764935412382964,0.10258675320309249
00-0026923,2009,TE,161,5,23.0,0.0,0.0,0.0,2009,2,0.08995024717939139,0.7974869826500037,0.11956076022481502
00-0026926,2009,RB,169,5,24.0,0.0,0.0,0.0,2009,2,0.13435974036284767,0.7865503065070725,0.16992695999243285
00-0027118,2009,QB,171,5,22.0,0.0,0.0,0.0,2009,2,0.11040290783566231,0.6341444128654568,0.12944862612828054
00-0027120,2009,RB,173,5,22.0,0.0,0.0,1.0,2009,2,0.1195279401178742,0.6661580239380742,0.16710557417264532
00-0027121,2009,QB,174,6,24.0,0.0,0.0,0.0,2009,2,0.0832939617027923,0.7121663859111844,0.0860048125364609
00-0027122,2009,WR,175,6,24.0,0.0,0.0,0.0,2009,2,0.05575011059825772,0.7676284969114833,0.06405126076112938
00-0026927,2009,QB,178,6,23.0,0.0,0.0,0.0,2009,2,0.07833213973639121,0.6427445019437051,0.08380931624397966
00-0027125,2009,TE,180,6,24.0,0.0,0.0,1.0,2009,2,0.05939919494894386,0.7828490523991505,0.07379833959058918
00-0026931,2009,TE,184,6,23.0,0.0,0.0,1.0,2009,2,0.055486590858227984,0.7230366386177469,0.07177234798139698
00-0026932,2009,RB,185,6,22.0,0.0,0.0,1.0,2009,2,0.07723101370132864,0.5948727863724037,0.1053602462276873
00-0027129,2009,RB,192,6,23.0,0.0,0.0,1.0,2009,2,0.078220546527855,0.647664416226557,0.10245792655335034
00-0026937,2009,WR,194,6,22.0,1.0,1.0,1.0,2009,2,0.0463395505743636,0.6120513521829702,0.05791792381508162
00-0027130,2009,RB,195,6,23.0,0.0,0.0,1.0,2009,2,0.07701196136572279,0.6416971525982622,0.10137870690664193
00-0027131,2009,QB,196,6,23.0,0.0,0.0,1.0,2009,2,0.07457051475667908,0.6114511057675173,0.08027542942591778
00-0027134,2009,QB,201,6,24.0,0.0,0.0,1.0,2009,2,0.07740043728744053,0.6693954804873836,0.0806170445517701
00-0027135,2009,TE,202,6,24.0,0.0,0.0,1.0,2009,2,0.05432484826072402,0.7493046621187612,0.06897863963115083
00-0027137,2009,WR,206,6,23.0,0.0,0.0,0.0,2009,2,0.04651597214735388,0.6563225304846416,0.05691571929476992
00-0027139,2009,TE,208,6,22.0,0.0,0.0,1.0,2009,2,0.047905291411599285,0.6161496083293271,0.06606324293712225
00-0026941,2009,RB,209,6,25.0,0.0,0.0,1.0,2009,2,0.07939004863052943,0.7389136666312546,0.09678090978215767
00-0027140,2009,RB,211,7,23.0,0.0,0.0,1.0,2009,2,0.04832991586291479,0.5637038814721872,0.06255589153499902
00-0027141,2009,RB,212,7,23.0,0.0,0.0,1.0,2009,2,0.04809367485564285,0.5617490430062726,0.062351637055743266
00-0027143,2009,RB,215,7,25.0,0.0,0.0,0.0,2009,2,0.052544055465192786,0.6897057451271216,0.061597597953683955
00-0026947,2009,RB,221,7,22.0,0.0,0.0,0.0,2009,2,0.04373732365863073,0.47286664998408123,0.06091776082539775
nogsis:2009:224,2009,WR,224,7,,0.0,0.0,0.0,2009,2,0.027777296411951088,0.5079561111209988,0.03393772804309857
00-0027149,2009,WR,229,7,22.0,0.0,0.0,1.0,2009,2,0.027282392988110273,0.4991253845540755,0.033480267398920155
00-0027150,2009,WR,232,7,23.0,0.0,0.0,1.0,2009,2,0.028456557093046873,0.5653047923716297,0.03384347103659958
00-0026953,2009,WR,233,7,23.0,0.0,0.0,1.0,2009,2,0.0283571500372272,0.5636127593883555,0.033754990382192124
00-0027154,2009,TE,237,7,23.0,0.0,0.0,1.0,2009,2,0.03067923200381167,0.5876084021351987,0.03979332397158126
00-0026956,2009,RB,240,7,22.0,0.0,0.0,1.0,2009,2,0.04013145599512446,0.4385079401281316,0.05757388439816626
00-0026957,2009,TE,241,7,22.0,0.0,0.0,1.0,2009,2,0.02872070413043932,0.5099576868215129,0.039026131594411165
00-0026959,2009,WR,243,7,24.0,0.0,0.0,1.0,2009,2,0.028886888219062785,0.6167173832049757,0.03361917696779508
00-0026963,2009,TE,248,7,22.0,0.0,0.0,1.0,2009,2,0.028072118031365414,0.498323624067874,0.03838676436642188
00-0027155,2009,RB,250,7,24.0,1.0,1.0,1.0,2009,2,0.04267223183317319,0.5642135376342196,0.05543130805542941
nogsis:2009:251,2009,WR,251,7,,0.0,0.0,0.0,2009,2,0.025316223749339985,0.462499332379093,0.03164551996812384
nogsis:2009:252,2009,WR,252,7,,0.0,0.0,0.0,2009,2,0.025234194010084886,0.4609180199266372,0.03156834280016407
00-0027156,2009,WR,253,7,22.0,0.0,0.0,1.0,2009,2,0.025152746540890628,0.45934375163454805,0.031491661484246265
00-0027157,2009,TE,255,7,24.0,0.0,0.0,1.0,2009,2,0.03050539293226606,0.6276478596846845,0.038592063662981804
00-0026498,2009,QB,1,1,21.0,1.0,2.0,1.0,2009,3,0.9706188699707179,0.9997915730693733,2.364211431469651
00-0026898,2009,QB,5,1,22.0,1.0,3.0,1.0,2009,3,0.915348786092585,0.9984907957363457,2.0323858069760625
00-0026983,2009,WR,7,1,22.0,1.0,1.0,1.0,2009,3,0.9128618443892458,0.9986200421986436,2.124105093156103
00-0026986,2009,WR,10,1,21.0,1.0,3.0,1.0,2009,3,0.8823497016187907,0.9966760360566439,2.0090341718815297
00-0026988,2009,RB,12,1,22.0,1.0,2.0,1.0,2009,3,0.9495514871010401,0.997813006843073,2.318972525033002
00-0026993,2009,QB,17,1,21.0,1.0,3.0,1.0,2009,3,0.8144915455094354,0.9881757741744205,1.7169638924666375
00-0026995,2009,WR,19,1,21.0,1.0,3.0,1.0,2009,3,0.8125543969120789,0.9909230657669816,1.7922812831746393
00-0026996,2009,TE,20,1,24.0,1.0,2.0,1.0,2009,3,0.851601011436827,0.997215012295831,1.7090142289225807
00-0026998,2009,WR,22,1,21.0,1.0,3.0,1.0,2009,3,0.7927343630015942,0.988593796260139,1.74093244481521
00-0027003,2009,RB,27,1,22.0,1.0,2.0,1.0,2009,3,0.8825957993843624,0.9915943354459513,2.0694910180061603
00-0027005,2009,WR,29,1,21.0,1.0,3.0,1.0,2009,3,0.7512988903202388,0.9824890855982684,1.6436101798318883
00-0027006,2009,WR,30,1,20.0,1.0,2.0,1.0,2009,3,0.7401983343596874,0.9747732861413673,1.627057505434284
00-0027007,2009,RB,31,1,21.0,1.0,2.0,1.0,2009,3,0.8619154473572808,0.9855196436750442,2.0190056796241556
00-0027012,2009,WR,36,2,21.0,0.0,0.0,1.0,2009,3,0.6312164619508182,0.9712855261701145,1.2002666686243346
00-0027020,2009,QB,44,2,23.0,0.0,0.0,1.0,2009,3,0.61723453063227,0.9718000443856011,1.1155319739116791
00-0027026,2009,WR,50,2,22.0,1.0,1.0,1.0,2009,3,0.5711334896762739,0.9652331638757531,1.1035845266856759
00-0027029,2009,RB,53,2,21.0,1.0,3.0,1.0,2009,3,0.6986478352883535,0.959306428450409,1.453383161680129
00-0027040,2009,TE,64,2,23.0,0.0,0.0,1.0,2009,3,0.49507542981694097,0.971444426167842,0.9519894162608391
00-0026899,2009,RB,65,3,24.0,1.0,2.0,1.0,2009,3,0.578160188761655,0.9737329662779741,1.027655166809186
00-0027048,2009,RB,74,3,22.0,0.0,0.0,1.0,2009,3,0.5272884315082372,0.940325689193997,0.969209751421584
00-0027056,2009,WR,82,3,23.0,0.0,0.0,1.0,2009,3,0.37992463292904133,0.9369618386092745,0.6774369271684764
00-0027057,2009,WR,83,3,21.0,0.0,0.0,1.0,2009,3,0.3636823356946362,0.8849970133404695,0.6549786522976655
00-0026901,2009,WR,84,3,23.0,1.0,3.0,1.0,2009,3,0.3750883379225422,0.9346838717877464,0.6722740632175666
00-0026902,2009,WR,85,3,23.0,0.0,0.0,1.0,2009,3,0.37272223277279204,0.9335373161444618,0.6697530850711815
00-0027059,2009,WR,87,3,22.0,0.0,0.0,1.0,2009,3,0.36123291275759745,0.9077220545894583,0.6544724279719374
00-0027061,2009,TE,89,3,22.0,1.0,1.0,1.0,2009,3,0.30649322012397706,0.9249739595001568,0.5642403272055947
00-0027063,2009,WR,91,3,23.0,0.0,0.0,1.0,2009,3,0.359206574227615,0.9265573431417049,0.6554085289575017
00-0027069,2009,TE,98,3,22.0,0.0,0.0,1.0,2009,3,0.2831902603294731,0.9135033817016293,0.5411238719089579
00-0026904,2009,WR,99,3,22.0,0.0,0.0,1.0,2009,3,0.33617857082028124,0.8892138319273046,0.6275718042020733
00-0027070,2009,TE,100,3,22.0,0.0,0.0,1.0,2009,3,0.2784412461281252,0.9109043717698246,0.5363704253760516
00-0027071,2009,QB,101,4,23.0,0.0,0.0,1.0,2009,3,0.2929820923645897,0.8829507979025362,0.41204907793687306
00-0027076,2009,WR,107,4,22.0,1.0,2.0,1.0,2009,3,0.24412696764854883,0.8575062852592451,0.40121345555705135
00-0027077,2009,WR,108,4,22.0,1.0,2.0,1.0,2009,3,0.24266391424711414,0.8557076523200933,0.39988808318597935
00-0027080,2009,RB,111,4,22.0,1.0,1.0,1.0,2009,3,0.3245191530398036,0.8716166757021888,0.5618208146012752
00-0027088,2009,TE,121,4,23.0,0.0,0.0,1.0,2009,3,0.17829667244682162,0.8977460560832161,0.320257263994021
00-0026908,2009,TE,122,4,24.0,0.0,0.0,1.0,2009,3,0.18124840844329712,0.9226424716447879,0.3244208537322761
00-0027089,2009,WR,124,4,22.0,1.0,2.0,1.0,2009,3,0.22164296597242852,0.8267289124188076,0.38075663784283553
00-0027092,2009,WR,127,4,23.0,1.0,3.0,1.0,2009,3,0.22323102584239737,0.8634902513797016,0.38562458666096994
00-0027093,2009,RB,128,4,23.0,0.0,0.0,0.0,2009,3,0.2963457788565925,0.8805066854594596,0.529836439327721
00-0027094,2009,RB,129,4,22.0,0.0,0.0,1.0,2009,3,0.2884002925869893,0.8408624011307337,0.5251054800827748
00-0027098,2009,RB,134,4,23.0,0.0,0.0,1.0,2009,3,0.28564989076939495,0.8722306130922355,0.518943191794148
00-0026913,2009,WR,140,5,22.0,1.0,3.0,1.0,2009,3,0.14890530754881165,0.7695727299240084,0.22960262718655983
00-0027102,2009,WR,141,5,22.0,0.0,0.0,1.0,2009,3,0.14813658168786653,0.7675799410403424,0.22898970634258778
00-0027105,2009,WR,144,5,23.0,0.0,0.0,1.0,2009,3,0.14960863385329942,0.8147466713295987,0.2325519919678905
00-0027106,2009,RB,145,5,22.0,0.0,0.0,0.0,2009,3,0.1948275636562955,0.7864996499460131,0.32225763234408566
00-0026915,2009,TE,149,5,23.0,0.0,0.0,0.0,2009,3,0.10398939513132475,0.8418903654181711,0.1796029289076786
00-0026916,2009,QB,151,5,24.0,0.0,0.0,0.0,2009,3,0.17927698416968307,0.8319787254681386,0.23252002428557325
00-0027109,2009,TE,152,5,24.0,0.0,0.0,1.0,2009,3,0.10458682117223125,0.8765260282449628,0.1806253560262098
00-0026917,2009,TE,153,5,24.0,0.0,0.0,0.0,2009,3,0.10387419549290978,0.8753814276662362,0.18002634304890164
00-0027111,2009,WR,160,5,23.0,0.0,0.0,0.0,2009,3,0.13851757675381254,0.7883988337574711,0.2237450096805431
00-0026923,2009,TE,161,5,23.0,0.0,0.0,0.0,2009,3,0.0958837140405105,0.8246146542967822,0.1727389727649496
00-0026926,2009,RB,169,5,24.0,0.0,0.0,0.0,2009,3,0.17754153399466072,0.8439175391388887,0.3015394852912634
00-0027118,2009,QB,171,5,22.0,0.0,0.0,0.0,2009,3,0.1585509105636011,0.6862655309108544,0.21491615797845065
00-0027120,2009,RB,173,5,22.0,0.0,0.0,1.0,2009,3,0.16537517576081204,0.7329136059198592,0.2955273312516715
00-0027121,2009,QB,174,6,24.0,0.0,0.0,1.0,2009,3,0.11860701628517936,0.774058539360341,0.13628326376435243
00-0027122,2009,WR,175,6,24.0,0.0,0.0,0.0,2009,3,0.0946582646166653,0.7905354748804105,0.1365328239975395
00-0026927,2009,QB,178,6,23.0,0.0,0.0,0.0,2009,3,0.11390334559643817,0.7066739155357815,0.1326376105274108
00-0027125,2009,TE,180,6,24.0,0.0,0.0,1.0,2009,3,0.06136924406395163,0.8209279901794906,0.10104267433812107
00-0026931,2009,TE,184,6,23.0,0.0,0.0,1.0,2009,3,0.058266532684947046,0.7627366742763145,0.09860068408951467
00-0026932,2009,RB,185,6,22.0,0.0,0.0,1.0,2009,3,0.11124229628773258,0.6752247539190334,0.18061308466636933
00-0027129,2009,RB,192,6,23.0,0.0,0.0,1.0,2009,3,0.11001877883787628,0.7290012458269292,0.17724927719332578
00-0026937,2009,WR,194,6,22.0,1.0,1.0,1.0,2009,3,0.08277208133051814,0.6287156271562482,0.12462756162933594
00-0027130,2009,RB,195,6,23.0,0.0,0.0,1.0,2009,3,0.10831236452461758,0.7238620476883129,0.1758470616256061
00-0027131,2009,QB,196,6,23.0,0.0,0.0,1.0,2009,3,0.10715916137194957,0.6773416250555006,0.1283890273880769
00-0027134,2009,QB,201,6,24.0,1.0,1.0,1.0,2009,3,0.1082793980049931,0.7359785384020713,0.12987945921388463
00-0027135,2009,TE,202,6,24.0,0.0,0.0,1.0,2009,3,0.05407807325849905,0.7920635817625785,0.09520939015531275
00-0027137,2009,WR,206,6,23.0,0.0,0.0,0.0,2009,3,0.08114240820726738,0.6795777029325041,0.12499999491954752
00-0027139,2009,TE,208,6,22.0,0.0,0.0,1.0,2009,3,0.04950083922828426,0.657279317315846,0.09167043516441527
00-0026941,2009,RB,209,6,25.0,0.0,0.0,1.0,2009,3,0.1064648063839267,0.8156644810988913,0.17094432360917647
00-0027140,2009,RB,211,7,23.0,0.0,0.0,1.0,2009,3,0.07038479492569005,0.6607153947400562,0.10523726819959425
00-0027141,2009,RB,212,7,23.0,0.0,0.0,1.0,2009,3,0.07003546571740275,0.6589452323279341,0.10497778623994714
00-0027143,2009,RB,215,7,25.0,0.0,0.0,0.0,2009,3,0.07290820337451162,0.781487246314383,0.10429576768615184
00-0026947,2009,RB,221,7,22.0,0.0,0.0,1.0,2009,3,0.06520456348467282,0.5670070407884595,0.1030892945400804
nogsis:2009:224,2009,WR,224,7,,0.0,0.0,0.0,2009,3,0.05158729335397544,0.5336212361241007,0.07134649190005635
00-0027149,2009,WR,229,7,22.0,0.0,0.0,1.0,2009,3,0.05067259970917027,0.5249636187236317,0.07072567888023482
00-0027150,2009,WR,232,7,23.0,0.0,0.0,1.0,2009,3,0.05156911954777359,0.5984587340234089,0.07223383425470478
00-0026953,2009,WR,233,7,23.0,0.0,0.0,1.0,2009,3,0.05138975237359839,0.5968306636385464,0.07211355854041154
00-0027154,2009,TE,237,7,23.0,0.0,0.0,1.0,2009,3,0.030449319002151292,0.644611633255026,0.052616948481066905
00-0026956,2009,RB,240,7,22.0,0.0,0.0,1.0,2009,3,0.05974065724161416,0.5329720994774189,0.09874969273312356
00-0026957,2009,TE,241,7,22.0,0.0,0.0,1.0,2009,3,0.0290333057420454,0.5619187222995592,0.0518264141137797
00-0026959,2009,WR,243,7,24.0,0.0,0.0,1.0,2009,3,0.05108391156308885,0.6560463264410542,0.0729850200718617
00-0026963,2009,TE,248,7,22.0,0.0,0.0,1.0,2009,3,0.02810842304995306,0.5505660278414642,0.05108485119297955
00-0027155,2009,RB,250,7,24.0,1.0,1.0,1.0,2009,3,0.06047481701903937,0.6688934303668667,0.0962109039822491
nogsis:2009:251,2009,WR,251,7,,0.0,0.0,0.0,2009,3,0.047033862598821724,0.48888690802439133,0.06821305029800968
nogsis:2009:252,2009,WR,252,7,,0.0,0.0,0.0,2009,3,0.04688188908629625,0.48732304216851735,0.06810652935332953
00-0027156,2009,WR,253,7,22.0,0.0,0.0,1.0,2009,3,0.04673098165179315,0.48576561649473393,0.06800062422555157
00-0027157,2009,TE,255,7,24.0,0.0,0.0,1.0,2009,3,0.028849829969551252,0.689426361319003,0.05113828714260136
00-0026498,2009,QB,1,1,21.0,1.0,3.0,1.0,2009,4,0.9802861420912732,0.9997616305892124,3.293248799219649
00-0026898,2009,QB,5,1,22.0,1.0,4.0,1.0,2009,4,0.9424286779519199,0.9984440253671197,2.819616125456502
00-0026983,2009,WR,7,1,22.0,1.0,2.0,1.0,2009,4,0.9092325407936468,0.9988596854806392,2.9100125347904475
00-0026986,2009,WR,10,1,21.0,1.0,4.0,1.0,2009,4,0.8876368573464152,0.9970403225593599,2.798017075552565
00-0026988,2009,RB,12,1,22.0,1.0,3.0,1.0,2009,4,0.9374523783746269,0.9981287778784123,2.923226954884351
00-0026993,2009,QB,17,1,21.0,1.0,4.0,1.0,2009,4,0.880128205502783,0.9874296163973274,2.4428686508239714
00-0026995,2009,WR,19,1,21.0,1.0,4.0,1.0,2009,4,0.8313846854239649,0.9917387061143559,2.487863008852208
00-0026996,2009,TE,20,1,24.0,1.0,3.0,1.0,2009,4,0.8581446262395902,0.9985239572555074,2.3972465307637716
00-0026998,2009,WR,22,1,21.0,1.0,4.0,1.0,2009,4,0.8157497142303577,0.9895660480230779,2.4126351490303595
00-0027003,2009,RB,27,1,22.0,1.0,2.0,1.0,2009,4,0.8688563057039284,0.9928525903818184,2.5192268396596402
00-0027005,2009,WR,29,1,21.0,1.0,4.0,1.0,2009,4,0.7832898618621316,0.9838269155409161,2.268101674392086
00-0027006,2009,WR,30,1,20.0,1.0,3.0,1.0,2009,4,0.7832151087819976,0.9751900322029617,2.3039752190499345
00-0027007,2009,RB,31,1,21.0,1.0,2.0,1.0,2009,4,0.8552351296641433,0.9869057878475729,2.4960736163379704
00-0027012,2009,WR,36,2,21.0,0.0,0.0,1.0,2009,4,0.6880059634426291,0.9726902763589301,1.7247765426813864
00-0027020,2009,QB,44,2,23.0,0.0,0.0,1.0,2009,4,0.7245865807854134,0.9735421154489428,1.5691627103169983
00-0027026,2009,WR,50,2,22.0,1.0,1.0,1.0,2009,4,0.6283433546473127,0.968535981947222,1.511616524806931
00-0027029,2009,RB,53,2,21.0,1.0,4.0,1.0,2009,4,0.7111614892614798,0.9624897655573527,1.7777063290519535
00-0027040,2009,TE,64,2,23.0,0.0,0.0,1.0,2009,4,0.5333079959521085,0.9809480221383866,1.2793267390069358
00-0026899,2009,RB,65,3,24.0,1.0,3.0,1.0,2009,4,0.5712277027053525,0.9794724689162098,1.1295195833754663
00-0027048,2009,RB,74,3,22.0,0.0,0.0,1.0,2009,4,0.5511277439489802,0.9471330515705321,1.1508897649909444
00-0027056,2009,WR,82,3,23.0,0.0,0.0,1.0,2009,4,0.45066886215306745,0.9440758013103512,0.9137681817860512
00-0027057,2009,WR,83,3,21.0,0.0,0.0,1.0,2009,4,0.4605922541341165,0.885166528324951,0.9706201864846462
00-0026901,2009,WR,84,3,23.0,1.0,4.0,1.0,2009,4,0.44629177260076763,0.9419949863070961,0.9052608912969208
00-0026902,2009,WR,85,3,23.0,0.0,0.0,1.0,2009,4,0.44414515912662883,0.9409466764567982,0.9011063894040243
00-0027059,2009,WR,87,3,22.0,0.0,0.0,1.0,2009,4,0.4459670742701635,0.9128422298157102,0.9216673824808161
00-0027061,2009,TE,89,3,22.0,1.0,1.0,1.0,2009,4,0.3631349187515857,0.9428293266092062,0.8084862135180566
00-0027063,2009,WR,91,3,23.0,0.0,0.0,1.0,2009,4,0.43181608740070004,0.9345510204799797,0.8774630516817361
00-0027069,2009,TE,98,3,22.0,0.0,0.0,1.0,2009,4,0.33758901257759644,0.933188789684193,0.7643758081249411
00-0026904,2009,WR,99,3,22.0,0.0,0.0,1.0,2009,4,0.42265900268978907,0.8948364999779771,0.875904566576277
00-0027070,2009,TE,100,3,22.0,0.0,0.0,1.0,2009,4,0.3323438517888847,0.9309837801739179,0.755373835816131
00-0027071,2009,QB,101,4,23.0,0.0,0.0,1.0,2009,4,0.43428984571299994,0.8872983247767972,0.6783747604666179
00-0027076,2009,WR,107,4,22.0,1.0,2.0,1.0,2009,4,0.33086478793005325,0.8615851805631825,0.60392223912255
00-0027077,2009,WR,108,4,22.0,1.0,3.0,1.0,2009,4,0.3293541271792894,0.8597921195076327,0.6014684156208673
00-0027080,2009,RB,111,4,22.0,1.0,1.0,1.0,2009,4,0.36858525589555413,0.8834227454847721,0.67947525799258
00-0027088,2009,TE,121,4,23.0,0.0,0.0,1.0,2009,4,0.21762365833380198,0.9218490183107048,0.44804955127535495
00-0026908,2009,TE,122,4,24.0,0.0,0.0,1.0,2009,4,0.2118822184345145,0.9445780119546814,0.42637305525224756
00-0027089,2009,WR,124,4,22.0,1.0,2.0,1.0,2009,4,0.3073451914029317,0.8308237376664965,0.5660543561273953
00-0027092,2009,WR,127,4,23.0,1.0,3.0,1.0,2009,4,0.2984747989198697,0.8738306625514175,0.5415807398839952
00-0027093,2009,RB,128,4,23.0,0.0,0.0,0.0,2009,4,0.33043911004410487,0.89761814814326,0.606538872346642
00-0027094,2009,RB,129,4,22.0,1.0,1.0,1.0,2009,4,0.3341269213528822,0.8551908886045838,0.6320268374634966
00-0027098,2009,RB,134,4,23.0,0.0,0.0,1.0,2009,4,0.3203169510310127,0.8904192009626648,0.5931201500837461
00-0026913,2009,WR,140,5,22.0,1.0,3.0,1.0,2009,4,0.22495415150465134,0.7700682546672293,0.37535003368546044
00-0027102,2009,WR,141,5,22.0,0.0,0.0,1.0,2009,4,0.22404416895655654,0.768036056672736,0.3740793717036136
00-0027105,2009,WR,144,5,23.0,0.0,0.0,1.0,2009,4,0.21718124266443692,0.8242809292436087,0.3566407714713767
00-0027106,2009,RB,145,5,22.0,0.0,0.0,0.0,2009,4,0.24183895281714096,0.8012675349000787,0.4049405391414194
00-0026915,2009,TE,149,5,23.0,0.0,0.0,0.0,2009,4,0.13499286280493153,0.8722638518617032,0.2678641099672883
00-0026916,2009,QB,151,5,24.0,0.0,0.0,0.0,2009,4,0.2899369133066779,0.8446653051184576,0.40385571118091346
00-0027109,2009,TE,152,5,24.0,0.0,0.0,1.0,2009,4,0.1295205219835984,0.9062740813675167,0.2508854403618822
00-0026917,2009,TE,153,5,24.0,0.0,0.0,0.0,2009,4,0.12866129121084724,0.9053092112359498,0.24971663772072744
00-0027111,2009,WR,160,5,23.0,0.0,0.0,0.0,2009,4,0.20431476876591362,0.7983879381421545,0.3393278328294571
00-0026923,2009,TE,161,5,23.0,0.0,0.0,0.0,2009,4,0.12479421307229756,0.8566280058092334,0.2536170612760089
00-0026926,2009,RB,169,5,24.0,0.0,0.0,0.0,2009,4,0.20657022709431122,0.8704046671074063,0.33804745519255297
00-0027118,2009,QB,171,5,22.0,0.0,0.0,0.0,2009,4,0.282770927822739,0.6801148058228729,0.42098185188119364
00-0027120,2009,RB,173,5,22.0,0.0,0.0,1.0,2009,4,0.21075799671913423,0.7505033548253368,0.36899500669855784
00-0027121,2009,QB,174,6,24.0,0.0,0.0,1.0,2009,4,0.2096967623381655,0.7869487441482298,0.2728014301261861
00-0027122,2009,WR,175,6,24.0,0.0,0.0,0.0,2009,4,0.14366864043416355,0.8063902406179535,0.21732939017349817
00-0026927,2009,QB,178,6,23.0,0.0,0.0,0.0,2009,4,0.21121058172070434,0.7094070139420979,0.28400189801334974
00-0027125,2009,TE,180,6,24.0,0.0,0.0,1.0,2009,4,0.08034970220004668,0.8568953432548158,0.15263298735407438
00-0026931,2009,TE,184,6,23.0,0.0,0.0,1.0,2009,4,0.08026398242263776,0.7973196002386042,0.1592105005773769
00-0026932,2009,RB,185,6,22.0,0.0,0.0,1.0,2009,4,0.1514571856162835,0.690476164461021,0.23897815554467078
00-0027129,2009,RB,192,6,23.0,0.0,0.0,1.0,2009,4,0.14367929954819558,0.7545338936837707,0.22108824730946258
00-0026937,2009,WR,194,6,22.0,1.0,2.0,1.0,2009,4,0.14040516991744184,0.6216590102556601,0.22381752572746977
00-0027130,2009,RB,195,6,23.0,0.0,0.0,1.0,2009,4,0.14176963492722192,0.7497383829151179,0.2191753220810295
00-0027131,2009,QB,196,6,23.0,0.0,0.0,1.0,2009,4,0.2005784702316907,0.6807589434750602,0.2735674771198815
00-0027134,2009,QB,201,6,24.0,1.0,1.0,1.0,2009,4,0.19401243369988938,0.7510296197301722,0.2579453298977874
00-0027135,2009,TE,202,6,24.0,1.0,1.0,1.0,2009,4,0.07096236997138382,0.8307433182504674,0.14004719926746567
00-0027137,2009,WR,206,6,23.0,0.0,0.0,0.0,2009,4,0.13233609164843793,0.6861814646115951,0.20823583867510886
00-0027139,2009,TE,208,6,22.0,0.0,0.0,1.0,2009,4,0.07194409783771555,0.6848178079142153,0.1547088228498447
00-0026941,2009,RB,209,6,25.0,0.0,0.0,1.0,2009,4,0.12793083553347345,0.8515248334294037,0.18993649112138855
00-0027140,2009,RB,211,7,23.0,0.0,0.0,1.0,2009,4,0.09837629073454711,0.6853991216775633,0.1407206315429
00-0027141,2009,RB,212,7,23.0,0.0,0.0,1.0,2009,4,0.09795491375585483,0.6837051328065605,0.14033128556402905
00-0027143,2009,RB,215,7,25.0,0.0,0.0,0.0,2009,4,0.09252271167249305,0.8193527138946017,0.12413853817253535
00-0026947,2009,RB,221,7,22.0,0.0,0.0,1.0,2009,4,0.0964282819716963,0.5792401497852243,0.14578665097593377
nogsis:2009:224,2009,WR,224,7,,0.0,0.0,0.0,2009,4,0.09510272873051594,0.5194308813783113,0.14650083951836795
00-0027149,2009,WR,229,7,22.0,0.0,0.0,1.0,2009,4,0.0937167012602087,0.5105668751721288,0.144775802961524
00-0027150,2009,WR,232,7,23.0,0.0,0.0,1.0,2009,4,0.09086743128967137,0.5995440647721899,0.13707980845688866
00-0026953,2009,WR,233,7,23.0,0.0,0.0,1.0,2009,4,0.09060683814324433,0.5978828573628637,0.13676753430484467
00-0027154,2009,TE,237,7,23.0,0.0,0.0,1.0,2009,4,0.0443989925376314,0.6781909197751306,0.09214267889398942
00-0026956,2009,RB,240,7,22.0,1.0,1.0,1.0,2009,4,0.08943251004088534,0.5455766701666246,0.13893192413528638
00-0026957,2009,TE,241,7,22.0,0.0,0.0,1.0,2009,4,0.04460944392336361,0.5828284260631472,0.09742547579140629
00-0026959,2009,WR,243,7,24.0,0.0,0.0,1.0,2009,4,0.08615100496180216,0.6706908275634708,0.1280155679986854
00-0026963,2009,TE,248,7,22.0,0.0,0.0,1.0,2009,4,0.043208638481841304,0.5707775619506752,0.09531594762796922
00-0027155,2009,RB,250,7,24.0,1.0,1.0,1.0,2009,4,0.0823686948825337,0.7067216176275946,0.12010050174174544
nogsis:2009:251,2009,WR,251,7,,0.0,0.0,0.0,2009,4,0.08814969593177926,0.47372643098494066,0.13782382109877506
nogsis:2009:252,2009,WR,252,7,,0.0,0.0,0.0,2009,4,0.08791527536328901,0.4721331206749696,0.13753020567991525
00-0027156,2009,WR,253,7,22.0,0.0,0.0,1.0,2009,4,0.08768234331424608,0.470546684624702,0.13723838074348194
00-0027157,2009,TE,255,7,24.0,0.0,0.0,1.0,2009,4,0.03996760610812495,0.7313451523289445,0.08152675588750713
00-0026498,2009,QB,1,1,21.0,1.0,4.0,1.0,2009,5,0.9879546889010661,0.9996997388562633,4.471617317427483
00-0026898,2009,QB,5,1,22.0,1.0,4.0,1.0,2009,5,0.9542951913299461,0.9986490365175466,3.8128220310813274
00-0026983,2009,WR,7,1,22.0,1.0,2.0,1.0,2009,5,0.94457704431906,0.9985693731000476,3.703912065922688
00-0026986,2009,WR,10,1,21.0,1.0,4.0,1.0,2009,5,0.9290125593355139,0.9965851596696945,3.6202372641058442
00-0026988,2009,RB,12,1,22.0,1.0,4.0,1.0,2009,5,0.9679547783126938,0.9981860133946998,3.696482166747088
00-0026993,2009,QB,17,1,21.0,1.0,4.0,1.0,2009,5,0.8898581740820342,0.9912143627605563,3.234345978909612
00-0026995,2009,WR,19,1,21.0,1.0,4.0,1.0,2009,5,0.881156881227628,0.9922998151726603,3.2127600482115075
00-0026996,2009,TE,20,1,24.0,1.0,3.0,1.0,2009,5,0.8614171998133675,0.9988654519853543,2.7227681778246358
00-0026998,2009,WR,22,1,21.0,1.0,4.0,1.0,2009,5,0.8668804740242534,0.990733835895466,3.1122108093154215
00-0027003,2009,RB,27,1,22.0,1.0,3.0,1.0,2009,5,0.9198664677632494,0.9947813578646236,3.1062332167329454
00-0027005,2009,WR,29,1,21.0,1.0,5.0,1.0,2009,5,0.8360471454927737,0.9868780268576096,2.9177324820397
00-0027006,2009,WR,30,1,20.0,1.0,3.0,1.0,2009,5,0.8389870502594562,0.9793528403199769,3.0305554310825675
00-0027007,2009,RB,31,1,21.0,1.0,2.0,1.0,2009,5,0.911114940930754,0.9905468849447893,3.125341880918126
00-0027012,2009,WR,36,2,21.0,0.0,0.0,1.0,2009,5,0.7559259216518865,0.9756376117872902,2.3130513341515946
00-0027020,2009,QB,44,2,23.0,0.0,0.0,1.0,2009,5,0.711135173310231,0.9832161451611416,1.9041547050340923
00-0027026,2009,WR,50,2,22.0,1.0,1.0,1.0,2009,5,0.6874135765333497,0.9756235391450444,1.9514908719376727
00-0027029,2009,RB,53,2,21.0,1.0,5.0,1.0,2009,5,0.7990301995631853,0.9732982932854418,2.2692463400544085
00-0027040,2009,TE,64,2,23.0,0.0,0.0,1.0,2009,5,0.5609169197200217,0.9882519132173685,1.4277343801619522
00-0026899,2009,RB,65,3,24.0,1.0,3.0,1.0,2009,5,0.6625480211994647,0.9856226230149517,1.3190299628383102
00-0027048,2009,RB,74,3,22.0,0.0,0.0,1.0,2009,5,0.650942377313316,0.9616741688811968,1.4606349310157185
00-0027056,2009,WR,82,3,23.0,0.0,0.0,1.0,2009,5,0.497823267959326,0.9578063350220274,1.1730316805150007
00-0027057,2009,WR,83,3,21.0,0.0,0.0,1.0,2009,5,0.5209359767315035,0.9064805370949147,1.3564914072161733
00-0026901,2009,WR,84,3,23.0,1.0,5.0,1.0,2009,5,0.4924908538455473,0.9565485139107504,1.1609554417990635
00-0026902,2009,WR,85,3,23.0,0.0,0.0,1.0,2009,5,0.48987262216422867,0.9559177584620525,1.1550600067846504
00-0027059,2009,WR,87,3,22.0,0.0,0.0,1.0,2009,5,0.49762809884415016,0.9327190678158621,1.2324136787217892
00-0027061,2009,TE,89,3,22.0,1.0,2.0,1.0,2009,5,0.40448221920912314,0.9613196541893055,0.9620491861021335
00-0027063,2009,WR,91,3,23.0,0.0,0.0,1.0,2009,5,0.4747976265935137,0.952108881332545,1.1215354836183355
00-0027069,2009,TE,98,3,22.0,0.0,0.0,1.0,2009,5,0.3783182613027741,0.9561647293837232,0.9050353062789817
00-0026904,2009,WR,99,3,22.0,0.0,0.0,1.0,2009,5,0.4690721122634879,0.9216277590741553,1.1663697791759482
00-0027070,2009,TE,100,3,22.0,0.0,0.0,1.0,2009,5,0.37291434589566874,0.9550033224210082,0.8934365958990164
00-0027071,2009,QB,101,4,23.0,0.0,0.0,1.0,2009,5,0.4029275027666311,0.914357990572787,0.7954430355031104
00-0027076,2009,WR,107,4,22.0,1.0,2.0,1.0,2009,5,0.377567127935271,0.8819332830327055,0.8523967687205274
00-0027077,2009,WR,108,4,22.0,1.0,4.0,1.0,2009,5,0.37563383759030533,0.88069410720604,0.8486508204878058
00-0027080,2009,RB,111,4,22.0,1.0,1.0,1.0,2009,5,0.4581494163687915,0.9119474114152496,0.8915459260321127
00-0027088,2009,TE,121,4,23.0,0.0,0.0,1.0,2009,5,0.25049273690106005,0.9458257862420725,0.5300377150141549
00-0026908,2009,TE,122,4,24.0,0.0,0.0,1.0,2009,5,0.23921495925166641,0.9632605962873725,0.48168380593778887
00-0027089,2009,WR,124,4,22.0,1.0,2.0,1.0,2009,5,0.34741601367549035,0.8609353458543285,0.7946689111670716
00-0027092,2009,WR,127,4,23.0,1.0,3.0,1.0,2009,5,0.3311045021242706,0.9011800200054703,0.7235134492457593
00-0027093,2009,RB,128,4,23.0,0.0,0.0,0.0,2009,5,0.4038560474834869,0.9288480487626223,0.7467037073415623
00-0027094,2009,RB,129,4,22.0,1.0,1.0,1.0,2009,5,0.41408745531247254,0.8948421295265738,0.8235472383423782
00-0027098,2009,RB,134,4,23.0,0.0,0.0,1.0,2009,5,0.3907696860961161,0.9247870955661073,0.7282539731542668
00-0026913,2009,WR,140,5,22.0,1.0,3.0,1.0,2009,5,0.2601716616018422,0.788128840052052,0.5635621240897235
00-0027102,2009,WR,141,5,22.0,0.0,0.0,1.0,2009,5,0.2589607426284473,0.7866113077489089,0.5614977159679274
00-0027105,2009,WR,144,5,23.0,0.0,0.0,1.0,2009,5,0.24570919855758755,0.8449560420264765,0.5089030771066301
00-0027106,2009,RB,145,5,22.0,0.0,0.0,0.0,2009,5,0.3113496553854121,0.8366476632887477,0.5576726975233015
00-0026915,2009,TE,149,5,23.0,0.0,0.0,0.0,2009,5,0.16238037819918355,0.9023011857592783,0.33708300906330424
00-0026916,2009,QB,151,5,24.0,0.0,0.0,0.0,2009,5,0.2532969943188078,0.8755043377189174,0.43927582049572966
00-0027109,2009,TE,152,5,24.0,0.0,0.0,1.0,2009,5,0.1525197815026034,0.9317461539537097,0.3015295466149406
00-0026917,2009,TE,153,5,24.0,0.0,0.0,0.0,2009,5,0.1515555819184231,0.9311791152811818,0.29998044403270485
00-0027111,2009,WR,160,5,23.0,0.0,0.0,0.0,2009,5,0.22883564632604245,0.826553536324224,0.4814895163218562
00-0026923,2009,TE,161,5,23.0,0.0,0.0,0.0,2009,5,0.1507198710354365,0.8926537571045196,0.3176390289483716
00-0026926,2009,RB,169,5,24.0,0.0,0.0,0.0,2009,5,0.2535467163163596,0.9062598921179138,0.4076182116388102
00-0027118,2009,QB,171,5,22.0,0.0,0.0,0.0,2009,5,0.2535769844389218,0.7244000842765915,0.4917856565631902
00-0027120,2009,RB,173,5,22.0,0.0,0.0,1.0,2009,5,0.268064570934548,0.802608814926975,0.503582300310276
00-0027121,2009,QB,174,6,24.0,0.0,0.0,1.0,2009,5,0.1817836432343606,0.8063264723275675,0.29924247829813483
00-0027122,2009,WR,175,6,24.0,0.0,0.0,0.0,2009,5,0.16069483045339308,0.8190909659118774,0.31791138908417654
00-0026927,2009,QB,178,6,23.0,0.0,0.0,0.0,2009,5,0.18674706527491833,0.7273845025673308,0.32318981202222935
00-0027125,2009,TE,180,6,24.0,0.0,0.0,1.0,2009,5,0.0984081641373087,0.8839076606638212,0.19828529986771337
00-0026931,2009,TE,184,6,23.0,0.0,0.0,1.0,2009,5,0.10078878877195949,0.8295478535881866,0.21558914303138288
00-0026932,2009,RB,185,6,22.0,0.0,0.0,1.0,2009,5,0.19913574642069135,0.7231552522951343,0.348969545868492
00-0027129,2009,RB,192,6,23.0,0.0,0.0,1.0,2009,5,0.18427769626797308,0.7907387076542477,0.3017959716112311
00-0026937,2009,WR,194,6,22.0,1.0,2.0,1.0,2009,5,0.1623181979653157,0.6326021298683945,0.35984598890591485
00-0027130,2009,RB,195,6,23.0,0.0,0.0,1.0,2009,5,0.18151335450576545,0.7873650801488231,0.2988592338356768
00-0027131,2009,QB,196,6,23.0,0.0,0.0,1.0,2009,5,0.17507337096320252,0.7039771620493461,0.3060167649798297
00-0027134,2009,QB,201,6,24.0,1.0,1.0,1.0,2009,5,0.16488642332456951,0.7779888594044345,0.2755294740516608
00-0027135,2009,TE,202,6,24.0,1.0,2.0,1.0,2009,5,0.08734005198837297,0.8668943626633822,0.1804107242787559
00-0027137,2009,WR,206,6,23.0,0.0,0.0,0.0,2009,5,0.14857462985967643,0.7078015558303379,0.31668308968040515
00-0027139,2009,TE,208,6,22.0,0.0,0.0,1.0,2009,5,0.09307044960230029,0.7307808158821542,0.21841395969540547
00-0026941,2009,RB,209,6,25.0,0.0,0.0,1.0,2009,5,0.15550254425004076,0.8863524643693941,0.22697046805448556
00-0027140,2009,RB,211,7,23.0,1.0,1.0,1.0,2009,5,0.12926875707754837,0.7008153918447745,0.20705263740450522
00-0027141,2009,RB,212,7,23.0,0.0,0.0,1.0,2009,5,0.1286351374746902,0.6995177772307551,0.20640478871692713
00-0027143,2009,RB,215,7,25.0,0.0,0.0,0.0,2009,5,0.11577369067337585,0.8405292659716045,0.16094184556279886
00-0026947,2009,RB,221,7,22.0,0.0,0.0,1.0,2009,5,0.1288607268955519,0.5921548447113623,0.22853734277738552
nogsis:2009:224,2009,WR,224,7,,0.0,0.0,0.0,2009,5,0.11149183963676605,0.5013593673024209,0.255850284311356
00-0027149,2009,WR,229,7,22.0,0.0,0.0,1.0,2009,5,0.10957060162126214,0.4943309935424803,0.2526281688886153
00-0027150,2009,WR,232,7,23.0,1.0,1.0,1.0,2009,5,0.10356082420137062,0.5935153148571569,0.22683242868128078
00-0026953,2009,WR,233,7,23.0,0.0,0.0,1.0,2009,5,0.10320788956457465,0.592193149161389,0.2262629443850398
00-0027154,2009,TE,237,7,23.0,0.0,0.0,1.0,2009,5,0.058172164694794665,0.7077994058767775,0.13490284639144628
00-0026956,2009,RB,240,7,22.0,1.0,1.0,1.0,2009,5,0.11821218546930297,0.5658796524058473,0.21667332987739557
00-0026957,2009,TE,241,7,22.0,0.0,0.0,1.0,2009,5,0.05998003324445024,0.6092784750334244,0.14947567234888956
00-0026959,2009,WR,243,7,24.0,0.0,0.0,1.0,2009,5,0.09527239606362051,0.676403134591151,0.20106248209118008
00-0026963,2009,TE,248,7,22.0,0.0,0.0,1.0,2009,5,0.05816507248294901,0.6000077800640297,0.14607273731584436
00-0027155,2009,RB,250,7,24.0,1.0,2.0,1.0,2009,5,0.10327034578786291,0.7402429562986113,0.16330186930336882
nogsis:2009:251,2009,WR,251,7,,0.0,0.0,0.0,2009,5,0.10189559378771011,0.4651815748500248,0.2396646215802123
nogsis:2009:252,2009,WR,252,7,,0.0,0.0,0.0,2009,5,0.1015739375010666,0.46392199826501557,0.23911790310649772
00-0027156,2009,WR,253,7,22.0,0.0,0.0,1.0,2009,5,0.10125445066675984,0.4626678675044436,0.238574584215696
00-0027157,2009,TE,255,7,24.0,0.0,0.0,1.0,2009,5,0.051196934020567915,0.769117149451053,0.11382333837928157
00-0027854,2010,QB,1,1,22.0,1.0,1.0,1.0,2010,1,0.7657314693992259,0.9841671642188887,0.7657314693992259
00-0027861,2010,RB,9,1,23.0,0.0,0.0,1.0,2010,1,0.7430556911058209,0.9900260535829126,0.7430556911058209
00-0027864,2010,RB,12,1,22.0,1.0,1.0,1.0,2010,1,0.7286650850951839,0.9829097856072537,0.7286650850951839
00-0027873,2010,TE,21,1,22.0,1.0,1.0,1.0,2010,1,0.3908587993556726,0.9789769136466293,0.3908587993556726
00-0027874,2010,WR,22,1,22.0,0.0,0.0,1.0,2010,1,0.5145741548781729,0.9794961284556715,0.5145741548781729
00-0027902,2010,WR,24,1,21.0,1.0,1.0,1.0,2010,1,0.5235580541862798,0.9710620234700845,0.5235580541862798
00-0027876,2010,QB,25,1,23.0,1.0,1.0,1.0,2010,1,0.3873810146182949,0.8802117139717516,0.3873810146182949
00-0027880,2010,RB,30,1,21.0,1.0,1.0,1.0,2010,1,0.6339771366681897,0.944129280020556,0.6339771366681897
00-0027651,2010,WR,36,2,21.0,0.0,0.0,1.0,2010,1,0.34780391532631216,0.9411343165877173,0.34780391532631216
00-0027654,2010,WR,39,2,21.0,0.0,0.0,1.0,2010,1,0.3360540138628207,0.9348129283699785,0.3360540138628207
00-0027656,2010,TE,42,2,21.0,1.0,1.0,1.0,2010,1,0.24069482106801415,0.9332800640456228,0.24069482106801415
00-0027659,2010,QB,48,2,22.0,1.0,1.0,1.0,2010,1,0.24265998612014278,0.748108352774001,0.24265998612014278
00-0027888,2010,RB,51,2,23.0,0.0,0.0,1.0,2010,1,0.40074844601006054,0.9264514818203299,0.40074844601006054
00-0027890,2010,RB,58,2,22.0,0.0,0.0,0.0,2010,1,0.4051222735929848,0.8965531838527023,0.4051222735929848
00-0027666,2010,RB,59,2,23.0,0.0,0.0,0.0,2010,1,0.3806389818458537,0.9149798217112872,0.3806389818458537
00-0027891,2010,WR,60,2,22.0,0.0,0.0,1.0,2010,1,0.2583151951936032,0.9099334844952317,0.2583151951936032
00-0027675,2010,TE,70,3,23.0,0.0,0.0,1.0,2010,1,0.11475867444031772,0.9125256050977534,0.11475867444031772
00-0027893,2010,WR,77,3,22.0,0.0,0.0,1.0,2010,1,0.15762984902341434,0.8561106695646904,0.15762984902341434
00-0027681,2010,WR,78,3,23.0,0.0,0.0,1.0,2010,1,0.14465583347226682,0.8808815332234727,0.14465583347226682
00-0027685,2010,WR,82,3,23.0,0.0,0.0,1.0,2010,1,0.14066532034042029,0.873565950066665,0.14066532034042029
00-0027687,2010,WR,84,3,24.0,1.0,1.0,1.0,2010,1,0.12805627952140855,0.894268612600988,0.12805627952140855
00-0027688,2010,QB,85,3,24.0,1.0,1.0,1.0,2010,1,0.11331692170778238,0.7205421351400247,0.11331692170778238
00-0027690,2010,WR,87,3,23.0,0.0,0.0,1.0,2010,1,0.13606183166759303,0.8644146864047495,0.13606183166759303
00-0027691,2010,WR,88,3,22.0,0.0,0.0,1.0,2010,1,0.14640373074727553,0.8322901408527574,0.14640373074727553
00-0027692,2010,WR,89,3,22.0,0.0,0.0,1.0,2010,1,0.14548482861205128,0.8301364474785515,0.14548482861205128
00-0027693,2010,WR,90,3,22.0,0.0,0.0,1.0,2010,1,0.14458090447247707,0.827985244514442,0.14458090447247707
00-0027695,2010,TE,93,3,23.0,1.0,1.0,1.0,2010,1,0.10136357797299207,0.8835347326759182,0.10136357797299207
00-0027696,2010,TE,95,3,23.0,0.0,0.0,1.0,2010,1,0.1004183391201262,0.8810573920870284,0.1004183391201262
00-0027700,2010,WR,99,4,23.0,0.0,0.0,1.0,2010,1,0.08384901653378564,0.8155295802252441,0.08384901653378564
00-0027702,2010,WR,101,4,23.0,1.0,1.0,1.0,2010,1,0.08285203476147894,0.81140670469676,0.08285203476147894
00-0027708,2010,WR,107,4,22.0,0.0,0.0,0.0,2010,1,0.08713691165773217,0.7587424487616837,0.08713691165773217
00-0027709,2010,WR,108,4,23.0,1.0,1.0,1.0,2010,1,0.07958987249664029,0.7970793080975337,0.07958987249664029
00-0027712,2010,RB,112,4,22.0,0.0,0.0,1.0,2010,1,0.1567418713057201,0.7441252324707797,0.1567418713057201
00-0027713,2010,TE,113,4,20.0,1.0,1.0,1.0,2010,1,0.07887328136991685,0.7135000668540282,0.07887328136991685
00-0027714,2010,TE,114,4,25.0,0.0,0.0,1.0,2010,1,0.05088992119901394,0.8886933219343525,0.05088992119901394
00-0027718,2010,TE,118,4,24.0,0.0,0.0,1.0,2010,1,0.05468178243318891,0.858613095101826,0.05468178243318891
00-0027722,2010,QB,122,4,23.0,0.0,0.0,0.0,2010,1,0.0693307065184057,0.5635328787538503,0.0693307065184057
00-0027725,2010,TE,125,4,23.0,0.0,0.0,1.0,2010,1,0.05811518416659874,0.8182039454731246,0.05811518416659874
00-0027732,2010,TE,132,5,22.0,0.0,0.0,1.0,2010,1,0.040007732986113945,0.7345036058706286,0.040007732986113945
00-0027739,2010,RB,139,5,23.0,0.0,0.0,0.0,2010,1,0.08634270530855624,0.7065392551690175,0.08634270530855624
00-0027753,2010,TE,154,5,21.0,0.0,0.0,1.0,2010,1,0.040676122600665374,0.647891368658006,0.040676122600665374
00-0027754,2010,QB,155,5,22.0,0.0,0.0,1.0,2010,1,0.044023714962570785,0.4142759725776525,0.044023714962570785
00-0027755,2010,WR,156,5,23.0,0.0,0.0,1.0,2010,1,0.041236608015850613,0.6632928962007137,0.041236608015850613
00-0027758,2010,WR,159,5,22.0,0.0,0.0,1.0,2010,1,0.04453224014456188,0.6028000738092082,0.04453224014456188
00-0027761,2010,TE,162,5,23.0,0.0,0.0,1.0,2010,1,0.03321721808537141,0.7355490205337883,0.03321721808537141
00-0027764,2010,WR,165,5,23.0,0.0,0.0,0.0,2010,1,0.039813842411085404,0.6460686275852378,0.039813842411085404
00-0027767,2010,QB,168,5,23.0,0.0,0.0,0.0,2010,1,0.038808164003235786,0.4574425680105342,0.038808164003235786
00-0027769,2010,TE,170,6,23.0,0.0,0.0,1.0,2010,1,0.020775604138082392,0.6853256933696373,0.020775604138082392
00-0027772,2010,RB,173,6,22.0,0.0,0.0,1.0,2010,1,0.05459237630661572,0.5539687014401435,0.05459237630661572
nogsis:2010:174,2010,RB,174,6,,0.0,0.0,0.0,2010,1,0.054420144274178184,0.5524297849762654,0.054420144274178184
00-0027775,2010,QB,176,6,23.0,0.0,0.0,1.0,2010,1,0.024353775378437966,0.4024036029585461,0.024353775378437966
00-0027776,2010,WR,177,6,22.0,0.0,0.0,1.0,2010,1,0.026741637514840384,0.5202102625194961,0.026741637514840384
00-0027779,2010,RB,180,6,23.0,0.0,0.0,1.0,2010,1,0.04891685855131133,0.6008122607660382,0.04891685855131133
00-0027605,2010,QB,181,6,23.0,0.0,0.0,0.0,2010,1,0.02403532227222684,0.39745330181599037,0.02403532227222684
00-0027780,2010,TE,182,6,22.0,0.0,0.0,1.0,2010,1,0.022018076830719945,0.614650423787043,0.022018076830719945
00-0027783,2010,TE,185,6,22.0,0.0,0.0,1.0,2010,1,0.02184632351250929,0.6102997607319114,0.02184632351250929
00-0027786,2010,RB,188,6,21.0,0.0,0.0,1.0,2010,1,0.05693753209830786,0.473005704693481,0.05693753209830786
00-0027789,2010,WR,191,6,21.0,0.0,0.0,1.0,2010,1,0.027886350329946397,0.4359753133403171,0.027886350329946397
00-0027791,2010,RB,193,6,24.0,0.0,0.0,1.0,2010,1,0.04307956493762727,0.6384173781260098,0.04307956493762727
00-0027793,2010,WR,195,6,22.0,0.0,0.0,1.0,2010,1,0.025145340437550154,0.4873300755107868,0.025145340437550154
00-0027606,2010,WR,197,6,24.0,0.0,0.0,0.0,2010,1,0.020840643798044137,0.5999856592121342,0.020840643798044137
00-0027795,2010,WR,198,6,23.0,1.0,1.0,1.0,2010,1,0.022746500580372166,0.5407959027367276,0.022746500580372166
00-0027796,2010,WR,199,6,23.0,0.0,0.0,1.0,2010,1,0.02267355197706372,0.5390957972120232,0.02267355197706372
nogsis:2010:200,2010,RB,200,6,,0.0,0.0,0.0,2010,1,0.050411301716316685,0.5150097792842767,0.050411301716316685
00-0027801,2010,QB,204,6,24.0,0.0,0.0,1.0,2010,1,0.020749603608145952,0.433104996164461,0.020749603608145952
00-0027608,2010,WR,206,6,22.0,0.0,0.0,1.0,2010,1,0.024282454528876663,0.4687300241654933,0.024282454528876663
00-0027804,2010,QB,209,7,23.0,0.0,0.0,1.0,2010,1,0.014320608911322141,0.3290321655373673,0.014320608911322141
00-0027809,2010,TE,214,7,23.0,0.0,0.0,1.0,2010,1,0.01184215155487773,0.5816920230151057,0.01184215155487773
00-0027813,2010,WR,219,7,22.0,0.0,0.0,1.0,2010,1,0.014893648656206406,0.4015663853485701,0.014893648656206406
00-0027816,2010,WR,222,7,23.0,0.0,0.0,1.0,2010,1,0.013473711121648356,0.4545142701581066,0.013473711121648356
00-0027819,2010,WR,227,7,22.0,0.0,0.0,1.0,2010,1,0.014554079401466875,0.38991124525222354,0.014554079401466875
00-0027825,2010,TE,233,7,23.0,0.0,0.0,1.0,2010,1,0.011364455760708249,0.5583215029734147,0.011364455760708249
00-0027827,2010,TE,235,7,22.0,0.0,0.0,0.0,2010,1,0.012403898465582031,0.497447650918636,0.012403898465582031
00-0027612,2010,RB,237,7,23.0,0.0,0.0,0.0,2010,1,0.026975907310636985,0.4802883629130883,0.026975907310636985
00-0027830,2010,QB,239,7,24.0,0.0,0.0,0.0,2010,1,0.012261244153440189,0.3597720197856536,0.012261244153440189
00-0027836,2010,TE,245,7,24.0,0.0,0.0,0.0,2010,1,0.010118823066044582,0.6018133930729668,0.010118823066044582
00-0027841,2010,QB,250,7,23.0,0.0,0.0,0.0,2010,1,0.013152757820156315,0.3005947193637556,0.013152757820156315
00-0027846,2010,WR,255,7,25.0,0.0,0.0,0.0,2010,1,0.01025802797260335,0.5247883525842537,0.01025802797260335
00-0027854,2010,QB,1,1,22.0,1.0,2.0,1.0,2010,2,0.934535113160289,0.999899615667353,1.6245087324211296
00-0027861,2010,RB,9,1,23.0,1.0,1.0,1.0,2010,2,0.9574238394158314,0.9992753695280677,1.6305869538662634
00-0027864,2010,RB,12,1,22.0,1.0,2.0,1.0,2010,2,0.9409488082338745,0.9982172855970058,1.5672617915070843
00-0027873,2010,TE,21,1,22.0,1.0,2.0,1.0,2010,2,0.7474558523582461,0.9959572766118908,1.1216364677955983
00-0027874,2010,WR,22,1,22.0,1.0,1.0,1.0,2010,2,0.6941222251899334,0.9943780640284456,1.0564069679882175
00-0027902,2010,WR,24,1,21.0,1.0,2.0,1.0,2010,2,0.6751136269190333,0.9904927952803785,1.0198897364012318
00-0027876,2010,QB,25,1,23.0,1.0,2.0,1.0,2010,2,0.6607482114552962,0.9884922674767244,1.002243870994165
00-0027880,2010,RB,30,1,21.0,1.0,2.0,1.0,2010,2,0.8468791220272535,0.9862567047380484,1.3357601284531906
00-0027651,2010,WR,36,2,21.0,1.0,1.0,1.0,2010,2,0.5019727453249891,0.9770514199008776,0.6780493989541787
00-0027654,2010,WR,39,2,21.0,0.0,0.0,1.0,2010,2,0.4858305258407843,0.9736095357218946,0.656303818991786
00-0027656,2010,TE,42,2,21.0,1.0,2.0,1.0,2010,2,0.5067606000494659,0.9752926800183314,0.7075737145530603
00-0027659,2010,QB,48,2,22.0,1.0,1.0,1.0,2010,2,0.4613607504337159,0.9464223600448891,0.6389125712205312
00-0027888,2010,RB,51,2,23.0,1.0,1.0,1.0,2010,2,0.6785746166475038,0.9797257107659009,0.974959599191064
00-0027890,2010,RB,58,2,22.0,1.0,1.0,1.0,2010,2,0.6418388468768217,0.9633298277931647,0.9254427983811657
00-0027666,2010,RB,59,2,23.0,0.0,0.0,1.0,2010,2,0.641480614164291,0.973676365613044,0.9288549374743873
00-0027891,2010,WR,60,2,22.0,0.0,0.0,1.0,2010,2,0.40457722747918584,0.9612256350736755,0.5540155473378733
00-0027675,2010,TE,70,3,23.0,1.0,1.0,1.0,2010,2,0.3082956741232466,0.9645668883786745,0.4157417948141906
00-0027893,2010,WR,77,3,22.0,1.0,1.0,1.0,2010,2,0.2720852858410878,0.9305278704150147,0.346546503993116
00-0027681,2010,WR,78,3,23.0,1.0,1.0,1.0,2010,2,0.2735610452488463,0.9500393944000775,0.34886530004485655
00-0027685,2010,WR,82,3,23.0,0.0,0.0,1.0,2010,2,0.2656157673665498,0.9456151736924542,0.3405436665713698
00-0027687,2010,WR,84,3,24.0,1.0,1.0,1.0,2010,2,0.2653050372333349,0.9603099425447053,0.3409729132969772
00-0027688,2010,QB,85,3,24.0,1.0,2.0,1.0,2010,2,0.2947725831859298,0.9268569293918903,0.3791454650846612
00-0027690,2010,WR,87,3,23.0,1.0,1.0,1.0,2010,2,0.25640480248078135,0.9399022250506252,0.33093249558430116
00-0027691,2010,WR,88,3,22.0,1.0,1.0,1.0,2010,2,0.25127743454392054,0.913394657775047,0.3248959391876591
00-0027692,2010,WR,89,3,22.0,0.0,0.0,1.0,2010,2,0.24956602925440718,0.9117812406529197,0.3231229847399539
00-0027693,2010,WR,90,3,22.0,0.0,0.0,1.0,2010,2,0.247881413314063,0.9101592044911644,0.3213787699977137
00-0027695,2010,TE,93,3,23.0,1.0,1.0,1.0,2010,2,0.2550242425214717,0.9413595456544528,0.35841296182162335
00-0027696,2010,TE,95,3,23.0,1.0,1.0,1.0,2010,2,0.25128759731386197,0.9391376322265543,0.35436115832023607
00-0027700,2010,WR,99,4,23.0,0.0,0.0,1.0,2010,2,0.17287984838845696,0.9128884540842213,0.2077934702918083
00-0027702,2010,WR,101,4,23.0,1.0,2.0,1.0,2010,2,0.17058441194066265,0.9099990455978821,0.2056547919195164
00-0027708,2010,WR,107,4,22.0,0.0,0.0,0.0,2010,2,0.1616632685092395,0.8625682378399572,0.19691782144242553
00-0027709,2010,WR,108,4,23.0,1.0,1.0,1.0,2010,2,0.16307011337506316,0.8996800655596364,0.1986482114914222
00-0027712,2010,RB,112,4,22.0,0.0,0.0,1.0,2010,2,0.2775839566712069,0.8485214135105892,0.3676981942801276
00-0027713,2010,TE,113,4,20.0,1.0,2.0,1.0,2010,2,0.15409582615714085,0.7547469848189705,0.20759444801437732
00-0027714,2010,TE,114,4,25.0,0.0,0.0,1.0,2010,2,0.16496158867757776,0.9514507860417227,0.22104885907611507
00-0027718,2010,TE,118,4,24.0,0.0,0.0,1.0,2010,2,0.15820457693607287,0.9267471131874762,0.21365872172104833
00-0027722,2010,QB,122,4,23.0,0.0,0.0,1.0,2010,2,0.18062042490846586,0.8055247543403345,0.21677062763422697
00-0027725,2010,TE,125,4,23.0,0.0,0.0,1.0,2010,2,0.1489287815672531,0.8866625585721878,0.20367587952158794
00-0027732,2010,TE,132,5,22.0,0.0,0.0,1.0,2010,2,0.09904809538093921,0.8042661509321433,0.12662681513871277
00-0027739,2010,RB,139,5,23.0,0.0,0.0,0.0,2010,2,0.17076857165257348,0.8221956257417201,0.2228629637522809
00-0027753,2010,TE,154,5,21.0,0.0,0.0,1.0,2010,2,0.085576651795912,0.6798491584168385,0.1133312882171945
00-0027754,2010,QB,155,5,22.0,1.0,1.0,1.0,2010,2,0.11146810406364228,0.6218138025459593,0.12504200221015932
00-0027755,2010,WR,156,5,23.0,0.0,0.0,1.0,2010,2,0.08877999838245268,0.7967914394468211,0.10623087317837634
00-0027758,2010,WR,159,5,22.0,0.0,0.0,1.0,2010,2,0.08612906297864825,0.7228664178546953,0.10371247199866551
00-0027761,2010,TE,162,5,23.0,0.0,0.0,1.0,2010,2,0.084693344000278,0.8031364248565435,0.11303473614608917
00-0027764,2010,WR,165,5,23.0,0.0,0.0,1.0,2010,2,0.08518629206520709,0.78005047669833,0.10308717114166785
00-0027767,2010,QB,168,5,23.0,0.0,0.0,0.0,2010,2,0.10829583751583595,0.6775460251582842,0.12214949293555982
00-0027769,2010,TE,170,6,23.0,0.0,0.0,1.0,2010,2,0.05618120508206415,0.759020663466462,0.07013306808704153
00-0027772,2010,RB,173,6,22.0,0.0,0.0,1.0,2010,2,0.09596975890274409,0.6427326805448762,0.12609320159500625
nogsis:2010:174,2010,RB,174,6,,0.0,0.0,0.0,2010,2,0.09540352266090704,0.6403010737601722,0.12565368992202602
00-0027775,2010,QB,176,6,23.0,0.0,0.0,1.0,2010,2,0.07353124823446587,0.6223024327082636,0.0765649239814847
00-0027776,2010,WR,177,6,22.0,0.0,0.0,1.0,2010,2,0.05495424757050025,0.6451219845441855,0.06236611382572231
00-0027779,2010,RB,180,6,23.0,0.0,0.0,1.0,2010,2,0.09363708486252377,0.7084810301699567,0.12514262958389288
00-0027605,2010,QB,181,6,23.0,0.0,0.0,0.0,2010,2,0.07234857875358792,0.611759768586672,0.07553672142474915
00-0027780,2010,TE,182,6,22.0,0.0,0.0,1.0,2010,2,0.05202725433376807,0.656330422573402,0.06611515167598314
00-0027783,2010,TE,185,6,22.0,0.0,0.0,1.0,2010,2,0.05128334455039591,0.6494429789160842,0.06542347394274604
00-0027786,2010,RB,188,6,21.0,0.0,0.0,1.0,2010,2,0.08666252770602373,0.5152868820157993,0.11793128483488455
00-0027789,2010,WR,191,6,21.0,1.0,1.0,1.0,2010,2,0.05097961792162803,0.5219522387914108,0.05899709031122029
00-0027791,2010,RB,193,6,24.0,1.0,1.0,1.0,2010,2,0.08856089005065743,0.7565085701729598,0.1219680236817513
00-0027793,2010,WR,195,6,22.0,1.0,1.0,1.0,2010,2,0.051034157978194834,0.6045129665019967,0.05915241732954947
00-0027606,2010,WR,197,6,24.0,0.0,0.0,1.0,2010,2,0.052380881049847124,0.760080014172935,0.06049304669437544
00-0027795,2010,WR,198,6,23.0,1.0,1.0,1.0,2010,2,0.05130269693170925,0.6836324476558568,0.059486362372874885
00-0027796,2010,WR,199,6,23.0,0.0,0.0,1.0,2010,2,0.0511052182939018,0.6816789074623388,0.05932292305724972
nogsis:2010:200,2010,RB,200,6,,0.0,0.0,0.0,2010,2,0.08260381326830987,0.5796156572564415,0.1154614206125229
00-0027801,2010,QB,204,6,24.0,0.0,0.0,1.0,2010,2,0.06862541228118776,0.6542397393356715,0.072373240367237
00-0027608,2010,WR,206,6,22.0,0.0,0.0,1.0,2010,2,0.048931908580664776,0.5808044360454204,0.05740988211238821
00-0027804,2010,QB,209,7,23.0,0.0,0.0,1.0,2010,2,0.04576790313059247,0.514129046204967,0.04469413336843933
00-0027809,2010,TE,214,7,23.0,0.0,0.0,1.0,2010,2,0.03132502299764914,0.6342146887301366,0.038321305890053683
00-0027813,2010,WR,219,7,22.0,0.0,0.0,1.0,2010,2,0.03189505537728222,0.5118592813177982,0.035007474881970896
00-0027816,2010,WR,222,7,23.0,0.0,0.0,1.0,2010,2,0.0321079326624906,0.5978780216034667,0.03523986834913025
00-0027819,2010,WR,227,7,22.0,0.0,0.0,1.0,2010,2,0.0310131830600114,0.4958061628724596,0.03432027567481737
00-0027825,2010,TE,233,7,23.0,0.0,0.0,1.0,2010,2,0.029014292143104976,0.5968158430790194,0.03626180229236625
00-0027827,2010,TE,235,7,22.0,0.0,0.0,0.0,2010,2,0.028296508234303075,0.5006968700623122,0.0354944027869047
00-0027612,2010,RB,237,7,23.0,0.0,0.0,0.0,2010,2,0.04839717257213689,0.5533590451970564,0.06797191821532178
00-0027830,2010,QB,239,7,24.0,0.0,0.0,0.0,2010,2,0.04297464662446401,0.5538996191921474,0.04249665403852399
00-0027836,2010,TE,245,7,24.0,0.0,0.0,1.0,2010,2,0.028213914826953124,0.6620401300533295,0.03566242122119563
00-0027841,2010,QB,250,7,23.0,0.0,0.0,0.0,2010,2,0.04112421572729054,0.44305609145208696,0.040928536698949226
00-0027846,2010,WR,255,7,25.0,0.0,0.0,0.0,2010,2,0.029824740827849933,0.7100531000947876,0.033574337309457344
00-0027854,2010,QB,1,1,22.0,1.0,3.0,1.0,2010,3,0.9705865405717616,0.999850426125189,2.258620682334113
00-0027861,2010,RB,9,1,23.0,1.0,2.0,1.0,2010,3,0.954255195145344,0.9986789300567226,2.395559757923665
00-0027864,2010,RB,12,1,22.0,1.0,3.0,1.0,2010,3,0.9358769754006114,0.9971504002893884,2.3052361645058235
00-0027873,2010,TE,21,1,22.0,1.0,3.0,1.0,2010,3,0.8458974191510334,0.9942721179595034,1.7648876446824815
00-0027874,2010,WR,22,1,22.0,1.0,2.0,1.0,2010,3,0.8022303836908674,0.9924173004061981,1.72427745978232
00-0027902,2010,WR,24,1,21.0,1.0,3.0,1.0,2010,3,0.7852283479444256,0.9883059049697467,1.6829488581761174
00-0027876,2010,QB,25,1,23.0,1.0,2.0,1.0,2010,3,0.7432739828932409,0.9891025985401503,1.5195514398090737
00-0027880,2010,RB,30,1,21.0,1.0,2.0,1.0,2010,3,0.8288655979917198,0.9830399408660392,1.9457824155807872
00-0027651,2010,WR,36,2,21.0,1.0,2.0,1.0,2010,3,0.6405539396098067,0.9743754034864591,1.182662220810077
00-0027654,2010,WR,39,2,21.0,0.0,0.0,1.0,2010,3,0.6216934009435684,0.9710228018491541,1.1518228871933975
00-0027656,2010,TE,42,2,21.0,1.0,3.0,1.0,2010,3,0.6210148769305843,0.9722059912724318,1.1439624950898575
00-0027659,2010,QB,48,2,22.0,1.0,1.0,1.0,2010,3,0.5603833889146653,0.9576248272786573,1.0187918225989392
00-0027888,2010,RB,51,2,23.0,1.0,1.0,1.0,2010,3,0.6618206691367027,0.9742658345377336,1.3677012324859628
00-0027890,2010,RB,58,2,22.0,1.0,1.0,1.0,2010,3,0.6231617727007603,0.957857391644102,1.2981644831622663
00-0027666,2010,RB,59,2,23.0,0.0,0.0,1.0,2010,3,0.6221110980884796,0.9675683461249852,1.2965917780742693
00-0027891,2010,WR,60,2,22.0,1.0,1.0,1.0,2010,3,0.5191090329529675,0.9581738415427135,1.0029824736812216
00-0027675,2010,TE,70,3,23.0,1.0,1.0,1.0,2010,3,0.3929666167474524,0.9590468343224265,0.6868935134004774
00-0027893,2010,WR,77,3,22.0,1.0,1.0,1.0,2010,3,0.38125290160589625,0.9295111683970214,0.6591596141250998
00-0027681,2010,WR,78,3,23.0,1.0,2.0,1.0,2010,3,0.38190189040596945,0.9457710434204846,0.664445507378695
00-0027685,2010,WR,82,3,23.0,1.0,1.0,1.0,2010,3,0.3700251451924416,0.9415749464696027,0.6515120646957928
00-0027687,2010,WR,84,3,24.0,1.0,1.0,1.0,2010,3,0.3680269616029291,0.9544233726124173,0.6545628441560107
00-0027688,2010,QB,85,3,24.0,1.0,2.0,1.0,2010,3,0.3849369650407092,0.9395136352308062,0.6457997324975167
00-0027690,2010,WR,87,3,23.0,1.0,2.0,1.0,2010,3,0.35617018481553514,0.9362156642077848,0.6364893113237386
00-0027691,2010,WR,88,3,22.0,1.0,2.0,1.0,2010,3,0.3499162517369795,0.9143803704685483,0.6250049414462914
00-0027692,2010,WR,89,3,22.0,0.0,0.0,1.0,2010,3,0.3473187620406154,0.9129729958225885,0.622187637671725
00-0027693,2010,WR,90,3,22.0,0.0,0.0,1.0,2010,3,0.34475920035562585,0.9115608002983354,0.6194128966378463
00-0027695,2010,TE,93,3,23.0,1.0,1.0,1.0,2010,3,0.3105453579915542,0.9361222345347013,0.5978374600666752
00-0027696,2010,TE,95,3,23.0,1.0,2.0,1.0,2010,3,0.3047593726416318,0.9339906298332449,0.5915093716472877
00-0027700,2010,WR,99,4,23.0,0.0,0.0,1.0,2010,3,0.262889352371118,0.9108398286252998,0.4136338549503308
00-0027702,2010,WR,101,4,23.0,1.0,3.0,1.0,2010,3,0.2589848635843857,0.9082412864769199,0.4100936593245527
00-0027708,2010,WR,107,4,22.0,0.0,0.0,1.0,2010,3,0.24499587728027622,0.8700337046894694,0.3935623959499952
00-0027709,2010,WR,108,4,23.0,1.0,1.0,1.0,2010,3,0.2461808058082468,0.8990328595874107,0.3984438027251408
00-0027712,2010,RB,112,4,22.0,0.0,0.0,1.0,2010,3,0.29024237793894125,0.849556000227624,0.49020318273380714
00-0027713,2010,TE,113,4,20.0,1.0,3.0,1.0,2010,3,0.19751961213565644,0.786703793820803,0.34899958415638327
00-0027714,2010,TE,114,4,25.0,1.0,1.0,1.0,2010,3,0.20848920133567939,0.9421561253962165,0.3767470374335703
00-0027718,2010,TE,118,4,24.0,0.0,0.0,1.0,2010,3,0.19878641329629285,0.919351448319177,0.36285529176534204
00-0027722,2010,QB,122,4,23.0,0.0,0.0,1.0,2010,3,0.2558602014129692,0.8542451956868128,0.38931964240617495
00-0027725,2010,TE,125,4,23.0,0.0,0.0,1.0,2010,3,0.18493202240390721,0.8847833864970365,0.3453164535116605
00-0027732,2010,TE,132,5,22.0,0.0,0.0,1.0,2010,3,0.1327524941496625,0.8161259366328959,0.215496076286201
00-0027739,2010,RB,139,5,23.0,0.0,0.0,0.0,2010,3,0.1911049611575957,0.8204861143819455,0.2911340086161113
00-0027753,2010,TE,154,5,21.0,0.0,0.0,1.0,2010,3,0.11012624121821746,0.718297137831175,0.19389027752732668
00-0027754,2010,QB,155,5,22.0,1.0,1.0,1.0,2010,3,0.17168274646051174,0.7247027094470582,0.23351430255729552
00-0027755,2010,WR,156,5,23.0,0.0,0.0,1.0,2010,3,0.14191050557538096,0.8096071578556601,0.22319209532440856
00-0027758,2010,WR,159,5,22.0,0.0,0.0,1.0,2010,3,0.13769041227834694,0.7535099818162686,0.21714378451594693
00-0027761,2010,TE,162,5,23.0,0.0,0.0,1.0,2010,3,0.10693065285244074,0.8103660914284988,0.19421570813862882
00-0027764,2010,WR,165,5,23.0,0.0,0.0,1.0,2010,3,0.13513594246600863,0.7955781372689611,0.217586390888439
00-0027767,2010,QB,168,5,23.0,0.0,0.0,0.0,2010,3,0.16531292330201752,0.7600203110958947,0.23124671229817445
00-0027769,2010,TE,170,6,23.0,0.0,0.0,1.0,2010,3,0.07640674593456644,0.7710957225353323,0.12107177888678226
00-0027772,2010,RB,173,6,22.0,0.0,0.0,1.0,2010,3,0.11645027699371709,0.6689860735039774,0.16504409216206567
nogsis:2010:174,2010,RB,174,6,,0.0,0.0,0.0,2010,3,0.11737670737263955,0.7299045024043912,0.16539032170935924
00-0027775,2010,QB,176,6,23.0,0.0,0.0,1.0,2010,3,0.12316527234159837,0.7166625595844057,0.14677988902465366
00-0027776,2010,WR,177,6,22.0,0.0,0.0,1.0,2010,3,0.09523314574519487,0.6877678029047459,0.1328618661319203
00-0027779,2010,RB,180,6,23.0,0.0,0.0,1.0,2010,3,0.11327291464067096,0.7188400116630209,0.16193567268970255
00-0027605,2010,QB,181,6,23.0,0.0,0.0,0.0,2010,3,0.12088179631851706,0.7084649670119616,0.14540541813971303
00-0027780,2010,TE,182,6,22.0,0.0,0.0,1.0,2010,3,0.0694548555834058,0.6904054812264869,0.11432824578923956
00-0027783,2010,TE,185,6,22.0,0.0,0.0,1.0,2010,3,0.068117897324885,0.6846104894944951,0.11320506882700815
00-0027786,2010,RB,188,6,21.0,1.0,1.0,1.0,2010,3,0.1051789338331834,0.566530229615852,0.1561940586397971
00-0027789,2010,WR,191,6,21.0,1.0,1.0,1.0,2010,3,0.08752617586625333,0.5913458417266338,0.12580954589407894
00-0027791,2010,RB,193,6,24.0,1.0,1.0,1.0,2010,3,0.10672209083310209,0.7548541143885555,0.15616050769954193
00-0027793,2010,WR,195,6,22.0,1.0,2.0,1.0,2010,3,0.0871142546539238,0.6540204901368003,0.12693601477096314
00-0027606,2010,WR,197,6,24.0,0.0,0.0,1.0,2010,3,0.08882270375419374,0.7721622043232844,0.13159094755258427
00-0027795,2010,WR,198,6,23.0,1.0,1.0,1.0,2010,3,0.08714265649339042,0.7135332881133791,0.1285600830530858
00-0027796,2010,WR,199,6,23.0,0.0,0.0,1.0,2010,3,0.08673783043336238,0.7119043618299838,0.12825786657852326
nogsis:2010:200,2010,RB,200,6,,0.0,0.0,0.0,2010,3,0.10130966766248024,0.6827565260157183,0.15164796411915898
00-0027801,2010,QB,204,6,24.0,0.0,0.0,1.0,2010,3,0.11311467367945448,0.7343832349062437,0.14222232204926374
00-0027608,2010,WR,206,6,22.0,0.0,0.0,1.0,2010,3,0.08279664041684455,0.6341583530664298,0.1237019665583717
00-0027804,2010,QB,209,7,23.0,0.0,0.0,1.0,2010,3,0.08304099265221318,0.6280979248822318,0.08820594500397314
00-0027809,2010,TE,214,7,23.0,0.0,0.0,1.0,2010,3,0.04334533747701802,0.6629325070096459,0.06683691716935558
00-0027813,2010,WR,219,7,22.0,0.0,0.0,1.0,2010,3,0.05868641515057211,0.5732450933320802,0.07616685660957345
00-0027816,2010,WR,222,7,23.0,0.0,0.0,1.0,2010,3,0.058799174892779464,0.6395877855449056,0.07721407359363226
00-0027819,2010,WR,227,7,22.0,0.0,0.0,1.0,2010,3,0.056711904225296206,0.559330308091772,0.07486796123575451
00-0027825,2010,TE,233,7,23.0,0.0,0.0,1.0,2010,3,0.03905893865743684,0.6308925421403976,0.06343537420064684
00-0027827,2010,TE,235,7,22.0,0.0,0.0,1.0,2010,3,0.03806815240806976,0.5552702621614901,0.062208706644692885
00-0027612,2010,RB,237,7,23.0,0.0,0.0,0.0,2010,3,0.06342630562371324,0.5819087801075198,0.08750932984012111
00-0027830,2010,QB,239,7,24.0,0.0,0.0,0.0,2010,3,0.07670559555231517,0.6530276390324851,0.0857699566089232
00-0027836,2010,TE,245,7,24.0,0.0,0.0,1.0,2010,3,0.03728580705524665,0.6798645646574524,0.06249282215054562
00-0027841,2010,QB,250,7,23.0,0.0,0.0,0.0,2010,3,0.0732351889401015,0.5666318905304205,0.08299608120888785
00-0027846,2010,WR,255,7,25.0,0.0,0.0,0.0,2010,3,0.053065915791354876,0.7220466533641738,0.07557100986065894
00-0027854,2010,QB,1,1,22.0,1.0,4.0,1.0,2010,4,0.9851928632893083,0.9999125920154995,3.251745169966573
00-0027861,2010,RB,9,1,23.0,1.0,3.0,1.0,2010,4,0.9622445967469787,0.9992810125129962,3.1420806972788773
00-0027864,2010,RB,12,1,22.0,1.0,4.0,1.0,2010,4,0.9482135746429622,0.9983099380707745,3.0254372365012694
00-0027873,2010,TE,21,1,22.0,1.0,3.0,1.0,2010,4,0.8589717840366355,0.9969034665171723,2.34255751699037
00-0027874,2010,WR,22,1,22.0,1.0,3.0,1.0,2010,4,0.794626216487156,0.9929842436268382,2.321451645620418
00-0027902,2010,WR,24,1,21.0,1.0,4.0,1.0,2010,4,0.781438147465115,0.9886286241328606,2.286343136622912
00-0027876,2010,QB,25,1,23.0,1.0,2.0,1.0,2010,4,0.8438111811319864,0.9909734431174485,2.1566684418539053
00-0027880,2010,RB,30,1,21.0,1.0,2.0,1.0,2010,4,0.8674498751222526,0.9878784368127228,2.552107596254322
00-0027651,2010,WR,36,2,21.0,1.0,3.0,1.0,2010,4,0.6579177416779239,0.9740899574895608,1.6560831609945788
00-0027654,2010,WR,39,2,21.0,0.0,0.0,1.0,2010,4,0.6437456434965697,0.970460271024741,1.6142345986418798
00-0027656,2010,TE,42,2,21.0,1.0,4.0,1.0,2010,4,0.6545970501085875,0.9818182580578234,1.5254607557120423
00-0027659,2010,QB,48,2,22.0,1.0,1.0,1.0,2010,4,0.7027623349394024,0.9605241109834267,1.5016257351059425
00-0027888,2010,RB,51,2,23.0,1.0,1.0,1.0,2010,4,0.7325311415529886,0.9816043296453718,1.8102268135523052
00-0027890,2010,RB,58,2,22.0,1.0,2.0,1.0,2010,4,0.7012966677453525,0.9678951388013,1.7407815790041525
00-0027666,2010,RB,59,2,23.0,0.0,0.0,1.0,2010,4,0.6996574832910881,0.9762533285232478,1.7220074701006718
00-0027891,2010,WR,60,2,22.0,1.0,2.0,1.0,2010,4,0.5663961097715416,0.9571847973795357,1.3929447321861819
00-0027675,2010,TE,70,3,23.0,1.0,1.0,1.0,2010,4,0.43278861513193423,0.9724821614536281,0.8913006443934883
00-0027893,2010,WR,77,3,22.0,1.0,1.0,1.0,2010,4,0.44242743824212183,0.9263248256468107,0.9488414458352572
00-0027681,2010,WR,78,3,23.0,1.0,3.0,1.0,2010,4,0.44270344486668284,0.9453487099907849,0.9416022294094739
00-0027685,2010,WR,82,3,23.0,1.0,2.0,1.0,2010,4,0.43311186795661105,0.9408292477040676,0.9233916939361466
00-0027687,2010,WR,84,3,24.0,1.0,1.0,1.0,2010,4,0.4312458991684755,0.9554895059447163,0.9138896323660877
00-0027688,2010,QB,85,3,24.0,1.0,2.0,1.0,2010,4,0.5327024468007789,0.9444143138941398,0.9487804348072904
00-0027690,2010,WR,87,3,23.0,1.0,3.0,1.0,2010,4,0.42182491415172585,0.9350283404615862,0.9022492152271636
00-0027691,2010,WR,88,3,22.0,1.0,3.0,1.0,2010,4,0.41693581754222125,0.9094233465533835,0.8998369060122163
00-0027692,2010,WR,89,3,22.0,0.0,0.0,1.0,2010,4,0.41479696777271224,0.9078431138476921,0.8957945807095837
00-0027693,2010,WR,90,3,22.0,0.0,0.0,1.0,2010,4,0.4126851690980528,0.9062562247768494,0.8918134326627314
00-0027695,2010,TE,93,3,23.0,1.0,1.0,1.0,2010,4,0.3498319257752384,0.954198609788016,0.7638216218671707
00-0027696,2010,TE,95,3,23.0,1.0,3.0,1.0,2010,4,0.3439055195689308,0.9524374833917039,0.7549098713360729
00-0027700,2010,WR,99,4,23.0,0.0,0.0,1.0,2010,4,0.3273785157855535,0.9083498716679329,0.6130778255898809
00-0027702,2010,WR,101,4,23.0,1.0,3.0,1.0,2010,4,0.32395601546726827,0.9055060758164793,0.6077210695361069
00-0027708,2010,WR,107,4,22.0,0.0,0.0,1.0,2010,4,0.31178435869567256,0.8608041518367573,0.5944762404098993
00-0027709,2010,WR,108,4,23.0,1.0,1.0,1.0,2010,4,0.3126271281933682,0.8953949693359207,0.5901050813191941
00-0027712,2010,RB,112,4,22.0,0.0,0.0,1.0,2010,4,0.3809342181363644,0.8718843097245307,0.7133732178592691
00-0027713,2010,TE,113,4,20.0,1.0,3.0,1.0,2010,4,0.23203087596267088,0.8170743538243876,0.4914665666077831
00-0027714,2010,TE,114,4,25.0,1.0,1.0,1.0,2010,4,0.2401522001786807,0.9602298487528667,0.47222272023476675
00-0027718,2010,TE,118,4,24.0,1.0,1.0,1.0,2010,4,0.23051279704857142,0.9415386599649658,0.4636578924917391
00-0027722,2010,QB,122,4,23.0,0.0,0.0,1.0,2010,4,0.38522906813880087,0.8552883370568466,0.6092640819799534
00-0027725,2010,TE,125,4,23.0,0.0,0.0,1.0,2010,4,0.2162857556211998,0.9114278901143349,0.449514262627855
00-0027732,2010,TE,132,5,22.0,0.0,0.0,1.0,2010,4,0.15846353978770666,0.8498949267362208,0.3049284382340006
00-0027739,2010,RB,139,5,23.0,0.0,0.0,0.0,2010,4,0.2653427841272831,0.8476937261125989,0.4356322763429681
00-0027753,2010,TE,154,5,21.0,0.0,0.0,1.0,2010,4,0.13349539044735123,0.7514356822791821,0.2786482172714906
00-0027754,2010,QB,155,5,22.0,1.0,1.0,1.0,2010,4,0.27482908505110826,0.7129420228014766,0.4047966583827266
00-0027755,2010,WR,156,5,23.0,0.0,0.0,1.0,2010,4,0.2012505954306519,0.7977520815301032,0.34976207759408606
00-0027758,2010,WR,159,5,22.0,1.0,1.0,1.0,2010,4,0.1971010804175938,0.7309517016387511,0.34843513460685804
00-0027761,2010,TE,162,5,23.0,0.0,0.0,1.0,2010,4,0.12894506610447962,0.8446969713208246,0.2621709584783431
00-0027764,2010,WR,165,5,23.0,0.0,0.0,1.0,2010,4,0.19431664698141263,0.7820778153130121,0.34046879831396093
00-0027767,2010,QB,168,5,23.0,0.0,0.0,0.0,2010,4,0.26460139046331393,0.7550433723605179,0.3868879154460196
00-0027769,2010,TE,170,6,23.0,0.0,0.0,1.0,2010,4,0.09332655547277126,0.8097879606067716,0.17633285407050736
00-0027772,2010,RB,173,6,22.0,0.0,0.0,1.0,2010,4,0.17126593677399718,0.6961272569319397,0.2669783105153395
nogsis:2010:174,2010,RB,174,6,,0.0,0.0,0.0,2010,4,0.17194427297434534,0.761217589544089,0.2614185722609075
00-0027775,2010,QB,176,6,23.0,0.0,0.0,1.0,2010,4,0.20379635921325515,0.7106027172692616,0.2749399843603234
00-0027776,2010,WR,177,6,22.0,0.0,0.0,1.0,2010,4,0.14280624787075158,0.6600430265306507,0.23305971019595456
00-0027779,2010,RB,180,6,23.0,0.0,0.0,1.0,2010,4,0.16664930708448994,0.7500145584538926,0.2560456476994918
00-0027605,2010,QB,181,6,23.0,0.0,0.0,0.0,2010,4,0.20025804361878013,0.7015964966424204,0.2717492992967091
00-0027780,2010,TE,182,6,22.0,0.0,0.0,1.0,2010,4,0.08559001879638614,0.727306703899405,0.17108114858469908
00-0027783,2010,TE,185,6,22.0,0.0,0.0,1.0,2010,4,0.08402990244525624,0.7212337494845363,0.16906585898845555
00-0027786,2010,RB,188,6,21.0,1.0,1.0,1.0,2010,4,0.157068157705637,0.5840309461151372,0.258700326734308
00-0027789,2010,WR,191,6,21.0,1.0,1.0,1.0,2010,4,0.13439276935483646,0.5484698980949949,0.22686319915402098
00-0027791,2010,RB,193,6,24.0,1.0,1.0,1.0,2010,4,0.1576472058261965,0.7882887107210387,0.2417244090854897
00-0027793,2010,WR,195,6,22.0,1.0,3.0,1.0,2010,4,0.1338148705310803,0.6225378902014067,0.2214233276731861
00-0027606,2010,WR,197,6,24.0,0.0,0.0,1.0,2010,4,0.1354922188322963,0.7621788330942583,0.21618246317807255
00-0027795,2010,WR,198,6,23.0,1.0,1.0,1.0,2010,4,0.13373105470956204,0.6932534482068962,0.21735063077237426
00-0027796,2010,WR,199,6,23.0,0.0,0.0,1.0,2010,4,0.13327695150624932,0.6914457953349235,0.21678366640164032
nogsis:2010:200,2010,RB,200,6,,0.0,0.0,0.0,2010,4,0.15102530874226822,0.7130240957438715,0.24004239115207904
00-0027801,2010,QB,204,6,24.0,0.0,0.0,1.0,2010,4,0.18736316019831126,0.7330859142738789,0.25377756811192964
00-0027608,2010,WR,206,6,22.0,0.0,0.0,1.0,2010,4,0.12893572997766908,0.6005818436363867,0.21510316069028546
00-0027804,2010,QB,209,7,23.0,0.0,0.0,1.0,2010,4,0.14167131255145626,0.6169813465748901,0.18900200582267693
00-0027809,2010,TE,214,7,23.0,0.0,0.0,1.0,2010,4,0.054127330787262756,0.703740776154499,0.10518454942073457
00-0027813,2010,WR,219,7,22.0,0.0,0.0,1.0,2010,4,0.09430381959400247,0.5373041944413872,0.14879342578435034
00-0027816,2010,WR,222,7,23.0,0.0,0.0,1.0,2010,4,0.09435265092511914,0.6147524526365926,0.14505839660976352
00-0027819,2010,WR,227,7,22.0,0.0,0.0,1.0,2010,4,0.09194295419613296,0.5222489443258171,0.14579971179608892
00-0027825,2010,TE,233,7,23.0,0.0,0.0,1.0,2010,4,0.04901603228927307,0.6697271668048338,0.09858832638863252
00-0027827,2010,TE,235,7,22.0,0.0,0.0,1.0,2010,4,0.04801520691077073,0.5866889124112644,0.10049797730581278
00-0027612,2010,RB,237,7,23.0,0.0,0.0,0.0,2010,4,0.09803918881853962,0.6108786266918343,0.14803088461672204
00-0027830,2010,QB,239,7,24.0,0.0,0.0,0.0,2010,4,0.13063038094709226,0.6478733530386759,0.17354707424259755
00-0027836,2010,TE,245,7,24.0,0.0,0.0,1.0,2010,4,0.04671182795680922,0.7219784877676492,0.09275247823161956
00-0027841,2010,QB,250,7,23.0,0.0,0.0,0.0,2010,4,0.12544739813642755,0.54964340739665,0.17462567264045445
00-0027846,2010,WR,255,7,25.0,0.0,0.0,0.0,2010,4,0.08728447205482658,0.7141021096454663,0.13104530302471662
00-0027854,2010,QB,1,1,22.0,1.0,4.0,1.0,2010,5,0.97918515702683,0.9998154942214418,4.166578610346982
00-0027861,2010,RB,9,1,23.0,1.0,3.0,1.0,2010,5,0.9634037791131735,0.9991486188153472,3.678013557431039
00-0027864,2010,RB,12,1,22.0,1.0,4.0,1.0,2010,5,0.9532885387129102,0.9980316325544116,3.6141899334783747
00-0027873,2010,TE,21,1,22.0,1.0,4.0,1.0,2010,5,0.862670622994836,0.9964243608806744,3.014177006418548
00-0027874,2010,WR,22,1,22.0,1.0,4.0,1.0,2010,5,0.8177235079628451,0.9926550821169565,2.8278075419289865
00-0027902,2010,WR,24,1,21.0,1.0,5.0,1.0,2010,5,0.8165184800002738,0.9878641482167602,2.9000427677150626
00-0027876,2010,QB,25,1,23.0,1.0,2.0,1.0,2010,5,0.841875418071755,0.9895378433732493,2.6678592487320096
00-0027880,2010,RB,30,1,21.0,1.0,2.0,1.0,2010,5,0.8893514778341135,0.9874586225960493,3.113763515226063
00-0027651,2010,WR,36,2,21.0,1.0,3.0,1.0,2010,5,0.7065203511514938,0.97267712007433,2.164213013847143
00-0027654,2010,WR,39,2,21.0,0.0,0.0,1.0,2010,5,0.6942868798682286,0.9691462163129264,2.1115473510555143
00-0027656,2010,TE,42,2,21.0,1.0,5.0,1.0,2010,5,0.6980313997826249,0.9800317381766935,2.078821076481531
00-0027659,2010,QB,48,2,22.0,1.0,1.0,1.0,2010,5,0.7267489782172659,0.9564787492342911,1.9913127062092433
00-0027888,2010,RB,51,2,23.0,1.0,1.0,1.0,2010,5,0.7470269772084484,0.9828961557155805,2.0177007431027114
00-0027890,2010,RB,58,2,22.0,1.0,2.0,1.0,2010,5,0.730975580917049,0.9698486495524565,2.0431291765754205
00-0027666,2010,RB,59,2,23.0,0.0,0.0,1.0,2010,5,0.7162314375525437,0.9784165319150298,1.9142503025472868
00-0027891,2010,WR,60,2,22.0,1.0,3.0,1.0,2010,5,0.6109065637410175,0.9586881847359946,1.7250481362393328
00-0027675,2010,TE,70,3,23.0,1.0,1.0,1.0,2010,5,0.46651725903308067,0.9728295908068505,1.0829898251699106
00-0027893,2010,WR,77,3,22.0,1.0,1.0,1.0,2010,5,0.4875952963714168,0.9283306655859384,1.2112120193916034
00-0027681,2010,WR,78,3,23.0,1.0,4.0,1.0,2010,5,0.47144458405432355,0.9484399188773821,1.1230197008096943
00-0027685,2010,WR,82,3,23.0,1.0,3.0,1.0,2010,5,0.4623774353357211,0.9444785667723663,1.1007409438188926
00-0027687,2010,WR,84,3,24.0,1.0,1.0,1.0,2010,5,0.4443202623421329,0.9595774022704636,1.0216743591330497
00-0027688,2010,QB,85,3,24.0,1.0,2.0,1.0,2010,5,0.542777973511209,0.9455430139369371,1.1435284011485836
00-0027690,2010,WR,87,3,23.0,1.0,4.0,1.0,2010,5,0.451678718558229,0.9394203310558256,1.0748323090785736
00-0027691,2010,WR,88,3,22.0,1.0,3.0,1.0,2010,5,0.46334153750769613,0.9131333078084994,1.148197723110945
00-0027692,2010,WR,89,3,22.0,0.0,0.0,1.0,2010,5,0.46129549023372984,0.9117214086500409,1.1429827065129397
00-0027693,2010,WR,90,3,22.0,0.0,0.0,1.0,2010,5,0.4592735855076664,0.910304937709499,1.1378439923785713
00-0027695,2010,TE,93,3,23.0,1.0,1.0,1.0,2010,5,0.3927431981648836,0.9567864726716592,0.9120909700330858
00-0027696,2010,TE,95,3,23.0,1.0,4.0,1.0,2010,5,0.3873682292461479,0.9552733965527105,0.9002072139697548
00-0027700,2010,WR,99,4,23.0,0.0,0.0,1.0,2010,5,0.352732299035741,0.9126363525232438,0.7555273318046993
00-0027702,2010,WR,101,4,23.0,1.0,3.0,1.0,2010,5,0.34941317306904857,0.9101101809365465,0.748850146260839
00-0027708,2010,WR,107,4,22.0,0.0,0.0,1.0,2010,5,0.35243833355589044,0.8645740488850431,0.7927416936877965
00-0027709,2010,WR,108,4,23.0,1.0,1.0,1.0,2010,5,0.3384000343031653,0.9011607551165413,0.7268553579461028
00-0027712,2010,RB,112,4,22.0,0.0,0.0,1.0,2010,5,0.41400896637171114,0.8822331177613799,0.8850121465461036
00-0027713,2010,TE,113,4,20.0,1.0,3.0,1.0,2010,5,0.3109442705736531,0.8118573697094024,0.7917481207010189
00-0027714,2010,TE,114,4,25.0,1.0,1.0,1.0,2010,5,0.25319334978137437,0.9644918470440587,0.4950983416556939
00-0027718,2010,TE,118,4,24.0,1.0,1.0,1.0,2010,5,0.256745588132332,0.9464737188780826,0.5224320036561394
00-0027722,2010,QB,122,4,23.0,0.0,0.0,1.0,2010,5,0.41809842067316455,0.8574570612640816,0.8124107219929092
00-0027725,2010,TE,125,4,23.0,0.0,0.0,1.0,2010,5,0.25562642498562865,0.9171430700133989,0.5474778434767386
00-0027732,2010,TE,132,5,22.0,0.0,0.0,1.0,2010,5,0.19934351085055746,0.8517075515206369,0.4285315201409584
00-0027739,2010,RB,139,5,23.0,0.0,0.0,0.0,2010,5,0.2779925375799783,0.8629631828380019,0.5184276999676112
00-0027753,2010,TE,154,5,21.0,0.0,0.0,1.0,2010,5,0.18261008679661372,0.7533086830661032,0.4327164941445437
00-0027754,2010,QB,155,5,22.0,1.0,1.0,1.0,2010,5,0.32033350728125276,0.7113090790403644,0.6139677427378534
00-0027755,2010,WR,156,5,23.0,0.0,0.0,1.0,2010,5,0.2214333413496104,0.808788025061001,0.45046634439048044
00-0027758,2010,WR,159,5,22.0,1.0,2.0,1.0,2010,5,0.22866046153118125,0.7391282057212862,0.4919139557048797
00-0027761,2010,TE,162,5,23.0,0.0,0.0,1.0,2010,5,0.15933656832684567,0.8547689626125944,0.3305949159218384
00-0027764,2010,WR,165,5,23.0,0.0,0.0,1.0,2010,5,0.214469738964119,0.7948547170243321,0.43843108401001374
00-0027767,2010,QB,168,5,23.0,0.0,0.0,0.0,2010,5,0.2971954591927851,0.7617150335354722,0.536405003911553
00-0027769,2010,TE,170,6,23.0,0.0,0.0,1.0,2010,5,0.11574127061015341,0.8172719998890112,0.23474458224498534
00-0027772,2010,RB,173,6,22.0,0.0,0.0,1.0,2010,5,0.1894032811706465,0.7150461884525549,0.37269246563590985
nogsis:2010:174,2010,RB,174,6,,0.0,0.0,0.0,2010,5,0.18013705617320275,0.7827155323878356,0.32813215048009375
00-0027775,2010,QB,176,6,23.0,0.0,0.0,1.0,2010,5,0.22962738271921646,0.7120285285956931,0.3982293115969073
00-0027776,2010,WR,177,6,22.0,0.0,0.0,1.0,2010,5,0.16616560792934182,0.6639055909260336,0.3507456582788644
00-0027779,2010,RB,180,6,23.0,0.0,0.0,1.0,2010,5,0.17480609707225014,0.7731837202721393,0.3215288298974454
00-0027605,2010,QB,181,6,23.0,0.0,0.0,0.0,2010,5,0.22637461260755692,0.70407905897701,0.3933637071413495
00-0027780,2010,TE,182,6,22.0,0.0,0.0,1.0,2010,5,0.11400200738785803,0.7333434998606305,0.25345149080255747
00-0027783,2010,TE,185,6,22.0,0.0,0.0,1.0,2010,5,0.11226030173291895,0.727899810066893,0.25033457099177936
00-0027786,2010,RB,188,6,21.0,1.0,1.0,1.0,2010,5,0.1841993411223395,0.6019848412207356,0.4049880608747426
00-0027789,2010,WR,191,6,21.0,1.0,1.0,1.0,2010,5,0.16614717689687578,0.5475510257406438,0.38200400238876814
00-0027791,2010,RB,193,6,24.0,1.0,1.0,1.0,2010,5,0.15678030738058094,0.8151439433355187,0.275176005795159
00-0027793,2010,WR,195,6,22.0,1.0,4.0,1.0,2010,5,0.15661957936581716,0.6293182158101479,0.3338605935388242
00-0027606,2010,WR,197,6,24.0,0.0,0.0,1.0,2010,5,0.14164825624685243,0.7781959413919114,0.26777288321403575
00-0027795,2010,WR,198,6,23.0,1.0,1.0,1.0,2010,5,0.14804247133024406,0.706063574553192,0.2956773530704754
00-0027796,2010,WR,199,6,23.0,0.0,0.0,1.0,2010,5,0.1475802263543114,0.7044259092383608,0.2949183645941538
nogsis:2010:200,2010,RB,200,6,,0.0,0.0,0.0,2010,5,0.1590324205391092,0.7417086949436827,0.3018176690593884
00-0027801,2010,QB,204,6,24.0,0.0,0.0,1.0,2010,5,0.20373214714110363,0.7452611458692818,0.3351062507407716
00-0027608,2010,WR,206,6,22.0,0.0,0.0,1.0,2010,5,0.15141161881038678,0.6090870838268793,0.3246385218969812
00-0027804,2010,QB,209,7,23.0,0.0,0.0,1.0,2010,5,0.1620811409746177,0.6168846312620941,0.28384729328659175
00-0027809,2010,TE,214,7,23.0,0.0,0.0,1.0,2010,5,0.06934237961069117,0.7141388172867955,0.14743945796948807
00-0027813,2010,WR,219,7,22.0,0.0,0.0,1.0,2010,5,0.11034839478277456,0.5386217642500557,0.24010146356436252
00-0027816,2010,WR,222,7,23.0,0.0,0.0,1.0,2010,5,0.10410567496254305,0.6235028592482698,0.20911501704947044
00-0027819,2010,WR,227,7,22.0,0.0,0.0,1.0,2010,5,0.10780870000301382,0.5246521363358305,0.2355653181090281
00-0027825,2010,TE,233,7,23.0,0.0,0.0,1.0,2010,5,0.06373556907923164,0.6838799957481551,0.13784450717238633
00-0027827,2010,TE,235,7,22.0,0.0,0.0,1.0,2010,5,0.06655131767832394,0.5953859748077771,0.15836316080985963
00-0027612,2010,RB,237,7,23.0,0.0,0.0,0.0,2010,5,0.1027214052249188,0.6423492790054487,0.19820124988196514
00-0027830,2010,QB,239,7,24.0,0.0,0.0,0.0,2010,5,0.1434867681220759,0.6599626990422666,0.2361720568869164
00-0027836,2010,TE,245,7,24.0,0.0,0.0,1.0,2010,5,0.057551735466423545,0.7422358100601698,0.11586131322952278
00-0027841,2010,QB,250,7,23.0,0.0,0.0,0.0,2010,5,0.14666591806356521,0.5573535340588613,0.2612279936991664
00-0027846,2010,WR,255,7,25.0,0.0,0.0,0.0,2010,5,0.08595922179155471,0.7368322656462623,0.15562926031111993
00-0027939,2011,QB,1,1,22.0,1.0,1.0,1.0,2011,1,0.7799354478050732,0.9884404522974933,0.7799354478050732
00-0027942,2011,WR,4,1,23.0,1.0,1.0,1.0,2011,1,0.7194126034634151,0.9986252552638463,0.7194126034634151
00-0027944,2011,WR,6,1,22.0,1.0,1.0,1.0,2011,1,0.6927744850989664,0.997076913751921,0.6927744850989664
00-0027946,2011,QB,8,1,23.0,0.0,0.0,1.0,2011,1,0.5536685255972461,0.9503928254173895,0.5536685255972461
00-0027948,2011,QB,10,1,21.0,1.0,1.0,1.0,2011,1,0.581838020752931,0.918099755951383,0.581838020752931
00-0027950,2011,QB,12,1,23.0,1.0,1.0,1.0,2011,1,0.5079635324760016,0.9325367720993435,0.5079635324760016
00-0027964,2011,WR,26,1,22.0,0.0,0.0,1.0,2011,1,0.48957716707593596,0.9768582654993713,0.48957716707593596
00-0027966,2011,RB,28,1,21.0,1.0,1.0,1.0,2011,1,0.634114566793872,0.9424917245218075,0.634114566793872
00-0027973,2011,QB,35,2,23.0,1.0,1.0,1.0,2011,1,0.2848654073622151,0.8321388686980441,0.2848654073622151
00-0027974,2011,QB,36,2,23.0,0.0,0.0,1.0,2011,1,0.2822732406365842,0.8289471356452197,0.2822732406365842
00-0027976,2011,RB,38,2,21.0,0.0,0.0,0.0,2011,1,0.47763837250762564,0.9096528105670286,0.47763837250762564
00-0027981,2011,TE,43,2,21.0,0.0,0.0,1.0,2011,1,0.2800939840004417,0.9468364926223971,0.2800939840004417
00-0027982,2011,WR,44,2,22.0,1.0,1.0,1.0,2011,1,0.30664202844712996,0.944239712172547,0.30664202844712996
00-0027985,2011,TE,47,2,23.0,0.0,0.0,1.0,2011,1,0.23100394541042232,0.9579225093275509,0.23100394541042232
00-0027994,2011,RB,56,2,22.0,0.0,0.0,1.0,2011,1,0.39752816961674065,0.8886288275754765,0.39752816961674065
00-0027995,2011,RB,57,2,21.0,0.0,0.0,0.0,2011,1,0.4212127638725977,0.8676012725115226,0.4212127638725977
00-0027996,2011,WR,58,2,22.0,1.0,1.0,1.0,2011,1,0.2735051777296872,0.9195068790547023,0.2735051777296872
00-0027997,2011,WR,59,2,22.0,1.0,1.0,1.0,2011,1,0.27152952397614055,0.9176854477545134,0.27152952397614055
00-0028000,2011,RB,62,2,23.0,0.0,0.0,1.0,2011,1,0.3586965580145988,0.8954018201129148,0.3586965580145988
00-0028002,2011,WR,64,2,21.0,0.0,0.0,1.0,2011,1,0.28366499809767987,0.8925678625742862,0.28366499809767987
00-0028007,2011,TE,69,3,23.0,0.0,0.0,1.0,2011,1,0.13531693676695908,0.9229596021715251,0.13531693676695908
00-0028009,2011,RB,71,3,23.0,1.0,1.0,1.0,2011,1,0.24511868547383703,0.8629309866113044,0.24511868547383703
00-0028011,2011,RB,73,3,22.0,0.0,0.0,1.0,2011,1,0.26259678306250134,0.8364811959447574,0.26259678306250134
00-0028012,2011,QB,74,3,23.0,0.0,0.0,0.0,2011,1,0.15096582069178885,0.6972841457504821,0.15096582069178885
00-0028016,2011,WR,78,3,23.0,0.0,0.0,1.0,2011,1,0.15122288799315423,0.8836980168852553,0.15122288799315423
00-0028017,2011,WR,79,3,22.0,0.0,0.0,1.0,2011,1,0.16458183736365412,0.861955071801058,0.16458183736365412
00-0028020,2011,WR,82,3,22.0,0.0,0.0,1.0,2011,1,0.1616161069934315,0.8555132024623956,0.1616161069934315
00-0028021,2011,WR,83,3,22.0,0.0,0.0,1.0,2011,1,0.16066093692575167,0.8533649976371044,0.16066093692575167
00-0028034,2011,RB,96,3,23.0,0.0,0.0,1.0,2011,1,0.215063830577793,0.8205838363852305,0.215063830577793
00-0028040,2011,TE,102,4,23.0,0.0,0.0,1.0,2011,1,0.07514920621138126,0.8620774595557618,0.07514920621138126
00-0028042,2011,TE,104,4,23.0,0.0,0.0,1.0,2011,1,0.07450285758582989,0.8591762225929277,0.07450285758582989
00-0028043,2011,RB,105,4,22.0,1.0,1.0,1.0,2011,1,0.153858421674607,0.7471591618784382,0.153858421674607
00-0028045,2011,WR,107,4,23.0,0.0,0.0,1.0,2011,1,0.08495874838900966,0.8043558853612176,0.08495874838900966
00-0028049,2011,WR,111,4,25.0,0.0,0.0,1.0,2011,1,0.06823733492532458,0.8478379574299233,0.06823733492532458
00-0028050,2011,WR,112,4,23.0,0.0,0.0,1.0,2011,1,0.0829117245250304,0.7939114805602259,0.0829117245250304
00-0028052,2011,WR,114,4,23.0,0.0,0.0,1.0,2011,1,0.08213052511400956,0.7897542686063621,0.08213052511400956
00-0028053,2011,RB,115,4,22.0,1.0,1.0,1.0,2011,1,0.14730783805169123,0.7285258509508533,0.14730783805169123
00-0028057,2011,RB,119,4,24.0,0.0,0.0,1.0,2011,1,0.12014979737001111,0.7870503111934627,0.12014979737001111
00-0028061,2011,WR,123,4,21.0,0.0,0.0,1.0,2011,1,0.09602831311472156,0.7024245280157285,0.09602831311472156
00-0028062,2011,RB,124,4,22.0,0.0,0.0,1.0,2011,1,0.1420583312817657,0.7124560087045382,0.1420583312817657
00-0028063,2011,RB,125,4,23.0,0.0,0.0,1.0,2011,1,0.1288949937569057,0.7459225918455001,0.1288949937569057
00-0028064,2011,RB,126,4,22.0,0.0,0.0,1.0,2011,1,0.14096390317791002,0.708971462556745,0.14096390317791002
00-0028067,2011,TE,129,4,23.0,0.0,0.0,1.0,2011,1,0.0676681281093362,0.823482863429903,0.0676681281093362
00-0028068,2011,RB,130,4,21.0,0.0,0.0,1.0,2011,1,0.15226319847251574,0.6635469657941576,0.15226319847251574
00-0028070,2011,WR,132,5,23.0,0.0,0.0,1.0,2011,1,0.048953822895361675,0.7212800207363719,0.048953822895361675
00-0028071,2011,RB,133,5,23.0,0.0,0.0,1.0,2011,1,0.08217407842931251,0.700053401395087,0.08217407842931251
00-0028073,2011,QB,135,5,24.0,0.0,0.0,0.0,2011,1,0.04555339589752441,0.5501092605075216,0.04555339589752441
00-0028074,2011,RB,136,5,22.0,0.0,0.0,0.0,2011,1,0.08966084833974365,0.656058001976375,0.08966084833974365
00-0028079,2011,TE,141,5,22.0,0.0,0.0,1.0,2011,1,0.04629266454573217,0.747902921624206,0.04629266454573217
00-0028083,2011,RB,145,5,21.0,0.0,0.0,1.0,2011,1,0.09570216205561669,0.5986280794689708,0.09570216205561669
00-0028086,2011,WR,148,5,22.0,1.0,1.0,1.0,2011,1,0.05091028293003802,0.6478586902154239,0.05091028293003802
00-0028087,2011,RB,149,5,20.0,0.0,0.0,1.0,2011,1,0.10402364769858571,0.5480459189934783,0.10402364769858571
00-0028090,2011,QB,152,5,24.0,0.0,0.0,1.0,2011,1,0.04327393280283048,0.526383039763034,0.04327393280283048
00-0028091,2011,WR,153,5,22.0,0.0,0.0,1.0,2011,1,0.04998248765785836,0.6369832907375798,0.04998248765785836
00-0028093,2011,WR,155,5,22.0,0.0,0.0,1.0,2011,1,0.04962420449393992,0.6326932125191638,0.04962420449393992
00-0028097,2011,TE,159,5,23.0,0.0,0.0,1.0,2011,1,0.03950257640487572,0.7532366561155042,0.03950257640487572
00-0028098,2011,QB,160,5,23.0,0.0,0.0,0.0,2011,1,0.04691998110624197,0.47157784569118405,0.04691998110624197
00-0028105,2011,WR,167,6,22.0,0.0,0.0,1.0,2011,1,0.030373957598995336,0.5680281305029361,0.030373957598995336
00-0028112,2011,TE,174,6,22.0,0.0,0.0,1.0,2011,1,0.026753712737435608,0.6596611582297114,0.026753712737435608
00-0028114,2011,WR,176,6,23.0,0.0,0.0,1.0,2011,1,0.026548663545506404,0.5931884890443933,0.026548663545506404
00-0028115,2011,RB,177,6,23.0,0.0,0.0,1.0,2011,1,0.04558331310417809,0.5941379472923709,0.04558331310417809
00-0028116,2011,WR,178,6,22.0,0.0,0.0,0.0,2011,1,0.02929766831503193,0.5456009600229795,0.02929766831503193
00-0028118,2011,QB,180,6,22.0,0.0,0.0,1.0,2011,1,0.03154966007877189,0.36574859260816,0.03154966007877189
00-0028119,2011,TE,181,6,24.0,0.0,0.0,1.0,2011,1,0.02127296207631654,0.7249104034129955,0.02127296207631654
00-0028120,2011,WR,182,6,23.0,0.0,0.0,0.0,2011,1,0.026048256877272306,0.5816117907996912,0.026048256877272306
00-0028121,2011,RB,183,6,21.0,0.0,0.0,0.0,2011,1,0.05496939424659952,0.4973723612494032,0.05496939424659952
00-0028125,2011,RB,187,6,23.0,0.0,0.0,0.0,2011,1,0.04425586350439495,0.5800267011107213,0.04425586350439495
00-0028142,2011,TE,204,7,23.0,0.0,0.0,1.0,2011,1,0.014121074628924615,0.6172930804898155,0.014121074628924615
00-0028146,2011,QB,208,7,23.0,0.0,0.0,0.0,2011,1,0.016872749696653845,0.3424346294666829,0.016872749696653845
00-0028156,2011,TE,218,7,23.0,0.0,0.0,1.0,2011,1,0.013683588777745883,0.5975805874645962,0.013683588777745883
00-0028158,2011,RB,220,7,23.0,0.0,0.0,1.0,2011,1,0.025793986821011115,0.4967538299037141,0.025793986821011115
00-0028159,2011,RB,221,7,23.0,0.0,0.0,1.0,2011,1,0.025729899773639705,0.49555293589098864,0.025729899773639705
00-0028161,2011,RB,223,7,22.0,0.0,0.0,0.0,2011,1,0.028438421777189072,0.44880993456581963,0.028438421777189072
00-0028163,2011,RB,225,7,23.0,0.0,0.0,1.0,2011,1,0.025477934944043833,0.4908037288818666,0.025477934944043833
00-0028165,2011,WR,227,7,23.0,0.0,0.0,0.0,2011,1,0.014518767217408947,0.4627781121895002,0.014518767217408947
00-0028170,2011,RB,232,7,23.0,0.0,0.0,0.0,2011,1,0.025053134203544516,0.4826965526475132,0.025053134203544516
00-0028174,2011,WR,236,7,21.0,0.0,0.0,1.0,2011,1,0.01755911164411558,0.36334709008549765,0.01755911164411558
00-0028176,2011,TE,238,7,24.0,0.0,0.0,0.0,2011,1,0.01179833476330292,0.6140112803144,0.01179833476330292
00-0028178,2011,RB,240,7,23.0,0.0,0.0,0.0,2011,1,0.024591110010815747,0.4737362811616614,0.024591110010815747
00-0028179,2011,WR,241,7,23.0,0.0,0.0,1.0,2011,1,0.01402794638707338,0.4416561202072728,0.01402794638707338
00-0028184,2011,RB,246,7,23.0,0.0,0.0,0.0,2011,1,0.02425982748493936,0.467220258610503,0.02425982748493936
00-0028187,2011,WR,249,7,25.0,0.0,0.0,1.0,2011,1,0.011123591530296632,0.5188211175734506,0.011123591530296632
00-0027939,2011,QB,1,1,22.0,1.0,2.0,1.0,2011,2,0.9450868314737888,0.9999370764779919,1.6375143169604864
00-0027942,2011,WR,4,1,23.0,1.0,2.0,1.0,2011,2,0.888895080516788,0.999870285467017,1.4817025637194723
00-0027944,2011,WR,6,1,22.0,1.0,2.0,1.0,2011,2,0.8575829038798358,0.9996177149098678,1.4171593315201227
00-0027946,2011,QB,8,1,23.0,1.0,1.0,1.0,2011,2,0.8066290702689041,0.9982672520955314,1.2435735000783488
00-0027948,2011,QB,10,1,21.0,1.0,2.0,1.0,2011,2,0.7864050797302504,0.9954941826914167,1.2418964571106708
00-0027950,2011,QB,12,1,23.0,1.0,2.0,1.0,2011,2,0.7603178120508498,0.9965078888864067,1.155356066305054
00-0027964,2011,WR,26,1,22.0,0.0,0.0,1.0,2011,2,0.6728365331984332,0.9932619660459154,1.0662984755078426
00-0027966,2011,RB,28,1,21.0,1.0,2.0,1.0,2011,2,0.8676408651481766,0.9886032876813072,1.393906991949578
00-0027973,2011,QB,35,2,23.0,1.0,2.0,1.0,2011,2,0.5095305980310093,0.9754992174993937,0.6961971607838453
00-0027974,2011,QB,36,2,23.0,1.0,1.0,1.0,2011,2,0.5047753049679365,0.9743050946052411,0.6904087015575514
00-0027976,2011,RB,38,2,21.0,0.0,0.0,1.0,2011,2,0.7559838467850438,0.9772354145055506,1.0886089724825467
00-0027981,2011,TE,43,2,21.0,1.0,1.0,1.0,2011,2,0.4974244409383733,0.975852671134181,0.7033509589682976
00-0027982,2011,WR,44,2,22.0,1.0,1.0,1.0,2011,2,0.48556059689756376,0.9790972276953791,0.7064699889755123
00-0027985,2011,TE,47,2,23.0,1.0,1.0,1.0,2011,2,0.46854395038668406,0.9837175152724811,0.646128274701638
00-0027994,2011,RB,56,2,22.0,0.0,0.0,1.0,2011,2,0.6605396418930132,0.9643556211401341,0.9473137192129735
00-0027995,2011,RB,57,2,21.0,1.0,1.0,1.0,2011,2,0.6588063262129314,0.95156334058184,0.9646345302306979
00-0027996,2011,WR,58,2,22.0,1.0,2.0,1.0,2011,2,0.4353215819520218,0.9645989009518221,0.6452390698218005
00-0027997,2011,WR,59,2,22.0,1.0,2.0,1.0,2011,2,0.4322454374530443,0.9634360884928357,0.6415646056229283
00-0028000,2011,RB,62,2,23.0,0.0,0.0,1.0,2011,2,0.6304375290801931,0.9673130173783451,0.8942705979426364
00-0028002,2011,WR,64,2,21.0,1.0,1.0,1.0,2011,2,0.42082803008765224,0.944065513894881,0.6422042131048926
00-0028007,2011,TE,69,3,23.0,0.0,0.0,1.0,2011,2,0.28756839277775736,0.9628186013119566,0.38062785934027765
00-0028009,2011,RB,71,3,23.0,1.0,2.0,1.0,2011,2,0.4956661342563154,0.9530916616922777,0.6356950008576061
00-0028011,2011,RB,73,3,22.0,1.0,1.0,1.0,2011,2,0.49079837781659635,0.9353579191709583,0.6464910305886338
00-0028012,2011,QB,74,3,23.0,0.0,0.0,1.0,2011,2,0.2971530102722398,0.9065483147363836,0.3850605511853136
00-0028016,2011,WR,78,3,23.0,0.0,0.0,1.0,2011,2,0.2924483508374646,0.9476046738905907,0.39724067962878395
00-0028017,2011,WR,79,3,22.0,1.0,1.0,1.0,2011,2,0.29319077527646314,0.9298403292149632,0.4072033749825016
00-0028020,2011,WR,82,3,22.0,0.0,0.0,1.0,2011,2,0.28756407760962627,0.9249193523966822,0.4014012824062496
00-0028021,2011,WR,83,3,22.0,0.0,0.0,1.0,2011,2,0.2857481088876544,0.9232517716098124,0.39952977829371294
00-0028034,2011,RB,96,3,23.0,0.0,0.0,1.0,2011,2,0.40875696332666894,0.9190826000716192,0.5580402361186363
00-0028040,2011,TE,102,4,23.0,0.0,0.0,1.0,2011,2,0.1550626329684176,0.9163446284266811,0.2020448648103193
00-0028042,2011,TE,104,4,23.0,0.0,0.0,1.0,2011,2,0.15251001550225574,0.9134608243019995,0.19961808481834098
00-0028043,2011,RB,105,4,22.0,1.0,1.0,1.0,2011,2,0.2985827296129234,0.8648969189246097,0.38362372491106844
00-0028045,2011,WR,107,4,23.0,0.0,0.0,1.0,2011,2,0.1811609898028312,0.8966399341537246,0.23470649506318242
00-0028049,2011,WR,111,4,25.0,0.0,0.0,1.0,2011,2,0.1734705282291339,0.9346401173052246,0.2186375089540473
00-0028050,2011,WR,112,4,23.0,0.0,0.0,1.0,2011,2,0.1762502859467859,0.888039392987171,0.2303029510003727
00-0028052,2011,WR,114,4,23.0,1.0,1.0,1.0,2011,2,0.17437546225515668,0.8845413851650455,0.2286180344418944
00-0028053,2011,RB,115,4,22.0,1.0,1.0,1.0,2011,2,0.27685084144837663,0.8430624612918627,0.36639509359031497
00-0028057,2011,RB,119,4,24.0,0.0,0.0,1.0,2011,2,0.26389067959713447,0.899082591392806,0.337474686291939
00-0028061,2011,WR,123,4,21.0,0.0,0.0,1.0,2011,2,0.17012191626952416,0.7884055456325435,0.2353490571239279
00-0028062,2011,RB,124,4,22.0,0.0,0.0,1.0,2011,2,0.2596092685936092,0.8228724976035865,0.3525786645663931
00-0028063,2011,RB,125,4,23.0,0.0,0.0,1.0,2011,2,0.2553488681360659,0.858919443718187,0.33969059038072463
00-0028064,2011,RB,126,4,22.0,1.0,1.0,1.0,2011,2,0.2560391381687419,0.8183317100632571,0.3496974057631764
00-0028067,2011,TE,129,4,23.0,0.0,0.0,1.0,2011,2,0.1264565740791786,0.8749755631264432,0.17438928169368723
00-0028068,2011,RB,130,4,21.0,0.0,0.0,1.0,2011,2,0.25158388680857585,0.7611396894118965,0.35613553278049703
00-0028070,2011,WR,132,5,23.0,0.0,0.0,1.0,2011,2,0.11347653921606957,0.836706404412613,0.13923823792077086
00-0028071,2011,RB,133,5,23.0,0.0,0.0,1.0,2011,2,0.17711804180572174,0.828072847157573,0.21781943115556526
00-0028073,2011,QB,135,5,24.0,0.0,0.0,0.0,2011,2,0.1123874295326487,0.7836260369033369,0.12693494804810576
00-0028074,2011,RB,136,5,22.0,0.0,0.0,0.0,2011,2,0.17521800239036137,0.7761085262006354,0.2228749026303908
00-0028079,2011,TE,141,5,22.0,0.0,0.0,1.0,2011,2,0.08294693431177022,0.7982489557327413,0.10883618172399796
00-0028083,2011,RB,145,5,21.0,1.0,1.0,1.0,2011,2,0.16646495488435906,0.6971366390369815,0.22317753091190956
00-0028086,2011,WR,148,5,22.0,1.0,2.0,1.0,2011,2,0.10653667991563955,0.7546647528856305,0.13649058892508165
00-0028087,2011,RB,149,5,20.0,0.0,0.0,1.0,2011,2,0.16387084325395318,0.621363775833045,0.22844527704392775
00-0028090,2011,QB,152,5,24.0,0.0,0.0,1.0,2011,2,0.1046415276180181,0.7467610725130976,0.12052476527627914
00-0028091,2011,WR,153,5,22.0,1.0,1.0,1.0,2011,2,0.1042416614826229,0.7424012765894135,0.1345181267323005
00-0028093,2011,WR,155,5,22.0,0.0,0.0,1.0,2011,2,0.10335652565201364,0.7375003420082914,0.13375504766498425
00-0028097,2011,TE,159,5,23.0,0.0,0.0,1.0,2011,2,0.07328787612139914,0.8072261071909003,0.09745657884667422
00-0028098,2011,QB,160,5,23.0,0.0,0.0,0.0,2011,2,0.10262372882918053,0.6696576323593202,0.12127621441721562
00-0028105,2011,WR,167,6,22.0,0.0,0.0,1.0,2011,2,0.06859467715227131,0.6839653675536477,0.08219683253061279
00-0028112,2011,TE,174,6,22.0,0.0,0.0,1.0,2011,2,0.04703128681617033,0.7025538876269076,0.059806485348084464
00-0028114,2011,WR,176,6,23.0,0.0,0.0,1.0,2011,2,0.0653841806694101,0.7221217616696775,0.07793153893221685
00-0028115,2011,RB,177,6,23.0,0.0,0.0,1.0,2011,2,0.09426502093213579,0.7122491392546688,0.11920865963487307
00-0028116,2011,WR,178,6,22.0,0.0,0.0,1.0,2011,2,0.06566829337335006,0.6563235005205504,0.07987141126814583
00-0028118,2011,QB,180,6,22.0,0.0,0.0,1.0,2011,2,0.06733253898102438,0.5254614172671037,0.07519287895347246
00-0028119,2011,TE,181,6,24.0,0.0,0.0,1.0,2011,2,0.04417361758060919,0.795115568722433,0.05454891075265802
00-0028120,2011,WR,182,6,23.0,0.0,0.0,0.0,2011,2,0.0638992375713268,0.7087388979094683,0.07677870850223352
00-0028121,2011,RB,183,6,21.0,0.0,0.0,1.0,2011,2,0.0931578936941032,0.5671593384216489,0.1262712299023619
00-0028125,2011,RB,187,6,23.0,0.0,0.0,0.0,2011,2,0.08893380573617732,0.6900559194615192,0.11541198236812905
00-0028142,2011,TE,204,7,23.0,0.0,0.0,1.0,2011,2,0.027232311738932893,0.6741952603881051,0.03246865403186244
00-0028146,2011,QB,208,7,23.0,0.0,0.0,1.0,2011,2,0.04179282214297789,0.5056476179817093,0.042772081244202224
00-0028156,2011,TE,218,7,23.0,0.0,0.0,1.0,2011,2,0.02551132273581793,0.6457932802490038,0.031042087967865544
00-0028158,2011,RB,220,7,23.0,0.0,0.0,1.0,2011,2,0.05168070881447483,0.5920268557273887,0.06628260777558924
00-0028159,2011,RB,221,7,23.0,0.0,0.0,1.0,2011,2,0.05142214039811934,0.589913448798351,0.06610099700696788
00-0028161,2011,RB,223,7,22.0,0.0,0.0,0.0,2011,2,0.05153997970960408,0.5150809586451296,0.06839214279270038
00-0028163,2011,RB,225,7,23.0,0.0,0.0,1.0,2011,2,0.050411380434392895,0.5815225046404278,0.06538738779654987
00-0028165,2011,WR,227,7,23.0,0.0,0.0,0.0,2011,2,0.03770010981665504,0.58449178213388,0.04360265479703021
00-0028170,2011,RB,232,7,23.0,0.0,0.0,1.0,2011,2,0.04872841926421998,0.5670839087826512,0.06418578247828288
00-0028174,2011,WR,236,7,21.0,0.0,0.0,1.0,2011,2,0.037604098244890374,0.4238940015519415,0.045477414764158
00-0028176,2011,TE,238,7,24.0,0.0,0.0,0.0,2011,2,0.023103954429830813,0.6723973181069944,0.028258258821275167
00-0028178,2011,RB,240,7,23.0,0.0,0.0,0.0,2011,2,0.04692830030355808,0.5509739329854075,0.0628810715019475
00-0028179,2011,WR,241,7,23.0,0.0,0.0,1.0,2011,2,0.036141242000314225,0.55573501513489,0.042444428597850165
00-0028184,2011,RB,246,7,23.0,0.0,0.0,0.0,2011,2,0.04565714514968078,0.539170352978584,0.06194699199664333
00-0028187,2011,WR,249,7,25.0,0.0,0.0,1.0,2011,2,0.034447212827546085,0.6751609589891107,0.03969839868061972
00-0027939,2011,QB,1,1,22.0,1.0,3.0,1.0,2011,3,0.9799852207786839,0.9999241275106348,2.3629863128511257
00-0027942,2011,WR,4,1,23.0,1.0,3.0,1.0,2011,3,0.9552322156073247,0.9997953436078745,2.323346946524585
00-0027944,2011,WR,6,1,22.0,1.0,3.0,1.0,2011,3,0.9347966233609307,0.9993750194985099,2.198395372921843
00-0027946,2011,QB,8,1,23.0,1.0,2.0,1.0,2011,3,0.8844968332209162,0.9985014980613205,1.8555672882808585
00-0027948,2011,QB,10,1,21.0,1.0,2.0,1.0,2011,3,0.8670239721795858,0.9951151916039989,1.7975750191335407
00-0027950,2011,QB,12,1,23.0,1.0,3.0,1.0,2011,3,0.8425722958188562,0.9970990559225743,1.738400723215033
00-0027964,2011,WR,26,1,22.0,0.0,0.0,1.0,2011,3,0.7611636212281776,0.9920167587761332,1.6353561970641493
00-0027966,2011,RB,28,1,21.0,1.0,2.0,1.0,2011,3,0.8656878186329129,0.9864966328674771,2.037343349652425
00-0027973,2011,QB,35,2,23.0,1.0,3.0,1.0,2011,3,0.6133795500605658,0.9812572011592464,1.098144977305274
00-0027974,2011,QB,36,2,23.0,1.0,2.0,1.0,2011,3,0.6074608664819219,0.9803923351040119,1.0901063734881455
00-0027976,2011,RB,38,2,21.0,0.0,0.0,1.0,2011,3,0.7688785491404634,0.973642448451284,1.5879884172453593
00-0027981,2011,TE,43,2,21.0,1.0,1.0,1.0,2011,3,0.6395918161869453,0.9726376258412671,1.1542822386765093
00-0027982,2011,WR,44,2,22.0,1.0,1.0,1.0,2011,3,0.5864563018428703,0.9775035322028583,1.1041852347868168
00-0027985,2011,TE,47,2,23.0,1.0,1.0,1.0,2011,3,0.6016140789597823,0.9855760516509414,1.1037425330645216
00-0027994,2011,RB,56,2,22.0,1.0,1.0,1.0,2011,3,0.6653343242874373,0.9652466064937394,1.4060564602207821
00-0027995,2011,RB,57,2,21.0,1.0,1.0,1.0,2011,3,0.6643296615850464,0.9469485605153304,1.4010120167001776
00-0027996,2011,WR,58,2,22.0,1.0,3.0,1.0,2011,3,0.5165023718650306,0.9640956800869599,1.0067882166338047
00-0027997,2011,WR,59,2,22.0,1.0,2.0,1.0,2011,3,0.5121233492466919,0.9630503541746788,1.0009671699657245
00-0028000,2011,RB,62,2,23.0,0.0,0.0,1.0,2011,3,0.6314930037045455,0.9721291591091495,1.3561603613968751
00-0028002,2011,WR,64,2,21.0,1.0,2.0,1.0,2011,3,0.4958110386628081,0.9375232998270582,0.979082457494652
00-0028007,2011,TE,69,3,23.0,0.0,0.0,1.0,2011,3,0.40180955120998985,0.9666955647828686,0.6734988409544754
00-0028009,2011,RB,71,3,23.0,1.0,3.0,1.0,2011,3,0.5236808334185546,0.9598679793855275,0.9776464352971653
00-0028011,2011,RB,73,3,22.0,1.0,2.0,1.0,2011,3,0.519334015075853,0.9378719898351882,0.9691842762677292
00-0028012,2011,QB,74,3,23.0,0.0,0.0,1.0,2011,3,0.3845761960651489,0.9309576720079534,0.6415700233847264
00-0028016,2011,WR,78,3,23.0,1.0,1.0,1.0,2011,3,0.3714101127025782,0.9547988987503709,0.6532881872638835
00-0028017,2011,WR,79,3,22.0,1.0,1.0,1.0,2011,3,0.3726010587489414,0.9319990100875785,0.6558019983724281
00-0028020,2011,WR,82,3,22.0,0.0,0.0,1.0,2011,3,0.3637102243636387,0.9277662409731801,0.6464416642096884
00-0028021,2011,WR,83,3,22.0,0.0,0.0,1.0,2011,3,0.360838370249797,0.9263380937966856,0.6434234103423891
00-0028034,2011,RB,96,3,23.0,0.0,0.0,1.0,2011,3,0.42761265623078454,0.9329867769790147,0.8581324887378017
00-0028040,2011,TE,102,4,23.0,1.0,1.0,1.0,2011,3,0.2283291620553666,0.9240759716628592,0.37110343362612397
00-0028042,2011,TE,104,4,23.0,0.0,0.0,1.0,2011,3,0.22355389768837847,0.9214741955996618,0.36674925881618226
00-0028043,2011,RB,105,4,22.0,1.0,2.0,1.0,2011,3,0.34109116800685974,0.8730537202727648,0.584583569388243
00-0028045,2011,WR,107,4,23.0,0.0,0.0,1.0,2011,3,0.24590433909525508,0.9141551923723145,0.39890526365206647
00-0028049,2011,WR,111,4,25.0,0.0,0.0,1.0,2011,3,0.23244827291229692,0.9578018648667237,0.3835058342233205
00-0028050,2011,WR,112,4,23.0,0.0,0.0,1.0,2011,3,0.23732312049710205,0.9077016320664533,0.39129453768146516
00-0028052,2011,WR,114,4,23.0,1.0,2.0,1.0,2011,3,0.234053425930358,0.9050853903042455,0.38838336330417195
00-0028053,2011,RB,115,4,22.0,1.0,1.0,1.0,2011,3,0.3154078373818093,0.8538412182297968,0.5583211071075268
00-0028057,2011,RB,119,4,24.0,0.0,0.0,1.0,2011,3,0.2983694272678532,0.9258395750515857,0.544480853075493
00-0028061,2011,WR,123,4,21.0,0.0,0.0,1.0,2011,3,0.2266782144801474,0.7861568011810895,0.3863601434739312
00-0028062,2011,RB,124,4,22.0,0.0,0.0,1.0,2011,3,0.29494888789469087,0.8361549758360797,0.5372636051996967
00-0028063,2011,RB,125,4,23.0,0.0,0.0,1.0,2011,3,0.2890673215245247,0.8834855918790775,0.5328356518597142
00-0028064,2011,RB,126,4,22.0,1.0,2.0,1.0,2011,3,0.2907050464861653,0.8321849478850306,0.5328727183390458
00-0028067,2011,TE,129,4,23.0,1.0,1.0,1.0,2011,3,0.17537657966831946,0.8867003338384375,0.32130096014263093
00-0028068,2011,RB,130,4,21.0,0.0,0.0,1.0,2011,3,0.28621668474835343,0.756715872947266,0.5268637089510729
00-0028070,2011,WR,132,5,23.0,0.0,0.0,1.0,2011,3,0.1671271568679163,0.8659340418422719,0.2449752065075812
00-0028071,2011,RB,133,5,23.0,0.0,0.0,1.0,2011,3,0.22277016839766348,0.8557503218840317,0.3497300313442645
00-0028073,2011,QB,135,5,24.0,0.0,0.0,0.0,2011,3,0.17365562470121554,0.8534615729096277,0.23596904547452296
00-0028074,2011,RB,136,5,22.0,0.0,0.0,0.0,2011,3,0.22097320794897596,0.7908484057955929,0.34712921339702296
00-0028079,2011,TE,141,5,22.0,0.0,0.0,1.0,2011,3,0.12729139726341956,0.7934240085387175,0.20214477142224785
00-0028083,2011,RB,145,5,21.0,1.0,2.0,1.0,2011,3,0.2101672444139601,0.6909853900572549,0.33692702398950347
00-0028086,2011,WR,148,5,22.0,1.0,3.0,1.0,2011,3,0.15377516987219556,0.7782965843817363,0.2366786600574729
00-0028087,2011,RB,149,5,20.0,0.0,0.0,1.0,2011,3,0.20740960160222097,0.585536230652958,0.33400079395971377
00-0028090,2011,QB,152,5,24.0,0.0,0.0,1.0,2011,3,0.15912868207099704,0.8275515616607639,0.22558224835271687
00-0028091,2011,WR,153,5,22.0,1.0,2.0,1.0,2011,3,0.14939337760481658,0.768147213254941,0.23326707776336125
00-0028093,2011,WR,155,5,22.0,0.0,0.0,1.0,2011,3,0.14770881511680164,0.7640929261346143,0.23194721363049525
00-0028097,2011,TE,159,5,23.0,0.0,0.0,1.0,2011,3,0.10791413603774029,0.8220276772279129,0.1853393880395614
00-0028098,2011,QB,160,5,23.0,0.0,0.0,0.0,2011,3,0.15552861686238945,0.7454052822500717,0.22357557040074194
00-0028105,2011,WR,167,6,22.0,0.0,0.0,1.0,2011,3,0.10915750797536379,0.713241845750664,0.14790343055566302
00-0028112,2011,TE,174,6,22.0,1.0,1.0,1.0,2011,3,0.07648796020270582,0.6934081329351729,0.11425598713585877
00-0028114,2011,WR,176,6,23.0,0.0,0.0,1.0,2011,3,0.10235136781276295,0.7738367122801715,0.14182384935655468
00-0028115,2011,RB,177,6,23.0,0.0,0.0,1.0,2011,3,0.1317146067804107,0.7565072830293645,0.19659660632934273
00-0028116,2011,WR,178,6,22.0,0.0,0.0,1.0,2011,3,0.10295694298452562,0.6899834213237411,0.1437267574516939
00-0028118,2011,QB,180,6,22.0,0.0,0.0,1.0,2011,3,0.11425466905359027,0.5835668878576985,0.14155434647927007
00-0028119,2011,TE,181,6,24.0,0.0,0.0,1.0,2011,3,0.07025129723700133,0.8267383181291139,0.10939322783675315
00-0028120,2011,WR,182,6,23.0,0.0,0.0,0.0,2011,3,0.09923577098151941,0.7634517506344956,0.13968874644019114
00-0028121,2011,RB,183,6,21.0,0.0,0.0,1.0,2011,3,0.1309872079572868,0.5629339384664478,0.19518471449153374
00-0028125,2011,RB,187,6,23.0,0.0,0.0,0.0,2011,3,0.1238705125503347,0.7378922541553866,0.19039189103630905
00-0028142,2011,TE,204,7,23.0,0.0,0.0,1.0,2011,3,0.04728594848971557,0.6885227026558173,0.06535483286055468
00-0028146,2011,QB,208,7,23.0,0.0,0.0,1.0,2011,3,0.07841223816201859,0.5932963891127185,0.08550822874632258
00-0028156,2011,TE,218,7,23.0,0.0,0.0,1.0,2011,3,0.043254529426956186,0.6611472119982776,0.06246252994442687
00-0028158,2011,RB,220,7,23.0,0.0,0.0,1.0,2011,3,0.08056766824960085,0.6477975046062081,0.11241862896908289
00-0028159,2011,RB,221,7,23.0,0.0,0.0,1.0,2011,3,0.0801384150363226,0.6459392383537369,0.11211370331819244
00-0028161,2011,RB,223,7,22.0,0.0,0.0,0.0,2011,3,0.08062796822971631,0.5435647410708591,0.11222030820717785
00-0028163,2011,RB,225,7,23.0,0.0,0.0,1.0,2011,3,0.07846099968152873,0.6385464761495837,0.11091546861606674
00-0028165,2011,WR,227,7,23.0,0.0,0.0,0.0,2011,3,0.06282337572032551,0.6575965966609757,0.08205964795895099
00-0028170,2011,RB,232,7,23.0,0.0,0.0,1.0,2011,3,0.07567017727960783,0.625768443852096,0.10889753866062371
00-0028174,2011,WR,236,7,21.0,0.0,0.0,1.0,2011,3,0.06261468746898195,0.4412993010455012,0.08409691279525082
00-0028176,2011,TE,238,7,24.0,0.0,0.0,0.0,2011,3,0.0377596326871396,0.7137634762068505,0.05835334709797131
00-0028178,2011,RB,240,7,23.0,0.0,0.0,0.0,2011,3,0.07268840910332473,0.6114222359632773,0.10670603630359587
00-0028179,2011,WR,241,7,23.0,0.0,0.0,1.0,2011,3,0.05930539070932666,0.6337485187081758,0.07984226603282138
00-0028184,2011,RB,246,7,23.0,0.0,0.0,0.0,2011,3,0.07058515878060655,0.6008485232198528,0.10513680436777312
00-0028187,2011,WR,249,7,25.0,0.0,0.0,1.0,2011,3,0.05552838799141724,0.7878787054914806,0.07562372293123615
00-0027939,2011,QB,1,1,22.0,1.0,4.0,1.0,2011,4,0.9831360589249077,0.9998853157608587,3.08513992744614
00-0027942,2011,WR,4,1,23.0,1.0,4.0,1.0,2011,4,0.9487000318150527,0.9996830160327932,3.1692701082518666
00-0027944,2011,WR,6,1,22.0,1.0,4.0,1.0,2011,4,0.9288667083795844,0.9991690620203277,3.000580253770301
00-0027946,2011,QB,8,1,23.0,1.0,2.0,1.0,2011,4,0.919116047576798,0.9982207095638326,2.4330612952637054
00-0027948,2011,QB,10,1,21.0,1.0,2.0,1.0,2011,4,0.9084164775281932,0.9954066846493652,2.3801603131372047
00-0027950,2011,QB,12,1,23.0,1.0,3.0,1.0,2011,4,0.8923733009627228,0.9967764598450191,2.2854544623638082
00-0027964,2011,WR,26,1,22.0,0.0,0.0,1.0,2011,4,0.7761012470209594,0.9912704554114523,2.1900617521268004
00-0027966,2011,RB,28,1,21.0,1.0,3.0,1.0,2011,4,0.8514292114213019,0.9867456893496865,2.5175440278602204
00-0027973,2011,QB,35,2,23.0,1.0,4.0,1.0,2011,4,0.735564004714235,0.9818076358774128,1.5156325648290832
00-0027974,2011,QB,36,2,23.0,1.0,3.0,1.0,2011,4,0.7312826936291684,0.9810534393211349,1.5053969304919192
00-0027976,2011,RB,38,2,21.0,0.0,0.0,1.0,2011,4,0.7580304719377559,0.9742046130926335,1.9306778174038028
00-0027981,2011,TE,43,2,21.0,1.0,1.0,1.0,2011,4,0.6697758118270624,0.9823574252509898,1.5830939712156038
00-0027982,2011,WR,44,2,22.0,1.0,1.0,1.0,2011,4,0.6241363337852365,0.9761691868811045,1.5089576148162998
00-0027985,2011,TE,47,2,23.0,1.0,1.0,1.0,2011,4,0.6347709551393184,0.9887732046256441,1.50797460747368
00-0027994,2011,RB,56,2,22.0,1.0,2.0,1.0,2011,4,0.6651965668373592,0.9644619371879969,1.6440866452008547
00-0027995,2011,RB,57,2,21.0,1.0,1.0,1.0,2011,4,0.6649351119260132,0.9507327097846826,1.6416761725196973
00-0027996,2011,WR,58,2,22.0,1.0,4.0,1.0,2011,4,0.5639644903252883,0.9633169634063381,1.359479240009779
00-0027997,2011,WR,59,2,22.0,1.0,2.0,1.0,2011,4,0.5601585308387971,0.9623323103288288,1.350527763803857
00-0028000,2011,RB,62,2,23.0,0.0,0.0,1.0,2011,4,0.6348725532295562,0.9690545831320686,1.5652628624256686
00-0028002,2011,WR,64,2,21.0,1.0,3.0,1.0,2011,4,0.5466100183273901,0.9425655230517747,1.3159441755414474
00-0028007,2011,TE,69,3,23.0,0.0,0.0,1.0,2011,4,0.4471831786730363,0.9732375905721802,0.9611086988161927
00-0028009,2011,RB,71,3,23.0,1.0,4.0,1.0,2011,4,0.5350591918901817,0.9546390663007421,1.1312595249569481
00-0028011,2011,RB,73,3,22.0,1.0,2.0,1.0,2011,4,0.5319423502136017,0.9363741970614522,1.1220919816141126
00-0028012,2011,QB,74,3,23.0,0.0,0.0,1.0,2011,4,0.5451138790282055,0.9379305058375502,0.9551287928028303
00-0028016,2011,WR,78,3,23.0,1.0,1.0,1.0,2011,4,0.4281132985992971,0.9493099541878938,0.9130488247769666
00-0028017,2011,WR,79,3,22.0,1.0,1.0,1.0,2011,4,0.4298850977442877,0.9307212371274031,0.9132117043563512
00-0028020,2011,WR,82,3,22.0,0.0,0.0,1.0,2011,4,0.42164298030520186,0.9267522455863885,0.8980831148855353
00-0028021,2011,WR,83,3,22.0,0.0,0.0,1.0,2011,4,0.4189716369201669,0.9254169525253096,0.8932065009898221
00-0028034,2011,RB,96,3,23.0,0.0,0.0,1.0,2011,4,0.4503625622792691,0.927379607613662,0.9632953397228571
00-0028040,2011,TE,102,4,23.0,1.0,1.0,1.0,2011,4,0.27171553159332984,0.9368077831198998,0.5604253642254664
00-0028042,2011,TE,104,4,23.0,0.0,0.0,1.0,2011,4,0.26669405151858094,0.9346435990834222,0.5534744910246915
00-0028043,2011,RB,105,4,22.0,1.0,3.0,1.0,2011,4,0.36785251341686187,0.8714775320668392,0.6732648008910794
00-0028045,2011,WR,107,4,23.0,0.0,0.0,1.0,2011,4,0.30246727310524174,0.9045045160242914,0.5807983262871677
00-0028049,2011,WR,111,4,25.0,0.0,0.0,1.0,2011,4,0.28776073565066906,0.9433533822766321,0.5641804984935276
00-0028050,2011,WR,112,4,23.0,0.0,0.0,1.0,2011,4,0.2938235982965255,0.8979644552526825,0.5678379885854403
00-0028052,2011,WR,114,4,23.0,1.0,3.0,1.0,2011,4,0.2905127664764482,0.8953248095038371,0.5628863234976464
00-0028053,2011,RB,115,4,22.0,1.0,1.0,1.0,2011,4,0.34437150828819313,0.8536395273902961,0.6369017710511132
00-0028057,2011,RB,119,4,24.0,0.0,0.0,1.0,2011,4,0.3274186436861051,0.9113459601540118,0.6139032445426023
00-0028061,2011,WR,123,4,21.0,0.0,0.0,1.0,2011,4,0.2841204058652876,0.8022903145249138,0.551256144118228
00-0028062,2011,RB,124,4,22.0,0.0,0.0,1.0,2011,4,0.3254766880622741,0.8373521441011352,0.6080666159828045
00-0028063,2011,RB,125,4,23.0,0.0,0.0,1.0,2011,4,0.31940334300602513,0.8740264576874911,0.5998054916500976
00-0028064,2011,RB,126,4,22.0,1.0,2.0,1.0,2011,4,0.3215339078129732,0.833711134935299,0.6020909861707697
00-0028067,2011,TE,129,4,23.0,1.0,2.0,1.0,2011,4,0.21507020180369602,0.9056015090437705,0.48123952957944327
00-0028068,2011,RB,130,4,21.0,0.0,0.0,1.0,2011,4,0.31795936639106764,0.7770787759519746,0.596746330265878
00-0028070,2011,WR,132,5,23.0,0.0,0.0,1.0,2011,4,0.21660045198357988,0.8503614085228758,0.37850749670381856
00-0028071,2011,RB,133,5,23.0,0.0,0.0,1.0,2011,4,0.252286485764188,0.8404202201602081,0.41054049460924247
00-0028073,2011,QB,135,5,24.0,0.0,0.0,0.0,2011,4,0.3046344335846234,0.8578932907929142,0.4262727227541991
00-0028074,2011,RB,136,5,22.0,0.0,0.0,0.0,2011,4,0.25108859784488635,0.7879707457695497,0.4098081512419104
00-0028079,2011,TE,141,5,22.0,0.0,0.0,1.0,2011,4,0.16071965661536466,0.8336330611440892,0.3289534137034795
00-0028083,2011,RB,145,5,21.0,1.0,2.0,1.0,2011,4,0.24118187230844965,0.7099083195824129,0.3987252444744601
00-0028086,2011,WR,148,5,22.0,1.0,3.0,1.0,2011,4,0.20256841056115954,0.7758474865426003,0.3603718319999285
00-0028087,2011,RB,149,5,20.0,0.0,0.0,1.0,2011,4,0.23901342064339495,0.6313916793912138,0.3983066500430931
00-0028090,2011,QB,152,5,24.0,0.0,0.0,1.0,2011,4,0.2854632143899874,0.8352971691555227,0.4087374850719405
00-0028091,2011,WR,153,5,22.0,1.0,2.0,1.0,2011,4,0.19775717989988742,0.7664113860904205,0.3539947681792778
00-0028093,2011,WR,155,5,22.0,0.0,0.0,1.0,2011,4,0.19590012802956464,0.762648780598772,0.3515315835587527
00-0028097,2011,TE,159,5,23.0,0.0,0.0,1.0,2011,4,0.13828985316488496,0.8456156570369503,0.2984894951163677
00-0028098,2011,QB,160,5,23.0,0.0,0.0,0.0,2011,4,0.28117562802679524,0.7749718606242582,0.40743703457367264
00-0028105,2011,WR,167,6,22.0,0.0,0.0,1.0,2011,4,0.14935669019224465,0.7056396147817173,0.24536421891769994
00-0028112,2011,TE,174,6,22.0,1.0,2.0,1.0,2011,4,0.10070618038821408,0.7405659801119787,0.20429049052970247
00-0028114,2011,WR,176,6,23.0,0.0,0.0,1.0,2011,4,0.14113567852672707,0.7505424752111007,0.23404094045922283
00-0028115,2011,RB,177,6,23.0,0.0,0.0,1.0,2011,4,0.15864432470860673,0.7340210551670413,0.23942712362348684
00-0028116,2011,WR,178,6,22.0,0.0,0.0,1.0,2011,4,0.14217344188395578,0.6838755086133567,0.23662003077190263
00-0028118,2011,QB,180,6,22.0,0.0,0.0,1.0,2011,4,0.21899593500683867,0.6408190330281499,0.2963290910350581
00-0028119,2011,TE,181,6,24.0,0.0,0.0,1.0,2011,4,0.0928974219776935,0.8319039677093187,0.1916318566112895
00-0028120,2011,WR,182,6,23.0,0.0,0.0,0.0,2011,4,0.1375000298782576,0.7403056605165571,0.22965227163994256
00-0028121,2011,RB,183,6,21.0,0.0,0.0,1.0,2011,4,0.15864100349931917,0.5833521188396877,0.24317415061229525
00-0028125,2011,RB,187,6,23.0,0.0,0.0,0.0,2011,4,0.15055784596570213,0.715878451986074,0.2304137071691979
00-0028142,2011,TE,204,7,23.0,0.0,0.0,1.0,2011,4,0.06432405139479122,0.7094789217110848,0.12888966823631182
00-0028146,2011,QB,208,7,23.0,0.0,0.0,1.0,2011,4,0.1593919498637007,0.6236884916619139,0.20609520904221632
00-0028156,2011,TE,218,7,23.0,0.0,0.0,1.0,2011,4,0.05926822071230754,0.6834869956100855,0.12241245108685367
00-0028158,2011,RB,220,7,23.0,0.0,0.0,1.0,2011,4,0.10217257059717055,0.6182261962601721,0.14569387167430664
00-0028159,2011,RB,221,7,23.0,0.0,0.0,1.0,2011,4,0.10170508462616706,0.6164520410306151,0.14521556900308
00-0028161,2011,RB,223,7,22.0,0.0,0.0,0.0,2011,4,0.10249455473500593,0.5369112102158621,0.14779203470808108
00-0028163,2011,RB,225,7,23.0,0.0,0.0,1.0,2011,4,0.09987460221807633,0.609404772632236,0.14333913677407162
00-0028165,2011,WR,227,7,23.0,0.0,0.0,0.0,2011,4,0.09144266937203555,0.6269216171409769,0.1471742427954677
00-0028170,2011,RB,232,7,23.0,0.0,0.0,1.0,2011,4,0.09681588454097567,0.5972634932571149,0.14019034661222188
00-0028174,2011,WR,236,7,21.0,0.0,0.0,1.0,2011,4,0.0916374526867974,0.4583698193071871,0.15098908270938013
00-0028176,2011,TE,238,7,24.0,0.0,0.0,0.0,2011,4,0.052216852998164275,0.7148084754299947,0.11185559345458215
00-0028178,2011,RB,240,7,23.0,0.0,0.0,0.0,2011,4,0.09352896562110442,0.5836887374738111,0.13678696550998193
00-0028179,2011,WR,241,7,23.0,0.0,0.0,1.0,2011,4,0.08704367131380034,0.6041335396364356,0.1420441923519059
00-0028184,2011,RB,246,7,23.0,0.0,0.0,0.0,2011,4,0.09119824380894237,0.5737196190621785,0.13436051068151852
00-0028187,2011,WR,249,7,25.0,0.0,0.0,1.0,2011,4,0.08186092094271856,0.7297844295152421,0.13407050391826236
00-0027939,2011,QB,1,1,22.0,1.0,5.0,1.0,2011,5,0.9854085182687898,0.9999011544006078,4.155957200491877
00-0027942,2011,WR,4,1,23.0,1.0,5.0,1.0,2011,5,0.9371152789542899,0.9996825782014153,3.7471207115482574
00-0027944,2011,WR,6,1,22.0,1.0,5.0,1.0,2011,5,0.917128434397661,0.9991408069188659,3.600642155076978
00-0027946,2011,QB,8,1,23.0,1.0,2.0,1.0,2011,5,0.9270811485626416,0.9983362341250556,3.24751909536948
00-0027948,2011,QB,10,1,21.0,1.0,3.0,1.0,2011,5,0.9177544070264014,0.9954881913817897,3.2651292242857224
00-0027950,2011,QB,12,1,23.0,1.0,3.0,1.0,2011,5,0.9021714349184058,0.9969259256557905,3.0271204393341407
00-0027964,2011,WR,26,1,22.0,0.0,0.0,1.0,2011,5,0.7763075647349735,0.9905506938219139,2.67382361063912
00-0027966,2011,RB,28,1,21.0,1.0,4.0,1.0,2011,5,0.9008527042896124,0.9891480747304761,3.1390499508901146
00-0027973,2011,QB,35,2,23.0,1.0,5.0,1.0,2011,5,0.7511454899900097,0.981929159093933,1.981465086690748
00-0027974,2011,QB,36,2,23.0,1.0,4.0,1.0,2011,5,0.7469518910615867,0.981154714903082,1.9658534861067496
00-0027976,2011,RB,38,2,21.0,0.0,0.0,1.0,2011,5,0.8273049527714805,0.9784160487773583,2.4737544546192334
00-0027981,2011,TE,43,2,21.0,1.0,2.0,1.0,2011,5,0.6820460607265796,0.980948631614376,1.9304329859772675
00-0027982,2011,WR,44,2,22.0,1.0,1.0,1.0,2011,5,0.6362396538484865,0.9740937069667562,1.8849674175528484
00-0027985,2011,TE,47,2,23.0,1.0,1.0,1.0,2011,5,0.6482635239354922,0.988349797397209,1.729021085106014
00-0027994,2011,RB,56,2,22.0,1.0,3.0,1.0,2011,5,0.7450693871492076,0.9696336366625442,2.099158483689183
00-0027995,2011,RB,57,2,21.0,1.0,1.0,1.0,2011,5,0.7453771905260099,0.9569574479071062,2.1544332048546693
00-0027996,2011,WR,58,2,22.0,1.0,5.0,1.0,2011,5,0.5843362977192988,0.9598315145689469,1.7163408231707982
00-0027997,2011,WR,59,2,22.0,1.0,2.0,1.0,2011,5,0.5810488988187633,0.9587358749353219,1.7062268531753055
00-0028000,2011,RB,62,2,23.0,0.0,0.0,1.0,2011,5,0.7162068984778038,0.9738054878358696,1.9608559565047452
00-0028002,2011,WR,64,2,21.0,1.0,4.0,1.0,2011,5,0.5709844461959626,0.9359090572546298,1.7200146283422266
00-0028007,2011,TE,69,3,23.0,0.0,0.0,1.0,2011,5,0.4717148868573017,0.9728093133543911,1.089266954747477
00-0028009,2011,RB,71,3,23.0,1.0,5.0,1.0,2011,5,0.6205640645027873,0.9614153745034372,1.449396700968784
00-0028011,2011,RB,73,3,22.0,1.0,2.0,1.0,2011,5,0.6180594240183332,0.9445815120320163,1.4856196037140217
00-0028012,2011,QB,74,3,23.0,1.0,1.0,1.0,2011,5,0.5603695123684234,0.9368502959570116,1.2232970860037513
00-0028016,2011,WR,78,3,23.0,1.0,1.0,1.0,2011,5,0.4536446795830448,0.9456511399955632,1.1429727974741843
00-0028017,2011,WR,79,3,22.0,1.0,1.0,1.0,2011,5,0.4568802678604447,0.9244657864399105,1.183955644139129
00-0028020,2011,WR,82,3,22.0,0.0,0.0,1.0,2011,5,0.44957570097367583,0.9200823153218347,1.1664186767780587
00-0028021,2011,WR,83,3,22.0,0.0,0.0,1.0,2011,5,0.4472046412836136,0.9186073780700432,1.1607620661546925
00-0028034,2011,RB,96,3,23.0,0.0,0.0,1.0,2011,5,0.5313317263489844,0.9361662915187361,1.2631044024978424
00-0028040,2011,TE,102,4,23.0,1.0,1.0,1.0,2011,5,0.3002446539939537,0.9371030161297929,0.6326250044957885
00-0028042,2011,TE,104,4,23.0,0.0,0.0,1.0,2011,5,0.2954266644253935,0.9349794039641992,0.6245293271111697
00-0028043,2011,RB,105,4,22.0,1.0,3.0,1.0,2011,5,0.4429075995228689,0.8844430594907212,0.9376970255799492
00-0028045,2011,WR,107,4,23.0,0.0,0.0,1.0,2011,5,0.33068445073729363,0.8980486981991989,0.7475072229041198
00-0028049,2011,WR,111,4,25.0,0.0,0.0,1.0,2011,5,0.3142422118045569,0.9414383487470224,0.6795061171752766
00-0028050,2011,WR,112,4,23.0,0.0,0.0,1.0,2011,5,0.322739610241784,0.8909791672831054,0.7324968315408568
00-0028052,2011,WR,114,4,23.0,1.0,4.0,1.0,2011,5,0.319687562095756,0.8881255743607444,0.7267571449036783
00-0028053,2011,RB,115,4,22.0,1.0,1.0,1.0,2011,5,0.41583912198571643,0.8670766110010784,0.8940575105538062
00-0028057,2011,RB,119,4,24.0,0.0,0.0,1.0,2011,5,0.39468633649284895,0.9225213241420838,0.8030008444714488
00-0028061,2011,WR,123,4,21.0,0.0,0.0,1.0,2011,5,0.31668262379161766,0.7833354116526515,0.7823352420609051
00-0028062,2011,RB,124,4,22.0,0.0,0.0,1.0,2011,5,0.39378999013779764,0.8510630321995359,0.8592102999693386
00-0028063,2011,RB,125,4,23.0,0.0,0.0,1.0,2011,5,0.38596919194058094,0.8869305615981338,0.8154597778816688
00-0028064,2011,RB,126,4,22.0,1.0,3.0,1.0,2011,5,0.3891598422157346,0.8474642807431564,0.851960383503835
00-0028067,2011,TE,129,4,23.0,1.0,3.0,1.0,2011,5,0.24512948858832692,0.9065542944995678,0.5410303127397196
00-0028068,2011,RB,130,4,21.0,0.0,0.0,1.0,2011,5,0.38563747043858465,0.7906791202919236,0.8846508800620091
00-0028070,2011,WR,132,5,23.0,0.0,0.0,1.0,2011,5,0.24226921763480563,0.84146923094431,0.5029270797899319
00-0028071,2011,RB,133,5,23.0,0.0,0.0,1.0,2011,5,0.3081523064854378,0.8567819526941485,0.571654488347572
00-0028073,2011,QB,135,5,24.0,0.0,0.0,0.0,2011,5,0.3111308168806632,0.8571271778887534,0.518485401636933
00-0028074,2011,RB,136,5,22.0,0.0,0.0,0.0,2011,5,0.3073056767682975,0.8051359344510038,0.6003096959337404
00-0028079,2011,TE,141,5,22.0,0.0,0.0,1.0,2011,5,0.18598744019302146,0.8343682735414153,0.39419062592778514
00-0028083,2011,RB,145,5,21.0,1.0,2.0,1.0,2011,5,0.2957822737158425,0.7261559394043708,0.6202737282166007
00-0028086,2011,WR,148,5,22.0,1.0,3.0,1.0,2011,5,0.23011883819940424,0.7596082401893158,0.5075215176870742
00-0028087,2011,RB,149,5,20.0,1.0,1.0,1.0,2011,5,0.29371712271597655,0.6448501785989847,0.6590203638307885
00-0028090,2011,QB,152,5,24.0,0.0,0.0,1.0,2011,5,0.29136431560942033,0.8336383096466149,0.49268714948267656
00-0028091,2011,WR,153,5,22.0,1.0,2.0,1.0,2011,5,0.22549652477114562,0.7495113472509313,0.49943874645955444
00-0028093,2011,WR,155,5,22.0,0.0,0.0,1.0,2011,5,0.2237077488688347,0.74548877827821,0.49631363845631116
00-0028097,2011,TE,159,5,23.0,0.0,0.0,1.0,2011,5,0.16219797619216564,0.8491990303327781,0.33842752949181915
00-0028098,2011,QB,160,5,23.0,0.0,0.0,0.0,2011,5,0.28776436427337315,0.7690364230368159,0.510444516101489
00-0028105,2011,WR,167,6,22.0,0.0,0.0,1.0,2011,5,0.17189030242568612,0.6879113561314553,0.362477567189901
00-0028112,2011,TE,174,6,22.0,1.0,3.0,1.0,2011,5,0.11973635143865365,0.7447436195850015,0.2513999939302992
00-0028114,2011,WR,176,6,23.0,1.0,1.0,1.0,2011,5,0.16288409476437868,0.7379126984618782,0.3256566126725202
00-0028115,2011,RB,177,6,23.0,0.0,0.0,1.0,2011,5,0.19386726235122456,0.7548600544843744,0.35125475721866645
00-0028116,2011,WR,178,6,22.0,0.0,0.0,1.0,2011,5,0.16482755975204674,0.6650075391335307,0.3507953231328795
00-0028118,2011,QB,180,6,22.0,1.0,1.0,1.0,2011,5,0.22347151728464762,0.6297781577203276,0.39764440308691784
00-0028119,2011,TE,181,6,24.0,0.0,0.0,1.0,2011,5,0.11027173033865553,0.8403111197698118,0.21007707955251675
00-0028120,2011,WR,182,6,23.0,0.0,0.0,0.0,2011,5,0.1593013363322882,0.7271350681563259,0.32010099989538554
00-0028121,2011,RB,183,6,21.0,0.0,0.0,1.0,2011,5,0.1947671624904043,0.5997206497960406,0.40614676772689995
00-0028125,2011,RB,187,6,23.0,0.0,0.0,0.0,2011,5,0.18364630792183687,0.7365548642329618,0.3396563422210981
00-0028142,2011,TE,204,7,23.0,0.0,0.0,1.0,2011,5,0.07756500231224617,0.7209425891107918,0.1532784706412929
00-0028146,2011,QB,208,7,23.0,0.0,0.0,1.0,2011,5,0.1607986058814865,0.6179395699462764,0.26540888941922813
00-0028156,2011,TE,218,7,23.0,0.0,0.0,1.0,2011,5,0.07211460804851504,0.6959069946529155,0.14524348044182642
00-0028158,2011,RB,220,7,23.0,0.0,0.0,1.0,2011,5,0.12364219474962024,0.6412138287954717,0.22619945232540123
00-0028159,2011,RB,221,7,23.0,0.0,0.0,1.0,2011,5,0.1230464958668301,0.6393785709076866,0.2255467760807541
00-0028161,2011,RB,223,7,22.0,0.0,0.0,0.0,2011,5,0.12436661558435216,0.5562420843081032,0.24674454082282904
00-0028163,2011,RB,225,7,23.0,0.0,0.0,1.0,2011,5,0.12071448792491277,0.6320800987097545,0.2229836202581371
00-0028165,2011,WR,227,7,23.0,0.0,0.0,0.0,2011,5,0.10838939450194937,0.6119708757292128,0.21614422328675928
00-0028170,2011,RB,232,7,23.0,0.0,0.0,1.0,2011,5,0.11681968644660166,0.6194750618325784,0.2186728680101196
00-0028174,2011,WR,236,7,21.0,0.0,0.0,1.0,2011,5,0.10989577643569194,0.4328993681478441,0.2595874765336847
00-0028176,2011,TE,238,7,24.0,0.0,0.0,0.0,2011,5,0.06404897609256661,0.7307519341945653,0.1246389741318718
00-0028178,2011,RB,240,7,23.0,0.0,0.0,0.0,2011,5,0.11263741741814093,0.6053373634781706,0.2139997393100285
00-0028179,2011,WR,241,7,23.0,0.0,0.0,1.0,2011,5,0.1038993359678366,0.5884090375578432,0.20927202895304278
00-0028184,2011,RB,246,7,23.0,0.0,0.0,0.0,2011,5,0.10967402794126938,0.5949263945393406,0.21065900860975717
00-0028187,2011,WR,249,7,25.0,0.0,0.0,1.0,2011,5,0.09737828825934873,0.724247766002076,0.17544523921704075
00-0029668,2012,QB,1,1,22.0,1.0,1.0,1.0,2012,1,0.8011229420754453,0.9883772703710145,0.8011229420754453
00-0029665,2012,QB,2,1,22.0,1.0,1.0,1.0,2012,1,0.7426559826787287,0.9800559202018109,0.7426559826787287
00-0029675,2012,RB,3,1,22.0,1.0,1.0,1.0,2012,1,0.8471403122227973,0.9940604840867269,0.8471403122227973
00-0029707,2012,WR,5,1,22.0,1.0,1.0,1.0,2012,1,0.7334239063355593,0.9978535447867132,0.7334239063355593
00-0029701,2012,QB,8,1,24.0,1.0,1.0,1.0,2012,1,0.5440783796742565,0.9592834340642673,0.5440783796742565
00-0029638,2012,WR,13,1,22.0,1.0,1.0,1.0,2012,1,0.6059546818578156,0.9918981930328672,0.6059546818578156
00-0029708,2012,WR,20,1,22.0,1.0,1.0,1.0,2012,1,0.5419199551326499,0.9853130122045108,0.5419199551326499
00-0029677,2012,QB,22,1,28.0,1.0,1.0,1.0,2012,1,0.32256256616534534,0.9561697053368161,0.32256256616534534
00-0029654,2012,WR,30,1,22.0,0.0,0.0,1.0,2012,1,0.48031597576125673,0.9744145945521314,0.48031597576125673
00-0029613,2012,RB,31,1,23.0,1.0,1.0,1.0,2012,1,0.5642065011924303,0.9532431599400109,0.5642065011924303
00-0029251,2012,RB,32,1,21.0,0.0,0.0,1.0,2012,1,0.6120605988108732,0.9322708645240381,0.6120605988108732
00-0029640,2012,WR,33,2,23.0,0.0,0.0,1.0,2012,1,0.3295366138997977,0.9707973547142064,0.3295366138997977
00-0029697,2012,TE,34,2,23.0,0.0,0.0,1.0,2012,1,0.24902880284546203,0.9741393883460121,0.24902880284546203
00-0028995,2012,WR,43,2,21.0,0.0,0.0,1.0,2012,1,0.34177386990287634,0.9411728946630278,0.34177386990287634
00-0029137,2012,WR,45,2,22.0,0.0,0.0,1.0,2012,1,0.31193422436872836,0.9473450509704405,0.31193422436872836
00-0029626,2012,RB,50,2,22.0,0.0,0.0,1.0,2012,1,0.4073983762789424,0.8986546320028099,0.4073983762789424
00-0029209,2012,WR,54,2,24.0,0.0,0.0,1.0,2012,1,0.2463599617881007,0.9524400743808241,0.2463599617881007
00-0029682,2012,QB,57,2,21.0,0.0,0.0,1.0,2012,1,0.287114520570793,0.7067416125077111,0.287114520570793
00-0029260,2012,RB,61,2,22.0,0.0,0.0,1.0,2012,1,0.38004767899134345,0.8795003868570515,0.38004767899134345
00-0029262,2012,WR,63,2,21.0,0.0,0.0,1.0,2012,1,0.29153826274179057,0.9037147773526097,0.29153826274179057
00-0029689,2012,TE,64,3,22.0,0.0,0.0,1.0,2012,1,0.14407148918533563,0.9234306703571387,0.14407148918533563
00-0029683,2012,RB,67,3,20.0,0.0,0.0,1.0,2012,1,0.3115557633146464,0.7941974611218441,0.3115557633146464
00-0029673,2012,WR,68,3,22.0,0.0,0.0,1.0,2012,1,0.1812501542292055,0.8937552055564362,0.1812501542292055
00-0029660,2012,WR,69,3,23.0,0.0,0.0,1.0,2012,1,0.16454350412573626,0.908059005425444,0.16454350412573626
00-0029263,2012,QB,75,3,23.0,1.0,1.0,1.0,2012,1,0.1514878286064356,0.6985638683997021,0.1514878286064356
00-0029694,2012,TE,78,3,22.0,0.0,0.0,0.0,2012,1,0.13214140017977588,0.9044535025950018,0.13214140017977588
00-0029632,2012,WR,83,3,23.0,0.0,0.0,1.0,2012,1,0.149659870458693,0.8841370098031361,0.149659870458693
00-0029264,2012,RB,84,3,21.0,0.0,0.0,1.0,2012,1,0.262850382578101,0.7874999960374276,0.262850382578101
00-0029567,2012,QB,88,3,23.0,1.0,1.0,1.0,2012,1,0.14186439425867117,0.6712832317738446,0.14186439425867117
00-0029608,2012,WR,92,3,22.0,1.0,1.0,1.0,2012,1,0.15552192624799652,0.8465231313667559,0.15552192624799652
00-0029614,2012,WR,96,4,22.0,1.0,1.0,1.0,2012,1,0.10125958615792502,0.8122092023155436,0.10125958615792502
00-0029615,2012,RB,97,4,21.0,0.0,0.0,1.0,2012,1,0.17085090697618158,0.7281650968205104,0.17085090697618158
00-0029269,2012,WR,100,4,22.0,0.0,0.0,1.0,2012,1,0.0990201348563245,0.8033597074009375,0.0990201348563245
00-0029604,2012,QB,102,4,24.0,0.0,0.0,1.0,2012,1,0.07984868361642491,0.6443549141732814,0.07984868361642491
00-0029271,2012,WR,104,4,22.0,0.0,0.0,1.0,2012,1,0.09691016157256209,0.7945640809706106,0.09691016157256209
00-0029273,2012,RB,106,4,22.0,0.0,0.0,1.0,2012,1,0.1494698271561759,0.7463686324104614,0.1494698271561759
00-0029274,2012,WR,107,4,24.0,0.0,0.0,1.0,2012,1,0.07832103057059833,0.8421978267441118,0.07832103057059833
00-0029275,2012,TE,110,4,22.0,0.0,0.0,1.0,2012,1,0.07433846712491787,0.837961561755786,0.07433846712491787
00-0029276,2012,TE,111,4,23.0,0.0,0.0,1.0,2012,1,0.06695189061728796,0.8597145812679114,0.06695189061728796
00-0029414,2012,TE,116,4,21.0,0.0,0.0,1.0,2012,1,0.08011490474745094,0.8017485908548544,0.08011490474745094
00-0029572,2012,WR,118,4,22.0,0.0,0.0,1.0,2012,1,0.09038636307184797,0.7642829031681544,0.09038636307184797
00-0029415,2012,WR,121,4,22.0,0.0,0.0,1.0,2012,1,0.08913754613802288,0.7579087558137965,0.08913754613802288
00-0029667,2012,WR,122,4,23.0,0.0,0.0,0.0,2012,1,0.0803769064075558,0.7876164023287626,0.0803769064075558
00-0029281,2012,TE,127,4,23.0,0.0,0.0,0.0,2012,1,0.06281182117437326,0.838630362600571,0.06281182117437326
00-0029587,2012,RB,128,4,23.0,0.0,0.0,1.0,2012,1,0.12395686117603548,0.7456576842595266,0.12395686117603548
00-0029573,2012,WR,134,4,22.0,0.0,0.0,0.0,2012,1,0.08422029904777609,0.7308125352073794,0.08422029904777609
00-0029590,2012,TE,145,5,22.0,0.0,0.0,1.0,2012,1,0.041991934403194243,0.7542142324908011,0.041991934403194243
00-0029633,2012,WR,152,5,24.0,0.0,0.0,0.0,2012,1,0.04130582208578829,0.7312046057470089,0.04130582208578829
00-0029420,2012,RB,157,5,22.0,0.0,0.0,0.0,2012,1,0.0808660320651121,0.6250610719317097,0.0808660320651121
00-0029140,2012,RB,159,5,24.0,0.0,0.0,1.0,2012,1,0.06574510905948275,0.702748011976256,0.06574510905948275
00-0029293,2012,WR,166,5,22.0,0.0,0.0,1.0,2012,1,0.04823747337699236,0.6262092389202477,0.04823747337699236
00-0029702,2012,WR,168,5,22.0,0.0,0.0,1.0,2012,1,0.047903829241775976,0.6222866093904822,0.047903829241775976
00-0029547,2012,RB,170,5,22.0,1.0,1.0,1.0,2012,1,0.07752276161826133,0.6066402388668323,0.07752276161826133
00-0029141,2012,RB,173,6,23.0,1.0,1.0,1.0,2012,1,0.044785437040847656,0.6018596769750058,0.044785437040847656
00-0029298,2012,RB,182,6,22.0,0.0,0.0,1.0,2012,1,0.0482792617653125,0.5455514936090661,0.0482792617653125
00-0029564,2012,WR,183,6,23.0,0.0,0.0,0.0,2012,1,0.026210976806718116,0.5931436691055133,0.026210976806718116
00-0029531,2012,QB,185,6,23.0,0.0,0.0,1.0,2012,1,0.027819963670661006,0.3953027833060931,0.027819963670661006
00-0029634,2012,TE,186,6,23.0,0.0,0.0,1.0,2012,1,0.021309056099324018,0.6928555825007524,0.021309056099324018
00-0029588,2012,RB,191,6,23.0,0.0,0.0,1.0,2012,1,0.04240718744010576,0.57842848088427,0.04240718744010576
00-0029424,2012,WR,194,6,23.0,0.0,0.0,1.0,2012,1,0.025319031917762184,0.5733340434645687,0.025319031917762184
00-0029300,2012,WR,198,6,22.0,0.0,0.0,0.0,2012,1,0.027788150754135866,0.5215134385821052,0.027788150754135866
00-0029427,2012,RB,202,6,23.0,0.0,0.0,0.0,2012,1,0.04111574875995065,0.5650079632437277,0.04111574875995065
00-0029548,2012,WR,206,6,23.0,0.0,0.0,1.0,2012,1,0.024432779777162576,0.5527181517329945,0.024432779777162576
00-0029145,2012,RB,212,7,24.0,0.0,0.0,1.0,2012,1,0.02296147297299974,0.5526405243130711,0.02296147297299974
00-0029580,2012,WR,227,7,22.0,0.0,0.0,1.0,2012,1,0.016244194872333518,0.4283752457047378,0.016244194872333518
00-0029429,2012,RB,229,7,21.0,1.0,1.0,1.0,2012,1,0.030145114711504942,0.3996919615102374,0.030145114711504942
00-0029204,2012,WR,231,7,23.0,0.0,0.0,1.0,2012,1,0.01445304673575657,0.4670445938209564,0.01445304673575657
00-0029147,2012,TE,233,7,23.0,0.0,0.0,0.0,2012,1,0.012047831998985563,0.5875797175397278,0.012047831998985563
00-0029552,2012,WR,235,7,23.0,0.0,0.0,0.0,2012,1,0.014304920898454122,0.4610824384771344,0.014304920898454122
00-0029311,2012,WR,238,7,23.0,0.0,0.0,0.0,2012,1,0.014196433928646956,0.45668409335421634,0.014196433928646956
00-0029218,2012,TE,240,7,23.0,0.0,0.0,1.0,2012,1,0.011870537839275842,0.5787713398501348,0.011870537839275842
00-0029219,2012,QB,243,7,23.0,0.0,0.0,0.0,2012,1,0.015512671751896173,0.30479400044921606,0.015512671751896173
00-0029642,2012,WR,244,7,24.0,0.0,0.0,1.0,2012,1,0.012571904980822982,0.4930995012891022,0.012571904980822982
00-0029315,2012,TE,247,7,23.0,0.0,0.0,1.0,2012,1,0.011700809506674827,0.5701678953142486,0.011700809506674827
00-0029317,2012,RB,250,7,21.0,0.0,0.0,0.0,2012,1,0.028701202316084806,0.3792724849821845,0.028701202316084806
00-0029612,2012,RB,252,7,22.0,1.0,1.0,1.0,2012,1,0.02572318338062376,0.4207791498855478,0.02572318338062376
00-0029554,2012,QB,253,7,24.0,0.0,0.0,0.0,2012,1,0.013682203820485333,0.33723995348896396,0.013682203820485333
00-0029668,2012,QB,1,1,22.0,1.0,2.0,1.0,2012,2,0.9493409691591768,0.9999609343401867,1.6561487906631869
00-0029665,2012,QB,2,1,22.0,1.0,2.0,1.0,2012,2,0.9224062360988431,0.9998613644646862,1.5597492162666544
00-0029675,2012,RB,3,1,22.0,1.0,2.0,1.0,2012,2,0.9884094484560795,0.9999067059436475,1.7831946404055534
00-0029707,2012,WR,5,1,22.0,1.0,1.0,1.0,2012,2,0.8631117687953147,0.9997772572631409,1.4387113981667494
00-0029701,2012,QB,8,1,24.0,1.0,2.0,1.0,2012,2,0.8196065108370497,0.9989517655107478,1.2461821092867322
00-0029638,2012,WR,13,1,22.0,1.0,2.0,1.0,2012,2,0.7743468279474652,0.9985013882905139,1.2413963685367593
00-0029708,2012,WR,20,1,22.0,1.0,2.0,1.0,2012,2,0.722871092826098,0.9964657529729976,1.144392601493511
00-0029677,2012,QB,22,1,28.0,1.0,2.0,1.0,2012,2,0.6783934630919309,0.9976000373616941,0.8933720305470034
00-0029654,2012,WR,30,1,22.0,0.0,0.0,1.0,2012,2,0.6683196874262116,0.9920944738449463,1.0511038857006803
00-0029613,2012,RB,31,1,23.0,1.0,1.0,1.0,2012,2,0.8526835199505033,0.9924093262201562,1.3114752604082642
00-0029251,2012,RB,32,1,21.0,0.0,0.0,1.0,2012,2,0.8545938462007041,0.9866178858348631,1.3707651735654183
00-0029640,2012,WR,33,2,23.0,0.0,0.0,1.0,2012,2,0.5505313304184716,0.9917471117252145,0.7616665361152937
00-0029697,2012,TE,34,2,23.0,1.0,1.0,1.0,2012,2,0.5872461425956388,0.9927157992587047,0.7995854789333287
00-0028995,2012,WR,43,2,21.0,0.0,0.0,1.0,2012,2,0.5214376899786713,0.9770449934296357,0.7727192932717262
00-0029137,2012,WR,45,2,22.0,1.0,1.0,1.0,2012,2,0.5077750321883194,0.9804489004823224,0.7294226027524968
00-0029626,2012,RB,50,2,22.0,0.0,0.0,1.0,2012,2,0.6952643650468772,0.972254389173009,0.9830966463548074
00-0029209,2012,WR,54,2,24.0,0.0,0.0,1.0,2012,2,0.46593045134866695,0.9830514958022284,0.6302758919410603
00-0029682,2012,QB,57,2,21.0,0.0,0.0,1.0,2012,2,0.47258156301062704,0.9167601890010995,0.7082552882652081
00-0029260,2012,RB,61,2,22.0,0.0,0.0,1.0,2012,2,0.6451953243366784,0.9592873693812421,0.9223769888772233
00-0029262,2012,WR,63,2,21.0,1.0,1.0,1.0,2012,2,0.4607389281235553,0.9520525228230133,0.6924068982072153
00-0029689,2012,TE,64,3,22.0,0.0,0.0,1.0,2012,2,0.3403510249844389,0.9644721354315968,0.4595069934415297
00-0029683,2012,RB,67,3,20.0,0.0,0.0,1.0,2012,2,0.5327338700737765,0.913338409300429,0.7361478262051513
00-0029673,2012,WR,68,3,22.0,0.0,0.0,1.0,2012,2,0.3445486989897448,0.9517987321986564,0.4588691876663195
00-0029660,2012,WR,69,3,23.0,0.0,0.0,1.0,2012,2,0.33667679567436465,0.9611553516306407,0.43318251503567473
00-0029263,2012,QB,75,3,23.0,1.0,2.0,1.0,2012,2,0.3202023626009225,0.9088157899573055,0.41901867301043283
00-0029694,2012,TE,78,3,22.0,0.0,0.0,1.0,2012,2,0.2976794258406569,0.9483401525787392,0.41362565573441556
00-0029632,2012,WR,83,3,23.0,1.0,1.0,1.0,2012,2,0.310934044268161,0.9447873718004477,0.40648253378267407
00-0029264,2012,RB,84,3,21.0,0.0,0.0,1.0,2012,2,0.46192148640114133,0.8964618194959004,0.6403702346728193
00-0029567,2012,QB,88,3,23.0,1.0,2.0,1.0,2012,2,0.29779796339808157,0.8815449375266352,0.39615094492860814
00-0029608,2012,WR,92,3,22.0,1.0,2.0,1.0,2012,2,0.302473691594345,0.9152509651850064,0.4136060310738636
00-0029614,2012,WR,96,4,22.0,1.0,1.0,1.0,2012,2,0.21857631843242442,0.8990506178643315,0.27490704272489974
00-0029615,2012,RB,97,4,21.0,1.0,1.0,1.0,2012,2,0.32560904232967836,0.8536470894041055,0.4223049746251253
00-0029269,2012,WR,100,4,22.0,0.0,0.0,1.0,2012,2,0.21416956810668758,0.8914099197029853,0.27072796790018794
00-0029604,2012,QB,102,4,24.0,0.0,0.0,1.0,2012,2,0.19911333842702722,0.8681002693909872,0.2380646445762436
00-0029271,2012,WR,104,4,22.0,0.0,0.0,1.0,2012,2,0.2099968911219571,0.8835952023053244,0.26676875199609423
00-0029273,2012,RB,106,4,22.0,0.0,0.0,1.0,2012,2,0.29836517874224733,0.8630841972080238,0.38204991682856476
00-0029274,2012,WR,107,4,24.0,0.0,0.0,1.0,2012,2,0.19868057568176517,0.9227018962126737,0.23570962408980517
00-0029275,2012,TE,110,4,22.0,0.0,0.0,1.0,2012,2,0.16639052869802928,0.8930567234944574,0.2272170590548778
00-0029276,2012,TE,111,4,23.0,0.0,0.0,1.0,2012,2,0.1616260787482341,0.9136624148331103,0.2132550174375546
00-0029414,2012,TE,116,4,21.0,0.0,0.0,1.0,2012,2,0.1626741726340372,0.8535320572823202,0.23316683121537168
00-0029572,2012,WR,118,4,22.0,0.0,0.0,1.0,2012,2,0.19696799208611765,0.8550531297896166,0.2543856061885357
00-0029415,2012,WR,121,4,22.0,0.0,0.0,1.0,2012,2,0.1944519334101844,0.8487301095260527,0.2519893701645885
00-0029667,2012,WR,122,4,23.0,0.0,0.0,1.0,2012,2,0.18964267287782854,0.8768558068406063,0.23735674257812578
00-0029281,2012,TE,127,4,23.0,0.0,0.0,0.0,2012,2,0.14429941116453315,0.8902103155515214,0.19595620814310014
00-0029587,2012,RB,128,4,23.0,0.0,0.0,1.0,2012,2,0.2504887328745532,0.8480615872237531,0.3274183429352845
00-0029573,2012,WR,134,4,22.0,0.0,0.0,0.0,2012,2,0.18447607388033227,0.8206779808706344,0.24246747844804822
00-0029590,2012,TE,145,5,22.0,0.0,0.0,1.0,2012,2,0.09134119883079186,0.8127833867611575,0.12303239154413345
00-0029633,2012,WR,152,5,24.0,0.0,0.0,0.0,2012,2,0.11614952643053399,0.8417076059446723,0.13356359387377933
00-0029420,2012,RB,157,5,22.0,0.0,0.0,0.0,2012,2,0.15257146840035604,0.7209787860183788,0.20512689651126886
00-0029140,2012,RB,159,5,24.0,0.0,0.0,1.0,2012,2,0.14423819325874343,0.8074524540692612,0.18011480928257795
00-0029293,2012,WR,166,5,22.0,1.0,1.0,1.0,2012,2,0.11567962815540046,0.728219941069392,0.14499379516706193
00-0029702,2012,WR,168,5,22.0,0.0,0.0,1.0,2012,2,0.11490188504834614,0.7234622612054135,0.1443076826899795
00-0029547,2012,RB,170,5,22.0,1.0,1.0,1.0,2012,2,0.14120322616962613,0.6879477748513438,0.1960230228033056
00-0029141,2012,RB,173,6,23.0,1.0,2.0,1.0,2012,2,0.0942865585969052,0.7114733733637939,0.11703526256322329
00-0029298,2012,RB,182,6,22.0,0.0,0.0,1.0,2012,2,0.09158050909962821,0.6333431606540716,0.12109473723307856
00-0029564,2012,WR,183,6,23.0,0.0,0.0,0.0,2012,2,0.07356562329306923,0.7186732837810346,0.08361620052165564
00-0029531,2012,QB,185,6,23.0,0.0,0.0,1.0,2012,2,0.07045482113853777,0.580747227526474,0.08150442752799095
00-0029634,2012,TE,186,6,23.0,0.0,0.0,1.0,2012,2,0.0482463478291264,0.7544816775217025,0.06182083065538318
00-0029588,2012,RB,191,6,23.0,0.0,0.0,1.0,2012,2,0.08507497701115348,0.669293683621995,0.11027848398339687
00-0029424,2012,WR,194,6,23.0,0.0,0.0,1.0,2012,2,0.07107252138037984,0.6945245447543806,0.08166270859025204
00-0029300,2012,WR,198,6,22.0,0.0,0.0,0.0,2012,2,0.07191968120387246,0.6285198919860993,0.08598757037644836
00-0029427,2012,RB,202,6,23.0,0.0,0.0,0.0,2012,2,0.08023258974923045,0.6441065932246031,0.1066208405566667
00-0029548,2012,WR,206,6,23.0,0.0,0.0,1.0,2012,2,0.0685906661573829,0.6685291092016794,0.07970304789434914
00-0029145,2012,RB,212,7,24.0,0.0,0.0,1.0,2012,2,0.050622476884631375,0.6555931174907059,0.061220469687102985
00-0029580,2012,WR,227,7,22.0,0.0,0.0,1.0,2012,2,0.044962084180305076,0.5362322523599812,0.0511082600323285
00-0029429,2012,RB,229,7,21.0,1.0,1.0,1.0,2012,2,0.05010905036215898,0.43181122095471114,0.07132124702901517
00-0029204,2012,WR,231,7,23.0,0.0,0.0,1.0,2012,2,0.04340487611951971,0.5902632109071665,0.04776031187507994
00-0029147,2012,TE,233,7,23.0,0.0,0.0,0.0,2012,2,0.026153526385309444,0.6385994943659593,0.033174081274511186
00-0029552,2012,WR,235,7,23.0,0.0,0.0,1.0,2012,2,0.04295329175640604,0.5819492241489264,0.04742466528487418
00-0029311,2012,WR,238,7,23.0,0.0,0.0,1.0,2012,2,0.04262250595086046,0.5757757452683325,0.04717824014198971
00-0029218,2012,TE,240,7,23.0,0.0,0.0,1.0,2012,2,0.02541448324080893,0.6249825501149561,0.03251229117630398
00-0029219,2012,QB,243,7,23.0,0.0,0.0,0.0,2012,2,0.04030523533229946,0.4303708415967983,0.04544523423965226
00-0029642,2012,WR,244,7,24.0,0.0,0.0,1.0,2012,2,0.04095662266114584,0.6249221279291082,0.04399882351504727
00-0029315,2012,TE,247,7,23.0,0.0,0.0,1.0,2012,2,0.024716178352547306,0.6115648405863378,0.03188268701959138
00-0029317,2012,RB,250,7,21.0,0.0,0.0,1.0,2012,2,0.04555351664796692,0.3894597263476344,0.06759576159828717
00-0029612,2012,RB,252,7,22.0,1.0,1.0,1.0,2012,2,0.044062227819080396,0.44750777467488895,0.06284437258149647
00-0029554,2012,QB,253,7,24.0,0.0,0.0,0.0,2012,2,0.038332498438056674,0.47519676623514184,0.04193254337873241
00-0029668,2012,QB,1,1,22.0,1.0,3.0,1.0,2012,3,0.982738588521011,0.9999621974253057,2.404792424134626
00-0029665,2012,QB,2,1,22.0,1.0,3.0,1.0,2012,3,0.9675378468138216,0.9998653538132003,2.2575849954504967
00-0029675,2012,RB,3,1,22.0,1.0,3.0,1.0,2012,3,0.9934751201466542,0.9998793429983376,2.6784856157601666
00-0029707,2012,WR,5,1,22.0,1.0,1.0,1.0,2012,3,0.9528175571448192,0.9997382875315359,2.2409674919681004
00-0029701,2012,QB,8,1,24.0,1.0,3.0,1.0,2012,3,0.8838435912085526,0.999079030077975,1.830491630108014
00-0029638,2012,WR,13,1,22.0,1.0,3.0,1.0,2012,3,0.8777509473128143,0.9982428276162232,1.9442418413648637
00-0029708,2012,WR,20,1,22.0,1.0,3.0,1.0,2012,3,0.8183322767500075,0.9958608591369286,1.7948547667139199
00-0029677,2012,QB,22,1,28.0,1.0,2.0,1.0,2012,3,0.7196848097668662,0.9982899083458683,1.4039379839770458
00-0029654,2012,WR,30,1,22.0,0.0,0.0,1.0,2012,3,0.7438880453711906,0.9907555352279853,1.6494150073252274
00-0029613,2012,RB,31,1,23.0,1.0,1.0,1.0,2012,3,0.850137172735606,0.9917794470448854,1.9708238191577552
00-0029251,2012,RB,32,1,21.0,0.0,0.0,1.0,2012,3,0.8535089171832746,0.983920369682907,2.021264229190216
00-0029640,2012,WR,33,2,23.0,0.0,0.0,1.0,2012,3,0.664625552351185,0.9913200101859648,1.2457690765192178
00-0029697,2012,TE,34,2,23.0,1.0,2.0,1.0,2012,3,0.7037427079561931,0.9914228999406521,1.2196933603852413
00-0028995,2012,WR,43,2,21.0,0.0,0.0,1.0,2012,3,0.6150217011484365,0.9732192634501773,1.2153912371067463
00-0029137,2012,WR,45,2,22.0,1.0,2.0,1.0,2012,3,0.5947870096739701,0.9783495936961029,1.1694280577692862
00-0029626,2012,RB,50,2,22.0,0.0,0.0,1.0,2012,3,0.7029370708499056,0.970699700443905,1.4619974366139141
00-0029209,2012,WR,54,2,24.0,0.0,0.0,1.0,2012,3,0.5288470699999976,0.9831164834088555,1.0523297790522386
00-0029682,2012,QB,57,2,21.0,0.0,0.0,1.0,2012,3,0.5146677456496233,0.9175605409827625,1.0138855292773514
00-0029260,2012,RB,61,2,22.0,0.0,0.0,1.0,2012,3,0.6420372533293577,0.9574668405234268,1.3705362332385458
00-0029262,2012,WR,63,2,21.0,1.0,2.0,1.0,2012,3,0.5137772932882023,0.9443376764246678,1.0862055175473395
00-0029689,2012,TE,64,3,22.0,1.0,1.0,1.0,2012,3,0.4215889920955914,0.9576774638798703,0.6770095049826834
00-0029683,2012,RB,67,3,20.0,1.0,1.0,1.0,2012,3,0.5697331618706429,0.9054750381264538,1.0611754977790768
00-0029673,2012,WR,68,3,22.0,0.0,0.0,1.0,2012,3,0.4239248591472884,0.9494309772371244,0.7527471860286874
00-0029660,2012,WR,69,3,23.0,0.0,0.0,1.0,2012,3,0.41145349951112503,0.9612832028321506,0.727244224693294
00-0029263,2012,QB,75,3,23.0,1.0,3.0,1.0,2012,3,0.3746820534053727,0.9219348990039642,0.6356577772372736
00-0029694,2012,TE,78,3,22.0,0.0,0.0,1.0,2012,3,0.34963527924645754,0.9383599298624496,0.6041505441791133
00-0029632,2012,WR,83,3,23.0,1.0,2.0,1.0,2012,3,0.3640363237754343,0.9449845306798379,0.6812332504326661
00-0029264,2012,RB,84,3,21.0,0.0,0.0,1.0,2012,3,0.4825500060058068,0.893668518850117,0.9388389901700531
00-0029567,2012,QB,88,3,23.0,1.0,3.0,1.0,2012,3,0.3404178225128868,0.8980705506628921,0.6039403219716982
00-0029608,2012,WR,92,3,22.0,1.0,3.0,1.0,2012,3,0.34664388415721786,0.9113024131832288,0.6762542765058255
00-0029614,2012,WR,96,4,22.0,1.0,1.0,1.0,2012,3,0.2842338035374934,0.8993330509615567,0.4613897296639935
00-0029615,2012,RB,97,4,21.0,1.0,2.0,1.0,2012,3,0.37425109719243127,0.8574452200289129,0.6241714864480084
00-0029269,2012,WR,100,4,22.0,0.0,0.0,1.0,2012,3,0.2753320175687995,0.8917187545934099,0.4540725133427089
00-0029604,2012,QB,102,4,24.0,1.0,1.0,1.0,2012,3,0.2538030797573535,0.896511594000102,0.38127271213106984
00-0029271,2012,WR,104,4,22.0,0.0,0.0,1.0,2012,3,0.26694416122115383,0.8839311268168405,0.44713880665234895
00-0029273,2012,RB,106,4,22.0,0.0,0.0,1.0,2012,3,0.3377926124186826,0.8732937341005633,0.5776095742795533
00-0029274,2012,WR,107,4,24.0,0.0,0.0,1.0,2012,3,0.24751380037101542,0.9302576762370426,0.4152989503729141
00-0029275,2012,TE,110,4,22.0,0.0,0.0,1.0,2012,3,0.19888679091326866,0.8785858738521873,0.3309715494917028
00-0029276,2012,TE,111,4,23.0,0.0,0.0,1.0,2012,3,0.19113225997080502,0.9063246262864251,0.3186563196061493
00-0029414,2012,TE,116,4,21.0,0.0,0.0,1.0,2012,3,0.19162177172744055,0.8269416871597591,0.3302112955594535
00-0029572,2012,WR,118,4,22.0,1.0,1.0,1.0,2012,3,0.2410624733360201,0.8554880532391116,0.42544447089363435
00-0029415,2012,WR,121,4,22.0,0.0,0.0,1.0,2012,3,0.2361265690880984,0.8491868582984768,0.42124524876260694
00-0029667,2012,WR,122,4,23.0,0.0,0.0,1.0,2012,3,0.2282146014791478,0.8829234733778587,0.4068239214219413
00-0029281,2012,TE,127,4,23.0,0.0,0.0,1.0,2012,3,0.1611275261166204,0.8807718186886023,0.29111954248108707
00-0029587,2012,RB,128,4,23.0,0.0,0.0,1.0,2012,3,0.27459478763901146,0.8667488237628584,0.5074294812925415
00-0029573,2012,WR,134,4,22.0,0.0,0.0,0.0,2012,3,0.21678917011750862,0.8212304743988886,0.404555885734978
00-0029590,2012,TE,145,5,22.0,0.0,0.0,1.0,2012,3,0.11284525967249509,0.7974888504808024,0.17985767593394925
00-0029633,2012,WR,152,5,24.0,0.0,0.0,0.0,2012,3,0.14988377631682778,0.8624249613043496,0.24048981429017885
00-0029420,2012,RB,157,5,22.0,0.0,0.0,0.0,2012,3,0.1878243714289314,0.7525323913938131,0.31581446291724274
00-0029140,2012,RB,159,5,24.0,0.0,0.0,1.0,2012,3,0.174681320946518,0.8461531654757278,0.29187250834708306
00-0029293,2012,WR,166,5,22.0,1.0,1.0,1.0,2012,3,0.1468016596581468,0.7393662408397184,0.24738268138210545
00-0029702,2012,WR,168,5,22.0,0.0,0.0,1.0,2012,3,0.1451856785418273,0.734737107079771,0.2461413995972921
00-0029547,2012,RB,170,5,22.0,1.0,1.0,1.0,2012,3,0.17149499620106065,0.7226361244824864,0.30205393992419094
00-0029141,2012,RB,173,6,23.0,1.0,3.0,1.0,2012,3,0.13255013655794806,0.7644524710027455,0.18841598555979522
00-0029298,2012,RB,182,6,22.0,0.0,0.0,1.0,2012,3,0.12855548970564343,0.6835442304619685,0.19001339781913218
00-0029564,2012,WR,183,6,23.0,0.0,0.0,0.0,2012,3,0.10483902261118232,0.7506135383492483,0.1501454598936449
00-0029531,2012,QB,185,6,23.0,0.0,0.0,1.0,2012,3,0.11044494012778801,0.6568806506203156,0.13689643165805238
00-0029634,2012,TE,186,6,23.0,0.0,0.0,1.0,2012,3,0.061554502567513235,0.7549903814756113,0.0935761206708471
00-0029588,2012,RB,191,6,23.0,0.0,0.0,1.0,2012,3,0.11747811060456359,0.7280799921006521,0.1777780138859163
00-0029424,2012,WR,194,6,23.0,0.0,0.0,1.0,2012,3,0.0990566547843744,0.7281917637449401,0.14640092341453798
00-0029300,2012,WR,198,6,22.0,0.0,0.0,1.0,2012,3,0.10025816966844864,0.6538883010654118,0.15010906557482373
00-0029427,2012,RB,202,6,23.0,0.0,0.0,0.0,2012,3,0.1096265260414208,0.7060120285980557,0.17201178115587845
00-0029548,2012,WR,206,6,23.0,0.0,0.0,1.0,2012,3,0.09340891540082731,0.703863762878953,0.14264712365378002
00-0029145,2012,RB,212,7,24.0,0.0,0.0,1.0,2012,3,0.08009581175213987,0.7380512210942862,0.10352492206038523
00-0029580,2012,WR,227,7,22.0,0.0,0.0,1.0,2012,3,0.07004775009584087,0.5765545381980751,0.09137342347261149
00-0029429,2012,RB,229,7,21.0,1.0,1.0,1.0,2012,3,0.08001805108137901,0.49005307273210696,0.11133650696491418
00-0029204,2012,WR,231,7,23.0,0.0,0.0,1.0,2012,3,0.06658696377772853,0.6416183663813301,0.08758856267642853
00-0029147,2012,TE,233,7,23.0,0.0,0.0,0.0,2012,3,0.03507289274343257,0.6500098004570942,0.05062795622126652
00-0029552,2012,WR,235,7,23.0,0.0,0.0,1.0,2012,3,0.06544142860743493,0.6337074466463841,0.0869269045330794
00-0029311,2012,WR,238,7,23.0,0.0,0.0,1.0,2012,3,0.06460680343173067,0.6278151783894871,0.08644124837945032
00-0029218,2012,TE,240,7,23.0,0.0,0.0,1.0,2012,3,0.033563726925350854,0.6364002130689377,0.04953794727607412
00-0029219,2012,QB,243,7,23.0,0.0,0.0,0.0,2012,3,0.07014259467068605,0.5236566735050951,0.07950810678093037
00-0029642,2012,WR,244,7,24.0,0.0,0.0,1.0,2012,3,0.06093533723139437,0.6860650987592529,0.0826715334601704
00-0029315,2012,TE,247,7,23.0,0.0,0.0,1.0,2012,3,0.03215806988528991,0.6229693005823435,0.0485020717970934
00-0029317,2012,RB,250,7,21.0,0.0,0.0,1.0,2012,3,0.07146706103096453,0.44762049158505873,0.10561977631933546
00-0029612,2012,RB,252,7,22.0,1.0,1.0,1.0,2012,3,0.06843690640763644,0.5206918752502208,0.10087845546635281
00-0029554,2012,QB,253,7,24.0,0.0,0.0,0.0,2012,3,0.06552006272090682,0.5816071099643485,0.0755867377732155
00-0029668,2012,QB,1,1,22.0,1.0,4.0,1.0,2012,4,0.9871515546912024,0.9999454098339535,3.215984552935213
00-0029665,2012,QB,2,1,22.0,1.0,3.0,1.0,2012,4,0.976788616556664,0.9998235526210321,3.020126929298959
00-0029675,2012,RB,3,1,22.0,1.0,3.0,1.0,2012,4,0.9901655107934303,0.9998719072518569,3.5997800816784222
00-0029707,2012,WR,5,1,22.0,1.0,1.0,1.0,2012,4,0.9389112658715674,0.9996317685526699,3.04531364573925
00-0029701,2012,QB,8,1,24.0,1.0,4.0,1.0,2012,4,0.9198141295653077,0.9992156346027488,2.4578542860620933
00-0029638,2012,WR,13,1,22.0,1.0,4.0,1.0,2012,4,0.8659685355044882,0.9979589346579006,2.5721868843960856
00-0029708,2012,WR,20,1,22.0,1.0,3.0,1.0,2012,4,0.8138263426946739,0.9955897961363989,2.328637909871447
00-0029677,2012,QB,22,1,28.0,1.0,2.0,1.0,2012,4,0.7973110555648113,0.999212418217436,1.8793819184412852
00-0029654,2012,WR,30,1,22.0,0.0,0.0,1.0,2012,4,0.751629649090177,0.9909150427322663,2.0926718019606003
00-0029613,2012,RB,31,1,23.0,1.0,2.0,1.0,2012,4,0.8498022394943402,0.9939053601857132,2.5049230532977766
00-0029251,2012,RB,32,1,21.0,0.0,0.0,1.0,2012,4,0.8569788618215606,0.9849574531900541,2.5623669871590646
00-0029640,2012,WR,33,2,23.0,0.0,0.0,1.0,2012,4,0.6747381919344019,0.9918934228100562,1.6240334370405822
00-0029697,2012,TE,34,2,23.0,1.0,3.0,1.0,2012,4,0.7350119467403703,0.9955044317679896,1.7246598361974539
00-0028995,2012,WR,43,2,21.0,0.0,0.0,1.0,2012,4,0.6423280276872004,0.9700541047005056,1.5609304462634288
00-0029137,2012,WR,45,2,22.0,1.0,3.0,1.0,2012,4,0.6215945046007206,0.9786152500545149,1.4958753519488541
00-0029626,2012,RB,50,2,22.0,0.0,0.0,1.0,2012,4,0.7227684605560165,0.9745876112648367,1.8446529833375578
00-0029209,2012,WR,54,2,24.0,0.0,0.0,1.0,2012,4,0.5585070117742583,0.9872638915540662,1.3252124039257414
00-0029682,2012,QB,57,2,21.0,1.0,1.0,1.0,2012,4,0.6536286991414152,0.9171107387263524,1.3992902249315176
00-0029260,2012,RB,61,2,22.0,0.0,0.0,1.0,2012,4,0.6719866358069011,0.9637723036096815,1.7070253590746554
00-0029262,2012,WR,63,2,21.0,1.0,3.0,1.0,2012,4,0.559486886856598,0.9422837542145955,1.3636620864318862
00-0029689,2012,TE,64,3,22.0,1.0,1.0,1.0,2012,4,0.48420669971990504,0.9707229649760383,1.0121692622197362
00-0029683,2012,RB,67,3,20.0,1.0,2.0,1.0,2012,4,0.612077784437353,0.8921801655524483,1.354752765690924
00-0029673,2012,WR,68,3,22.0,0.0,0.0,1.0,2012,4,0.46969392875452615,0.9498684185001343,0.9875961423063317
00-0029660,2012,WR,69,3,23.0,0.0,0.0,1.0,2012,4,0.4544908034248925,0.9658597818333859,0.9463615740240092
00-0029263,2012,QB,75,3,23.0,1.0,4.0,1.0,2012,4,0.5143901187369107,0.9341440990169899,0.9254174305856981
00-0029694,2012,TE,78,3,22.0,0.0,0.0,1.0,2012,4,0.41558031566373277,0.9562717181303438,0.9005641444299464
00-0029632,2012,WR,83,3,23.0,1.0,2.0,1.0,2012,4,0.4133605625269165,0.953074374710523,0.8747918443060776
00-0029264,2012,RB,84,3,21.0,0.0,0.0,1.0,2012,4,0.5334532270234106,0.8932480807905736,1.180779236985407
00-0029567,2012,QB,88,3,23.0,1.0,4.0,1.0,2012,4,0.4796995521852973,0.9154122956016034,0.8768864812228275
00-0029608,2012,WR,92,3,22.0,1.0,4.0,1.0,2012,4,0.40238616980157793,0.9167799759673204,0.8695604979652637
00-0029614,2012,WR,96,4,22.0,1.0,1.0,1.0,2012,4,0.3368441812289664,0.8986109194873343,0.6352830047765047
00-0029615,2012,RB,97,4,21.0,1.0,3.0,1.0,2012,4,0.4295528847666651,0.8479418958702832,0.8163728043451253
00-0029269,2012,WR,100,4,22.0,1.0,1.0,1.0,2012,4,0.3286242808368911,0.8917410718222926,0.6234282919672278
00-0029604,2012,QB,102,4,24.0,1.0,2.0,1.0,2012,4,0.377388400959325,0.9181595786578388,0.5905598811517879
00-0029271,2012,WR,104,4,22.0,0.0,0.0,1.0,2012,4,0.3208243935548571,0.8847588156803796,0.6122222685198173
00-0029273,2012,RB,106,4,22.0,0.0,0.0,1.0,2012,4,0.3919406161944631,0.8789380802344587,0.751298738691443
00-0029274,2012,WR,107,4,24.0,0.0,0.0,1.0,2012,4,0.29491427837846484,0.9448719774201577,0.5510686839693826
00-0029275,2012,TE,110,4,22.0,0.0,0.0,1.0,2012,4,0.2560009214859891,0.9020903259379915,0.5311756267648529
00-0029276,2012,TE,111,4,23.0,0.0,0.0,1.0,2012,4,0.2446240434843243,0.9326853867990754,0.505010196032072
00-0029414,2012,TE,116,4,21.0,0.0,0.0,1.0,2012,4,0.25096030500095673,0.8431526487058517,0.5364802978031064
00-0029572,2012,WR,118,4,22.0,1.0,1.0,1.0,2012,4,0.29639369881574684,0.8595692104937566,0.5773421064181677
00-0029415,2012,WR,121,4,22.0,0.0,0.0,1.0,2012,4,0.29166719590788,0.8540438721955435,0.5706239274323899
00-0029667,2012,WR,122,4,23.0,0.0,0.0,1.0,2012,4,0.28035654896530804,0.8983451873334871,0.5420354115751755
00-0029281,2012,TE,127,4,23.0,0.0,0.0,1.0,2012,4,0.21139241845194334,0.9125675898943456,0.45993124563408017
00-0029587,2012,RB,128,4,23.0,0.0,0.0,1.0,2012,4,0.3283394257836599,0.8872143049324496,0.6535712878925438
00-0029573,2012,WR,134,4,22.0,0.0,0.0,0.0,2012,4,0.2729203233893374,0.8297137361437985,0.5440367646661349
00-0029590,2012,TE,145,5,22.0,0.0,0.0,1.0,2012,4,0.1547295491328906,0.817326455255936,0.31471678291972804
00-0029633,2012,WR,152,5,24.0,0.0,0.0,0.0,2012,4,0.19258743904527165,0.8879988024189183,0.33446525607195027
00-0029420,2012,RB,157,5,22.0,0.0,0.0,0.0,2012,4,0.2389238258918124,0.7537623601274727,0.42308439921038216
00-0029140,2012,RB,159,5,24.0,0.0,0.0,1.0,2012,4,0.21929320345705738,0.8754050470666214,0.3927199413657381
00-0029293,2012,WR,166,5,22.0,1.0,2.0,1.0,2012,4,0.19507915311255195,0.7423607589652941,0.3577022764919843
00-0029702,2012,WR,168,5,22.0,0.0,0.0,1.0,2012,4,0.19337920746420442,0.738230098859666,0.35557162050844393
00-0029547,2012,RB,170,5,22.0,1.0,1.0,1.0,2012,4,0.2218316241019436,0.7256093314739918,0.4020584647408274
00-0029141,2012,RB,173,6,23.0,1.0,3.0,1.0,2012,4,0.1725852304281272,0.7731530693252783,0.268228177307267
00-0029298,2012,RB,182,6,22.0,0.0,0.0,1.0,2012,4,0.1706589009996328,0.6694858856779112,0.2700642663937347
00-0029564,2012,WR,183,6,23.0,0.0,0.0,0.0,2012,4,0.14222255309332768,0.7630149431144466,0.23197500720636247
00-0029531,2012,QB,185,6,23.0,0.0,0.0,1.0,2012,4,0.18903359527754612,0.6682872428453016,0.26577254394030847
00-0029634,2012,TE,186,6,23.0,0.0,0.0,1.0,2012,4,0.08796178495784489,0.7790908741617901,0.17610918792539582
00-0029588,2012,RB,191,6,23.0,0.0,0.0,1.0,2012,4,0.15611766915112224,0.7396488487853483,0.2509569399107401
00-0029424,2012,WR,194,6,23.0,0.0,0.0,1.0,2012,4,0.1358854382313118,0.7435611885355576,0.22498453008756036
00-0029300,2012,WR,198,6,22.0,0.0,0.0,1.0,2012,4,0.1393768682374776,0.6458591744811567,0.23780869761209922
00-0029427,2012,RB,202,6,23.0,0.0,0.0,0.0,2012,4,0.14738239073958545,0.719332692921966,0.24167586509258918
00-0029548,2012,WR,206,6,23.0,0.0,0.0,1.0,2012,4,0.12961944995719896,0.7224983965570946,0.21801467823098444
00-0029145,2012,RB,212,7,24.0,0.0,0.0,1.0,2012,4,0.10860806092752127,0.7573489031975457,0.1557608614436905
00-0029580,2012,WR,227,7,22.0,1.0,1.0,1.0,2012,4,0.10086055982308047,0.5534288518114107,0.16166094226215888
00-0029429,2012,RB,229,7,21.0,1.0,1.0,1.0,2012,4,0.11357233323334831,0.4292631739732237,0.17002836997510373
00-0029204,2012,WR,231,7,23.0,0.0,0.0,1.0,2012,4,0.09522273430814827,0.6479996387587281,0.14852833817158442
00-0029147,2012,TE,233,7,23.0,0.0,0.0,0.0,2012,4,0.05223528791437027,0.6559413367095959,0.10536017803497078
00-0029552,2012,WR,235,7,23.0,0.0,0.0,1.0,2012,4,0.09388966631806946,0.6409428774430088,0.14714606923631995
00-0029311,2012,WR,238,7,23.0,0.0,0.0,1.0,2012,4,0.09291544376335824,0.6356890188412677,0.14613304528214988
00-0029218,2012,TE,240,7,23.0,0.0,0.0,1.0,2012,4,0.050215692278781296,0.6417539618436052,0.10285880537931896
00-0029219,2012,QB,243,7,23.0,0.0,0.0,0.0,2012,4,0.12604459174638402,0.524404832982749,0.17614829373799068
00-0029642,2012,WR,244,7,24.0,0.0,0.0,1.0,2012,4,0.08714088590284363,0.7189170001383276,0.13416927706911616
00-0029315,2012,TE,247,7,23.0,0.0,0.0,1.0,2012,4,0.048325127441290666,0.6277324585395879,0.10048629633441906
00-0029317,2012,RB,250,7,21.0,0.0,0.0,1.0,2012,4,0.10329677357641368,0.39025600627827933,0.15967376038855985
00-0029612,2012,RB,252,7,22.0,1.0,1.0,1.0,2012,4,0.09808319122186253,0.4915429236431435,0.1509384161220172
00-0029554,2012,QB,253,7,24.0,0.0,0.0,0.0,2012,4,0.11718670352492583,0.6121821769055459,0.16020385869956272
00-0029668,2012,QB,1,1,22.0,1.0,5.0,1.0,2012,5,0.9819206406063592,0.9998737532757784,3.9443099703557283
00-0029665,2012,QB,2,1,22.0,1.0,4.0,1.0,2012,5,0.9699374847131464,0.9996564459898606,3.698797364124461
00-0029675,2012,RB,3,1,22.0,1.0,3.0,1.0,2012,5,0.9896938631724866,0.9997375416745267,4.363606937411414
00-0029707,2012,WR,5,1,22.0,1.0,1.0,1.0,2012,5,0.9382672635065643,0.9993309325513322,3.744828577218435
00-0029701,2012,QB,8,1,24.0,1.0,5.0,1.0,2012,5,0.9100221830412896,0.9986117770198861,2.945198165823364
00-0029638,2012,WR,13,1,22.0,1.0,5.0,1.0,2012,5,0.8686641295750831,0.996999903682837,3.132968888579779
00-0029708,2012,WR,20,1,22.0,1.0,3.0,1.0,2012,5,0.819666517617056,0.9941098199694984,2.821069068522153
00-0029677,2012,QB,22,1,28.0,1.0,2.0,1.0,2012,5,0.7886667034880296,0.9982163541927807,2.197099236897194
00-0029654,2012,WR,30,1,22.0,0.0,0.0,1.0,2012,5,0.7615192130869028,0.9889130359228486,2.520083841941368
00-0029613,2012,RB,31,1,23.0,1.0,2.0,1.0,2012,5,0.8516456214787195,0.9913371321809415,2.821249088901888
00-0029251,2012,RB,32,1,21.0,0.0,0.0,1.0,2012,5,0.86158856898816,0.9834238910622874,2.9307375090600267
00-0029640,2012,WR,33,2,23.0,1.0,1.0,1.0,2012,5,0.6838371034913777,0.9886355974303936,1.9843122654834764
00-0029697,2012,TE,34,2,23.0,1.0,4.0,1.0,2012,5,0.7377131196317717,0.9936141063610332,2.0944033482249886
00-0028995,2012,WR,43,2,21.0,0.0,0.0,1.0,2012,5,0.6591370558022202,0.9690624778593874,1.9174808362761127
00-0029137,2012,WR,45,2,22.0,1.0,4.0,1.0,2012,5,0.6365977870916867,0.9752878621876823,1.827030854822961
00-0029626,2012,RB,50,2,22.0,0.0,0.0,1.0,2012,5,0.7300651133338877,0.9701230351409718,2.065129576317026
00-0029209,2012,WR,54,2,24.0,0.0,0.0,1.0,2012,5,0.5703787473271534,0.9819047489686077,1.6071876776906704
00-0029682,2012,QB,57,2,21.0,1.0,2.0,1.0,2012,5,0.6832930353260429,0.934396961499771,1.717644512528034
00-0029260,2012,RB,61,2,22.0,0.0,0.0,1.0,2012,5,0.6813817884354,0.9591490816510855,1.8964579385836773
00-0029262,2012,WR,63,2,21.0,1.0,3.0,1.0,2012,5,0.5809993938709962,0.944989196212872,1.6607246250313525
00-0029689,2012,TE,64,3,22.0,1.0,1.0,1.0,2012,5,0.5232144459864712,0.9680879981489661,1.2657508490493576
00-0029683,2012,RB,67,3,20.0,1.0,2.0,1.0,2012,5,0.6272588956579217,0.9020585932661445,1.5530133570780142
00-0029673,2012,WR,68,3,22.0,0.0,0.0,1.0,2012,5,0.4884527099399088,0.945237589291736,1.2297677220394556
00-0029660,2012,WR,69,3,23.0,0.0,0.0,1.0,2012,5,0.47049785725106696,0.958035227380851,1.1773233083244672
00-0029263,2012,QB,75,3,23.0,1.0,5.0,1.0,2012,5,0.5490774361123207,0.9362742218224271,1.1620516205630254
00-0029694,2012,TE,78,3,22.0,0.0,0.0,1.0,2012,5,0.46440777158295665,0.9548348665367777,1.1269808508615828
00-0029632,2012,WR,83,3,23.0,1.0,3.0,1.0,2012,5,0.4306977272077585,0.9446689353636347,1.084688556171179
00-0029264,2012,RB,84,3,21.0,0.0,0.0,1.0,2012,5,0.5483999723521752,0.8960612722049162,1.3299790107119243
00-0029567,2012,QB,88,3,23.0,1.0,4.0,1.0,2012,5,0.5192014620271532,0.9210282912936023,1.101868755374555
00-0029608,2012,WR,92,3,22.0,1.0,5.0,1.0,2012,5,0.4232583443602518,0.9147449605664619,1.0754627699595949
00-0029614,2012,WR,96,4,22.0,1.0,1.0,1.0,2012,5,0.35576189945846376,0.8936316719042267,0.8133747484877796
00-0029615,2012,RB,97,4,21.0,1.0,4.0,1.0,2012,5,0.4444668178606141,0.8509308203646437,0.9481954908580461
00-0029269,2012,WR,100,4,22.0,1.0,2.0,1.0,2012,5,0.3476572837994766,0.8873726128840457,0.797435648610454
00-0029604,2012,QB,102,4,24.0,1.0,3.0,1.0,2012,5,0.41565089982615866,0.9143571100502011,0.7721093170854485
00-0029271,2012,WR,104,4,22.0,0.0,0.0,1.0,2012,5,0.3399527598956296,0.8810585614656491,0.782375364015728
00-0029273,2012,RB,106,4,22.0,1.0,1.0,1.0,2012,5,0.40442315511840377,0.8698729592291856,0.8577062488761036
00-0029274,2012,WR,107,4,24.0,0.0,0.0,1.0,2012,5,0.3085855907855929,0.9284374507943309,0.7061954970705712
00-0029275,2012,TE,110,4,22.0,0.0,0.0,1.0,2012,5,0.31018679773434504,0.9043040707334279,0.6925362745432967
00-0029276,2012,TE,111,4,23.0,0.0,0.0,1.0,2012,5,0.2954088430464208,0.9263585034089304,0.6579512583988105
00-0029414,2012,TE,116,4,21.0,0.0,0.0,1.0,2012,5,0.3093321849893025,0.8637104222095608,0.7024856992871682
00-0029572,2012,WR,118,4,22.0,1.0,1.0,1.0,2012,5,0.3157275798236193,0.858617577869863,0.735546002174857
00-0029415,2012,WR,121,4,22.0,0.0,0.0,1.0,2012,5,0.3110237313164602,0.8537558818077385,0.7265356662616951
00-0029667,2012,WR,122,4,23.0,0.0,0.0,1.0,2012,5,0.29697577562098426,0.8863517752223239,0.6903198036011936
00-0029281,2012,TE,127,4,23.0,0.0,0.0,1.0,2012,5,0.2631651114896486,0.907730893783432,0.6001094576152641
00-0029587,2012,RB,128,4,23.0,0.0,0.0,1.0,2012,5,0.3387178637661043,0.8693165235140177,0.7318384019848647
00-0029573,2012,WR,134,4,22.0,0.0,0.0,0.0,2012,5,0.29230858607758536,0.8325575511085127,0.6909114655737842
00-0029590,2012,TE,145,5,22.0,0.0,0.0,1.0,2012,5,0.201733673863334,0.8269294626542983,0.431676480603515
00-0029633,2012,WR,152,5,24.0,0.0,0.0,0.0,2012,5,0.20427965113347313,0.8621324593328024,0.4432977685141187
00-0029420,2012,RB,157,5,22.0,0.0,0.0,0.0,2012,5,0.2500639260470067,0.7468170202207743,0.5054698609252111
00-0029140,2012,RB,159,5,24.0,0.0,0.0,1.0,2012,5,0.225885341296117,0.8410731870885881,0.45040665687689146
00-0029293,2012,WR,166,5,22.0,1.0,3.0,1.0,2012,5,0.21115031462727823,0.748263505439648,0.47305421645027546
00-0029702,2012,WR,168,5,22.0,0.0,0.0,1.0,2012,5,0.20941853194291868,0.7446988132842316,0.4700945765634703
00-0029547,2012,RB,170,5,22.0,1.0,1.0,1.0,2012,5,0.23286295020022657,0.7215173237905167,0.47999087518797545
00-0029141,2012,RB,173,6,23.0,1.0,3.0,1.0,2012,5,0.17954322367765063,0.7404652755403642,0.3343005601124272
00-0029298,2012,RB,182,6,22.0,0.0,0.0,1.0,2012,5,0.17944701152829567,0.6599600871217359,0.3463250113625061
00-0029564,2012,WR,183,6,23.0,0.0,0.0,0.0,2012,5,0.1532317715831986,0.7428690353775927,0.3220308695562968
00-0029531,2012,QB,185,6,23.0,0.0,0.0,1.0,2012,5,0.2273349461736002,0.7005696392049227,0.3780943813728288
00-0029634,2012,TE,186,6,23.0,0.0,0.0,1.0,2012,5,0.12147401807632163,0.7745808489998246,0.2543891802946461
00-0029588,2012,RB,191,6,23.0,0.0,0.0,1.0,2012,5,0.1629646122925692,0.7082712153289801,0.3125096270518576
00-0029424,2012,WR,194,6,23.0,0.0,0.0,1.0,2012,5,0.1467523390623965,0.724945137490556,0.31186888386471645
00-0029300,2012,WR,198,6,22.0,0.0,0.0,1.0,2012,5,0.15202085559091272,0.6534961703514328,0.3313875458409259
00-0029427,2012,RB,202,6,23.0,0.0,0.0,0.0,2012,5,0.15414462349751112,0.6890552590742468,0.30079682267298236
00-0029548,2012,WR,206,6,23.0,0.0,0.0,1.0,2012,5,0.1403284349803209,0.7057284834476802,0.30174603938334854
00-0029145,2012,RB,212,7,24.0,0.0,0.0,1.0,2012,5,0.11243676036893452,0.6988514232666865,0.20373220087239308
00-0029580,2012,WR,227,7,22.0,1.0,2.0,1.0,2012,5,0.11054440775029857,0.5601550106392347,0.23994403977174444
00-0029429,2012,RB,229,7,21.0,1.0,1.0,1.0,2012,5,0.12137538968393377,0.45222585585927255,0.24820507135891867
00-0029204,2012,WR,231,7,23.0,0.0,0.0,1.0,2012,5,0.1034339414329562,0.626422751956489,0.21816782377203767
00-0029147,2012,TE,233,7,23.0,0.0,0.0,0.0,2012,5,0.07627162434535135,0.6559777046038995,0.16182458969805322
00-0029552,2012,WR,235,7,23.0,0.0,0.0,1.0,2012,5,0.10205583141740036,0.6200825798819025,0.21604569252069283
00-0029311,2012,WR,238,7,23.0,0.0,0.0,1.0,2012,5,0.10104803515125195,0.6153712691484314,0.21449079330242155
00-0029218,2012,TE,240,7,23.0,0.0,0.0,1.0,2012,5,0.07382540062255256,0.6436828974275667,0.15799698971979353
00-0029219,2012,QB,243,7,23.0,0.0,0.0,0.0,2012,5,0.15767224491249146,0.5691506362241403,0.26313080058570515
00-0029642,2012,WR,244,7,24.0,0.0,0.0,1.0,2012,5,0.0939314432859138,0.6755445504163643,0.1956659440240745
00-0029315,2012,TE,247,7,23.0,0.0,0.0,1.0,2012,5,0.07151882143625483,0.631557314383941,0.1543661271144744
00-0029317,2012,RB,250,7,21.0,0.0,0.0,1.0,2012,5,0.11075218432910736,0.4170887521914615,0.23367689873332637
00-0029612,2012,RB,252,7,22.0,1.0,1.0,1.0,2012,5,0.10416996711078748,0.4887157645090971,0.21196498226357563
00-0029554,2012,QB,253,7,24.0,0.0,0.0,0.0,2012,5,0.1461418899713091,0.6277816095924897,0.24068172400761054
00-0030525,2013,WR,8,1,23.0,1.0,1.0,1.0,2013,1,0.6791700891624919,0.9969218782109838,0.6791700891624919
00-0030526,2013,QB,16,1,23.0,1.0,1.0,1.0,2013,1,0.5157380317667422,0.9284589237273464,0.5157380317667422
00-0030549,2013,TE,21,1,22.0,0.0,0.0,1.0,2013,1,0.4134008761029922,0.9842919511902471,0.4134008761029922
00-0030564,2013,WR,27,1,21.0,1.0,1.0,1.0,2013,1,0.4961041338626706,0.9756486306168665,0.4961041338626706
00-0030578,2013,WR,29,1,22.0,1.0,1.0,1.0,2013,1,0.4677423151571689,0.9769698299911294,0.4677423151571689
00-0030521,2013,WR,34,2,22.0,0.0,0.0,1.0,2013,1,0.3446417568411354,0.9659712097447871,0.3446417568411354
00-0030061,2013,TE,35,2,22.0,0.0,0.0,1.0,2013,1,0.25392424591990626,0.9660822720204726,0.25392424591990626
00-0030456,2013,RB,37,2,21.0,1.0,1.0,1.0,2013,1,0.4601426457678928,0.918095804051606,0.4601426457678928
00-0030565,2013,QB,39,2,22.0,1.0,1.0,1.0,2013,1,0.3161485630742259,0.8122717064225614,0.3161485630742259
00-0030431,2013,WR,41,2,21.0,1.0,1.0,1.0,2013,1,0.3278391841885364,0.9484780416729952,0.3278391841885364
00-0030544,2013,TE,47,2,22.0,0.0,0.0,1.0,2013,1,0.21950245081357825,0.9522442959734922,0.21950245081357825
00-0030496,2013,RB,48,2,21.0,1.0,1.0,1.0,2013,1,0.42250586698751014,0.8957935462163924,0.42250586698751014
00-0030470,2013,TE,55,2,23.0,0.0,0.0,1.0,2013,1,0.19283009708720608,0.9509015815786079,0.19283009708720608
00-0030522,2013,RB,58,2,22.0,1.0,1.0,1.0,2013,1,0.3810787902173748,0.8927700831019254,0.3810787902173748
00-0030540,2013,WR,59,2,22.0,1.0,1.0,1.0,2013,1,0.26014062349295697,0.9272281795447238,0.26014062349295697
00-0030485,2013,RB,61,2,23.0,1.0,1.0,1.0,2013,1,0.3598538892362219,0.9028166468040347,0.3598538892362219
00-0030432,2013,RB,62,2,22.0,0.0,0.0,1.0,2013,1,0.3718929935598657,0.8860836886845651,0.3718929935598657
00-0030506,2013,TE,63,3,23.0,0.0,0.0,0.0,2013,1,0.12820784554488257,0.9326905538404207,0.12820784554488257
00-0030520,2013,QB,73,3,23.0,1.0,1.0,1.0,2013,1,0.1706387944511613,0.7141655013363809,0.1706387944511613
00-0030542,2013,WR,74,3,23.0,1.0,1.0,1.0,2013,1,0.15850259150059856,0.9007951682927032,0.15850259150059856
00-0030279,2013,WR,76,3,21.0,1.0,1.0,1.0,2013,1,0.17278462256258867,0.8635801692959962,0.17278462256258867
00-0030068,2013,WR,78,3,22.0,0.0,0.0,1.0,2013,1,0.16159256566574365,0.8774595353907947,0.16159256566574365
00-0030460,2013,WR,79,3,22.0,0.0,0.0,1.0,2013,1,0.16033599974389703,0.8754548418325637,0.16033599974389703
00-0030472,2013,TE,85,3,23.0,1.0,1.0,1.0,2013,1,0.10805849053720852,0.9060625469651911,0.10805849053720852
00-0030532,2013,WR,92,3,22.0,0.0,0.0,1.0,2013,1,0.14591645425650593,0.8492422092493108,0.14591645425650593
00-0030280,2013,RB,96,3,21.0,0.0,0.0,1.0,2013,1,0.24666027415377687,0.7814223714831728,0.24666027415377687
00-0030533,2013,QB,98,4,22.0,0.0,0.0,1.0,2013,1,0.1108795727806075,0.581923721486313,0.1108795727806075
00-0030550,2013,WR,101,4,21.0,1.0,1.0,1.0,2013,1,0.10238353943220738,0.7792821294270917,0.10238353943220738
00-0030474,2013,WR,102,4,22.0,0.0,0.0,1.0,2013,1,0.09624616490004055,0.8034756483443107,0.09624616490004055
00-0030422,2013,TE,106,4,22.0,0.0,0.0,1.0,2013,1,0.06981955427252248,0.8412926664541215,0.06981955427252248
00-0030586,2013,QB,110,4,23.0,0.0,0.0,0.0,2013,1,0.09904583753384438,0.5968225044510904,0.09904583753384438
00-0030568,2013,QB,112,4,24.0,0.0,0.0,0.0,2013,1,0.09284422206614826,0.6312831604198538,0.09284422206614826
00-0030524,2013,QB,115,4,24.0,0.0,0.0,0.0,2013,1,0.091605713117325,0.6259717513225914,0.091605713117325
00-0030077,2013,WR,123,4,23.0,0.0,0.0,1.0,2013,1,0.08033410887078035,0.7853409649760584,0.08033410887078035
00-0030078,2013,RB,125,4,23.0,0.0,0.0,1.0,2013,1,0.14288245913168862,0.76064901943608,0.14288245913168862
00-0030450,2013,WR,128,4,23.0,0.0,0.0,1.0,2013,1,0.07821011877352257,0.7754172095824297,0.07821011877352257
00-0029892,2013,RB,130,4,22.0,0.0,0.0,0.0,2013,1,0.14765270633498864,0.7221708461976664,0.14765270633498864
00-0030497,2013,RB,131,4,21.0,0.0,0.0,0.0,2013,1,0.15496322727264228,0.6870685345068764,0.15496322727264228
00-0030443,2013,TE,133,4,22.0,0.0,0.0,1.0,2013,1,0.060864631223872964,0.8011358334979122,0.060864631223872964
00-0030547,2013,WR,135,5,22.0,0.0,0.0,1.0,2013,1,0.05511392917970886,0.6964048380970008,0.05511392917970886
00-0030282,2013,RB,140,5,22.0,0.0,0.0,1.0,2013,1,0.1002990417222823,0.6702111223221545,0.1002990417222823
00-0030085,2013,WR,144,5,21.0,1.0,1.0,1.0,2013,1,0.0558632918647135,0.6400191021283357,0.0558632918647135
00-0030388,2013,RB,151,5,21.0,0.0,0.0,1.0,2013,1,0.10184844469266591,0.6156250594187108,0.10184844469266591
00-0030404,2013,RB,154,5,22.0,0.0,0.0,1.0,2013,1,0.09536399710154393,0.6483856055419197,0.09536399710154393
00-0030089,2013,TE,158,5,23.0,0.0,0.0,1.0,2013,1,0.03534884469805919,0.7641388589829238,0.03534884469805919
00-0030536,2013,RB,160,5,22.0,1.0,1.0,1.0,2013,1,0.09344669771464371,0.6394494926804232,0.09344669771464371
00-0030091,2013,WR,161,5,23.0,0.0,0.0,0.0,2013,1,0.046012553972574886,0.6759559902395438,0.046012553972574886
00-0030433,2013,RB,164,5,22.0,0.0,0.0,1.0,2013,1,0.09222648754497847,0.6336241095444481,0.09222648754497847
00-0030095,2013,WR,171,6,23.0,0.0,0.0,0.0,2013,1,0.03008918507671082,0.6170686626022088,0.03008918507671082
00-0030512,2013,TE,172,6,22.0,0.0,0.0,1.0,2013,1,0.024190712685970627,0.6772745568330755,0.024190712685970627
nogsis:2013:174,2013,WR,174,6,22.0,0.0,0.0,0.0,2013,1,0.031544432813968765,0.5722058446852858,0.031544432813968765
00-0030513,2013,RB,181,6,23.0,0.0,0.0,0.0,2013,1,0.05714357508826658,0.6077027778247682,0.05714357508826658
00-0030465,2013,RB,182,6,24.0,0.0,0.0,1.0,2013,1,0.053757527762959875,0.6440622186762435,0.053757527762959875
00-0030514,2013,TE,184,6,22.0,0.0,0.0,1.0,2013,1,0.023181587858038005,0.659192580629862,0.023181587858038005
00-0030466,2013,WR,186,6,22.0,0.0,0.0,0.0,2013,1,0.03008987591662485,0.5483312110148549,0.03008987591662485
00-0030287,2013,RB,187,6,24.0,1.0,1.0,1.0,2013,1,0.052954315448654504,0.6377017748963433,0.052954315448654504
00-0030391,2013,RB,189,6,22.0,0.0,0.0,1.0,2013,1,0.05911758724078965,0.5578822710743802,0.05911758724078965
00-0030288,2013,RB,190,6,23.0,0.0,0.0,0.0,2013,1,0.05562863956083852,0.5958450226599967,0.05562863956083852
00-0030414,2013,RB,194,6,21.0,0.0,0.0,1.0,2013,1,0.06173532479100978,0.511236650765657,0.06173532479100978
00-0030105,2013,WR,195,6,22.0,0.0,0.0,0.0,2013,1,0.029098833856406124,0.5312729002274069,0.029098833856406124
00-0030290,2013,WR,197,6,22.0,0.0,0.0,0.0,2013,1,0.028889014401252557,0.5275781856913944,0.028889014401252557
00-0030107,2013,RB,199,6,22.0,0.0,0.0,1.0,2013,1,0.057457128377276685,0.5448782170768378,0.057457128377276685
00-0030108,2013,TE,201,6,23.0,0.0,0.0,1.0,2013,1,0.02064209003975354,0.6712400166276471,0.02064209003975354
00-0030516,2013,WR,209,7,23.0,0.0,0.0,1.0,2013,1,0.01769026334931441,0.5037331046213535,0.01769026334931441
00-0030110,2013,TE,211,7,22.0,0.0,0.0,0.0,2013,1,0.014388381123278874,0.5801846758595158,0.014388381123278874
00-0030112,2013,RB,215,7,22.0,0.0,0.0,0.0,2013,1,0.03768027609815325,0.48265525311079466,0.03768027609815325
00-0030113,2013,WR,216,7,24.0,0.0,0.0,0.0,2013,1,0.016264235525867195,0.5319675019755332,0.016264235525867195
00-0030291,2013,TE,219,7,24.0,0.0,0.0,0.0,2013,1,0.012446463398541757,0.6457709811496513,0.012446463398541757
00-0030292,2013,QB,221,7,25.0,0.0,0.0,0.0,2013,1,0.019587491341432804,0.40181203283292055,0.019587491341432804
00-0030049,2013,TE,222,7,23.0,0.0,0.0,1.0,2013,1,0.01311025218938803,0.6042134287492619,0.01311025218938803
00-0030116,2013,WR,224,7,23.0,0.0,0.0,0.0,2013,1,0.016831716471389056,0.47856264649908076,0.016831716471389056
00-0030415,2013,RB,228,7,21.0,0.0,0.0,0.0,2013,1,0.03867114995893129,0.4279393234331144,0.03867114995893129
00-0030117,2013,RB,230,7,22.0,0.0,0.0,1.0,2013,1,0.036271316658244755,0.46551036086991077,0.036271316658244755
00-0030394,2013,QB,234,7,23.0,0.0,0.0,0.0,2013,1,0.0214111155907488,0.3166735909069205,0.0214111155907488
00-0030047,2013,WR,236,7,20.0,0.0,0.0,1.0,2013,1,0.01942983362442982,0.34420267177474995,0.01942983362442982
00-0030120,2013,QB,237,7,24.0,0.0,0.0,0.0,2013,1,0.020020671344363545,0.34999202555423364,0.020020671344363545
00-0029896,2013,WR,238,7,23.0,0.0,0.0,0.0,2013,1,0.016114444966393714,0.45663146101186086,0.016114444966393714
00-0030569,2013,QB,249,7,23.0,0.0,0.0,0.0,2013,1,0.020694526869408286,0.3052164602744071,0.020694526869408286
00-0030128,2013,RB,253,7,24.0,0.0,0.0,1.0,2013,1,0.030514067722961582,0.5216403507608028,0.030514067722961582
00-0030129,2013,TE,254,7,22.0,0.0,0.0,1.0,2013,1,0.01278177629289796,0.5247748275541333,0.01278177629289796
00-0030525,2013,WR,8,1,23.0,1.0,1.0,1.0,2013,2,0.817745955942538,0.9996589400382895,1.3285209805515608
00-0030526,2013,QB,16,1,23.0,1.0,1.0,1.0,2013,2,0.7676521452928559,0.9956044534967898,1.179269886273479
00-0030549,2013,TE,21,1,22.0,0.0,0.0,1.0,2013,2,0.7959453113773945,0.9974638913769276,1.1966807832435824
00-0030564,2013,WR,27,1,21.0,1.0,2.0,1.0,2013,2,0.7105202442404309,0.9934665497550854,1.1482957610798488
00-0030578,2013,WR,29,1,22.0,1.0,1.0,1.0,2013,2,0.6865257675853939,0.9938367680638176,1.0861682742189844
00-0030521,2013,WR,34,2,22.0,0.0,0.0,1.0,2013,2,0.5654164110021681,0.9905695701603535,0.8135199581262416
00-0030061,2013,TE,35,2,22.0,1.0,1.0,1.0,2013,2,0.6014200969473764,0.9919456620802266,0.8277540011874194
00-0030456,2013,RB,37,2,21.0,1.0,2.0,1.0,2013,2,0.7733206024477135,0.984645461521238,1.1131579204929165
00-0030565,2013,QB,39,2,22.0,1.0,2.0,1.0,2013,2,0.5553468420287128,0.9688340869013734,0.7886687322936486
00-0030431,2013,WR,41,2,21.0,1.0,2.0,1.0,2013,2,0.5545284485908012,0.9829586028591193,0.8166895707504824
00-0030544,2013,TE,47,2,22.0,0.0,0.0,1.0,2013,2,0.5268921548127505,0.9852091463808975,0.7350408499817082
00-0030496,2013,RB,48,2,21.0,1.0,2.0,1.0,2013,2,0.7199021256693477,0.9736925321420798,1.0352900842911854
00-0030470,2013,TE,55,2,23.0,0.0,0.0,1.0,2013,2,0.46890152797372514,0.9833608377696146,0.6485530003472955
00-0030522,2013,RB,58,2,22.0,1.0,1.0,1.0,2013,2,0.6610097335995881,0.9683148579413678,0.9327544888960635
00-0030540,2013,WR,59,2,22.0,1.0,1.0,1.0,2013,2,0.48154187754768013,0.9707499821834078,0.6973413670039983
00-0030485,2013,RB,61,2,23.0,1.0,2.0,1.0,2013,2,0.6324265410074734,0.9712877032852889,0.872807356642969
00-0030432,2013,RB,62,2,22.0,0.0,0.0,1.0,2013,2,0.6445662616171264,0.963697132531735,0.9127335757982842
00-0030506,2013,TE,63,3,23.0,1.0,1.0,1.0,2013,2,0.33448970688247387,0.9758719918027371,0.43100801591566484
00-0030520,2013,QB,73,3,23.0,1.0,2.0,1.0,2013,2,0.33016531084324985,0.9141505641520422,0.4328222394008348
00-0030542,2013,WR,74,3,23.0,1.0,2.0,1.0,2013,2,0.3304477971641027,0.9585373301215292,0.43197273867773806
00-0030279,2013,WR,76,3,21.0,1.0,2.0,1.0,2013,2,0.3584978079619694,0.9351547628044622,0.4911681913843806
00-0030068,2013,WR,78,3,22.0,0.0,0.0,1.0,2013,2,0.3389307578836287,0.9438791724637046,0.4548550984364014
00-0030460,2013,WR,79,3,22.0,1.0,1.0,1.0,2013,2,0.33718759448672414,0.9424518156755725,0.45292303733492034
00-0030472,2013,TE,85,3,23.0,1.0,1.0,1.0,2013,2,0.26962602572250427,0.9558712329212327,0.36241602775501774
00-0030532,2013,WR,92,3,22.0,0.0,0.0,1.0,2013,2,0.3166938028720229,0.9225434691628104,0.43036526613732595
00-0030280,2013,RB,96,3,21.0,1.0,1.0,1.0,2013,2,0.44185559615733144,0.8860912826606309,0.6090950948092432
00-0030533,2013,QB,98,4,22.0,0.0,0.0,1.0,2013,2,0.2200383547561216,0.8183608549295552,0.279256563716619
00-0030550,2013,WR,101,4,21.0,1.0,1.0,1.0,2013,2,0.23518236784000707,0.8784793464506941,0.3026849752651298
00-0030474,2013,WR,102,4,22.0,0.0,0.0,1.0,2013,2,0.22173404028116742,0.8971169911211854,0.27958823248958425
00-0030422,2013,TE,106,4,22.0,0.0,0.0,1.0,2013,2,0.17119506579714508,0.9097830192913051,0.2258610652391249
00-0030586,2013,QB,110,4,23.0,0.0,0.0,1.0,2013,2,0.1952796053783627,0.8168758381676872,0.2463442321468728
00-0030568,2013,QB,112,4,24.0,0.0,0.0,0.0,2013,2,0.18259234082223033,0.8414947117659808,0.2261361713992594
00-0030524,2013,QB,115,4,24.0,0.0,0.0,0.0,2013,2,0.17986471822750744,0.8347257587813146,0.22358797210049092
00-0030077,2013,WR,123,4,23.0,0.0,0.0,1.0,2013,2,0.19149008488921096,0.8789301156479024,0.24176343800638594
00-0030078,2013,RB,125,4,23.0,0.0,0.0,1.0,2013,2,0.2525826284765346,0.8598501689792775,0.3223774934514131
00-0030450,2013,WR,128,4,23.0,0.0,0.0,1.0,2013,2,0.18774611468385935,0.8697834884009891,0.2382464420487178
00-0029892,2013,RB,130,4,22.0,0.0,0.0,0.0,2013,2,0.2578319886793043,0.8210011610994903,0.340593448332412
00-0030497,2013,RB,131,4,21.0,0.0,0.0,0.0,2013,2,0.269863431184384,0.7856470288509894,0.365509311136357
00-0030443,2013,TE,133,4,22.0,0.0,0.0,1.0,2013,2,0.14052309177929284,0.8627019655690824,0.19446339146309166
00-0030547,2013,WR,135,5,22.0,1.0,1.0,1.0,2013,2,0.13581681817864255,0.8151056053301041,0.16364732913965865
00-0030282,2013,RB,140,5,22.0,0.0,0.0,1.0,2013,2,0.17344863194739782,0.7808320214643593,0.2156888413323074
00-0030085,2013,WR,144,5,21.0,1.0,2.0,1.0,2013,2,0.13947544434318934,0.7577796527768944,0.17307316529899938
00-0030388,2013,RB,151,5,21.0,0.0,0.0,1.0,2013,2,0.17173463722901147,0.7115083973140746,0.22420608279292104
00-0030404,2013,RB,154,5,22.0,0.0,0.0,1.0,2013,2,0.1590818554527572,0.7444560628084868,0.20452458667926815
00-0030089,2013,TE,158,5,23.0,0.0,0.0,1.0,2013,2,0.07711686134135483,0.8307223899120775,0.10140192608864332
00-0030536,2013,RB,160,5,22.0,1.0,1.0,1.0,2013,2,0.15359755194043032,0.7288013267212531,0.2001921548781114
00-0030091,2013,WR,161,5,23.0,0.0,0.0,1.0,2013,2,0.11624617285454289,0.7897537370652148,0.14100382856627144
00-0030433,2013,RB,164,5,22.0,0.0,0.0,1.0,2013,2,0.15013738201508647,0.7183733680142005,0.19743646568219697
00-0030095,2013,WR,171,6,23.0,0.0,0.0,1.0,2013,2,0.07664693292022809,0.7505122096627339,0.08706366155131606
00-0030512,2013,TE,172,6,22.0,0.0,0.0,1.0,2013,2,0.051035791151296944,0.7520432638850476,0.06525168574944604
nogsis:2013:174,2013,WR,174,6,22.0,0.0,0.0,0.0,2013,2,0.08097684252476788,0.702014849691752,0.0940339438107212
00-0030513,2013,RB,181,6,23.0,0.0,0.0,1.0,2013,2,0.08829718054417186,0.698482196680095,0.10947275405817482
00-0030465,2013,RB,182,6,24.0,0.0,0.0,1.0,2013,2,0.08234610366538207,0.7381792256008155,0.10015197485530078
00-0030514,2013,TE,184,6,22.0,1.0,1.0,1.0,2013,2,0.04777383989776928,0.7249071063077422,0.062193914359778515
00-0030466,2013,WR,186,6,22.0,0.0,0.0,1.0,2013,2,0.07799331639053896,0.6720569135998916,0.09158704735990789
00-0030287,2013,RB,187,6,24.0,1.0,2.0,1.0,2013,2,0.08014523885908206,0.7269686143564069,0.09855110351703311
00-0030391,2013,RB,189,6,22.0,0.0,0.0,1.0,2013,2,0.09018552239744775,0.6319685715312369,0.11625061505547904
00-0030288,2013,RB,190,6,23.0,0.0,0.0,1.0,2013,2,0.08413841591180438,0.6764726389446678,0.10637584069709849
00-0030414,2013,RB,194,6,21.0,0.0,0.0,1.0,2013,2,0.09368141097060878,0.5689217619305181,0.12469600699132653
00-0030105,2013,WR,195,6,22.0,0.0,0.0,0.0,2013,2,0.07594065658582054,0.6499292296308488,0.08989444032235475
00-0030290,2013,WR,197,6,22.0,0.0,0.0,0.0,2013,2,0.07550394615323369,0.6450607643727614,0.08953332056882846
00-0030107,2013,RB,199,6,22.0,0.0,0.0,1.0,2013,2,0.0856875139650675,0.6063031897344258,0.11277446474936634
00-0030108,2013,TE,201,6,23.0,0.0,0.0,1.0,2013,2,0.04094752722953882,0.7296364070258055,0.05350299350137287
00-0030516,2013,WR,209,7,23.0,0.0,0.0,1.0,2013,2,0.04586966588526137,0.6423875257779249,0.05016167146282473
00-0030110,2013,TE,211,7,22.0,0.0,0.0,0.0,2013,2,0.027736640352393562,0.6427543462360793,0.03506657293607256
00-0030112,2013,RB,215,7,22.0,0.0,0.0,0.0,2013,2,0.05339891465828305,0.5429848520262502,0.06768383614330087
00-0030113,2013,WR,216,7,24.0,0.0,0.0,1.0,2013,2,0.042070385593469255,0.6736977540945761,0.045447660644383624
00-0030291,2013,TE,219,7,24.0,0.0,0.0,0.0,2013,2,0.023298570130362455,0.7162457595239324,0.02856869625280499
00-0030292,2013,QB,221,7,25.0,0.0,0.0,0.0,2013,2,0.03515217481750796,0.5759470594340912,0.03825557431459308
00-0030049,2013,TE,222,7,23.0,0.0,0.0,1.0,2013,2,0.024614018055413345,0.6658487478904103,0.030927688195115308
00-0030116,2013,WR,224,7,23.0,0.0,0.0,1.0,2013,2,0.04405001675128789,0.6084630454828159,0.04878726912419272
00-0030415,2013,RB,228,7,21.0,0.0,0.0,0.0,2013,2,0.05372419070238855,0.4601632275693806,0.07134287900190284
00-0030117,2013,RB,230,7,22.0,0.0,0.0,1.0,2013,2,0.049809270761348695,0.5074875013014137,0.06498197167840958
00-0030394,2013,QB,234,7,23.0,0.0,0.0,0.0,2013,2,0.038736897939949284,0.44574104547165877,0.04432123250504569
00-0030047,2013,WR,236,7,20.0,0.0,0.0,1.0,2013,2,0.05223150933153911,0.4273990721457709,0.061726003620984154
00-0030120,2013,QB,237,7,24.0,0.0,0.0,0.0,2013,2,0.03589495417188195,0.4915359661538416,0.04036878454427496
00-0029896,2013,WR,238,7,23.0,0.0,0.0,0.0,2013,2,0.0425150722511806,0.5778930089302391,0.04761850178455458
00-0030569,2013,QB,249,7,23.0,0.0,0.0,0.0,2013,2,0.03715966694564412,0.41698270760608963,0.04302460640984496
00-0030128,2013,RB,253,7,24.0,0.0,0.0,1.0,2013,2,0.03944006258782026,0.5609086903938882,0.051399780404546486
00-0030129,2013,TE,254,7,22.0,0.0,0.0,1.0,2013,2,0.023023286495996567,0.5499946821929355,0.030717546308764797
00-0030525,2013,WR,8,1,23.0,1.0,2.0,1.0,2013,3,0.9191796064783211,0.9996223000746765,2.0649487807122875
00-0030526,2013,QB,16,1,23.0,1.0,1.0,1.0,2013,3,0.8219638155874329,0.9963996574266621,1.6878404021489346
00-0030549,2013,TE,21,1,22.0,1.0,1.0,1.0,2013,3,0.8865948808759079,0.996784646005327,1.9089604824617181
00-0030564,2013,WR,27,1,21.0,1.0,3.0,1.0,2013,3,0.7863648619570399,0.9921947159725407,1.769938439585451
00-0030578,2013,WR,29,1,22.0,1.0,1.0,1.0,2013,3,0.7689475724717124,0.9929820317943385,1.695021037814453
00-0030521,2013,WR,34,2,22.0,0.0,0.0,1.0,2013,3,0.6820350047176249,0.9898118036432172,1.3048010466042619
00-0030061,2013,TE,35,2,22.0,1.0,2.0,1.0,2013,3,0.7334562877044696,0.9904122474207903,1.342287640770223
00-0030456,2013,RB,37,2,21.0,1.0,3.0,1.0,2013,3,0.7879289842650119,0.9803221360365763,1.6420611308112243
00-0030565,2013,QB,39,2,22.0,1.0,2.0,1.0,2013,3,0.6174298326182693,0.9728191818769931,1.1344943742676559
00-0030431,2013,WR,41,2,21.0,1.0,3.0,1.0,2013,3,0.6481432534360375,0.9807765592509259,1.291013827451752
00-0030544,2013,TE,47,2,22.0,0.0,0.0,1.0,2013,3,0.6395277887915128,0.9825331757665778,1.1895328630164013
00-0030496,2013,RB,48,2,21.0,1.0,2.0,1.0,2013,3,0.7264839485633673,0.967066280377165,1.5217814852088183
00-0030470,2013,TE,55,2,23.0,0.0,0.0,1.0,2013,3,0.5764982191194724,0.9813156584752842,1.065690334257907
00-0030522,2013,RB,58,2,22.0,1.0,1.0,1.0,2013,3,0.6686217382939978,0.9627050131578726,1.3827573711138883
00-0030540,2013,WR,59,2,22.0,1.0,1.0,1.0,2013,3,0.5557649922438623,0.9686942562796422,1.1235894878752715
00-0030485,2013,RB,61,2,23.0,1.0,3.0,1.0,2013,3,0.6470402606485345,0.9678268847497556,1.3092832324183137
00-0030432,2013,RB,62,2,22.0,0.0,0.0,1.0,2013,3,0.6492992869783175,0.9575252609514961,1.3520161371444694
00-0030506,2013,TE,63,3,23.0,1.0,2.0,1.0,2013,3,0.45576101685245674,0.9743056271658248,0.7279593402128787
00-0030520,2013,QB,73,3,23.0,1.0,2.0,1.0,2013,3,0.4019018418468295,0.9282511885536939,0.6556838835562437
00-0030542,2013,WR,74,3,23.0,1.0,3.0,1.0,2013,3,0.4225995527642915,0.9597517822162375,0.7349253196730914
00-0030279,2013,WR,76,3,21.0,1.0,3.0,1.0,2013,3,0.43132437137422275,0.931204451543577,0.8010586547335385
00-0030068,2013,WR,78,3,22.0,0.0,0.0,1.0,2013,3,0.41757601048267934,0.9430462172784708,0.7573060984785684
00-0030460,2013,WR,79,3,22.0,1.0,2.0,1.0,2013,3,0.4145485642175515,0.9416091684333079,0.7540694932539352
00-0030472,2013,TE,85,3,23.0,1.0,2.0,1.0,2013,3,0.34901826217681475,0.9533773267153721,0.6115388215386222
00-0030532,2013,WR,92,3,22.0,0.0,0.0,1.0,2013,3,0.37890251373474987,0.9215937807372642,0.7161290429044553
00-0030280,2013,RB,96,3,21.0,1.0,1.0,1.0,2013,3,0.4500197697386869,0.8728360107868903,0.8935600975745593
00-0030533,2013,QB,98,4,22.0,0.0,0.0,1.0,2013,3,0.2861434478238679,0.8432176462679623,0.4304880786854878
00-0030550,2013,WR,101,4,21.0,1.0,1.0,1.0,2013,3,0.30189807400048563,0.8775295186459156,0.5098978353040727
00-0030474,2013,WR,102,4,22.0,0.0,0.0,1.0,2013,3,0.2934292766633783,0.9006300282404345,0.48202717883760154
00-0030422,2013,TE,106,4,22.0,0.0,0.0,1.0,2013,3,0.23061345981854237,0.9056372271042964,0.38412102459328823
00-0030586,2013,QB,110,4,23.0,0.0,0.0,1.0,2013,3,0.2595019964401704,0.8470551603288843,0.39102497294969274
00-0030568,2013,QB,112,4,24.0,0.0,0.0,0.0,2013,3,0.25056968101055743,0.8734562661006311,0.3677747381584676
00-0030524,2013,QB,115,4,24.0,0.0,0.0,1.0,2013,3,0.24614862938346802,0.8676252632881926,0.3642546695720452
00-0030077,2013,WR,123,4,23.0,0.0,0.0,1.0,2013,3,0.25109398996967963,0.8880608477133135,0.42594616961666554
00-0030078,2013,RB,125,4,23.0,0.0,0.0,1.0,2013,3,0.29186102125923097,0.8647504584948738,0.49849625383825535
00-0030450,2013,WR,128,4,23.0,0.0,0.0,1.0,2013,3,0.24383599235519288,0.8795708346809866,0.4195079499473657
00-0029892,2013,RB,130,4,22.0,0.0,0.0,0.0,2013,3,0.2878060683287343,0.8205693158408788,0.5157066702253913
00-0030497,2013,RB,131,4,21.0,0.0,0.0,0.0,2013,3,0.29212808801258033,0.7771598156667816,0.5424853578354338
00-0030443,2013,TE,133,4,22.0,0.0,0.0,1.0,2013,3,0.17614496632094032,0.8573753716473171,0.32998870170771727
00-0030547,2013,WR,135,5,22.0,1.0,1.0,1.0,2013,3,0.1920698541196393,0.8287260664320399,0.29209393789135446
00-0030282,2013,RB,140,5,22.0,0.0,0.0,1.0,2013,3,0.21665455633386496,0.7898356824017299,0.3339835428615137
00-0030085,2013,WR,144,5,21.0,1.0,2.0,1.0,2013,3,0.18711400817690707,0.766239976158987,0.3009248459257914
00-0030388,2013,RB,151,5,21.0,0.0,0.0,1.0,2013,3,0.20555517346515076,0.7139947437359182,0.3394002836431792
00-0030404,2013,RB,154,5,22.0,0.0,0.0,1.0,2013,3,0.1965227806066656,0.7559065997687915,0.31647459908108777
00-0030089,2013,TE,158,5,23.0,0.0,0.0,1.0,2013,3,0.10777661323059706,0.8386504003005643,0.18182315805660892
00-0030536,2013,RB,160,5,22.0,1.0,1.0,1.0,2013,3,0.18885671815332547,0.7413011396956656,0.30968290268486415
00-0030091,2013,WR,161,5,23.0,0.0,0.0,1.0,2013,3,0.16249556177991936,0.8125202040668342,0.2571940430749783
00-0030433,2013,RB,164,5,22.0,0.0,0.0,1.0,2013,3,0.18402729757628508,0.7315681417489521,0.30536385492245566
00-0030095,2013,WR,171,6,23.0,0.0,0.0,1.0,2013,3,0.12106693261173399,0.7850964309318303,0.16516395956323854
00-0030512,2013,TE,172,6,22.0,0.0,0.0,1.0,2013,3,0.07636231564711661,0.7634986153236618,0.11778167775673834
nogsis:2013:174,2013,WR,174,6,22.0,0.0,0.0,0.0,2013,3,0.12254969976029625,0.7318560202722765,0.17367768366221464
00-0030513,2013,RB,181,6,23.0,1.0,1.0,1.0,2013,3,0.12664012824776916,0.733405666549227,0.177921516651669
00-0030465,2013,RB,182,6,24.0,0.0,0.0,1.0,2013,3,0.12249885321867922,0.7783775780471052,0.16684575239792632
00-0030514,2013,TE,184,6,22.0,1.0,1.0,1.0,2013,3,0.06957468564569123,0.737479662153527,0.11209015377470599
00-0030466,2013,WR,186,6,22.0,0.0,0.0,1.0,2013,3,0.11570575004173439,0.7038337504062546,0.1688475519619524
00-0030287,2013,RB,187,6,24.0,1.0,2.0,1.0,2013,3,0.11879153433226071,0.7687372025697871,0.16414906567959253
00-0030391,2013,RB,189,6,22.0,0.0,0.0,1.0,2013,3,0.12391202490863452,0.6612069940244941,0.18437596969377895
00-0030288,2013,RB,190,6,23.0,0.0,0.0,1.0,2013,3,0.11987936143996408,0.7136986282376505,0.1728304627781003
00-0030414,2013,RB,194,6,21.0,0.0,0.0,1.0,2013,3,0.12360879850051203,0.5890869625718994,0.1931389749361003
00-0030105,2013,WR,195,6,22.0,0.0,0.0,0.0,2013,3,0.11105980090116653,0.6829870563880033,0.16550428404638143
00-0030290,2013,WR,197,6,22.0,0.0,0.0,0.0,2013,3,0.11007819387157844,0.6783831691633498,0.1647907875085575
00-0030107,2013,RB,199,6,22.0,1.0,1.0,1.0,2013,3,0.11687336496093507,0.6373699979067119,0.17879648810395055
00-0030108,2013,TE,201,6,23.0,0.0,0.0,1.0,2013,3,0.05976645076940055,0.751414400248025,0.09870932102052984
00-0030516,2013,WR,209,7,23.0,0.0,0.0,1.0,2013,3,0.07854359573110703,0.6970516621278057,0.09858869620896163
00-0030110,2013,TE,211,7,22.0,0.0,0.0,1.0,2013,3,0.0439085634274502,0.6692608152400675,0.06508237534617363
00-0030112,2013,RB,215,7,22.0,0.0,0.0,0.0,2013,3,0.08273583252462977,0.589317069104503,0.11029292335200747
00-0030113,2013,WR,216,7,24.0,0.0,0.0,1.0,2013,3,0.07409658181542592,0.7350440774930105,0.09167914250604155
00-0030291,2013,TE,219,7,24.0,0.0,0.0,0.0,2013,3,0.03924492524369031,0.7575014026504566,0.055794072291005525
00-0030292,2013,QB,221,7,25.0,0.0,0.0,0.0,2013,3,0.0700224921129157,0.672493616466625,0.07415494824020497
00-0030049,2013,TE,222,7,23.0,0.0,0.0,1.0,2013,3,0.039647194664018726,0.7017243220161135,0.058809572669216784
00-0030116,2013,WR,224,7,23.0,0.0,0.0,1.0,2013,3,0.07377476149497521,0.6658377213562771,0.09567099686599984
00-0030415,2013,RB,228,7,21.0,0.0,0.0,0.0,2013,3,0.07939676910023007,0.496614138325026,0.11341505042540354
00-0030117,2013,RB,230,7,22.0,0.0,0.0,1.0,2013,3,0.07637102229214418,0.5558100569891152,0.10583688118244697
00-0030394,2013,QB,234,7,23.0,0.0,0.0,0.0,2013,3,0.07071165504342442,0.5241507033769875,0.08175121770456488
00-0030047,2013,WR,236,7,20.0,0.0,0.0,1.0,2013,3,0.07666644392837331,0.4538133321609185,0.11164882830354966
00-0030120,2013,QB,237,7,24.0,0.0,0.0,1.0,2013,3,0.06798282392661323,0.5810767236545928,0.0765604238480489
00-0029896,2013,WR,238,7,23.0,0.0,0.0,0.0,2013,3,0.06982359326911547,0.6372791268647947,0.09318952451988143
00-0030569,2013,QB,249,7,23.0,0.0,0.0,1.0,2013,3,0.06713989313568462,0.4937617985350014,0.0797373272410613
00-0030128,2013,RB,253,7,24.0,0.0,0.0,1.0,2013,3,0.06432285769202581,0.6321652334137525,0.08796573196077134
00-0030129,2013,TE,254,7,22.0,0.0,0.0,1.0,2013,3,0.03367020875529017,0.5799182182778738,0.05668033697629488
00-0030525,2013,WR,8,1,23.0,1.0,3.0,1.0,2013,4,0.9157080450818431,0.9995980810636642,2.797943655688554
00-0030526,2013,QB,16,1,23.0,1.0,1.0,1.0,2013,4,0.8631755009769068,0.9962244516102573,2.218348433193247
00-0030549,2013,TE,21,1,22.0,1.0,1.0,1.0,2013,4,0.8800269797513758,0.997728734585791,2.473274754997843
00-0030564,2013,WR,27,1,21.0,1.0,4.0,1.0,2013,4,0.7873711695171873,0.9908239905939548,2.3052002453143183
00-0030578,2013,WR,29,1,22.0,1.0,2.0,1.0,2013,4,0.7639385256780753,0.9922621648299212,2.1912556268554964
00-0030521,2013,WR,34,2,22.0,0.0,0.0,1.0,2013,4,0.6912758290143813,0.9886878777596784,1.724269306415188
00-0030061,2013,TE,35,2,22.0,1.0,3.0,1.0,2013,4,0.7351971807005695,0.9925383978255896,1.7320378811962858
00-0030456,2013,RB,37,2,21.0,1.0,4.0,1.0,2013,4,0.8081717186115408,0.9799782692848498,2.1396351326270873
00-0030565,2013,QB,39,2,22.0,1.0,2.0,1.0,2013,4,0.70428819143,0.9709182265199475,1.5244785345089473
00-0030431,2013,WR,41,2,21.0,1.0,4.0,1.0,2013,4,0.6647988043702003,0.9774028540615839,1.6947450341126231
00-0030544,2013,TE,47,2,22.0,0.0,0.0,1.0,2013,4,0.6415609254619485,0.985708239845691,1.5051673079747903
00-0030496,2013,RB,48,2,21.0,1.0,3.0,1.0,2013,4,0.750908628839442,0.9667771813490458,1.9541683866719262
00-0030470,2013,TE,55,2,23.0,0.0,0.0,1.0,2013,4,0.570541127472804,0.9852582117662155,1.3247548060436114
00-0030522,2013,RB,58,2,22.0,1.0,1.0,1.0,2013,4,0.6891395934934976,0.9648186796838059,1.7479554821595924
00-0030540,2013,WR,59,2,22.0,1.0,1.0,1.0,2013,4,0.5647356530269845,0.9657084726460693,1.4326609154705892
00-0030485,2013,RB,61,2,23.0,1.0,3.0,1.0,2013,4,0.6608846718851308,0.9715136137177537,1.6441336749953224
00-0030432,2013,RB,62,2,22.0,1.0,1.0,1.0,2013,4,0.6704759414172822,0.960005308882972,1.7020928561054829
00-0030506,2013,TE,63,3,23.0,1.0,3.0,1.0,2013,4,0.46779538986656,0.9790230033202741,0.9371702225361722
00-0030520,2013,QB,73,3,23.0,1.0,2.0,1.0,2013,4,0.5027175579883417,0.9295526087299628,0.916658484959114
00-0030542,2013,WR,74,3,23.0,1.0,4.0,1.0,2013,4,0.4406065939289001,0.9583029600083337,0.9571301207877279
00-0030279,2013,WR,76,3,21.0,1.0,3.0,1.0,2013,4,0.4657825160639028,0.9200062523808207,1.0562526423972094
00-0030068,2013,WR,78,3,22.0,0.0,0.0,1.0,2013,4,0.4435392263428272,0.9374859725051897,0.989000497540164
00-0030460,2013,WR,79,3,22.0,1.0,2.0,1.0,2013,4,0.44042865563958716,0.9359342360162517,0.9837845570041044
00-0030472,2013,TE,85,3,23.0,1.0,3.0,1.0,2013,4,0.360077162722648,0.9599133968241629,0.7698155674984308
00-0030532,2013,WR,92,3,22.0,0.0,0.0,1.0,2013,4,0.40365813634330405,0.9144021595427589,0.9229923824925015
00-0030280,2013,RB,96,3,21.0,1.0,1.0,1.0,2013,4,0.5003227118294209,0.8731912074956251,1.1351927901991226
00-0030533,2013,QB,98,4,22.0,1.0,1.0,1.0,2013,4,0.399054517662615,0.8382509680886492,0.6552229216636274
00-0030550,2013,WR,101,4,21.0,1.0,1.0,1.0,2013,4,0.3476323808948278,0.8583389553567864,0.7015040336397256
00-0030474,2013,WR,102,4,22.0,0.0,0.0,1.0,2013,4,0.3310972959401621,0.8909099930232388,0.6549456843193613
00-0030422,2013,TE,106,4,22.0,0.0,0.0,1.0,2013,4,0.25910309678403615,0.9095875052530595,0.5139593043295574
00-0030586,2013,QB,110,4,23.0,0.0,0.0,1.0,2013,4,0.35877758004542304,0.8512775646241445,0.5860105654748275
00-0030568,2013,QB,112,4,24.0,0.0,0.0,0.0,2013,4,0.340422025835423,0.8838279828104088,0.5447136700757935
00-0030524,2013,QB,115,4,24.0,0.0,0.0,1.0,2013,4,0.3349327552798656,0.8785736414145245,0.5390745686361691
00-0030077,2013,WR,123,4,23.0,0.0,0.0,1.0,2013,4,0.2783657571582875,0.884335876557643,0.5633745232922538
00-0030078,2013,RB,125,4,23.0,0.0,0.0,1.0,2013,4,0.33693176060581886,0.8790134191852582,0.6475704211394328
00-0030450,2013,WR,128,4,23.0,0.0,0.0,1.0,2013,4,0.2705110069464736,0.8756942108912532,0.5529031607096115
00-0029892,2013,RB,130,4,22.0,0.0,0.0,0.0,2013,4,0.3399709488745543,0.830054683569868,0.6700124132290028
00-0030497,2013,RB,131,4,21.0,0.0,0.0,0.0,2013,4,0.3522261440636868,0.7776379146602519,0.7075110796515132
00-0030443,2013,TE,133,4,22.0,0.0,0.0,1.0,2013,4,0.19964030568308241,0.8585197304490148,0.433006781989972
00-0030547,2013,WR,135,5,22.0,1.0,1.0,1.0,2013,4,0.23297999294996696,0.8126914345284844,0.41883759136278687
00-0030282,2013,RB,140,5,22.0,0.0,0.0,1.0,2013,4,0.2749708769664997,0.799222934519943,0.45836834532885634
00-0030085,2013,WR,144,5,21.0,1.0,3.0,1.0,2013,4,0.2330003399352977,0.7342376260749752,0.4360596756256454
00-0030388,2013,RB,151,5,21.0,0.0,0.0,1.0,2013,4,0.2683907340829677,0.7133249165752823,0.4667576980409299
00-0030404,2013,RB,154,5,22.0,1.0,1.0,1.0,2013,4,0.2512211060657487,0.766926775543995,0.4310612031213833
00-0030089,2013,TE,158,5,23.0,0.0,0.0,1.0,2013,4,0.1278747525084581,0.8431049441999,0.25273598441454287
00-0030536,2013,RB,160,5,22.0,1.0,1.0,1.0,2013,4,0.24208897655975536,0.7530009783851677,0.4205378345349664
00-0030091,2013,WR,161,5,23.0,0.0,0.0,1.0,2013,4,0.19310726948260182,0.8060337313084978,0.3566857654047207
00-0030433,2013,RB,164,5,22.0,1.0,1.0,1.0,2013,4,0.23631062037284992,0.7437120732705128,0.4138664451984899
00-0030095,2013,WR,171,6,23.0,0.0,0.0,1.0,2013,4,0.15440937336357802,0.7762772147288418,0.24932209553797208
00-0030512,2013,TE,172,6,22.0,0.0,0.0,1.0,2013,4,0.10036943343687027,0.7534473823083496,0.18499846983800539
nogsis:2013:174,2013,WR,174,6,22.0,0.0,0.0,0.0,2013,4,0.1606180025498769,0.7088104250132254,0.26749902862403685
00-0030513,2013,RB,181,6,23.0,1.0,2.0,1.0,2013,4,0.17155007232458036,0.7559393884068952,0.25494897323388643
00-0030465,2013,RB,182,6,24.0,0.0,0.0,1.0,2013,4,0.16168067820918425,0.8081897199254312,0.2370313656989625
00-0030514,2013,TE,184,6,22.0,1.0,1.0,1.0,2013,4,0.09165786794295987,0.7244858927861569,0.17464479564436253
00-0030466,2013,WR,186,6,22.0,0.0,0.0,1.0,2013,4,0.1519144406121946,0.6797402520457243,0.25796739999226304
00-0030287,2013,RB,187,6,24.0,1.0,2.0,1.0,2013,4,0.15701240807828495,0.799656223229498,0.2326921144241209
00-0030391,2013,RB,189,6,22.0,0.0,0.0,1.0,2013,4,0.17274609385015877,0.6737927050785784,0.265974284156665
00-0030288,2013,RB,190,6,23.0,0.0,0.0,1.0,2013,4,0.1628621909879392,0.7376131586335959,0.24660311291377704
00-0030414,2013,RB,194,6,21.0,1.0,1.0,1.0,2013,4,0.17713837820377137,0.5877019586936195,0.2815242917339804
00-0030105,2013,WR,195,6,22.0,0.0,0.0,0.0,2013,4,0.14598483071325022,0.6582453610071657,0.2514155274027936
00-0030290,2013,WR,197,6,22.0,0.0,0.0,1.0,2013,4,0.14472981536189325,0.6535130870301893,0.25002222748065184
00-0030107,2013,RB,199,6,22.0,1.0,2.0,1.0,2013,4,0.1634759580437327,0.650761860905394,0.2566807981015915
00-0030108,2013,TE,201,6,23.0,0.0,0.0,1.0,2013,4,0.07662126585331598,0.7481345678709753,0.14844833166516097
00-0030516,2013,WR,209,7,23.0,0.0,0.0,1.0,2013,4,0.108136002639646,0.6846554169853574,0.16215174819838823
00-0030110,2013,TE,211,7,22.0,0.0,0.0,1.0,2013,4,0.062486319639676095,0.6468536163067198,0.11391328787643773
00-0030112,2013,RB,215,7,22.0,0.0,0.0,0.0,2013,4,0.12533401927320872,0.6014178712770822,0.17207524030613466
00-0030113,2013,WR,216,7,24.0,0.0,0.0,1.0,2013,4,0.09916388948200794,0.7361998015783165,0.14614519562630707
00-0030291,2013,TE,219,7,24.0,0.0,0.0,0.0,2013,4,0.05256438388465671,0.7613017613371819,0.09117080671356118
00-0030292,2013,QB,221,7,25.0,0.0,0.0,0.0,2013,4,0.1203637951594595,0.7084047579390002,0.14647870937940874
00-0030049,2013,TE,222,7,23.0,0.0,0.0,1.0,2013,4,0.05478624712697833,0.6922722062625821,0.0988526045401353
00-0030116,2013,WR,224,7,23.0,0.0,0.0,1.0,2013,4,0.10169374111083561,0.6531309070952833,0.155883571305333
00-0030415,2013,RB,228,7,21.0,0.0,0.0,0.0,2013,4,0.12408035183965295,0.493835508383717,0.17919543323618975
00-0030117,2013,RB,230,7,22.0,0.0,0.0,1.0,2013,4,0.11613145857206286,0.5687236228752706,0.16386614345999642
00-0030394,2013,QB,234,7,23.0,0.0,0.0,0.0,2013,4,0.12852716639985007,0.5353399981469666,0.1724235119949617
00-0030047,2013,WR,236,7,20.0,0.0,0.0,1.0,2013,4,0.11525190658590344,0.39396954207430057,0.19882779452729218
00-0030120,2013,QB,237,7,24.0,0.0,0.0,1.0,2013,4,0.1202692880097607,0.6073427385691668,0.15569898672058918
00-0029896,2013,WR,238,7,23.0,0.0,0.0,0.0,2013,4,0.09634031022192725,0.6243986440064871,0.1506031120773044
00-0030569,2013,QB,249,7,23.0,0.0,0.0,1.0,2013,4,0.12220253443680451,0.5059005435927538,0.1675519190170722
00-0030128,2013,RB,253,7,24.0,0.0,0.0,1.0,2013,4,0.09277879761014618,0.6734309744549479,0.13099395466517
00-0030129,2013,TE,254,7,22.0,0.0,0.0,1.0,2013,4,0.048131504880528274,0.5478514620131528,0.09658955328889027
00-0030525,2013,WR,8,1,23.0,1.0,3.0,1.0,2013,5,0.900321708218557,0.9993975945276543,3.330101062283501
00-0030526,2013,QB,16,1,23.0,1.0,1.0,1.0,2013,5,0.8642728839891567,0.9959509830040199,2.7054366857206307
00-0030549,2013,TE,21,1,22.0,1.0,1.0,1.0,2013,5,0.8913504074259351,0.9977663003028202,3.02373443104182
00-0030564,2013,WR,27,1,21.0,1.0,5.0,1.0,2013,5,0.7926790764130219,0.9883967819264756,2.6757246574042446
00-0030578,2013,WR,29,1,22.0,1.0,2.0,1.0,2013,5,0.7657746637944959,0.9913311636508587,2.5301327288474025
00-0030521,2013,WR,34,2,22.0,0.0,0.0,1.0,2013,5,0.6917092406267147,0.9867711230953088,2.0101225127394953
00-0030061,2013,TE,35,2,22.0,1.0,4.0,1.0,2013,5,0.7682122796158245,0.9925700207767265,2.1480984779406693
00-0030456,2013,RB,37,2,21.0,1.0,5.0,1.0,2013,5,0.8322843298820891,0.9772971117503112,2.546381081058968
00-0030565,2013,QB,39,2,22.0,1.0,2.0,1.0,2013,5,0.7245416517015016,0.9694658162218799,1.8800327513029278
00-0030431,2013,WR,41,2,21.0,1.0,5.0,1.0,2013,5,0.6773239517101775,0.9724708033424858,1.9776800832943486
00-0030544,2013,TE,47,2,22.0,0.0,0.0,1.0,2013,5,0.6928013182500224,0.9864002215564814,1.8720986341818926
00-0030496,2013,RB,48,2,21.0,1.0,4.0,1.0,2013,5,0.7817668750527409,0.9641520258723335,2.314808400991679
00-0030470,2013,TE,55,2,23.0,0.0,0.0,1.0,2013,5,0.6255272539853811,0.9876049815593846,1.645267010790286
00-0030522,2013,RB,58,2,22.0,1.0,1.0,1.0,2013,5,0.7199351382920691,0.9667419444031546,2.0604360724255883
00-0030540,2013,WR,59,2,22.0,1.0,1.0,1.0,2013,5,0.5823906523925856,0.9660040943416038,1.6529892341818875
00-0030485,2013,RB,61,2,23.0,1.0,3.0,1.0,2013,5,0.6869929468362935,0.9758291861052973,1.9363223273273873
00-0030432,2013,RB,62,2,22.0,1.0,1.0,1.0,2013,5,0.7027928576924175,0.9626415491800141,2.0041030915136213
00-0030506,2013,TE,63,3,23.0,1.0,4.0,1.0,2013,5,0.5241002529831539,0.9810696666702325,1.1999141583568658
00-0030520,2013,QB,73,3,23.0,1.0,2.0,1.0,2013,5,0.528079945594132,0.9363259363987898,1.1459991765501671
00-0030542,2013,WR,74,3,23.0,1.0,5.0,1.0,2013,5,0.4509122322016019,0.9616228194481344,1.1231896874580667
00-0030279,2013,WR,76,3,21.0,1.0,4.0,1.0,2013,5,0.4924496891853648,0.9117498302033955,1.263574994493693
00-0030068,2013,WR,78,3,22.0,1.0,1.0,1.0,2013,5,0.46318950053606145,0.937575748839675,1.1707557190197544
00-0030460,2013,WR,79,3,22.0,1.0,2.0,1.0,2013,5,0.4604578802691411,0.9362574240000476,1.164519828864382
00-0030472,2013,TE,85,3,23.0,1.0,3.0,1.0,2013,5,0.4268585107885634,0.9653548970083273,0.9953731652386625
00-0030532,2013,WR,92,3,22.0,0.0,0.0,1.0,2013,5,0.4280206941407567,0.9183614810451854,1.0919411241292598
00-0030280,2013,RB,96,3,21.0,1.0,1.0,1.0,2013,5,0.5421063278539202,0.8688324647118487,1.362010417359885
00-0030533,2013,QB,98,4,22.0,1.0,1.0,1.0,2013,5,0.4313244500046898,0.8362979759813264,0.8512860602747516
00-0030550,2013,WR,101,4,21.0,1.0,1.0,1.0,2013,5,0.37406724324695156,0.8440232297999204,0.8783074957404198
00-0030474,2013,WR,102,4,22.0,0.0,0.0,1.0,2013,5,0.350190385579331,0.8900114683535227,0.8069779301168554
00-0030422,2013,TE,106,4,22.0,0.0,0.0,1.0,2013,5,0.3257713458923785,0.9090026711671343,0.6989829069638226
00-0030586,2013,QB,110,4,23.0,0.0,0.0,1.0,2013,5,0.3852658692264945,0.8651608784560885,0.7521193549806928
00-0030568,2013,QB,112,4,24.0,0.0,0.0,0.0,2013,5,0.3595973463763102,0.904526311032106,0.6932022881246707
00-0030524,2013,QB,115,4,24.0,0.0,0.0,1.0,2013,5,0.35455876991544955,0.9006693423346005,0.6857089474218423
00-0030077,2013,WR,123,4,23.0,0.0,0.0,1.0,2013,5,0.2942951245189553,0.8986841159777712,0.6841425334840094
00-0030078,2013,RB,125,4,23.0,0.0,0.0,1.0,2013,5,0.3564659449030834,0.8913107996360895,0.7989923065903779
00-0030450,2013,WR,128,4,23.0,0.0,0.0,1.0,2013,5,0.2872063432451035,0.8921524538788138,0.6714587598853882
00-0029892,2013,RB,130,4,22.0,0.0,0.0,0.0,2013,5,0.36703658292240704,0.8339232749066028,0.8280626315295896
00-0030497,2013,RB,131,4,21.0,0.0,0.0,0.0,2013,5,0.3870686001078145,0.7649851867454687,0.8783574624401846
00-0030443,2013,TE,133,4,22.0,0.0,0.0,1.0,2013,5,0.2643056858424973,0.8619290847572925,0.5943202901468398
00-0030547,2013,WR,135,5,22.0,1.0,1.0,1.0,2013,5,0.24987449238325238,0.8101975538866487,0.5439744032179279
00-0030282,2013,RB,140,5,22.0,0.0,0.0,1.0,2013,5,0.2938011083721954,0.7910093736913187,0.5907106296149135
00-0030085,2013,WR,144,5,21.0,1.0,4.0,1.0,2013,5,0.2572965952180131,0.7147671719394005,0.5802540705128253
00-0030388,2013,RB,151,5,21.0,0.0,0.0,1.0,2013,5,0.2938397568110611,0.6845379074012687,0.6070614540205646
00-0030404,2013,RB,154,5,22.0,1.0,2.0,1.0,2013,5,0.2696624714808098,0.7611133393473197,0.5558228044551994
00-0030089,2013,TE,158,5,23.0,0.0,0.0,1.0,2013,5,0.1703995436182993,0.8513750217832944,0.36028192889869254
00-0030536,2013,RB,160,5,22.0,1.0,1.0,1.0,2013,5,0.26034155124357167,0.7483302330280565,0.5423665291569011
00-0030091,2013,WR,161,5,23.0,0.0,0.0,1.0,2013,5,0.2065033941875694,0.8267159400281775,0.4547409604403731
00-0030433,2013,RB,164,5,22.0,1.0,1.0,1.0,2013,5,0.25443199794695015,0.7398341172137533,0.533832329768389
00-0030095,2013,WR,171,6,23.0,0.0,0.0,1.0,2013,5,0.16282323627941017,0.7872216510498655,0.3353775039874615
00-0030512,2013,TE,172,6,22.0,0.0,0.0,1.0,2013,5,0.13728475709656537,0.7312823838033683,0.2790369861186792
nogsis:2013:174,2013,WR,174,6,22.0,0.0,0.0,0.0,2013,5,0.17400858435185348,0.7022780367161555,0.369631797900196
00-0030513,2013,RB,181,6,23.0,1.0,3.0,1.0,2013,5,0.1775907566551186,0.7572679913365925,0.34225651980036387
00-0030465,2013,RB,182,6,24.0,0.0,0.0,1.0,2013,5,0.16320797657126046,0.8245436519064212,0.3161492830827777
00-0030514,2013,TE,184,6,22.0,1.0,1.0,1.0,2013,5,0.1271825671942205,0.702955938883359,0.26432045561014467
00-0030466,2013,WR,186,6,22.0,0.0,0.0,1.0,2013,5,0.1658931423412041,0.6773004094590295,0.35728288646103845
00-0030287,2013,RB,187,6,24.0,1.0,2.0,1.0,2013,5,0.1586261789509581,0.8173455868672164,0.3104468443977954
00-0030391,2013,RB,189,6,22.0,0.0,0.0,1.0,2013,5,0.18361926465137013,0.6547464569357081,0.36101963750105537
00-0030288,2013,RB,190,6,23.0,1.0,1.0,1.0,2013,5,0.16888936292836382,0.7407883236290305,0.3312383010274114
00-0030414,2013,RB,194,6,21.0,1.0,1.0,1.0,2013,5,0.19312731447084977,0.5431794335832708,0.3877485322410071
00-0030105,2013,WR,195,6,22.0,0.0,0.0,0.0,2013,5,0.16032861728320483,0.6589578539737168,0.34877088515935245
00-0030290,2013,WR,197,6,22.0,0.0,0.0,1.0,2013,5,0.15914698327540316,0.6549311292394683,0.34695818634049114
00-0030107,2013,RB,199,6,22.0,1.0,3.0,1.0,2013,5,0.17413878902517702,0.6333935567902352,0.34865465394263284
00-0030108,2013,TE,201,6,23.0,0.0,0.0,1.0,2013,5,0.10560855344669988,0.7498790120173439,0.2225973547059189
00-0030516,2013,WR,209,7,23.0,0.0,0.0,1.0,2013,5,0.11407788839874285,0.6917106392279733,0.23201857794345943
00-0030110,2013,TE,211,7,22.0,0.0,0.0,1.0,2013,5,0.08753055390023706,0.6056303950140455,0.18101013309416084
00-0030112,2013,RB,215,7,22.0,0.0,0.0,0.0,2013,5,0.1309420061569186,0.5642193052180572,0.24729285082726576
00-0030113,2013,WR,216,7,24.0,0.0,0.0,1.0,2013,5,0.10219545817585166,0.7631595617927431,0.20331658685759615
00-0030291,2013,TE,219,7,24.0,0.0,0.0,0.0,2013,5,0.07026955328126018,0.7669476548638418,0.14087807576084108
00-0030292,2013,QB,221,7,25.0,0.0,0.0,0.0,2013,5,0.12410835432573152,0.7490869893717086,0.20157255607727015
00-0030049,2013,TE,222,7,23.0,0.0,0.0,1.0,2013,5,0.07547842941051873,0.6777237442064452,0.1549262818699643
00-0030116,2013,WR,224,7,23.0,0.0,0.0,1.0,2013,5,0.10817243061374752,0.6652467370432725,0.22363996084618826
00-0030415,2013,RB,228,7,21.0,0.0,0.0,0.0,2013,5,0.13339477841927935,0.4335409529223902,0.26305359620386465
00-0030117,2013,RB,230,7,22.0,0.0,0.0,1.0,2013,5,0.12162817263306792,0.5340562329381914,0.23587581851253367
00-0030394,2013,QB,234,7,23.0,0.0,0.0,0.0,2013,5,0.14042595409908112,0.5398149920527068,0.24399791455541664
00-0030047,2013,WR,236,7,20.0,0.0,0.0,1.0,2013,5,0.13355509829822243,0.3399487448037297,0.315468784389489
00-0030120,2013,QB,237,7,24.0,0.0,0.0,1.0,2013,5,0.12817088483145017,0.6360102360245423,0.21692494311387697
00-0029896,2013,WR,238,7,23.0,0.0,0.0,0.0,2013,5,0.10322905662814168,0.6412079531152325,0.21655552686618454
00-0030569,2013,QB,249,7,23.0,0.0,0.0,1.0,2013,5,0.13431359619436847,0.5141124719757328,0.2369390495783382
00-0030128,2013,RB,253,7,24.0,0.0,0.0,1.0,2013,5,0.09226955200462497,0.6907188443221653,0.18367345436874863
00-0030129,2013,TE,254,7,22.0,0.0,0.0,1.0,2013,5,0.07001945189280283,0.5111760878871047,0.15505654334930627
00-0031407,2014,QB,3,1,22.0,1.0,1.0,1.0,2014,1,0.7568922302680076,0.980398811465978,0.7568922302680076
00-0031325,2014,WR,4,1,21.0,1.0,1.0,1.0,2014,1,0.8033368904226722,0.9986350936154067,0.8033368904226722
00-0031408,2014,WR,7,1,21.0,1.0,1.0,1.0,2014,1,0.7378365433847939,0.9969381526638733,0.7378365433847939
00-0031387,2014,TE,10,1,21.0,0.0,0.0,1.0,2014,1,0.5121219902721347,0.9916281390921279,0.5121219902721347
00-0031235,2014,WR,12,1,21.0,1.0,1.0,1.0,2014,1,0.6628346717052743,0.993346049057635,0.6628346717052743
00-0031236,2014,WR,20,1,20.0,1.0,1.0,1.0,2014,1,0.6044700165932481,0.9846148723022473,0.6044700165932481
00-0031409,2014,QB,22,1,21.0,0.0,0.0,1.0,2014,1,0.543684500014624,0.8900523864089496,0.543684500014624
00-0031359,2014,WR,28,1,23.0,1.0,1.0,1.0,2014,1,0.4838741223676045,0.9819425351296305,0.4838741223676045
00-0031237,2014,QB,32,1,21.0,1.0,1.0,1.0,2014,1,0.49448962554712306,0.8543469134092913,0.49448962554712306
00-0031280,2014,QB,36,2,23.0,1.0,1.0,1.0,2014,1,0.33340583623285047,0.844377213562102,0.33340583623285047
00-0031418,2014,TE,38,2,21.0,0.0,0.0,1.0,2014,1,0.2517314305576129,0.9575323596945494,0.2517314305576129
00-0031431,2014,WR,39,2,22.0,0.0,0.0,1.0,2014,1,0.34768747327172456,0.9614313099378997,0.34768747327172456
00-0031299,2014,WR,42,2,22.0,1.0,1.0,1.0,2014,1,0.3365844812166867,0.9572528643274052,0.3365844812166867
00-0031257,2014,WR,45,2,22.0,0.0,0.0,1.0,2014,1,0.32640724933937315,0.9529767714543365,0.32640724933937315
00-0031042,2014,TE,49,2,22.0,0.0,0.0,1.0,2014,1,0.21215462323190168,0.949996490944434,0.21215462323190168
00-0031044,2014,TE,52,2,21.0,0.0,0.0,1.0,2014,1,0.22180646642193366,0.9410954696789878,0.22180646642193366
00-0031381,2014,WR,53,2,21.0,0.0,0.0,1.0,2014,1,0.3218717484496463,0.9348833561638903,0.3218717484496463
00-0031413,2014,RB,54,2,21.0,0.0,0.0,1.0,2014,1,0.43492837608258506,0.8961234603267715,0.43492837608258506
00-0031301,2014,RB,55,2,21.0,1.0,1.0,1.0,2014,1,0.43258127410858727,0.8944918320248945,0.43258127410858727
00-0031344,2014,WR,56,2,21.0,0.0,0.0,1.0,2014,1,0.313924378219279,0.9298627496568522,0.313924378219279
00-0031045,2014,RB,57,2,23.0,0.0,0.0,1.0,2014,1,0.38547489716594846,0.9104815797754351,0.38547489716594846
00-0031428,2014,WR,61,2,21.0,1.0,1.0,1.0,2014,1,0.30179462238882243,0.9213514487099095,0.30179462238882243
00-0031345,2014,QB,62,2,22.0,0.0,0.0,1.0,2014,1,0.2909569283835077,0.7532055674201017,0.2909569283835077
00-0031382,2014,WR,63,2,21.0,1.0,1.0,1.0,2014,1,0.29728875739230737,0.9179021087121928,0.29728875739230737
00-0031302,2014,TE,65,3,22.0,0.0,0.0,1.0,2014,1,0.13082745885688077,0.919930280518627,0.13082745885688077
00-0031390,2014,RB,69,3,23.0,0.0,0.0,1.0,2014,1,0.26929324340003125,0.8749720935087119,0.26929324340003125
00-0031391,2014,RB,75,3,21.0,1.0,1.0,1.0,2014,1,0.29625580410218416,0.8389726673237192,0.29625580410218416
00-0030990,2014,WR,86,3,22.0,0.0,0.0,1.0,2014,1,0.16966960639300652,0.8675282857657676,0.16966960639300652
00-0031339,2014,WR,90,3,21.0,0.0,0.0,1.0,2014,1,0.17799193233496138,0.8462558456852287,0.17799193233496138
00-0031051,2014,WR,91,3,24.0,1.0,1.0,1.0,2014,1,0.14160358570739354,0.8822037280901425,0.14160358570739354
00-0031375,2014,RB,94,3,23.0,1.0,1.0,1.0,2014,1,0.23880621143714773,0.8392057014984059,0.23880621143714773
00-0031376,2014,RB,96,3,22.0,0.0,0.0,1.0,2014,1,0.25313190758015275,0.8211829955137445,0.25313190758015275
00-0031392,2014,WR,97,3,23.0,0.0,0.0,1.0,2014,1,0.1472521833643069,0.8597378730407933,0.1472521833643069
00-0031384,2014,TE,98,3,22.0,0.0,0.0,1.0,2014,1,0.10806526394909179,0.8797917210038916,0.10806526394909179
00-0030992,2014,TE,99,3,22.0,0.0,0.0,1.0,2014,1,0.10754917370489207,0.8786074752219377,0.10754917370489207
00-0031285,2014,RB,103,4,22.0,0.0,0.0,1.0,2014,1,0.17494641531244662,0.7798842411810478,0.17494641531244662
00-0031053,2014,WR,104,4,21.0,0.0,0.0,1.0,2014,1,0.11318686100235525,0.7864629615903344,0.11318686100235525
00-0031326,2014,WR,106,4,23.0,0.0,0.0,1.0,2014,1,0.09554641425595002,0.8163969229985568,0.09554641425595002
00-0031055,2014,RB,113,4,22.0,1.0,1.0,1.0,2014,1,0.16808995554607312,0.7644236407765926,0.16808995554607312
00-0031056,2014,WR,115,4,23.0,0.0,0.0,0.0,2014,1,0.09096014099024022,0.7980615929833776,0.09096014099024022
00-0031057,2014,RB,117,4,21.0,0.0,0.0,1.0,2014,1,0.17812258568131573,0.7380991102473364,0.17812258568131573
00-0031373,2014,WR,118,4,22.0,1.0,1.0,1.0,2014,1,0.09701079622454517,0.7736420155927102,0.09701079622454517
00-0031260,2014,QB,120,4,23.0,0.0,0.0,1.0,2014,1,0.10054096011366599,0.5672719056344319,0.10054096011366599
00-0031327,2014,WR,123,4,24.0,0.0,0.0,1.0,2014,1,0.08054547767496575,0.7997765647009863,0.08054547767496575
00-0031060,2014,RB,124,4,21.0,0.0,0.0,1.0,2014,1,0.17373541212117716,0.7273037370350175,0.17373541212117716
00-0031062,2014,RB,130,4,22.0,0.0,0.0,1.0,2014,1,0.15812935843059744,0.7396462524531868,0.15812935843059744
00-0031064,2014,QB,135,4,24.0,0.0,0.0,1.0,2014,1,0.08774794147223468,0.56891637607097,0.08774794147223468
00-0031066,2014,RB,138,4,22.0,0.0,0.0,1.0,2014,1,0.15403286344671974,0.7285889938683181,0.15403286344671974
00-0031068,2014,WR,142,5,23.0,0.0,0.0,1.0,2014,1,0.053418810596517874,0.7060935246877051,0.053418810596517874
00-0031310,2014,WR,146,5,23.0,0.0,0.0,1.0,2014,1,0.05249142100006948,0.6976844440111065,0.05249142100006948
00-0031286,2014,TE,155,5,24.0,0.0,0.0,0.0,2014,1,0.03248116732029255,0.7887887102055098,0.03248116732029255
00-0031287,2014,QB,163,5,23.0,0.0,0.0,0.0,2014,1,0.0581527495112256,0.4538275759681877,0.0581527495112256
00-0031288,2014,QB,164,5,23.0,0.0,0.0,0.0,2014,1,0.057976670743272354,0.4525244023170774,0.057976670743272354
00-0031021,2014,WR,176,5,23.0,0.0,0.0,0.0,2014,1,0.04663761324656504,0.6378229732165522,0.04663761324656504
00-0031266,2014,QB,178,6,23.0,0.0,0.0,1.0,2014,1,0.03684676722376023,0.3885215813611764,0.03684676722376023
00-0031075,2014,RB,181,6,23.0,1.0,1.0,1.0,2014,1,0.05746089499366719,0.6113236916874162,0.05746089499366719
00-0031076,2014,QB,183,6,23.0,0.0,0.0,0.0,2014,1,0.03633275329379052,0.3828780726742687,0.03633275329379052
00-0031187,2014,WR,185,6,22.0,0.0,0.0,1.0,2014,1,0.032455200449013406,0.5481453224055308,0.032455200449013406
00-0031078,2014,RB,186,6,23.0,0.0,0.0,0.0,2014,1,0.05669710376235155,0.6051637914878875,0.05669710376235155
00-0031189,2014,WR,189,6,22.0,0.0,0.0,0.0,2014,1,0.03201100918001349,0.5404692208133165,0.03201100918001349
00-0031315,2014,WR,190,6,22.0,0.0,0.0,0.0,2014,1,0.031902337452928455,0.5385724805480552,0.031902337452928455
00-0030998,2014,QB,194,6,23.0,0.0,0.0,0.0,2014,1,0.035272173622425344,0.3710910384304641,0.035272173622425344
00-0031268,2014,WR,196,6,22.0,0.0,0.0,1.0,2014,1,0.031269289115820546,0.5273766633442603,0.031269289115820546
00-0030999,2014,RB,201,6,23.0,0.0,0.0,1.0,2014,1,0.05457511723097873,0.5874537259309384,0.05457511723097873
00-0031190,2014,RB,204,6,23.0,0.0,0.0,0.0,2014,1,0.05417838083637438,0.5840433389417098,0.05417838083637438
00-0031023,2014,WR,209,6,22.0,0.0,0.0,0.0,2014,1,0.029999954415867267,0.504176286559397,0.029999954415867267
nogsis:2014:213,2014,QB,213,6,23.0,0.0,0.0,0.0,2014,1,0.03363636515970788,0.3525441020178669,0.03363636515970788
00-0031395,2014,QB,214,6,23.0,0.0,0.0,0.0,2014,1,0.033556318419757106,0.35162540431420636,0.033556318419757106
00-0031088,2014,TE,217,7,23.0,0.0,0.0,0.0,2014,1,0.012763072015632078,0.6117977611399381,0.012763072015632078
00-0031025,2014,WR,218,7,23.0,0.0,0.0,1.0,2014,1,0.01755466454706476,0.46780986623199666,0.01755466454706476
00-0031243,2014,RB,222,7,22.0,0.0,0.0,1.0,2014,1,0.03740157030231405,0.4896464990748272,0.03740157030231405
00-0031091,2014,RB,227,7,25.0,0.0,0.0,0.0,2014,1,0.028631734283805766,0.5649733415824939,0.028631734283805766
00-0031194,2014,TE,230,7,24.0,0.0,0.0,0.0,2014,1,0.011347718062617558,0.6222120050903818,0.011347718062617558
00-0031001,2014,WR,236,7,23.0,0.0,0.0,1.0,2014,1,0.016666652821001805,0.4393696707102453,0.016666652821001805
00-0031291,2014,WR,239,7,22.0,0.0,0.0,1.0,2014,1,0.01802644056303275,0.40854839537854565,0.01802644056303275
00-0031002,2014,WR,240,7,23.0,0.0,0.0,0.0,2014,1,0.01648427814084949,0.4333891753739359,0.01648427814084949
nogsis:2014:244,2014,WR,244,7,24.0,0.0,0.0,0.0,2014,1,0.014950426832185719,0.45413506353899985,0.014950426832185719
00-0031407,2014,QB,3,1,22.0,1.0,2.0,1.0,2014,2,0.9318326413163992,0.9998839439207206,1.6065174812126148
00-0031325,2014,WR,4,1,21.0,1.0,2.0,1.0,2014,2,0.8968730275663662,0.9999176240142668,1.5359936673569057
00-0031408,2014,WR,7,1,21.0,1.0,2.0,1.0,2014,2,0.8553647815405012,0.9997115303705122,1.4269676608470083
00-0031387,2014,TE,10,1,21.0,1.0,1.0,1.0,2014,2,0.9072998779987145,0.9994792754190795,1.4235901177837171
00-0031235,2014,WR,12,1,21.0,1.0,2.0,1.0,2014,2,0.8031156334103816,0.999035866395101,1.3055613407919338
00-0031236,2014,WR,20,1,20.0,1.0,2.0,1.0,2014,2,0.7521245332180284,0.9964006118125075,1.2052776433382766
00-0031409,2014,QB,22,1,21.0,1.0,1.0,1.0,2014,2,0.754657782305727,0.9908138338078754,1.200041915733478
00-0031359,2014,WR,28,1,23.0,1.0,1.0,1.0,2014,2,0.6703509790150802,0.9954896324186264,1.040345222395487
00-0031237,2014,QB,32,1,21.0,1.0,2.0,1.0,2014,2,0.6968947629882165,0.979965935253588,1.1044962495165953
00-0031280,2014,QB,36,2,23.0,1.0,2.0,1.0,2014,2,0.5618024622558089,0.9810865384796984,0.8099247952354021
00-0031418,2014,TE,38,2,21.0,0.0,0.0,1.0,2014,2,0.5884675701586376,0.9893270334994271,0.8040696193028597
00-0031431,2014,WR,39,2,22.0,0.0,0.0,1.0,2014,2,0.5392147326714134,0.9882810725543651,0.7662871251882308
00-0031299,2014,WR,42,2,22.0,1.0,2.0,1.0,2014,2,0.5265033265820999,0.9861942064329781,0.7488515327830807
00-0031257,2014,WR,45,2,22.0,0.0,0.0,1.0,2014,2,0.5146379851818874,0.9839240690633145,0.7328473822625015
00-0031042,2014,TE,49,2,22.0,0.0,0.0,1.0,2014,2,0.5019141684713044,0.9842698932163624,0.6920609304223734
00-0031044,2014,TE,52,2,21.0,0.0,0.0,1.0,2014,2,0.4987703397432652,0.9787034301046875,0.6934538502039997
00-0031381,2014,WR,53,2,21.0,1.0,1.0,1.0,2014,2,0.5004801061757719,0.9726681766110471,0.7195233906623241
00-0031413,2014,RB,54,2,21.0,0.0,0.0,1.0,2014,2,0.6664347347777496,0.9693409200605597,0.9505688446998887
00-0031301,2014,RB,55,2,21.0,1.0,2.0,1.0,2014,2,0.6622947113913165,0.9680920945253217,0.9450945374588431
00-0031344,2014,WR,56,2,21.0,0.0,0.0,1.0,2014,2,0.4909954378645236,0.9691911853357154,0.7071200343674119
00-0031045,2014,RB,57,2,23.0,0.0,0.0,1.0,2014,2,0.6283565556133601,0.975485665687041,0.8824090346464024
00-0031428,2014,WR,61,2,21.0,1.0,2.0,1.0,2014,2,0.47627861315547737,0.9629273011795668,0.6881611224449471
00-0031345,2014,QB,62,2,22.0,0.0,0.0,1.0,2014,2,0.470613890270186,0.9325060844200967,0.7002876953972618
00-0031382,2014,WR,63,2,21.0,1.0,2.0,1.0,2014,2,0.470736405543873,0.9602595832332551,0.6811083760267883
00-0031302,2014,TE,65,3,22.0,0.0,0.0,1.0,2014,2,0.3319634957581425,0.9695303785360576,0.4312499571830066
00-0031390,2014,RB,69,3,23.0,1.0,1.0,1.0,2014,2,0.4878759073131535,0.9612232670177101,0.6226881542466768
00-0031391,2014,RB,75,3,21.0,1.0,1.0,1.0,2014,2,0.4948369415529508,0.9353342275469446,0.6463368107463423
00-0030990,2014,WR,86,3,22.0,0.0,0.0,1.0,2014,2,0.3168858623902493,0.9320930214254409,0.4271055767215372
00-0031339,2014,WR,90,3,21.0,1.0,1.0,1.0,2014,2,0.3222746986842874,0.9122759027871453,0.43718010719250816
00-0031051,2014,WR,91,3,24.0,1.0,2.0,1.0,2014,2,0.28510328850179956,0.945015022813212,0.3857492243703674
00-0031375,2014,RB,94,3,23.0,1.0,1.0,1.0,2014,2,0.4106306990848002,0.9252501554042207,0.5454197210017789
00-0031376,2014,RB,96,3,22.0,0.0,0.0,1.0,2014,2,0.41908023249827264,0.9082884391893343,0.5613011292928045
00-0031392,2014,WR,97,3,23.0,0.0,0.0,1.0,2014,2,0.28757801729608135,0.9259035531914706,0.3924269810486045
00-0031384,2014,TE,98,3,22.0,1.0,1.0,1.0,2014,2,0.2361503914113966,0.927010191658582,0.32901271945328386
00-0030992,2014,TE,99,3,22.0,0.0,0.0,1.0,2014,2,0.23404015183603624,0.9254585951485923,0.32673302247899155
00-0031285,2014,RB,103,4,22.0,1.0,1.0,1.0,2014,2,0.3147242818145819,0.8899930259194945,0.38529932641053244
00-0031053,2014,WR,104,4,21.0,0.0,0.0,1.0,2014,2,0.22735095224424912,0.8780114567107082,0.28591729133336535
00-0031326,2014,WR,106,4,23.0,0.0,0.0,1.0,2014,2,0.20608638171549565,0.9074169870341602,0.2598373600090187
00-0031055,2014,RB,113,4,22.0,1.0,1.0,1.0,2014,2,0.29486298375982173,0.867903567939278,0.36803599189160696
00-0031056,2014,WR,115,4,23.0,0.0,0.0,0.0,2014,2,0.19704961120473422,0.8908990435951273,0.25154796405619734
00-0031057,2014,RB,117,4,21.0,0.0,0.0,1.0,2014,2,0.2992297599175185,0.8359914538021194,0.37760140340167114
00-0031373,2014,WR,118,4,22.0,1.0,2.0,1.0,2014,2,0.20319037043064914,0.8660595407321563,0.2602597141151961
00-0031260,2014,QB,120,4,23.0,0.0,0.0,1.0,2014,2,0.19039203963612578,0.7891199459766065,0.257269309506318
00-0031327,2014,WR,123,4,24.0,0.0,0.0,1.0,2014,2,0.18134026258251418,0.8933124797420784,0.23425779017219153
00-0031060,2014,RB,124,4,21.0,0.0,0.0,1.0,2014,2,0.28704798920378916,0.8173034728788336,0.36686892293038187
00-0031062,2014,RB,130,4,22.0,1.0,1.0,1.0,2014,2,0.2662585238827957,0.8274646686535735,0.3430632703250085
00-0031064,2014,QB,135,4,24.0,0.0,0.0,1.0,2014,2,0.16867202870283649,0.7767415448762298,0.23267912272713923
00-0031066,2014,RB,138,4,22.0,0.0,0.0,1.0,2014,2,0.2546211114393856,0.807466081215564,0.3328342301301085
00-0031068,2014,WR,142,5,23.0,0.0,0.0,1.0,2014,2,0.12669220240635776,0.8296863309996884,0.15305732461375576
00-0031310,2014,WR,146,5,23.0,0.0,0.0,1.0,2014,2,0.12458925131158438,0.820712396335597,0.15129775849504404
00-0031286,2014,TE,155,5,24.0,0.0,0.0,0.0,2014,2,0.07064863180069214,0.8556002979961065,0.09313691022373406
00-0031287,2014,QB,163,5,23.0,0.0,0.0,0.0,2014,2,0.11247350896653184,0.6522960561073398,0.14724588410376957
00-0031288,2014,QB,164,5,23.0,0.0,0.0,1.0,2014,2,0.11200012240725246,0.6493628240701311,0.14679752297018697
00-0031021,2014,WR,176,5,23.0,0.0,0.0,1.0,2014,2,0.11120897636766942,0.750744829228488,0.1400412613414143
00-0031266,2014,QB,178,6,23.0,0.0,0.0,1.0,2014,2,0.07485049339609443,0.5984960630184545,0.09168749095035758
00-0031075,2014,RB,181,6,23.0,1.0,1.0,1.0,2014,2,0.10290054649099746,0.7133644567983388,0.1222902545998178
00-0031076,2014,QB,183,6,23.0,0.0,0.0,0.0,2014,2,0.07337391744729063,0.5843701907362292,0.09038759889261003
00-0031187,2014,WR,185,6,22.0,0.0,0.0,1.0,2014,2,0.08038953269931665,0.6837377732876252,0.0932203988042641
00-0031078,2014,RB,186,6,23.0,0.0,0.0,0.0,2014,2,0.10038298743611716,0.7006878254909551,0.12039252751646264
00-0031189,2014,WR,189,6,22.0,0.0,0.0,1.0,2014,2,0.07930649201830813,0.6732866384678602,0.09237130033589058
00-0031315,2014,WR,190,6,22.0,0.0,0.0,1.0,2014,2,0.07904137139342908,0.6706812099657689,0.09216321173294797
00-0030998,2014,QB,194,6,23.0,0.0,0.0,0.0,2014,2,0.070350087217439,0.5541746929625699,0.08770585372457965
00-0031268,2014,WR,196,6,22.0,0.0,0.0,1.0,2014,2,0.07749576124698702,0.6551211175222761,0.0909481842710574
00-0030999,2014,RB,201,6,23.0,0.0,0.0,1.0,2014,2,0.09351489625316606,0.6629283599270412,0.11514112922868117
00-0031190,2014,RB,204,6,23.0,0.0,0.0,0.0,2014,2,0.09225185860981344,0.6554528001010987,0.11416279470750144
00-0031023,2014,WR,209,6,22.0,0.0,0.0,1.0,2014,2,0.07439054966605568,0.6219373032670291,0.08849673258673639
nogsis:2014:213,2014,QB,213,6,23.0,0.0,0.0,0.0,2014,2,0.06574891122122692,0.5050927870374624,0.0835706886936424
00-0031395,2014,QB,214,6,23.0,0.0,0.0,0.0,2014,2,0.06552577533491738,0.5026217678130859,0.08336837584598855
00-0031088,2014,TE,217,7,23.0,0.0,0.0,0.0,2014,2,0.024836307762021132,0.6819001333437303,0.03082189618706204
00-0031025,2014,WR,218,7,23.0,0.0,0.0,1.0,2014,2,0.04803274731333115,0.6306243236331487,0.052963283159777975
00-0031243,2014,RB,222,7,22.0,0.0,0.0,1.0,2014,2,0.06319489141288548,0.5580604333470982,0.07457185206041539
00-0031091,2014,RB,227,7,25.0,0.0,0.0,0.0,2014,2,0.05279382365261083,0.6704924804708868,0.06300732268057027
00-0031194,2014,TE,230,7,24.0,0.0,0.0,0.0,2014,2,0.022017334185364345,0.6917011705475229,0.027924020698221565
00-0031001,2014,WR,236,7,23.0,0.0,0.0,1.0,2014,2,0.04559370389523363,0.5883593392733043,0.05116401954074175
00-0031291,2014,WR,239,7,22.0,0.0,0.0,1.0,2014,2,0.047701613956461775,0.5382196829283498,0.0534681175700515
00-0031002,2014,WR,240,7,23.0,0.0,0.0,0.0,2014,2,0.04509235600038278,0.5792122093311793,0.05079210612261862
nogsis:2014:244,2014,WR,244,7,24.0,0.0,0.0,0.0,2014,2,0.04227341725335914,0.6125944442841107,0.047992627665375695
00-0031407,2014,QB,3,1,22.0,1.0,3.0,1.0,2014,3,0.9627900143670758,0.9998490608084547,2.281018625326235
00-0031325,2014,WR,4,1,21.0,1.0,2.0,1.0,2014,3,0.9595077544922247,0.9998969789849866,2.361748150307486
00-0031408,2014,WR,7,1,21.0,1.0,3.0,1.0,2014,3,0.9335897401865609,0.999657500311181,2.219772610038366
00-0031387,2014,TE,10,1,21.0,1.0,2.0,1.0,2014,3,0.9624064226734629,0.9993717184251226,2.235692722416801
00-0031235,2014,WR,12,1,21.0,1.0,3.0,1.0,2014,3,0.8947587742528703,0.9989112031436116,2.0640068035490104
00-0031236,2014,WR,20,1,20.0,1.0,3.0,1.0,2014,3,0.8497653445391327,0.9960106287239424,1.9564001439658916
00-0031409,2014,QB,22,1,21.0,1.0,1.0,1.0,2014,3,0.8141227328290989,0.9903257821943896,1.7536164614138035
00-0031359,2014,WR,28,1,23.0,1.0,2.0,1.0,2014,3,0.7705880303028214,0.995555444810927,1.6747685422828678
00-0031237,2014,QB,32,1,21.0,1.0,2.0,1.0,2014,3,0.7558389527157061,0.9798237838418706,1.630025610494191
00-0031280,2014,QB,36,2,23.0,1.0,3.0,1.0,2014,3,0.6406102297182905,0.9822678935468089,1.1483485167168808
00-0031418,2014,TE,38,2,21.0,0.0,0.0,1.0,2014,3,0.739977670729236,0.9886019455644932,1.3495552949727792
00-0031431,2014,WR,39,2,22.0,1.0,1.0,1.0,2014,3,0.6607800606417349,0.9884815852386031,1.2825101124661131
00-0031299,2014,WR,42,2,22.0,1.0,3.0,1.0,2014,3,0.6451137280223675,0.9865216725782355,1.2575818703082597
00-0031257,2014,WR,45,2,22.0,0.0,0.0,1.0,2014,3,0.630242794873601,0.9844031177537529,1.2345364292357126
00-0031042,2014,TE,49,2,22.0,0.0,0.0,1.0,2014,3,0.6494182066257495,0.9840426553811111,1.1676825651164588
00-0031044,2014,TE,52,2,21.0,0.0,0.0,1.0,2014,3,0.6459611831385065,0.9778937043917373,1.1894121119401
00-0031381,2014,WR,53,2,21.0,1.0,2.0,1.0,2014,3,0.6105577080235031,0.9731161407810562,1.2350254704776435
00-0031413,2014,RB,54,2,21.0,0.0,0.0,1.0,2014,3,0.7097556761431144,0.9662811853814165,1.4663162437514663
00-0031301,2014,RB,55,2,21.0,1.0,3.0,1.0,2014,3,0.704999855611642,0.9649838538555097,1.4579745048790373
00-0031344,2014,WR,56,2,21.0,0.0,0.0,1.0,2014,3,0.5982757998341822,0.9698441347609874,1.2167283412274985
00-0031045,2014,RB,57,2,23.0,1.0,1.0,1.0,2014,3,0.6656033006936803,0.9746549082895661,1.3270265395443017
00-0031428,2014,WR,61,2,21.0,1.0,3.0,1.0,2014,3,0.5789570491615048,0.9639845504240488,1.1885346895421545
00-0031345,2014,QB,62,2,22.0,0.0,0.0,1.0,2014,3,0.5358402142868085,0.9386560584713771,1.0312425423860234
00-0031382,2014,WR,63,2,21.0,1.0,3.0,1.0,2014,3,0.5716028865972511,0.9615008193339378,1.1779743995966918
00-0031302,2014,TE,65,3,22.0,1.0,1.0,1.0,2014,3,0.47782836890388297,0.9698777206985927,0.7529609689772103
00-0031390,2014,RB,69,3,23.0,1.0,1.0,1.0,2014,3,0.5360287077384447,0.960801864887102,0.9300510731588842
00-0031391,2014,RB,75,3,21.0,1.0,1.0,1.0,2014,3,0.5444051024290595,0.9316410540321653,0.9969216195831745
00-0030990,2014,WR,86,3,22.0,0.0,0.0,1.0,2014,3,0.4071391746635909,0.9376735002501392,0.7501609918494021
00-0031339,2014,WR,90,3,21.0,1.0,1.0,1.0,2014,3,0.4135872097459273,0.9174921087824872,0.7802075079329271
00-0031051,2014,WR,91,3,24.0,1.0,2.0,1.0,2014,3,0.3620073853573783,0.9525278654607614,0.6587786856963282
00-0031375,2014,RB,94,3,23.0,1.0,2.0,1.0,2014,3,0.43959970613479044,0.9269223144738771,0.8130348561010161
00-0031376,2014,RB,96,3,22.0,1.0,1.0,1.0,2014,3,0.4501453922772823,0.9081153302438253,0.8512598789928189
00-0031392,2014,WR,97,3,23.0,0.0,0.0,1.0,2014,3,0.3642024771378134,0.9344550460699514,0.6813967949242028
00-0031384,2014,TE,98,3,22.0,1.0,1.0,1.0,2014,3,0.33835703402383427,0.9302500117017688,0.5953910753127669
00-0030992,2014,TE,99,3,22.0,0.0,0.0,1.0,2014,3,0.3351434825727619,0.9288226137264743,0.5918106756467819
00-0031285,2014,RB,103,4,22.0,1.0,2.0,1.0,2014,3,0.3559511909450279,0.8906697685698737,0.5814423658843528
00-0031053,2014,WR,104,4,21.0,0.0,0.0,1.0,2014,3,0.31242198565914836,0.8864556892377363,0.5215819444802926
00-0031326,2014,WR,106,4,23.0,0.0,0.0,1.0,2014,3,0.27994712764126134,0.9185973506687154,0.4594328714502749
00-0031055,2014,RB,113,4,22.0,1.0,1.0,1.0,2014,3,0.3298189202432407,0.8699108950295711,0.5551036546069464
00-0031056,2014,WR,115,4,23.0,0.0,0.0,0.0,2014,3,0.2648799132543521,0.9045178357478402,0.4455035251362231
00-0031057,2014,RB,117,4,21.0,0.0,0.0,1.0,2014,3,0.3354814483563608,0.8349882735090176,0.5804443342987291
00-0031373,2014,WR,118,4,22.0,1.0,2.0,1.0,2014,3,0.2737420819955819,0.8795862060004769,0.468627548588038
00-0031260,2014,QB,120,4,23.0,0.0,0.0,1.0,2014,3,0.24111217934707263,0.8222745290131815,0.381676187006617
00-0031327,2014,WR,123,4,24.0,0.0,0.0,1.0,2014,3,0.24002004216530926,0.909596065635589,0.4087375788685286
00-0031060,2014,RB,124,4,21.0,0.0,0.0,1.0,2014,3,0.31945969568886173,0.8172148020652341,0.5638335851457731
00-0031062,2014,RB,130,4,22.0,1.0,2.0,1.0,2014,3,0.29224829802358687,0.8322360955602567,0.517010295435081
00-0031064,2014,QB,135,4,24.0,0.0,0.0,1.0,2014,3,0.2100303167563489,0.8178841097748786,0.3413618512932845
00-0031066,2014,RB,138,4,22.0,0.0,0.0,1.0,2014,3,0.2770249127201494,0.8137121760874076,0.5014105117352989
00-0031068,2014,WR,142,5,23.0,0.0,0.0,1.0,2014,3,0.17912407244637096,0.8522508793905236,0.2766069798688269
00-0031310,2014,WR,146,5,23.0,0.0,0.0,1.0,2014,3,0.17534469836256508,0.8445813260189527,0.27351912554272784
00-0031286,2014,TE,155,5,24.0,0.0,0.0,0.0,2014,3,0.11224340486443035,0.87315454562237,0.17478257411016707
00-0031287,2014,QB,163,5,23.0,0.0,0.0,0.0,2014,3,0.14994857909908,0.7066263224986904,0.2235423593074422
00-0031288,2014,QB,164,5,23.0,0.0,0.0,1.0,2014,3,0.14922798053189532,0.7040966070833725,0.2229689542906511
00-0031021,2014,WR,176,5,23.0,0.0,0.0,1.0,2014,3,0.15154051985139325,0.7843950977729537,0.253582319341523
00-0031266,2014,QB,178,6,23.0,0.0,0.0,1.0,2014,3,0.10704308956851791,0.6593904695382559,0.1404913845568544
00-0031075,2014,RB,181,6,23.0,1.0,1.0,1.0,2014,3,0.12158434311590803,0.7338944410824627,0.17786747026662247
00-0031076,2014,QB,183,6,23.0,0.0,0.0,1.0,2014,3,0.10461528805573733,0.6469013687846038,0.13882158366117858
00-0031187,2014,WR,185,6,22.0,0.0,0.0,1.0,2014,3,0.11869943237327617,0.7183835362943605,0.17475350881615248
00-0031078,2014,RB,186,6,23.0,0.0,0.0,0.0,2014,3,0.1179869858218113,0.7224026311290881,0.17506042943297603
00-0031189,2014,WR,189,6,22.0,0.0,0.0,1.0,2014,3,0.11662745570284,0.7089990150817362,0.17318956149256506
00-0031315,2014,WR,190,6,22.0,0.0,0.0,1.0,2014,3,0.11612116418360173,0.7066557649764393,0.17280587339593195
00-0030998,2014,QB,194,6,23.0,0.0,0.0,0.0,2014,3,0.09965845433600555,0.6199359938772396,0.135365182533741
00-0031268,2014,WR,196,6,22.0,0.0,0.0,1.0,2014,3,0.11317689436836369,0.6926293826073264,0.1705622807139789
00-0030999,2014,RB,201,6,23.0,0.0,0.0,1.0,2014,3,0.10824951733231512,0.6880795653155614,0.16729666369639642
00-0031190,2014,RB,204,6,23.0,0.0,0.0,0.0,2014,3,0.10647175094971958,0.6812646255780573,0.1658509248300838
00-0031023,2014,WR,209,6,22.0,1.0,1.0,1.0,2014,3,0.10730107480244826,0.6625216586720852,0.1660186764796959
nogsis:2014:213,2014,QB,213,6,23.0,0.0,0.0,0.0,2014,3,0.0921585167827173,0.5752557710679391,0.13000389224615197
00-0031395,2014,QB,214,6,23.0,0.0,0.0,0.0,2014,3,0.09179622059126803,0.5729765743080228,0.129740571673245
00-0031088,2014,TE,217,7,23.0,0.0,0.0,0.0,2014,3,0.043715408443343956,0.7141563785829727,0.061673871887065496
00-0031025,2014,WR,218,7,23.0,0.0,0.0,1.0,2014,3,0.07365992413185926,0.6781760403236148,0.09947236115752456
00-0031243,2014,RB,222,7,22.0,0.0,0.0,1.0,2014,3,0.07806869894290977,0.5821233880037758,0.10961327898581413
00-0031091,2014,RB,227,7,25.0,0.0,0.0,0.0,2014,3,0.06273966039471528,0.7105366050512973,0.08731199902230838
00-0031194,2014,TE,230,7,24.0,0.0,0.0,0.0,2014,3,0.03780132418056098,0.7301555505200986,0.055168078172970925
00-0031001,2014,WR,236,7,23.0,0.0,0.0,1.0,2014,3,0.06876580971301986,0.6399286723304651,0.09611625828880793
00-0031291,2014,WR,239,7,22.0,0.0,0.0,1.0,2014,3,0.07252571044838961,0.5849874610231536,0.10212597239473382
00-0031002,2014,WR,240,7,23.0,0.0,0.0,0.0,2014,3,0.06776840139102595,0.6315721352653414,0.09542010340564688
nogsis:2014:244,2014,WR,244,7,24.0,0.0,0.0,0.0,2014,3,0.06262183152206045,0.6699871783318854,0.0887063429063524
00-0031407,2014,QB,3,1,22.0,1.0,4.0,1.0,2014,4,0.9703733602149222,0.9998671287671221,2.99425644243363
00-0031325,2014,WR,4,1,21.0,1.0,3.0,1.0,2014,4,0.9550875049935845,0.9998826090323093,3.201304489290643
00-0031408,2014,WR,7,1,21.0,1.0,4.0,1.0,2014,4,0.9285724060647167,0.9996109381331267,2.9988393260764292
00-0031387,2014,TE,10,1,21.0,1.0,3.0,1.0,2014,4,0.9637289772876094,0.9995940714917718,3.0820002380031477
00-0031235,2014,WR,12,1,21.0,1.0,3.0,1.0,2014,4,0.8900227743485538,0.9987669641272091,2.7697594877606595
00-0031236,2014,WR,20,1,20.0,1.0,4.0,1.0,2014,4,0.8445093499725987,0.9952181709025161,2.6073762824925275
00-0031409,2014,QB,22,1,21.0,1.0,1.0,1.0,2014,4,0.852878740953158,0.9902378450674941,2.273755856217504
00-0031359,2014,WR,28,1,23.0,1.0,3.0,1.0,2014,4,0.776439731521588,0.9955580824601055,2.1766342456492795
00-0031237,2014,QB,32,1,21.0,1.0,2.0,1.0,2014,4,0.8056875611179432,0.9793537948420441,2.103843848346578
00-0031280,2014,QB,36,2,23.0,1.0,4.0,1.0,2014,4,0.7229074910265494,0.9837546462402075,1.5002261290906573
00-0031418,2014,TE,38,2,21.0,1.0,1.0,1.0,2014,4,0.752563988010688,0.9909796832345331,1.8557990424855888
00-0031431,2014,WR,39,2,22.0,1.0,2.0,1.0,2014,4,0.6785100792048517,0.9877634498277612,1.708145467878607
00-0031299,2014,WR,42,2,22.0,1.0,3.0,1.0,2014,4,0.6641320731934846,0.9856888622594132,1.669600260230261
00-0031257,2014,WR,45,2,22.0,1.0,1.0,1.0,2014,4,0.6504666621198489,0.9834477781253727,1.6339666756113362
00-0031042,2014,TE,49,2,22.0,0.0,0.0,1.0,2014,4,0.6677712245423333,0.987639216255567,1.5738349791186372
00-0031044,2014,TE,52,2,21.0,0.0,0.0,1.0,2014,4,0.6600468121687031,0.9816490341603064,1.6106124405111741
00-0031381,2014,WR,53,2,21.0,1.0,3.0,1.0,2014,4,0.6289254764528194,0.9697989765106343,1.6347128131774369
00-0031413,2014,RB,54,2,21.0,0.0,0.0,1.0,2014,4,0.7258495047320984,0.962056078058203,1.8712360517982063
00-0031301,2014,RB,55,2,21.0,1.0,3.0,1.0,2014,4,0.7214936649033344,0.960631294976748,1.858230192441546
00-0031344,2014,WR,56,2,21.0,0.0,0.0,1.0,2014,4,0.6175567313623165,0.9661471945330239,1.606407545196327
00-0031045,2014,RB,57,2,23.0,1.0,2.0,1.0,2014,4,0.6918226046056379,0.9746615905660261,1.6618776598808824
00-0031428,2014,WR,61,2,21.0,1.0,3.0,1.0,2014,4,0.5996442212982026,0.9596174096807115,1.562805812048524
00-0031345,2014,QB,62,2,22.0,1.0,1.0,1.0,2014,4,0.6278782806587345,0.9391145934097912,1.3525279108351522
00-0031382,2014,WR,63,2,21.0,1.0,4.0,1.0,2014,4,0.5928145544938662,0.9568533142712818,1.5464816413334734
00-0031302,2014,TE,65,3,22.0,1.0,1.0,1.0,2014,4,0.5091627656296341,0.9755364699384814,1.0462036587157844
00-0031390,2014,RB,69,3,23.0,1.0,1.0,1.0,2014,4,0.5804748337981701,0.9609795323113507,1.1853634760162306
00-0031391,2014,RB,75,3,21.0,1.0,1.0,1.0,2014,4,0.5809235120267487,0.9241303400097475,1.2813499184643087
00-0030990,2014,WR,86,3,22.0,0.0,0.0,1.0,2014,4,0.44877932559346967,0.9340587225409046,1.0038049074837678
00-0031339,2014,WR,90,3,21.0,1.0,1.0,1.0,2014,4,0.45136184795618817,0.9079214416072899,1.0518664419977775
00-0031051,2014,WR,91,3,24.0,1.0,2.0,1.0,2014,4,0.41189732222698794,0.955192377829998,0.860632814406086
00-0031375,2014,RB,94,3,23.0,1.0,2.0,1.0,2014,4,0.4894211190444393,0.9280931172812906,1.011866202792819
00-0031376,2014,RB,96,3,22.0,1.0,2.0,1.0,2014,4,0.4957747659168009,0.9045530631749047,1.0648970266573814
00-0031392,2014,WR,97,3,23.0,0.0,0.0,1.0,2014,4,0.4105082840972851,0.9344957818081411,0.8956774820543297
00-0031384,2014,TE,98,3,22.0,1.0,1.0,1.0,2014,4,0.3656629625950538,0.9395599497876529,0.8054674228412431
00-0030992,2014,TE,99,3,22.0,0.0,0.0,1.0,2014,4,0.3622998497533761,0.9382235388150446,0.800066981589447
00-0031285,2014,RB,103,4,22.0,1.0,3.0,1.0,2014,4,0.4115462570016202,0.8864659760047622,0.754510089253626
00-0031053,2014,WR,104,4,21.0,0.0,0.0,1.0,2014,4,0.359061805475134,0.8734946188428505,0.7417902745034524
00-0031326,2014,WR,106,4,23.0,0.0,0.0,1.0,2014,4,0.3324740668179796,0.9184305635981411,0.635453420887373
00-0031055,2014,RB,113,4,22.0,1.0,1.0,1.0,2014,4,0.38519051026735923,0.8654731138468869,0.7145442880313577
00-0031056,2014,WR,115,4,23.0,0.0,0.0,0.0,2014,4,0.31676452906892294,0.9043639688986506,0.612565712664288
00-0031057,2014,RB,117,4,21.0,0.0,0.0,1.0,2014,4,0.38735209011612065,0.8211158184320305,0.7511268129098273
00-0031373,2014,WR,118,4,22.0,1.0,3.0,1.0,2014,4,0.322804317954184,0.8728764896807067,0.6517286960360862
00-0031260,2014,QB,120,4,23.0,0.0,0.0,1.0,2014,4,0.34701828701876636,0.8274957352402403,0.5571795917351136
00-0031327,2014,WR,123,4,24.0,0.0,0.0,1.0,2014,4,0.29354354143621497,0.9143188241304171,0.552112759263565
00-0031060,2014,RB,124,4,21.0,0.0,0.0,1.0,2014,4,0.37111480009733244,0.802580118292408,0.7258768272630128
00-0031062,2014,RB,130,4,22.0,1.0,3.0,1.0,2014,4,0.34661637667092265,0.8275910196299067,0.6574462009492341
00-0031064,2014,QB,135,4,24.0,0.0,0.0,1.0,2014,4,0.31261285769915786,0.8311714099289975,0.4916856039960107
00-0031066,2014,RB,138,4,22.0,0.0,0.0,1.0,2014,4,0.33074002659393814,0.8090509325600925,0.6343178707315985
00-0031068,2014,WR,142,5,23.0,1.0,1.0,1.0,2014,4,0.22947721733691034,0.8517462112073321,0.4017024051110186
00-0031310,2014,WR,146,5,23.0,0.0,0.0,1.0,2014,4,0.22518628244718186,0.8440753592720289,0.39627981032124815
00-0031286,2014,TE,155,5,24.0,0.0,0.0,0.0,2014,4,0.13919654767195463,0.8936273390934525,0.2533026587843561
00-0031287,2014,QB,163,5,23.0,0.0,0.0,0.0,2014,4,0.23808291107701524,0.7109651629086139,0.35516563807584356
00-0031288,2014,QB,164,5,23.0,0.0,0.0,1.0,2014,4,0.23709199720696464,0.7084089763022823,0.35423171028964695
00-0031021,2014,WR,176,5,23.0,0.0,0.0,1.0,2014,4,0.19781079303078156,0.7839174771156415,0.36156139856900554
00-0031266,2014,QB,178,6,23.0,0.0,0.0,1.0,2014,4,0.18256248241927844,0.6625867177014866,0.24756810237157936
00-0031075,2014,RB,181,6,23.0,1.0,1.0,1.0,2014,4,0.16917260276697813,0.7405103911252089,0.24342228878696098
00-0031076,2014,QB,183,6,23.0,0.0,0.0,1.0,2014,4,0.17889387383903702,0.6499109530468951,0.2444962354673687
00-0031187,2014,WR,185,6,22.0,0.0,0.0,1.0,2014,4,0.1610276254124247,0.7048048765852294,0.2758359177582102
00-0031078,2014,RB,186,6,23.0,0.0,0.0,0.0,2014,4,0.16467441947555073,0.7294195836876751,0.23887355677150804
00-0031189,2014,WR,189,6,22.0,0.0,0.0,1.0,2014,4,0.15850243965040176,0.6951847998072814,0.272771317687707
00-0031315,2014,WR,190,6,22.0,0.0,0.0,1.0,2014,4,0.15788445786642683,0.6927846892395298,0.2720203851776374
00-0030998,2014,QB,194,6,23.0,0.0,0.0,0.0,2014,4,0.1713530076280627,0.6225155983116548,0.23813986773819928
00-0031268,2014,WR,196,6,22.0,0.0,0.0,1.0,2014,4,0.1542832072953377,0.6784342022058086,0.2676366776271795
00-0030999,2014,RB,201,6,23.0,0.0,0.0,1.0,2014,4,0.15239711925255453,0.6962719008718181,0.22637974049612358
00-0031190,2014,RB,204,6,23.0,0.0,0.0,0.0,2014,4,0.15013918489983336,0.6896853003741488,0.22406758455307976
00-0031023,2014,WR,209,6,22.0,1.0,1.0,1.0,2014,4,0.14705743934503612,0.6477239594459011,0.2587982810598958
nogsis:2014:213,2014,QB,213,6,23.0,0.0,0.0,0.0,2014,4,0.159810697224825,0.5770579036070953,0.22828737223253392
00-0031395,2014,QB,214,6,23.0,0.0,0.0,0.0,2014,4,0.1592489951294325,0.5747373273224949,0.22780371282608514
00-0031088,2014,TE,217,7,23.0,0.0,0.0,0.0,2014,4,0.0591173774168726,0.7306894290409002,0.10638544796232155
00-0031025,2014,WR,218,7,23.0,0.0,0.0,1.0,2014,4,0.10885569523447866,0.6763381683051005,0.16677057277891394
00-0031243,2014,RB,222,7,22.0,0.0,0.0,1.0,2014,4,0.1150055231670727,0.5769826396682347,0.1604012196173731
00-0031091,2014,RB,227,7,25.0,0.0,0.0,0.0,2014,4,0.09812071801612521,0.7424113883315406,0.12143107216800089
00-0031194,2014,TE,230,7,24.0,0.0,0.0,0.0,2014,4,0.052105979528134644,0.7557510097198263,0.09174302833692896
00-0031001,2014,WR,236,7,23.0,0.0,0.0,1.0,2014,4,0.10227013329520812,0.6380897206835614,0.1596717405095519
00-0031291,2014,WR,239,7,22.0,0.0,0.0,1.0,2014,4,0.10593561314247628,0.5683531697147743,0.17412146628736605
00-0031002,2014,WR,240,7,23.0,0.0,0.0,0.0,2014,4,0.10092111471958722,0.6297367493370453,0.15820749531160713
nogsis:2014:244,2014,WR,244,7,24.0,0.0,0.0,0.0,2014,4,0.09517873476016755,0.6814801269288981,0.14297424414409626
00-0031407,2014,QB,3,1,22.0,1.0,5.0,1.0,2014,5,0.9703015729360959,0.9997644135049445,3.7130772533700154
00-0031325,2014,WR,4,1,21.0,1.0,4.0,1.0,2014,5,0.9625702009532988,0.9998000574707693,3.8655762479429225
00-0031408,2014,WR,7,1,21.0,1.0,5.0,1.0,2014,5,0.9366942676673814,0.9993831910901565,3.581562174555644
00-0031387,2014,TE,10,1,21.0,1.0,4.0,1.0,2014,5,0.9642834923659422,0.9993723088473119,3.7074183028213605
00-0031235,2014,WR,12,1,21.0,1.0,4.0,1.0,2014,5,0.896783792251688,0.9981760237865592,3.2661953603468037
00-0031236,2014,WR,20,1,20.0,1.0,5.0,1.0,2014,5,0.8528180043743715,0.9930690648645305,3.04639166222791
00-0031409,2014,QB,22,1,21.0,1.0,1.0,1.0,2014,5,0.8466430305333588,0.9868595220823843,2.7070649286479758
00-0031359,2014,WR,28,1,23.0,1.0,3.0,1.0,2014,5,0.7551305385785527,0.9946295477376738,2.483624721626458
00-0031237,2014,QB,32,1,21.0,1.0,2.0,1.0,2014,5,0.7950174590110018,0.973882804030969,2.4756487109512113
00-0031280,2014,QB,36,2,23.0,1.0,5.0,1.0,2014,5,0.7039810580230306,0.9812523280512432,1.7912675537995022
00-0031418,2014,TE,38,2,21.0,1.0,1.0,1.0,2014,5,0.7617904380102651,0.9876086079123516,2.1410757287529023
00-0031431,2014,WR,39,2,22.0,1.0,2.0,1.0,2014,5,0.672409876863901,0.9849184489525041,1.9671367252607728
00-0031299,2014,WR,42,2,22.0,1.0,3.0,1.0,2014,5,0.6560870633314378,0.9825334892047689,1.9187427380184097
00-0031257,2014,WR,45,2,22.0,1.0,1.0,1.0,2014,5,0.6405512361729269,0.9799821932146374,1.8741448597815635
00-0031042,2014,TE,49,2,22.0,0.0,0.0,1.0,2014,5,0.6661772583020331,0.9841957913681242,1.786996536399255
00-0031044,2014,TE,52,2,21.0,0.0,0.0,1.0,2014,5,0.6689459733005073,0.9756287499562294,1.8322542272934577
00-0031381,2014,WR,53,2,21.0,1.0,4.0,1.0,2014,5,0.6261152411390537,0.962672596927251,1.8732886493563594
00-0031413,2014,RB,54,2,21.0,0.0,0.0,1.0,2014,5,0.7559124402449638,0.9584132421497107,2.2337096663750087
00-0031301,2014,RB,55,2,21.0,1.0,3.0,1.0,2014,5,0.7512818288682129,0.9569511175473943,2.2174115292293157
00-0031344,2014,WR,56,2,21.0,0.0,0.0,1.0,2014,5,0.6132992139809232,0.9584773571554208,1.8379011723302139
00-0031045,2014,RB,57,2,23.0,1.0,2.0,1.0,2014,5,0.7022444605844446,0.974765993822364,1.9734974312645948
00-0031428,2014,WR,61,2,21.0,1.0,4.0,1.0,2014,5,0.5930835578554019,0.9510554205499507,1.7835563316163605
00-0031345,2014,QB,62,2,22.0,1.0,1.0,1.0,2014,5,0.6114796251837069,0.932803644694554,1.5922391553053088
00-0031382,2014,WR,63,2,21.0,1.0,5.0,1.0,2014,5,0.5853710425869131,0.9479411317979302,1.763262241809807
00-0031302,2014,TE,65,3,22.0,1.0,1.0,1.0,2014,5,0.5245144501525868,0.9691571341588591,1.2090012049887817
00-0031390,2014,RB,69,3,23.0,1.0,1.0,1.0,2014,5,0.6032751779864471,0.9613815829105751,1.444468883508255
00-0031391,2014,RB,75,3,21.0,1.0,1.0,1.0,2014,5,0.6235667881721426,0.9189271792226228,1.5645553031285346
00-0030990,2014,WR,86,3,22.0,0.0,0.0,1.0,2014,5,0.4399885466743192,0.9257341819074392,1.162072203020657
00-0031339,2014,WR,90,3,21.0,1.0,2.0,1.0,2014,5,0.45347001249292346,0.892829339411067,1.2212215776663902
00-0031051,2014,WR,91,3,24.0,1.0,3.0,1.0,2014,5,0.37849620878264073,0.9539971223399449,0.9910274290303795
00-0031375,2014,RB,94,3,23.0,1.0,2.0,1.0,2014,5,0.49972910429178424,0.9312891918068221,1.2296287159353407
00-0031376,2014,RB,96,3,22.0,1.0,2.0,1.0,2014,5,0.5174321327521939,0.9049823357107762,1.2943368374732866
00-0031392,2014,WR,97,3,23.0,0.0,0.0,1.0,2014,5,0.3870922909892709,0.9303424460249806,1.0313554903435673
00-0031384,2014,TE,98,3,22.0,1.0,1.0,1.0,2014,5,0.37687637991608003,0.9273130960866044,0.9174559630232462
00-0030992,2014,TE,99,3,22.0,0.0,0.0,1.0,2014,5,0.373393092033866,0.9257963831924867,0.9109816379220712
00-0031285,2014,RB,103,4,22.0,1.0,3.0,1.0,2014,5,0.4489004749329092,0.8861274049884363,0.9552282371290921
00-0031053,2014,WR,104,4,21.0,0.0,0.0,1.0,2014,5,0.3755013702735,0.8538522322930546,0.8947343318194039
00-0031326,2014,WR,106,4,23.0,0.0,0.0,1.0,2014,5,0.3259831400265809,0.9129028095723819,0.7583146021659349
00-0031055,2014,RB,113,4,22.0,1.0,1.0,1.0,2014,5,0.41798620159043554,0.8664095444771135,0.9041384868692388
00-0031056,2014,WR,115,4,23.0,0.0,0.0,0.0,2014,5,0.30855063530999666,0.8989393994268251,0.7300640656721922
00-0031057,2014,RB,117,4,21.0,0.0,0.0,1.0,2014,5,0.43073100220955285,0.8160429331739155,0.9528884447634657
00-0031373,2014,WR,118,4,22.0,1.0,3.0,1.0,2014,5,0.32456149692468483,0.8608326969254352,0.7799503780311801
00-0031260,2014,QB,120,4,23.0,0.0,0.0,1.0,2014,5,0.3482810850019303,0.8293068061764096,0.6977665994460052
00-0031327,2014,WR,123,4,24.0,0.0,0.0,1.0,2014,5,0.2743255482271987,0.9138420594741623,0.6553852378121137
00-0031060,2014,RB,124,4,21.0,0.0,0.0,1.0,2014,5,0.4114818875024451,0.7982678600529053,0.920487887925596
00-0031062,2014,RB,130,4,22.0,1.0,4.0,1.0,2014,5,0.37249749213716493,0.8311779437119009,0.8311378374467872
00-0031064,2014,QB,135,4,24.0,0.0,0.0,1.0,2014,5,0.3021577985526806,0.8418490683156539,0.612231033579399
00-0031066,2014,RB,138,4,22.0,0.0,0.0,1.0,2014,5,0.3537305476967244,0.814053715198122,0.8015662600153048
00-0031068,2014,WR,142,5,23.0,1.0,1.0,1.0,2014,5,0.23246719649553976,0.8451583065477678,0.5017475508878019
00-0031310,2014,WR,146,5,23.0,0.0,0.0,1.0,2014,5,0.22760730871374615,0.8376952459787559,0.4948399490669835
00-0031286,2014,TE,155,5,24.0,0.0,0.0,0.0,2014,5,0.15043260361474986,0.8844331074525434,0.3128706087540354
00-0031287,2014,QB,163,5,23.0,0.0,0.0,0.0,2014,5,0.2507894257439176,0.720065378935939,0.46595102013941675
00-0031288,2014,QB,164,5,23.0,0.0,0.0,1.0,2014,5,0.2497080943227998,0.7177559443687838,0.46464132943786707
00-0031021,2014,WR,176,5,23.0,0.0,0.0,1.0,2014,5,0.1967931926514828,0.7798594659094742,0.45065249095196835
00-0031266,2014,QB,178,6,23.0,0.0,0.0,1.0,2014,5,0.20479717882537263,0.6718609351128263,0.34498841150257475
00-0031075,2014,RB,181,6,23.0,1.0,1.0,1.0,2014,5,0.19322131640757095,0.7553330217567767,0.3454350080178597
00-0031076,2014,QB,183,6,23.0,0.0,0.0,1.0,2014,5,0.20057874955894875,0.6603490741181384,0.34039417758535484
00-0031187,2014,WR,185,6,22.0,0.0,0.0,1.0,2014,5,0.17719286397553216,0.6876868312076286,0.3700325346816286
00-0031078,2014,RB,186,6,23.0,0.0,0.0,0.0,2014,5,0.1875135996000291,0.7452957077556919,0.33896827601460916
00-0031189,2014,WR,189,6,22.0,0.0,0.0,1.0,2014,5,0.17413331948807356,0.678361009978809,0.3659032437234024
00-0031315,2014,WR,190,6,22.0,0.0,0.0,1.0,2014,5,0.1733849927023502,0.6760379817167385,0.36489136861741217
00-0030998,2014,QB,194,6,23.0,0.0,0.0,0.0,2014,5,0.19190414058678562,0.6354753684952453,0.33090275967024674
00-0031268,2014,WR,196,6,22.0,0.0,0.0,1.0,2014,5,0.16902765469890935,0.6621775355021028,0.3589839081988381
00-0030999,2014,RB,201,6,23.0,0.0,0.0,1.0,2014,5,0.17198040409359175,0.7152803577820905,0.32119231656916025
00-0031190,2014,RB,204,6,23.0,0.0,0.0,0.0,2014,5,0.16913202454272383,0.7093104907955036,0.31790040240467277
00-0031023,2014,WR,209,6,22.0,1.0,1.0,1.0,2014,5,0.16030413802009733,0.6326700833882037,0.3470709238796885
nogsis:2014:213,2014,QB,213,6,23.0,0.0,0.0,0.0,2014,5,0.17861972921677297,0.5941608391848631,0.316232432757698
00-0031395,2014,QB,214,6,23.0,0.0,0.0,1.0,2014,5,0.17797311247065176,0.5920487084682808,0.3155136063536195
00-0031088,2014,TE,217,7,23.0,0.0,0.0,0.0,2014,5,0.0770809313119105,0.7021666577469708,0.15287593397182123
00-0031025,2014,WR,218,7,23.0,0.0,0.0,1.0,2014,5,0.12171571223633737,0.6696318403549518,0.23809932447607607
00-0031243,2014,RB,222,7,22.0,0.0,0.0,1.0,2014,5,0.14350535447578247,0.5867817818708697,0.24936482413045546
00-0031091,2014,RB,227,7,25.0,0.0,0.0,0.0,2014,5,0.10763708402253569,0.7757583305201613,0.18248985937303597
00-0031194,2014,TE,230,7,24.0,0.0,0.0,0.0,2014,5,0.0649307008663446,0.7391037477174413,0.1297140447961369
00-0031001,2014,WR,236,7,23.0,0.0,0.0,1.0,2014,5,0.1135836834808665,0.6333819800635104,0.22803647649743125
00-0031291,2014,WR,239,7,22.0,0.0,0.0,1.0,2014,5,0.1226393717660451,0.5522840826063248,0.25241612820150006
00-0031002,2014,WR,240,7,23.0,0.0,0.0,0.0,2014,5,0.11192292817414484,0.6254877562539667,0.22595957711031506
nogsis:2014:244,2014,WR,244,7,24.0,0.0,0.0,0.0,2014,5,0.1009213848429715,0.6880530305843581,0.2014394057372092
00-0031503,2015,QB,1,1,21.0,1.0,1.0,1.0,2015,1,0.8651347936229627,0.9934756695593033,0.8651347936229627
00-0032268,2015,QB,2,1,21.0,1.0,1.0,1.0,2015,1,0.8151957904473549,0.9879845110459509,0.8151957904473549
00-0031544,2015,WR,4,1,21.0,1.0,1.0,1.0,2015,1,0.8192353439491105,0.9988242215882249,0.8192353439491105
00-0031545,2015,WR,7,1,23.0,0.0,0.0,0.0,2015,1,0.7250593690047006,0.9976843879767862,0.7250593690047006
00-0032241,2015,RB,10,1,21.0,1.0,1.0,1.0,2015,1,0.7352371732017468,0.985112472041347,0.7352371732017468
00-0031547,2015,WR,14,1,22.0,0.0,0.0,1.0,2015,1,0.6406681392042368,0.9932730791621144,0.6406681392042368
00-0032144,2015,RB,15,1,22.0,0.0,0.0,1.0,2015,1,0.678369488706025,0.979387457522353,0.678369488706025
00-0031549,2015,WR,20,1,22.0,0.0,0.0,1.0,2015,1,0.5831019097033987,0.9887700863803819,0.5831019097033987
00-0032054,2015,WR,26,1,21.0,0.0,0.0,0.0,2015,1,0.5590403702166098,0.9825606726831124,0.5590403702166098
00-0032208,2015,WR,29,1,22.0,0.0,0.0,1.0,2015,1,0.5206488101690969,0.9809095502616058,0.5206488101690969
00-0032209,2015,RB,36,2,21.0,1.0,1.0,1.0,2015,1,0.49059330116969474,0.938747213347917,0.49059330116969474
00-0031934,2015,WR,37,2,23.0,0.0,0.0,1.0,2015,1,0.35270484079799097,0.9690786582346833,0.35270484079799097
00-0032218,2015,WR,40,2,22.0,1.0,1.0,1.0,2015,1,0.35895048975023547,0.9632348914250988,0.35895048975023547
00-0032055,2015,WR,41,2,21.0,1.0,1.0,1.0,2015,1,0.3736897439927482,0.9594494884942187,0.3736897439927482
00-0032104,2015,RB,54,2,22.0,1.0,1.0,1.0,2015,1,0.4224555357374528,0.9167000573860912,0.4224555357374528
00-0031558,2015,TE,55,2,21.0,0.0,0.0,1.0,2015,1,0.2003414031235695,0.9439210791520029,0.2003414031235695
00-0032256,2015,TE,68,3,23.0,0.0,0.0,1.0,2015,1,0.11036771788881207,0.9247679386190704,0.11036771788881207
00-0032211,2015,WR,69,3,22.0,1.0,1.0,1.0,2015,1,0.1986595302013816,0.9061943294157284,0.1986595302013816
00-0031560,2015,WR,70,3,21.0,0.0,0.0,1.0,2015,1,0.21012392085764764,0.8985327777189096,0.21012392085764764
00-0032058,2015,RB,73,3,22.0,0.0,0.0,1.0,2015,1,0.28880093243090543,0.8693801858265706,0.28880093243090543
00-0032148,2015,QB,75,3,24.0,0.0,0.0,0.0,2015,1,0.16766417809608813,0.7253380725711879,0.16766417809608813
00-0032128,2015,WR,76,3,22.0,0.0,0.0,1.0,2015,1,0.18839766136846914,0.8935917556567924,0.18839766136846914
00-0032257,2015,RB,77,3,21.0,1.0,1.0,1.0,2015,1,0.3001609327383176,0.8553343388278302,0.3001609327383176
00-0032214,2015,TE,85,3,22.0,0.0,0.0,1.0,2015,1,0.10810092381190678,0.8994610867377791,0.10810092381190678
00-0032187,2015,RB,86,3,23.0,1.0,1.0,1.0,2015,1,0.2572626970475605,0.8582738676636618,0.2572626970475605
00-0032166,2015,WR,87,3,22.0,0.0,0.0,1.0,2015,1,0.17473233316867554,0.8734736589780016,0.17473233316867554
00-0032245,2015,QB,89,3,23.0,0.0,0.0,1.0,2015,1,0.1659745260462748,0.6797892553507966,0.1659745260462748
00-0032227,2015,TE,92,3,22.0,0.0,0.0,0.0,2015,1,0.10460900404599303,0.8911005437489306,0.10460900404599303
00-0032200,2015,WR,94,3,22.0,0.0,0.0,1.0,2015,1,0.16726721944908315,0.8605486028429125,0.16726721944908315
00-0031939,2015,RB,95,3,22.0,1.0,1.0,1.0,2015,1,0.26352140408328206,0.8371733586832697,0.26352140408328206
00-0031568,2015,QB,103,4,24.0,0.0,0.0,0.0,2015,1,0.09820176914655945,0.6181423193201798,0.09820176914655945
00-0031941,2015,WR,105,4,22.0,1.0,1.0,1.0,2015,1,0.10677273298486221,0.8103121666061467,0.10677273298486221
00-0031569,2015,RB,106,4,23.0,1.0,1.0,1.0,2015,1,0.16737001333592605,0.800387524115126,0.16737001333592605
00-0031570,2015,WR,107,4,23.0,0.0,0.0,1.0,2015,1,0.09820877798873356,0.8162034064929063,0.09820877798873356
00-0032062,2015,TE,117,4,24.0,0.0,0.0,1.0,2015,1,0.054015373482830045,0.8526967213704987,0.054015373482830045
00-0032188,2015,WR,123,4,24.0,0.0,0.0,1.0,2015,1,0.08375121803238536,0.7949425527337785,0.08375121803238536
00-0031577,2015,RB,125,4,24.0,1.0,1.0,1.0,2015,1,0.14630427743630722,0.7847032311034143,0.14630427743630722
00-0032063,2015,RB,126,4,22.0,0.0,0.0,1.0,2015,1,0.16699180347189832,0.7600932582487467,0.16699180347189832
00-0032064,2015,WR,132,4,23.0,0.0,0.0,0.0,2015,1,0.08625918121787722,0.7661098113057692,0.08625918121787722
00-0032133,2015,RB,138,5,22.0,0.0,0.0,1.0,2015,1,0.10963271559792895,0.701957733982567,0.10963271559792895
00-0032170,2015,WR,139,5,22.0,0.0,0.0,1.0,2015,1,0.05959429296805394,0.698049652031305,0.05959429296805394
00-0031585,2015,TE,143,5,23.0,0.0,0.0,1.0,2015,1,0.03490749077978807,0.7783590936154445,0.03490749077978807
00-0031588,2015,WR,146,5,21.0,1.0,1.0,1.0,2015,1,0.062275816067042106,0.6683350852664734,0.062275816067042106
00-0031589,2015,QB,147,5,22.0,0.0,0.0,0.0,2015,1,0.06340994406526754,0.4565506123098297,0.06340994406526754
00-0031590,2015,RB,149,5,22.0,0.0,0.0,1.0,2015,1,0.10608813036962277,0.6859990971298245,0.10608813036962277
00-0032152,2015,RB,155,5,22.0,1.0,1.0,1.0,2015,1,0.10430315421365405,0.6776060663631197,0.10430315421365405
00-0031594,2015,WR,156,5,23.0,0.0,0.0,0.0,2015,1,0.051291061430578364,0.6763227194129698,0.051291061430578364
00-0032134,2015,TE,157,5,22.0,0.0,0.0,1.0,2015,1,0.03617362794457723,0.747379637067049,0.03617362794457723
00-0032112,2015,WR,159,5,23.0,0.0,0.0,1.0,2015,1,0.05066389715514023,0.6702492631912185,0.05066389715514023
00-0032135,2015,TE,160,5,21.0,0.0,0.0,1.0,2015,1,0.03875157334708545,0.7305080725845303,0.03875157334708545
00-0032113,2015,WR,162,5,23.0,0.0,0.0,0.0,2015,1,0.050055518471067234,0.6642335602427345,0.050055518471067234
00-0031598,2015,TE,171,5,22.0,0.0,0.0,1.0,2015,1,0.03481605895497692,0.728769055837785,0.03481605895497692
00-0031951,2015,TE,173,5,23.0,0.0,0.0,1.0,2015,1,0.03204804402658268,0.7391241390139787,0.03204804402658268
00-0031599,2015,RB,174,5,25.0,0.0,0.0,1.0,2015,1,0.0796754331510706,0.6959126890077142,0.0796754331510706
00-0031600,2015,WR,175,5,23.0,0.0,0.0,1.0,2015,1,0.047615779331874865,0.6388393482632382,0.047615779331874865
00-0032115,2015,WR,184,6,23.0,0.0,0.0,1.0,2015,1,0.030071719498678606,0.5720536193180437,0.030071719498678606
00-0031953,2015,WR,186,6,23.0,0.0,0.0,1.0,2015,1,0.029857855727626025,0.5682130600522972,0.029857855727626025
00-0031954,2015,WR,187,6,22.0,0.0,0.0,1.0,2015,1,0.03216021772928266,0.549994285055422,0.03216021772928266
00-0032117,2015,TE,194,6,23.0,0.0,0.0,1.0,2015,1,0.019746385072264713,0.6692639005725806,0.019746385072264713
00-0032068,2015,TE,195,6,23.0,0.0,0.0,1.0,2015,1,0.019700231573747173,0.667979619579367,0.019700231573747173
00-0031533,2015,TE,198,6,23.0,0.0,0.0,0.0,2015,1,0.019563800132058665,0.664151227000363,0.019563800132058665
nogsis:2015:201,2015,WR,201,6,,0.0,0.0,0.0,2015,1,0.030665499050427304,0.5239810006979988,0.030665499050427304
00-0031609,2015,TE,202,6,23.0,0.0,0.0,0.0,2015,1,0.019386472799682624,0.6591031980444049,0.019386472799682624
00-0031610,2015,WR,204,6,22.0,0.0,0.0,1.0,2015,1,0.03036720011939789,0.5186221070466186,0.03036720011939789
00-0031611,2015,RB,205,6,23.0,0.0,0.0,1.0,2015,1,0.05686086817395598,0.5811620923216392,0.05686086817395598
00-0031617,2015,TE,213,6,22.0,0.0,0.0,0.0,2015,1,0.020473971063047474,0.6302703220124429,0.020473971063047474
00-0032120,2015,WR,220,7,23.0,0.0,0.0,1.0,2015,1,0.017310968521058227,0.45606741708524984,0.017310968521058227
00-0032121,2015,WR,221,7,,0.0,0.0,0.0,2015,1,0.018674753238498463,0.43809357596021664,0.018674753238498463
00-0032139,2015,TE,229,7,22.0,0.0,0.0,0.0,2015,1,0.012802304746059708,0.5607774022003075,0.012802304746059708
00-0031959,2015,RB,230,7,23.0,0.0,0.0,1.0,2015,1,0.03531202960699057,0.5018443811877076,0.03531202960699057
00-0031960,2015,WR,233,7,23.0,0.0,0.0,0.0,2015,1,0.016658678109906417,0.4355104919601426,0.016658678109906417
00-0032070,2015,WR,234,7,22.0,0.0,0.0,0.0,2015,1,0.017975047292471645,0.4178136545472668,0.017975047292471645
00-0031625,2015,RB,235,7,23.0,0.0,0.0,0.0,2015,1,0.03496180912479446,0.4965755162843578,0.03496180912479446
00-0031962,2015,WR,238,7,23.0,0.0,0.0,1.0,2015,1,0.016423613197088162,0.4279599399671258,0.016423613197088162
00-0032123,2015,WR,245,7,22.0,0.0,0.0,1.0,2015,1,0.017431417688770028,0.4017108120801869,0.017431417688770028
00-0032141,2015,TE,246,7,21.0,0.0,0.0,1.0,2015,1,0.013410902609949185,0.5243410961635042,0.013410902609949185
00-0032156,2015,QB,250,7,23.0,0.0,0.0,1.0,2015,1,0.018942403088354556,0.26993036786018054,0.018942403088354556
00-0032072,2015,TE,254,7,22.0,0.0,0.0,0.0,2015,1,0.012208347303216774,0.531833420703521,0.012208347303216774
00-0032190,2015,TE,256,7,24.0,0.0,0.0,0.0,2015,1,0.010378271601117425,0.5624109275554413,0.010378271601117425
00-0031503,2015,QB,1,1,21.0,1.0,2.0,1.0,2015,2,0.9750485824447375,0.9999900414016796,1.7809767726974488
00-0032268,2015,QB,2,1,21.0,1.0,2.0,1.0,2015,2,0.9577365634721063,0.9999545308576835,1.7005939964918686
00-0031544,2015,WR,4,1,21.0,1.0,2.0,1.0,2015,2,0.9011061946071373,0.9999378324980744,1.530783339214238
00-0031545,2015,WR,7,1,23.0,0.0,0.0,1.0,2015,2,0.8422190986507794,0.9998324017250134,1.3639038432020352
00-0032241,2015,RB,10,1,21.0,1.0,2.0,1.0,2015,2,0.9442790012634481,0.9993803728953494,1.5983532330795605
00-0031547,2015,WR,14,1,22.0,1.0,1.0,1.0,2015,2,0.7854676274293337,0.9990339901726755,1.254006716167229
00-0032144,2015,RB,15,1,22.0,1.0,1.0,1.0,2015,2,0.9125555266612984,0.998667222288186,1.4903955991131939
00-0031549,2015,WR,20,1,22.0,0.0,0.0,1.0,2015,2,0.7429949553289491,0.997800137929964,1.1732428355131157
00-0032054,2015,WR,26,1,21.0,0.0,0.0,1.0,2015,2,0.7250967590203958,0.9953221009348538,1.1528157819306037
00-0032208,2015,WR,29,1,22.0,0.0,0.0,1.0,2015,2,0.6932819375029204,0.9948240432422748,1.086770387721666
00-0032209,2015,RB,36,2,21.0,1.0,2.0,1.0,2015,2,0.7616210577101575,0.9884768332688567,1.1053225985128643
00-0031934,2015,WR,37,2,23.0,0.0,0.0,1.0,2015,2,0.543893029837506,0.9919189497349751,0.764520935514347
00-0032218,2015,WR,40,2,22.0,1.0,1.0,1.0,2015,2,0.5514292523289509,0.9887858356934293,0.7863347069929667
00-0032055,2015,WR,41,2,21.0,1.0,1.0,1.0,2015,2,0.5676203915907765,0.986232421446926,0.8201587116019708
00-0032104,2015,RB,54,2,22.0,1.0,1.0,1.0,2015,2,0.66301693633325,0.9755217898272136,0.9489528656593706
00-0031558,2015,TE,55,2,21.0,0.0,0.0,1.0,2015,2,0.492334949257769,0.9784743014506706,0.6807550668795677
00-0032256,2015,TE,68,3,23.0,0.0,0.0,1.0,2015,2,0.30819250212051874,0.9732378428546686,0.3932963061415983
00-0032211,2015,WR,69,3,22.0,1.0,2.0,1.0,2015,2,0.3656945770435983,0.9601993911028809,0.4855082841370524
00-0031560,2015,WR,70,3,21.0,0.0,0.0,1.0,2015,2,0.38267583244901315,0.9525445112500267,0.5134324392533961
00-0032058,2015,RB,73,3,22.0,1.0,1.0,1.0,2015,2,0.49530621788484985,0.9510628781181059,0.6484995826391844
00-0032148,2015,QB,75,3,24.0,0.0,0.0,0.0,2015,2,0.31715321777367633,0.9196445969697795,0.4401870369623085
00-0032128,2015,WR,76,3,22.0,0.0,0.0,1.0,2015,2,0.35098147195777835,0.9507326583350061,0.4701731494094667
00-0032257,2015,RB,77,3,21.0,1.0,2.0,1.0,2015,2,0.5025723250769394,0.936772159564271,0.6709326534438564
00-0032214,2015,TE,85,3,22.0,0.0,0.0,1.0,2015,2,0.2777767581983986,0.9492814606452327,0.3684044619222656
00-0032187,2015,RB,86,3,23.0,1.0,2.0,1.0,2015,2,0.43447221647267753,0.9397406342619574,0.5733998729009528
00-0032166,2015,WR,87,3,22.0,0.0,0.0,1.0,2015,2,0.33086978201825934,0.9338633365919774,0.4494826584003216
00-0032245,2015,QB,89,3,23.0,0.0,0.0,1.0,2015,2,0.305896299857768,0.8712314138429921,0.43762567792144746
00-0032227,2015,TE,92,3,22.0,0.0,0.0,1.0,2015,2,0.2617820259056948,0.9397595779525287,0.35169435736276977
00-0032200,2015,WR,94,3,22.0,1.0,1.0,1.0,2015,2,0.319622578343887,0.9219240062136996,0.4380338076953288
00-0031939,2015,RB,95,3,22.0,1.0,1.0,1.0,2015,2,0.4303463229192707,0.9145981079042007,0.5831677391859208
00-0031568,2015,QB,103,4,24.0,0.0,0.0,1.0,2015,2,0.19586276621721488,0.846363252934854,0.26227086800049293
00-0031941,2015,WR,105,4,22.0,1.0,2.0,1.0,2015,2,0.22707934672366809,0.8981588181583763,0.2888349237568329
00-0031569,2015,RB,106,4,23.0,1.0,1.0,1.0,2015,2,0.2957950105923009,0.9035929320072471,0.3660685431288785
00-0031570,2015,WR,107,4,23.0,0.0,0.0,1.0,2015,2,0.21091328796822628,0.9075428082280909,0.2676780362549737
00-0032062,2015,TE,117,4,24.0,0.0,0.0,1.0,2015,2,0.13662639762612888,0.9212349909443702,0.1756727853818087
00-0032188,2015,WR,123,4,24.0,0.0,0.0,1.0,2015,2,0.18335509841588843,0.8921250595050078,0.2372200642724305
00-0031577,2015,RB,125,4,24.0,1.0,1.0,1.0,2015,2,0.24726831943515779,0.8824116824526009,0.31561191763547847
00-0032063,2015,RB,126,4,22.0,0.0,0.0,1.0,2015,2,0.2774715260251956,0.845026525278867,0.36034889209242543
00-0032064,2015,WR,132,4,23.0,0.0,0.0,1.0,2015,2,0.18869779456938252,0.858000956367635,0.24809282762756607
00-0032133,2015,RB,138,5,22.0,0.0,0.0,1.0,2015,2,0.1910069113204035,0.8106423912505474,0.23175242496990697
00-0032170,2015,WR,139,5,22.0,0.0,0.0,1.0,2015,2,0.14103295778621025,0.8164676395749955,0.17247722991360992
00-0031585,2015,TE,143,5,23.0,0.0,0.0,1.0,2015,2,0.08599509593707645,0.8594370142508284,0.10688083914783733
00-0031588,2015,WR,146,5,21.0,1.0,2.0,1.0,2015,2,0.1471386376981732,0.7735375622935643,0.18219817249818288
00-0031589,2015,QB,147,5,22.0,0.0,0.0,1.0,2015,2,0.127421583315933,0.643271001773909,0.16968663841432097
00-0031590,2015,RB,149,5,22.0,1.0,1.0,1.0,2015,2,0.17951122716353723,0.7825669507936072,0.22269613122506704
00-0032152,2015,RB,155,5,22.0,1.0,1.0,1.0,2015,2,0.17380766450107973,0.7669870452319254,0.21815658085728157
00-0031594,2015,WR,156,5,23.0,0.0,0.0,0.0,2015,2,0.12290431963930233,0.7984497557801091,0.15339015608294612
00-0032134,2015,TE,157,5,22.0,0.0,0.0,1.0,2015,2,0.08491719741064259,0.8092271412377637,0.10815148113936754
00-0032112,2015,WR,159,5,23.0,1.0,1.0,1.0,2015,2,0.12155083164057887,0.7912730859377891,0.15229604847471634
00-0032135,2015,TE,160,5,21.0,0.0,0.0,1.0,2015,2,0.08991230960752015,0.7774330022396058,0.11522664113828696
00-0032113,2015,WR,162,5,23.0,0.0,0.0,0.0,2015,2,0.12023514851794212,0.7840493779726544,0.15123106433276387
00-0031598,2015,TE,171,5,22.0,0.0,0.0,1.0,2015,2,0.07834900931813817,0.7770242408301448,0.10194653097122096
00-0031951,2015,TE,173,5,23.0,0.0,0.0,1.0,2015,2,0.0718254049074416,0.797753281970625,0.09362766309011808
00-0031599,2015,RB,174,5,25.0,0.0,0.0,1.0,2015,2,0.1278721394285237,0.7992766383374618,0.16407683069562687
00-0031600,2015,WR,175,5,23.0,0.0,0.0,1.0,2015,2,0.11493159664580702,0.752324966254713,0.14692263071063066
00-0032115,2015,WR,184,6,23.0,0.0,0.0,1.0,2015,2,0.07794378040695513,0.722930381768004,0.09278617333488273
00-0031953,2015,WR,186,6,23.0,0.0,0.0,1.0,2015,2,0.07743075078950144,0.7178986576028396,0.09240018328518745
00-0031954,2015,WR,187,6,22.0,0.0,0.0,1.0,2015,2,0.08322807656608369,0.6837387377343047,0.09954993678147459
00-0032117,2015,TE,194,6,23.0,0.0,0.0,1.0,2015,2,0.04425063904783284,0.7450755273606683,0.055013736609469156
00-0032068,2015,TE,195,6,23.0,0.0,0.0,1.0,2015,2,0.04402803591847751,0.7428215088525737,0.054814106071951224
00-0031533,2015,TE,198,6,23.0,0.0,0.0,1.0,2015,2,0.0433732917344103,0.7360517888832286,0.054225599168628166
nogsis:2015:201,2015,WR,201,6,,0.0,0.0,0.0,2015,2,0.07965165490154234,0.6466107996255103,0.09682733852599934
00-0031609,2015,TE,202,6,23.0,0.0,0.0,1.0,2015,2,0.04252962027106394,0.7270122363202369,0.05346428803234739
00-0031610,2015,WR,204,6,22.0,0.0,0.0,1.0,2015,2,0.07893532422341999,0.6387492298295264,0.09627943864966282
00-0031611,2015,RB,205,6,23.0,0.0,0.0,1.0,2015,2,0.08991012489936842,0.6622680277298316,0.11358088594957191
00-0031617,2015,TE,213,6,22.0,0.0,0.0,0.0,2015,2,0.043669575519076534,0.6696974535964643,0.05574689194113462
00-0032120,2015,WR,220,7,23.0,0.0,0.0,1.0,2015,2,0.04810621448474898,0.6248064576310742,0.055029502537178226
00-0032121,2015,WR,221,7,,0.0,0.0,0.0,2015,2,0.05185824708454704,0.5863400569600498,0.05940414691571526
00-0032139,2015,TE,229,7,22.0,0.0,0.0,1.0,2015,2,0.027737094792524116,0.6233991830446085,0.03352620627205373
00-0031959,2015,RB,230,7,23.0,0.0,0.0,1.0,2015,2,0.05598215608485279,0.5931439436270807,0.06845339604938802
00-0031960,2015,WR,233,7,23.0,0.0,0.0,0.0,2015,2,0.04639467405167851,0.5932298466594277,0.053809762756800425
00-0032070,2015,WR,234,7,22.0,0.0,0.0,1.0,2015,2,0.05002817704816855,0.5539819914744489,0.0580930981100099
00-0031625,2015,RB,235,7,23.0,0.0,0.0,0.0,2015,2,0.05486381493426793,0.5813516017608442,0.06762918525904081
00-0031962,2015,WR,238,7,23.0,0.0,0.0,1.0,2015,2,0.04577649106813908,0.581338329131171,0.05336678114898818
00-0032123,2015,WR,245,7,22.0,0.0,0.0,1.0,2015,2,0.048601899330525944,0.527626951733187,0.057064139996684304
00-0032141,2015,TE,246,7,21.0,0.0,0.0,1.0,2015,2,0.027969152806756648,0.54699306719665,0.03454112149052931
00-0032156,2015,QB,250,7,23.0,1.0,1.0,1.0,2015,2,0.03858215546663079,0.37861569950753177,0.04968928115318576
00-0032072,2015,TE,254,7,22.0,0.0,0.0,0.0,2015,2,0.025009253683133777,0.5659974629693549,0.031158803091258742
00-0032190,2015,TE,256,7,24.0,0.0,0.0,1.0,2015,2,0.021137508422049235,0.6338610589474212,0.02637188871545493
00-0031503,2015,QB,1,1,21.0,1.0,3.0,1.0,2015,3,0.9903621881739163,0.9999906134421651,2.6097774500209807
00-0032268,2015,QB,2,1,21.0,1.0,3.0,1.0,2015,3,0.9809867503745914,0.9999579853931829,2.4804164543274263
00-0031544,2015,WR,4,1,21.0,1.0,3.0,1.0,2015,3,0.9604386044023636,0.9999206434955181,2.3561328534189845
00-0031545,2015,WR,7,1,23.0,0.0,0.0,1.0,2015,3,0.9236657955660711,0.9998022255334273,2.131273817855555
00-0032241,2015,RB,10,1,21.0,1.0,3.0,1.0,2015,3,0.955309152572484,0.9992564804718738,2.363730485274021
00-0031547,2015,WR,14,1,22.0,1.0,2.0,1.0,2015,3,0.8692292284512926,0.9989003852914425,1.942406773814295
00-0032144,2015,RB,15,1,22.0,1.0,2.0,1.0,2015,3,0.9249448147768251,0.99845932829106,2.198937125475572
00-0031549,2015,WR,20,1,22.0,1.0,1.0,1.0,2015,3,0.8244683687454152,0.997564211627027,1.8157354878110645
00-0032054,2015,WR,26,1,21.0,0.0,0.0,1.0,2015,3,0.7969339612072374,0.9948352907766079,1.7643481860878685
00-0032208,2015,WR,29,1,22.0,0.0,0.0,1.0,2015,3,0.7658784912713352,0.9944320372263299,1.6796095101447892
00-0032209,2015,RB,36,2,21.0,1.0,2.0,1.0,2015,3,0.7838813872092224,0.9873278271805813,1.5978791353532023
00-0031934,2015,WR,37,2,23.0,0.0,0.0,1.0,2015,3,0.6454411342894308,0.9918171930302067,1.2293451465630687
00-0032218,2015,WR,40,2,22.0,1.0,1.0,1.0,2015,3,0.6454060275770463,0.9885138135949058,1.246076386309992
00-0032055,2015,WR,41,2,21.0,1.0,2.0,1.0,2015,3,0.6571485565026565,0.9856788044220548,1.281808951924266
00-0032104,2015,RB,54,2,22.0,1.0,2.0,1.0,2015,3,0.6764871185523033,0.974073391339861,1.3709884712484857
00-0031558,2015,TE,55,2,21.0,0.0,0.0,1.0,2015,3,0.6222354865357079,0.9781027030955516,1.1241990933734722
00-0032256,2015,TE,68,3,23.0,0.0,0.0,1.0,2015,3,0.4379838997968901,0.9744498025306825,0.6843240855712703
00-0032211,2015,WR,69,3,22.0,1.0,3.0,1.0,2015,3,0.44890418636950824,0.9617810379621767,0.7909644062176919
00-0031560,2015,WR,70,3,21.0,0.0,0.0,1.0,2015,3,0.46422095247992734,0.9536909209062903,0.8230776154444835
00-0032058,2015,RB,73,3,22.0,1.0,2.0,1.0,2015,3,0.5277942567196935,0.9501187566748979,0.9416537191077937
00-0032148,2015,QB,75,3,24.0,0.0,0.0,0.0,2015,3,0.3934990480921973,0.9383104670861596,0.678429097619393
00-0032128,2015,WR,76,3,22.0,0.0,0.0,1.0,2015,3,0.42576029644392616,0.9530074995885357,0.7648293744501762
00-0032257,2015,RB,77,3,21.0,1.0,3.0,1.0,2015,3,0.5310953536850131,0.9346563926965277,0.9606129135542636
00-0032214,2015,TE,85,3,22.0,1.0,1.0,1.0,2015,3,0.37424649649062475,0.9509727755606362,0.6222496672516968
00-0032187,2015,RB,86,3,23.0,1.0,2.0,1.0,2015,3,0.4609665892537076,0.9400494692060589,0.8416352550894853
00-0032166,2015,WR,87,3,22.0,0.0,0.0,1.0,2015,3,0.39394247589880926,0.9374804117253406,0.7294526208733997
00-0032245,2015,QB,89,3,23.0,0.0,0.0,1.0,2015,3,0.3712181873631159,0.8987654798898164,0.6666069446853237
00-0032227,2015,TE,92,3,22.0,0.0,0.0,1.0,2015,3,0.3464279363941723,0.9418608726864991,0.5909092741376432
00-0032200,2015,WR,94,3,22.0,1.0,1.0,1.0,2015,3,0.3761058964143084,0.9265504302486935,0.7098193250755495
00-0031939,2015,RB,95,3,22.0,1.0,1.0,1.0,2015,3,0.45083276821712986,0.9140202168634314,0.8423767674988414
00-0031568,2015,QB,103,4,24.0,0.0,0.0,1.0,2015,3,0.26480381917386636,0.8833138085321849,0.41902798196401114
00-0031941,2015,WR,105,4,22.0,1.0,3.0,1.0,2015,3,0.291719519010384,0.9068595603971202,0.48367365196835066
00-0031569,2015,RB,106,4,23.0,1.0,1.0,1.0,2015,3,0.33746632502462665,0.9070110069342526,0.5467688624556143
00-0031570,2015,WR,107,4,23.0,0.0,0.0,1.0,2015,3,0.2726610814421854,0.9169835769058747,0.4557034589789451
00-0032062,2015,TE,117,4,24.0,0.0,0.0,1.0,2015,3,0.19368929148296737,0.9284284988863382,0.3110642371303725
00-0032188,2015,WR,123,4,24.0,0.0,0.0,1.0,2015,3,0.23279801394846,0.9054334517605128,0.409175161996373
00-0031577,2015,RB,125,4,24.0,1.0,2.0,1.0,2015,3,0.2801928034022309,0.8890387272571783,0.478426161156258
00-0032063,2015,RB,126,4,22.0,0.0,0.0,1.0,2015,3,0.30973725018091747,0.8489881684659766,0.5277819178486169
00-0032064,2015,WR,132,4,23.0,0.0,0.0,1.0,2015,3,0.23404991596407815,0.873588500641024,0.4197146093772207
00-0032133,2015,RB,138,5,22.0,0.0,0.0,1.0,2015,3,0.2348505355335579,0.8195739038659778,0.3473169846512499
00-0032170,2015,WR,139,5,22.0,0.0,0.0,1.0,2015,3,0.19257870660309268,0.8371979979269198,0.2973306197084908
00-0031585,2015,TE,143,5,23.0,0.0,0.0,1.0,2015,3,0.12677045263038955,0.8728065986262659,0.19019463783214532
00-0031588,2015,WR,146,5,21.0,1.0,3.0,1.0,2015,3,0.1969562334175404,0.7956735902113818,0.30826667960487475
00-0031589,2015,QB,147,5,22.0,1.0,1.0,1.0,2015,3,0.18296212226382866,0.7123080390053242,0.27307018274041217
00-0031590,2015,RB,149,5,22.0,1.0,2.0,1.0,2015,3,0.21909147367960344,0.7930923735750507,0.3333138361605125
00-0032152,2015,RB,155,5,22.0,1.0,1.0,1.0,2015,3,0.21128138025138568,0.7783819415538483,0.32629961297434923
00-0031594,2015,WR,156,5,23.0,0.0,0.0,0.0,2015,3,0.16500951419385027,0.8246435494925304,0.2677868747549003
00-0032134,2015,TE,157,5,22.0,0.0,0.0,1.0,2015,3,0.11956329838197122,0.8242105044455725,0.187685785585116
00-0032112,2015,WR,159,5,23.0,1.0,2.0,1.0,2015,3,0.16247028854345247,0.8184060548407651,0.2656738968732502
00-0032135,2015,TE,160,5,21.0,0.0,0.0,1.0,2015,3,0.12458568942480647,0.7914601097448933,0.1962947046740765
00-0032113,2015,WR,162,5,23.0,0.0,0.0,0.0,2015,3,0.16000923746411858,0.8121186477257155,0.2636168402738095
00-0031598,2015,TE,171,5,22.0,0.0,0.0,1.0,2015,3,0.10651059787490823,0.7942531147848738,0.1755909226568069
00-0031951,2015,TE,173,5,23.0,0.0,0.0,1.0,2015,3,0.0979355373262751,0.8164696040115097,0.16386573662652568
00-0031599,2015,RB,174,5,25.0,0.0,0.0,1.0,2015,3,0.1571060396245834,0.8183495647885947,0.2591239379583722
00-0031600,2015,WR,175,5,23.0,0.0,0.0,1.0,2015,3,0.15016501182710906,0.7843890214344447,0.2552919316742849
00-0032115,2015,WR,184,6,23.0,0.0,0.0,1.0,2015,3,0.11351495326271825,0.7627116024869911,0.16723066946064585
00-0031953,2015,WR,186,6,23.0,0.0,0.0,1.0,2015,3,0.11246013199364802,0.7583137932577765,0.16645066512327544
00-0031954,2015,WR,187,6,22.0,0.0,0.0,1.0,2015,3,0.11969425947338164,0.7237551167180863,0.17629589241264765
00-0032117,2015,TE,194,6,23.0,0.0,0.0,1.0,2015,3,0.06486612225986124,0.7720774467012099,0.09910831871235817
00-0032068,2015,TE,195,6,23.0,0.0,0.0,1.0,2015,3,0.06439193825736111,0.7700119716855862,0.09870079517503394
00-0031533,2015,TE,198,6,23.0,0.0,0.0,1.0,2015,3,0.06300280277369161,0.763801424258365,0.09750027175471804
nogsis:2015:201,2015,WR,201,6,,0.0,0.0,0.0,2015,3,0.11248401310009241,0.690383280735373,0.17089305178999972
00-0031609,2015,TE,202,6,23.0,0.0,0.0,1.0,2015,3,0.06122529148609785,0.7554917668227529,0.0959491397578831
00-0031610,2015,WR,204,6,22.0,0.0,0.0,1.0,2015,3,0.1110521484883373,0.6832659345401088,0.16980578475971636
00-0031611,2015,RB,205,6,23.0,0.0,0.0,1.0,2015,3,0.11986569999068596,0.6886397707557675,0.17725479446228867
00-0031617,2015,TE,213,6,22.0,0.0,0.0,0.0,2015,3,0.060929909237981604,0.6982835891603013,0.09788050636703664
00-0032120,2015,WR,220,7,23.0,0.0,0.0,1.0,2015,3,0.07568351303129807,0.68063115993391,0.10233915964779171
00-0032121,2015,WR,221,7,,0.0,0.0,0.0,2015,3,0.08082700422110502,0.6406597628050272,0.1086502968243197
00-0032139,2015,TE,229,7,22.0,0.0,0.0,1.0,2015,3,0.04233565843768883,0.6598210701703581,0.0608752145489292
00-0031959,2015,RB,230,7,23.0,0.0,0.0,1.0,2015,3,0.08304260558980042,0.6288280669696664,0.10995206192438739
00-0031960,2015,WR,233,7,23.0,0.0,0.0,0.0,2015,3,0.07186507857009694,0.6521365800223331,0.09976624668387939
00-0032070,2015,WR,234,7,22.0,0.0,0.0,1.0,2015,3,0.07678804482080501,0.610773088798476,0.1059329690266952
00-0031625,2015,RB,235,7,23.0,0.0,0.0,0.0,2015,3,0.08114414493862766,0.6176482543859881,0.10858376976126097
00-0031962,2015,WR,238,7,23.0,0.0,0.0,1.0,2015,3,0.07049847838517051,0.6413023024293272,0.09883215456013911
00-0032123,2015,WR,245,7,22.0,0.0,0.0,1.0,2015,3,0.07367702065336669,0.586122918327612,0.10380117141132487
00-0032141,2015,TE,246,7,21.0,0.0,0.0,1.0,2015,3,0.04099788610026388,0.5820564857245869,0.06125875468297516
00-0032156,2015,QB,250,7,23.0,1.0,2.0,1.0,2015,3,0.06621334941169375,0.47578927761917267,0.08922144114251189
00-0032072,2015,TE,254,7,22.0,0.0,0.0,0.0,2015,3,0.036370670590892565,0.6050875041313614,0.05598751641716901
00-0032190,2015,TE,256,7,24.0,0.0,0.0,1.0,2015,3,0.031056375478654266,0.6781955133043552,0.04894306085126465
00-0031503,2015,QB,1,1,21.0,1.0,4.0,1.0,2015,4,0.991332038825745,0.9999854083750348,3.420785757107741
00-0032268,2015,QB,2,1,21.0,1.0,4.0,1.0,2015,4,0.9837220448923515,0.9999390271856806,3.239393410235954
00-0031544,2015,WR,4,1,21.0,1.0,4.0,1.0,2015,4,0.9550441988794859,0.999919898640013,3.2297544831424547
00-0031545,2015,WR,7,1,23.0,0.0,0.0,1.0,2015,4,0.918179067365616,0.9998190052611124,2.887387694947205
00-0032241,2015,RB,10,1,21.0,1.0,4.0,1.0,2015,4,0.9629297411238487,0.9992475812014154,3.2379890909793776
00-0031547,2015,WR,14,1,22.0,1.0,2.0,1.0,2015,4,0.8716661924217738,0.9989589164188687,2.646360201207744
00-0032144,2015,RB,15,1,22.0,1.0,3.0,1.0,2015,4,0.9371541507472724,0.9985197537741711,2.9745974357142666
00-0031549,2015,WR,20,1,22.0,1.0,2.0,1.0,2015,4,0.8340670266871093,0.9977063949655038,2.4664767123792
00-0032054,2015,WR,26,1,21.0,0.0,0.0,1.0,2015,4,0.8140029442207892,0.9949354653520757,2.418521023702887
00-0032208,2015,WR,29,1,22.0,0.0,0.0,1.0,2015,4,0.7860236744934577,0.9947860677378976,2.2701660475018213
00-0032209,2015,RB,36,2,21.0,1.0,3.0,1.0,2015,4,0.8157894998851877,0.9870840348979881,2.1502716069279724
00-0031934,2015,WR,37,2,23.0,0.0,0.0,1.0,2015,4,0.6758526756049817,0.9924716422786214,1.6662988543157526
00-0032218,2015,WR,40,2,22.0,1.0,1.0,1.0,2015,4,0.6795970223642119,0.9889653017328819,1.71420707320915
00-0032055,2015,WR,41,2,21.0,1.0,3.0,1.0,2015,4,0.6929663771092751,0.9856260560410647,1.791115481682315
00-0032104,2015,RB,54,2,22.0,1.0,2.0,1.0,2015,4,0.7176986533845311,0.9748859183337275,1.7720080168463948
00-0031558,2015,TE,55,2,21.0,0.0,0.0,1.0,2015,4,0.6696652836415516,0.9831735495503711,1.5638572657571148
00-0032256,2015,TE,68,3,23.0,0.0,0.0,1.0,2015,4,0.49276603592680635,0.9810165872607197,0.9519238984270477
00-0032211,2015,WR,69,3,22.0,1.0,4.0,1.0,2015,4,0.5034897438832142,0.962456436770251,1.1054663130606726
00-0031560,2015,WR,70,3,21.0,0.0,0.0,1.0,2015,4,0.5211772308362145,0.9525328440228295,1.172659599814168
00-0032058,2015,RB,73,3,22.0,1.0,3.0,1.0,2015,4,0.5754954861233017,0.9504789809001348,1.2132805997837985
00-0032148,2015,QB,75,3,24.0,0.0,0.0,0.0,2015,4,0.49044162630936033,0.9416973920742209,0.8489454206689704
00-0032128,2015,WR,76,3,22.0,0.0,0.0,1.0,2015,4,0.4831074067728847,0.9538964511170864,1.064525732470335
00-0032257,2015,RB,77,3,21.0,1.0,4.0,1.0,2015,4,0.5805779087227908,0.932417882252045,1.2580737358335254
00-0032214,2015,TE,85,3,22.0,1.0,1.0,1.0,2015,4,0.4370781737083123,0.9608104916005457,0.8887042485343928
00-0032187,2015,RB,86,3,23.0,1.0,3.0,1.0,2015,4,0.5076392790822482,0.9430885356427989,1.047537884500252
00-0032166,2015,WR,87,3,22.0,0.0,0.0,1.0,2015,4,0.45470284577213815,0.9387648044412117,1.0090727354767095
00-0032245,2015,QB,89,3,23.0,0.0,0.0,1.0,2015,4,0.4718307779526717,0.9016733221702863,0.8547477032461032
00-0032227,2015,TE,92,3,22.0,0.0,0.0,1.0,2015,4,0.41049531236446907,0.9530443528389547,0.8456942778547594
00-0032200,2015,WR,94,3,22.0,1.0,1.0,1.0,2015,4,0.4385613215760847,0.9281222407035372,0.9783002754958356
00-0031939,2015,RB,95,3,22.0,1.0,1.0,1.0,2015,4,0.4994070658324635,0.9149877142789764,1.0622884825253605
00-0031568,2015,QB,103,4,24.0,0.0,0.0,1.0,2015,4,0.3525239677307449,0.8894607445627641,0.5462188413349647
00-0031941,2015,WR,105,4,22.0,1.0,3.0,1.0,2015,4,0.35019454216380586,0.9063992321732467,0.691675444854431
00-0031569,2015,RB,106,4,23.0,1.0,1.0,1.0,2015,4,0.37974046052903154,0.9093901324135747,0.6824892805252627
00-0031570,2015,WR,107,4,23.0,0.0,0.0,1.0,2015,4,0.32804193445623064,0.9199432258575276,0.6365178539077514
00-0032062,2015,TE,117,4,24.0,0.0,0.0,1.0,2015,4,0.24299215004671768,0.943763285999636,0.44908827248944905
00-0032188,2015,WR,123,4,24.0,0.0,0.0,1.0,2015,4,0.2854433583444694,0.9125731738786208,0.5541612139140983
00-0031577,2015,RB,125,4,24.0,1.0,2.0,1.0,2015,4,0.31744292993939205,0.8963339745822578,0.5743535696063689
00-0032063,2015,RB,126,4,22.0,1.0,1.0,1.0,2015,4,0.35230212834809216,0.8473116587195417,0.6637551500605502
00-0032064,2015,WR,132,4,23.0,0.0,0.0,1.0,2015,4,0.29022806231764153,0.8782378945596726,0.5786996228136603
00-0032133,2015,RB,138,5,22.0,0.0,0.0,1.0,2015,4,0.27039391690849546,0.8133010912348152,0.445786748985914
00-0032170,2015,WR,139,5,22.0,0.0,0.0,1.0,2015,4,0.24365927243242294,0.832849342256294,0.44129695197133095
00-0031585,2015,TE,143,5,23.0,0.0,0.0,1.0,2015,4,0.16696511695630292,0.8895349918530775,0.300439687125955
00-0031588,2015,WR,146,5,21.0,1.0,4.0,1.0,2015,4,0.25138382960063,0.7831288154680986,0.4672129566902882
00-0031589,2015,QB,147,5,22.0,1.0,1.0,1.0,2015,4,0.25976417000152885,0.707470179282487,0.400504425435268
00-0031590,2015,RB,149,5,22.0,1.0,2.0,1.0,2015,4,0.25314410243888114,0.7863714176092805,0.42431072681041593
00-0032152,2015,RB,155,5,22.0,1.0,1.0,1.0,2015,4,0.24455327753053688,0.771446402340009,0.4136377561603216
00-0031594,2015,WR,156,5,23.0,0.0,0.0,0.0,2015,4,0.21197672144561278,0.8267864704541021,0.3845134231491193
00-0032134,2015,TE,157,5,22.0,1.0,1.0,1.0,2015,4,0.1607225649588102,0.8388984568644674,0.3049932959464431
00-0032112,2015,WR,159,5,23.0,1.0,2.0,1.0,2015,4,0.20930359328830742,0.820652103961898,0.38092722227663944
00-0032135,2015,TE,160,5,21.0,0.0,0.0,1.0,2015,4,0.16854689298375528,0.8008931340676506,0.3278461340624019
00-0032113,2015,WR,162,5,23.0,0.0,0.0,0.0,2015,4,0.20670460944546606,0.8144686402155721,0.37743957105978215
00-0031598,2015,TE,171,5,22.0,0.0,0.0,1.0,2015,4,0.14549349923754304,0.8094055954179603,0.28577325783501173
00-0031951,2015,TE,173,5,23.0,0.0,0.0,1.0,2015,4,0.13361842923875938,0.8363586766434743,0.2596920548968519
00-0031599,2015,RB,174,5,25.0,0.0,0.0,1.0,2015,4,0.18074152726663892,0.83223267379971,0.3012378961169052
00-0031600,2015,WR,175,5,23.0,0.0,0.0,1.0,2015,4,0.19622542293603892,0.7871954978305338,0.3633633355217295
00-0032115,2015,WR,184,6,23.0,0.0,0.0,1.0,2015,4,0.15056720711921456,0.7603452993727717,0.2529000142344464
00-0031953,2015,WR,186,6,23.0,0.0,0.0,1.0,2015,4,0.14940390953323224,0.7559486036489216,0.25147389222572447
00-0031954,2015,WR,187,6,22.0,0.0,0.0,1.0,2015,4,0.15964595643351667,0.7121227239819873,0.27338567739555675
00-0032117,2015,TE,194,6,23.0,0.0,0.0,1.0,2015,4,0.0907301065466534,0.7884489623064291,0.16930534278864348
00-0032068,2015,TE,195,6,23.0,0.0,0.0,1.0,2015,4,0.09014817394763758,0.786394591660915,0.16861312076490814
00-0031533,2015,TE,198,6,23.0,0.0,0.0,1.0,2015,4,0.08843988950001891,0.7802087020696084,0.16657371344035907
nogsis:2015:201,2015,WR,201,6,,0.0,0.0,0.0,2015,4,0.15163945174229232,0.6782153053004141,0.26325480630986475
00-0031609,2015,TE,202,6,23.0,0.0,0.0,1.0,2015,4,0.08624625559649425,0.7719120009277121,0.1639382929667042
00-0031610,2015,WR,204,6,22.0,0.0,0.0,1.0,2015,4,0.15003783731980702,0.6710022883655345,0.2612224976895292
00-0031611,2015,RB,205,6,23.0,0.0,0.0,1.0,2015,4,0.14014320361000673,0.6842191574876291,0.21977238694710738
00-0031617,2015,TE,213,6,22.0,0.0,0.0,0.0,2015,4,0.08703645175194191,0.7067347191784437,0.17230411622426728
00-0032120,2015,WR,220,7,23.0,0.0,0.0,1.0,2015,4,0.10351581280688729,0.6717109701131216,0.16459942529496163
00-0032121,2015,WR,221,7,,0.0,0.0,0.0,2015,4,0.11109159171880684,0.6207867777263752,0.17982598445878079
00-0032139,2015,TE,229,7,22.0,0.0,0.0,1.0,2015,4,0.06135238095447648,0.6602444939174478,0.11724548252096786
00-0031959,2015,RB,230,7,23.0,0.0,0.0,1.0,2015,4,0.09745339488476433,0.6173338560991561,0.1403472816009823
00-0031960,2015,WR,233,7,23.0,0.0,0.0,0.0,2015,4,0.09910467882260147,0.6430425607472852,0.15947924074556347
00-0032070,2015,WR,234,7,22.0,0.0,0.0,1.0,2015,4,0.10641620696490045,0.5905186093134971,0.17424481657301483
00-0031625,2015,RB,235,7,23.0,0.0,0.0,0.0,2015,4,0.09527320586563336,0.6061172805624928,0.1382017598198948
00-0031962,2015,WR,238,7,23.0,0.0,0.0,1.0,2015,4,0.09751613983382448,0.6321614164703708,0.15762733511425528
00-0032123,2015,WR,245,7,22.0,0.0,0.0,1.0,2015,4,0.10278517425167973,0.56567328462221,0.1698872841159268
00-0032141,2015,TE,246,7,21.0,0.0,0.0,1.0,2015,4,0.0604608832595758,0.569658491392604,0.12189166632573811
00-0032156,2015,QB,250,7,23.0,1.0,2.0,1.0,2015,4,0.10207449789806464,0.4790032107936255,0.15132158462666778
00-0032072,2015,TE,254,7,22.0,0.0,0.0,0.0,2015,4,0.053637762803098656,0.6027769357415756,0.10770649019182957
00-0032190,2015,TE,256,7,24.0,0.0,0.0,1.0,2015,4,0.04534484666008567,0.6951478725421234,0.0882562956267339
00-0031503,2015,QB,1,1,21.0,1.0,5.0,1.0,2015,5,0.9899194844997513,0.9999793980838224,4.203797889270082
00-0032268,2015,QB,2,1,21.0,1.0,5.0,1.0,2015,5,0.981281913841398,0.9999175501053376,3.959028164564402
00-0031544,2015,WR,4,1,21.0,1.0,5.0,1.0,2015,5,0.9569737858759165,0.9998726772916795,3.8704910029410535
00-0031545,2015,WR,7,1,23.0,0.0,0.0,1.0,2015,5,0.9202720489954404,0.9997534334440338,3.39212194264682
00-0032241,2015,RB,10,1,21.0,1.0,5.0,1.0,2015,5,0.9701534541511072,0.9988469023374891,3.9036254775720485
00-0031547,2015,WR,14,1,22.0,1.0,3.0,1.0,2015,5,0.8721108125740772,0.9986288394006123,3.1067176159137917
00-0032144,2015,RB,15,1,22.0,1.0,4.0,1.0,2015,5,0.947416225662351,0.9979472124766348,3.5389405051278358
00-0031549,2015,WR,20,1,22.0,1.0,2.0,1.0,2015,5,0.8329376095441449,0.9971000669976992,2.886257652858708
00-0032054,2015,WR,26,1,21.0,1.0,1.0,1.0,2015,5,0.8113065787249492,0.9935021636697827,2.8453901255177976
00-0032208,2015,WR,29,1,22.0,1.0,1.0,1.0,2015,5,0.7825107542402184,0.993683608567534,2.649156955043399
00-0032209,2015,RB,36,2,21.0,1.0,3.0,1.0,2015,5,0.8386753049361134,0.983216243574679,2.5693127212707165
00-0031934,2015,WR,37,2,23.0,0.0,0.0,1.0,2015,5,0.6803354269594224,0.9914315250888373,1.9536189472271455
00-0032218,2015,WR,40,2,22.0,1.0,1.0,1.0,2015,5,0.6833370992130742,0.9869869996522759,2.0250570563542447
00-0032055,2015,WR,41,2,21.0,1.0,3.0,1.0,2015,5,0.6963036383332397,0.9823368079454374,2.132008079556785
00-0032104,2015,RB,54,2,22.0,1.0,2.0,1.0,2015,5,0.7423751650091973,0.9704813440051063,2.0936652446635087
00-0031558,2015,TE,55,2,21.0,0.0,0.0,1.0,2015,5,0.683458133689098,0.9791915770956043,1.908044018512424
00-0032256,2015,TE,68,3,23.0,0.0,0.0,1.0,2015,5,0.5188358190861231,0.9788459390376125,1.1625499704005098
00-0032211,2015,WR,69,3,22.0,1.0,5.0,1.0,2015,5,0.5153910331080875,0.9580541734845588,1.3390764056564435
00-0031560,2015,WR,70,3,21.0,0.0,0.0,1.0,2015,5,0.532762326788123,0.9447969309754113,1.4329663828168875
00-0032058,2015,RB,73,3,22.0,1.0,4.0,1.0,2015,5,0.6111035400354604,0.9436608256250681,1.4611135457715358
00-0032148,2015,QB,75,3,24.0,0.0,0.0,0.0,2015,5,0.4932324139506098,0.9437868781115422,1.0028000241072597
00-0032128,2015,WR,76,3,22.0,1.0,1.0,1.0,2015,5,0.49418654657693595,0.9490777390548328,1.2903100443924418
00-0032257,2015,RB,77,3,21.0,1.0,5.0,1.0,2015,5,0.6147764180391909,0.9205686616051817,1.525428586797255
00-0032214,2015,TE,85,3,22.0,1.0,1.0,1.0,2015,5,0.46038578725946394,0.955673311756026,1.0851191621756162
00-0032187,2015,RB,86,3,23.0,1.0,4.0,1.0,2015,5,0.5410146673034021,0.9392768983811098,1.2521174969676476
00-0032166,2015,WR,87,3,22.0,0.0,0.0,1.0,2015,5,0.4645748444278072,0.9334378359629647,1.2241610935675553
00-0032245,2015,QB,89,3,23.0,0.0,0.0,1.0,2015,5,0.4750804470313712,0.9020326649283174,1.016151215737918
00-0032227,2015,TE,92,3,22.0,0.0,0.0,1.0,2015,5,0.4326567280282897,0.9474288298221315,1.029350694656077
00-0032200,2015,WR,94,3,22.0,1.0,1.0,1.0,2015,5,0.44772077282444334,0.922577282620761,1.1873990631330775
00-0031939,2015,RB,95,3,22.0,1.0,1.0,1.0,2015,5,0.5304805379673683,0.9068099348109663,1.2774990896603025
00-0031568,2015,QB,103,4,24.0,0.0,0.0,1.0,2015,5,0.36744514639452114,0.8940847395721101,0.664481227362027
00-0031941,2015,WR,105,4,22.0,1.0,4.0,1.0,2015,5,0.36914057423381386,0.8995441228978424,0.8710830581457243
00-0031569,2015,RB,106,4,23.0,1.0,1.0,1.0,2015,5,0.4191469502921916,0.905068871259469,0.8415709732592014
00-0031570,2015,WR,107,4,23.0,0.0,0.0,1.0,2015,5,0.346432198855921,0.9176440770834133,0.7933402801392019
00-0032062,2015,TE,117,4,24.0,0.0,0.0,1.0,2015,5,0.2678891559393595,0.94325984264737,0.5487411791671152
00-0032188,2015,WR,123,4,24.0,0.0,0.0,1.0,2015,5,0.30166105886660466,0.9149635569289786,0.6846503543461427
00-0031577,2015,RB,125,4,24.0,1.0,2.0,1.0,2015,5,0.3509110215311333,0.8978200637860119,0.7031104884843221
00-0032063,2015,RB,126,4,22.0,1.0,1.0,1.0,2015,5,0.38688107951913553,0.8375643184995532,0.8248587999631595
00-0032064,2015,WR,132,4,23.0,0.0,0.0,1.0,2015,5,0.3059514010394728,0.8774935949983897,0.72305959480013
00-0032133,2015,RB,138,5,22.0,0.0,0.0,1.0,2015,5,0.3093364493856199,0.8021546870408469,0.5792644504284024
00-0032170,2015,WR,139,5,22.0,0.0,0.0,1.0,2015,5,0.26677367830655074,0.8247738303804484,0.5843277826202445
00-0031585,2015,TE,143,5,23.0,0.0,0.0,1.0,2015,5,0.19208576519975754,0.8854619899336572,0.38212301091293055
00-0031588,2015,WR,146,5,21.0,1.0,5.0,1.0,2015,5,0.27450091285985273,0.7662658789078758,0.62770342530833
00-0031589,2015,QB,147,5,22.0,1.0,1.0,1.0,2015,5,0.28301238646999577,0.700991645589749,0.514993800642166
00-0031590,2015,RB,149,5,22.0,1.0,2.0,1.0,2015,5,0.2892013460459496,0.775859721115307,0.5516683535285122
00-0032152,2015,RB,155,5,22.0,1.0,1.0,1.0,2015,5,0.27914519396040405,0.7613884190860243,0.5379350004245131
00-0031594,2015,WR,156,5,23.0,0.0,0.0,0.0,2015,5,0.23242895920797504,0.8270016797379462,0.5035201719330872
00-0032134,2015,TE,157,5,22.0,1.0,1.0,1.0,2015,5,0.18441970879273456,0.8285456398211145,0.3915710445322599
00-0032112,2015,WR,159,5,23.0,1.0,2.0,1.0,2015,5,0.22945860373147378,0.8211915293969986,0.4990017731229448
00-0032135,2015,TE,160,5,21.0,0.0,0.0,1.0,2015,5,0.19290527749013137,0.7814587885809908,0.4264556316822341
00-0032113,2015,WR,162,5,23.0,0.0,0.0,0.0,2015,5,0.22656978409424336,0.8153426785951081,0.4946048153070966
00-0031598,2015,TE,171,5,22.0,0.0,0.0,1.0,2015,5,0.16689112882400456,0.7992934814564804,0.36558155095042577
00-0031951,2015,TE,173,5,23.0,0.0,0.0,1.0,2015,5,0.15360519517038596,0.8339441582251722,0.3276289503608113
00-0031599,2015,RB,174,5,25.0,0.0,0.0,1.0,2015,5,0.20744897008382837,0.8451161811270247,0.38064828098843495
00-0031600,2015,WR,175,5,23.0,0.0,0.0,1.0,2015,5,0.21491404932327,0.7896262710901985,0.4768306797840408
00-0032115,2015,WR,184,6,23.0,0.0,0.0,1.0,2015,5,0.17243837687579647,0.7621128052417178,0.350364406779199
00-0031953,2015,WR,186,6,23.0,0.0,0.0,1.0,2015,5,0.17108804579704448,0.7579637856739813,0.3484920751411901
00-0031954,2015,WR,187,6,22.0,0.0,0.0,1.0,2015,5,0.18237238284997717,0.705155384801855,0.38521435572166063
00-0032117,2015,TE,194,6,23.0,0.0,0.0,1.0,2015,5,0.10929795310964349,0.7860882933680463,0.2218703132608134
00-0032068,2015,TE,195,6,23.0,0.0,0.0,1.0,2015,5,0.10859014255684253,0.7841235858645749,0.22091265556736564
00-0031533,2015,TE,198,6,23.0,0.0,0.0,1.0,2015,5,0.1065119696567409,0.7782124958917734,0.21809250014677667
nogsis:2015:201,2015,WR,201,6,,0.0,0.0,0.0,2015,5,0.17310995624854353,0.6726168819913773,0.37172226101027417
00-0031609,2015,TE,202,6,23.0,0.0,0.0,1.0,2015,5,0.1038425855574715,0.7702951575265952,0.2144510065964965
00-0031610,2015,WR,204,6,22.0,1.0,1.0,1.0,2015,5,0.17125591192615655,0.6657152728099422,0.3690102863738829
00-0031611,2015,RB,205,6,23.0,0.0,0.0,1.0,2015,5,0.1665919259908997,0.6876896638594192,0.29887298649559224
00-0031617,2015,TE,213,6,22.0,0.0,0.0,0.0,2015,5,0.10450416837814915,0.6966896329030206,0.22852993279420553
00-0032120,2015,WR,220,7,23.0,0.0,0.0,1.0,2015,5,0.12409695558927357,0.6759950392888572,0.24340070792291335
00-0032121,2015,WR,221,7,,0.0,0.0,0.0,2015,5,0.1328620119256197,0.6148127552573665,0.2711933354077219
00-0032139,2015,TE,229,7,22.0,0.0,0.0,1.0,2015,5,0.07729177309007085,0.649009034414845,0.1628170647781841
00-0031959,2015,RB,230,7,23.0,0.0,0.0,1.0,2015,5,0.1210062676811761,0.6222851041973926,0.20355663578609873
00-0031960,2015,WR,233,7,23.0,0.0,0.0,0.0,2015,5,0.11872089380508126,0.6489929075959473,0.23633281057926975
00-0032070,2015,WR,234,7,22.0,0.0,0.0,1.0,2015,5,0.12718596877223465,0.5859646167387323,0.2633743328435909
00-0031625,2015,RB,235,7,23.0,0.0,0.0,0.0,2015,5,0.11817075175322257,0.6118082680661964,0.200527142782047
00-0031962,2015,WR,238,7,23.0,0.0,0.0,1.0,2015,5,0.11678428201647606,0.6387483472998371,0.23377111211740037
00-0032123,2015,WR,245,7,22.0,0.0,0.0,1.0,2015,5,0.1227755512639455,0.5623342950723278,0.25725194580084765
00-0032141,2015,TE,246,7,21.0,0.0,0.0,1.0,2015,5,0.07592880309527443,0.5483970050791986,0.1719780955850495
00-0032156,2015,QB,250,7,23.0,1.0,2.0,1.0,2015,5,0.12450767991968201,0.4855376212302139,0.20798784189569622
00-0032072,2015,TE,254,7,22.0,0.0,0.0,0.0,2015,5,0.06744187012642207,0.5938744066793291,0.14887189347436242
00-0032190,2015,TE,256,7,24.0,0.0,0.0,1.0,2015,5,0.057196640459910554,0.7065799561424031,0.11753442280266865
00-0033106,2016,QB,1,1,21.0,1.0,1.0,1.0,2016,1,0.876944396843883,0.9871459968448902,0.876944396843883
00-0032950,2016,QB,2,1,23.0,1.0,1.0,1.0,2016,1,0.7950375602495586,0.9814528962173934,0.7950375602495586
00-0033045,2016,RB,4,1,21.0,1.0,1.0,1.0,2016,1,0.8114208104875209,0.9912468841658113,0.8114208104875209
00-0032966,2016,WR,15,1,22.0,0.0,0.0,1.0,2016,1,0.609394862940003,0.9868813633944882,0.609394862940003
00-0033127,2016,WR,21,1,22.0,1.0,1.0,1.0,2016,1,0.5590376130363479,0.9812458814257338,0.5590376130363479
00-0032760,2016,WR,22,1,23.0,0.0,0.0,1.0,2016,1,0.5245113626630805,0.9813333979186275,0.5245113626630805
00-0032951,2016,WR,23,1,21.0,0.0,0.0,1.0,2016,1,0.5723865967950952,0.9782098857075969,0.5723865967950952
00-0033108,2016,QB,26,1,22.0,0.0,0.0,1.0,2016,1,0.5081510039638454,0.8936645796922841,0.5081510039638454
00-0033090,2016,TE,35,2,21.0,1.0,1.0,1.0,2016,1,0.2351230907842155,0.9614355669817853,0.2351230907842155
00-0032385,2016,WR,40,2,23.0,1.0,1.0,1.0,2016,1,0.3285059446669435,0.9545753389618528,0.3285059446669435
00-0032764,2016,RB,45,2,22.0,1.0,1.0,1.0,2016,1,0.46561870445434284,0.9316273549843265,0.46561870445434284
00-0032765,2016,WR,47,2,23.0,1.0,1.0,1.0,2016,1,0.30695177673015556,0.9464031228323412,0.30695177673015556
00-0032953,2016,QB,51,2,21.0,0.0,0.0,0.0,2016,1,0.3367460858217525,0.7913515060614649,0.3367460858217525
00-0033009,2016,WR,55,2,21.0,1.0,1.0,1.0,2016,1,0.3339298376543579,0.9303197801397248,0.3339298376543579
00-0033118,2016,RB,73,3,22.0,0.0,0.0,1.0,2016,1,0.3120754918261328,0.8765568401418957,0.3120754918261328
00-0032392,2016,TE,81,3,21.0,0.0,0.0,1.0,2016,1,0.11625617697805833,0.8976984293356857,0.11625617697805833
00-0033069,2016,WR,85,3,23.0,0.0,0.0,1.0,2016,1,0.1646272735087349,0.8765295355070544,0.1646272735087349
00-0033060,2016,WR,86,3,22.0,0.0,0.0,1.0,2016,1,0.1793195390944235,0.869026379634682,0.1793195390944235
00-0032393,2016,RB,90,3,22.0,0.0,0.0,1.0,2016,1,0.293057797799116,0.8576386506486404,0.293057797799116
00-0033119,2016,QB,91,3,23.0,0.0,0.0,1.0,2016,1,0.15886822248792662,0.683144058392587,0.15886822248792662
00-0033104,2016,QB,93,3,23.0,1.0,1.0,1.0,2016,1,0.15725145713535496,0.6798601254692873,0.15725145713535496
00-0032394,2016,TE,94,3,23.0,0.0,0.0,1.0,2016,1,0.08939935152447777,0.8951852814018849,0.08939935152447777
00-0032893,2016,QB,100,4,23.0,0.0,0.0,1.0,2016,1,0.10305340065323972,0.6060694730685514,0.10305340065323972
00-0032398,2016,WR,107,4,23.0,0.0,0.0,1.0,2016,1,0.0988095595198518,0.8084183628697781,0.0988095595198518
00-0033110,2016,TE,110,4,23.0,0.0,0.0,1.0,2016,1,0.05514237863278309,0.8492004677256298,0.05514237863278309
00-0032400,2016,WR,112,4,24.0,0.0,0.0,1.0,2016,1,0.08713486138392752,0.809297130016261,0.08713486138392752
00-0033079,2016,WR,114,4,22.0,0.0,0.0,1.0,2016,1,0.1053484142221659,0.7885839564936427,0.1053484142221659
00-0033111,2016,WR,117,4,21.0,0.0,0.0,1.0,2016,1,0.1145851321510718,0.774414894832032,0.1145851321510718
00-0032404,2016,RB,119,4,22.0,0.0,0.0,1.0,2016,1,0.19073812287459857,0.7866180723518696,0.19073812287459857
00-0032775,2016,WR,126,4,21.0,0.0,0.0,1.0,2016,1,0.11002920979373945,0.7601379852797878,0.11002920979373945
00-0032411,2016,RB,134,4,22.0,0.0,0.0,1.0,2016,1,0.18297206956711254,0.7705517279822028,0.18297206956711254
00-0033077,2016,QB,135,4,23.0,1.0,1.0,1.0,2016,1,0.08855077792346965,0.5552655139576684,0.08855077792346965
00-0032972,2016,RB,136,4,24.0,1.0,1.0,1.0,2016,1,0.15140743270659787,0.7874684176808466,0.15140743270659787
00-0033080,2016,TE,138,4,23.0,0.0,0.0,1.0,2016,1,0.04971731431045532,0.820479820767016,0.04971731431045532
00-0033098,2016,QB,139,4,23.0,0.0,0.0,1.0,2016,1,0.08724259742900006,0.5502419846421759,0.08724259742900006
00-0032778,2016,WR,140,5,21.0,0.0,0.0,1.0,2016,1,0.0691517622506591,0.6830730676399472,0.0691517622506591
00-0032940,2016,RB,143,5,23.0,0.0,0.0,1.0,2016,1,0.11114045977200984,0.7198149112935743,0.11114045977200984
00-0032417,2016,RB,149,5,21.0,0.0,0.0,1.0,2016,1,0.1328539630399096,0.6902584365201084,0.1328539630399096
00-0032780,2016,RB,150,5,21.0,1.0,1.0,1.0,2016,1,0.1325224989889987,0.6891342192643435,0.1325224989889987
00-0032782,2016,RB,153,5,22.0,0.0,0.0,1.0,2016,1,0.11943337734264481,0.6975150305995608,0.11943337734264481
00-0032974,2016,WR,154,5,23.0,0.0,0.0,1.0,2016,1,0.05317837357028258,0.6846045222380525,0.05317837357028258
00-0032975,2016,RB,156,5,22.0,0.0,0.0,1.0,2016,1,0.1185568193794809,0.6942879430010888,0.1185568193794809
00-0032784,2016,QB,162,5,23.0,0.0,0.0,1.0,2016,1,0.053266018939979544,0.4559349374782501,0.053266018939979544
00-0032423,2016,WR,163,5,23.0,0.0,0.0,1.0,2016,1,0.051442017084367346,0.6712227288853091,0.051442017084367346
00-0033040,2016,WR,165,5,22.0,1.0,1.0,1.0,2016,1,0.056702363703539344,0.6560161851533465,0.056702363703539344
00-0032426,2016,RB,171,5,22.0,0.0,0.0,1.0,2016,1,0.11448758976730342,0.6787743744548917,0.11448758976730342
00-0032977,2016,WR,172,5,21.0,0.0,0.0,1.0,2016,1,0.06141337054847796,0.6331568831794033,0.06141337054847796
00-0033112,2016,TE,177,6,23.0,0.0,0.0,1.0,2016,1,0.01872302427403052,0.6784997143684456,0.01872302427403052
00-0032341,2016,WR,180,6,22.0,0.0,0.0,0.0,2016,1,0.03524333535602947,0.5695184905599464,0.03524333535602947
00-0033078,2016,RB,182,6,22.0,0.0,0.0,0.0,2016,1,0.07468079893741861,0.6052480548063569,0.07468079893741861
00-0032429,2016,TE,184,6,23.0,0.0,0.0,1.0,2016,1,0.018382669814265867,0.6706626253385953,0.018382669814265867
00-0032791,2016,WR,186,6,23.0,0.0,0.0,1.0,2016,1,0.031060515900778306,0.5743130802638131,0.031060515900778306
00-0032792,2016,QB,187,6,22.0,0.0,0.0,0.0,2016,1,0.035851900333315485,0.3535737622262898,0.035851900333315485
00-0032430,2016,TE,188,6,23.0,0.0,0.0,1.0,2016,1,0.018196573038472632,0.6662754723504928,0.018196573038472632
00-0032431,2016,QB,191,6,23.0,0.0,0.0,0.0,2016,1,0.03185711485830385,0.3628242110527299,0.03185711485830385
00-0032957,2016,WR,192,6,22.0,0.0,0.0,0.0,2016,1,0.03391474454040259,0.5523671774885324,0.03391474454040259
00-0032795,2016,WR,199,6,22.0,0.0,0.0,1.0,2016,1,0.033198550193905496,0.5427939668527011,0.033198550193905496
00-0032434,2016,QB,201,6,24.0,0.0,0.0,0.0,2016,1,0.02783908808070845,0.36733371809488735,0.02783908808070845
00-0033114,2016,WR,206,6,22.0,0.0,0.0,1.0,2016,1,0.03252098746884526,0.5335215864789423,0.03252098746884526
00-0032436,2016,QB,207,6,23.0,0.0,0.0,0.0,2016,1,0.03049936990411822,0.3499836019194679,0.03049936990411822
00-0032440,2016,RB,211,6,22.0,0.0,0.0,0.0,2016,1,0.07039877934319135,0.5771953340106771,0.07039877934319135
00-0032441,2016,WR,213,6,22.0,0.0,0.0,1.0,2016,1,0.03187878105208452,0.5245369463020813,0.03187878105208452
00-0033049,2016,RB,216,6,22.0,0.0,0.0,0.0,2016,1,0.06974166458317857,0.5727005927248109,0.06974166458317857
00-0033054,2016,TE,217,6,22.0,0.0,0.0,0.0,2016,1,0.01894940482026242,0.623485574670359,0.01894940482026242
00-0032446,2016,QB,223,7,24.0,0.0,0.0,0.0,2016,1,0.01703176967616103,0.2915720487611454,0.01703176967616103
00-0032447,2016,WR,225,7,23.0,0.0,0.0,0.0,2016,1,0.017950346902299172,0.45567763520502225,0.017950346902299172
00-0032365,2016,WR,229,7,22.0,0.0,0.0,1.0,2016,1,0.019792575060047495,0.43739489766510475,0.019792575060047495
00-0032801,2016,WR,230,7,22.0,0.0,0.0,1.0,2016,1,0.019740506913014808,0.43623811631383735,0.019740506913014808
00-0033061,2016,TE,231,7,21.0,0.0,0.0,0.0,2016,1,0.013243575514993111,0.5299754905914006,0.013243575514993111
00-0032450,2016,RB,236,7,22.0,0.0,0.0,1.0,2016,1,0.04422779705139126,0.48788499508674227,0.04422779705139126
00-0032804,2016,RB,237,7,23.0,0.0,0.0,1.0,2016,1,0.03971772721463116,0.5007947303754775,0.03971772721463116
00-0032451,2016,WR,238,7,22.0,0.0,0.0,0.0,2016,1,0.019336565856574242,0.42718599052888734,0.019336565856574242
00-0032959,2016,WR,241,7,23.0,0.0,0.0,1.0,2016,1,0.01721854867333118,0.43735827188960835,0.01721854867333118
00-0032806,2016,RB,242,7,22.0,0.0,0.0,0.0,2016,1,0.04377306491097577,0.482960194120295,0.04377306491097577
00-0032453,2016,WR,243,7,22.0,0.0,0.0,0.0,2016,1,0.019094914227479554,0.42170500545279344,0.019094914227479554
00-0032808,2016,RB,247,7,23.0,0.0,0.0,0.0,2016,1,0.039044527225395934,0.49268131362476386,0.039044527225395934
00-0032900,2016,TE,252,7,23.0,0.0,0.0,0.0,2016,1,0.010213990439664547,0.5374027440146909,0.010213990439664547
00-0033106,2016,QB,1,1,21.0,1.0,2.0,1.0,2016,2,0.9792144211645032,0.999993705542532,1.7994251149627623
00-0032950,2016,QB,2,1,23.0,1.0,2.0,1.0,2016,2,0.9572527329239767,0.9999747766479405,1.6783141810224198
00-0033045,2016,RB,4,1,21.0,1.0,2.0,1.0,2016,2,0.9746847222063686,0.9999439678526522,1.7266882771041492
00-0032966,2016,WR,15,1,22.0,0.0,0.0,1.0,2016,2,0.7891159067158613,0.9989900254088372,1.2757511410423312
00-0033127,2016,WR,21,1,22.0,1.0,2.0,1.0,2016,2,0.7484500829000054,0.9978042641253208,1.1981667360221109
00-0032760,2016,WR,22,1,23.0,1.0,1.0,1.0,2016,2,0.7259267010889552,0.9977600187203889,1.143946416451451
00-0032951,2016,WR,23,1,21.0,0.0,0.0,1.0,2016,2,0.7526876649209396,0.997044749831429,1.2193770886972415
00-0033108,2016,QB,26,1,22.0,0.0,0.0,1.0,2016,2,0.7441172008940679,0.991125428535491,1.1863724479399629
00-0033090,2016,TE,35,2,21.0,1.0,2.0,1.0,2016,2,0.5884983327104384,0.9933585639901197,0.786743763446505
00-0032385,2016,WR,40,2,23.0,1.0,2.0,1.0,2016,2,0.5400348842148281,0.9907280437450146,0.7699590888160438
00-0032764,2016,RB,45,2,22.0,1.0,2.0,1.0,2016,2,0.7070062543228088,0.9857610701702882,1.007688144956632
00-0032765,2016,WR,47,2,23.0,1.0,2.0,1.0,2016,2,0.5126497207430872,0.9865954090741272,0.7342436670930861
00-0032953,2016,QB,51,2,21.0,0.0,0.0,0.0,2016,2,0.546720992336806,0.9553425035871137,0.8269667647555545
00-0033009,2016,WR,55,2,21.0,1.0,1.0,1.0,2016,2,0.5281571734671212,0.9772513376998624,0.7830717207141775
00-0033118,2016,RB,73,3,22.0,1.0,1.0,1.0,2016,2,0.5047751567328035,0.9557914555620519,0.655039100556651
00-0032392,2016,TE,81,3,21.0,1.0,1.0,1.0,2016,2,0.29598576792367226,0.9522915093573123,0.39189092770663697
00-0033069,2016,WR,85,3,23.0,0.0,0.0,1.0,2016,2,0.3187923914501797,0.94701929106747,0.4333621263960637
00-0033060,2016,WR,86,3,22.0,0.0,0.0,1.0,2016,2,0.33566329569063985,0.940967230980328,0.46264282825700703
00-0032393,2016,RB,90,3,22.0,0.0,0.0,1.0,2016,2,0.45561303147961907,0.9302002468846641,0.6048928213489196
00-0033119,2016,QB,91,3,23.0,1.0,1.0,1.0,2016,2,0.29567543742029595,0.8683699138576383,0.4278210944180211
00-0033104,2016,QB,93,3,23.0,1.0,1.0,1.0,2016,2,0.2919368861411584,0.8626638740862659,0.4238983405431927
00-0032394,2016,TE,94,3,23.0,0.0,0.0,1.0,2016,2,0.23490512968503294,0.9437302053613442,0.31154715300881397
00-0032893,2016,QB,100,4,23.0,0.0,0.0,1.0,2016,2,0.20547780463149698,0.8359331165342724,0.27775421560889196
00-0032398,2016,WR,107,4,23.0,0.0,0.0,1.0,2016,2,0.21041797346158875,0.9093449744388988,0.2697970433337926
00-0033110,2016,TE,110,4,23.0,0.0,0.0,1.0,2016,2,0.14927385376255325,0.9172308250888592,0.18742103330720514
00-0032400,2016,WR,112,4,24.0,0.0,0.0,1.0,2016,2,0.19183380480631526,0.907847644998053,0.24504852679654185
00-0033079,2016,WR,114,4,22.0,0.0,0.0,1.0,2016,2,0.21738566562871556,0.8881160253789127,0.2848019782303226
00-0033111,2016,WR,117,4,21.0,0.0,0.0,1.0,2016,2,0.22898537454705054,0.8725900540523873,0.30465385106243803
00-0032404,2016,RB,119,4,22.0,0.0,0.0,1.0,2016,2,0.3000061561987381,0.8697284801414934,0.3757112161422976
00-0032775,2016,WR,126,4,21.0,0.0,0.0,1.0,2016,2,0.22019341194207726,0.8522993413036012,0.2965054411877487
00-0032411,2016,RB,134,4,22.0,0.0,0.0,1.0,2016,2,0.27706881127959254,0.8353710604643712,0.35590969145723406
00-0033077,2016,QB,135,4,23.0,1.0,2.0,1.0,2016,2,0.1678226837993626,0.7214112428392662,0.24107825032253144
00-0032972,2016,RB,136,4,24.0,1.0,1.0,1.0,2016,2,0.24191157017768475,0.8538373455961846,0.3042012341237981
00-0033080,2016,TE,138,4,23.0,0.0,0.0,1.0,2016,2,0.1233182695435481,0.8668446737287226,0.16268677644469026
00-0033098,2016,QB,139,4,23.0,0.0,0.0,1.0,2016,2,0.16446992648112557,0.7079859101525875,0.2377402910072658
00-0032778,2016,WR,140,5,21.0,0.0,0.0,1.0,2016,2,0.14898533980043782,0.8120743226390417,0.1877519097880651
00-0032940,2016,RB,143,5,23.0,0.0,0.0,1.0,2016,2,0.18077159782229674,0.8199229317904587,0.21243370629506703
00-0032417,2016,RB,149,5,21.0,0.0,0.0,1.0,2016,2,0.20091290604807083,0.7765635346374206,0.2440771957014909
00-0032780,2016,RB,150,5,21.0,1.0,2.0,1.0,2016,2,0.19990366284159342,0.7738696254379624,0.24327856766372316
00-0032782,2016,RB,153,5,22.0,0.0,0.0,1.0,2016,2,0.18389812969819588,0.7810957681566965,0.22253326592037548
00-0032974,2016,WR,154,5,23.0,0.0,0.0,1.0,2016,2,0.12166600252542735,0.8050731025492365,0.15311408435254326
00-0032975,2016,RB,156,5,22.0,0.0,0.0,1.0,2016,2,0.18116999682769772,0.7733253568452836,0.22040114940747096
00-0032784,2016,QB,162,5,23.0,0.0,0.0,1.0,2016,2,0.10353873343529445,0.6211991310877283,0.14324449819168922
00-0032423,2016,WR,163,5,23.0,0.0,0.0,1.0,2016,2,0.11759091087272659,0.7836418158098107,0.1497479024801395
00-0033040,2016,WR,165,5,22.0,1.0,2.0,1.0,2016,2,0.12574262383526882,0.76337752488002,0.1621339671844269
00-0032426,2016,RB,171,5,22.0,1.0,1.0,1.0,2016,2,0.16869788280356107,0.7339970626982902,0.21056459839344105
00-0032977,2016,WR,172,5,21.0,0.0,0.0,1.0,2016,2,0.1320641226504821,0.7286340844126845,0.17347812719818573
00-0033112,2016,TE,177,6,23.0,0.0,0.0,1.0,2016,2,0.046684804030182186,0.7682000794366486,0.05582440053058807
00-0032341,2016,WR,180,6,22.0,0.0,0.0,0.0,2016,2,0.08281666597115324,0.7159575687331744,0.10021411723114207
00-0033078,2016,RB,182,6,22.0,0.0,0.0,0.0,2016,2,0.1130615733747849,0.6953503076155103,0.13225377139842934
00-0032429,2016,TE,184,6,23.0,0.0,0.0,1.0,2016,2,0.04503059962117919,0.7516052822911724,0.05441224491655603
00-0032791,2016,WR,186,6,23.0,0.0,0.0,1.0,2016,2,0.07504666544662406,0.7183397290741782,0.09062616100906806
00-0032792,2016,QB,187,6,22.0,0.0,0.0,1.0,2016,2,0.06919637952807879,0.5094471566816773,0.0925289003210712
00-0032430,2016,TE,188,6,23.0,0.0,0.0,1.0,2016,2,0.04413759080596221,0.7420677167719821,0.05364501919520577
00-0032431,2016,QB,191,6,23.0,0.0,0.0,1.0,2016,2,0.06289923322757243,0.519390662600002,0.0838920057235158
00-0032957,2016,WR,192,6,22.0,0.0,0.0,0.0,2016,2,0.0795374218466254,0.6846688308446561,0.09766811802260587
00-0032795,2016,WR,199,6,22.0,0.0,0.0,1.0,2016,2,0.07776948956207158,0.6665307737219788,0.09628769748934352
00-0032434,2016,QB,201,6,24.0,0.0,0.0,0.0,2016,2,0.05582086418481901,0.5125109169816736,0.07484832649413636
00-0033114,2016,WR,206,6,22.0,0.0,0.0,1.0,2016,2,0.07609689250775917,0.6485385878909005,0.09497635141752321
00-0032436,2016,QB,207,6,23.0,0.0,0.0,0.0,2016,2,0.05908186553335747,0.4740681878568749,0.08043522146376572
00-0032440,2016,RB,211,6,22.0,0.0,0.0,0.0,2016,2,0.09983535124524329,0.6185828583270776,0.12246907535475006
00-0032441,2016,WR,213,6,22.0,0.0,0.0,1.0,2016,2,0.07451162716314673,0.6307365935798277,0.09372842145567034
00-0033049,2016,RB,216,6,22.0,0.0,0.0,0.0,2016,2,0.09787100756457491,0.6057323793313253,0.12098364633513162
00-0033054,2016,TE,217,6,22.0,0.0,0.0,0.0,2016,2,0.04186521671422284,0.6530989608535377,0.05334574805211464
00-0032446,2016,QB,223,7,24.0,0.0,0.0,0.0,2016,2,0.03487408396747737,0.4427904064119718,0.0445914131525169
00-0032447,2016,WR,225,7,23.0,0.0,0.0,0.0,2016,2,0.045321997271328004,0.6107743275651787,0.052809159004301096
00-0032365,2016,WR,229,7,22.0,0.0,0.0,1.0,2016,2,0.04856943658431582,0.5798834324145696,0.05735311243764537
00-0032801,2016,WR,230,7,22.0,0.0,0.0,1.0,2016,2,0.04843243670166227,0.577427695746887,0.057252245338960284
00-0033061,2016,TE,231,7,21.0,0.0,0.0,0.0,2016,2,0.028941106709515437,0.5873046532389338,0.03506299221471709
00-0032450,2016,RB,236,7,22.0,0.0,0.0,1.0,2016,2,0.06234228305093781,0.5446523349900394,0.07365281007286867
00-0032804,2016,RB,237,7,23.0,0.0,0.0,1.0,2016,2,0.05735977268270905,0.5638626855351928,0.06743187013890081
00-0032451,2016,WR,238,7,22.0,0.0,0.0,0.0,2016,2,0.04737007511571131,0.5580339839879492,0.056467913657889585
00-0032959,2016,WR,241,7,23.0,0.0,0.0,1.0,2016,2,0.043339456760427955,0.5724297130554081,0.0513569445838995
00-0032806,2016,RB,242,7,22.0,0.0,0.0,0.0,2016,2,0.06097466335215101,0.5302284409385094,0.07267539711054305
00-0032453,2016,WR,243,7,22.0,0.0,0.0,0.0,2016,2,0.04673494888720756,0.5461501483112685,0.0559971325595673
00-0032808,2016,RB,247,7,23.0,0.0,0.0,0.0,2016,2,0.0552916261752158,0.5402466141755935,0.06596212060263762
00-0032900,2016,TE,252,7,23.0,0.0,0.0,0.0,2016,2,0.0225949094776782,0.5802510606020764,0.02767158782813068
00-0033106,2016,QB,1,1,21.0,1.0,3.0,1.0,2016,3,0.9924698009426233,0.9999925034152618,2.6147553063530666
00-0032950,2016,QB,2,1,23.0,1.0,3.0,1.0,2016,3,0.9813891547071549,0.9999743138794752,2.4211068330866716
00-0033045,2016,RB,4,1,21.0,1.0,3.0,1.0,2016,3,0.9848516255839298,0.9999148318802383,2.5980189607117135
00-0032966,2016,WR,15,1,22.0,0.0,0.0,1.0,2016,3,0.8690947659879782,0.9989102985333826,1.9373175672763407
00-0033127,2016,WR,21,1,22.0,1.0,3.0,1.0,2016,3,0.826024921131423,0.9976200905375668,1.8219292909283693
00-0032760,2016,WR,22,1,23.0,1.0,2.0,1.0,2016,3,0.8046401236160928,0.997723694739699,1.7506595280346704
00-0032951,2016,WR,23,1,21.0,0.0,0.0,1.0,2016,3,0.8267655481885142,0.9965775367765878,1.8443872441066271
00-0033108,2016,QB,26,1,22.0,0.0,0.0,1.0,2016,3,0.7990401035800473,0.9912400690644668,1.697422511129995
00-0033090,2016,TE,35,2,21.0,1.0,2.0,1.0,2016,3,0.7711947948034495,0.9930168341774327,1.3766066117401763
00-0032385,2016,WR,40,2,23.0,1.0,3.0,1.0,2016,3,0.6339227487431711,0.990955363752156,1.2160231445727385
00-0032764,2016,RB,45,2,22.0,1.0,3.0,1.0,2016,3,0.7287027777339949,0.9832582723933525,1.4697505179773245
00-0032765,2016,WR,47,2,23.0,1.0,3.0,1.0,2016,3,0.5958957594380037,0.9868937831661994,1.1608144764384984
00-0032953,2016,QB,51,2,21.0,0.0,0.0,0.0,2016,3,0.6227407650276188,0.9563010121621717,1.1929844430538377
00-0033009,2016,WR,55,2,21.0,1.0,2.0,1.0,2016,3,0.6042934091507074,0.9746762319403341,1.213840009908195
00-0033118,2016,RB,73,3,22.0,1.0,2.0,1.0,2016,3,0.5383258774615313,0.9519614522011711,0.9560518017537207
00-0032392,2016,TE,81,3,21.0,1.0,2.0,1.0,2016,3,0.4200768452571437,0.9524030179341985,0.6858399298613538
00-0033069,2016,WR,85,3,23.0,0.0,0.0,1.0,2016,3,0.3839627421574038,0.950142973346909,0.7120655406003256
00-0033060,2016,WR,86,3,22.0,0.0,0.0,1.0,2016,3,0.4040524214952371,0.9408919695847271,0.7495987808921099
00-0032393,2016,RB,90,3,22.0,0.0,0.0,1.0,2016,3,0.4774382193871142,0.9251685547608679,0.8769313728275538
00-0033119,2016,QB,91,3,23.0,1.0,1.0,1.0,2016,3,0.36207612260772665,0.8919773113541412,0.6522651082320756
00-0033104,2016,QB,93,3,23.0,1.0,1.0,1.0,2016,3,0.3568446461250353,0.8872435480132412,0.646842835654523
00-0032394,2016,TE,94,3,23.0,0.0,0.0,1.0,2016,3,0.3232711641827364,0.950417661147269,0.5572550940426999
00-0032893,2016,QB,100,4,23.0,0.0,0.0,1.0,2016,3,0.28176810424013843,0.8705438867543319,0.43922651050883144
00-0032398,2016,WR,107,4,23.0,0.0,0.0,1.0,2016,3,0.2743048448178576,0.9180395301442856,0.4623837123050826
00-0033110,2016,TE,110,4,23.0,0.0,0.0,1.0,2016,3,0.2232457474891093,0.9301514509393648,0.34763413051173037
00-0032400,2016,WR,112,4,24.0,0.0,0.0,1.0,2016,3,0.24708793228653095,0.9214774633505048,0.42685820352342063
00-0033079,2016,WR,114,4,22.0,0.0,0.0,1.0,2016,3,0.28085501712467725,0.8924339394595253,0.4797689887988038
00-0033111,2016,WR,117,4,21.0,0.0,0.0,1.0,2016,3,0.29519213202219263,0.8701911154581177,0.5049027248118209
00-0032404,2016,RB,119,4,22.0,0.0,0.0,1.0,2016,3,0.33480945287786235,0.8686535283325426,0.5527386828394839
00-0032775,2016,WR,126,4,21.0,0.0,0.0,1.0,2016,3,0.2800646359183327,0.8494526872333327,0.49077089542551616
00-0032411,2016,RB,134,4,22.0,0.0,0.0,1.0,2016,3,0.30473978345253433,0.8350117490094303,0.5214968106703453
00-0033077,2016,QB,135,4,23.0,1.0,3.0,1.0,2016,3,0.22281113935525734,0.7756112220036367,0.38680593241587236
00-0032972,2016,RB,136,4,24.0,1.0,1.0,1.0,2016,3,0.2623664765050225,0.8691848566625378,0.4559856732697106
00-0033080,2016,TE,138,4,23.0,0.0,0.0,1.0,2016,3,0.16949647794665706,0.8867539130741736,0.29519239222425553
00-0033098,2016,QB,139,4,23.0,0.0,0.0,1.0,2016,3,0.21757132589609365,0.7641413062229141,0.3820015549990511
00-0032778,2016,WR,140,5,21.0,0.0,0.0,1.0,2016,3,0.2108349978737991,0.8159464072091825,0.32427336193010425
00-0032940,2016,RB,143,5,23.0,0.0,0.0,1.0,2016,3,0.21974573965930272,0.836401051345726,0.32416996504639356
00-0032417,2016,RB,149,5,21.0,0.0,0.0,1.0,2016,3,0.24537741480532496,0.7744269767456432,0.3627098614537231
00-0032780,2016,RB,150,5,21.0,1.0,3.0,1.0,2016,3,0.2439372119761174,0.7717828093338299,0.3614380920202165
00-0032782,2016,RB,153,5,22.0,1.0,1.0,1.0,2016,3,0.2226839581001773,0.7902730221325844,0.3345069868017752
00-0032974,2016,WR,154,5,23.0,0.0,0.0,1.0,2016,3,0.16707735433619214,0.828220520928981,0.2734994556704023
00-0032975,2016,RB,156,5,22.0,0.0,0.0,1.0,2016,3,0.21879242876633367,0.7829280792942297,0.3310744248678233
00-0032784,2016,QB,162,5,23.0,0.0,0.0,1.0,2016,3,0.15307475788740033,0.6984182836408157,0.24135053814098348
00-0032423,2016,WR,163,5,23.0,0.0,0.0,1.0,2016,3,0.15934927268075902,0.8086075435700429,0.26712303174559926
00-0033040,2016,WR,165,5,22.0,1.0,3.0,1.0,2016,3,0.1708774425226046,0.7789977340330712,0.28389941266579255
00-0032426,2016,RB,171,5,22.0,1.0,2.0,1.0,2016,3,0.20106006085947106,0.7457208038331362,0.3152621513855292
00-0032977,2016,WR,172,5,21.0,1.0,1.0,1.0,2016,3,0.17872444781005084,0.7331027192837031,0.29802800069284574
00-0033112,2016,TE,177,6,23.0,0.0,0.0,1.0,2016,3,0.07540385510311039,0.8149987198519428,0.10892326906877138
00-0032341,2016,WR,180,6,22.0,0.0,0.0,0.0,2016,3,0.12598918957349578,0.7429412167905546,0.18388128309179172
00-0033078,2016,RB,182,6,22.0,0.0,0.0,0.0,2016,3,0.15147309545518875,0.718946626196949,0.20442764932448432
00-0032429,2016,TE,184,6,23.0,0.0,0.0,1.0,2016,3,0.07142175689516465,0.8009116906604467,0.1056526164353305
00-0032791,2016,WR,186,6,23.0,0.0,0.0,1.0,2016,3,0.11250783656033732,0.7572853670736529,0.16935324051556205
00-0032792,2016,QB,187,6,22.0,0.0,0.0,1.0,2016,3,0.11551101691362992,0.5920756781511719,0.16133978577632246
00-0032430,2016,TE,188,6,23.0,0.0,0.0,1.0,2016,3,0.06929826242277971,0.7927600247615193,0.10388100124304821
00-0032431,2016,QB,191,6,23.0,0.0,0.0,1.0,2016,3,0.10399788224072622,0.6173726019686593,0.1489076025447395
00-0032957,2016,WR,192,6,22.0,0.0,0.0,0.0,2016,3,0.11907659687571699,0.7132519354044599,0.17884356324576067
00-0032795,2016,WR,199,6,22.0,0.0,0.0,1.0,2016,3,0.11538432620249221,0.6959228634833657,0.17611025748915812
00-0032434,2016,QB,201,6,24.0,0.0,0.0,0.0,2016,3,0.09089834444814641,0.6266888040948061,0.13550215602416832
00-0033114,2016,WR,206,6,22.0,0.0,0.0,1.0,2016,3,0.11191457006211827,0.6786475239575703,0.1735125828748819
00-0032436,2016,QB,207,6,23.0,1.0,1.0,1.0,2016,3,0.09642019434024832,0.5744467424047801,0.14343733306923642
00-0032440,2016,RB,211,6,22.0,0.0,0.0,0.0,2016,3,0.13063509973200146,0.6470393700107783,0.18824229803154197
00-0032441,2016,WR,213,6,22.0,0.0,0.0,1.0,2016,3,0.10864778851247892,0.6614708921940711,0.17103956715806734
00-0033049,2016,RB,216,6,22.0,0.0,0.0,1.0,2016,3,0.1275672505908551,0.6348943075586544,0.18579143563663064
00-0033054,2016,TE,217,6,22.0,0.0,0.0,1.0,2016,3,0.06190332920954692,0.7011823005903445,0.0995951630939644
00-0032446,2016,QB,223,7,24.0,0.0,0.0,0.0,2016,3,0.06404111433768166,0.5723689413347812,0.0850038368370969
00-0032447,2016,WR,225,7,23.0,0.0,0.0,0.0,2016,3,0.07406754643203832,0.667968837568579,0.10328676940931857
00-0032365,2016,WR,229,7,22.0,0.0,0.0,1.0,2016,3,0.07961611754581656,0.6236903273671781,0.1098722433299175
00-0032801,2016,WR,230,7,22.0,0.0,0.0,1.0,2016,3,0.07929855068127838,0.6213092072711031,0.10966068439442436
00-0033061,2016,TE,231,7,21.0,0.0,0.0,0.0,2016,3,0.04798779788892689,0.6358880866046792,0.06699837977840621
00-0032450,2016,RB,236,7,22.0,0.0,0.0,1.0,2016,3,0.09140568176239411,0.5884422409168905,0.11690831161517953
00-0032804,2016,RB,237,7,23.0,0.0,0.0,1.0,2016,3,0.08337687419574764,0.622645782977359,0.10847097909788267
00-0032451,2016,WR,238,7,22.0,0.0,0.0,0.0,2016,3,0.07684656206957136,0.6024294993925894,0.10801549431378521
00-0032959,2016,WR,241,7,23.0,0.0,0.0,1.0,2016,3,0.06950784610696444,0.6316407204283622,0.10018855467132434
00-0032806,2016,RB,242,7,22.0,0.0,0.0,0.0,2016,3,0.08900524118917523,0.574675160402166,0.11523849190954584
00-0032453,2016,WR,243,7,22.0,0.0,0.0,0.0,2016,3,0.07538975240424922,0.5907944024075279,0.10702790107250298
00-0032808,2016,RB,247,7,23.0,0.0,0.0,0.0,2016,3,0.07976995456116026,0.6005261698032864,0.10592335954334697
00-0032900,2016,TE,252,7,23.0,0.0,0.0,0.0,2016,3,0.035209195719043206,0.6591257468469662,0.054183906680999136
00-0033106,2016,QB,1,1,21.0,1.0,4.0,1.0,2016,4,0.9948142092557436,0.9999935021771631,3.467474387011766
00-0032950,2016,QB,2,1,23.0,1.0,4.0,1.0,2016,4,0.9869603011672828,0.9999784344893563,3.178608484605072
00-0033045,2016,RB,4,1,21.0,1.0,4.0,1.0,2016,4,0.9831823743144699,0.9999246329989063,3.487154502778374
00-0032966,2016,WR,15,1,22.0,0.0,0.0,1.0,2016,4,0.85954073105906,0.9989097160298901,2.5592574570734117
00-0033127,2016,WR,21,1,22.0,1.0,4.0,1.0,2016,4,0.8203875966142116,0.997636291936267,2.389200822355951
00-0032760,2016,WR,22,1,23.0,1.0,2.0,1.0,2016,4,0.7973220849057441,0.9977925088336199,2.2765740782899964
00-0032951,2016,WR,23,1,21.0,0.0,0.0,1.0,2016,4,0.8247382073237064,0.9965292616838306,2.429372305253758
00-0033108,2016,QB,26,1,22.0,0.0,0.0,1.0,2016,4,0.8581511600425219,0.9920706758394446,2.227966270722117
00-0033090,2016,TE,35,2,21.0,1.0,3.0,1.0,2016,4,0.7993072828280623,0.9951913091698051,1.9002660968159477
00-0032385,2016,WR,40,2,23.0,1.0,4.0,1.0,2016,4,0.6464473065462267,0.9912161892592689,1.591118697714659
00-0032764,2016,RB,45,2,22.0,1.0,4.0,1.0,2016,4,0.7391178134189486,0.9843348810816177,1.8502976292963043
00-0032765,2016,WR,47,2,23.0,1.0,4.0,1.0,2016,4,0.6137882305366047,0.9873146203718901,1.511663099081795
00-0032953,2016,QB,51,2,21.0,0.0,0.0,0.0,2016,4,0.7251564233061504,0.9583304303174469,1.6296906867047434
00-0033009,2016,WR,55,2,21.0,1.0,3.0,1.0,2016,4,0.6328367570567004,0.9744460433382676,1.6066916617757532
00-0033118,2016,RB,73,3,22.0,1.0,3.0,1.0,2016,4,0.5648587870562145,0.9537827731742553,1.196499184432397
00-0032392,2016,TE,81,3,21.0,1.0,3.0,1.0,2016,4,0.47162338814040705,0.9612258570557093,0.9596124667930124
00-0033069,2016,WR,85,3,23.0,0.0,0.0,1.0,2016,4,0.42597778060402386,0.9516236101426557,0.9409129141888664
00-0033060,2016,WR,86,3,22.0,0.0,0.0,1.0,2016,4,0.4502762146313604,0.9413939955273212,1.0040211247678976
00-0032393,2016,RB,90,3,22.0,0.0,0.0,1.0,2016,4,0.5074551545509932,0.9275620823300207,1.0839082728865101
00-0033119,2016,QB,91,3,23.0,1.0,2.0,1.0,2016,4,0.4777573734106985,0.8984924562731982,0.9186709101454638
00-0033104,2016,QB,93,3,23.0,1.0,1.0,1.0,2016,4,0.47218691952525577,0.8939689024884498,0.911372195425429
00-0032394,2016,TE,94,3,23.0,0.0,0.0,1.0,2016,4,0.3651694716919463,0.9603528889409094,0.7512161847968191
00-0032893,2016,QB,100,4,23.0,0.0,0.0,1.0,2016,4,0.3935536459006054,0.8764258529138629,0.6551361087724916
00-0032398,2016,WR,107,4,23.0,0.0,0.0,1.0,2016,4,0.32194547629904957,0.9197090565661586,0.6323303069352187
00-0033110,2016,TE,110,4,23.0,1.0,1.0,1.0,2016,4,0.2624145026016102,0.9416514809003479,0.4876283807715037
00-0032400,2016,WR,112,4,24.0,0.0,0.0,1.0,2016,4,0.29040010117177356,0.9247626974273822,0.5729355554085046
00-0033079,2016,WR,114,4,22.0,0.0,0.0,1.0,2016,4,0.33380161727518187,0.8925192720283004,0.6663995096869707
00-0033111,2016,WR,117,4,21.0,0.0,0.0,1.0,2016,4,0.3532627494365107,0.8677501061196234,0.7137001585823275
00-0032404,2016,RB,119,4,22.0,0.0,0.0,1.0,2016,4,0.3716953856864192,0.870178909085977,0.6927309462658846
00-0032775,2016,WR,126,4,21.0,1.0,1.0,1.0,2016,4,0.33868670727594036,0.8469013379011808,0.6919494101778414
00-0032411,2016,RB,134,4,22.0,0.0,0.0,1.0,2016,4,0.3416408918763516,0.8364304713422654,0.6487958261643146
00-0033077,2016,QB,135,4,23.0,1.0,4.0,1.0,2016,4,0.3228382225053423,0.7837202978505673,0.5809886282894334
00-0032972,2016,RB,136,4,24.0,1.0,1.0,1.0,2016,4,0.29108276450239434,0.8753936016395314,0.5568878743082278
00-0033080,2016,TE,138,4,23.0,0.0,0.0,1.0,2016,4,0.20245113314621255,0.9011927918060199,0.41071536894452776
00-0033098,2016,QB,139,4,23.0,0.0,0.0,1.0,2016,4,0.31631445686271914,0.7724402860218081,0.5741658504983368
00-0032778,2016,WR,140,5,21.0,0.0,0.0,1.0,2016,4,0.2675262701503226,0.8111136284273565,0.4837663597804309
00-0032940,2016,RB,143,5,23.0,1.0,1.0,1.0,2016,4,0.25291950167758626,0.8387377288235465,0.4125331355098232
00-0032417,2016,RB,149,5,21.0,0.0,0.0,1.0,2016,4,0.28686024880301364,0.7691973838962752,0.4724136937714397
00-0032780,2016,RB,150,5,21.0,1.0,4.0,1.0,2016,4,0.28535220531302014,0.7664791138058951,0.4705403775588244
00-0032782,2016,RB,153,5,22.0,1.0,1.0,1.0,2016,4,0.25945218596879566,0.7890291330144376,0.42900018621259917
00-0032974,2016,WR,154,5,23.0,0.0,0.0,1.0,2016,4,0.21284627806723497,0.8304889137547347,0.38804171121212727
00-0032975,2016,RB,156,5,22.0,0.0,0.0,1.0,2016,4,0.2553552402951034,0.7815660506691992,0.4240538983030703
00-0032784,2016,QB,162,5,23.0,0.0,0.0,1.0,2016,4,0.23603165978808666,0.7045307352051199,0.3901783744520745
00-0032423,2016,WR,163,5,23.0,0.0,0.0,1.0,2016,4,0.20469100990535177,0.8112667230811192,0.37808502042141745
00-0033040,2016,WR,165,5,22.0,1.0,4.0,1.0,2016,4,0.2211569445045129,0.7780742329806059,0.41081358117879985
00-0032426,2016,RB,171,5,22.0,1.0,2.0,1.0,2016,4,0.23656780407070782,0.7437446373397768,0.4013646851708342
00-0032977,2016,WR,172,5,21.0,1.0,1.0,1.0,2016,4,0.23394591665468897,0.7277187521194484,0.4408379119001612
00-0033112,2016,TE,177,6,23.0,0.0,0.0,1.0,2016,4,0.09669532579828292,0.8268045138894248,0.17006641293296787
00-0032341,2016,WR,180,6,22.0,0.0,0.0,0.0,2016,4,0.1706478122716196,0.7395261953493746,0.2827962441974825
00-0033078,2016,RB,182,6,22.0,0.0,0.0,0.0,2016,4,0.1843921591305567,0.7135852124103269,0.2714289577874963
00-0032429,2016,TE,184,6,23.0,0.0,0.0,1.0,2016,4,0.09176818705293618,0.8123794805869243,0.1647408482895118
00-0032791,2016,WR,186,6,23.0,0.0,0.0,1.0,2016,4,0.15207194487492917,0.7583522026623356,0.25285830006114524
00-0032792,2016,QB,187,6,22.0,0.0,0.0,1.0,2016,4,0.18852985870381225,0.5894289756111826,0.2929137963534174
00-0032430,2016,TE,188,6,23.0,0.0,0.0,1.0,2016,4,0.08913445493034096,0.803991067518785,0.16185724074619368
00-0032431,2016,QB,191,6,23.0,0.0,0.0,1.0,2016,4,0.1693512446563751,0.6200915485551942,0.26210064332237026
00-0032957,2016,WR,192,6,22.0,0.0,0.0,0.0,2016,4,0.16285347658392932,0.7098883627274957,0.27418387837524044
00-0032795,2016,WR,199,6,22.0,0.0,0.0,1.0,2016,4,0.15865384536953794,0.6926109610581939,0.2695167820290611
00-0032434,2016,QB,201,6,24.0,0.0,0.0,1.0,2016,4,0.14785038623265645,0.6344689197123141,0.23165617384220047
00-0033114,2016,WR,206,6,22.0,0.0,0.0,1.0,2016,4,0.15468320441807085,0.6754015789029167,0.2650851910220687
00-0032436,2016,QB,207,6,23.0,1.0,2.0,1.0,2016,4,0.15803919564656846,0.576867616274519,0.2530876249176046
00-0032440,2016,RB,211,6,22.0,0.0,0.0,0.0,2016,4,0.1610997076286739,0.6401016624611425,0.24728839115717532
00-0032441,2016,WR,213,6,22.0,0.0,0.0,1.0,2016,4,0.15092278710231918,0.6583037766786943,0.26086995473998487
00-0033049,2016,RB,216,6,22.0,0.0,0.0,1.0,2016,4,0.1576365035575691,0.6277121752973281,0.24365882293954644
00-0033054,2016,TE,217,6,22.0,0.0,0.0,1.0,2016,4,0.08099445595853018,0.7057321858980641,0.1594895962276992
00-0032446,2016,QB,223,7,24.0,0.0,0.0,0.0,2016,4,0.10863600925886517,0.5765139808508519,0.15855464744630665
00-0032447,2016,WR,225,7,23.0,0.0,0.0,0.0,2016,4,0.10617829344525978,0.6669992855474879,0.16348290896157078
00-0032365,2016,WR,229,7,22.0,0.0,0.0,1.0,2016,4,0.11539178290509752,0.6173609164966235,0.17969702480747557
00-0032801,2016,WR,230,7,22.0,0.0,0.0,1.0,2016,4,0.11500568708259362,0.6149871070858443,0.17930701315418898
00-0033061,2016,TE,231,7,21.0,0.0,0.0,0.0,2016,4,0.06540261495474696,0.629760297984673,0.12110716359550577
00-0032450,2016,RB,236,7,22.0,0.0,0.0,1.0,2016,4,0.11710551253714403,0.5768854320166114,0.16054398301661463
00-0032804,2016,RB,237,7,23.0,0.0,0.0,1.0,2016,4,0.105865053597244,0.616815300339413,0.14618204609921112
00-0032451,2016,WR,238,7,22.0,0.0,0.0,0.0,2016,4,0.11201488922235472,0.5961777704915915,0.17627593225692054
00-0032959,2016,WR,241,7,23.0,0.0,0.0,1.0,2016,4,0.1006424540184143,0.6309747576266107,0.15798463760854614
00-0032806,2016,RB,242,7,22.0,0.0,0.0,0.0,2016,4,0.11427057062885689,0.5628574357071643,0.15793442334166816
00-0032453,2016,WR,243,7,22.0,0.0,0.0,0.0,2016,4,0.11022967866475372,0.5845966820007488,0.17445800585547533
00-0032808,2016,RB,247,7,23.0,0.0,0.0,0.0,2016,4,0.10162391660973674,0.5943161031527673,0.14230745842636164
00-0032900,2016,TE,252,7,23.0,0.0,0.0,0.0,2016,4,0.04711640421641399,0.6600720522858302,0.09014361159745138
00-0033106,2016,QB,1,1,21.0,1.0,5.0,1.0,2016,5,0.992364608035943,0.9999838631324888,4.269483283822902
00-0032950,2016,QB,2,1,23.0,1.0,5.0,1.0,2016,5,0.981224084001436,0.9999562289392814,3.836677918275535
00-0033045,2016,RB,4,1,21.0,1.0,5.0,1.0,2016,5,0.9902225299578992,0.9998923621693189,4.3520220120955315
00-0032966,2016,WR,15,1,22.0,0.0,0.0,1.0,2016,5,0.8659966354424212,0.9987395274602845,3.1024474576287213
00-0033127,2016,WR,21,1,22.0,1.0,5.0,1.0,2016,5,0.8297434479483723,0.9973788207453452,2.8899019962697903
00-0032760,2016,WR,22,1,23.0,1.0,2.0,1.0,2016,5,0.8036085753894939,0.9976391648685181,2.719946093100555
00-0032951,2016,WR,23,1,21.0,0.0,0.0,1.0,2016,5,0.8379835453006642,0.9960767652436372,2.9711118164580292
00-0033108,2016,QB,26,1,22.0,0.0,0.0,1.0,2016,5,0.8488516269606617,0.9901549667739378,2.5706552163647105
00-0033090,2016,TE,35,2,21.0,1.0,4.0,1.0,2016,5,0.8209532294990721,0.9941504798679576,2.3667838290743535
00-0032385,2016,WR,40,2,23.0,1.0,5.0,1.0,2016,5,0.6600068283360645,0.9909342823652039,1.9168759355624791
00-0032764,2016,RB,45,2,22.0,1.0,5.0,1.0,2016,5,0.7840006546312853,0.9828645556908104,2.2412832419880164
00-0032765,2016,WR,47,2,23.0,1.0,4.0,1.0,2016,5,0.6290318842153196,0.9871640666093293,1.817945253673677
00-0032953,2016,QB,51,2,21.0,0.0,0.0,0.0,2016,5,0.7301882129608355,0.9518784876519045,1.8900371703055003
00-0033009,2016,WR,55,2,21.0,1.0,4.0,1.0,2016,5,0.6610129913137841,0.9730738600618648,1.9820213482174598
00-0033118,2016,RB,73,3,22.0,1.0,4.0,1.0,2016,5,0.6119410379537493,0.9503596667201922,1.4540871394399015
00-0032392,2016,TE,81,3,21.0,1.0,3.0,1.0,2016,5,0.5322584341277311,0.9572521190157307,1.2411978768914431
00-0033069,2016,WR,85,3,23.0,0.0,0.0,1.0,2016,5,0.4469160786187921,0.9526637789302086,1.1467907060373006
00-0033060,2016,WR,86,3,22.0,0.0,0.0,1.0,2016,5,0.47822420101162627,0.9410444635279753,1.2413400402973631
00-0032393,2016,RB,90,3,22.0,0.0,0.0,1.0,2016,5,0.5499412558528742,0.9240296690216536,1.307831870853225
00-0033119,2016,QB,91,3,23.0,1.0,2.0,1.0,2016,5,0.4863850760743215,0.897528527713128,1.029410964486162
00-0033104,2016,QB,93,3,23.0,1.0,1.0,1.0,2016,5,0.4813760623557075,0.8933877807195273,1.0206798693326458
00-0032394,2016,TE,94,3,23.0,0.0,0.0,1.0,2016,5,0.4142929642792723,0.9597078289321607,0.9472360440884504
00-0032893,2016,QB,100,4,23.0,0.0,0.0,1.0,2016,5,0.4047424506732247,0.8731600519967335,0.7506898193326155
00-0032398,2016,WR,107,4,23.0,0.0,0.0,1.0,2016,5,0.3428873422520894,0.9206525579415457,0.7915300899864947
00-0033110,2016,TE,110,4,23.0,1.0,2.0,1.0,2016,5,0.3087842969236639,0.939970660179332,0.6401578810286048
00-0032400,2016,WR,112,4,24.0,0.0,0.0,1.0,2016,5,0.3047990590910361,0.9281070800512391,0.7057924958012678
00-0033079,2016,WR,114,4,22.0,0.0,0.0,1.0,2016,5,0.36174170728238053,0.8915642825211633,0.8459213194575764
00-0033111,2016,WR,117,4,21.0,0.0,0.0,1.0,2016,5,0.38845564800700416,0.8634106880945892,0.9193498127268356
00-0032404,2016,RB,119,4,22.0,0.0,0.0,1.0,2016,5,0.4051368084252743,0.8634452713086185,0.8486645284343043
00-0032775,2016,WR,126,4,21.0,1.0,2.0,1.0,2016,5,0.37379639415069094,0.8432165501823982,0.8902933998449879
00-0032411,2016,RB,134,4,22.0,0.0,0.0,1.0,2016,5,0.37081191599834135,0.8301882169961267,0.7913960561837773
00-0033077,2016,QB,135,4,23.0,1.0,5.0,1.0,2016,5,0.3401521228490549,0.7889356169678503,0.6603601959521614
00-0032972,2016,RB,136,4,24.0,1.0,1.0,1.0,2016,5,0.306110915119658,0.8773341605052246,0.6507465764771803
00-0033080,2016,TE,138,4,23.0,0.0,0.0,1.0,2016,5,0.2466744115247695,0.9017209069431336,0.5426225444768499
00-0033098,2016,QB,139,4,23.0,0.0,0.0,1.0,2016,5,0.33413202930995217,0.7788720440753419,0.65208152392243
00-0032778,2016,WR,140,5,21.0,0.0,0.0,1.0,2016,5,0.2997282228920748,0.8027729860067203,0.647940849182276
00-0032940,2016,RB,143,5,23.0,1.0,1.0,1.0,2016,5,0.27131142270847963,0.8324970076669811,0.5077678821853457
00-0032417,2016,RB,149,5,21.0,0.0,0.0,1.0,2016,5,0.31724287885696983,0.7505975153510597,0.6079546126294312
00-0032780,2016,RB,150,5,21.0,1.0,4.0,1.0,2016,5,0.31548044140177045,0.7478743460496639,0.6054094308877865
00-0032782,2016,RB,153,5,22.0,1.0,1.0,1.0,2016,5,0.28200540960071585,0.7774175388781874,0.5390162714241322
00-0032974,2016,WR,154,5,23.0,0.0,0.0,1.0,2016,5,0.23145538235911275,0.8332040615289247,0.5024376231023907
00-0032975,2016,RB,156,5,22.0,0.0,0.0,1.0,2016,5,0.2772402784516522,0.7700517420588917,0.5324079033544772
00-0032784,2016,QB,162,5,23.0,0.0,0.0,1.0,2016,5,0.25443739346695227,0.71065429516065,0.45686753680748204
00-0032423,2016,WR,163,5,23.0,0.0,0.0,1.0,2016,5,0.22309007934921649,0.8152799496174061,0.4889459729432542
00-0033040,2016,WR,165,5,22.0,1.0,5.0,1.0,2016,5,0.24560585927602382,0.7776151649711761,0.5399355800530028
00-0032426,2016,RB,171,5,22.0,1.0,2.0,1.0,2016,5,0.2553957175745317,0.7329551740711431,0.5021726165689084
00-0032977,2016,WR,172,5,21.0,1.0,2.0,1.0,2016,5,0.26478503753738486,0.7221124346742582,0.5884844597765442
00-0033112,2016,TE,177,6,23.0,0.0,0.0,1.0,2016,5,0.12500440049754366,0.8222856657104102,0.2499149373645128
00-0032341,2016,WR,180,6,22.0,0.0,0.0,0.0,2016,5,0.19163437916142323,0.7336422800146096,0.3911393540571029
00-0033078,2016,RB,182,6,22.0,0.0,0.0,0.0,2016,5,0.19936790583056635,0.6954279793575968,0.35479332779173156
00-0032429,2016,TE,184,6,23.0,0.0,0.0,1.0,2016,5,0.1193083258588372,0.8085303540547369,0.24226389651663893
00-0032791,2016,WR,186,6,23.0,0.0,0.0,1.0,2016,5,0.16760222726895443,0.7591422544688885,0.3434502037000176
00-0032792,2016,QB,187,6,22.0,0.0,0.0,1.0,2016,5,0.2114917410781797,0.5869316933759476,0.3627965531080068
00-0032430,2016,TE,188,6,23.0,0.0,0.0,1.0,2016,5,0.11624762719781448,0.8005598679413801,0.23811859612246586
00-0032431,2016,QB,191,6,23.0,0.0,0.0,1.0,2016,5,0.18674910457012603,0.6258632104796973,0.31936063621485694
00-0032957,2016,WR,192,6,22.0,0.0,0.0,0.0,2016,5,0.18338875229791857,0.7052633406111737,0.3787534616713448
00-0032795,2016,WR,199,6,22.0,0.0,0.0,1.0,2016,5,0.17893362477997726,0.6887807343932258,0.37204627769596366
00-0032434,2016,QB,201,6,24.0,0.0,0.0,1.0,2016,5,0.16054952784375037,0.6495247143396333,0.27741148852476777
00-0033114,2016,WR,206,6,22.0,0.0,0.0,1.0,2016,5,0.17471326999524328,0.6724001272952642,0.36568087652965464
00-0032436,2016,QB,207,6,23.0,1.0,2.0,1.0,2016,5,0.17573837022877237,0.5868152400749218,0.30741478232858777
00-0032440,2016,RB,211,6,22.0,0.0,0.0,0.0,2016,5,0.17216325851459716,0.62369100039482,0.32138907142279205
00-0032441,2016,WR,213,6,22.0,0.0,0.0,1.0,2016,5,0.17070891469182414,0.6561569245815617,0.35962939331176136
00-0033049,2016,RB,216,6,22.0,0.0,0.0,1.0,2016,5,0.16813471220235346,0.6117075844316282,0.3163872367408179
00-0033054,2016,TE,217,6,22.0,0.0,0.0,1.0,2016,5,0.11015490525015639,0.6995970756616707,0.23927786294748576
00-0032446,2016,QB,223,7,24.0,0.0,0.0,0.0,2016,5,0.11980990992053644,0.5882262371744611,0.19978792495926312
00-0032447,2016,WR,225,7,23.0,0.0,0.0,0.0,2016,5,0.11850851770165238,0.6646437818193313,0.23538817677865026
00-0032365,2016,WR,229,7,22.0,0.0,0.0,1.0,2016,5,0.13174470365680402,0.6081067443870034,0.2636071264356155
00-0032801,2016,WR,230,7,22.0,0.0,0.0,1.0,2016,5,0.13132722812341632,0.6058407438724507,0.2630129473112146
00-0033061,2016,TE,231,7,21.0,0.0,0.0,0.0,2016,5,0.09251838847864854,0.6089198251628253,0.1971844159161053
00-0032450,2016,RB,236,7,22.0,0.0,0.0,1.0,2016,5,0.12443922650446314,0.553211035103968,0.22030929044992115
00-0032804,2016,RB,237,7,23.0,0.0,0.0,1.0,2016,5,0.10987792359584775,0.6012732751803382,0.19467914515342516
00-0032451,2016,WR,238,7,22.0,0.0,0.0,0.0,2016,5,0.12809019216687936,0.5879084752600008,0.2583966278213403
00-0032959,2016,WR,241,7,23.0,0.0,0.0,1.0,2016,5,0.11262063215331941,0.6304857436275847,0.2271050668491039
00-0032806,2016,RB,242,7,22.0,0.0,0.0,0.0,2016,5,0.12114487504407796,0.5397290246678471,0.21651559025382083
00-0032453,2016,WR,243,7,22.0,0.0,0.0,0.0,2016,5,0.12615530046688794,0.576885860653588,0.25562924054800773
00-0032808,2016,RB,247,7,23.0,0.0,0.0,0.0,2016,5,0.10504942005936126,0.5796216109904421,0.18917040337900815
00-0032900,2016,TE,252,7,23.0,0.0,0.0,0.0,2016,5,0.06452335385830534,0.6570659982013729,0.1418560031722316
00-0033869,2017,QB,2,1,23.0,1.0,1.0,1.0,2017,1,0.7975617925753147,0.9799326390551713,0.7975617925753147
00-0033856,2017,RB,4,1,22.0,1.0,1.0,1.0,2017,1,0.8026594996097846,0.990527789862873,0.8026594996097846
00-0033871,2017,WR,5,1,22.0,0.0,0.0,1.0,2017,1,0.7501112566351386,0.9953308730994604,0.7501112566351386
00-0033536,2017,WR,7,1,22.0,0.0,0.0,1.0,2017,1,0.7101474882821319,0.9935478860690735,0.7101474882821319
00-0033280,2017,RB,8,1,21.0,1.0,1.0,1.0,2017,1,0.7677158777791978,0.9837852536754399,0.7677158777791978
00-0033460,2017,WR,9,1,21.0,0.0,0.0,1.0,2017,1,0.6996795996032339,0.9912357481873073,0.6996795996032339
00-0033873,2017,QB,10,1,21.0,0.0,0.0,1.0,2017,1,0.6649332921600022,0.9391681539736935,0.6649332921600022
00-0033537,2017,QB,12,1,21.0,1.0,1.0,1.0,2017,1,0.6421490114564693,0.9322209963982135,0.6421490114564693
00-0033879,2017,TE,19,1,22.0,1.0,1.0,1.0,2017,1,0.3809218383538292,0.9853700849405325,0.3809218383538292
00-0033881,2017,TE,23,1,23.0,1.0,1.0,1.0,2017,1,0.334746587036978,0.9838242728210873,0.334746587036978
00-0033885,2017,TE,29,1,21.0,0.0,0.0,1.0,2017,1,0.35317512104460586,0.977535462482902,0.35317512104460586
00-0033891,2017,WR,37,2,22.0,0.0,0.0,1.0,2017,1,0.36465814589860635,0.9572931429617729,0.36465814589860635
00-0033282,2017,WR,40,2,21.0,0.0,0.0,1.0,2017,1,0.3773316672473825,0.9511402273616304,0.3773316672473825
00-0033893,2017,RB,41,2,22.0,0.0,0.0,1.0,2017,1,0.47989829384083954,0.9384773293763178,0.47989829384083954
00-0033895,2017,TE,44,2,23.0,0.0,0.0,1.0,2017,1,0.18666251238837028,0.9616089727350517,0.18666251238837028
00-0033896,2017,TE,45,2,22.0,0.0,0.0,1.0,2017,1,0.2006547096069604,0.9583284419438777,0.2006547096069604
00-0033897,2017,RB,48,2,21.0,1.0,1.0,1.0,2017,1,0.4876706957180026,0.9275939560569236,0.4876706957180026
00-0033899,2017,QB,52,2,21.0,1.0,1.0,1.0,2017,1,0.3382591231243007,0.7980469448680431,0.3382591231243007
00-0033857,2017,WR,62,2,20.0,1.0,1.0,1.0,2017,1,0.33982806617857625,0.9226857333600902,0.33982806617857625
00-0033906,2017,RB,67,3,22.0,1.0,1.0,1.0,2017,1,0.32178516934941254,0.8877458585427452,0.32178516934941254
00-0033908,2017,WR,69,3,24.0,1.0,1.0,1.0,2017,1,0.17074192785850173,0.9106017894378089,0.17074192785850173
00-0033911,2017,WR,72,3,22.0,0.0,0.0,1.0,2017,1,0.19728955899300807,0.8955279807641305,0.19728955899300807
00-0033916,2017,WR,79,3,23.0,0.0,0.0,1.0,2017,1,0.17354607721723603,0.8932616995077196,0.17354607721723603
00-0033919,2017,WR,82,3,22.0,0.0,0.0,0.0,2017,1,0.18515181036614017,0.8831688749152018,0.18515181036614017
00-0033921,2017,WR,84,3,21.0,1.0,1.0,1.0,2017,1,0.1986110046066376,0.8736702996550654,0.1986110046066376
00-0033923,2017,RB,86,3,22.0,1.0,1.0,1.0,2017,1,0.2979992346876347,0.8693817261445788,0.2979992346876347
00-0033550,2017,QB,87,3,22.0,0.0,0.0,0.0,2017,1,0.18200596807016658,0.6890853756500279,0.18200596807016658
00-0033925,2017,RB,89,3,21.0,0.0,0.0,1.0,2017,1,0.316316518340419,0.8588941897672531,0.316316518340419
00-0033932,2017,WR,96,3,23.0,1.0,1.0,1.0,2017,1,0.1573142077991936,0.8739243834839471,0.1573142077991936
00-0033933,2017,WR,98,3,22.0,0.0,0.0,1.0,2017,1,0.16946523182236375,0.864185214485007,0.16946523182236375
00-0033858,2017,TE,100,3,22.0,0.0,0.0,1.0,2017,1,0.09573830323196875,0.8925178352526081,0.09573830323196875
00-0033936,2017,QB,104,3,23.0,1.0,1.0,1.0,2017,1,0.15410993993950287,0.6788306305327063,0.15410993993950287
00-0033553,2017,RB,105,3,22.0,0.0,0.0,1.0,2017,1,0.279729222926585,0.8529146032451702,0.279729222926585
00-0033937,2017,WR,106,3,23.0,0.0,0.0,1.0,2017,1,0.14954636260474397,0.8629880049888836,0.14954636260474397
00-0033839,2017,WR,110,4,23.0,0.0,0.0,1.0,2017,1,0.09914376334364458,0.8155936346167361,0.09914376334364458
00-0033526,2017,RB,114,4,21.0,1.0,1.0,1.0,2017,1,0.20960057154812736,0.7887504031995717,0.20960057154812736
00-0033943,2017,WR,117,4,22.0,0.0,0.0,1.0,2017,1,0.10502085722316558,0.7959961840296096,0.10502085722316558
00-0033555,2017,WR,118,4,23.0,0.0,0.0,1.0,2017,1,0.09542261571749716,0.8051684374199212,0.09542261571749716
00-0033556,2017,RB,119,4,22.0,1.0,1.0,1.0,2017,1,0.19033442552004717,0.7946933005375245,0.19033442552004717
00-0033286,2017,RB,121,4,24.0,0.0,0.0,0.0,2017,1,0.16002882814278307,0.8135605845716447,0.16002882814278307
00-0033559,2017,TE,127,4,23.0,0.0,0.0,1.0,2017,1,0.05127291789434847,0.8395461509270347,0.05127291789434847
00-0033859,2017,WR,128,4,21.0,0.0,0.0,1.0,2017,1,0.10953417872535501,0.7701069689304799,0.10953417872535501
00-0033561,2017,RB,132,4,22.0,0.0,0.0,0.0,2017,1,0.1833153698587272,0.7827643075941301,0.1833153698587272
00-0033562,2017,WR,133,4,22.0,0.0,0.0,1.0,2017,1,0.09796774009758165,0.7751396390786757,0.09796774009758165
00-0033948,2017,RB,134,4,22.0,1.0,1.0,1.0,2017,1,0.18231414664396264,0.7809931295038303,0.18231414664396264
00-0033949,2017,QB,135,4,22.0,0.0,0.0,0.0,2017,1,0.1005049495489627,0.5497354622462906,0.1005049495489627
00-0033464,2017,WR,139,4,23.0,0.0,0.0,1.0,2017,1,0.08722323045535116,0.7791293712219579,0.08722323045535116
00-0033950,2017,RB,140,4,22.0,0.0,0.0,1.0,2017,1,0.1794219906664629,0.7757749470630999,0.1794219906664629
00-0033840,2017,WR,141,4,22.0,0.0,0.0,1.0,2017,1,0.09489580020329719,0.7651463723595932,0.09489580020329719
00-0033951,2017,RB,143,4,21.0,0.0,0.0,1.0,2017,1,0.19335681262589602,0.7614930900291836,0.19335681262589602
00-0033564,2017,TE,145,5,22.0,0.0,0.0,0.0,2017,1,0.03448747485154078,0.7604357960321944,0.03448747485154078
00-0033288,2017,TE,146,5,23.0,1.0,1.0,1.0,2017,1,0.03115813980251124,0.7711337752166051,0.03115813980251124
00-0033953,2017,TE,150,5,22.0,0.0,0.0,0.0,2017,1,0.03390273561493816,0.7549728751501472,0.03390273561493816
00-0033528,2017,TE,154,5,23.0,0.0,0.0,1.0,2017,1,0.030327980060958125,0.7627651118410753,0.030327980060958125
00-0033567,2017,RB,156,5,21.0,0.0,0.0,1.0,2017,1,0.1286022128083681,0.686334173006662,0.1286022128083681
00-0033955,2017,RB,162,5,21.0,0.0,0.0,1.0,2017,1,0.12672907653795618,0.6806960009841734,0.12672907653795618
00-0033573,2017,WR,166,5,23.0,0.0,0.0,1.0,2017,1,0.05208313361943626,0.6837941513878728,0.05208313361943626
00-0033957,2017,WR,170,5,22.0,0.0,0.0,0.0,2017,1,0.05654963432590873,0.6643102281231292,0.05654963432590873
00-0033958,2017,QB,171,5,23.0,0.0,0.0,1.0,2017,1,0.05366914147143086,0.44959684907238995,0.05366914147143086
00-0033466,2017,WR,172,5,22.0,0.0,0.0,1.0,2017,1,0.05617414265462617,0.6617844783001509,0.05617414265462617
00-0033576,2017,TE,174,5,23.0,0.0,0.0,1.0,2017,1,0.02850771986467485,0.7428286673864998,0.02850771986467485
00-0033291,2017,WR,175,5,22.0,0.0,0.0,0.0,2017,1,0.05562330738062812,0.6580334693305214,0.05562330738062812
00-0033292,2017,WR,177,5,23.0,1.0,1.0,1.0,2017,1,0.05020384276184961,0.6702344422647697,0.05020384276184961
00-0033789,2017,RB,179,5,23.0,0.0,0.0,0.0,2017,1,0.1017970944710538,0.6941150780650183,0.1017970944710538
00-0033293,2017,RB,182,5,22.0,0.0,0.0,1.0,2017,1,0.11071598979266775,0.6774905948551911,0.11071598979266775
00-0033295,2017,RB,188,6,23.0,0.0,0.0,1.0,2017,1,0.06626509323669419,0.614861766254539,0.06626509323669419
00-0033966,2017,TE,201,6,22.0,0.0,0.0,0.0,2017,1,0.01891182498295321,0.6342900206780506,0.01891182498295321
00-0033581,2017,RB,203,6,24.0,0.0,0.0,1.0,2017,1,0.058353301200397306,0.6178581344705815,0.058353301200397306
00-0033791,2017,RB,207,6,23.0,0.0,0.0,0.0,2017,1,0.06365911904901829,0.5990009903138541,0.06365911904901829
00-0033530,2017,WR,209,6,22.0,0.0,0.0,0.0,2017,1,0.03275650868785444,0.5411996723117393,0.03275650868785444
00-0033585,2017,QB,215,6,22.0,0.0,0.0,0.0,2017,1,0.034189752702246064,0.3250026954227262,0.034189752702246064
00-0033968,2017,WR,219,7,23.0,0.0,0.0,1.0,2017,1,0.01868474603361305,0.46703035336627996,0.01868474603361305
00-0033589,2017,WR,226,7,22.0,0.0,0.0,0.0,2017,1,0.020256699075701445,0.4432039887259543,0.020256699075701445
00-0033471,2017,WR,237,7,21.0,0.0,0.0,0.0,2017,1,0.02175068645106428,0.41585987081050513,0.02175068645106428
00-0033304,2017,RB,238,7,23.0,0.0,0.0,1.0,2017,1,0.03928318468283507,0.4967931286415066,0.03928318468283507
00-0033591,2017,WR,239,7,21.0,0.0,0.0,1.0,2017,1,0.021643015917976807,0.41388808309792063,0.021643015917976807
00-0033797,2017,RB,241,7,22.0,0.0,0.0,0.0,2017,1,0.04306222390488939,0.47822247116794014,0.04306222390488939
00-0033975,2017,RB,242,7,21.0,0.0,0.0,0.0,2017,1,0.047355258715181495,0.4611505445835223,0.047355258715181495
00-0033305,2017,WR,247,7,21.0,0.0,0.0,0.0,2017,1,0.021226159470603547,0.4061896751267043,0.021226159470603547
00-0033594,2017,RB,249,7,22.0,0.0,0.0,1.0,2017,1,0.04246646579588918,0.472597939539779,0.04246646579588918
00-0033798,2017,TE,251,7,23.0,0.0,0.0,0.0,2017,1,0.009829170981719775,0.5258783484512874,0.009829170981719775
00-0033596,2017,RB,252,7,23.0,0.0,0.0,1.0,2017,1,0.03833300607740802,0.48692735560633615,0.03833300607740802
00-0033597,2017,QB,253,7,23.0,0.0,0.0,0.0,2017,1,0.018369625795756968,0.25235297227199366,0.018369625795756968
00-0033869,2017,QB,2,1,23.0,1.0,2.0,1.0,2017,2,0.9530677410795304,0.9999579614368422,1.6862350094900656
00-0033856,2017,RB,4,1,22.0,1.0,2.0,1.0,2017,2,0.9754177144447146,0.9999483771203157,1.7150673385552366
00-0033871,2017,WR,5,1,22.0,1.0,1.0,1.0,2017,2,0.8676661378747037,0.9999134037586023,1.4559465409707057
00-0033536,2017,WR,7,1,22.0,1.0,1.0,1.0,2017,2,0.841876504184109,0.9998148628997974,1.3938620401153754
00-0033280,2017,RB,8,1,21.0,1.0,2.0,1.0,2017,2,0.9580409065905534,0.9997306103141288,1.6516810149850165
00-0033460,2017,WR,9,1,21.0,0.0,0.0,1.0,2017,2,0.8349310725713315,0.999647908852122,1.3948450878999
00-0033873,2017,QB,10,1,21.0,1.0,1.0,1.0,2017,2,0.8731913567414161,0.9985253006080805,1.4681875843799133
00-0033537,2017,QB,12,1,21.0,1.0,2.0,1.0,2017,2,0.8561087610735547,0.9978318672040736,1.4279949680415558
00-0033879,2017,TE,19,1,22.0,1.0,2.0,1.0,2017,2,0.7747978995621206,0.9986500660863207,1.1123857869384581
00-0033881,2017,TE,23,1,23.0,1.0,2.0,1.0,2017,2,0.7190227803307306,0.9980645230175686,1.0070691274140122
00-0033885,2017,TE,29,1,21.0,1.0,1.0,1.0,2017,2,0.7141244204307936,0.9961868474470561,1.0390683466515116
00-0033891,2017,WR,37,2,22.0,1.0,1.0,1.0,2017,2,0.5595464992185546,0.9915917205808906,0.8113413035014179
00-0033282,2017,WR,40,2,21.0,1.0,1.0,1.0,2017,2,0.5733000810839677,0.9892139818411265,0.8505689411925677
00-0033893,2017,RB,41,2,22.0,1.0,1.0,1.0,2017,2,0.7451121879817895,0.9891513730826149,1.0635266838678241
00-0033895,2017,TE,44,2,23.0,0.0,0.0,1.0,2017,2,0.4715459663133184,0.9909925415099159,0.6153410197244045
00-0033896,2017,TE,45,2,22.0,0.0,0.0,1.0,2017,2,0.49194079729191764,0.9897886010073353,0.6559137591216792
00-0033897,2017,RB,48,2,21.0,1.0,2.0,1.0,2017,2,0.7364461237582729,0.9833542552383314,1.0770316878405861
00-0033899,2017,QB,52,2,21.0,1.0,1.0,1.0,2017,2,0.5511864259712768,0.9508643401902228,0.8346301603629274
00-0033857,2017,WR,62,2,20.0,1.0,2.0,1.0,2017,2,0.5320488321902218,0.9693349128162796,0.8114499462586571
00-0033906,2017,RB,67,3,22.0,1.0,2.0,1.0,2017,2,0.5509999240148054,0.9655028187141925,0.7082780942269467
00-0033908,2017,WR,69,3,24.0,1.0,2.0,1.0,2017,2,0.31921106848449116,0.9692212570228487,0.41484754630020293
00-0033911,2017,WR,72,3,22.0,0.0,0.0,1.0,2017,2,0.3600302108134655,0.9609408728970295,0.4895983006689344
00-0033916,2017,WR,79,3,23.0,0.0,0.0,1.0,2017,2,0.32368194172791454,0.955580437604279,0.4342414778227621
00-0033919,2017,WR,82,3,22.0,0.0,0.0,0.0,2017,2,0.34170284916742966,0.9482947005948041,0.4692059294527119
00-0033921,2017,WR,84,3,21.0,1.0,2.0,1.0,2017,2,0.36207362980410207,0.9415482993464248,0.5081207927842146
00-0033923,2017,RB,86,3,22.0,1.0,2.0,1.0,2017,2,0.49202905617498877,0.9406854386228508,0.6445266337363043
00-0033550,2017,QB,87,3,22.0,0.0,0.0,0.0,2017,2,0.32874458536083717,0.8681374186820918,0.4702638421592442
00-0033925,2017,RB,89,3,21.0,0.0,0.0,1.0,2017,2,0.5099661459906322,0.9315269157841365,0.687587577507367
00-0033932,2017,WR,96,3,23.0,1.0,2.0,1.0,2017,2,0.2978590121397515,0.9326701019483765,0.40664409763929377
00-0033933,2017,WR,98,3,22.0,0.0,0.0,1.0,2017,2,0.3173402923921405,0.9245978301876501,0.44246445941811197
00-0033858,2017,TE,100,3,22.0,0.0,0.0,1.0,2017,2,0.22510831779385843,0.9362616160663761,0.3027125254025519
00-0033936,2017,QB,104,3,23.0,1.0,2.0,1.0,2017,2,0.2766420648157672,0.8294829110924874,0.39709794230623446
00-0033553,2017,RB,105,3,22.0,1.0,1.0,1.0,2017,2,0.4449589483942073,0.9096683233209084,0.5957639841728727
00-0033937,2017,WR,106,3,23.0,0.0,0.0,1.0,2017,2,0.2851952810202651,0.9171808668297204,0.3932392972543788
00-0033839,2017,WR,110,4,23.0,1.0,1.0,1.0,2017,2,0.20680022936022127,0.9052828394042087,0.2662487949812088
00-0033526,2017,RB,114,4,21.0,1.0,1.0,1.0,2017,2,0.35495956809167434,0.879053150142604,0.44818595471163464
00-0033943,2017,WR,117,4,22.0,0.0,0.0,1.0,2017,2,0.2178485871563998,0.8852038118890851,0.28794064187986346
00-0033555,2017,WR,118,4,23.0,0.0,0.0,1.0,2017,2,0.19976448731772192,0.890785763377823,0.259562798870309
00-0033556,2017,RB,119,4,22.0,1.0,2.0,1.0,2017,2,0.32251421019375737,0.8766611683656345,0.4009553657575057
00-0033286,2017,RB,121,4,24.0,0.0,0.0,0.0,2017,2,0.2755704790805645,0.8883476928600298,0.3286400649814939
00-0033559,2017,TE,127,4,23.0,0.0,0.0,1.0,2017,2,0.12101835264869473,0.8959560418046576,0.15606496487669497
00-0033859,2017,WR,128,4,21.0,0.0,0.0,1.0,2017,2,0.226251004446375,0.8537548899701323,0.30799454525042425
00-0033561,2017,RB,132,4,22.0,0.0,0.0,0.0,2017,2,0.30142999936109693,0.8488095852331722,0.3823010871502648
00-0033562,2017,WR,133,4,22.0,0.0,0.0,1.0,2017,2,0.2046358757731341,0.85235215794208,0.2750815885371398
00-0033948,2017,RB,134,4,22.0,1.0,2.0,1.0,2017,2,0.29843759783848495,0.8443661962663342,0.37965360252114644
00-0033949,2017,QB,135,4,22.0,0.0,0.0,1.0,2017,2,0.18715591051694436,0.7089929742223516,0.2655719415757966
00-0033464,2017,WR,139,4,23.0,0.0,0.0,1.0,2017,2,0.18405292763739117,0.8492673723592634,0.24462118628735577
00-0033950,2017,RB,140,4,22.0,0.0,0.0,1.0,2017,2,0.2898195098197284,0.8308158177031261,0.37202572842655923
00-0033840,2017,WR,141,4,22.0,0.0,0.0,1.0,2017,2,0.19881539113379357,0.8349669320468112,0.2694155498366909
00-0033951,2017,RB,143,4,21.0,1.0,1.0,1.0,2017,2,0.30744274951142075,0.8127267165563604,0.40476700185826897
00-0033564,2017,TE,145,5,22.0,0.0,0.0,1.0,2017,2,0.08210002093056425,0.8470234197098395,0.10376670022018761
00-0033288,2017,TE,146,5,23.0,1.0,2.0,1.0,2017,2,0.07410351032261281,0.8545950655719244,0.09230590974805172
00-0033953,2017,TE,150,5,22.0,0.0,0.0,1.0,2017,2,0.07957233964363274,0.836721721734484,0.10128891603472193
00-0033528,2017,TE,154,5,23.0,0.0,0.0,1.0,2017,2,0.07051307403942683,0.8387963600665058,0.08884141104324707
00-0033567,2017,RB,156,5,21.0,0.0,0.0,1.0,2017,2,0.21464895811732096,0.7696299229194131,0.2657784826275114
00-0033955,2017,RB,162,5,21.0,0.0,0.0,1.0,2017,2,0.20868116130706613,0.7540546462333647,0.26086922451815187
00-0033573,2017,WR,166,5,23.0,0.0,0.0,1.0,2017,2,0.11904105361774908,0.7797669897617902,0.15230865347071593
00-0033957,2017,WR,170,5,22.0,0.0,0.0,0.0,2017,2,0.1287534788958943,0.7567929986330026,0.16817429561621527
00-0033958,2017,QB,171,5,23.0,0.0,0.0,1.0,2017,2,0.10294838045084709,0.5990750655216347,0.14075044711489715
00-0033466,2017,WR,172,5,22.0,0.0,0.0,1.0,2017,2,0.12794373253309105,0.7518980063059739,0.16744475509239945
00-0033576,2017,TE,174,5,23.0,0.0,0.0,1.0,2017,2,0.06289255935966874,0.7974610183755202,0.08139542930669397
00-0033291,2017,WR,175,5,22.0,0.0,0.0,0.0,2017,2,0.1267545628218262,0.7445412061987101,0.16637238208561095
00-0033292,2017,WR,177,5,23.0,1.0,1.0,1.0,2017,2,0.11493966327369068,0.7538766959647782,0.1486828339096273
00-0033789,2017,RB,179,5,23.0,0.0,0.0,1.0,2017,2,0.16301439819702152,0.7396254251000669,0.20184382559445255
00-0033293,2017,RB,182,5,22.0,1.0,1.0,1.0,2017,2,0.17545229360783,0.7172480812321214,0.2221428664601779
00-0033295,2017,RB,188,6,23.0,0.0,0.0,1.0,2017,2,0.11056105430840558,0.7044908576937868,0.12965339974185763
00-0033966,2017,TE,201,6,22.0,0.0,0.0,0.0,2017,2,0.04131080436036088,0.7113900375581749,0.052907661229004976
00-0033581,2017,RB,203,6,24.0,0.0,0.0,1.0,2017,2,0.09431729252837419,0.6834074936315214,0.11159160512133087
00-0033791,2017,RB,207,6,23.0,0.0,0.0,0.0,2017,2,0.10190227164524973,0.6569485647789184,0.12323411239982268
00-0033530,2017,WR,209,6,22.0,0.0,0.0,0.0,2017,2,0.07999596940303581,0.6468158133000673,0.10184882810458468
00-0033585,2017,QB,215,6,22.0,0.0,0.0,0.0,2017,2,0.06619102318572563,0.4446574930106123,0.09057047811237694
00-0033968,2017,WR,219,7,23.0,0.0,0.0,1.0,2017,2,0.04842321913192699,0.6250956793363078,0.05763130981289796
00-0033589,2017,WR,226,7,22.0,0.0,0.0,1.0,2017,2,0.052482805206213554,0.5902062023969566,0.0638553126428184
00-0033471,2017,WR,237,7,21.0,0.0,0.0,1.0,2017,2,0.05633167642097003,0.5454058991821578,0.07029224662116941
00-0033304,2017,RB,238,7,23.0,0.0,0.0,1.0,2017,2,0.06232257843836145,0.5667445848303608,0.07427486735532397
00-0033591,2017,WR,239,7,21.0,0.0,0.0,1.0,2017,2,0.056055870711877585,0.5406962346827581,0.0700658536645678
00-0033797,2017,RB,241,7,22.0,0.0,0.0,0.0,2017,2,0.06794449637357777,0.5410888079540337,0.08249410846807886
00-0033975,2017,RB,242,7,21.0,0.0,0.0,0.0,2017,2,0.07458013799659964,0.5199770681652089,0.09199243220629634
00-0033305,2017,WR,247,7,21.0,0.0,0.0,0.0,2017,2,0.05498745029977664,0.5221813387747583,0.06918659577350178
00-0033594,2017,RB,249,7,22.0,1.0,1.0,1.0,2017,2,0.06601062635515112,0.5225914717885194,0.08106348463907863
00-0033798,2017,TE,251,7,23.0,0.0,0.0,1.0,2017,2,0.020348405208435474,0.6002799057167646,0.025640234005204557
00-0033596,2017,RB,252,7,23.0,0.0,0.0,1.0,2017,2,0.05923106953782346,0.5345781596504988,0.07202849425598126
00-0033597,2017,QB,253,7,23.0,0.0,0.0,1.0,2017,2,0.036124421841467115,0.3646535557038606,0.04755498710306473
00-0033869,2017,QB,2,1,23.0,1.0,3.0,1.0,2017,3,0.9835248973788401,0.9999826674472163,2.4455005459381507
00-0033856,2017,RB,4,1,22.0,1.0,3.0,1.0,2017,3,0.9835262271151044,0.9999494506580647,2.556467117971407
00-0033871,2017,WR,5,1,22.0,1.0,2.0,1.0,2017,3,0.9540699532616772,0.999931652136064,2.301933203433536
00-0033536,2017,WR,7,1,22.0,1.0,2.0,1.0,2017,3,0.9369701930524613,0.9998482728587665,2.2114533236456637
00-0033280,2017,RB,8,1,21.0,1.0,3.0,1.0,2017,3,0.96752446300142,0.9997213845105926,2.429553551504364
00-0033460,2017,WR,9,1,21.0,0.0,0.0,1.0,2017,3,0.9269558092537219,0.9997010417070183,2.1850632497025
00-0033873,2017,QB,10,1,21.0,1.0,2.0,1.0,2017,3,0.9266571089331004,0.9991532235016907,2.0871366407383114
00-0033537,2017,QB,12,1,21.0,1.0,3.0,1.0,2017,3,0.9121161820308176,0.9987093552205726,2.0286218558531215
00-0033879,2017,TE,19,1,22.0,1.0,2.0,1.0,2017,3,0.8981190972129918,0.9987649173033105,1.8644786536806035
00-0033881,2017,TE,23,1,23.0,1.0,3.0,1.0,2017,3,0.8596687769241126,0.9981932923506522,1.7310922838304617
00-0033885,2017,TE,29,1,21.0,1.0,1.0,1.0,2017,3,0.8409885235524407,0.9962663686803886,1.7220672004027207
00-0033891,2017,WR,37,2,22.0,1.0,1.0,1.0,2017,3,0.6807357727359659,0.992244381298364,1.326679950338577
00-0033282,2017,WR,40,2,21.0,1.0,2.0,1.0,2017,3,0.6838079884221211,0.9898902248518016,1.3545838943045125
00-0033893,2017,RB,41,2,22.0,1.0,2.0,1.0,2017,3,0.7615737248249538,0.9883792526696485,1.5274546885023894
00-0033895,2017,TE,44,2,23.0,0.0,0.0,1.0,2017,3,0.6460784025890042,0.9913822464433173,1.1108810258914743
00-0033896,2017,TE,45,2,22.0,0.0,0.0,1.0,2017,3,0.6596005348674923,0.9901274913999003,1.1494879698008516
00-0033897,2017,RB,48,2,21.0,1.0,3.0,1.0,2017,3,0.7453740966756146,0.9818575865045719,1.5181587824160214
00-0033899,2017,QB,52,2,21.0,1.0,1.0,1.0,2017,3,0.6157645799894947,0.9631389908258207,1.18073425393818
00-0033857,2017,WR,62,2,20.0,1.0,3.0,1.0,2017,3,0.6052142534560524,0.9696049614489076,1.25420267654119
00-0033906,2017,RB,67,3,22.0,1.0,3.0,1.0,2017,3,0.578730411798361,0.964333359338006,1.005323783637364
00-0033908,2017,WR,69,3,24.0,1.0,3.0,1.0,2017,3,0.41771017740899136,0.9719313909774603,0.736649118667627
00-0033911,2017,WR,72,3,22.0,0.0,0.0,1.0,2017,3,0.45236689558848814,0.9636811382270928,0.8104845397093562
00-0033916,2017,WR,79,3,23.0,0.0,0.0,1.0,2017,3,0.40731790403305906,0.958559087190197,0.7425479083892268
00-0033919,2017,WR,82,3,22.0,0.0,0.0,0.0,2017,3,0.4205706392938875,0.9512073257780224,0.7748552572866612
00-0033921,2017,WR,84,3,21.0,1.0,3.0,1.0,2017,3,0.43715931790561685,0.9442949502298683,0.8118391097288212
00-0033923,2017,RB,86,3,22.0,1.0,2.0,1.0,2017,3,0.5085422218633717,0.9377389364689273,0.9134700068324502
00-0033550,2017,QB,87,3,22.0,0.0,0.0,0.0,2017,3,0.3866125198820694,0.8965685917352093,0.6870540073030547
00-0033925,2017,RB,89,3,21.0,0.0,0.0,1.0,2017,3,0.5217221917663787,0.9275138121524313,0.9502959444482747
00-0033932,2017,WR,96,3,23.0,1.0,3.0,1.0,2017,3,0.3614987992368389,0.9357869049890479,0.6928540304810221
00-0033933,2017,WR,98,3,22.0,0.0,0.0,1.0,2017,3,0.378087489900265,0.9274148900397117,0.728024316401825
00-0033858,2017,TE,100,3,22.0,1.0,1.0,1.0,2017,3,0.3180666343683999,0.9355586071954095,0.5504123775291457
00-0033936,2017,QB,104,3,23.0,1.0,2.0,1.0,2017,3,0.32173431406885133,0.8616793937247845,0.6022312445268903
00-0033553,2017,RB,105,3,22.0,1.0,2.0,1.0,2017,3,0.45204401894040097,0.9041599862800151,0.8434671361751553
00-0033937,2017,WR,106,3,23.0,0.0,0.0,1.0,2017,3,0.33908002261880804,0.9201436594774235,0.6686531740721313
00-0033839,2017,WR,110,4,23.0,1.0,2.0,1.0,2017,3,0.2708124953057778,0.9138382483535239,0.46015876176383064
00-0033526,2017,RB,114,4,21.0,1.0,1.0,1.0,2017,3,0.38216995129791675,0.8780248329157126,0.613579775447696
00-0033943,2017,WR,117,4,22.0,0.0,0.0,1.0,2017,3,0.2768470189942112,0.8940247053157331,0.478213923769214
00-0033555,2017,WR,118,4,23.0,0.0,0.0,1.0,2017,3,0.2572497653114706,0.8998012848867816,0.44765232511746095
00-0033556,2017,RB,119,4,22.0,1.0,3.0,1.0,2017,3,0.3496068751018966,0.8760911119676308,0.5657068297887219
00-0033286,2017,RB,121,4,24.0,0.0,0.0,0.0,2017,3,0.3051113161967817,0.8891602434355398,0.4949123723593185
00-0033559,2017,TE,127,4,23.0,0.0,0.0,1.0,2017,3,0.185238619740523,0.8987118358957458,0.301623694556175
00-0033859,2017,WR,128,4,21.0,0.0,0.0,1.0,2017,3,0.27731667032024704,0.86257834555462,0.49168335655766027
00-0033561,2017,RB,132,4,22.0,0.0,0.0,0.0,2017,3,0.3233417325580248,0.8472178491806988,0.5392411411376907
00-0033562,2017,WR,133,4,22.0,0.0,0.0,1.0,2017,3,0.2520690311861339,0.8616076671554335,0.4549871983758316
00-0033948,2017,RB,134,4,22.0,1.0,3.0,1.0,2017,3,0.3196182722923966,0.8426000416266907,0.535483994945927
00-0033949,2017,QB,135,4,22.0,0.0,0.0,1.0,2017,3,0.22761407906804487,0.7591213901364606,0.39462826278958724
00-0033464,2017,WR,139,4,23.0,0.0,0.0,1.0,2017,3,0.22737774898169202,0.8589723354080019,0.4197014663176196
00-0033950,2017,RB,140,4,22.0,0.0,0.0,1.0,2017,3,0.3089039398300584,0.8285019573995746,0.5246572446767527
00-0033840,2017,WR,141,4,22.0,0.0,0.0,1.0,2017,3,0.24127740525523178,0.8442574880345046,0.4447563928989855
00-0033951,2017,RB,143,4,21.0,1.0,2.0,1.0,2017,3,0.32352439948429573,0.8088714526581722,0.5533082086520632
00-0033564,2017,TE,145,5,22.0,0.0,0.0,1.0,2017,3,0.13415420679810666,0.8561438601376175,0.1954712518377077
00-0033288,2017,TE,146,5,23.0,1.0,3.0,1.0,2017,3,0.12279708717322489,0.8640815101711355,0.18154674387030842
00-0033953,2017,TE,150,5,22.0,0.0,0.0,1.0,2017,3,0.12864103566522544,0.8457123810795721,0.19074127404205865
00-0033528,2017,TE,154,5,23.0,0.0,0.0,1.0,2017,3,0.1148403089258068,0.8481500882956934,0.1746341475462336
00-0033567,2017,RB,156,5,21.0,0.0,0.0,1.0,2017,3,0.24551696325654926,0.7762079269105103,0.362055958038533
00-0033955,2017,RB,162,5,21.0,0.0,0.0,1.0,2017,3,0.23766805858053988,0.7604695552084949,0.3553069875888995
00-0033573,2017,WR,166,5,23.0,0.0,0.0,1.0,2017,3,0.15630720553513447,0.8007419770242271,0.2634085267371734
00-0033957,2017,WR,170,5,22.0,0.0,0.0,0.0,2017,3,0.1654881402572343,0.7776171988640571,0.278957998912134
00-0033958,2017,QB,171,5,23.0,0.0,0.0,1.0,2017,3,0.1353084951254828,0.6656199076790148,0.22034454733507658
00-0033466,2017,WR,172,5,22.0,0.0,0.0,1.0,2017,3,0.16388825189242204,0.7727861015008722,0.2776112577567127
00-0033576,2017,TE,174,5,23.0,0.0,0.0,1.0,2017,3,0.09830268946870713,0.8059454245956278,0.15975171872030297
00-0033291,2017,WR,175,5,22.0,0.0,0.0,0.0,2017,3,0.16154578136237874,0.7655089606775191,0.2756321751077162
00-0033292,2017,WR,177,5,23.0,1.0,1.0,1.0,2017,3,0.14807683769483723,0.7753641148995909,0.2564442094064844
00-0033789,2017,RB,179,5,23.0,0.0,0.0,1.0,2017,3,0.18813573037759718,0.7477635411714809,0.29492291848402474
00-0033293,2017,RB,182,5,22.0,1.0,2.0,1.0,2017,3,0.19951275220456452,0.7241423416783891,0.3131158022512688
00-0033295,2017,RB,188,6,23.0,0.0,0.0,1.0,2017,3,0.14134904927306485,0.7264490037503689,0.1904264596648817
00-0033966,2017,TE,201,6,22.0,0.0,0.0,0.0,2017,3,0.06809220191013653,0.7302931800890465,0.10065886153406245
00-0033581,2017,RB,203,6,24.0,0.0,0.0,1.0,2017,3,0.12100348552355866,0.7067065836891977,0.17039704093648286
00-0033791,2017,RB,207,6,23.0,0.0,0.0,0.0,2017,3,0.12859742705872412,0.6794069453121987,0.1809561181773056
00-0033530,2017,WR,209,6,22.0,0.0,0.0,1.0,2017,3,0.10816790243344067,0.6829147772917934,0.16932600344846055
00-0033585,2017,QB,215,6,22.0,0.0,0.0,0.0,2017,3,0.09142057315885543,0.5201991461034305,0.13892419329031586
00-0033968,2017,WR,219,7,23.0,0.0,0.0,1.0,2017,3,0.07350628970174268,0.6778715122660152,0.10119883961212944
00-0033589,2017,WR,226,7,22.0,0.0,0.0,1.0,2017,3,0.0777277560302527,0.6426222750839073,0.10706046977339712
00-0033471,2017,WR,237,7,21.0,0.0,0.0,1.0,2017,3,0.08097364649106584,0.5966312635447004,0.11251367495940887
00-0033304,2017,RB,238,7,23.0,0.0,0.0,1.0,2017,3,0.08642387842949512,0.6056167156925293,0.10979704409765725
00-0033591,2017,WR,239,7,21.0,0.0,0.0,1.0,2017,3,0.0803539923001272,0.5918284181653732,0.1120994505521441
00-0033797,2017,RB,241,7,22.0,0.0,0.0,0.0,2017,3,0.09274012552747474,0.5785693742416552,0.11715037349650484
00-0033975,2017,RB,242,7,21.0,0.0,0.0,0.0,2017,3,0.10032361001847297,0.5558989793569774,0.12558850347754608
00-0033305,2017,WR,247,7,21.0,0.0,0.0,0.0,2017,3,0.07796766840516678,0.5728493180490142,0.11049198255353704
00-0033594,2017,RB,249,7,22.0,1.0,2.0,1.0,2017,3,0.08966790278187846,0.5598051731251352,0.11509616583310774
00-0033798,2017,TE,251,7,23.0,0.0,0.0,1.0,2017,3,0.03519874576859163,0.6328932256135639,0.05144819800724723
00-0033596,2017,RB,252,7,23.0,0.0,0.0,1.0,2017,3,0.08143667178072349,0.5732121176175572,0.10644142193829488
00-0033597,2017,QB,253,7,23.0,0.0,0.0,1.0,2017,3,0.05468362174884882,0.4481407486357366,0.07745862708412318
00-0033869,2017,QB,2,1,23.0,1.0,4.0,1.0,2017,4,0.9888849048856653,0.999980854322769,3.167824663231853
00-0033856,2017,RB,4,1,22.0,1.0,4.0,1.0,2017,4,0.9804350923068146,0.9999427601620428,3.439355631961262
00-0033871,2017,WR,5,1,22.0,1.0,3.0,1.0,2017,4,0.9440981736565947,0.9999315474151292,3.06381735414282
00-0033536,2017,WR,7,1,22.0,1.0,3.0,1.0,2017,4,0.9263243047977124,0.9998473602873207,2.9318717293521246
00-0033280,2017,RB,8,1,21.0,1.0,3.0,1.0,2017,4,0.9656010259401102,0.9996675694561373,3.258288417401976
00-0033460,2017,WR,9,1,21.0,0.0,0.0,1.0,2017,4,0.921242746972965,0.9996755168211584,2.9112582745973246
00-0033873,2017,QB,10,1,21.0,1.0,3.0,1.0,2017,4,0.955701758831327,0.9989665210073355,2.74982242920671
00-0033537,2017,QB,12,1,21.0,1.0,4.0,1.0,2017,4,0.946719261514115,0.998432989552932,2.6736869950220976
00-0033879,2017,TE,19,1,22.0,1.0,2.0,1.0,2017,4,0.9176741066238154,0.9992402728701356,2.589792457244233
00-0033881,2017,TE,23,1,23.0,1.0,4.0,1.0,2017,4,0.8792121344239342,0.9989356474704385,2.362290553694702
00-0033885,2017,TE,29,1,21.0,1.0,1.0,1.0,2017,4,0.8748069165107336,0.9973641437497051,2.394725832654519
00-0033891,2017,WR,37,2,22.0,1.0,1.0,1.0,2017,4,0.6940770738712412,0.9920341585662477,1.7440747610027898
00-0033282,2017,WR,40,2,21.0,1.0,3.0,1.0,2017,4,0.7107603560451508,0.9888320646794644,1.8096576274753513
00-0033893,2017,RB,41,2,22.0,1.0,3.0,1.0,2017,4,0.7718408893949599,0.9877292338272615,1.9470550788377854
00-0033895,2017,TE,44,2,23.0,0.0,0.0,1.0,2017,4,0.6876370718932447,0.9943886230509711,1.5273952359208538
00-0033896,2017,TE,45,2,22.0,0.0,0.0,1.0,2017,4,0.7118940912343412,0.9930641085037573,1.609515585096876
00-0033897,2017,RB,48,2,21.0,1.0,3.0,1.0,2017,4,0.7687811260087611,0.9795297024088855,1.9526660184467204
00-0033899,2017,QB,52,2,21.0,1.0,1.0,1.0,2017,4,0.7435428861851424,0.9573504513499292,1.6282524495027886
00-0033857,2017,WR,62,2,20.0,1.0,4.0,1.0,2017,4,0.6599198782386644,0.9638603801681613,1.687802913719843
00-0033906,2017,RB,67,3,22.0,1.0,4.0,1.0,2017,4,0.6108758161023201,0.9629468308899799,1.2822947058526564
00-0033908,2017,WR,69,3,24.0,1.0,4.0,1.0,2017,4,0.4314855790513113,0.974809857474337,0.9443046173975186
00-0033911,2017,WR,72,3,22.0,0.0,0.0,1.0,2017,4,0.4958214842183035,0.9624486409972441,1.0888109712750271
00-0033916,2017,WR,79,3,23.0,0.0,0.0,1.0,2017,4,0.4387383497072659,0.9599941161328944,0.970108371054056
00-0033919,2017,WR,82,3,22.0,0.0,0.0,0.0,2017,4,0.46735417963736564,0.9494909472144102,1.0359148807762337
00-0033921,2017,WR,84,3,21.0,1.0,4.0,1.0,2017,4,0.49907465812604423,0.9382572551984394,1.1110720410501478
00-0033923,2017,RB,86,3,22.0,1.0,3.0,1.0,2017,4,0.5470807106390893,0.9358278086778021,1.1457177864594863
00-0033550,2017,QB,87,3,22.0,0.0,0.0,0.0,2017,4,0.5290458712759226,0.8905162427217829,0.9929106727861896
00-0033925,2017,RB,89,3,21.0,0.0,0.0,1.0,2017,4,0.5747073509183716,0.9202111331045857,1.2156691879180985
00-0033932,2017,WR,96,3,23.0,1.0,3.0,1.0,2017,4,0.39718480896295194,0.9378087394997197,0.8981409914889694
00-0033933,2017,WR,98,3,22.0,0.0,0.0,1.0,2017,4,0.4287162740818044,0.9247631628856161,0.9665267283708079
00-0033858,2017,TE,100,3,22.0,1.0,2.0,1.0,2017,4,0.37536821183627356,0.9483733653771336,0.7845292722387265
00-0033936,2017,QB,104,3,23.0,1.0,2.0,1.0,2017,4,0.4447580008428463,0.8633401094687931,0.8537853035765364
00-0033553,2017,RB,105,3,22.0,1.0,3.0,1.0,2017,4,0.4948272864482114,0.9018447056840334,1.0432549044003028
00-0033937,2017,WR,106,3,23.0,0.0,0.0,1.0,2017,4,0.3765752003925718,0.9225233520505125,0.863240993879678
00-0033839,2017,WR,110,4,23.0,1.0,2.0,1.0,2017,4,0.31244636191653175,0.9164385753500758,0.6254070189847056
00-0033526,2017,RB,114,4,21.0,1.0,1.0,1.0,2017,4,0.4474586247841764,0.8674213430112806,0.8082207084277281
00-0033943,2017,WR,117,4,22.0,1.0,1.0,1.0,2017,4,0.3330082759561598,0.890179174296965,0.6671150408197521
00-0033555,2017,WR,118,4,23.0,0.0,0.0,1.0,2017,4,0.29937512405001715,0.9026983520793438,0.6064924041676126
00-0033556,2017,RB,119,4,22.0,1.0,3.0,1.0,2017,4,0.40030066884932747,0.8737237545116918,0.7240274234650338
00-0033286,2017,RB,121,4,24.0,0.0,0.0,0.0,2017,4,0.327808518238726,0.9008130903540442,0.6026776726103031
00-0033559,2017,TE,127,4,23.0,0.0,0.0,1.0,2017,4,0.22143692219161126,0.9209710029438724,0.4401273958648285
00-0033859,2017,WR,128,4,21.0,0.0,0.0,1.0,2017,4,0.34859701055940223,0.8485280497543394,0.7034243000868499
00-0033561,2017,RB,132,4,22.0,0.0,0.0,0.0,2017,4,0.37447538914665307,0.8447949046725768,0.6848344323886423
00-0033562,2017,WR,133,4,22.0,0.0,0.0,1.0,2017,4,0.3085262552627929,0.8565653580728518,0.6309703114163523
00-0033948,2017,RB,134,4,22.0,1.0,4.0,1.0,2017,4,0.3707844759666542,0.8401767628205193,0.6792955475682434
00-0033949,2017,QB,135,4,22.0,0.0,0.0,1.0,2017,4,0.3535470547061086,0.7498356750104501,0.6237351603177587
00-0033464,2017,WR,139,4,23.0,0.0,0.0,1.0,2017,4,0.27013923340574997,0.8626125312270556,0.5643762417962417
00-0033950,2017,RB,140,4,22.0,1.0,1.0,1.0,2017,4,0.36012047104611977,0.8260906366357453,0.6633704942191447
00-0033840,2017,WR,141,4,22.0,0.0,0.0,1.0,2017,4,0.29770641812642673,0.8385964525768396,0.6150854674906907
00-0033951,2017,RB,143,4,21.0,1.0,2.0,1.0,2017,4,0.3896222488045109,0.7947526589335893,0.7167183888926567
00-0033564,2017,TE,145,5,22.0,0.0,0.0,1.0,2017,4,0.17450002836630296,0.877023834321734,0.31709832037456054
00-0033288,2017,TE,146,5,23.0,1.0,4.0,1.0,2017,4,0.1528701899980115,0.8911074959145958,0.2831840628256023
00-0033953,2017,TE,150,5,22.0,0.0,0.0,1.0,2017,4,0.16750869954121636,0.8672785405443211,0.3088194833510726
00-0033528,2017,TE,154,5,23.0,0.0,0.0,1.0,2017,4,0.14308773664756796,0.8770211120044772,0.2715205085512505
00-0033567,2017,RB,156,5,21.0,0.0,0.0,1.0,2017,4,0.3116609439860235,0.7610621765260944,0.4941806189050101
00-0033955,2017,RB,162,5,21.0,0.0,0.0,1.0,2017,4,0.30322461404284706,0.7448190116106322,0.48348524252522973
00-0033573,2017,WR,166,5,23.0,0.0,0.0,1.0,2017,4,0.19754561134680287,0.8053546567191529,0.3743221366280984
00-0033957,2017,WR,170,5,22.0,0.0,0.0,0.0,2017,4,0.21850737243583515,0.7699558181281063,0.40948871458202013
00-0033958,2017,QB,171,5,23.0,0.0,0.0,1.0,2017,4,0.22176292140771475,0.6723262134718216,0.37104156175662983
00-0033466,2017,WR,172,5,22.0,0.0,0.0,1.0,2017,4,0.21676087932946406,0.7649806684163206,0.4072488216104152
00-0033576,2017,TE,174,5,23.0,0.0,0.0,1.0,2017,4,0.12265508057374527,0.8388371539793991,0.24649338599874535
00-0033291,2017,WR,175,5,22.0,0.0,0.0,0.0,2017,4,0.21419739170281712,0.7574898123444032,0.4039588909291483
00-0033292,2017,WR,177,5,23.0,1.0,1.0,1.0,2017,4,0.1887772869480585,0.7802571703900553,0.3631884366951333
00-0033789,2017,RB,179,5,23.0,0.0,0.0,1.0,2017,4,0.2256287058685466,0.7596561132038346,0.37526574992702644
00-0033293,2017,RB,182,5,22.0,1.0,3.0,1.0,2017,4,0.24928863907834184,0.7225293135309918,0.4094783285193422
00-0033295,2017,RB,188,6,23.0,0.0,0.0,1.0,2017,4,0.1770043249248355,0.7394924933384671,0.25624737530588804
00-0033966,2017,TE,201,6,22.0,0.0,0.0,0.0,2017,4,0.09268335052048769,0.7555338782228641,0.17555131212182717
00-0033581,2017,RB,203,6,24.0,0.0,0.0,1.0,2017,4,0.14609378481915017,0.7351598598229706,0.22062499933423807
00-0033791,2017,RB,207,6,23.0,0.0,0.0,0.0,2017,4,0.1627567433556902,0.6943459254593918,0.24145778718965935
00-0033530,2017,WR,209,6,22.0,0.0,0.0,1.0,2017,4,0.15347174912486983,0.6730093127336785,0.26616619157807136
00-0033585,2017,QB,215,6,22.0,0.0,0.0,0.0,2017,4,0.1675534997235077,0.5115205130951611,0.2733163471236414
00-0033968,2017,WR,219,7,23.0,0.0,0.0,1.0,2017,4,0.10443140834031422,0.6839055006001368,0.1659946811354472
00-0033589,2017,WR,226,7,22.0,1.0,1.0,1.0,2017,4,0.11626141882193947,0.6321602907589378,0.1835104151415363
00-0033471,2017,WR,237,7,21.0,0.0,0.0,1.0,2017,4,0.12766122561950505,0.5678114451863658,0.20165082265552395
00-0033304,2017,RB,238,7,23.0,0.0,0.0,1.0,2017,4,0.11542507686679444,0.6233089365596346,0.1549998207199364
00-0033591,2017,WR,239,7,21.0,0.0,0.0,1.0,2017,4,0.12684275941979622,0.5628893901834049,0.200776571820551
00-0033797,2017,RB,241,7,22.0,0.0,0.0,0.0,2017,4,0.12994606305526507,0.5791635906917408,0.17182903472378094
00-0033975,2017,RB,242,7,21.0,0.0,0.0,0.0,2017,4,0.14709343744500022,0.5385412486513665,0.1919764371860727
00-0033305,2017,WR,247,7,21.0,0.0,0.0,0.0,2017,4,0.12367909907454375,0.5434939373250053,0.1973875023203298
00-0033594,2017,RB,249,7,22.0,1.0,3.0,1.0,2017,4,0.12611867236888163,0.5606410652607957,0.1682684367722951
00-0033798,2017,TE,251,7,23.0,0.0,0.0,1.0,2017,4,0.04720870463489553,0.6718926689385493,0.09274792287272621
00-0033596,2017,RB,252,7,23.0,0.0,0.0,1.0,2017,4,0.1094378316489394,0.5917811788394968,0.14943633727801658
00-0033597,2017,QB,253,7,23.0,0.0,0.0,1.0,2017,4,0.10186965650155727,0.4589447624612069,0.16377308047911204
00-0033869,2017,QB,2,1,23.0,1.0,4.0,1.0,2017,5,0.9878651081608696,0.9999759517472274,3.9208788730508504
00-0033856,2017,RB,4,1,22.0,1.0,5.0,1.0,2017,5,0.9858235300911347,0.9999312399036036,4.1618389364348864
00-0033871,2017,WR,5,1,22.0,1.0,4.0,1.0,2017,5,0.9454415034295086,0.9999050101690903,3.649587389105915
00-0033536,2017,WR,7,1,22.0,1.0,4.0,1.0,2017,5,0.9276951351161344,0.9997967037155312,3.477996942745229
00-0033280,2017,RB,8,1,21.0,1.0,4.0,1.0,2017,5,0.9729139041665724,0.9996135275657331,3.9170364632616193
00-0033460,2017,WR,9,1,21.0,0.0,0.0,1.0,2017,5,0.9226637542142277,0.9995749705117556,3.465598742214262
00-0033873,2017,QB,10,1,21.0,1.0,4.0,1.0,2017,5,0.9534878025797503,0.998827910528805,3.381130084548295
00-0033537,2017,QB,12,1,21.0,1.0,4.0,1.0,2017,5,0.9442650734545864,0.9982488923287184,3.281491078944944
00-0033879,2017,TE,19,1,22.0,1.0,2.0,1.0,2017,5,0.9271465833064607,0.99911025396658,3.209422590790368
00-0033881,2017,TE,23,1,23.0,1.0,4.0,1.0,2017,5,0.8914339694537372,0.9987931278869203,2.8990188964203583
00-0033885,2017,TE,29,1,21.0,1.0,1.0,1.0,2017,5,0.8871107209157666,0.9969942197642843,2.94677789739194
00-0033891,2017,WR,37,2,22.0,1.0,2.0,1.0,2017,5,0.7011349281418691,0.991133936595154,2.0639578541718455
00-0033282,2017,WR,40,2,21.0,1.0,3.0,1.0,2017,5,0.7180587513650948,0.987518861282115,2.1532917020027864
00-0033893,2017,RB,41,2,22.0,1.0,4.0,1.0,2017,5,0.786243516257875,0.9870978673177192,2.250271563497797
00-0033895,2017,TE,44,2,23.0,0.0,0.0,1.0,2017,5,0.7153008168961589,0.9938749750520073,1.8655836710870015
00-0033896,2017,TE,45,2,22.0,0.0,0.0,1.0,2017,5,0.7387281682642707,0.9923403672646813,1.9749105620652139
00-0033897,2017,RB,48,2,21.0,1.0,4.0,1.0,2017,5,0.7806513719344905,0.9784138993244572,2.261338683803338
00-0033899,2017,QB,52,2,21.0,1.0,1.0,1.0,2017,5,0.7474416916824514,0.9566467018814375,2.0000581316394506
00-0033857,2017,WR,62,2,20.0,1.0,4.0,1.0,2017,5,0.667111864960039,0.9612258538698732,2.023381613947135
00-0033906,2017,RB,67,3,22.0,1.0,5.0,1.0,2017,5,0.625986871933527,0.9614176880987388,1.4865343292817566
00-0033908,2017,WR,69,3,24.0,1.0,5.0,1.0,2017,5,0.44538782531769755,0.9741062615175123,1.1336340496538244
00-0033911,2017,WR,72,3,22.0,0.0,0.0,1.0,2017,5,0.511555869092877,0.9605560255680942,1.321789744059395
00-0033916,2017,WR,79,3,23.0,0.0,0.0,1.0,2017,5,0.4530299394736804,0.9589914227291217,1.17269608257202
00-0033919,2017,WR,82,3,22.0,0.0,0.0,0.0,2017,5,0.48252130798827936,0.9477716643385318,1.2599922655176647
00-0033921,2017,WR,84,3,21.0,1.0,5.0,1.0,2017,5,0.5150747699067909,0.9355154145761853,1.3598719700076793
00-0033923,2017,RB,86,3,22.0,1.0,3.0,1.0,2017,5,0.5553793405872678,0.9342978356752077,1.3228451262978727
00-0033550,2017,QB,87,3,22.0,0.0,0.0,1.0,2017,5,0.5457191854780943,0.8918919335988481,1.2415780018141247
00-0033925,2017,RB,89,3,21.0,0.0,0.0,1.0,2017,5,0.5827391231603425,0.917458307437144,1.4088959388981865
00-0033932,2017,WR,96,3,23.0,1.0,3.0,1.0,2017,5,0.4103453018062063,0.9376897187480052,1.0886427611332865
00-0033933,2017,WR,98,3,22.0,0.0,0.0,1.0,2017,5,0.4429568408230454,0.9238146640623927,1.1788417841338237
00-0033858,2017,TE,100,3,22.0,1.0,2.0,1.0,2017,5,0.4086832820145454,0.9459744029343429,0.9640556330244288
00-0033936,2017,QB,104,3,23.0,1.0,2.0,1.0,2017,5,0.461328267115767,0.8682934660989052,1.0626281093812056
00-0033553,2017,RB,105,3,22.0,1.0,4.0,1.0,2017,5,0.4971182236893707,0.9008004974419866,1.2008968962172482
00-0033937,2017,WR,106,3,23.0,0.0,0.0,1.0,2017,5,0.389109988788208,0.9232380254682024,1.0478175448113147
00-0033839,2017,WR,110,4,23.0,1.0,2.0,1.0,2017,5,0.33271864167534243,0.9156873627980834,0.7824663385731887
00-0033526,2017,RB,114,4,21.0,1.0,1.0,1.0,2017,5,0.45812354902615937,0.8622133251990797,0.9551988404069244
00-0033943,2017,WR,117,4,22.0,1.0,1.0,1.0,2017,5,0.3545180383912611,0.8885777282400528,0.8420527709943846
00-0033555,2017,WR,118,4,23.0,0.0,0.0,1.0,2017,5,0.3189443825867416,0.9025919314242274,0.759933186466403
00-0033556,2017,RB,119,4,22.0,1.0,3.0,1.0,2017,5,0.4085419259880231,0.8706437520995813,0.8516400311609227
00-0033286,2017,RB,121,4,24.0,0.0,0.0,0.0,2017,5,0.3333428571307647,0.9009516929751489,0.7044373536677853
00-0033559,2017,TE,127,4,23.0,0.0,0.0,1.0,2017,5,0.2513793616697849,0.9183561463035332,0.550791624607978
00-0033859,2017,WR,128,4,21.0,0.0,0.0,1.0,2017,5,0.37104905791677123,0.8460239406040524,0.8967020727309257
00-0033561,2017,RB,132,4,22.0,0.0,0.0,0.0,2017,5,0.3795372309082846,0.8420693764145811,0.8048705187921097
00-0033562,2017,WR,133,4,22.0,0.0,0.0,1.0,2017,5,0.3287739626291521,0.8564852969625036,0.7988576515873387
00-0033948,2017,RB,134,4,22.0,1.0,5.0,1.0,2017,5,0.37539559715004966,0.8375237523267046,0.7982675178897092
00-0033949,2017,QB,135,4,22.0,0.0,0.0,1.0,2017,5,0.3804289901151413,0.7545634488013572,0.8033193353096544
00-0033464,2017,WR,139,4,23.0,0.0,0.0,1.0,2017,5,0.2880367215913731,0.8648203820403652,0.7096148061073067
00-0033950,2017,RB,140,4,22.0,1.0,1.0,1.0,2017,5,0.36343707346262943,0.8236822751814972,0.7792920038999476
00-0033840,2017,WR,141,4,22.0,0.0,0.0,1.0,2017,5,0.3173638376717775,0.8394702027389048,0.7798266816682183
00-0033951,2017,RB,143,4,21.0,1.0,2.0,1.0,2017,5,0.39328120363483965,0.7899364610635524,0.8455711821242347
00-0033564,2017,TE,145,5,22.0,0.0,0.0,1.0,2017,5,0.20587876720638187,0.8702834367921383,0.4141767853029574
00-0033288,2017,TE,146,5,23.0,1.0,5.0,1.0,2017,5,0.18063693064428063,0.8865236898762332,0.3663818351689218
00-0033953,2017,TE,150,5,22.0,0.0,0.0,1.0,2017,5,0.19769410833385467,0.8604788649758991,0.4032002226212342
00-0033528,2017,TE,154,5,23.0,0.0,0.0,1.0,2017,5,0.16910173211926355,0.8724981306570602,0.35103951413058865
00-0033567,2017,RB,156,5,21.0,0.0,0.0,1.0,2017,5,0.32141128683356646,0.7522741102951699,0.6017844883273358
00-0033955,2017,RB,162,5,21.0,0.0,0.0,1.0,2017,5,0.3118408170563335,0.7361355579140926,0.5887727081107722
00-0033573,2017,WR,166,5,23.0,0.0,0.0,1.0,2017,5,0.21835463924541387,0.8078615692335824,0.4907537061353809
00-0033957,2017,WR,170,5,22.0,0.0,0.0,1.0,2017,5,0.24144681514737823,0.7708304788935894,0.542792741723756
00-0033958,2017,QB,171,5,23.0,0.0,0.0,1.0,2017,5,0.2500353959707578,0.6798088498146121,0.4920702058104608
00-0033466,2017,WR,172,5,22.0,0.0,0.0,1.0,2017,5,0.23953844503062743,0.7661240796221946,0.5400234838076439
00-0033576,2017,TE,174,5,23.0,0.0,0.0,1.0,2017,5,0.1449159552817633,0.8347935470807529,0.31813308614928626
00-0033291,2017,WR,175,5,22.0,0.0,0.0,0.0,2017,5,0.23673608103545846,0.7590439360910255,0.5359536417206889
00-0033292,2017,WR,177,5,23.0,1.0,1.0,1.0,2017,5,0.20873032323972332,0.7843263556563828,0.4770150164734381
00-0033789,2017,RB,179,5,23.0,0.0,0.0,1.0,2017,5,0.2293368846638282,0.7577515067901428,0.4520156804837654
00-0033293,2017,RB,182,5,22.0,1.0,4.0,1.0,2017,5,0.25355273147714164,0.717831513699165,0.4957645493792137
00-0033295,2017,RB,188,6,23.0,0.0,0.0,1.0,2017,5,0.18522708596786058,0.7333935567330152,0.31996730537869805
00-0033966,2017,TE,201,6,22.0,0.0,0.0,0.0,2017,5,0.11392425026112618,0.7453896512650949,0.2383506797027396
00-0033581,2017,RB,203,6,24.0,0.0,0.0,1.0,2017,5,0.15147421080285098,0.7327739583160304,0.2737713285173747
00-0033791,2017,RB,207,6,23.0,0.0,0.0,0.0,2017,5,0.16879823241550773,0.6890289591578914,0.3016099429379369
00-0033530,2017,WR,209,6,22.0,0.0,0.0,1.0,2017,5,0.1763854578857154,0.6742837415694326,0.3722295857267436
00-0033585,2017,QB,215,6,22.0,0.0,0.0,0.0,2017,5,0.19816633811864295,0.5150966207193621,0.37785376339446636
00-0033968,2017,WR,219,7,23.0,0.0,0.0,1.0,2017,5,0.1249531205786623,0.6841641453482562,0.2413413588406358
00-0033589,2017,WR,226,7,22.0,1.0,1.0,1.0,2017,5,0.13911524996160385,0.6300657958571324,0.2712038610666748
00-0033471,2017,WR,237,7,21.0,0.0,0.0,1.0,2017,5,0.15273296007986475,0.5635778893090739,0.3030603962905747
00-0033304,2017,RB,238,7,23.0,0.0,0.0,1.0,2017,5,0.12244240338941915,0.6139069988033536,0.20214996837670424
00-0033591,2017,WR,239,7,21.0,0.0,0.0,1.0,2017,5,0.1517640850139485,0.5588976787525045,0.30188568330709176
00-0033797,2017,RB,241,7,22.0,0.0,0.0,0.0,2017,5,0.13795301791797945,0.5661854324523667,0.22633901760431605
00-0033975,2017,RB,242,7,21.0,0.0,0.0,0.0,2017,5,0.1563734150106713,0.5219072521985056,0.2554831844243612
00-0033305,2017,WR,247,7,21.0,0.0,0.0,0.0,2017,5,0.1480165650253194,0.5404670931257066,0.29732564683799056
00-0033594,2017,RB,249,7,22.0,1.0,3.0,1.0,2017,5,0.13346408686014888,0.5480833096362946,0.22174768790223873
00-0033798,2017,TE,251,7,23.0,0.0,0.0,1.0,2017,5,0.060208802418233454,0.662292605285862,0.12999891036318
00-0033596,2017,RB,252,7,23.0,0.0,0.0,1.0,2017,5,0.11542416066548426,0.5830569815316551,0.19500759049904576
00-0033597,2017,QB,253,7,23.0,0.0,0.0,1.0,2017,5,0.12658416122240176,0.46321069199843445,0.23348124232306264
00-0034855,2018,QB,1,1,23.0,1.0,1.0,1.0,2018,1,0.8481707928773893,0.988686888856924,0.8481707928773893
00-0034844,2018,RB,2,1,21.0,1.0,1.0,1.0,2018,1,0.8586453091456602,0.9942342157095819,0.8586453091456602
00-0034869,2018,QB,3,1,21.0,1.0,1.0,1.0,2018,1,0.7934638590397902,0.9727837016961283,0.7934638590397902
00-0034857,2018,QB,7,1,22.0,1.0,1.0,1.0,2018,1,0.6926361275966397,0.9565465312544434,0.6926361275966397
00-0034343,2018,QB,10,1,21.0,1.0,1.0,1.0,2018,1,0.6736356172388062,0.9412057391188636,0.6736356172388062
00-0034827,2018,WR,24,1,21.0,1.0,1.0,1.0,2018,1,0.5480902724647893,0.9788890791409077,0.5480902724647893
00-0034830,2018,TE,25,1,25.0,0.0,0.0,1.0,2018,1,0.30616396268496354,0.9860807435896212,0.30616396268496354
00-0034837,2018,WR,26,1,23.0,1.0,1.0,1.0,2018,1,0.4905798910537182,0.9804916868974436,0.4905798910537182
00-0034750,2018,RB,27,1,22.0,0.0,0.0,1.0,2018,1,0.6523690641878176,0.9669923156384106,0.6523690641878176
00-0034845,2018,RB,31,1,23.0,1.0,1.0,1.0,2018,1,0.6167983208772997,0.9664194717086737,0.6167983208772997
00-0034796,2018,QB,32,1,21.0,1.0,1.0,1.0,2018,1,0.531080255645269,0.8804947408409345,0.531080255645269
00-0034791,2018,RB,35,2,22.0,1.0,1.0,1.0,2018,1,0.5112587745047745,0.9466251316134999,0.5112587745047745
00-0034816,2018,RB,38,2,21.0,0.0,0.0,1.0,2018,1,0.5267788847037727,0.9391430850126793,0.5267788847037727
00-0034348,2018,WR,40,2,22.0,1.0,1.0,1.0,2018,1,0.3489561443958081,0.9563132070071002,0.3489561443958081
00-0034829,2018,TE,42,2,22.0,0.0,0.0,1.0,2018,1,0.2199806486129492,0.9615420244299481,0.2199806486129492
00-0034349,2018,RB,43,2,21.0,1.0,1.0,1.0,2018,1,0.5139967130359602,0.9339140170527087,0.5139967130359602
00-0034860,2018,WR,44,2,22.0,1.0,1.0,1.0,2018,1,0.33870934006036296,0.9521262010982434,0.33870934006036296
00-0034775,2018,WR,47,2,21.0,1.0,1.0,1.0,2018,1,0.35337545896093614,0.9449655787180091,0.35337545896093614
00-0034351,2018,TE,49,2,23.0,1.0,1.0,1.0,2018,1,0.19167914845372383,0.9591490954800244,0.19167914845372383
00-0034353,2018,WR,51,2,23.0,1.0,1.0,1.0,2018,1,0.3024503674203289,0.9489296065918925,0.3024503674203289
00-0034358,2018,RB,59,2,21.0,0.0,0.0,0.0,2018,1,0.481242371723513,0.9185787667306333,0.481242371723513
00-0034676,2018,WR,60,2,22.0,0.0,0.0,1.0,2018,1,0.30643134594230587,0.9357171908492105,0.30643134594230587
00-0034777,2018,WR,61,2,21.0,0.0,0.0,1.0,2018,1,0.3255273444857935,0.929617033914845,0.3255273444857935
00-0034838,2018,RB,71,3,22.0,0.0,0.0,1.0,2018,1,0.32630872893536544,0.8864339764094894,0.32630872893536544
00-0034771,2018,QB,76,3,23.0,0.0,0.0,0.0,2018,1,0.18722121603049485,0.7205015852670821,0.18722121603049485
00-0034764,2018,WR,81,3,22.0,0.0,0.0,1.0,2018,1,0.19204508697051914,0.8868453063268628,0.19204508697051914
00-0034753,2018,TE,86,3,23.0,1.0,1.0,1.0,2018,1,0.09998213236988465,0.910163611417984,0.09998213236988465
00-0034765,2018,WR,91,3,22.0,0.0,0.0,1.0,2018,1,0.18358398164600384,0.8745466042624095,0.18358398164600384
00-0034364,2018,TE,98,3,26.0,0.0,0.0,1.0,2018,1,0.07232525793430303,0.9195171596388217,0.07232525793430303
00-0034365,2018,TE,101,4,22.0,0.0,0.0,1.0,2018,1,0.06546712077843742,0.854255333732384,0.06546712077843742
00-0034366,2018,WR,103,4,21.0,0.0,0.0,1.0,2018,1,0.12653633118963228,0.8052511899064423,0.12653633118963228
00-0034367,2018,RB,104,4,21.0,1.0,1.0,1.0,2018,1,0.22033140258045733,0.799850662201918,0.22033140258045733
00-0034772,2018,WR,105,4,21.0,1.0,1.0,1.0,2018,1,0.12552685828572613,0.8021983627537245,0.12552685828572613
00-0034766,2018,TE,107,4,22.0,1.0,1.0,1.0,2018,1,0.0637230361556018,0.8474426342215716,0.0637230361556018
00-0034369,2018,QB,108,4,23.0,0.0,0.0,1.0,2018,1,0.10655767350839146,0.597583107095377,0.10655767350839146
00-0034679,2018,RB,112,4,21.0,0.0,0.0,1.0,2018,1,0.2151020521231808,0.7912696295920767,0.2151020521231808
00-0034370,2018,WR,113,4,23.0,0.0,0.0,1.0,2018,1,0.10260662785074033,0.8156777445749789,0.10260662785074033
00-0034159,2018,TE,120,4,22.0,0.0,0.0,1.0,2018,1,0.0603854787437994,0.8331336408914012,0.0603854787437994
00-0034798,2018,TE,123,4,23.0,0.0,0.0,1.0,2018,1,0.05450987692440661,0.8409873922253223,0.05450987692440661
00-0034378,2018,RB,126,4,22.0,0.0,0.0,1.0,2018,1,0.1916242150809767,0.7907246025596141,0.1916242150809767
00-0034799,2018,RB,131,4,22.0,0.0,0.0,1.0,2018,1,0.1891389905444822,0.786102523710088,0.1891389905444822
00-0034267,2018,WR,132,4,23.0,0.0,0.0,0.0,2018,1,0.09598492529315979,0.7909962261247093,0.09598492529315979
00-0034268,2018,WR,133,4,23.0,0.0,0.0,1.0,2018,1,0.09567329095857736,0.7897378804015396,0.09567329095857736
00-0034681,2018,RB,134,4,22.0,0.0,0.0,1.0,2018,1,0.18770440249693657,0.783379228184122,0.18770440249693657
00-0034383,2018,TE,137,4,22.0,0.0,0.0,1.0,2018,1,0.056732973386674455,0.8152865172837233,0.056732973386674455
00-0034386,2018,WR,144,5,22.0,0.0,0.0,1.0,2018,1,0.0650841622541185,0.6996650902674307,0.0650841622541185
00-0034393,2018,TE,156,5,23.0,0.0,0.0,0.0,2018,1,0.03079536238433326,0.7553501135129641,0.03079536238433326
00-0034270,2018,TE,157,5,23.0,0.0,0.0,1.0,2018,1,0.030700106569889155,0.7542498272622515,0.030700106569889155
00-0034395,2018,WR,159,5,22.0,0.0,0.0,0.0,2018,1,0.06226911933674084,0.678304010659428,0.06226911933674084
00-0034271,2018,WR,162,5,21.0,0.0,0.0,0.0,2018,1,0.06756834500395166,0.6562467040042368,0.06756834500395166
00-0034331,2018,TE,165,5,22.0,0.0,0.0,1.0,2018,1,0.032897131179958336,0.7299958900341411,0.032897131179958336
00-0034400,2018,RB,169,5,24.0,0.0,0.0,1.0,2018,1,0.09704079916120294,0.7239740104879099,0.09704079916120294
00-0034401,2018,QB,171,5,23.0,0.0,0.0,0.0,2018,1,0.055178595262252855,0.44317577133305597,0.055178595262252855
00-0034272,2018,WR,174,5,23.0,1.0,1.0,1.0,2018,1,0.054618902681145456,0.6760846298794301,0.054618902681145456
00-0034273,2018,WR,175,6,23.0,0.0,0.0,1.0,2018,1,0.034528123055753895,0.6017968065898633,0.034528123055753895
00-0034808,2018,RB,176,6,21.0,0.0,0.0,1.0,2018,1,0.08050402703767565,0.5930414220412409,0.08050402703767565
00-0034406,2018,WR,185,6,22.0,0.0,0.0,0.0,2018,1,0.0369309237421697,0.5686809351660148,0.0369309237421697
00-0034407,2018,WR,187,6,21.0,0.0,0.0,1.0,2018,1,0.04031230112995361,0.5461395372013285,0.04031230112995361
00-0034409,2018,WR,191,6,24.0,0.0,0.0,0.0,2018,1,0.030213585654708296,0.6000048298567584,0.030213585654708296
00-0034411,2018,WR,194,6,22.0,0.0,0.0,1.0,2018,1,0.03613416501850835,0.5569196725226244,0.03613416501850835
00-0034278,2018,WR,196,6,22.0,0.0,0.0,0.0,2018,1,0.03596431684266894,0.5543713637508774,0.03596431684266894
00-0034412,2018,QB,199,6,23.0,0.0,0.0,0.0,2018,1,0.032434124022670485,0.3437646731310231,0.032434124022670485
00-0034414,2018,RB,201,6,23.0,0.0,0.0,1.0,2018,1,0.06398111804628587,0.609001047256022,0.06398111804628587
00-0034416,2018,QB,203,6,23.0,0.0,0.0,0.0,2018,1,0.03211339958861126,0.34077574750273437,0.03211339958861126
00-0034164,2018,RB,204,6,24.0,0.0,0.0,1.0,2018,1,0.05811634243193458,0.6255405855258153,0.05811634243193458
00-0034279,2018,WR,207,6,21.0,0.0,0.0,1.0,2018,1,0.03848010422015003,0.5206968218445138,0.03848010422015003
00-0034418,2018,WR,208,6,22.0,0.0,0.0,0.0,2018,1,0.03499529038856764,0.5395549700291443,0.03499529038856764
00-0034419,2018,WR,210,6,22.0,0.0,0.0,0.0,2018,1,0.03484161057699612,0.5371617144186189,0.03484161057699612
00-0034420,2018,TE,211,6,22.0,0.0,0.0,0.0,2018,1,0.01832791878688583,0.610328766611825,0.01832791878688583
00-0034423,2018,QB,219,7,24.0,0.0,0.0,0.0,2018,1,0.017668569272428564,0.2794888688393892,0.017668569272428564
00-0034732,2018,QB,220,7,22.0,0.0,0.0,0.0,2018,1,0.02129007218349258,0.24765278755529263,0.02129007218349258
00-0034426,2018,WR,224,7,23.0,0.0,0.0,1.0,2018,1,0.01935255499926106,0.46193155290468424,0.01935255499926106
00-0034427,2018,RB,226,7,24.0,0.0,0.0,1.0,2018,1,0.03540784564684881,0.530736258393543,0.03540784564684881
00-0034747,2018,WR,228,7,23.0,0.0,0.0,1.0,2018,1,0.01919312652411363,0.45750772036840137,0.01919312652411363
00-0034432,2018,RB,236,7,23.0,0.0,0.0,0.0,2018,1,0.03818196179062671,0.5029265097239263,0.03818196179062671
00-0034433,2018,RB,237,7,22.0,0.0,0.0,0.0,2018,1,0.041807815208535,0.48204006394419907,0.041807815208535
00-0034286,2018,WR,240,7,23.0,0.0,0.0,1.0,2018,1,0.0187383421734329,0.44472770518536797,0.0187383421734329
00-0034438,2018,QB,249,7,23.0,0.0,0.0,0.0,2018,1,0.018196926706625906,0.24727220994081572,0.018196926706625906
00-0034439,2018,TE,250,7,22.0,0.0,0.0,0.0,2018,1,0.010533835834890967,0.4934466905633033,0.010533835834890967
00-0034440,2018,RB,251,7,22.0,0.0,0.0,1.0,2018,1,0.040865525094156224,0.4718460474224288,0.040865525094156224
00-0034686,2018,WR,253,7,21.0,0.0,0.0,1.0,2018,1,0.02207671142219703,0.3926440363041635,0.02207671142219703
00-0034442,2018,WR,255,7,22.0,0.0,0.0,0.0,2018,1,0.020017863643789807,0.41009587629036026,0.020017863643789807
00-0034339,2018,WR,256,7,22.0,0.0,0.0,1.0,2018,1,0.01998130683510338,0.40914341212094246,0.01998130683510338
00-0034855,2018,QB,1,1,23.0,1.0,2.0,1.0,2018,2,0.967375145025117,0.9999786562729261,1.774210941957388
00-0034844,2018,RB,2,1,21.0,1.0,2.0,1.0,2018,2,0.9876955083226393,0.9999855621500037,1.8172366336454475
00-0034869,2018,QB,3,1,21.0,1.0,2.0,1.0,2018,2,0.9400517237380551,0.9997898843702745,1.6824387483651013
00-0034857,2018,QB,7,1,22.0,1.0,2.0,1.0,2018,2,0.8839009834537163,0.9990347658606054,1.4993032901999168
00-0034343,2018,QB,10,1,21.0,1.0,1.0,1.0,2018,2,0.8647091759696935,0.9979063741888761,1.4648633717775685
00-0034827,2018,WR,24,1,21.0,1.0,2.0,1.0,2018,2,0.7300238495998769,0.9967831661615446,1.1838069629056132
00-0034830,2018,TE,25,1,25.0,0.0,0.0,1.0,2018,2,0.6766770079324848,0.998192884533921,0.9146084317491847
00-0034837,2018,WR,26,1,23.0,1.0,2.0,1.0,2018,2,0.6825333465574228,0.9968395269230866,1.0587170306567137
00-0034750,2018,RB,27,1,22.0,0.0,0.0,1.0,2018,2,0.8699564917736833,0.9962793723823227,1.3932758048280784
00-0034845,2018,RB,31,1,23.0,1.0,2.0,1.0,2018,2,0.8432436185937177,0.9954317765324874,1.3131370538408307
00-0034796,2018,QB,32,1,21.0,1.0,2.0,1.0,2018,2,0.7286750124906489,0.9809955641260806,1.1837396619646094
00-0034791,2018,RB,35,2,22.0,1.0,2.0,1.0,2018,2,0.7753673443316779,0.9926403592983493,1.1189013738726183
00-0034816,2018,RB,38,2,21.0,1.0,1.0,1.0,2018,2,0.7780214840775319,0.9903593056421783,1.1487667750486033
00-0034348,2018,WR,40,2,22.0,1.0,2.0,1.0,2018,2,0.5444259487618229,0.990278009839175,0.7916517870888546
00-0034829,2018,TE,42,2,22.0,1.0,1.0,1.0,2018,2,0.5174091875202325,0.9916457026402398,0.6918870606712586
00-0034349,2018,RB,43,2,21.0,1.0,1.0,1.0,2018,2,0.7577670868544614,0.9874296386917679,1.1143840817093427
00-0034860,2018,WR,44,2,22.0,1.0,1.0,1.0,2018,2,0.5303903903421359,0.9881250057300309,0.7712751750057346
00-0034775,2018,WR,47,2,21.0,1.0,2.0,1.0,2018,2,0.5432867599645705,0.9850451267002175,0.809025667067603
00-0034351,2018,TE,49,2,23.0,1.0,2.0,1.0,2018,2,0.45626189388390415,0.9893710030226996,0.598918531156724
00-0034353,2018,WR,51,2,23.0,1.0,2.0,1.0,2018,2,0.4858307503185722,0.9852537870158071,0.6903437158984261
00-0034358,2018,RB,59,2,21.0,0.0,0.0,1.0,2018,2,0.7004657657599344,0.9753287287271413,1.024707215199794
00-0034676,2018,WR,60,2,22.0,1.0,1.0,1.0,2018,2,0.4844986613547217,0.9773196311678082,0.7069023222571508
00-0034777,2018,WR,61,2,21.0,1.0,1.0,1.0,2018,2,0.5047814691828758,0.9742808419623133,0.7537110298879635
00-0034838,2018,RB,71,3,22.0,1.0,1.0,1.0,2018,2,0.5412242194801122,0.9625492631188425,0.7000281416200682
00-0034771,2018,QB,76,3,23.0,1.0,1.0,1.0,2018,2,0.3351905996572038,0.9032084829687429,0.45943643434825066
00-0034764,2018,WR,81,3,22.0,1.0,1.0,1.0,2018,2,0.34010651200155784,0.9527582681793316,0.46788563023835794
00-0034753,2018,TE,86,3,23.0,1.0,2.0,1.0,2018,2,0.23851572903060317,0.9601368311629157,0.3057649377774177
00-0034765,2018,WR,91,3,22.0,0.0,0.0,1.0,2018,2,0.324803914743965,0.940312743605191,0.45014873255429977
00-0034364,2018,TE,98,3,26.0,0.0,0.0,1.0,2018,2,0.17303604179528556,0.9599787786702288,0.21002357018806914
00-0034365,2018,TE,101,4,22.0,0.0,0.0,1.0,2018,2,0.16061689866930054,0.9317564994046189,0.20352773197533874
00-0034366,2018,WR,103,4,21.0,0.0,0.0,1.0,2018,2,0.24282932197298523,0.9070388901265419,0.32723153753523476
00-0034367,2018,RB,104,4,21.0,1.0,2.0,1.0,2018,2,0.37334706696360287,0.9004073553145157,0.46750089696954783
00-0034772,2018,WR,105,4,21.0,1.0,1.0,1.0,2018,2,0.24074076072461598,0.9035407548328177,0.32500723517860686
00-0034766,2018,TE,107,4,22.0,1.0,1.0,1.0,2018,2,0.1529896347911358,0.9232871813955718,0.19536323510577872
00-0034369,2018,QB,108,4,23.0,0.0,0.0,1.0,2018,2,0.20265901987042173,0.808354415674347,0.2699525130130661
00-0034679,2018,RB,112,4,21.0,0.0,0.0,1.0,2018,2,0.3575423357611002,0.885025220707719,0.45216920271886374
00-0034370,2018,WR,113,4,23.0,0.0,0.0,1.0,2018,2,0.201972954268497,0.9062742238209873,0.2624503363555094
00-0034159,2018,TE,120,4,22.0,0.0,0.0,1.0,2018,2,0.13871735375897543,0.9035479430974406,0.1800087419444339
00-0034798,2018,TE,123,4,23.0,0.0,0.0,1.0,2018,2,0.1254704287985143,0.9069625536834536,0.15982381091069323
00-0034378,2018,RB,126,4,22.0,0.0,0.0,1.0,2018,2,0.3131733857065498,0.8674995101514797,0.3928487066466786
00-0034799,2018,RB,131,4,22.0,0.0,0.0,1.0,2018,2,0.3055263122755438,0.857485492085174,0.38573404685415
00-0034267,2018,WR,132,4,23.0,0.0,0.0,1.0,2018,2,0.1875396951305382,0.874266896819226,0.24789473143999777
00-0034268,2018,WR,133,4,23.0,0.0,0.0,1.0,2018,2,0.18685940833637538,0.8724961023267669,0.24720869922224922
00-0034681,2018,RB,134,4,22.0,0.0,0.0,1.0,2018,2,0.30112543223249266,0.851373395898708,0.3816414976143916
00-0034383,2018,TE,137,4,22.0,0.0,0.0,1.0,2018,2,0.12363502400031512,0.8751996242230484,0.16364503367770256
00-0034386,2018,WR,144,5,22.0,0.0,0.0,1.0,2018,2,0.1359092922962444,0.8232228100051381,0.17643768592134235
00-0034393,2018,TE,156,5,23.0,0.0,0.0,1.0,2018,2,0.06899344953393263,0.836879235336182,0.08732336906720498
00-0034270,2018,TE,157,5,23.0,0.0,0.0,1.0,2018,2,0.0685842161234519,0.8349639301532129,0.08690372038193783
00-0034395,2018,WR,159,5,22.0,0.0,0.0,0.0,2018,2,0.12916162862526961,0.7905252055187281,0.16993616744684398
00-0034271,2018,WR,162,5,21.0,0.0,0.0,0.0,2018,2,0.13841450901525157,0.7675725083683518,0.186601038169762
00-0034331,2018,TE,165,5,22.0,1.0,1.0,1.0,2018,2,0.07126685790575832,0.8051547653890447,0.09308252872390291
00-0034400,2018,RB,169,5,24.0,0.0,0.0,1.0,2018,2,0.1597236778682614,0.7869742694172868,0.1899738827832645
00-0034401,2018,QB,171,5,23.0,0.0,0.0,0.0,2018,2,0.10571086148781017,0.6079394000896405,0.14220589057380792
00-0034272,2018,WR,174,5,23.0,1.0,1.0,1.0,2018,2,0.11377567545072541,0.7739234495387757,0.14831602448567388
00-0034273,2018,WR,175,6,23.0,0.0,0.0,1.0,2018,2,0.0773329992118726,0.749499810484195,0.09643647678622176
00-0034808,2018,RB,176,6,21.0,0.0,0.0,1.0,2018,2,0.13613198001929666,0.6931432203322889,0.16546965976605832
00-0034406,2018,WR,185,6,22.0,0.0,0.0,1.0,2018,2,0.08157602757260946,0.7077048186375268,0.10486062852690387
00-0034407,2018,WR,187,6,21.0,0.0,0.0,1.0,2018,2,0.08814080670858708,0.6830163125412299,0.11597195974247632
00-0034409,2018,WR,191,6,24.0,0.0,0.0,0.0,2018,2,0.06774099169572952,0.7318645242995213,0.08379199475469423
00-0034411,2018,WR,194,6,22.0,1.0,1.0,1.0,2018,2,0.07949237122143253,0.6864288924465884,0.10294168033855408
00-0034278,2018,WR,196,6,22.0,0.0,0.0,0.0,2018,2,0.07904890554883588,0.6817259886049333,0.10253230265936769
00-0034412,2018,QB,199,6,23.0,0.0,0.0,1.0,2018,2,0.06468391565919655,0.5065914023880264,0.0852715886161319
00-0034414,2018,RB,201,6,23.0,0.0,0.0,1.0,2018,2,0.10415865294929498,0.6713109575062151,0.1258489359668208
00-0034416,2018,QB,203,6,23.0,0.0,0.0,0.0,2018,2,0.06379217092690358,0.4970836758149783,0.08436259153891981
00-0034164,2018,RB,204,6,24.0,0.0,0.0,1.0,2018,2,0.09479726696774708,0.6847619998295529,0.11267853635802524
00-0034279,2018,WR,207,6,21.0,0.0,0.0,1.0,2018,2,0.08342130601947505,0.634618172198365,0.11151860221587709
00-0034418,2018,WR,208,6,22.0,0.0,0.0,1.0,2018,2,0.07652382646881463,0.6537662080468283,0.10019453204247765
00-0034419,2018,WR,210,6,22.0,0.0,0.0,1.0,2018,2,0.0761241722542665,0.6491561223297049,0.09982343074023667
00-0034420,2018,TE,211,6,22.0,0.0,0.0,0.0,2018,2,0.037823465002427774,0.6811167340378637,0.04969813674852948
00-0034423,2018,QB,219,7,24.0,0.0,0.0,0.0,2018,2,0.037086331207951344,0.4537911365285823,0.04670614919825129
00-0034732,2018,QB,220,7,22.0,0.0,0.0,0.0,2018,2,0.04401448599667648,0.4057335525494391,0.05782355349546908
00-0034426,2018,WR,224,7,23.0,0.0,0.0,1.0,2018,2,0.045286610377192824,0.610564485073903,0.05634490306488714
00-0034427,2018,RB,226,7,24.0,0.0,0.0,1.0,2018,2,0.0587659820811655,0.6061009034389732,0.06895170938181988
00-0034747,2018,WR,228,7,23.0,0.0,0.0,1.0,2018,2,0.04483542651106736,0.6015990216866485,0.055950809270360564
00-0034432,2018,RB,236,7,23.0,0.0,0.0,1.0,2018,2,0.06165818425088456,0.5605004585688909,0.07477333032761244
00-0034433,2018,RB,237,7,22.0,0.0,0.0,1.0,2018,2,0.06689124076508834,0.5350015149799514,0.08282284579379146
00-0034286,2018,WR,240,7,23.0,0.0,0.0,1.0,2018,2,0.043551975823107755,0.5752496212053333,0.054825595092918795
00-0034438,2018,QB,249,7,23.0,0.0,0.0,0.0,2018,2,0.036916848998461746,0.3718028443189647,0.048500024822556984
00-0034439,2018,TE,250,7,22.0,0.0,0.0,1.0,2018,2,0.02127223495740729,0.5660513508534037,0.02787176604322119
00-0034440,2018,RB,251,7,22.0,0.0,0.0,1.0,2018,2,0.06367072819416267,0.5039151855013618,0.08025532600519439
00-0034686,2018,WR,253,7,21.0,1.0,1.0,1.0,2018,2,0.050276478092460206,0.5009551336259045,0.06667259329069213
00-0034442,2018,WR,255,7,22.0,0.0,0.0,0.0,2018,2,0.045902692056034894,0.5202125152285232,0.059659405460877835
00-0034339,2018,WR,256,7,22.0,0.0,0.0,1.0,2018,2,0.045801254032767955,0.5181395272021481,0.05956777343283981
00-0034855,2018,QB,1,1,23.0,1.0,3.0,1.0,2018,3,0.988876843630732,0.9999932082260249,2.5944092261151375
00-0034844,2018,RB,2,1,21.0,1.0,2.0,1.0,2018,3,0.9934097070409462,0.9999889924764762,2.722777869158895
00-0034869,2018,QB,3,1,21.0,1.0,3.0,1.0,2018,3,0.9744490160184024,0.9999154007732787,2.4513369168984616
00-0034857,2018,QB,7,1,22.0,1.0,3.0,1.0,2018,3,0.9365616090192321,0.9995055420568969,2.1725246180014413
00-0034343,2018,QB,10,1,21.0,1.0,1.0,1.0,2018,3,0.9211621029431267,0.9988512484940043,2.1227722530809143
00-0034827,2018,WR,24,1,21.0,1.0,3.0,1.0,2018,3,0.8148808467396512,0.9969646293820961,1.842489001581737
00-0034830,2018,TE,25,1,25.0,1.0,1.0,1.0,2018,3,0.8004933707382492,0.9981449818225703,1.5165640856094997
00-0034837,2018,WR,26,1,23.0,1.0,3.0,1.0,2018,3,0.7644984268540309,0.9968265239895573,1.6622256142654757
00-0034750,2018,RB,27,1,22.0,0.0,0.0,1.0,2018,3,0.8829081660064636,0.9958363641053485,2.0403023316950266
00-0034845,2018,RB,31,1,23.0,1.0,2.0,1.0,2018,3,0.8520682198854655,0.9946681606307161,1.917874026173686
00-0034796,2018,QB,32,1,21.0,1.0,3.0,1.0,2018,3,0.7884149350722576,0.985892486735952,1.714323599944882
00-0034791,2018,RB,35,2,22.0,1.0,3.0,1.0,2018,3,0.8070198192309793,0.9923517753267941,1.6368674534301202
00-0034816,2018,RB,38,2,21.0,1.0,2.0,1.0,2018,3,0.81097294784123,0.9900988393222587,1.6785051659313215
00-0034348,2018,WR,40,2,22.0,1.0,2.0,1.0,2018,3,0.64726447576746,0.9906905771027085,1.2710821865171358
00-0034829,2018,TE,42,2,22.0,1.0,2.0,1.0,2018,3,0.6709173644482972,0.9921084645355794,1.1589679888833486
00-0034349,2018,RB,43,2,21.0,1.0,1.0,1.0,2018,3,0.7891184365732248,0.986870754790666,1.625439740933456
00-0034860,2018,WR,44,2,22.0,1.0,1.0,1.0,2018,3,0.6276051577049868,0.9884131849819412,1.2383021365718647
00-0034775,2018,WR,47,2,21.0,1.0,3.0,1.0,2018,3,0.6409805679842303,0.9855520894673587,1.291419318053634
00-0034351,2018,TE,49,2,23.0,1.0,3.0,1.0,2018,3,0.5940192627683049,0.9894299539334707,1.0093278592507255
00-0034353,2018,WR,51,2,23.0,1.0,3.0,1.0,2018,3,0.5679821277236162,0.9848460679884223,1.114810009192481
00-0034358,2018,RB,59,2,21.0,0.0,0.0,1.0,2018,3,0.7250658345269919,0.9731218063517821,1.487964237033097
00-0034676,2018,WR,60,2,22.0,1.0,1.0,1.0,2018,3,0.5609682718362439,0.9764914137866844,1.1340045785061272
00-0034777,2018,WR,61,2,21.0,1.0,2.0,1.0,2018,3,0.5858612429601713,0.9738575752466017,1.2022304024704853
00-0034838,2018,RB,71,3,22.0,1.0,1.0,1.0,2018,3,0.5856329504037568,0.9615756858675907,1.0249533950378544
00-0034771,2018,QB,76,3,23.0,1.0,1.0,1.0,2018,3,0.40793217957698685,0.923327868896445,0.6894478140912514
00-0034764,2018,WR,81,3,22.0,1.0,2.0,1.0,2018,3,0.4193929500762559,0.9533795361836604,0.7728386700710099
00-0034753,2018,TE,86,3,23.0,1.0,3.0,1.0,2018,3,0.3302355163126069,0.9605731310238276,0.529717065987825
00-0034765,2018,WR,91,3,22.0,0.0,0.0,1.0,2018,3,0.39432188986332917,0.9397931664801134,0.7424994459553211
00-0034364,2018,TE,98,3,26.0,0.0,0.0,1.0,2018,3,0.22459401471360113,0.9566868651101871,0.37340256450632436
00-0034365,2018,TE,101,4,22.0,0.0,0.0,1.0,2018,3,0.24648024090110496,0.9387189534264778,0.3616713650474681
00-0034366,2018,WR,103,4,21.0,0.0,0.0,1.0,2018,3,0.3261441521829427,0.9151040669637996,0.5534451924390169
00-0034367,2018,RB,104,4,21.0,1.0,3.0,1.0,2018,3,0.4348285724155008,0.9051290202082684,0.692240331631943
00-0034772,2018,WR,105,4,21.0,1.0,1.0,1.0,2018,3,0.32238258041418816,0.9115726752715916,0.5494901510936175
00-0034766,2018,TE,107,4,22.0,1.0,1.0,1.0,2018,3,0.23182561091955228,0.9303594144418053,0.3466322053577059
00-0034369,2018,QB,108,4,23.0,0.0,0.0,1.0,2018,3,0.2649787531550202,0.8474177308619859,0.4190690935765937
00-0034679,2018,RB,112,4,21.0,0.0,0.0,1.0,2018,3,0.41480288567573015,0.8893801859984359,0.6692430466994822
00-0034370,2018,WR,113,4,23.0,0.0,0.0,1.0,2018,3,0.26086481114015664,0.9091835607005929,0.45034085179484906
00-0034159,2018,TE,120,4,22.0,0.0,0.0,1.0,2018,3,0.20455007127467098,0.9105497833828428,0.3183572412674552
00-0034798,2018,TE,123,4,23.0,0.0,0.0,1.0,2018,3,0.18107086114946944,0.9115222391245141,0.2851591498534545
00-0034378,2018,RB,126,4,22.0,0.0,0.0,1.0,2018,3,0.3564134516297662,0.8679527524266196,0.5827797856553177
00-0034799,2018,RB,131,4,22.0,0.0,0.0,1.0,2018,3,0.346602298476586,0.8573083861680485,0.5720916111163511
00-0034267,2018,WR,132,4,23.0,0.0,0.0,1.0,2018,3,0.2350142641419084,0.8746933270316103,0.4238995145162462
00-0034268,2018,WR,133,4,23.0,0.0,0.0,1.0,2018,3,0.23380521183520392,0.8727613755161387,0.42265217152266765
00-0034681,2018,RB,134,4,22.0,1.0,1.0,1.0,2018,3,0.3409526043266132,0.8507917918005635,0.5659441986754706
00-0034383,2018,TE,137,4,22.0,1.0,1.0,1.0,2018,3,0.17609328182565365,0.8814511505798815,0.2882478625990505
00-0034386,2018,WR,144,5,22.0,0.0,0.0,1.0,2018,3,0.19095685565730777,0.8400185885620347,0.3097828715391396
00-0034393,2018,TE,156,5,23.0,0.0,0.0,1.0,2018,3,0.10495397674458443,0.8527770534786748,0.1607259099671243
00-0034270,2018,TE,157,5,23.0,0.0,0.0,1.0,2018,3,0.10411900669100654,0.8508648467405986,0.159910156286567
00-0034395,2018,WR,159,5,22.0,0.0,0.0,1.0,2018,3,0.1776633302220186,0.8066600154199327,0.2975186342626073
00-0034271,2018,WR,162,5,21.0,0.0,0.0,0.0,2018,3,0.19272485987556376,0.788271730016596,0.32371268780536677
00-0034331,2018,TE,165,5,22.0,1.0,1.0,1.0,2018,3,0.10860143875195069,0.8253499796138647,0.16925064462707942
00-0034400,2018,RB,169,5,24.0,0.0,0.0,1.0,2018,3,0.18980486384316955,0.7914543662634727,0.2904738267597848
00-0034401,2018,QB,171,5,23.0,0.0,0.0,0.0,2018,3,0.14501758095802836,0.6695511778598238,0.2312907669391189
00-0034272,2018,WR,174,5,23.0,1.0,2.0,1.0,2018,3,0.15067990054635128,0.7841172199519568,0.2612844574034727
00-0034273,2018,WR,175,6,23.0,0.0,0.0,1.0,2018,3,0.11538683121600424,0.77975055174175,0.17661765241395777
00-0034808,2018,RB,176,6,21.0,0.0,0.0,1.0,2018,3,0.1901552488355877,0.7342027288132403,0.25632723421811066
00-0034406,2018,WR,185,6,22.0,0.0,0.0,1.0,2018,3,0.12239736739560857,0.7435944398848401,0.18980538057938098
00-0034407,2018,WR,187,6,21.0,0.0,0.0,1.0,2018,3,0.13435662894183678,0.7249687070909989,0.2078771881025146
00-0034409,2018,WR,191,6,24.0,0.0,0.0,0.0,2018,3,0.09695710617816372,0.7561643779898026,0.1545152349462807
00-0034411,2018,WR,194,6,22.0,1.0,2.0,1.0,2018,3,0.11791497570186427,0.7220230209307299,0.18601616728662468
00-0034278,2018,WR,196,6,22.0,0.0,0.0,0.0,2018,3,0.11696601857363413,0.7172215818260576,0.18520806131447118
00-0034412,2018,QB,199,6,23.0,0.0,0.0,1.0,2018,3,0.0974674650070617,0.5902902345392363,0.14437263454517668
00-0034414,2018,RB,201,6,23.0,0.0,0.0,1.0,2018,3,0.13835760372637582,0.7006551755601974,0.1966893214249148
00-0034416,2018,QB,203,6,23.0,0.0,0.0,0.0,2018,3,0.09576085865639648,0.5798189560295405,0.14295999249743346
00-0034164,2018,RB,204,6,24.0,0.0,0.0,1.0,2018,3,0.1232583924509276,0.708219166780551,0.17699908858988223
00-0034279,2018,WR,207,6,21.0,0.0,0.0,1.0,2018,3,0.12415275458058703,0.6755693405632006,0.19918259603902766
00-0034418,2018,WR,208,6,22.0,0.0,0.0,1.0,2018,3,0.11159759203409075,0.6884418443834655,0.18059526098170003
00-0034419,2018,WR,210,6,22.0,0.0,0.0,1.0,2018,3,0.11075348402868765,0.6836596342564786,0.17986333587924352
00-0034420,2018,TE,211,6,22.0,0.0,0.0,0.0,2018,3,0.06003837402279328,0.7226550421738397,0.09291837745674453
00-0034423,2018,QB,219,7,24.0,0.0,0.0,0.0,2018,3,0.06072278255859862,0.5537473787274998,0.0831136999568029
00-0034732,2018,QB,220,7,22.0,0.0,0.0,0.0,2018,3,0.07514764541283718,0.5162101466209911,0.10109185339343993
00-0034426,2018,WR,224,7,23.0,0.0,0.0,1.0,2018,3,0.07177823689367603,0.6635436977308032,0.1064112611518304
00-0034427,2018,RB,226,7,24.0,0.0,0.0,1.0,2018,3,0.08489115723159849,0.6542865984444352,0.11156538587618277
00-0034747,2018,WR,228,7,23.0,0.0,0.0,1.0,2018,3,0.07073265607014843,0.6543146143651214,0.10558796847812166
00-0034432,2018,RB,236,7,23.0,0.0,0.0,1.0,2018,3,0.09037886458483997,0.614770400180656,0.12023637257514808
00-0034433,2018,RB,237,7,22.0,0.0,0.0,1.0,2018,3,0.10000669312457254,0.5955849442671947,0.13244470507753797
00-0034286,2018,WR,240,7,23.0,0.0,0.0,1.0,2018,3,0.06778157503421328,0.6269248154721946,0.10323902060552244
00-0034438,2018,QB,249,7,23.0,0.0,0.0,1.0,2018,3,0.06017779441791163,0.4668035977622692,0.0860509503906535
00-0034439,2018,TE,250,7,22.0,0.0,0.0,1.0,2018,3,0.03591312950013562,0.6325661224507543,0.0536971785386254
00-0034440,2018,RB,251,7,22.0,0.0,0.0,1.0,2018,3,0.09443645702509396,0.5633004742011385,0.12827237729700272
00-0034686,2018,WR,253,7,21.0,1.0,1.0,1.0,2018,3,0.08052193398436228,0.5635463472763925,0.12276299224773471
00-0034442,2018,WR,255,7,22.0,0.0,0.0,0.0,2018,3,0.07183419423091733,0.576358053966651,0.11090799013794922
00-0034339,2018,WR,256,7,22.0,0.0,0.0,1.0,2018,3,0.07160159706042081,0.5741391858993409,0.11071930931990841
00-0034855,2018,QB,1,1,23.0,1.0,4.0,1.0,2018,4,0.9958559807445351,0.999997412267241,3.39680431227113
00-0034844,2018,RB,2,1,21.0,1.0,3.0,1.0,2018,4,0.9920082930016502,0.9999916506128865,3.633216368916785
00-0034869,2018,QB,3,1,21.0,1.0,4.0,1.0,2018,4,0.9895792329581173,0.9999586371949943,3.204376736418776
00-0034857,2018,QB,7,1,22.0,1.0,4.0,1.0,2018,4,0.9693977976875621,0.9997161993800049,2.822934738245078
00-0034343,2018,QB,10,1,21.0,1.0,1.0,1.0,2018,4,0.9610906016081902,0.9992817305450449,2.7602793296380552
00-0034827,2018,WR,24,1,21.0,1.0,4.0,1.0,2018,4,0.8426659812209811,0.9972824139939521,2.4942531750791224
00-0034830,2018,TE,25,1,25.0,1.0,1.0,1.0,2018,4,0.8227373002249159,0.9989357080228635,2.061985821795089
00-0034837,2018,WR,26,1,23.0,1.0,3.0,1.0,2018,4,0.7869646105408131,0.9972076736260872,2.252472479456501
00-0034750,2018,RB,27,1,22.0,1.0,1.0,1.0,2018,4,0.8781960055003063,0.9960969765809449,2.5893515346545186
00-0034845,2018,RB,31,1,23.0,1.0,3.0,1.0,2018,4,0.8431953478600442,0.9950051939828823,2.4132364846400343
00-0034796,2018,QB,32,1,21.0,1.0,4.0,1.0,2018,4,0.8705517501429754,0.988789314993471,2.2257122575567547
00-0034791,2018,RB,35,2,22.0,1.0,4.0,1.0,2018,4,0.8085432694210178,0.9927892990124443,2.063213015887824
00-0034816,2018,RB,38,2,21.0,1.0,2.0,1.0,2018,4,0.8184032984723055,0.9904799050729218,2.114499308784558
00-0034348,2018,WR,40,2,22.0,1.0,3.0,1.0,2018,4,0.6916774546250632,0.9914874662655471,1.7361544563102702
00-0034829,2018,TE,42,2,22.0,1.0,3.0,1.0,2018,4,0.7276635333559021,0.9946376491215019,1.6129243382012226
00-0034349,2018,RB,43,2,21.0,1.0,1.0,1.0,2018,4,0.7985949057964858,0.9872410836347186,2.0378104796967893
00-0034860,2018,WR,44,2,22.0,1.0,1.0,1.0,2018,4,0.6733275573106912,0.9893045788901785,1.6859910046543023
00-0034775,2018,WR,47,2,21.0,1.0,4.0,1.0,2018,4,0.6931379190450687,0.9864069340513936,1.751977321199227
00-0034351,2018,TE,49,2,23.0,1.0,4.0,1.0,2018,4,0.6487969424728555,0.9925878291150787,1.4079065633156167
00-0034353,2018,WR,51,2,23.0,1.0,3.0,1.0,2018,4,0.6087123161963229,0.9859827284440024,1.5122796450859592
00-0034358,2018,RB,59,2,21.0,0.0,0.0,1.0,2018,4,0.7407544752576437,0.9731674326616513,1.8417548336525675
00-0034676,2018,WR,60,2,22.0,1.0,1.0,1.0,2018,4,0.6100799984572797,0.9776246617660251,1.52669030566727
00-0034777,2018,WR,61,2,21.0,1.0,2.0,1.0,2018,4,0.6417875132082853,0.9747663166763013,1.6158948963740893
00-0034838,2018,RB,71,3,22.0,1.0,1.0,1.0,2018,4,0.6087031458361679,0.9621345976418554,1.2677084805611387
00-0034771,2018,QB,76,3,23.0,1.0,1.0,1.0,2018,4,0.5264260646297368,0.9310963043083258,0.9380768933569672
00-0034764,2018,WR,81,3,22.0,1.0,2.0,1.0,2018,4,0.47872665453155167,0.9550380230288424,1.0534702202023642
00-0034753,2018,TE,86,3,23.0,1.0,4.0,1.0,2018,4,0.38910914220854154,0.9679937596417215,0.7694344505986802
00-0034765,2018,WR,91,3,22.0,0.0,0.0,1.0,2018,4,0.4529904541799681,0.9412782811554712,1.0065925765708803
00-0034364,2018,TE,98,3,26.0,0.0,0.0,1.0,2018,4,0.25217673560967685,0.9648480753447389,0.5490656811315415
00-0034365,2018,TE,101,4,22.0,0.0,0.0,1.0,2018,4,0.31103971625291793,0.9480473129785619,0.5479848040193178
00-0034366,2018,WR,103,4,21.0,0.0,0.0,1.0,2018,4,0.39780914847255294,0.9165365666384351,0.7703580442054794
00-0034367,2018,RB,104,4,21.0,1.0,3.0,1.0,2018,4,0.48265314088361927,0.9039656249386481,0.8576411304602161
00-0034772,2018,WR,105,4,21.0,1.0,1.0,1.0,2018,4,0.3937222746518725,0.9129094137327879,0.764043109140264
00-0034766,2018,TE,107,4,22.0,1.0,1.0,1.0,2018,4,0.29375808559823363,0.9399681706568471,0.5259393831725494
00-0034369,2018,QB,108,4,23.0,0.0,0.0,1.0,2018,4,0.36509083606805115,0.8550561158186915,0.5954463439849339
00-0034679,2018,RB,112,4,21.0,0.0,0.0,1.0,2018,4,0.4635220321630205,0.8874115094014255,0.8265943156561555
00-0034370,2018,WR,113,4,23.0,0.0,0.0,1.0,2018,4,0.310605886522862,0.9120140996163203,0.622149530869833
00-0034159,2018,TE,120,4,22.0,0.0,0.0,1.0,2018,4,0.2611485462969888,0.9203249996352463,0.48435416248630436
00-0034798,2018,TE,123,4,23.0,0.0,0.0,1.0,2018,4,0.22701574735290742,0.9216109337689978,0.4331151204164998
00-0034378,2018,RB,126,4,22.0,0.0,0.0,1.0,2018,4,0.39691518898078676,0.865949817934361,0.7165321248239594
00-0034799,2018,RB,131,4,22.0,0.0,0.0,1.0,2018,4,0.38730819535462624,0.854755386278757,0.702326217865278
00-0034267,2018,WR,132,4,23.0,0.0,0.0,1.0,2018,4,0.28183042777070527,0.876819970774002,0.5806080816369101
00-0034268,2018,WR,133,4,23.0,0.0,0.0,1.0,2018,4,0.2804749104807331,0.8748351739209456,0.5786570571712016
00-0034681,2018,RB,134,4,22.0,1.0,2.0,1.0,2018,4,0.38175803428912475,0.8478915476975777,0.6941672160397631
00-0034383,2018,TE,137,4,22.0,1.0,2.0,1.0,2018,4,0.2265098105393047,0.890443366735507,0.4398620454335291
00-0034386,2018,WR,144,5,22.0,0.0,0.0,1.0,2018,4,0.24440989946366898,0.8420485037220822,0.43867781851701526
00-0034393,2018,TE,156,5,23.0,0.0,0.0,1.0,2018,4,0.13838116341907153,0.862757100874456,0.25622390216498697
00-0034270,2018,TE,157,5,23.0,1.0,1.0,1.0,2018,4,0.13730295690538624,0.8607374772898753,0.25495390243827304
00-0034395,2018,WR,159,5,22.0,0.0,0.0,1.0,2018,4,0.22851569375082414,0.8075124340178044,0.41855154946895357
00-0034271,2018,WR,162,5,21.0,0.0,0.0,0.0,2018,4,0.2529101711524453,0.7867672723736808,0.45695277940231427
00-0034331,2018,TE,165,5,22.0,1.0,1.0,1.0,2018,4,0.14700724230345355,0.8329107954851147,0.27178920577560944
00-0034400,2018,RB,169,5,24.0,0.0,0.0,1.0,2018,4,0.21604126499526977,0.7913579934885491,0.36302137215986724
00-0034401,2018,QB,171,5,23.0,0.0,0.0,1.0,2018,4,0.20859372949565833,0.665867810184003,0.34950490879572993
00-0034272,2018,WR,174,5,23.0,1.0,2.0,1.0,2018,4,0.19046407435842655,0.7856834039186675,0.3642034871654587
00-0034273,2018,WR,175,6,23.0,0.0,0.0,1.0,2018,4,0.1521045144543584,0.7841007071732784,0.2568553162863365
00-0034808,2018,RB,176,6,21.0,0.0,0.0,1.0,2018,4,0.2411276222556997,0.7292590393239913,0.3309008062966589
00-0034406,2018,WR,185,6,22.0,0.0,0.0,1.0,2018,4,0.1655635813073913,0.7450091244131675,0.27691595219643383
00-0034407,2018,WR,187,6,21.0,0.0,0.0,1.0,2018,4,0.18591345452331692,0.7237198765196804,0.30570932330250633
00-0034409,2018,WR,191,6,24.0,0.0,0.0,0.0,2018,4,0.12497830463012884,0.7615759937540386,0.22202721955709348
00-0034411,2018,WR,194,6,22.0,1.0,3.0,1.0,2018,4,0.1598136635744289,0.7225804998094537,0.2703945174846971
00-0034278,2018,WR,196,6,22.0,0.0,0.0,0.0,2018,4,0.15859360175698708,0.7175813238857847,0.26900659735082455
00-0034412,2018,QB,199,6,23.0,0.0,0.0,1.0,2018,4,0.14565014045886088,0.5828371870452805,0.23354312176149095
00-0034414,2018,RB,201,6,23.0,0.0,0.0,1.0,2018,4,0.17017073850064857,0.6982684167057079,0.25093765342136903
00-0034416,2018,QB,203,6,23.0,0.0,0.0,0.0,2018,4,0.14290204452471142,0.5713195845737418,0.23139549101574092
00-0034164,2018,RB,204,6,24.0,0.0,0.0,1.0,2018,4,0.148055556650795,0.7082201161945845,0.22576379695804322
00-0034279,2018,WR,207,6,21.0,0.0,0.0,1.0,2018,4,0.17263258002164367,0.672006507447113,0.29057325162913616
00-0034418,2018,WR,208,6,22.0,1.0,1.0,1.0,2018,4,0.15167321253116148,0.687573022967269,0.2611039695302867
00-0034419,2018,WR,210,6,22.0,1.0,1.0,1.0,2018,4,0.15058224315902832,0.6825805198971012,0.2598531979598057
00-0034420,2018,TE,211,6,22.0,0.0,0.0,0.0,2018,4,0.08521339977734926,0.7228168760848642,0.1584476123276566
00-0034423,2018,QB,219,7,24.0,0.0,0.0,0.0,2018,4,0.09174438079801032,0.5485930002399056,0.1428312225727701
00-0034732,2018,QB,220,7,22.0,0.0,0.0,0.0,2018,4,0.11948961454107582,0.5044572578643588,0.18105173994526746
00-0034426,2018,WR,224,7,23.0,0.0,0.0,1.0,2018,4,0.09942176673652726,0.6675776523019206,0.15993890908930508
00-0034427,2018,RB,226,7,24.0,0.0,0.0,1.0,2018,4,0.10696654913174398,0.6560898904188432,0.14681217603875163
00-0034747,2018,WR,228,7,23.0,0.0,0.0,1.0,2018,4,0.09802227683031639,0.6580121329034495,0.15846223040707058
00-0034432,2018,RB,236,7,23.0,0.0,0.0,1.0,2018,4,0.11745231419797544,0.6127837243657809,0.15834806113184263
00-0034433,2018,RB,237,7,22.0,0.0,0.0,1.0,2018,4,0.13342740664800476,0.5904251461887847,0.17526367613194968
00-0034286,2018,WR,240,7,23.0,0.0,0.0,1.0,2018,4,0.0940653107616027,0.6295787549500557,0.15426143976117676
00-0034438,2018,QB,249,7,23.0,0.0,0.0,1.0,2018,4,0.09229388949035998,0.45198916406496314,0.15144565158029388
00-0034439,2018,TE,250,7,22.0,0.0,0.0,1.0,2018,4,0.05312874374738456,0.6255108923542044,0.09797562399952084
00-0034440,2018,RB,251,7,22.0,0.0,0.0,1.0,2018,4,0.12670276091976757,0.5568151454001795,0.16916599650483377
00-0034686,2018,WR,253,7,21.0,1.0,1.0,1.0,2018,4,0.11799945245125405,0.5588494598051074,0.18720286877996295
00-0034442,2018,WR,255,7,22.0,0.0,0.0,0.0,2018,4,0.10259835240709798,0.5745964919715716,0.16676587287906827
00-0034339,2018,WR,256,7,22.0,0.0,0.0,1.0,2018,4,0.10227855331542808,0.5722813832479494,0.16642428731348308
00-0034855,2018,QB,1,1,23.0,1.0,5.0,1.0,2018,5,0.9949304390874353,0.9999954721483278,4.1664434032104385
00-0034844,2018,RB,2,1,21.0,1.0,4.0,1.0,2018,5,0.9939166242589836,0.9999850900529147,4.473391340245589
00-0034869,2018,QB,3,1,21.0,1.0,5.0,1.0,2018,5,0.9886516707778265,0.9999275986524682,3.9608378625983227
00-0034857,2018,QB,7,1,22.0,1.0,5.0,1.0,2018,5,0.9668794597195998,0.999580125878878,3.431872549727287
00-0034343,2018,QB,10,1,21.0,1.0,1.0,1.0,2018,5,0.9598694640780236,0.9989124866336612,3.3857958425070867
00-0034827,2018,WR,24,1,21.0,1.0,5.0,1.0,2018,5,0.8452725928769954,0.9965782563057409,2.940963765860783
00-0034830,2018,TE,25,1,25.0,1.0,2.0,1.0,2018,5,0.8262797949983293,0.9989887559030127,2.4590543579241393
00-0034837,2018,WR,26,1,23.0,1.0,3.0,1.0,2018,5,0.7787785504948596,0.9969377532121143,2.567821031393535
00-0034750,2018,RB,27,1,22.0,1.0,1.0,1.0,2018,5,0.8858600903662093,0.9951593638074165,3.0172445312242195
00-0034845,2018,RB,31,1,23.0,1.0,3.0,1.0,2018,5,0.8472868077278706,0.9942917614772186,2.7568074733346943
00-0034796,2018,QB,32,1,21.0,1.0,5.0,1.0,2018,5,0.8727921834779152,0.985287470041157,2.7059950157038495
00-0034791,2018,RB,35,2,22.0,1.0,5.0,1.0,2018,5,0.8237621600647924,0.9912718654967206,2.417346886128553
00-0034816,2018,RB,38,2,21.0,1.0,2.0,1.0,2018,5,0.8368874059611062,0.9878168621964075,2.5151605869837512
00-0034348,2018,WR,40,2,22.0,1.0,4.0,1.0,2018,5,0.6969238841058837,0.9903004598744621,2.041443179644389
00-0034829,2018,TE,42,2,22.0,1.0,3.0,1.0,2018,5,0.7563526816984412,0.9940919724764598,2.032306442142595
00-0034349,2018,RB,43,2,21.0,1.0,1.0,1.0,2018,5,0.8174637723615744,0.9839120824428118,2.418059922651927
00-0034860,2018,WR,44,2,22.0,1.0,1.0,1.0,2018,5,0.6784937478527088,0.9879043772955457,1.9828264742083848
00-0034775,2018,WR,47,2,21.0,1.0,5.0,1.0,2018,5,0.704981158731303,0.9836796857469527,2.099399698861177
00-0034351,2018,TE,49,2,23.0,1.0,5.0,1.0,2018,5,0.6735842211484688,0.9924795638903696,1.7363747674547674
00-0034353,2018,WR,51,2,23.0,1.0,3.0,1.0,2018,5,0.6059279574880708,0.9853191594958084,1.7453938517157896
00-0034358,2018,RB,59,2,21.0,0.0,0.0,1.0,2018,5,0.7597386305664496,0.9674494609376112,2.1712159155996282
00-0034676,2018,WR,60,2,22.0,1.0,1.0,1.0,2018,5,0.6148014770490919,0.9753123143100374,1.7970569316480893
00-0034777,2018,WR,61,2,21.0,1.0,2.0,1.0,2018,5,0.6539230100854762,0.9703543988459814,1.9389769760054634
00-0034838,2018,RB,71,3,22.0,1.0,1.0,1.0,2018,5,0.6323477056467842,0.9576085184939706,1.4962819088568664
00-0034771,2018,QB,76,3,23.0,1.0,1.0,1.0,2018,5,0.5465310416091325,0.927762386297231,1.160570076736805
00-0034764,2018,WR,81,3,22.0,1.0,3.0,1.0,2018,5,0.49392085694503113,0.9513046923945533,1.2802367678578894
00-0034753,2018,TE,86,3,23.0,1.0,5.0,1.0,2018,5,0.42140178748463025,0.969214069375044,0.9660647947073217
00-0034765,2018,WR,91,3,22.0,0.0,0.0,1.0,2018,5,0.46775630899643017,0.9370062164622208,1.2249677078847752
00-0034364,2018,TE,98,3,26.0,1.0,1.0,1.0,2018,5,0.2576117716619273,0.9724864754791339,0.6467761719327547
00-0034365,2018,TE,101,4,22.0,0.0,0.0,1.0,2018,5,0.3568039514763395,0.9473195458977692,0.7326381313643928
00-0034366,2018,WR,103,4,21.0,0.0,0.0,1.0,2018,5,0.43079071686927195,0.9054020118600546,1.003036171758565
00-0034367,2018,RB,104,4,21.0,1.0,3.0,1.0,2018,5,0.521100862284442,0.890506229651191,1.065935075051286
00-0034772,2018,WR,105,4,21.0,1.0,1.0,1.0,2018,5,0.42654904537114996,0.9014738296676895,0.9952533578988967
00-0034766,2018,TE,107,4,22.0,1.0,1.0,1.0,2018,5,0.33774226732366086,0.9394893150994417,0.7023453219198381
00-0034369,2018,QB,108,4,23.0,0.0,0.0,1.0,2018,5,0.3983856902513076,0.8532452553714037,0.7682224351353286
00-0034679,2018,RB,112,4,21.0,0.0,0.0,1.0,2018,5,0.5007313805137021,0.8729030542800691,1.026667104668969
00-0034370,2018,WR,113,4,23.0,0.0,0.0,1.0,2018,5,0.32532216907824146,0.9121810955644084,0.7723288285881129
00-0034159,2018,TE,120,4,22.0,0.0,0.0,1.0,2018,5,0.3014315040278841,0.9206114456673289,0.6452312551475893
00-0034798,2018,TE,123,4,23.0,0.0,0.0,1.0,2018,5,0.2572802097474387,0.9267113752913798,0.5621120993851333
00-0034378,2018,RB,126,4,22.0,0.0,0.0,1.0,2018,5,0.42303558677401515,0.8590712940265154,0.8677395349577115
00-0034799,2018,RB,131,4,22.0,0.0,0.0,1.0,2018,5,0.41262212387552366,0.8479777649010904,0.8500843705180421
00-0034267,2018,WR,132,4,23.0,0.0,0.0,1.0,2018,5,0.29538305053340264,0.8783213408010013,0.7227197457254764
00-0034268,2018,WR,133,4,23.0,0.0,0.0,1.0,2018,5,0.2939703849101721,0.8764198815757881,0.7203857485174072
00-0034681,2018,RB,134,4,22.0,1.0,2.0,1.0,2018,5,0.4065983355880908,0.841199178738182,0.8399471448270128
00-0034383,2018,TE,137,4,22.0,1.0,3.0,1.0,2018,5,0.26238859451058555,0.8922065672074067,0.5841781329428462
00-0034386,2018,WR,144,5,22.0,0.0,0.0,1.0,2018,5,0.2717702334108372,0.8350746824552483,0.590946614511023
00-0034393,2018,TE,156,5,23.0,0.0,0.0,1.0,2018,5,0.16408449356959706,0.8733471251977611,0.34739287249797546
00-0034270,2018,TE,157,5,23.0,1.0,2.0,1.0,2018,5,0.16281110917027483,0.8715373055750124,0.3456168655411563
00-0034395,2018,WR,159,5,22.0,0.0,0.0,1.0,2018,5,0.2544726605247762,0.8005902419514521,0.5653743244408523
00-0034271,2018,WR,162,5,21.0,0.0,0.0,0.0,2018,5,0.2873973125820264,0.7679580970860796,0.6359108090909248
00-0034331,2018,TE,165,5,22.0,1.0,1.0,1.0,2018,5,0.17854718935809605,0.8373618905521721,0.3791677654900418
00-0034400,2018,RB,169,5,24.0,0.0,0.0,1.0,2018,5,0.22753568658204765,0.8077067655068331,0.4349040723758671
00-0034401,2018,QB,171,5,23.0,0.0,0.0,1.0,2018,5,0.24468712463857223,0.6735568063448562,0.4732579215958997
00-0034272,2018,WR,174,5,23.0,1.0,3.0,1.0,2018,5,0.20754955120022037,0.7905559480624381,0.4789567907729132
00-0034273,2018,WR,175,6,23.0,0.0,0.0,1.0,2018,5,0.17271413373428174,0.7880837272872885,0.35757886027223884
00-0034808,2018,RB,176,6,21.0,0.0,0.0,1.0,2018,5,0.2814059395084345,0.7094994599701554,0.4576465867235902
00-0034406,2018,WR,185,6,22.0,0.0,0.0,1.0,2018,5,0.19264977972651506,0.7376686507756983,0.399173853859525
00-0034407,2018,WR,187,6,21.0,0.0,0.0,1.0,2018,5,0.22116440207157625,0.7025159753713405,0.4557748602875167
00-0034409,2018,WR,191,6,24.0,0.0,0.0,0.0,2018,5,0.1383604087958741,0.778671776492451,0.300087912712638
00-0034411,2018,WR,194,6,22.0,1.0,4.0,1.0,2018,5,0.18608338714119413,0.7155818014795665,0.39043341008491983
00-0034278,2018,WR,196,6,22.0,0.0,0.0,0.0,2018,5,0.18468847786129314,0.7106684228453787,0.3885707955037736
00-0034412,2018,QB,199,6,23.0,0.0,0.0,1.0,2018,5,0.18070936842621838,0.5942317683639269,0.3323738090180909
00-0034414,2018,RB,201,6,23.0,0.0,0.0,1.0,2018,5,0.18985303698362568,0.7086370400285672,0.3251516159738013
00-0034416,2018,QB,203,6,23.0,0.0,0.0,0.0,2018,5,0.1775675634663694,0.583385016200995,0.32933000172235194
00-0034164,2018,RB,204,6,24.0,0.0,0.0,1.0,2018,5,0.16098228366496334,0.7319184462875608,0.2834736015900487
00-0034279,2018,WR,207,6,21.0,0.0,0.0,1.0,2018,5,0.20580478540362515,0.6505294541986115,0.4349614181655241
00-0034418,2018,WR,208,6,22.0,1.0,1.0,1.0,2018,5,0.17676580420640312,0.6812410253727584,0.37794864697368896
00-0034419,2018,WR,210,6,22.0,1.0,1.0,1.0,2018,5,0.1755152063657775,0.6763552863651064,0.3762648072792266
00-0034420,2018,TE,211,6,22.0,0.0,0.0,0.0,2018,5,0.10849319188039161,0.7332941570956844,0.23325065896497105
00-0034423,2018,QB,219,7,24.0,0.0,0.0,0.0,2018,5,0.11715708144116829,0.5778232843377442,0.20744782215399035
00-0034732,2018,QB,220,7,22.0,0.0,0.0,0.0,2018,5,0.1601415062009171,0.5011974866973662,0.2799459091247887
00-0034426,2018,WR,224,7,23.0,0.0,0.0,1.0,2018,5,0.11811320664053471,0.6756592442535186,0.2393173455299222
00-0034427,2018,RB,226,7,24.0,0.0,0.0,1.0,2018,5,0.12076575458226116,0.6833718846077953,0.19503360243646778
00-0034747,2018,WR,228,7,23.0,0.0,0.0,1.0,2018,5,0.11646295867232026,0.666511082571292,0.23727732520321332
00-0034432,2018,RB,236,7,23.0,0.0,0.0,1.0,2018,5,0.13597192129658783,0.6274161065865896,0.21808235745305438
00-0034433,2018,RB,237,7,22.0,0.0,0.0,1.0,2018,5,0.1584061936612474,0.5895495410157476,0.2505945006340672
00-0034286,2018,WR,240,7,23.0,1.0,1.0,1.0,2018,5,0.11179324668849512,0.6393014990647901,0.23146405088807254
00-0034438,2018,QB,249,7,23.0,0.0,0.0,1.0,2018,5,0.12198229248312902,0.46889708172354877,0.22683973139171085
00-0034439,2018,TE,250,7,22.0,0.0,0.0,1.0,2018,5,0.07076417074483085,0.6406741497589326,0.15309756435133268
00-0034440,2018,RB,251,7,22.0,0.0,0.0,1.0,2018,5,0.15016925322734517,0.5575400782321088,0.2419831866603716
00-0034686,2018,WR,253,7,21.0,1.0,1.0,1.0,2018,5,0.1477054749331839,0.5374323265644584,0.30368347122957545
00-0034442,2018,WR,255,7,22.0,0.0,0.0,0.0,2018,5,0.12526639754319494,0.5697840799668047,0.2605114280165878
00-0034339,2018,WR,256,7,22.0,0.0,0.0,1.0,2018,5,0.12488068290507127,0.5675359982455849,0.2600224813985716
00-0035228,2019,QB,1,1,22.0,1.0,1.0,1.0,2019,1,0.8755706726067682,0.9901957049609825,0.8755706726067682
00-0035710,2019,QB,6,1,22.0,1.0,1.0,1.0,2019,1,0.7291966298536533,0.9646354964811058,0.7291966298536533
00-0035229,2019,TE,8,1,22.0,0.0,0.0,1.0,2019,1,0.4953897138576799,0.9950850678028649,0.4953897138576799
00-0035232,2019,QB,15,1,22.0,1.0,1.0,1.0,2019,1,0.6222981156856104,0.9331808617792499,0.6222981156856104
00-0035644,2019,TE,20,1,21.0,1.0,1.0,1.0,2019,1,0.4281193965017212,0.9865005711908139,0.4281193965017212
00-0035700,2019,RB,24,1,21.0,1.0,1.0,1.0,2019,1,0.6892669512407569,0.9674784302482402,0.6892669512407569
00-0035662,2019,WR,25,1,22.0,1.0,1.0,1.0,2019,1,0.5370410107546327,0.9803139169908218,0.5370410107546327
00-0035624,2019,WR,32,1,21.0,0.0,0.0,1.0,2019,1,0.5349041284183007,0.9726070352201269,0.5349041284183007
00-0035719,2019,WR,36,2,23.0,1.0,1.0,1.0,2019,1,0.3492847396518312,0.9645465171344085,0.3492847396518312
00-0035704,2019,QB,42,2,22.0,1.0,1.0,1.0,2019,1,0.3670744574745373,0.8286101502898757,0.3670744574745373
00-0034970,2019,TE,50,2,21.0,0.0,0.0,1.0,2019,1,0.23866123064362568,0.9546159161203924,0.23866123064362568
00-0035676,2019,WR,51,2,22.0,1.0,1.0,1.0,2019,1,0.3366170593068283,0.9458309600947344,0.3366170593068283
00-0035631,2019,TE,52,2,23.0,0.0,0.0,1.0,2019,1,0.19927203130784252,0.959709768399683,0.19927203130784252
00-0035243,2019,RB,53,2,22.0,1.0,1.0,1.0,2019,1,0.4684171165063944,0.9304552314432281,0.4684171165063944
00-0035140,2019,WR,56,2,21.0,1.0,1.0,1.0,2019,1,0.3509178107962398,0.9358791958948519,0.3509178107962398
00-0035246,2019,WR,57,2,22.0,0.0,0.0,1.0,2019,1,0.32505704423598625,0.9396074714782716,0.32505704423598625
00-0035639,2019,WR,59,2,22.0,0.0,0.0,1.0,2019,1,0.3215148332940714,0.9375456471822452,0.3215148332940714
00-0035527,2019,WR,62,2,22.0,0.0,0.0,1.0,2019,1,0.3164563995457998,0.934465017356018,0.3164563995457998
00-0035640,2019,WR,64,2,21.0,1.0,1.0,1.0,2019,1,0.33677460316649116,0.927049485281907,0.33677460316649116
00-0035216,2019,WR,66,3,23.0,1.0,1.0,1.0,2019,1,0.19799431509361895,0.9142142475183256,0.19799431509361895
00-0034971,2019,WR,67,3,23.0,0.0,0.0,0.0,2019,1,0.19687557170337575,0.9129831380806659,0.19687557170337575
00-0035249,2019,TE,69,3,22.0,0.0,0.0,1.0,2019,1,0.1309640659099445,0.9234746068931134,0.1309640659099445
00-0035664,2019,RB,70,3,22.0,0.0,0.0,1.0,2019,1,0.32468888417883474,0.8893386742526093,0.32468888417883474
00-0035685,2019,RB,73,3,22.0,1.0,1.0,1.0,2019,1,0.3209398074325601,0.8863174785177781,0.3209398074325601
00-0035250,2019,RB,74,3,22.0,1.0,1.0,1.0,2019,1,0.3197291914807898,0.8853226172521681,0.3197291914807898
00-0035671,2019,TE,75,3,23.0,0.0,0.0,1.0,2019,1,0.11565809595831743,0.9232615270062372,0.11565809595831743
00-0035659,2019,WR,76,3,23.0,1.0,1.0,1.0,2019,1,0.18768631482837045,0.902021696978451,0.18768631482837045
00-0035660,2019,TE,86,3,22.0,0.0,0.0,0.0,2019,1,0.12095544041348942,0.9059664709597872,0.12095544041348942
00-0035657,2019,RB,87,3,22.0,0.0,0.0,1.0,2019,1,0.30551760912045445,0.8728975067880259,0.30551760912045445
00-0035703,2019,WR,93,3,22.0,0.0,0.0,1.0,2019,1,0.18960456248442026,0.8730601297251368,0.18960456248442026
00-0035689,2019,TE,96,3,22.0,0.0,0.0,1.0,2019,1,0.11620800922597799,0.8959383567385889,0.11620800922597799
00-0035251,2019,QB,100,3,24.0,0.0,0.0,1.0,2019,1,0.152310105649272,0.6895301290278195,0.152310105649272
00-0034972,2019,RB,102,3,21.0,0.0,0.0,1.0,2019,1,0.314566371722048,0.8493601791534403,0.314566371722048
00-0035529,2019,WR,103,4,23.0,0.0,0.0,0.0,2019,1,0.10910160494020295,0.8314631075627206,0.10910160494020295
00-0035652,2019,QB,104,4,24.0,0.0,0.0,1.0,2019,1,0.09711216577711726,0.6131796885382479,0.09711216577711726
00-0035256,2019,RB,112,4,22.0,0.0,0.0,0.0,2019,1,0.1952111711308861,0.8077788033499275,0.1952111711308861
00-0034975,2019,RB,113,4,21.0,0.0,0.0,1.0,2019,1,0.21201522801589837,0.7936352646259469,0.21201522801589837
00-0035589,2019,WR,120,4,22.0,0.0,0.0,0.0,2019,1,0.11260904611903319,0.7950042457703183,0.11260904611903319
00-0035259,2019,TE,121,4,23.0,0.0,0.0,1.0,2019,1,0.06158138737266393,0.844215077079354,0.06158138737266393
00-0035217,2019,RB,122,4,21.0,0.0,0.0,1.0,2019,1,0.20683014403061187,0.7844139229980915,0.20683014403061187
00-0035590,2019,WR,126,4,23.0,0.0,0.0,1.0,2019,1,0.1002381760626265,0.8001115820197954,0.1002381760626265
00-0035261,2019,RB,128,4,22.0,0.0,0.0,1.0,2019,1,0.1867799931712786,0.7923426428594899,0.1867799931712786
00-0035264,2019,QB,133,4,23.0,0.0,0.0,1.0,2019,1,0.09498064320290683,0.5495287727110963,0.09498064320290683
00-0034981,2019,TE,137,4,22.0,0.0,0.0,1.0,2019,1,0.06489958524578093,0.8146820327128322,0.06489958524578093
00-0035268,2019,RB,140,5,22.0,0.0,0.0,1.0,2019,1,0.11922371008005493,0.7242710885409327,0.11922371008005493
00-0035222,2019,TE,141,5,22.0,0.0,0.0,1.0,2019,1,0.04024060598410311,0.7581805569674205,0.04024060598410311
00-0034983,2019,WR,149,5,23.0,1.0,1.0,1.0,2019,1,0.059222286946893486,0.7118789998658537,0.059222286946893486
00-0035273,2019,RB,152,5,22.0,0.0,0.0,1.0,2019,1,0.11573932036043162,0.7122410530783772,0.11573932036043162
00-0035275,2019,RB,154,5,23.0,0.0,0.0,1.0,2019,1,0.10469960300228272,0.726925458157153,0.10469960300228272
00-0035282,2019,QB,166,5,23.0,0.0,0.0,0.0,2019,1,0.05390011912367318,0.4324820741560197,0.05390011912367318
00-0035283,2019,QB,167,5,24.0,0.0,0.0,0.0,2019,1,0.04853371671372571,0.4516805114404428,0.04853371671372571
00-0035535,2019,WR,171,5,22.0,1.0,1.0,1.0,2019,1,0.06164375090331816,0.6636176683352422,0.06164375090331816
00-0035287,2019,WR,174,6,22.0,0.0,0.0,1.0,2019,1,0.03830812978853337,0.587308139136401,0.03830812978853337
00-0034988,2019,TE,176,6,22.0,0.0,0.0,1.0,2019,1,0.02285468831964086,0.6473639987000112,0.02285468831964086
00-0035289,2019,QB,178,6,23.0,1.0,1.0,1.0,2019,1,0.032460176734705505,0.34721694868820785,0.032460176734705505
00-0035291,2019,RB,182,6,21.0,0.0,0.0,0.0,2019,1,0.07643328269750468,0.5951417372484161,0.07643328269750468
00-0035592,2019,WR,184,6,23.0,0.0,0.0,1.0,2019,1,0.0336804095314233,0.5931803273235493,0.0336804095314233
00-0035537,2019,RB,186,6,21.0,0.0,0.0,1.0,2019,1,0.07580844909493795,0.5913491648562367,0.07580844909493795
00-0035593,2019,WR,187,6,23.0,0.0,0.0,1.0,2019,1,0.03343415261840604,0.5891263093080533,0.03343415261840604
00-0034995,2019,RB,194,6,22.0,0.0,0.0,1.0,2019,1,0.06753220242785922,0.6038032068337922,0.06753220242785922
00-0035146,2019,QB,197,6,24.0,0.0,0.0,1.0,2019,1,0.027748695105142527,0.34906419639428987,0.027748695105142527
00-0035296,2019,WR,203,6,23.0,0.0,0.0,0.0,2019,1,0.032210669764023,0.5683709098061093,0.032210669764023
00-0035594,2019,RB,204,6,21.0,0.0,0.0,1.0,2019,1,0.07320550866652627,0.5751180511060551,0.07320550866652627
00-0035297,2019,WR,206,6,22.0,0.0,0.0,1.0,2019,1,0.03549256598734302,0.5443223682290508,0.03549256598734302
00-0035298,2019,WR,208,6,22.0,0.0,0.0,1.0,2019,1,0.0353376016639165,0.5418357605161078,0.0353376016639165
00-0035299,2019,RB,211,6,22.0,0.0,0.0,0.0,2019,1,0.06540224930314364,0.5891879034817744,0.06540224930314364
00-0035148,2019,RB,214,6,22.0,0.0,0.0,1.0,2019,1,0.0650504567949629,0.586715219794288,0.0650504567949629
00-0035303,2019,RB,218,7,22.0,0.0,0.0,0.0,2019,1,0.04050403866071937,0.5071101975003134,0.04050403866071937
00-0035304,2019,RB,220,7,24.0,0.0,0.0,1.0,2019,1,0.03281960468164448,0.5464439986577998,0.03281960468164448
00-0035596,2019,RB,222,7,22.0,0.0,0.0,1.0,2019,1,0.0402162346134747,0.503824360393655,0.0402162346134747
00-0035539,2019,TE,224,7,22.0,0.0,0.0,1.0,2019,1,0.012777881781412708,0.5130823979479869,0.012777881781412708
00-0035308,2019,TE,228,7,24.0,0.0,0.0,1.0,2019,1,0.010260817421435321,0.5495168034265323,0.010260817421435321
00-0035309,2019,TE,231,7,22.0,0.0,0.0,0.0,2019,1,0.012618568446276453,0.5052201123280045,0.012618568446276453
00-0035310,2019,RB,233,7,23.0,0.0,0.0,0.0,2019,1,0.03558794046275628,0.515637725846861,0.03558794046275628
00-0035311,2019,RB,234,7,22.0,0.0,0.0,1.0,2019,1,0.03939395712304061,0.4943099405278657,0.03939395712304061
00-0035597,2019,WR,236,7,25.0,0.0,0.0,1.0,2019,1,0.015065538148148254,0.4937221745304217,0.015065538148148254
00-0035313,2019,WR,237,7,22.0,0.0,0.0,0.0,2019,1,0.02062885124774463,0.4313838919573463,0.02062885124774463
00-0035002,2019,WR,239,7,22.0,0.0,0.0,0.0,2019,1,0.020549290769299875,0.42924732088433204,0.020549290769299875
00-0035006,2019,WR,247,7,22.0,0.0,0.0,1.0,2019,1,0.02024045507378527,0.42090226129211694,0.02024045507378527
00-0035320,2019,TE,254,7,23.0,0.0,0.0,0.0,2019,1,0.010917676300904833,0.5015191901937315,0.010917676300904833
00-0035228,2019,QB,1,1,22.0,1.0,2.0,1.0,2019,2,0.9720903820299288,0.9999714046758004,1.79454808066055
00-0035710,2019,QB,6,1,22.0,1.0,2.0,1.0,2019,2,0.9018138429415158,0.9991678386973347,1.5425997361530828
00-0035229,2019,TE,8,1,22.0,1.0,1.0,1.0,2019,2,0.8944375065591496,0.9998120167337032,1.3883372230875612
00-0035232,2019,QB,15,1,22.0,1.0,2.0,1.0,2019,2,0.8228666549303394,0.9953510333668035,1.3485909244689274
00-0035644,2019,TE,20,1,21.0,1.0,2.0,1.0,2019,2,0.7935074789343998,0.9984185454286216,1.196066426799791
00-0035700,2019,RB,24,1,21.0,1.0,2.0,1.0,2019,2,0.8968119352605988,0.9966829863201874,1.4888676962248286
00-0035662,2019,WR,25,1,22.0,1.0,2.0,1.0,2019,2,0.7104120556063424,0.9966618045196858,1.1185230109921283
00-0035624,2019,WR,32,1,21.0,0.0,0.0,1.0,2019,2,0.7029938026023572,0.9937759306987567,1.1229716361479207
00-0035719,2019,WR,36,2,23.0,1.0,1.0,1.0,2019,2,0.5375754590709665,0.9926998806632755,0.7620814306187302
00-0035704,2019,QB,42,2,22.0,1.0,2.0,1.0,2019,2,0.5817626682637725,0.965022118609337,0.8571721370493308
00-0034970,2019,TE,50,2,21.0,0.0,0.0,1.0,2019,2,0.503260798303252,0.9866908147592706,0.7002473853895159
00-0035676,2019,WR,51,2,22.0,1.0,2.0,1.0,2019,2,0.5144824976282277,0.9832233711225623,0.7485861346571786
00-0035631,2019,TE,52,2,23.0,0.0,0.0,1.0,2019,2,0.4426834245110031,0.98811534859966,0.597042902035674
00-0035243,2019,RB,53,2,22.0,1.0,2.0,1.0,2019,2,0.717250700743506,0.9815473967902628,1.0410355686900183
00-0035140,2019,WR,56,2,21.0,1.0,2.0,1.0,2019,2,0.5269937808051962,0.977492120980797,0.7823238288042145
00-0035246,2019,WR,57,2,22.0,0.0,0.0,1.0,2019,2,0.4989044410131108,0.9788399460608869,0.7282860324402674
00-0035639,2019,WR,59,2,22.0,0.0,0.0,1.0,2019,2,0.49407338990100735,0.9772659450140486,0.7220480535283841
00-0035527,2019,WR,62,2,22.0,0.0,0.0,1.0,2019,2,0.4871276938186932,0.9748001233988624,0.7131248419133821
00-0035640,2019,WR,64,2,21.0,1.0,2.0,1.0,2019,2,0.5083122600881421,0.9703179108985738,0.7575973562346394
00-0035216,2019,WR,66,3,23.0,1.0,2.0,1.0,2019,2,0.347737790767119,0.9710165453074531,0.4658842088130868
00-0034971,2019,WR,67,3,23.0,0.0,0.0,0.0,2019,2,0.345828893429221,0.9701025950447787,0.4638028326975331
00-0035249,2019,TE,69,3,22.0,0.0,0.0,1.0,2019,2,0.3008194291561706,0.9729179898209013,0.3934533818896745
00-0035664,2019,RB,70,3,22.0,1.0,1.0,1.0,2019,2,0.5619324142755477,0.9629643095373928,0.7376949606849579
00-0035685,2019,RB,73,3,22.0,1.0,2.0,1.0,2019,2,0.552929553082,0.9595730714599314,0.7271165642096387
00-0035250,2019,RB,74,3,22.0,1.0,2.0,1.0,2019,2,0.5500028803821908,0.9584110510509734,0.7236995465214147
00-0035671,2019,TE,75,3,23.0,0.0,0.0,1.0,2019,2,0.2636221388230549,0.9706150469768378,0.3419047600231246
00-0035659,2019,WR,76,3,23.0,1.0,2.0,1.0,2019,2,0.33002868589561907,0.9612654743984094,0.4466352685336755
00-0035660,2019,TE,86,3,22.0,0.0,0.0,1.0,2019,2,0.25767301053721137,0.9566200662792557,0.3433947634807021
00-0035657,2019,RB,87,3,22.0,0.0,0.0,1.0,2019,2,0.5149796026091487,0.9419110737710529,0.6835675983395914
00-0035703,2019,WR,93,3,22.0,0.0,0.0,1.0,2019,2,0.3276941305180543,0.9359163012561419,0.4575969861637984
00-0035689,2019,TE,96,3,22.0,0.0,0.0,1.0,2019,2,0.23769982732258904,0.9453012980947638,0.320238292839427
00-0035251,2019,QB,100,3,24.0,0.0,0.0,1.0,2019,2,0.27680851889677727,0.8550831256849986,0.38180035438393983
00-0034972,2019,RB,102,3,21.0,0.0,0.0,1.0,2019,2,0.5060373352683452,0.9121108614095673,0.6936043723845433
00-0035529,2019,WR,103,4,23.0,0.0,0.0,1.0,2019,2,0.21109690875181258,0.9208028337812372,0.275874337894032
00-0035652,2019,QB,104,4,24.0,0.0,0.0,1.0,2019,2,0.19318539830663234,0.8305703160446897,0.2522861574497903
00-0035256,2019,RB,112,4,22.0,0.0,0.0,0.0,2019,2,0.35442463748416914,0.8933830715152778,0.44012688098911257
00-0034975,2019,RB,113,4,21.0,0.0,0.0,1.0,2019,2,0.3764056977819328,0.8813930904350746,0.4770128595876407
00-0035589,2019,WR,120,4,22.0,0.0,0.0,0.0,2019,2,0.21393165772594552,0.8836618840186622,0.2884236528483601
00-0035259,2019,TE,121,4,23.0,0.0,0.0,1.0,2019,2,0.12637325501338223,0.9110107245624445,0.1645796214185094
00-0035217,2019,RB,122,4,21.0,0.0,0.0,1.0,2019,2,0.3608962782135728,0.8628599182371925,0.4619277545295023
00-0035590,2019,WR,126,4,23.0,0.0,0.0,1.0,2019,2,0.19290055726556113,0.8833523982660029,0.25804334015629243
00-0035261,2019,RB,128,4,22.0,1.0,1.0,1.0,2019,2,0.3283248868820389,0.8624460824251077,0.41552444321378734
00-0035264,2019,QB,133,4,23.0,0.0,0.0,1.0,2019,2,0.18095746261365722,0.7361536884619669,0.2466811704480915
00-0034981,2019,TE,137,4,22.0,0.0,0.0,1.0,2019,2,0.12434250373228993,0.8754546144518847,0.16689389811208316
00-0035268,2019,RB,140,5,22.0,0.0,0.0,1.0,2019,2,0.2255484391856871,0.8219429223224676,0.26926669783179297
00-0035222,2019,TE,141,5,22.0,0.0,0.0,1.0,2019,2,0.0816671321142853,0.8550463657625611,0.1054887412104068
00-0034983,2019,WR,149,5,23.0,1.0,2.0,1.0,2019,2,0.12291122677430215,0.8258294875768126,0.15988212696523804
00-0035273,2019,RB,152,5,22.0,0.0,0.0,1.0,2019,2,0.21330154864082518,0.7942855646508209,0.2589205425769533
00-0035275,2019,RB,154,5,23.0,0.0,0.0,1.0,2019,2,0.1948105268541352,0.8058616713026976,0.23376157160908578
00-0035282,2019,QB,166,5,23.0,0.0,0.0,1.0,2019,2,0.10767866668194737,0.621859675012164,0.14421051160244674
00-0035283,2019,QB,167,5,24.0,0.0,0.0,0.0,2019,2,0.0978198371107562,0.6426594634648699,0.12965385928777884
00-0035535,2019,WR,171,5,22.0,1.0,2.0,1.0,2019,2,0.12567250823610746,0.7618096055468345,0.16876808643961186
00-0035287,2019,WR,174,6,22.0,0.0,0.0,1.0,2019,2,0.08398151331774344,0.7338158157556486,0.10824675614704476
00-0034988,2019,TE,176,6,22.0,0.0,0.0,1.0,2019,2,0.044109332396111825,0.7634833538007451,0.056841227048858814
00-0035289,2019,QB,178,6,23.0,1.0,2.0,1.0,2019,2,0.06872024372377711,0.5632965050024172,0.08912443265287034
00-0035291,2019,RB,182,6,21.0,0.0,0.0,1.0,2019,2,0.14195356384547922,0.678611637872082,0.17121925871660976
00-0035592,2019,WR,184,6,23.0,1.0,1.0,1.0,2019,2,0.07424095448659461,0.7302675199231639,0.09542447913233326
00-0035537,2019,RB,186,6,21.0,0.0,0.0,1.0,2019,2,0.139666303480847,0.6682280645211699,0.16936055713073703
00-0035593,2019,WR,187,6,23.0,0.0,0.0,1.0,2019,2,0.07362046535076047,0.7234375862136462,0.0948703864951537
00-0034995,2019,RB,194,6,22.0,0.0,0.0,1.0,2019,2,0.1237671009958416,0.6702902744611122,0.14992280560114774
00-0035146,2019,QB,197,6,24.0,0.0,0.0,1.0,2019,2,0.058167049423192604,0.5410289752909886,0.07589355739784515
00-0035296,2019,WR,203,6,23.0,0.0,0.0,0.0,2019,2,0.0705437564978886,0.6871743780845131,0.09210654369462412
00-0035594,2019,RB,204,6,21.0,0.0,0.0,1.0,2019,2,0.1302900888653617,0.6223550682272393,0.16167476185507693
00-0035297,2019,WR,206,6,22.0,0.0,0.0,1.0,2019,2,0.07698439386370688,0.6581268154807325,0.10191070805874984
00-0035298,2019,WR,208,6,22.0,0.0,0.0,1.0,2019,2,0.07660054386779402,0.6534876531259999,0.1015593797645506
00-0035299,2019,RB,211,6,22.0,0.0,0.0,0.0,2019,2,0.11606014215977978,0.6287968829054965,0.14367889892398994
00-0035148,2019,RB,214,6,22.0,0.0,0.0,1.0,2019,2,0.1148065116120954,0.6216120740909618,0.14265448752706963
00-0035303,2019,RB,218,7,22.0,0.0,0.0,0.0,2019,2,0.07595769507014541,0.5853107287381123,0.09041297966275545
00-0035304,2019,RB,220,7,24.0,0.0,0.0,1.0,2019,2,0.06229166556112435,0.6286279426667789,0.0729867589988294
00-0035596,2019,RB,222,7,22.0,0.0,0.0,1.0,2019,2,0.07485528362510858,0.5756944547351691,0.08955968145336213
00-0035539,2019,TE,224,7,22.0,0.0,0.0,1.0,2019,2,0.022955269416683348,0.6285338369784198,0.029819414024671465
00-0035308,2019,TE,228,7,24.0,0.0,0.0,1.0,2019,2,0.018463431561753393,0.6655817628225473,0.02360544360961933
00-0035309,2019,TE,231,7,22.0,0.0,0.0,0.0,2019,2,0.02229201774638843,0.6124794887807489,0.029131466265648512
00-0035310,2019,RB,233,7,23.0,0.0,0.0,0.0,2019,2,0.06543680157065233,0.5746542666164007,0.07865855003923772
00-0035311,2019,RB,234,7,22.0,1.0,1.0,1.0,2019,2,0.071745897325278,0.5475524589171322,0.08713437403088795
00-0035597,2019,WR,236,7,25.0,0.0,0.0,1.0,2019,2,0.03530524276156667,0.6356491782155103,0.04448483683701651
00-0035313,2019,WR,237,7,22.0,0.0,0.0,1.0,2019,2,0.04731225899738734,0.5609947729678845,0.061650321845133145
00-0035002,2019,WR,239,7,22.0,0.0,0.0,0.0,2019,2,0.04710045428801024,0.5565877041081321,0.06146208228979027
00-0035006,2019,WR,247,7,22.0,0.0,0.0,1.0,2019,2,0.04627925158809174,0.5392411079648641,0.06073011969857067
00-0035320,2019,TE,254,7,23.0,0.0,0.0,1.0,2019,2,0.018414063916784178,0.586181993469056,0.024288989004660665
00-0035228,2019,QB,1,1,22.0,1.0,3.0,1.0,2019,3,0.9855992742460161,0.9999741128028581,2.627584467424081
00-0035710,2019,QB,6,1,22.0,1.0,3.0,1.0,2019,3,0.9337355748213284,0.9992948249456064,2.2189798063854087
00-0035229,2019,TE,8,1,22.0,1.0,2.0,1.0,2019,3,0.96623685677842,0.9997990065979634,2.2376411301710926
00-0035232,2019,QB,15,1,22.0,1.0,2.0,1.0,2019,3,0.8626315474373115,0.9961888922683726,1.9207067596828882
00-0035644,2019,TE,20,1,21.0,1.0,3.0,1.0,2019,3,0.8994949942876777,0.9984255877754857,1.9199054204400223
00-0035700,2019,RB,24,1,21.0,1.0,3.0,1.0,2019,3,0.9066855744585713,0.9964479352464705,2.165084499158781
00-0035662,2019,WR,25,1,22.0,1.0,3.0,1.0,2019,3,0.7844776866431896,0.9967689608778447,1.749001798127423
00-0035624,2019,WR,32,1,21.0,0.0,0.0,1.0,2019,3,0.7675610450956217,0.9941346287720098,1.7375525105133596
00-0035719,2019,WR,36,2,23.0,1.0,2.0,1.0,2019,3,0.6346819317888496,0.9929974697706985,1.2291263930088854
00-0035704,2019,QB,42,2,22.0,1.0,2.0,1.0,2019,3,0.6474692677118612,0.9726079337261361,1.2258107436170564
00-0034970,2019,TE,50,2,21.0,0.0,0.0,1.0,2019,3,0.6450069090092787,0.9876068941172723,1.1405929898799798
00-0035676,2019,WR,51,2,22.0,1.0,3.0,1.0,2019,3,0.5913212272865784,0.9843778277893501,1.1837503202804318
00-0035631,2019,TE,52,2,23.0,0.0,0.0,1.0,2019,3,0.5795617268275024,0.9885522440261727,0.9844413681059825
00-0035243,2019,RB,53,2,22.0,1.0,3.0,1.0,2019,3,0.7302213512361845,0.9813612317429371,1.4752286318561696
00-0035140,2019,WR,56,2,21.0,1.0,3.0,1.0,2019,3,0.5990220514198975,0.9794713197028833,1.2258074616640493
00-0035246,2019,WR,57,2,22.0,0.0,0.0,1.0,2019,3,0.5684720278133972,0.9803653787907483,1.1461852520109477
00-0035639,2019,WR,59,2,22.0,0.0,0.0,1.0,2019,3,0.5613230610383623,0.9789274180174915,1.1346468097206595
00-0035527,2019,WR,62,2,22.0,0.0,0.0,1.0,2019,3,0.5509975954414136,0.9766772352008029,1.118147501128675
00-0035640,2019,WR,64,2,21.0,1.0,3.0,1.0,2019,3,0.5716946459430388,0.9730338890961635,1.1802605883350812
00-0035216,2019,WR,66,3,23.0,1.0,3.0,1.0,2019,3,0.4304344478967748,0.9731302894642819,0.7654871431732982
00-0034971,2019,WR,67,3,23.0,0.0,0.0,0.0,2019,3,0.42732778952570366,0.9722953298437522,0.761462112766533
00-0035249,2019,TE,69,3,22.0,0.0,0.0,1.0,2019,3,0.4298538759725628,0.975125052916608,0.6658386765269035
00-0035664,2019,RB,70,3,22.0,1.0,2.0,1.0,2019,3,0.5932576024601384,0.9638895119418341,1.0474255476259828
00-0035685,2019,RB,73,3,22.0,1.0,3.0,1.0,2019,3,0.5824004718414048,0.9607038971994061,1.0303599073473462
00-0035250,2019,RB,74,3,22.0,1.0,3.0,1.0,2019,3,0.5788626070051338,0.9596143646102694,1.0248545974594778
00-0035671,2019,TE,75,3,23.0,0.0,0.0,1.0,2019,3,0.3753912647438779,0.9726482973829726,0.5813023536665591
00-0035659,2019,WR,76,3,23.0,1.0,3.0,1.0,2019,3,0.4015363632217757,0.9642354146892744,0.7283281294270181
00-0035660,2019,TE,86,3,22.0,0.0,0.0,1.0,2019,3,0.356981606244637,0.9605868645332374,0.5745948100439895
00-0035657,2019,RB,87,3,22.0,1.0,1.0,1.0,2019,3,0.5362550265542307,0.9442354665803555,0.9604681921241384
00-0035703,2019,WR,93,3,22.0,0.0,0.0,1.0,2019,3,0.387345976018563,0.9421111086881251,0.7328726045616947
00-0035689,2019,TE,96,3,22.0,1.0,1.0,1.0,2019,3,0.3227103453525651,0.9505497547162947,0.5325276215048413
00-0035251,2019,QB,100,3,24.0,0.0,0.0,1.0,2019,3,0.33178029950289195,0.8846731183339518,0.5708346582645403
00-0034972,2019,RB,102,3,21.0,1.0,1.0,1.0,2019,3,0.5215504041873744,0.9178709571164527,0.9661403703084401
00-0035529,2019,WR,103,4,23.0,0.0,0.0,1.0,2019,3,0.2735529565591647,0.9283440431550785,0.4647407996261038
00-0035652,2019,QB,104,4,24.0,0.0,0.0,1.0,2019,3,0.25808516172522894,0.8662512831246392,0.3933449102282698
00-0035256,2019,RB,112,4,22.0,0.0,0.0,0.0,2019,3,0.3903905867381662,0.900568215850687,0.6272741515950722
00-0034975,2019,RB,113,4,21.0,0.0,0.0,1.0,2019,3,0.41476068458700427,0.8911435977987571,0.6776368346765659
00-0035589,2019,WR,120,4,22.0,0.0,0.0,0.0,2019,3,0.26999067595414916,0.8965506276774671,0.4773122555457565
00-0035259,2019,TE,121,4,23.0,0.0,0.0,1.0,2019,3,0.1831722892427865,0.9199913034698609,0.2865712804106202
00-0035217,2019,RB,122,4,21.0,0.0,0.0,1.0,2019,3,0.39504480492808497,0.8745764855632142,0.6537991430695087
00-0035590,2019,WR,126,4,23.0,0.0,0.0,1.0,2019,3,0.24109883894672635,0.8947184444286066,0.42910632417788247
00-0035261,2019,RB,128,4,22.0,1.0,2.0,1.0,2019,3,0.35703238171677903,0.8725843687776748,0.5884187728359624
00-0035264,2019,QB,133,4,23.0,0.0,0.0,1.0,2019,3,0.23829505219153596,0.7911725575071742,0.3851375620588747
00-0034981,2019,TE,137,4,22.0,0.0,0.0,1.0,2019,3,0.17411648351755743,0.8901005405123857,0.28545866732776926
00-0035268,2019,RB,140,5,22.0,0.0,0.0,1.0,2019,3,0.2679261469333233,0.8374694310401543,0.39388980677681806
00-0035222,2019,TE,141,5,22.0,0.0,0.0,1.0,2019,3,0.12809304212839398,0.8735572175487274,0.19023762208679384
00-0034983,2019,WR,149,5,23.0,1.0,3.0,1.0,2019,3,0.1666882586894693,0.8445170781035566,0.2772875005403107
00-0035273,2019,RB,152,5,22.0,0.0,0.0,1.0,2019,3,0.25105538183594506,0.8126546396575637,0.377312845712344
00-0035275,2019,RB,154,5,23.0,0.0,0.0,1.0,2019,3,0.228324714811784,0.8208997022585245,0.3420429968797104
00-0035282,2019,QB,166,5,23.0,0.0,0.0,1.0,2019,3,0.15726063265443443,0.6955622638456592,0.23787732564686104
00-0035283,2019,QB,167,5,24.0,0.0,0.0,0.0,2019,3,0.14247364738700985,0.7104649509109329,0.21552002457140487
00-0035535,2019,WR,171,5,22.0,1.0,2.0,1.0,2019,3,0.16595201342712806,0.7894562688567897,0.2872953447477778
00-0035287,2019,WR,174,6,22.0,0.0,0.0,1.0,2019,3,0.12450246232220354,0.7664520223553146,0.1944996137535402
00-0034988,2019,TE,176,6,22.0,0.0,0.0,1.0,2019,3,0.07261247943355052,0.7953435097628542,0.10669753014711875
00-0035289,2019,QB,178,6,23.0,1.0,2.0,1.0,2019,3,0.1128932189251626,0.645796926664112,0.15529805162804694
00-0035291,2019,RB,182,6,21.0,0.0,0.0,1.0,2019,3,0.1830664018508457,0.7131853774724107,0.25717224959033935
00-0035592,2019,WR,184,6,23.0,1.0,1.0,1.0,2019,3,0.1082790406702172,0.760231635343887,0.17235608364146854
00-0035537,2019,RB,186,6,21.0,0.0,0.0,1.0,2019,3,0.17961989572598064,0.7037860554163935,0.2541293377685313
00-0035593,2019,WR,187,6,23.0,0.0,0.0,1.0,2019,3,0.10696900187437965,0.7540101791497059,0.17113940051387028
00-0034995,2019,RB,194,6,22.0,0.0,0.0,1.0,2019,3,0.15779331998024243,0.7025981144980096,0.22579496401280016
00-0035146,2019,QB,197,6,24.0,0.0,0.0,1.0,2019,3,0.09433432067554212,0.6215158499138038,0.1339092163743351
00-0035296,2019,WR,203,6,23.0,0.0,0.0,0.0,2019,3,0.10053222134914995,0.7207863189518238,0.1650942609387852
00-0035594,2019,RB,204,6,21.0,0.0,0.0,1.0,2019,3,0.1655403213618211,0.6619526500463634,0.24157258873844945
00-0035297,2019,WR,206,6,22.0,0.0,0.0,1.0,2019,3,0.1097933049831845,0.6974545457365452,0.1807499928297437
00-0035298,2019,WR,208,6,22.0,0.0,0.0,1.0,2019,3,0.10899935413488945,0.6931724144983571,0.17999298767511024
00-0035299,2019,RB,211,6,22.0,0.0,0.0,0.0,2019,3,0.146234843510592,0.6645965386004814,0.2155413876463612
00-0035148,2019,RB,214,6,22.0,0.0,0.0,1.0,2019,3,0.1443625754169816,0.6579765669499266,0.21386217295039045
00-0035303,2019,RB,218,7,22.0,0.0,0.0,0.0,2019,3,0.10712013838836842,0.626829201815099,0.14231155275305987
00-0035304,2019,RB,220,7,24.0,0.0,0.0,1.0,2019,3,0.08691157335878895,0.6602608778660308,0.11631095804057276
00-0035596,2019,RB,222,7,22.0,0.0,0.0,1.0,2019,3,0.1052771312767561,0.6178831783954952,0.14084833158170623
00-0035539,2019,TE,224,7,22.0,0.0,0.0,1.0,2019,3,0.039032192670242064,0.6770293867881344,0.058127867218589105
00-0035308,2019,TE,228,7,24.0,0.0,0.0,1.0,2019,3,0.030773718975768374,0.7040996882774788,0.04683038421545854
00-0035309,2019,TE,231,7,22.0,0.0,0.0,0.0,2019,3,0.03745957317939576,0.6623425483696729,0.05662100530579539
00-0035310,2019,RB,233,7,23.0,0.0,0.0,0.0,2019,3,0.0909238749354379,0.6134405573064323,0.12420646248778767
00-0035311,2019,RB,234,7,22.0,1.0,2.0,1.0,2019,3,0.10009804549662946,0.5915466648038761,0.1366945957925552
00-0035597,2019,WR,236,7,25.0,0.0,0.0,1.0,2019,3,0.05410217930474362,0.6684774595376949,0.08514813701725557
00-0035313,2019,WR,237,7,22.0,0.0,0.0,1.0,2019,3,0.07362500517442189,0.6094626332357111,0.11448713362329403
00-0035002,2019,WR,239,7,22.0,0.0,0.0,0.0,2019,3,0.07314305676748711,0.6052702684931337,0.1140585414034726
00-0035006,2019,WR,247,7,22.0,0.0,0.0,1.0,2019,3,0.07128264724991085,0.5887000516394849,0.11239500599487243
00-0035320,2019,TE,254,7,23.0,0.0,0.0,1.0,2019,3,0.02962535379178961,0.6344600619627496,0.04721780774007998
00-0035228,2019,QB,1,1,22.0,1.0,4.0,1.0,2019,4,0.9944914797401168,0.9999946662659337,3.4784906276043346
00-0035710,2019,QB,6,1,22.0,1.0,4.0,1.0,2019,4,0.9678961837485203,0.9997103530300653,2.916497317964845
00-0035229,2019,TE,8,1,22.0,1.0,3.0,1.0,2019,4,0.969052047303043,0.9999329158208283,3.0197605596996624
00-0035232,2019,QB,15,1,22.0,1.0,2.0,1.0,2019,4,0.9234991922125474,0.9977701797454971,2.5122934858096686
00-0035644,2019,TE,20,1,21.0,1.0,4.0,1.0,2019,4,0.9163006115414265,0.9992168320440896,2.5959880399495043
00-0035700,2019,RB,24,1,21.0,1.0,4.0,1.0,2019,4,0.9144892085536753,0.9970321012928435,2.8163190724389517
00-0035662,2019,WR,25,1,22.0,1.0,4.0,1.0,2019,4,0.7995663324975245,0.9972428522831583,2.3104081201385083
00-0035624,2019,WR,32,1,21.0,0.0,0.0,1.0,2019,4,0.7972805368451243,0.9946887556108149,2.3135857929373658
00-0035719,2019,WR,36,2,23.0,1.0,3.0,1.0,2019,4,0.6531671765647068,0.9938481948851695,1.6193783379509394
00-0035704,2019,QB,42,2,22.0,1.0,2.0,1.0,2019,4,0.7634643972534311,0.9780596430961522,1.6321439167310692
00-0034970,2019,TE,50,2,21.0,0.0,0.0,1.0,2019,4,0.7056555097422573,0.9914564044948713,1.5687185923659586
00-0035676,2019,WR,51,2,22.0,1.0,4.0,1.0,2019,4,0.6318408128903156,0.9850137984118962,1.5720464501132436
00-0035631,2019,TE,52,2,23.0,0.0,0.0,1.0,2019,4,0.6147596586271131,0.9917947666103462,1.3021369229517232
00-0035243,2019,RB,53,2,22.0,1.0,4.0,1.0,2019,4,0.753832688068739,0.9820065327680408,1.8583586398516405
00-0035140,2019,WR,56,2,21.0,1.0,3.0,1.0,2019,4,0.6558423232950825,0.9799991631933205,1.6527010991660986
00-0035246,2019,WR,57,2,22.0,0.0,0.0,1.0,2019,4,0.6115597944779124,0.9805671012791219,1.517215781820028
00-0035639,2019,WR,59,2,22.0,1.0,1.0,1.0,2019,4,0.6051885126722732,0.9789420971501999,1.500394243873953
00-0035527,2019,WR,62,2,22.0,0.0,0.0,1.0,2019,4,0.5959630288277092,0.9763697595884869,1.4763589221497129
00-0035640,2019,WR,64,2,21.0,1.0,4.0,1.0,2019,4,0.6321090059097256,0.972732111168748,1.5857096082286588
00-0035216,2019,WR,66,3,23.0,1.0,4.0,1.0,2019,4,0.468131704332331,0.9742552746794878,1.0200306876276193
00-0034971,2019,WR,67,3,23.0,0.0,0.0,0.0,2019,4,0.4652294232476317,0.9733434325004942,1.0141423470332913
00-0035249,2019,TE,69,3,22.0,0.0,0.0,1.0,2019,4,0.49371141104904465,0.9815811701032878,0.9304501814693595
00-0035664,2019,RB,70,3,22.0,1.0,2.0,1.0,2019,4,0.6349889869199029,0.9654223568183883,1.329740347636479
00-0035685,2019,RB,73,3,22.0,1.0,4.0,1.0,2019,4,0.6253266944769185,0.9619433104248507,1.3058231801521054
00-0035250,2019,RB,74,3,22.0,1.0,4.0,1.0,2019,4,0.6221719877855211,0.9607448144649623,1.2981189220535427
00-0035671,2019,TE,75,3,23.0,0.0,0.0,1.0,2019,4,0.42210560660068736,0.9787529632569897,0.7930643233398083
00-0035659,2019,WR,76,3,23.0,1.0,4.0,1.0,2019,4,0.4410149587627474,0.9643644884027618,0.9657689508678469
00-0035660,2019,TE,86,3,22.0,0.0,0.0,1.0,2019,4,0.42059086094044934,0.9677710499616534,0.8028908272356023
00-0035657,2019,RB,87,3,22.0,1.0,1.0,1.0,2019,4,0.5839178451012766,0.9434256879604256,1.2084413163076206
00-0035703,2019,WR,93,3,22.0,0.0,0.0,1.0,2019,4,0.4461208800920621,0.9397366049511375,0.9864508255093818
00-0035689,2019,TE,96,3,22.0,1.0,2.0,1.0,2019,4,0.3851407622395971,0.9575321221790875,0.7440623798033815
00-0035251,2019,QB,100,3,24.0,0.0,0.0,1.0,2019,4,0.4158490699550932,0.8802976817389052,0.7543945293205745
00-0034972,2019,RB,102,3,21.0,1.0,1.0,1.0,2019,4,0.5887849563862686,0.9141530204467895,1.2332819226186924
00-0035529,2019,WR,103,4,23.0,0.0,0.0,1.0,2019,4,0.3179108403598426,0.9285655599452999,0.6331725696872956
00-0035652,2019,QB,104,4,24.0,0.0,0.0,1.0,2019,4,0.3385796393126967,0.8695606590972017,0.5431472244774226
00-0035256,2019,RB,112,4,22.0,0.0,0.0,0.0,2019,4,0.4498451807158312,0.9006482792053435,0.8038653603408891
00-0034975,2019,RB,113,4,21.0,0.0,0.0,1.0,2019,4,0.49178663931825234,0.8920565416499079,0.8888535340729594
00-0035589,2019,WR,120,4,22.0,0.0,0.0,0.0,2019,4,0.33078752076754014,0.8938152299747707,0.662974856601797
00-0035259,2019,TE,121,4,23.0,0.0,0.0,1.0,2019,4,0.22342306712043303,0.9291366391957386,0.40891768926701066
00-0035217,2019,RB,122,4,21.0,0.0,0.0,1.0,2019,4,0.4728842435450865,0.8732777918190268,0.8548927072325337
00-0035590,2019,WR,126,4,23.0,0.0,0.0,1.0,2019,4,0.28502285692381074,0.8895161220720107,0.579966670535595
00-0035261,2019,RB,128,4,22.0,1.0,3.0,1.0,2019,4,0.4174562777215609,0.8685160135493462,0.7498441003959508
00-0035264,2019,QB,133,4,23.0,0.0,0.0,1.0,2019,4,0.3234207581214277,0.7819793114844013,0.5478236333040931
00-0034981,2019,TE,137,4,22.0,0.0,0.0,1.0,2019,4,0.22529684696962857,0.898308449309239,0.4194891593253312
00-0035268,2019,RB,140,5,22.0,0.0,0.0,1.0,2019,4,0.32907395265675005,0.8408734782933345,0.5192193000190264
00-0035222,2019,TE,141,5,22.0,0.0,0.0,1.0,2019,4,0.17303767887091384,0.8902094845280344,0.2969541608697706
00-0034983,2019,WR,149,5,23.0,1.0,3.0,1.0,2019,4,0.20745903947391983,0.8424505542800057,0.3893289618636168
00-0035273,2019,RB,152,5,22.0,0.0,0.0,1.0,2019,4,0.3113903834438286,0.8130253360812605,0.49551692512500095
00-0035275,2019,RB,154,5,23.0,0.0,0.0,1.0,2019,4,0.2721454937519444,0.8190990274438703,0.4373528520094742
00-0035282,2019,QB,166,5,23.0,0.0,0.0,1.0,2019,4,0.2226818476308221,0.6840286095217033,0.3598254329692921
00-0035283,2019,QB,167,5,24.0,0.0,0.0,0.0,2019,4,0.19258080505493091,0.6964419600423583,0.31533029515330946
00-0035535,2019,WR,171,5,22.0,1.0,3.0,1.0,2019,4,0.21927790112290022,0.7820739338088482,0.4126651340205412
00-0035287,2019,WR,174,6,22.0,0.0,0.0,1.0,2019,4,0.17164956218626828,0.7730704333461714,0.29548176569393664
00-0034988,2019,TE,176,6,22.0,0.0,0.0,1.0,2019,4,0.10414016343326572,0.818264337295832,0.17853246416888424
00-0035289,2019,QB,178,6,23.0,1.0,2.0,1.0,2019,4,0.1665274964054558,0.6470291302698227,0.2522243672094229
00-0035291,2019,RB,182,6,21.0,0.0,0.0,1.0,2019,4,0.25256393915410585,0.7232427286811025,0.3616020153245602
00-0035592,2019,WR,184,6,23.0,1.0,1.0,1.0,2019,4,0.14251759040949322,0.7621254662315263,0.2524986895846155
00-0035537,2019,RB,186,6,21.0,0.0,0.0,1.0,2019,4,0.2485308276754533,0.7128093167674213,0.356919237124204
00-0035593,2019,WR,187,6,23.0,0.0,0.0,1.0,2019,4,0.14099185507025525,0.755086648385769,0.2505068160998336
00-0034995,2019,RB,194,6,22.0,0.0,0.0,1.0,2019,4,0.2099393141126339,0.7069658551924063,0.3067845803261813
00-0035146,2019,QB,197,6,24.0,0.0,0.0,1.0,2019,4,0.13136186320070145,0.6109564879986247,0.20941320526207213
00-0035296,2019,WR,203,6,23.0,0.0,0.0,0.0,2019,4,0.13345638859266448,0.7172372053185702,0.24063460630973033
00-0035594,2019,RB,204,6,21.0,0.0,0.0,1.0,2019,4,0.23187971831061988,0.6659866596271014,0.3376499212646982
00-0035297,2019,WR,206,6,22.0,0.0,0.0,1.0,2019,4,0.15382749419369698,0.6951855279354241,0.272128183171452
00-0035298,2019,WR,208,6,22.0,0.0,0.0,1.0,2019,4,0.1528548007133444,0.6902975916287278,0.27084790128805314
00-0035299,2019,RB,211,6,22.0,0.0,0.0,0.0,2019,4,0.1965050608917013,0.6640877031753281,0.29159760067046386
00-0035148,2019,RB,214,6,22.0,0.0,0.0,1.0,2019,4,0.19431205903847892,0.65658137966328,0.28911726245695646
00-0035303,2019,RB,218,7,22.0,0.0,0.0,0.0,2019,4,0.15044137000073773,0.6441607900170997,0.20268921074504434
00-0035304,2019,RB,220,7,24.0,0.0,0.0,1.0,2019,4,0.1096217567483512,0.6714452908973657,0.15511312534502886
00-0035596,2019,RB,222,7,22.0,0.0,0.0,1.0,2019,4,0.14815979955812944,0.634220654124878,0.20038964950753005
00-0035539,2019,TE,224,7,22.0,0.0,0.0,1.0,2019,4,0.05919516949610672,0.703860957200539,0.10502048147932486
00-0035308,2019,TE,228,7,24.0,0.0,0.0,1.0,2019,4,0.04132585197701942,0.723633827296842,0.07732379736400738
00-0035309,2019,TE,231,7,22.0,0.0,0.0,0.0,2019,4,0.05693958415782717,0.6868859718153966,0.10226245751803371
00-0035310,2019,RB,233,7,23.0,0.0,0.0,0.0,2019,4,0.12194811245171228,0.6241445023523602,0.1704099881533366
00-0035311,2019,RB,234,7,22.0,1.0,2.0,1.0,2019,4,0.1417148785423976,0.6048153764526507,0.19387609878127876
00-0035597,2019,WR,236,7,25.0,0.0,0.0,1.0,2019,4,0.06706967255788791,0.6692892932074767,0.12186649867924412
00-0035313,2019,WR,237,7,22.0,0.0,0.0,1.0,2019,4,0.1086881934210654,0.617879815343976,0.1823334087382225
00-0035002,2019,WR,239,7,22.0,0.0,0.0,0.0,2019,4,0.10805853191939406,0.6131530593551903,0.18155649912971003
00-0035006,2019,WR,247,7,22.0,0.0,0.0,1.0,2019,4,0.10562230463900489,0.5944348379538409,0.17854456479369568
00-0035320,2019,TE,254,7,23.0,0.0,0.0,1.0,2019,4,0.04263211097537858,0.6479012101537648,0.0813295629691114
00-0035228,2019,QB,1,1,22.0,1.0,5.0,1.0,2019,5,0.9967481932375823,0.9999957468320015,4.292990059593574
00-0035710,2019,QB,6,1,22.0,1.0,4.0,1.0,2019,5,0.9758092824273615,0.9997540772631294,3.5351765267690087
00-0035229,2019,TE,8,1,22.0,1.0,4.0,1.0,2019,5,0.9756057360224518,0.9999217281706952,3.7678616470943904
00-0035232,2019,QB,15,1,22.0,1.0,2.0,1.0,2019,5,0.9346369789127957,0.9980446469053443,3.0064198558136717
00-0035644,2019,TE,20,1,21.0,1.0,4.0,1.0,2019,5,0.9286852573088,0.9991118023906536,3.208101634451229
00-0035700,2019,RB,24,1,21.0,1.0,5.0,1.0,2019,5,0.9183346694221062,0.9966080095825257,3.2527482889669783
00-0035662,2019,WR,25,1,22.0,1.0,5.0,1.0,2019,5,0.8248716539154516,0.9970731987140564,2.813138161111136
00-0035624,2019,WR,32,1,21.0,0.0,0.0,1.0,2019,5,0.818179224011314,0.9944008710860872,2.808404155003353
00-0035719,2019,WR,36,2,23.0,1.0,4.0,1.0,2019,5,0.6898769186878159,0.9935853112714219,1.9971814419570986
00-0035704,2019,QB,42,2,22.0,1.0,2.0,1.0,2019,5,0.7793070793064537,0.9799322429536068,1.9408080786194724
00-0034970,2019,TE,50,2,21.0,0.0,0.0,1.0,2019,5,0.7369056564622174,0.9905924357187595,1.951347964054366
00-0035676,2019,WR,51,2,22.0,1.0,5.0,1.0,2019,5,0.6593860723072491,0.9845571414007874,1.9262547143426734
00-0035631,2019,TE,52,2,23.0,0.0,0.0,1.0,2019,5,0.6482152550597868,0.9910649681145395,1.6308365696513438
00-0035243,2019,RB,53,2,22.0,1.0,4.0,1.0,2019,5,0.7571120867896706,0.9803724014801958,2.108098019858613
00-0035140,2019,WR,56,2,21.0,1.0,3.0,1.0,2019,5,0.6804814727572301,0.9793832937095232,2.0174133352545613
00-0035246,2019,WR,57,2,22.0,0.0,0.0,1.0,2019,5,0.6360421399900532,0.9800811238031129,1.8573197270370385
00-0035639,2019,WR,59,2,22.0,1.0,1.0,1.0,2019,5,0.6286659146184768,0.9784509494416923,1.8361881926545673
00-0035527,2019,WR,62,2,22.0,0.0,0.0,1.0,2019,5,0.6179524179322697,0.975875634224719,1.8060089584430121
00-0035640,2019,WR,64,2,21.0,1.0,5.0,1.0,2019,5,0.6531988785620663,0.9720716392338953,1.933124043272068
00-0035216,2019,WR,66,3,23.0,1.0,5.0,1.0,2019,5,0.5021671663625034,0.9738055069113641,1.2744471105506132
00-0034971,2019,WR,67,3,23.0,0.0,0.0,0.0,2019,5,0.4987082939653125,0.9728970234716996,1.2669662285588714
00-0035249,2019,TE,69,3,22.0,0.0,0.0,1.0,2019,5,0.5391880484928366,0.979978291587507,1.186750783314328
00-0035664,2019,RB,70,3,22.0,1.0,2.0,1.0,2019,5,0.6453772079196107,0.962747728054997,1.512564052858714
00-0035685,2019,RB,73,3,22.0,1.0,5.0,1.0,2019,5,0.6347814367408822,0.9591044787396692,1.4853683039455141
00-0035250,2019,RB,74,3,22.0,1.0,5.0,1.0,2019,5,0.6313172696436997,0.9578516742140758,1.4766135293497484
00-0035671,2019,TE,75,3,23.0,0.0,0.0,1.0,2019,5,0.46430613647300356,0.9770882242270887,1.018942366549467
00-0035659,2019,WR,76,3,23.0,1.0,5.0,1.0,2019,5,0.4697544139217737,0.9639818041258292,1.205534898721981
00-0035660,2019,TE,86,3,22.0,0.0,0.0,1.0,2019,5,0.4610190537017533,0.9652778035046924,1.0289093108695864
00-0035657,2019,RB,87,3,22.0,1.0,1.0,1.0,2019,5,0.5891569738131349,0.9398578037847637,1.3748902770986773
00-0035703,2019,WR,93,3,22.0,0.0,0.0,1.0,2019,5,0.46869539070868865,0.9393727429970606,1.2237619233778638
00-0035689,2019,TE,96,3,22.0,1.0,2.0,1.0,2019,5,0.42244889707188005,0.9544578606004852,0.9559727104386015
00-0035251,2019,QB,100,3,24.0,0.0,0.0,1.0,2019,5,0.4215555358732147,0.8870935249736263,0.9116390836086541
00-0034972,2019,RB,102,3,21.0,1.0,2.0,1.0,2019,5,0.5908813963381723,0.9092565257117476,1.4000094046676574
00-0035529,2019,WR,103,4,23.0,0.0,0.0,1.0,2019,5,0.34659905593590185,0.92849222737449,0.8064449007534672
00-0035652,2019,QB,104,4,24.0,0.0,0.0,1.0,2019,5,0.35572116577749796,0.8762487289504184,0.668064539948303
00-0035256,2019,RB,112,4,22.0,0.0,0.0,0.0,2019,5,0.4626754582316868,0.8956092636742227,0.9272402203059101
00-0034975,2019,RB,113,4,21.0,1.0,1.0,1.0,2019,5,0.5055384915831894,0.8861920990777288,1.0225147465084736
00-0035589,2019,WR,120,4,22.0,0.0,0.0,0.0,2019,5,0.3559245619691297,0.8939322515467469,0.8405360411376788
00-0035259,2019,TE,121,4,23.0,0.0,0.0,1.0,2019,5,0.2579492224691658,0.9247868034762993,0.5439455975988914
00-0035217,2019,RB,122,4,21.0,0.0,0.0,1.0,2019,5,0.48454487577074756,0.8670477172172965,0.9840759575320253
00-0035590,2019,WR,126,4,23.0,0.0,0.0,1.0,2019,5,0.3058781996313305,0.8903458691031135,0.7378065978964292
00-0035261,2019,RB,128,4,22.0,1.0,4.0,1.0,2019,5,0.42655135135963856,0.8629949657985504,0.8660802937995778
00-0035264,2019,QB,133,4,23.0,0.0,0.0,1.0,2019,5,0.3338337393661254,0.7898478875576208,0.669667826009497
00-0034981,2019,TE,137,4,22.0,0.0,0.0,1.0,2019,5,0.25886917262395936,0.8922455648867318,0.5564313191276523
00-0035268,2019,RB,140,5,22.0,0.0,0.0,1.0,2019,5,0.34810979679076787,0.8344978798620559,0.613795272772333
00-0035222,2019,TE,141,5,22.0,0.0,0.0,1.0,2019,5,0.20982225628431211,0.8833737210642186,0.40566020448674006
00-0034983,2019,WR,149,5,23.0,1.0,3.0,1.0,2019,5,0.2302462351083877,0.8440324253266797,0.5095728509570595
00-0035273,2019,RB,152,5,22.0,0.0,0.0,1.0,2019,5,0.32794448919725094,0.8065207371817003,0.5865647988986494
00-0035275,2019,RB,154,5,23.0,0.0,0.0,1.0,2019,5,0.2863253129636796,0.813617017435434,0.5194236086256969
00-0035282,2019,QB,166,5,23.0,0.0,0.0,1.0,2019,5,0.23595997907149246,0.6914470684290301,0.45079470685057577
00-0035283,2019,QB,167,5,24.0,0.0,0.0,0.0,2019,5,0.20371584464797776,0.7046761537610209,0.3966425258253503
00-0035535,2019,WR,171,5,22.0,1.0,4.0,1.0,2019,5,0.24009594882323268,0.7843814151572678,0.5391420512910112
00-0035287,2019,WR,174,6,22.0,0.0,0.0,1.0,2019,5,0.19760094163926215,0.7748108518491298,0.40207048961702363
00-0034988,2019,TE,176,6,22.0,0.0,0.0,1.0,2019,5,0.13300756524527554,0.8084688704426031,0.2538802688319771
00-0035289,2019,QB,178,6,23.0,1.0,3.0,1.0,2019,5,0.18434875405850137,0.6533141499426376,0.32640268259813643
00-0035291,2019,RB,182,6,21.0,0.0,0.0,1.0,2019,5,0.2755478681866169,0.7148799576667589,0.44417202639296494
00-0035592,2019,WR,184,6,23.0,1.0,1.0,1.0,2019,5,0.16324989652067534,0.7652874079635004,0.3429887122119446
00-0035537,2019,RB,186,6,21.0,0.0,0.0,1.0,2019,5,0.27081672927499584,0.7045170084477848,0.43864682831713186
00-0035593,2019,WR,187,6,23.0,0.0,0.0,1.0,2019,5,0.16122749741433628,0.7584532787569421,0.3402692861746049
00-0034995,2019,RB,194,6,22.0,0.0,0.0,1.0,2019,5,0.22826853717075804,0.7001128190293681,0.37705926759360403
00-0035146,2019,QB,197,6,24.0,0.0,0.0,1.0,2019,5,0.1438809380859076,0.6178276915492732,0.2713629984180474
00-0035296,2019,WR,203,6,23.0,0.0,0.0,0.0,2019,5,0.1512723410089472,0.7217158893239913,0.3267884710452923
00-0035594,2019,RB,204,6,21.0,0.0,0.0,1.0,2019,5,0.25129264158343123,0.6581729544222695,0.41587043746377783
00-0035297,2019,WR,206,6,22.0,0.0,0.0,1.0,2019,5,0.17412361017682995,0.6989796916576879,0.3703008623786091
00-0035298,2019,WR,208,6,22.0,0.0,0.0,1.0,2019,5,0.17284897270565916,0.6942232804191637,0.3685580461329928
00-0035299,2019,RB,211,6,22.0,0.0,0.0,0.0,2019,5,0.212456152211606,0.6577923309133252,0.35903868241828363
00-0035148,2019,RB,214,6,22.0,0.0,0.0,1.0,2019,5,0.20987856396364193,0.6504015635096203,0.3560910205091532
00-0035303,2019,RB,218,7,22.0,0.0,0.0,0.0,2019,5,0.1709148485997407,0.6370906459066703,0.2610035908101801
00-0035304,2019,RB,220,7,24.0,0.0,0.0,1.0,2019,5,0.12432286475328551,0.6669394964316567,0.1987903912757597
00-0035596,2019,RB,222,7,22.0,0.0,0.0,1.0,2019,5,0.16810933965389416,0.6273085434144835,0.25816921023284656
00-0035539,2019,TE,224,7,22.0,0.0,0.0,1.0,2019,5,0.07937247861198252,0.6911464652358482,0.15634392853895285
00-0035308,2019,TE,228,7,24.0,0.0,0.0,1.0,2019,5,0.055251063241571814,0.7135670097472802,0.11514749835078553
00-0035309,2019,TE,231,7,22.0,0.0,0.0,0.0,2019,5,0.07623199642608783,0.6740256039160077,0.15231158594032448
00-0035310,2019,RB,233,7,23.0,0.0,0.0,0.0,2019,5,0.1378138303094337,0.6189658169735393,0.21909792649965107
00-0035311,2019,RB,234,7,22.0,1.0,2.0,1.0,2019,5,0.16019371925090006,0.5984179941259422,0.2501296058416181
00-0035597,2019,WR,236,7,25.0,0.0,0.0,1.0,2019,5,0.07875462003657581,0.6769277094219068,0.17202217994550104
00-0035313,2019,WR,237,7,22.0,0.0,0.0,1.0,2019,5,0.1279890505666136,0.6226280514001464,0.2610293401476673
00-0035002,2019,WR,239,7,22.0,0.0,0.0,0.0,2019,5,0.1271286297296001,0.6180179664837613,0.25992489093359694
00-0035006,2019,WR,247,7,22.0,0.0,0.0,1.0,2019,5,0.12380497536241673,0.599756898548428,0.2556419831278456
00-0035320,2019,TE,254,7,23.0,0.0,0.0,1.0,2019,5,0.05672288170258651,0.6362292291746107,0.12127138155404839
00-0036442,2020,QB,1,1,23.0,1.0,1.0,1.0,2020,1,0.870448809050955,0.9917027760191807,0.870448809050955
00-0036212,2020,QB,5,1,22.0,1.0,1.0,1.0,2020,1,0.7603574737782005,0.9708998966753192,0.7603574737782005
00-0036355,2020,QB,6,1,22.0,1.0,1.0,1.0,2020,1,0.7422983121665019,0.9668235320963415,0.7422983121665019
00-0036357,2020,WR,12,1,21.0,0.0,0.0,1.0,2020,1,0.65017209355,0.9892810918103221,0.65017209355
00-0036407,2020,WR,15,1,21.0,1.0,1.0,1.0,2020,1,0.6274140795144209,0.9865955107304044,0.6274140795144209
00-0036358,2020,WR,17,1,21.0,1.0,1.0,1.0,2020,1,0.6143895906094021,0.984808895066988,0.6143895906094021
00-0036387,2020,WR,21,1,21.0,0.0,0.0,1.0,2020,1,0.5920332862903704,0.9812464504267395,0.5920332862903704
00-0036322,2020,WR,22,1,21.0,1.0,1.0,1.0,2020,1,0.5870563693570519,0.9803582913534594,0.5870563693570519
00-0036261,2020,WR,25,1,22.0,1.0,1.0,1.0,2020,1,0.5478630754476771,0.9794116955009762,0.5478630754476771
00-0036264,2020,QB,26,1,21.0,0.0,0.0,0.0,2020,1,0.5947284681110805,0.9004606963651451,0.5947284681110805
00-0036360,2020,RB,32,1,21.0,1.0,1.0,1.0,2020,1,0.6688896456119859,0.9615624481393206,0.6688896456119859
00-0036410,2020,WR,33,2,21.0,1.0,1.0,1.0,2020,1,0.41927227983796034,0.9605827720356201,0.41927227983796034
00-0036252,2020,WR,34,2,22.0,0.0,0.0,1.0,2020,1,0.3912141187497433,0.9624810810221281,0.3912141187497433
00-0036275,2020,RB,35,2,21.0,1.0,1.0,1.0,2020,1,0.5413034845819779,0.9452293639714785,0.5413034845819779
00-0036223,2020,RB,41,2,21.0,1.0,1.0,1.0,2020,1,0.5240449860910203,0.9389220181203476,0.5240449860910203
00-0036268,2020,WR,42,2,21.0,1.0,1.0,1.0,2020,1,0.3935570724698992,0.9502050937215387,0.3935570724698992
00-0036290,2020,TE,43,2,21.0,0.0,0.0,1.0,2020,1,0.240501827855886,0.9608027007887728,0.240501827855886
00-0036412,2020,WR,46,2,21.0,0.0,0.0,1.0,2020,1,0.38399982380930847,0.9456540679608282,0.38399982380930847
00-0036326,2020,WR,49,2,22.0,1.0,1.0,1.0,2020,1,0.353477215993739,0.9465482123398455,0.353477215993739
00-0036414,2020,RB,52,2,21.0,1.0,1.0,1.0,2020,1,0.4980253755727443,0.9281622832995108,0.4980253755727443
00-0036389,2020,QB,53,2,22.0,1.0,1.0,1.0,2020,1,0.35532503345862854,0.8099509193993805,0.35532503345862854
00-0036158,2020,RB,55,2,21.0,1.0,1.0,1.0,2020,1,0.49188118220111954,0.9253792255905583,0.49188118220111954
00-0036415,2020,WR,57,2,24.0,0.0,0.0,1.0,2020,1,0.2937677021727138,0.9470441159645899,0.2937677021727138
00-0036255,2020,WR,59,2,22.0,0.0,0.0,1.0,2020,1,0.3349459693275458,0.9361774633808158,0.3349459693275458
00-0036265,2020,RB,62,2,22.0,0.0,0.0,1.0,2020,1,0.45308119519512574,0.9249644834679942,0.45308119519512574
00-0036328,2020,RB,66,3,22.0,1.0,1.0,1.0,2020,1,0.32873039699908774,0.8966321705928986,0.32873039699908774
00-0036450,2020,RB,76,3,23.0,0.0,0.0,1.0,2020,1,0.2933833917780251,0.8946178265231469,0.2933833917780251
00-0036364,2020,WR,80,3,22.0,0.0,0.0,1.0,2020,1,0.21101358481715646,0.8880699851507622,0.21101358481715646
00-0036365,2020,WR,81,3,21.0,0.0,0.0,1.0,2020,1,0.2277486642472973,0.8783579597819388,0.2277486642472973
00-0036251,2020,RB,86,3,22.0,0.0,0.0,1.0,2020,1,0.303660557657199,0.8772681028872256,0.303660557657199
00-0036194,2020,TE,91,3,23.0,0.0,0.0,1.0,2020,1,0.10361789347286894,0.9080255829580024,0.10361789347286894
00-0036331,2020,WR,92,3,22.0,0.0,0.0,1.0,2020,1,0.20090969647489898,0.8731872690178424,0.20090969647489898
00-0036297,2020,RB,93,3,22.0,0.0,0.0,1.0,2020,1,0.2964587305523979,0.8709733998946688,0.2964587305523979
00-0036332,2020,TE,94,3,23.0,0.0,0.0,1.0,2020,1,0.10240687914929127,0.9052167306278661,0.10240687914929127
00-0036225,2020,TE,101,3,21.0,0.0,0.0,1.0,2020,1,0.11990997870212342,0.8828697662874873,0.11990997870212342
00-0036422,2020,TE,105,3,23.0,0.0,0.0,1.0,2020,1,0.09836896769576346,0.895047877326763,0.09836896769576346
00-0036370,2020,RB,112,4,22.0,0.0,0.0,1.0,2020,1,0.19092828133545492,0.8127436202003121,0.19092828133545492
00-0036232,2020,TE,115,4,22.0,0.0,0.0,1.0,2020,1,0.06615599099029609,0.8406371400874294,0.06615599099029609
00-0036423,2020,TE,118,4,22.0,0.0,0.0,1.0,2020,1,0.06551601599765663,0.8370761460072608,0.06551601599765663
00-0036269,2020,RB,120,4,22.0,0.0,0.0,1.0,2020,1,0.1863014616552813,0.8049446035566513,0.1863014616552813
00-0036226,2020,QB,122,4,22.0,0.0,0.0,0.0,2020,1,0.11562972734316138,0.55465581096516,0.11562972734316138
00-0036336,2020,RB,124,4,22.0,0.0,0.0,1.0,2020,1,0.18413300135233676,0.8011526633442697,0.18413300135233676
00-0036301,2020,QB,125,4,23.0,0.0,0.0,0.0,2020,1,0.10427353141617036,0.5703009089729002,0.10427353141617036
00-0036196,2020,WR,128,4,21.0,1.0,1.0,1.0,2020,1,0.1276743151339133,0.7698019116705758,0.1276743151339133
00-0036244,2020,TE,133,4,21.0,0.0,0.0,1.0,2020,1,0.06895832946954092,0.80730778837569,0.06895832946954092
00-0036424,2020,TE,136,4,23.0,0.0,0.0,0.0,2020,1,0.05634230933611962,0.8282117880331334,0.05634230933611962
00-0036340,2020,WR,142,4,22.0,0.0,0.0,1.0,2020,1,0.11196522648185642,0.7655829146370684,0.11196522648185642
00-0036425,2020,RB,144,4,21.0,0.0,0.0,1.0,2020,1,0.1898677835339686,0.7689817397589522,0.1898677835339686
00-0036377,2020,WR,151,5,22.0,0.0,0.0,1.0,2020,1,0.06937703340846312,0.6932774127812994,0.06937703340846312
00-0036427,2020,WR,161,5,22.0,0.0,0.0,1.0,2020,1,0.06756878907988291,0.6792778944227724,0.06756878907988291
00-0036254,2020,WR,165,5,22.0,0.0,0.0,1.0,2020,1,0.0668883924915848,0.6738317651531206,0.0668883924915848
00-0036277,2020,WR,166,5,22.0,0.0,0.0,1.0,2020,1,0.06672184910806934,0.6724835607021331,0.06672184910806934
00-0036197,2020,QB,167,5,22.0,0.0,0.0,0.0,2020,1,0.0630146631518411,0.4208619582190757,0.0630146631518411
00-0036398,2020,WR,168,5,24.0,0.0,0.0,1.0,2020,1,0.05468293601069327,0.704851366491229,0.05468293601069327
00-0036308,2020,WR,171,5,21.0,0.0,0.0,0.0,2020,1,0.07255829366990142,0.6474244182494874,0.07255829366990142
00-0036278,2020,RB,172,5,22.0,0.0,0.0,1.0,2020,1,0.10618739114599923,0.7002588385111486,0.10618739114599923
00-0036309,2020,WR,173,5,22.0,1.0,1.0,1.0,2020,1,0.06559367344782285,0.6631920177532412,0.06559367344782285
00-0036345,2020,WR,176,5,23.0,0.0,0.0,1.0,2020,1,0.05911786352713213,0.6773725329942376,0.05911786352713213
00-0036233,2020,WR,187,6,21.0,0.0,0.0,1.0,2020,1,0.043692985274594864,0.5526293038573308,0.043692985274594864
00-0036312,2020,QB,189,6,24.0,0.0,0.0,1.0,2020,1,0.030185587893988015,0.3650318035659981,0.030185587893988015
00-0036429,2020,TE,190,6,22.0,0.0,0.0,1.0,2020,1,0.020901971786594562,0.6313219417660176,0.020901971786594562
00-0036271,2020,WR,200,6,22.0,0.0,0.0,1.0,2020,1,0.03846222077244421,0.555951637524274,0.03846222077244421
00-0036133,2020,WR,201,6,23.0,0.0,0.0,1.0,2020,1,0.03474643185344682,0.5747594901022616,0.03474643185344682
00-0036250,2020,TE,206,6,23.0,0.0,0.0,1.0,2020,1,0.018294158326281694,0.631065177494411,0.018294158326281694
00-0036165,2020,WR,207,6,21.0,0.0,0.0,0.0,2020,1,0.04185389008032063,0.5270368458714456,0.04185389008032063
00-0036228,2020,WR,212,6,22.0,0.0,0.0,0.0,2020,1,0.037520715695522004,0.5413193073129337,0.037520715695522004
00-0036247,2020,WR,214,6,22.0,0.0,0.0,1.0,2020,1,0.037371083649534176,0.53895402500159,0.037371083649534176
00-0036259,2020,WR,217,7,23.0,0.0,0.0,0.0,2020,1,0.02070448097919341,0.4794850128719611,0.02070448097919341
00-0036382,2020,WR,220,7,22.0,0.0,0.0,1.0,2020,1,0.02276946374918236,0.45570706706737146,0.02276946374918236
00-0036383,2020,RB,222,7,21.0,0.0,0.0,0.0,2020,1,0.04166730881904404,0.49222083992967197,0.04166730881904404
nogsis:2020:224,2020,QB,224,7,22.0,0.0,0.0,0.0,2020,1,0.020802767690999553,0.24074139413851872,0.020802767690999553
00-0036384,2020,QB,231,7,23.0,0.0,0.0,1.0,2020,1,0.01850169652929451,0.25164676291136845,0.01850169652929451
00-0036433,2020,QB,240,7,23.0,0.0,0.0,1.0,2020,1,0.01813717402549238,0.2463427395298604,0.01813717402549238
00-0036279,2020,QB,244,7,23.0,0.0,0.0,0.0,2020,1,0.01798172312758431,0.24407238293701455,0.01798172312758431
00-0036435,2020,RB,245,7,22.0,0.0,0.0,1.0,2020,1,0.0361963327661836,0.49460174885417596,0.0361963327661836
00-0036245,2020,RB,246,7,23.0,0.0,0.0,1.0,2020,1,0.03270529292253903,0.5142548270528399,0.03270529292253903
00-0036438,2020,TE,251,7,23.0,0.0,0.0,1.0,2020,1,0.01034501527081992,0.5072357233098496,0.01034501527081992
00-0036439,2020,WR,252,7,22.0,0.0,0.0,1.0,2020,1,0.021471086615135766,0.42180718214970525,0.021471086615135766
00-0036442,2020,QB,1,1,23.0,1.0,2.0,1.0,2020,2,0.9723312754128957,0.9999820556832585,1.7876718946275538
00-0036212,2020,QB,5,1,22.0,1.0,2.0,1.0,2020,2,0.921997554736283,0.9995326699107442,1.5963709675507625
00-0036355,2020,QB,6,1,22.0,1.0,2.0,1.0,2020,2,0.9113908537583936,0.9993312648836301,1.5636044548434849
00-0036357,2020,WR,12,1,21.0,0.0,0.0,1.0,2020,2,0.8170040946358853,0.9992571888855116,1.3401045407803265
00-0036407,2020,WR,15,1,21.0,1.0,1.0,1.0,2020,2,0.7981964773631359,0.9988031058056186,1.3007849094801491
00-0036358,2020,WR,17,1,21.0,1.0,2.0,1.0,2020,2,0.7870313145133517,0.9984360803471134,1.2782810118703152
00-0036387,2020,WR,21,1,21.0,0.0,0.0,1.0,2020,2,0.7671747451794456,0.9975441439838294,1.2396381513964068
00-0036322,2020,WR,22,1,21.0,1.0,2.0,1.0,2020,2,0.7626341503179884,0.9972877864324987,1.2310313591286226
00-0036261,2020,WR,25,1,22.0,1.0,2.0,1.0,2020,2,0.7230783532139086,0.9967596150819646,1.1480632917228186
00-0036264,2020,QB,26,1,21.0,0.0,0.0,1.0,2020,2,0.7941779109582412,0.9870120970160714,1.2920567125689584
00-0036360,2020,RB,32,1,21.0,1.0,2.0,1.0,2020,2,0.873371326776245,0.9942084978199361,1.438146332560505
00-0036410,2020,WR,33,2,21.0,1.0,2.0,1.0,2020,2,0.622554309292353,0.9928495649266345,0.915586225311019
00-0036252,2020,WR,34,2,22.0,1.0,1.0,1.0,2020,2,0.5856943673096878,0.9930677500903798,0.8494318920971761
00-0036275,2020,RB,35,2,21.0,1.0,2.0,1.0,2020,2,0.8033985324347775,0.9921883139409337,1.2049037812977457
00-0036223,2020,RB,41,2,21.0,1.0,2.0,1.0,2020,2,0.7811148813104125,0.9890122321088091,1.1653541376778815
00-0036268,2020,WR,42,2,21.0,1.0,2.0,1.0,2020,2,0.5913390724889397,0.9880776990843838,0.8696691311850002
00-0036290,2020,TE,43,2,21.0,1.0,1.0,1.0,2020,2,0.561896855328688,0.9912742540033843,0.7772529550098588
00-0036412,2020,WR,46,2,21.0,0.0,0.0,1.0,2020,2,0.5793547673725497,0.9855525276007048,0.8525317702896782
00-0036326,2020,WR,49,2,22.0,1.0,2.0,1.0,2020,2,0.5368893969047541,0.9849702269020024,0.781573582499677
00-0036414,2020,RB,52,2,21.0,1.0,1.0,1.0,2020,2,0.7443386270927765,0.9817046124296128,1.1045684747937017
00-0036389,2020,QB,53,2,22.0,1.0,2.0,1.0,2020,2,0.5553654206958578,0.9487740232120745,0.8117883168314393
00-0036158,2020,RB,55,2,21.0,1.0,1.0,1.0,2020,2,0.7350912835927611,0.9793781181791129,1.0900252892428262
00-0036415,2020,WR,57,2,24.0,1.0,1.0,1.0,2020,2,0.4476246531142827,0.9828615485398139,0.6423595587885806
00-0036255,2020,WR,59,2,22.0,0.0,0.0,1.0,2020,2,0.511753026804405,0.9777990236384084,0.7480042688192066
00-0036265,2020,RB,62,2,22.0,1.0,1.0,1.0,2020,2,0.685682284950054,0.9757529064815574,0.9977452926698387
00-0036328,2020,RB,66,3,22.0,1.0,2.0,1.0,2020,2,0.5694924937170858,0.9693089906244615,0.7460699303729461
00-0036450,2020,RB,76,3,23.0,0.0,0.0,1.0,2020,2,0.5052399021195636,0.962335743906532,0.6555926180140181
00-0036364,2020,WR,80,3,22.0,0.0,0.0,1.0,2020,2,0.3624047183762224,0.953795621097336,0.49581122219007767
00-0036365,2020,WR,81,3,21.0,1.0,1.0,1.0,2020,2,0.3932482055465843,0.9481276039713614,0.5415618740832416
00-0036251,2020,RB,86,3,22.0,0.0,0.0,1.0,2020,2,0.513273936633541,0.946673517764383,0.6811042554116644
00-0036194,2020,TE,91,3,23.0,0.0,0.0,1.0,2020,2,0.23974391258425132,0.957458660952638,0.3200740611918392
00-0036331,2020,WR,92,3,22.0,0.0,0.0,1.0,2020,2,0.3450649220436387,0.9386761990531715,0.4764827080843074
00-0036297,2020,RB,93,3,22.0,0.0,0.0,1.0,2020,2,0.49652406252573017,0.9373920026270681,0.6623951076863774
00-0036332,2020,TE,94,3,23.0,0.0,0.0,1.0,2020,2,0.23442059533648546,0.9543544539693717,0.31404931701845185
00-0036225,2020,TE,101,3,21.0,0.0,0.0,1.0,2020,2,0.27434685008264387,0.9362430028494205,0.3706838947730022
00-0036422,2020,TE,105,3,23.0,0.0,0.0,1.0,2020,2,0.21688118155563985,0.9420649055027696,0.29418561913177904
00-0036370,2020,RB,112,4,22.0,0.0,0.0,1.0,2020,2,0.34982914663504894,0.899833884813634,0.43291366989517155
00-0036232,2020,TE,115,4,22.0,0.0,0.0,1.0,2020,2,0.15773659256842726,0.9153507724828023,0.20446963403377724
00-0036423,2020,TE,118,4,22.0,0.0,0.0,1.0,2020,2,0.1546567907895967,0.9107066842093102,0.20115530155756717
00-0036269,2020,RB,120,4,22.0,0.0,0.0,1.0,2020,2,0.33651284734870457,0.885463741290562,0.4204136981619673
00-0036226,2020,QB,122,4,22.0,0.0,0.0,1.0,2020,2,0.21300083331281522,0.7439992323636051,0.2851879037603409
00-0036336,2020,RB,124,4,22.0,0.0,0.0,1.0,2020,2,0.3302724390203233,0.8780245077840242,0.4145682437847654
00-0036301,2020,QB,125,4,23.0,0.0,0.0,0.0,2020,2,0.18793770916914096,0.7529067310845532,0.2528660956080769
00-0036196,2020,WR,128,4,21.0,1.0,2.0,1.0,2020,2,0.2443939804364811,0.8606036289877742,0.32518821096135037
00-0036244,2020,TE,133,4,21.0,0.0,0.0,1.0,2020,2,0.15854252430055008,0.8760326160723704,0.20891147845266972
00-0036424,2020,TE,136,4,23.0,0.0,0.0,1.0,2020,2,0.12288757097748662,0.8904061959119155,0.16369705025820386
00-0036340,2020,WR,142,4,22.0,0.0,0.0,1.0,2020,2,0.21030556919197535,0.8446564618517339,0.28302387906461746
00-0036425,2020,RB,144,4,21.0,0.0,0.0,1.0,2020,2,0.3324776428427859,0.8253919679356696,0.4290588585014565
00-0036377,2020,WR,151,5,22.0,0.0,0.0,1.0,2020,2,0.14147052148899303,0.8108532730585322,0.1814049034482919
00-0036427,2020,WR,161,5,22.0,0.0,0.0,1.0,2020,2,0.13729560360778062,0.7889063855622575,0.17755139345718846
00-0036254,2020,WR,165,5,22.0,0.0,0.0,1.0,2020,2,0.1357254391716443,0.7800282817005432,0.17609741441676685
00-0036277,2020,WR,166,5,22.0,0.0,0.0,1.0,2020,2,0.13534117552421893,0.7778017083623725,0.17574117863494554
00-0036197,2020,QB,167,5,22.0,0.0,0.0,1.0,2020,2,0.11992898869355437,0.5849614381815843,0.1590873386987108
00-0036398,2020,WR,168,5,24.0,0.0,0.0,1.0,2020,2,0.10554766052275469,0.8049389506210806,0.1385677163795947
00-0036308,2020,WR,171,5,21.0,0.0,0.0,1.0,2020,2,0.15025049060626214,0.7491923049768011,0.19519422029624225
00-0036278,2020,RB,172,5,22.0,0.0,0.0,1.0,2020,2,0.1924987465159165,0.7605073329306112,0.2378366340367698
00-0036309,2020,WR,173,5,22.0,1.0,2.0,1.0,2020,2,0.13273896404451946,0.7621524504408947,0.1733244483668676
00-0036345,2020,WR,176,5,23.0,1.0,1.0,1.0,2020,2,0.11667576478605095,0.7725589345986191,0.15338793168082365
00-0036233,2020,WR,187,6,21.0,1.0,1.0,1.0,2020,2,0.09727492106906452,0.6892643897410794,0.12167743044631563
00-0036312,2020,QB,189,6,24.0,0.0,0.0,1.0,2020,2,0.05677563549268793,0.5458099919905717,0.07442168244174696
00-0036429,2020,TE,190,6,22.0,0.0,0.0,1.0,2020,2,0.046346853998515535,0.7364951977607593,0.05918376891973342
00-0036271,2020,WR,200,6,22.0,1.0,1.0,1.0,2020,2,0.08299266638171289,0.6787328352616285,0.10541966604646921
00-0036133,2020,WR,201,6,23.0,0.0,0.0,1.0,2020,2,0.0728929885556278,0.696856197233517,0.09322281119969292
00-0036250,2020,TE,206,6,23.0,0.0,0.0,1.0,2020,2,0.03785075923365925,0.7189510655559145,0.04950665256347084
00-0036165,2020,WR,207,6,21.0,0.0,0.0,0.0,2020,2,0.09253820785542294,0.6408948141201671,0.11751520843523156
00-0036228,2020,WR,212,6,22.0,0.0,0.0,1.0,2020,2,0.0806171658501371,0.6509611359497941,0.10331473409519643
00-0036247,2020,WR,214,6,22.0,0.0,0.0,1.0,2020,2,0.08024021806288877,0.6463820968947178,0.10297946278210338
00-0036259,2020,WR,217,7,23.0,0.0,0.0,1.0,2020,2,0.04602997905059357,0.6369725231032565,0.05704292972568405
00-0036382,2020,WR,220,7,22.0,0.0,0.0,1.0,2020,2,0.05211473058816774,0.6077292599816287,0.06427666007192506
00-0036383,2020,RB,222,7,21.0,0.0,0.0,1.0,2020,2,0.08258316329947449,0.5726144202879028,0.09609033878021012
nogsis:2020:224,2020,QB,224,7,22.0,0.0,0.0,0.0,2020,2,0.042677675351654086,0.3901280083814492,0.054413159287217176
00-0036384,2020,QB,231,7,23.0,0.0,0.0,1.0,2020,2,0.036546409411105076,0.39838477054059884,0.04726470200592209
00-0036433,2020,QB,240,7,23.0,0.0,0.0,1.0,2020,2,0.03553365789781295,0.3805143474737572,0.04629138086620063
00-0036279,2020,QB,244,7,23.0,0.0,0.0,0.0,2020,2,0.035104099868748434,0.3728821189203869,0.04587653241925428
00-0036435,2020,RB,245,7,22.0,0.0,0.0,1.0,2020,2,0.06722096856039372,0.5431570451551972,0.08109735375282645
00-0036245,2020,RB,246,7,23.0,0.0,0.0,1.0,2020,2,0.05887399926638735,0.5644601118501331,0.07182874922802104
00-0036438,2020,TE,251,7,23.0,0.0,0.0,1.0,2020,2,0.02060320251066179,0.5948954168180135,0.02691169374805858
00-0036439,2020,WR,252,7,22.0,0.0,0.0,1.0,2020,2,0.048591377037557754,0.5367286404413393,0.0612734093773313
00-0036442,2020,QB,1,1,23.0,1.0,3.0,1.0,2020,3,0.9839990298805527,0.9999692644652596,2.6083254319064553
00-0036212,2020,QB,5,1,22.0,1.0,3.0,1.0,2020,3,0.9449805283879849,0.9993874172208091,2.293814679414478
00-0036355,2020,QB,6,1,22.0,1.0,3.0,1.0,2020,3,0.9361776046568894,0.9991491548944101,2.242473212205017
00-0036357,2020,WR,12,1,21.0,0.0,0.0,1.0,2020,3,0.8783815958992208,0.9991787067554826,2.043558495782139
00-0036407,2020,WR,15,1,21.0,1.0,2.0,1.0,2020,3,0.8583594419695434,0.9986949928479185,1.9786760759980697
00-0036358,2020,WR,17,1,21.0,1.0,3.0,1.0,2020,3,0.8459668037555486,0.9983081201497378,1.9413238399541521
00-0036387,2020,WR,21,1,21.0,0.0,0.0,1.0,2020,3,0.8230507981216242,0.9973781225539952,1.8768453262314546
00-0036322,2020,WR,22,1,21.0,1.0,3.0,1.0,2020,3,0.8176603040329102,0.997112857427221,1.8624298083850253
00-0036261,2020,WR,25,1,22.0,1.0,3.0,1.0,2020,3,0.7829246799691547,0.9965624140681688,1.7478200063982077
00-0036264,2020,QB,26,1,21.0,0.0,0.0,1.0,2020,3,0.8225963894465093,0.98705018632874,1.8223964139907687
00-0036360,2020,RB,32,1,21.0,1.0,2.0,1.0,2020,3,0.8843718298349225,0.993162231623547,2.109189951021212
00-0036410,2020,WR,33,2,21.0,1.0,3.0,1.0,2020,3,0.6973108664885284,0.9927062692539725,1.409236347928239
00-0036252,2020,WR,34,2,22.0,1.0,2.0,1.0,2020,3,0.6668085191437265,0.9929097128675775,1.3228397739334479
00-0036275,2020,RB,35,2,21.0,1.0,3.0,1.0,2020,3,0.8315700876450063,0.9910078390144788,1.7808876554535629
00-0036223,2020,RB,41,2,21.0,1.0,3.0,1.0,2020,3,0.8079965501868389,0.9875291196794244,1.717419259850876
00-0036268,2020,WR,42,2,21.0,1.0,2.0,1.0,2020,3,0.6558589701134054,0.988019468396695,1.3306262725547162
00-0036290,2020,TE,43,2,21.0,1.0,2.0,1.0,2020,3,0.6893503174826158,0.9909679403887631,1.2248745591591916
00-0036412,2020,WR,46,2,21.0,0.0,0.0,1.0,2020,3,0.6395383985480395,0.9855631727394424,1.301197479672586
00-0036326,2020,WR,49,2,22.0,1.0,3.0,1.0,2020,3,0.6002284153891358,0.9849719156169651,1.2057449304504924
00-0036414,2020,RB,52,2,21.0,1.0,2.0,1.0,2020,3,0.7680046447111977,0.9796730038650237,1.6202468558151613
00-0036389,2020,QB,53,2,22.0,1.0,3.0,1.0,2020,3,0.611407740113356,0.9548251314663968,1.156914178198228
00-0036158,2020,RB,55,2,21.0,1.0,1.0,1.0,2020,3,0.7577617915131086,0.9772034925605524,1.5970711189203044
00-0036415,2020,WR,57,2,24.0,1.0,1.0,1.0,2020,3,0.5132394153229608,0.9828682720082148,1.0151474921628425
00-0036255,2020,WR,59,2,22.0,0.0,0.0,1.0,2020,3,0.5647306010509735,0.9780517628592619,1.1475769393984463
00-0036265,2020,RB,62,2,22.0,1.0,2.0,1.0,2020,3,0.7114064012565363,0.9733592817663889,1.469812922430943
00-0036328,2020,RB,66,3,22.0,1.0,3.0,1.0,2020,3,0.6205481795546618,0.9670369335802217,1.1235777194936571
00-0036450,2020,RB,76,3,23.0,0.0,0.0,1.0,2020,3,0.5577831030436926,0.9598679850612784,0.9979001273160986
00-0036364,2020,WR,80,3,22.0,0.0,0.0,1.0,2020,3,0.41914909033880243,0.9558695047599525,0.7809539977630474
00-0036365,2020,WR,81,3,21.0,1.0,1.0,1.0,2020,3,0.4455245665807391,0.9506942233973643,0.8389255828378317
00-0036251,2020,RB,86,3,22.0,0.0,0.0,1.0,2020,3,0.5559220177575236,0.9440571765997221,1.0211919919635084
00-0036194,2020,TE,91,3,23.0,0.0,0.0,1.0,2020,3,0.31820960882158417,0.9592856051076727,0.5164977592406876
00-0036331,2020,WR,92,3,22.0,1.0,1.0,1.0,2020,3,0.3926551112462131,0.9418665854971244,0.7461885752326629
00-0036297,2020,RB,93,3,22.0,0.0,0.0,1.0,2020,3,0.5363408645716946,0.9347695144998206,0.991766520988469
00-0036332,2020,TE,94,3,23.0,0.0,0.0,1.0,2020,3,0.3091068408607122,0.9564393024630078,0.5055727522304877
00-0036225,2020,TE,101,3,21.0,0.0,0.0,1.0,2020,3,0.33997458550611187,0.9400160820343019,0.5717894969975093
00-0036422,2020,TE,105,3,23.0,0.0,0.0,1.0,2020,3,0.27917164233819786,0.9452343595420325,0.4696504813407274
00-0036370,2020,RB,112,4,22.0,0.0,0.0,1.0,2020,3,0.40388615983337894,0.8989078132702168,0.6683863675433485
00-0036232,2020,TE,115,4,22.0,0.0,0.0,1.0,2020,3,0.21464763297168146,0.922094558820236,0.3335784462953544
00-0036423,2020,TE,118,4,22.0,0.0,0.0,1.0,2020,3,0.20904218443711692,0.917974661034521,0.3274942729787227
00-0036269,2020,RB,120,4,22.0,0.0,0.0,1.0,2020,3,0.38723316400248764,0.8850359301255749,0.6483489097253767
00-0036226,2020,QB,122,4,22.0,0.0,0.0,1.0,2020,3,0.27633737141199927,0.7973497448028809,0.4349013123896205
00-0036336,2020,RB,124,4,22.0,0.0,0.0,1.0,2020,3,0.3794074966875049,0.8778798680239948,0.6389816119038195
00-0036301,2020,QB,125,4,23.0,0.0,0.0,0.0,2020,3,0.24955435713349403,0.8047917029671514,0.3929040086037845
00-0036196,2020,WR,128,4,21.0,1.0,3.0,1.0,2020,3,0.28377746239844115,0.8721056702199174,0.5139472996782056
00-0036244,2020,TE,133,4,21.0,0.0,0.0,1.0,2020,3,0.20270852553053145,0.8873911102868383,0.32981875021417856
00-0036424,2020,TE,136,4,23.0,0.0,0.0,1.0,2020,3,0.1634112865900574,0.8999685660768189,0.26908124843531106
00-0036340,2020,WR,142,4,22.0,0.0,0.0,1.0,2020,3,0.24514356274030805,0.8574886693081083,0.4534077305679226
00-0036425,2020,RB,144,4,21.0,0.0,0.0,1.0,2020,3,0.3715031461738631,0.8277255254301467,0.6491409479442188
00-0036377,2020,WR,151,5,22.0,0.0,0.0,1.0,2020,3,0.17942764504282893,0.828931733638474,0.3041258913333353
00-0036427,2020,WR,161,5,22.0,0.0,0.0,1.0,2020,3,0.17212339090777065,0.8092061400807982,0.2965113410194797
00-0036254,2020,WR,165,5,22.0,0.0,0.0,1.0,2020,3,0.16939097412206466,0.8012105238629738,0.2936437882379618
00-0036277,2020,WR,166,5,22.0,0.0,0.0,1.0,2020,3,0.1687235412628679,0.7992036886106526,0.29294168862830106
00-0036197,2020,QB,167,5,22.0,0.0,0.0,1.0,2020,3,0.17056458917281261,0.6714545357657052,0.2552147000627517
00-0036398,2020,WR,168,5,24.0,0.0,0.0,1.0,2020,3,0.13721117013002448,0.8230965053803926,0.24109029836977242
00-0036308,2020,WR,171,5,21.0,0.0,0.0,1.0,2020,3,0.18231068446396548,0.7736720595166441,0.3179788729397134
00-0036278,2020,RB,172,5,22.0,0.0,0.0,1.0,2020,3,0.2369163737752208,0.7685334336583668,0.38008959929571096
00-0036309,2020,WR,173,5,22.0,1.0,2.0,1.0,2020,3,0.16421718443727157,0.7850797978761569,0.2881835913206329
00-0036345,2020,WR,176,5,23.0,1.0,2.0,1.0,2020,3,0.14704563151377534,0.7941810243031973,0.26032604693366956
00-0036233,2020,WR,187,6,21.0,1.0,2.0,1.0,2020,3,0.1280481807564659,0.7220191402654872,0.20745029784257424
00-0036312,2020,QB,189,6,24.0,0.0,0.0,1.0,2020,3,0.09359752120085904,0.6419370836386266,0.13142850410590556
00-0036429,2020,TE,190,6,22.0,0.0,0.0,1.0,2020,3,0.06622559790755599,0.7687796785039722,0.10331860228567072
00-0036271,2020,WR,200,6,22.0,1.0,1.0,1.0,2020,3,0.11022541926225925,0.712055716582101,0.18302126751093664
00-0036133,2020,WR,201,6,23.0,0.0,0.0,1.0,2020,3,0.09888923222828969,0.7282060677080964,0.16554713224567288
00-0036250,2020,TE,206,6,23.0,0.0,0.0,1.0,2020,3,0.05371553030006653,0.7532638756000577,0.08773308116297841
00-0036165,2020,WR,207,6,21.0,0.0,0.0,1.0,2020,3,0.11938933083947374,0.6777411074159292,0.1989731823122447
00-0036228,2020,WR,212,6,22.0,0.0,0.0,1.0,2020,3,0.10581137874407201,0.6866144874978878,0.17865018195505716
00-0036247,2020,WR,214,6,22.0,0.0,0.0,1.0,2020,3,0.10511483115355946,0.6824019442005604,0.1779553306665208
00-0036259,2020,WR,217,7,23.0,0.0,0.0,1.0,2020,3,0.06804730382654259,0.6764657342457572,0.10664606865848028
00-0036382,2020,WR,220,7,22.0,0.0,0.0,1.0,2020,3,0.075117727042717,0.6498866549442678,0.11720392276312853
00-0036383,2020,RB,222,7,21.0,0.0,0.0,1.0,2020,3,0.11873219434006442,0.5983796344035178,0.1652043220091385
nogsis:2020:224,2020,QB,224,7,22.0,0.0,0.0,0.0,2020,3,0.07376800660459466,0.5018820060972398,0.09746872381321905
00-0036384,2020,QB,231,7,23.0,0.0,0.0,1.0,2020,3,0.06451942877145889,0.5106356238263065,0.08672710390285807
00-0036433,2020,QB,240,7,23.0,0.0,0.0,1.0,2020,3,0.06255161904133832,0.4934063233450596,0.08505899728111946
00-0036279,2020,QB,244,7,23.0,0.0,0.0,0.0,2020,3,0.06171807742965547,0.4859577218017392,0.0843473494194884
00-0036435,2020,RB,245,7,22.0,0.0,0.0,1.0,2020,3,0.09785495692292016,0.5703492778348294,0.14201534345084418
00-0036245,2020,RB,246,7,23.0,0.0,0.0,1.0,2020,3,0.08765040497300033,0.5903175958835852,0.12837838417935402
00-0036438,2020,TE,251,7,23.0,0.0,0.0,1.0,2020,3,0.030071363304046576,0.6450909431345978,0.04965389957957346
00-0036439,2020,WR,252,7,22.0,0.0,0.0,1.0,2020,3,0.06802736074037459,0.5833209259497345,0.11059129192327015
00-0036442,2020,QB,1,1,23.0,1.0,4.0,1.0,2020,4,0.9894601744250795,0.999978337845076,3.4116123765731126
00-0036212,2020,QB,5,1,22.0,1.0,4.0,1.0,2020,4,0.9639418780427285,0.9995322420336957,2.989869273432699
00-0036355,2020,QB,6,1,22.0,1.0,4.0,1.0,2020,4,0.9579071230545222,0.9993444277854262,2.9189682866110225
00-0036357,2020,WR,12,1,21.0,0.0,0.0,1.0,2020,4,0.8848065276378823,0.9993148026369865,2.784019831896736
00-0036407,2020,WR,15,1,21.0,1.0,3.0,1.0,2020,4,0.8674222471957261,0.9989010664618956,2.6824975245625784
00-0036358,2020,WR,17,1,21.0,1.0,4.0,1.0,2020,4,0.8567294314736991,0.9985678087523076,2.623562521013839
00-0036387,2020,WR,21,1,21.0,0.0,0.0,1.0,2020,4,0.8370574057245865,0.9977607867002877,2.5211618622127463
00-0036322,2020,WR,22,1,21.0,1.0,4.0,1.0,2020,4,0.8324449763084478,0.997529401201793,2.4981739366941396
00-0036261,2020,WR,25,1,22.0,1.0,4.0,1.0,2020,4,0.793443624143747,0.9970451781442605,2.3047042051937265
00-0036264,2020,QB,26,1,21.0,1.0,1.0,1.0,2020,4,0.8802879123350691,0.9892453694287326,2.3803475618756726
00-0036360,2020,RB,32,1,21.0,1.0,2.0,1.0,2020,4,0.8911114566191778,0.9940849402096811,2.686463239494139
00-0036410,2020,WR,33,2,21.0,1.0,4.0,1.0,2020,4,0.7307536358325717,0.9935656583842595,1.9216599671839685
00-0036252,2020,WR,34,2,22.0,1.0,3.0,1.0,2020,4,0.6924574436965398,0.993743081190752,1.7731714614271266
00-0036275,2020,RB,35,2,21.0,1.0,4.0,1.0,2020,4,0.8460993385497387,0.9920904142734916,2.286937574119988
00-0036223,2020,RB,41,2,21.0,1.0,4.0,1.0,2020,4,0.8256118320958863,0.9889623319179538,2.185386561240377
00-0036268,2020,WR,42,2,21.0,1.0,2.0,1.0,2020,4,0.6953174798350813,0.9893202625813923,1.7957723871284048
00-0036290,2020,TE,43,2,21.0,1.0,3.0,1.0,2020,4,0.7487595602881358,0.9939780373379802,1.715235003891713
00-0036412,2020,WR,46,2,21.0,0.0,0.0,1.0,2020,4,0.6812899405281287,0.9870792573838884,1.748700752394729
00-0036326,2020,WR,49,2,22.0,1.0,3.0,1.0,2020,4,0.6338883949526781,0.9865262245254673,1.5866787210713476
00-0036414,2020,RB,52,2,21.0,1.0,2.0,1.0,2020,4,0.7908888296596109,0.9818369199480781,2.030958427056402
00-0036389,2020,QB,53,2,22.0,1.0,4.0,1.0,2020,4,0.7084028546140207,0.96051763997437,1.529678346928999
00-0036158,2020,RB,55,2,21.0,1.0,1.0,1.0,2020,4,0.7819895961183707,0.9795834932273467,1.9943741546958478
00-0036415,2020,WR,57,2,24.0,1.0,1.0,1.0,2020,4,0.5273507797054724,0.9845686023767599,1.2728648552370578
00-0036255,2020,WR,59,2,22.0,0.0,0.0,1.0,2020,4,0.6023911095284168,0.9801585682140429,1.4948736764861705
00-0036265,2020,RB,62,2,22.0,1.0,3.0,1.0,2020,4,0.7308135874007805,0.9760482512408324,1.7844885477379464
00-0036328,2020,RB,66,3,22.0,1.0,4.0,1.0,2020,4,0.6517033893690102,0.9698947424139994,1.3878402104308243
00-0036450,2020,RB,76,3,23.0,0.0,0.0,1.0,2020,4,0.5812454229970819,0.9631707124400747,1.192403234456532
00-0036364,2020,WR,80,3,22.0,0.0,0.0,1.0,2020,4,0.4708868447651749,0.9590158496316461,1.0410390216986376
00-0036365,2020,WR,81,3,21.0,1.0,1.0,1.0,2020,4,0.5099595415399654,0.9541308269841284,1.1426976592819984
00-0036251,2020,RB,86,3,22.0,1.0,1.0,1.0,2020,4,0.5930181341899204,0.9483253850164269,1.2352340842030185
00-0036194,2020,TE,91,3,23.0,0.0,0.0,1.0,2020,4,0.36855860719741435,0.9682483841834916,0.6981164588976785
00-0036331,2020,WR,92,3,22.0,1.0,1.0,1.0,2020,4,0.44595009215076675,0.9456583691718466,0.9862349625954154
00-0036297,2020,RB,93,3,22.0,0.0,0.0,1.0,2020,4,0.5750595352175495,0.9395372980539066,1.1920236624739715
00-0036332,2020,TE,94,3,23.0,0.0,0.0,1.0,2020,4,0.3586818179757026,0.9658083953771724,0.681749711837959
00-0036225,2020,TE,101,3,21.0,0.0,0.0,1.0,2020,4,0.4146203374819107,0.9520592792155856,0.8085681608768426
00-0036422,2020,TE,105,3,23.0,0.0,0.0,1.0,2020,4,0.3259137566819164,0.9560506099949475,0.628155547846547
00-0036370,2020,RB,112,4,22.0,0.0,0.0,1.0,2020,4,0.4535686844767059,0.9043105349116235,0.8188469510118326
00-0036232,2020,TE,115,4,22.0,0.0,0.0,1.0,2020,4,0.2700760472755891,0.9353292996749419,0.4843266565022111
00-0036423,2020,TE,118,4,22.0,0.0,0.0,1.0,2020,4,0.2634474022860849,0.931553718907218,0.47461402688935206
00-0036269,2020,RB,120,4,22.0,0.0,0.0,1.0,2020,4,0.4374677086019122,0.8908429481126368,0.7897137490897316
00-0036226,2020,QB,122,4,22.0,0.0,0.0,1.0,2020,4,0.3834306817815033,0.8089249103072214,0.6511913069155526
00-0036336,2020,RB,124,4,22.0,0.0,0.0,1.0,2020,4,0.4298593250335744,0.8838768807586853,0.7761570360358234
00-0036301,2020,QB,125,4,23.0,0.0,0.0,0.0,2020,4,0.3403298426333156,0.8159929420594816,0.5721694682377121
00-0036196,2020,WR,128,4,21.0,1.0,4.0,1.0,2020,4,0.35383500102875703,0.8769017629218645,0.719023564137838
00-0036244,2020,TE,133,4,21.0,0.0,0.0,1.0,2020,4,0.2649792408702406,0.9035195173558846,0.4893471457743943
00-0036424,2020,TE,136,4,23.0,0.0,0.0,1.0,2020,4,0.20095819058111936,0.9142833787352644,0.3738098374473149
00-0036340,2020,WR,142,4,22.0,0.0,0.0,1.0,2020,4,0.3010732180320672,0.8623418420030105,0.6134640459806661
00-0036425,2020,RB,144,4,21.0,0.0,0.0,1.0,2020,4,0.4357709100774778,0.8348444041032755,0.7982470002690413
00-0036377,2020,WR,151,5,22.0,0.0,0.0,1.0,2020,4,0.23156125277234907,0.8323829301697606,0.435497576172414
00-0036427,2020,WR,161,5,22.0,0.0,0.0,1.0,2020,4,0.22346095669055968,0.8125616428999322,0.42266152172664845
00-0036254,2020,WR,165,5,22.0,0.0,0.0,1.0,2020,4,0.2204147969569245,0.8045130208414911,0.4178428296573491
00-0036277,2020,WR,166,5,22.0,0.0,0.0,1.0,2020,4,0.21966938194213118,0.8024916765570146,0.4166642997348271
00-0036197,2020,QB,167,5,22.0,0.0,0.0,1.0,2020,4,0.2562667424996451,0.6812135277999781,0.417447363615406
00-0036398,2020,WR,168,5,24.0,0.0,0.0,1.0,2020,4,0.16701699452520893,0.8262603869624126,0.32314482305322345
00-0036308,2020,WR,171,5,21.0,0.0,0.0,1.0,2020,4,0.24535003976436834,0.7768961680468104,0.4654555165230241
00-0036278,2020,RB,172,5,22.0,0.0,0.0,1.0,2020,4,0.28808087335091936,0.7741556862633601,0.4701800087102702
00-0036309,2020,WR,173,5,22.0,1.0,2.0,1.0,2020,4,0.21462247653823635,0.788252696534414,0.40869102967392207
00-0036345,2020,WR,176,5,23.0,1.0,3.0,1.0,2020,4,0.18618388952347384,0.7972817240122728,0.35787860087172574
00-0036233,2020,WR,187,6,21.0,1.0,2.0,1.0,2020,4,0.1822744377399394,0.7223384584153884,0.3249950152866649
00-0036312,2020,QB,189,6,24.0,0.0,0.0,1.0,2020,4,0.13959857776982285,0.6481306126777677,0.2182447129933974
00-0036429,2020,TE,190,6,22.0,0.0,0.0,1.0,2020,4,0.09268457418931944,0.7828479892040247,0.1681737453174928
00-0036271,2020,WR,200,6,22.0,1.0,1.0,1.0,2020,4,0.15255748219809073,0.7119924611837636,0.2752423240998947
00-0036133,2020,WR,201,6,23.0,0.0,0.0,1.0,2020,4,0.13197315311850621,0.7282786059494608,0.2404855669492238
00-0036250,2020,TE,206,6,23.0,0.0,0.0,1.0,2020,4,0.07222208943909764,0.7654674709458286,0.13574248365461403
00-0036165,2020,WR,207,6,21.0,0.0,0.0,1.0,2020,4,0.1716394526046617,0.6771700018708484,0.30925692725301546
00-0036228,2020,WR,212,6,22.0,0.0,0.0,1.0,2020,4,0.14722091781565966,0.6860289210049936,0.267460405769761
00-0036247,2020,WR,214,6,22.0,0.0,0.0,1.0,2020,4,0.14637555458716653,0.6817278442238346,0.26622664355638087
00-0036259,2020,WR,217,7,23.0,0.0,0.0,1.0,2020,4,0.0951916698991374,0.6729505292422006,0.16560641028930323
00-0036382,2020,WR,220,7,22.0,0.0,0.0,1.0,2020,4,0.10945279574618533,0.6459022041826075,0.18907839238786184
00-0036383,2020,RB,222,7,21.0,0.0,0.0,1.0,2020,4,0.16703879107839775,0.5972152753631572,0.23388470169033967
nogsis:2020:224,2020,QB,224,7,22.0,0.0,0.0,0.0,2020,4,0.12443141777903018,0.5028130443900737,0.19564051668924737
00-0036384,2020,QB,231,7,23.0,0.0,0.0,1.0,2020,4,0.10492574387047324,0.5114085659665131,0.16604760068586716
00-0036433,2020,QB,240,7,23.0,0.0,0.0,1.0,2020,4,0.10179742709194929,0.49370995665342005,0.16303726203246552
00-0036279,2020,QB,244,7,23.0,0.0,0.0,0.0,2020,4,0.10047033786434914,0.48605822676480803,0.16175165747624895
00-0036435,2020,RB,245,7,22.0,0.0,0.0,1.0,2020,4,0.13409153049262953,0.5684864301147914,0.19208709340597402
00-0036245,2020,RB,246,7,23.0,0.0,0.0,1.0,2020,4,0.1156318028277214,0.5886559154408731,0.16782257370273862
00-0036438,2020,TE,251,7,23.0,0.0,0.0,1.0,2020,4,0.04203909526401846,0.6489610515144121,0.08198999611183191
00-0036439,2020,WR,252,7,22.0,0.0,0.0,1.0,2020,4,0.1002942706144026,0.5776990747173851,0.17638109895419735
00-0036442,2020,QB,1,1,23.0,1.0,5.0,1.0,2020,5,0.9937924700121391,0.9999927605852669,4.23915001248396
00-0036212,2020,QB,5,1,22.0,1.0,5.0,1.0,2020,5,0.9751027440334006,0.9997602981092336,3.677116713061377
00-0036355,2020,QB,6,1,22.0,1.0,5.0,1.0,2020,5,0.9702207260499318,0.9996463490808868,3.5805800093885183
00-0036357,2020,WR,12,1,21.0,0.0,0.0,1.0,2020,5,0.9123627384513461,0.9994230800071002,3.386638232726522
00-0036407,2020,WR,15,1,21.0,1.0,4.0,1.0,2020,5,0.8964161763695178,0.9990370282537535,3.2581040908658325
00-0036358,2020,WR,17,1,21.0,1.0,5.0,1.0,2020,5,0.8863877680266323,0.9987165783647377,3.1837962561558832
00-0036387,2020,WR,21,1,21.0,0.0,0.0,1.0,2020,5,0.8675372391854252,0.9979160957881883,3.055185401881261
00-0036322,2020,WR,22,1,21.0,1.0,5.0,1.0,2020,5,0.8630467160193466,0.9976815588621306,3.0263966495360015
00-0036261,2020,WR,25,1,22.0,1.0,4.0,1.0,2020,5,0.8202477772579713,0.9970902532175899,2.7534018234704063
00-0036264,2020,QB,26,1,21.0,1.0,2.0,1.0,2020,5,0.9020495227238862,0.991440350312443,2.8758596068378615
00-0036360,2020,RB,32,1,21.0,1.0,2.0,1.0,2020,5,0.9048408427099494,0.9939505024966245,3.1410320557647755
00-0036410,2020,WR,33,2,21.0,1.0,5.0,1.0,2020,5,0.7761986663263305,0.9939709780712045,2.358697601214671
00-0036252,2020,WR,34,2,22.0,1.0,4.0,1.0,2020,5,0.7314507163867163,0.9939551443590079,2.1456008510978752
00-0036275,2020,RB,35,2,21.0,1.0,5.0,1.0,2020,5,0.8695819647259253,0.9923695885268178,2.684864592469324
00-0036223,2020,RB,41,2,21.0,1.0,5.0,1.0,2020,5,0.8496755773762282,0.9890596584750805,2.5601169748894756
00-0036268,2020,WR,42,2,21.0,1.0,2.0,1.0,2020,5,0.7396054767455252,0.9895538023309263,2.203424669068642
00-0036290,2020,TE,43,2,21.0,1.0,4.0,1.0,2020,5,0.7738775662158296,0.9940269041999757,2.0889413715473637
00-0036412,2020,WR,46,2,21.0,0.0,0.0,1.0,2020,5,0.7248355903952468,0.9871565457791573,2.1454474626682503
00-0036326,2020,WR,49,2,22.0,1.0,3.0,1.0,2020,5,0.6680372455070251,0.9861125387140853,1.9177966505179893
00-0036414,2020,RB,52,2,21.0,1.0,2.0,1.0,2020,5,0.8151601968128843,0.981257512307856,2.3721267585576102
00-0036389,2020,QB,53,2,22.0,1.0,5.0,1.0,2020,5,0.7355298619608318,0.9634066814609581,1.8190661139169995
00-0036158,2020,RB,55,2,21.0,1.0,2.0,1.0,2020,5,0.8061725686810786,0.9787335339427102,2.327872685010151
00-0036415,2020,WR,57,2,24.0,1.0,1.0,1.0,2020,5,0.5349955107806971,0.9828290078861798,1.490769355866004
00-0036255,2020,WR,59,2,22.0,0.0,0.0,1.0,2020,5,0.633093245401944,0.9788775530217724,1.8059990934110866
00-0036265,2020,RB,62,2,22.0,1.0,3.0,1.0,2020,5,0.7471197957122314,0.9739091761635972,2.0474177340992026
00-0036328,2020,RB,66,3,22.0,1.0,5.0,1.0,2020,5,0.680627460609041,0.9691786941613333,1.613134189735215
00-0036450,2020,RB,76,3,23.0,0.0,0.0,1.0,2020,5,0.5968651857518422,0.9604541710883354,1.3619899781972835
00-0036364,2020,WR,80,3,22.0,0.0,0.0,1.0,2020,5,0.507989109504815,0.9572486391106515,1.2887936682217613
00-0036365,2020,WR,81,3,21.0,1.0,1.0,1.0,2020,5,0.5593688340989496,0.9532100304803377,1.4388016192510675
00-0036251,2020,RB,86,3,22.0,1.0,1.0,1.0,2020,5,0.6178138525270594,0.9447933723069754,1.4341632958223929
00-0036194,2020,TE,91,3,23.0,0.0,0.0,1.0,2020,5,0.3846526806093552,0.9651839542029558,0.8339659507099499
00-0036331,2020,WR,92,3,22.0,1.0,1.0,1.0,2020,5,0.47906428315105093,0.9419986447501625,1.2214271200073032
00-0036297,2020,RB,93,3,22.0,0.0,0.0,1.0,2020,5,0.5983447037239161,0.9346265780345789,1.3836625859635636
00-0036332,2020,TE,94,3,23.0,0.0,0.0,1.0,2020,5,0.37441393968292686,0.9623190289032563,0.8143329975191755
00-0036225,2020,TE,101,3,21.0,0.0,0.0,1.0,2020,5,0.45617469531218874,0.9491454037996554,0.9996826204251938
00-0036422,2020,TE,105,3,23.0,0.0,0.0,1.0,2020,5,0.34036258034389216,0.9507455558056633,0.7501208525613359
00-0036370,2020,RB,112,4,22.0,0.0,0.0,1.0,2020,5,0.48577742570764426,0.9006949261246691,0.972549525499238
00-0036232,2020,TE,115,4,22.0,0.0,0.0,1.0,2020,5,0.3040527169447129,0.9331659865703253,0.6062836385878807
00-0036423,2020,TE,118,4,22.0,0.0,0.0,1.0,2020,5,0.29679743189251906,0.9289866472678452,0.5941421220375932
00-0036269,2020,RB,120,4,22.0,0.0,0.0,1.0,2020,5,0.4678085360589587,0.8855832797764105,0.9382285208824082
00-0036226,2020,QB,122,4,22.0,0.0,0.0,1.0,2020,5,0.41541447618527305,0.8078418874559185,0.7972325913253565
00-0036336,2020,RB,124,4,22.0,0.0,0.0,1.0,2020,5,0.4592948974935725,0.8777223850910835,0.922259612784735
00-0036301,2020,QB,125,4,23.0,0.0,0.0,0.0,2020,5,0.35822358542995647,0.8100240413484054,0.6873038538248395
00-0036196,2020,WR,128,4,21.0,1.0,4.0,1.0,2020,5,0.4008941563393622,0.8738024675901175,0.940173168527194
00-0036244,2020,TE,133,4,21.0,0.0,0.0,1.0,2020,5,0.3087263591043303,0.900479646664531,0.6246055526756468
00-0036424,2020,TE,136,4,23.0,0.0,0.0,1.0,2020,5,0.21928422583825974,0.9070424233028563,0.4594402371722156
00-0036340,2020,WR,142,4,22.0,0.0,0.0,1.0,2020,5,0.33078526633212774,0.8535187178299745,0.7871434702575483
00-0036425,2020,RB,144,4,21.0,0.0,0.0,1.0,2020,5,0.474426262776752,0.8265548824649563,0.9678124994136441
00-0036377,2020,WR,151,5,22.0,0.0,0.0,1.0,2020,5,0.26563103495782253,0.8311045141276633,0.5825317629245891
00-0036427,2020,WR,161,5,22.0,0.0,0.0,1.0,2020,5,0.25540092853303636,0.8094035784261432,0.5657845806534316
00-0036254,2020,WR,165,5,22.0,0.0,0.0,1.0,2020,5,0.25155495383997506,0.8005527191880069,0.55949304346651
00-0036277,2020,WR,166,5,22.0,0.0,0.0,1.0,2020,5,0.250613949812692,0.79832677090479,0.5579539049495864
00-0036197,2020,QB,167,5,22.0,0.0,0.0,1.0,2020,5,0.2849599422410647,0.676626611179096,0.5237481153054969
00-0036398,2020,WR,168,5,24.0,0.0,0.0,1.0,2020,5,0.17666331915549152,0.8146115874400892,0.4136735909875098
00-0036308,2020,WR,171,5,21.0,0.0,0.0,1.0,2020,5,0.28843685264777785,0.7758652734167729,0.6378222124037333
00-0036278,2020,RB,172,5,22.0,0.0,0.0,1.0,2020,5,0.3172991388462785,0.7669529734334,0.5782868092210338
00-0036309,2020,WR,173,5,22.0,1.0,3.0,1.0,2020,5,0.24424444631513867,0.7826144056228592,0.547536905931108
00-0036345,2020,WR,176,5,23.0,1.0,3.0,1.0,2020,5,0.2041237494250069,0.787080818759557,0.4686984207217587
00-0036233,2020,WR,187,6,21.0,1.0,2.0,1.0,2020,5,0.2247078198052079,0.7327109451104687,0.4694224118399307
00-0036312,2020,QB,189,6,24.0,0.0,0.0,1.0,2020,5,0.14929191272634315,0.6406905999904113,0.27163849423225345
00-0036429,2020,TE,190,6,22.0,0.0,0.0,1.0,2020,5,0.11671699258927956,0.7876244833280387,0.22767214112281975
00-0036271,2020,WR,200,6,22.0,1.0,1.0,1.0,2020,5,0.18078598345737973,0.7150321560952309,0.38796552585684363
00-0036133,2020,WR,201,6,23.0,0.0,0.0,1.0,2020,5,0.15032015742344262,0.7260045110720119,0.3303167228639955
00-0036250,2020,TE,206,6,23.0,0.0,0.0,1.0,2020,5,0.08712864205228255,0.7635229227147824,0.1796853086010301
00-0036165,2020,WR,207,6,21.0,0.0,0.0,1.0,2020,5,0.2103872655858561,0.6845918930846175,0.44758677828744875
00-0036228,2020,WR,212,6,22.0,0.0,0.0,1.0,2020,5,0.17374857577551805,0.6869867192398489,0.37733906508761816
00-0036247,2020,WR,214,6,22.0,0.0,0.0,1.0,2020,5,0.17263499866101106,0.6823288416118637,0.3756530177299937
00-0036259,2020,WR,217,7,23.0,1.0,1.0,1.0,2020,5,0.113357163036033,0.683664621106795,0.24011298927313257
00-0036382,2020,WR,220,7,22.0,0.0,0.0,1.0,2020,5,0.13571564906221512,0.662211312907971,0.2822761901354014
00-0036383,2020,RB,222,7,21.0,0.0,0.0,1.0,2020,5,0.2077610100182673,0.6184878917922487,0.32455703570865724
nogsis:2020:224,2020,QB,224,7,22.0,0.0,0.0,0.0,2020,5,0.14941328447960756,0.5140307732262944,0.2630560458859217
00-0036384,2020,QB,231,7,23.0,0.0,0.0,1.0,2020,5,0.12055258278911489,0.5141042390222436,0.21806625759613815
00-0036433,2020,QB,240,7,23.0,0.0,0.0,1.0,2020,5,0.11652096001151976,0.49371970203903076,0.21382888051482968
00-0036279,2020,QB,244,7,23.0,0.0,0.0,0.0,2020,5,0.11481397586594194,0.4849066171398141,0.2120209782524873
00-0036435,2020,RB,245,7,22.0,0.0,0.0,1.0,2020,5,0.15998530065113395,0.5799367041619902,0.2596572154515976
00-0036245,2020,RB,246,7,23.0,0.0,0.0,1.0,2020,5,0.1324439387549204,0.5936571364159616,0.22057024658142937
00-0036438,2020,TE,251,7,23.0,0.0,0.0,1.0,2020,5,0.05338099562301506,0.655769276994144,0.11338202640020127
00-0036439,2020,WR,252,7,22.0,0.0,0.0,1.0,2020,5,0.1230552067540324,0.5893161617687408,0.2640385668739988
00-0036971,2021,QB,1,1,21.0,1.0,1.0,1.0,2021,1,0.9024229567764451,0.987759043979716,0.9024229567764451
00-0037013,2021,QB,2,1,22.0,1.0,1.0,1.0,2021,1,0.8481284092645811,0.9818599896769792,0.8481284092645811
00-0037012,2021,QB,3,1,21.0,0.0,0.0,1.0,2021,1,0.83484694172684,0.9738607739649449,0.83484694172684
00-0036970,2021,TE,4,1,20.0,1.0,1.0,1.0,2021,1,0.6159431572875299,0.997239611375626,0.6159431572875299
00-0036900,2021,WR,5,1,21.0,1.0,1.0,1.0,2021,1,0.7368778429482239,0.9959835626142112,0.7368778429482239
00-0036613,2021,WR,6,1,22.0,1.0,1.0,1.0,2021,1,0.6957405022305828,0.9955555660214199,0.6957405022305828
00-0036912,2021,WR,10,1,22.0,1.0,1.0,1.0,2021,1,0.6467245556811542,0.9924559443324994,0.6467245556811542
00-0036945,2021,QB,11,1,22.0,1.0,1.0,1.0,2021,1,0.6862512355694945,0.9422486016072573,0.6862512355694945
00-0036972,2021,QB,15,1,23.0,1.0,1.0,1.0,2021,1,0.6198220139178392,0.934759891419701,0.6198220139178392
00-0036913,2021,WR,20,1,22.0,0.0,0.0,1.0,2021,1,0.5751421835740997,0.9845904360122312,0.5751421835740997
00-0036893,2021,RB,24,1,23.0,1.0,1.0,1.0,2021,1,0.6580092217412397,0.9754635210833736,0.6580092217412397
00-0036973,2021,RB,25,1,22.0,0.0,0.0,0.0,2021,1,0.6810273823974575,0.972428043538212,0.6810273823974575
00-0036550,2021,WR,27,1,21.0,1.0,1.0,1.0,2021,1,0.5733452584403937,0.9771633682064269,0.5733452584403937
00-0036980,2021,WR,34,2,21.0,1.0,1.0,1.0,2021,1,0.42445422882944944,0.961428228169321,0.42445422882944944
00-0036997,2021,RB,35,2,21.0,1.0,1.0,1.0,2021,1,0.5556239822940772,0.9485842169807137,0.5556239822940772
00-0036936,2021,WR,49,2,21.0,1.0,1.0,1.0,2021,1,0.38612199624951093,0.9445448807580791,0.38612199624951093
00-0036894,2021,TE,55,2,22.0,1.0,1.0,1.0,2021,1,0.19991509796955848,0.9547075486851833,0.19991509796955848
00-0036620,2021,WR,56,2,24.0,0.0,0.0,1.0,2021,1,0.2907488673254089,0.9507724495652169,0.2907488673254089
00-0036849,2021,WR,57,2,21.0,0.0,0.0,1.0,2021,1,0.3706354396895236,0.9356896134467048,0.3706354396895236
00-0036955,2021,WR,59,2,21.0,0.0,0.0,1.0,2021,1,0.3671396036475459,0.9334933409236169,0.3671396036475459
00-0036928,2021,QB,64,2,23.0,0.0,0.0,0.0,2021,1,0.3081906255534051,0.7927229315401286,0.3081906255534051
00-0036946,2021,QB,66,3,22.0,0.0,0.0,1.0,2021,1,0.23114751246212634,0.7173370798346761,0.23114751246212634
00-0036898,2021,QB,67,3,22.0,1.0,1.0,1.0,2021,1,0.2296813185536363,0.7151872295546537,0.2296813185536363
00-0036988,2021,WR,77,3,21.0,0.0,0.0,1.0,2021,1,0.2386492967051937,0.8873547402348736,0.2386492967051937
00-0037004,2021,TE,81,3,23.0,0.0,0.0,1.0,2021,1,0.1020942068904038,0.9194530126383124,0.1020942068904038
00-0036626,2021,WR,82,3,21.0,0.0,0.0,1.0,2021,1,0.23370762867390624,0.880634427324358,0.23370762867390624
00-0037005,2021,TE,83,3,21.0,0.0,0.0,1.0,2021,1,0.12588065977909269,0.9031829707926536,0.12588065977909269
00-0036991,2021,WR,85,3,21.0,0.0,0.0,1.0,2021,1,0.23091738467123216,0.8766426972877421,0.23091738467123216
00-0036984,2021,RB,88,3,22.0,0.0,0.0,1.0,2021,1,0.3026856764073834,0.8799589903449515,0.3026856764073834
00-0036554,2021,WR,89,3,22.0,0.0,0.0,1.0,2021,1,0.20644598714510787,0.8809414113089736,0.20644598714510787
00-0036999,2021,WR,91,3,21.0,0.0,0.0,1.0,2021,1,0.22568516797432797,0.8687496860141524,0.22568516797432797
00-0037011,2021,TE,97,3,22.0,0.0,0.0,1.0,2021,1,0.1064633326820202,0.8965769757191897,0.1064633326820202
00-0036924,2021,RB,107,4,22.0,1.0,1.0,1.0,2021,1,0.19365614539572373,0.8236199941885539,0.19365614539572373
00-0036627,2021,WR,109,4,23.0,0.0,0.0,1.0,2021,1,0.11327444047645151,0.8289546159395609,0.11327444047645151
00-0036963,2021,WR,112,4,21.0,1.0,1.0,1.0,2021,1,0.13908615627309895,0.7979294014618266,0.13908615627309895
00-0036842,2021,RB,119,4,23.0,0.0,0.0,1.0,2021,1,0.16799604648822103,0.8245328776671011,0.16799604648822103
00-0036875,2021,RB,120,4,23.0,0.0,0.0,1.0,2021,1,0.16744493346382236,0.823597211555657,0.16744493346382236
00-0036628,2021,TE,124,4,23.0,0.0,0.0,1.0,2021,1,0.054442445184655006,0.8446438853745186,0.054442445184655006
00-0036555,2021,RB,126,4,22.0,1.0,1.0,1.0,2021,1,0.18189783127602877,0.8045551968299921,0.18189783127602877
00-0036876,2021,TE,127,4,23.0,0.0,0.0,1.0,2021,1,0.05392228113016941,0.841363456768774,0.05392228113016941
00-0036877,2021,WR,129,4,22.0,0.0,0.0,1.0,2021,1,0.11839129604892532,0.7882555004783315,0.11839129604892532
00-0036630,2021,WR,131,4,22.0,0.0,0.0,1.0,2021,1,0.1176938860286844,0.7855676844569248,0.1176938860286844
00-0036929,2021,QB,133,4,23.0,0.0,0.0,1.0,2021,1,0.09884803057599466,0.5563721215896097,0.09884803057599466
00-0036918,2021,WR,141,4,24.0,0.0,0.0,1.0,2021,1,0.09169388621493024,0.8019160834462822,0.09169388621493024
00-0036887,2021,TE,145,5,23.0,0.0,0.0,1.0,2021,1,0.031654355830299664,0.7739525927704051,0.031654355830299664
00-0036556,2021,TE,147,5,21.0,0.0,0.0,1.0,2021,1,0.03992967806851679,0.7388532499650848,0.03992967806851679
00-0036919,2021,RB,150,5,22.0,1.0,1.0,1.0,2021,1,0.1105186978886943,0.7271757767480458,0.1105186978886943
00-0036635,2021,WR,157,5,22.0,0.0,0.0,1.0,2021,1,0.06959436282047038,0.6920182041324108,0.06959436282047038
00-0036637,2021,TE,162,5,22.0,0.0,0.0,1.0,2021,1,0.03407691646534779,0.7364391972876783,0.03407691646534779
00-0036640,2021,TE,168,5,23.0,0.0,0.0,0.0,2021,1,0.02979325159722596,0.746135465830467,0.02979325159722596
00-0036646,2021,WR,179,5,23.0,0.0,0.0,0.0,2021,1,0.058780866798609936,0.6816164340971506,0.058780866798609936
00-0036647,2021,WR,181,5,23.0,0.0,0.0,0.0,2021,1,0.058513769486900694,0.6790988438296844,0.058513769486900694
00-0036951,2021,WR,187,6,23.0,0.0,0.0,1.0,2021,1,0.035844915958946524,0.6023934922895703,0.035844915958946524
00-0036567,2021,RB,194,6,23.0,1.0,1.0,1.0,2021,1,0.05573575106212114,0.6387705811906214,0.05573575106212114
00-0036569,2021,RB,196,6,22.0,0.0,0.0,1.0,2021,1,0.06230975861724949,0.6162945074437256,0.06230975861724949
00-0036650,2021,RB,198,6,22.0,0.0,0.0,1.0,2021,1,0.06203048901976327,0.614441314187717,0.06203048901976327
00-0036857,2021,RB,202,6,23.0,0.0,0.0,1.0,2021,1,0.0547408351549363,0.6315489989103068,0.0547408351549363
00-0036571,2021,WR,203,6,23.0,0.0,0.0,1.0,2021,1,0.034629795839837996,0.5817378072572283,0.034629795839837996
00-0036572,2021,WR,204,6,22.0,0.0,0.0,1.0,2021,1,0.03891753630858022,0.5588556197525255,0.03891753630858022
00-0036652,2021,WR,205,6,22.0,0.0,0.0,1.0,2021,1,0.038837976272306944,0.5575991836208627,0.038837976272306944
00-0036858,2021,WR,209,6,23.0,0.0,0.0,1.0,2021,1,0.03420828891593844,0.5743356371230478,0.03420828891593844
00-0036654,2021,RB,211,6,23.0,0.0,0.0,1.0,2021,1,0.053686373829635856,0.6236923874048407,0.053686373829635856
00-0036906,2021,RB,217,6,23.0,0.0,0.0,1.0,2021,1,0.053018255713776274,0.6186037783450975,0.053018255713776274
00-0036879,2021,QB,218,6,22.0,0.0,0.0,1.0,2021,1,0.033641384670705286,0.30792368045069085,0.033641384670705286
00-0036657,2021,WR,219,6,21.0,0.0,0.0,1.0,2021,1,0.04252581607604694,0.5185720224291518,0.04252581607604694
00-0036907,2021,WR,221,6,22.0,0.0,0.0,1.0,2021,1,0.03763470739737483,0.5382061269553609,0.03763470739737483
00-0036482,2021,WR,229,7,24.0,0.0,0.0,1.0,2021,1,0.017928950991042646,0.4981028449824655,0.017928950991042646
00-0036860,2021,RB,233,7,23.0,0.0,0.0,1.0,2021,1,0.03180344720492643,0.5320942199035977,0.03180344720492643
00-0036536,2021,WR,242,7,23.0,0.0,0.0,0.0,2021,1,0.019763302136581486,0.46172749403007146,0.019763302136581486
00-0036578,2021,RB,244,7,23.0,0.0,0.0,0.0,2021,1,0.031140085822643777,0.523227723358434,0.031140085822643777
00-0036862,2021,WR,249,7,24.0,0.0,0.0,1.0,2021,1,0.017298171743108177,0.47631092370703604,0.017298171743108177
00-0036939,2021,WR,255,7,23.0,0.0,0.0,1.0,2021,1,0.01932671632917148,0.4482094269168122,0.01932671632917148
00-0036669,2021,RB,256,7,23.0,0.0,0.0,1.0,2021,1,0.030463924564455055,0.5139844906646256,0.030463924564455055
00-0036670,2021,RB,257,7,21.0,0.0,0.0,1.0,2021,1,0.038587666919519446,0.4691394813959039,0.038587666919519446
00-0036671,2021,WR,258,7,22.0,0.0,0.0,1.0,2021,1,0.021699619255618682,0.4235134981437806,0.021699619255618682
00-0036971,2021,QB,1,1,21.0,1.0,2.0,1.0,2021,2,0.9824486867802983,0.9999770242054185,1.8406555715065316
00-0037013,2021,QB,2,1,22.0,1.0,2.0,1.0,2021,2,0.9653951376232677,0.9999190578170277,1.7511793468695132
00-0037012,2021,QB,3,1,21.0,0.0,0.0,1.0,2021,2,0.9576290633304826,0.999806505891186,1.726302930061287
00-0036970,2021,TE,4,1,20.0,1.0,1.0,1.0,2021,2,0.9573271796647312,0.9999591619265009,1.551678241119688
00-0036900,2021,WR,5,1,21.0,1.0,2.0,1.0,2021,2,0.883805370884957,0.9998500352470039,1.4835114978072568
00-0036613,2021,WR,6,1,22.0,1.0,2.0,1.0,2021,2,0.8577939253349693,0.9997998704568054,1.4074991757316275
00-0036912,2021,WR,10,1,22.0,1.0,2.0,1.0,2021,2,0.8168728690505193,0.9994299137553952,1.32219457326807
00-0036945,2021,QB,11,1,22.0,1.0,2.0,1.0,2021,2,0.8722774542394143,0.9977953899390191,1.4655521506706217
00-0036972,2021,QB,15,1,23.0,1.0,2.0,1.0,2021,2,0.8236154602886036,0.9963103792730018,1.3452670347507705
00-0036913,2021,WR,20,1,22.0,0.0,0.0,1.0,2021,2,0.7475914747768784,0.9976434575018257,1.1978857049685385
00-0036893,2021,RB,24,1,23.0,1.0,2.0,1.0,2021,2,0.8759998564754753,0.9973254616156091,1.4165351501450212
00-0036973,2021,RB,25,1,22.0,1.0,1.0,1.0,2021,2,0.8849516235178297,0.996824452863841,1.4544295080310277
00-0036550,2021,WR,27,1,21.0,1.0,1.0,1.0,2021,2,0.7374361671045245,0.995264123225564,1.1996061133978244
00-0036980,2021,WR,34,2,21.0,1.0,1.0,1.0,2021,2,0.6180792553280583,0.9915356291114072,0.9210597157893543
00-0036997,2021,RB,35,2,21.0,1.0,1.0,1.0,2021,2,0.8064622054431746,0.9921118751022262,1.2166554068592608
00-0036936,2021,WR,49,2,21.0,1.0,1.0,1.0,2021,2,0.5659874663529754,0.9822628285566094,0.8525122494631211
00-0036894,2021,TE,55,2,22.0,1.0,2.0,1.0,2021,2,0.4510064677905855,0.9865401358967111,0.6271772085357912
00-0036620,2021,WR,56,2,24.0,0.0,0.0,1.0,2021,2,0.45365700060250036,0.9819410634057393,0.6604836093883573
00-0036849,2021,WR,57,2,21.0,0.0,0.0,1.0,2021,2,0.543925176466476,0.9759710320939354,0.8246019264719602
00-0036955,2021,WR,59,2,21.0,0.0,0.0,1.0,2021,2,0.5388667279001338,0.9742560905382609,0.8182821373263305
00-0036928,2021,QB,64,2,23.0,0.0,0.0,1.0,2021,2,0.48207229283600295,0.935383010702535,0.7251103527675599
00-0036946,2021,QB,66,3,22.0,0.0,0.0,1.0,2021,2,0.4041830725620489,0.9180218163993847,0.5652896136731733
00-0036898,2021,QB,67,3,22.0,1.0,2.0,1.0,2021,2,0.401197133764645,0.9157996895257443,0.5618448718041373
00-0036988,2021,WR,77,3,21.0,1.0,1.0,1.0,2021,2,0.397326449189443,0.9514664057816234,0.5625304962076949
00-0037004,2021,TE,81,3,23.0,0.0,0.0,1.0,2021,2,0.24483693492837363,0.967730089966152,0.3250025634487368
00-0036626,2021,WR,82,3,21.0,0.0,0.0,1.0,2021,2,0.388461118244746,0.9451517269756231,0.5530706482918397
00-0037005,2021,TE,83,3,21.0,0.0,0.0,1.0,2021,2,0.28851659201164875,0.9599173886791909,0.3908549109478803
00-0036991,2021,WR,85,3,21.0,0.0,0.0,1.0,2021,2,0.3834303648148371,0.9412055520371696,0.5477155930121665
00-0036984,2021,RB,88,3,22.0,0.0,0.0,1.0,2021,2,0.5013453221818974,0.9448733788362911,0.6752608160374152
00-0036554,2021,WR,89,3,22.0,0.0,0.0,1.0,2021,2,0.34833806523355343,0.9406985606767919,0.4946824391778505
00-0036999,2021,WR,91,3,21.0,0.0,0.0,1.0,2021,2,0.37394978110821664,0.9329734020768212,0.5376464381556278
00-0037011,2021,TE,97,3,22.0,0.0,0.0,1.0,2021,2,0.23433504776651456,0.948435484565458,0.32162003109011383
00-0036924,2021,RB,107,4,22.0,1.0,2.0,1.0,2021,2,0.35506712796773315,0.9099163457286867,0.44153904143943434
00-0036627,2021,WR,109,4,23.0,0.0,0.0,1.0,2021,2,0.21663654709048016,0.9106580690507333,0.2886579946908003
00-0036963,2021,WR,112,4,21.0,1.0,2.0,1.0,2021,2,0.25863576380759307,0.8904892097633426,0.35127267161723563
00-0036842,2021,RB,119,4,23.0,0.0,0.0,1.0,2021,2,0.30517853144598983,0.8976207761378948,0.38179720914774323
00-0036875,2021,RB,120,4,23.0,1.0,1.0,1.0,2021,2,0.30348267322378325,0.8959690030345394,0.38029084923875656
00-0036628,2021,TE,124,4,23.0,0.0,0.0,1.0,2021,2,0.12228610949762705,0.9117582615523856,0.1624642998659888
00-0036555,2021,RB,126,4,22.0,1.0,1.0,1.0,2021,2,0.320103044894728,0.8769670890344762,0.40958356909229127
00-0036876,2021,TE,127,4,23.0,0.0,0.0,1.0,2021,2,0.11972152614131198,0.9073550000571906,0.15979806455095447
00-0036877,2021,WR,129,4,22.0,0.0,0.0,1.0,2021,2,0.22084854301629886,0.8688922496579254,0.30367410669381534
00-0036630,2021,WR,131,4,22.0,0.0,0.0,1.0,2021,2,0.2192885186227542,0.8652573743348199,0.30221100025417214
00-0036929,2021,QB,133,4,23.0,0.0,0.0,1.0,2021,2,0.18156716813029103,0.7368962063815712,0.2553894389650636
00-0036918,2021,WR,141,4,24.0,0.0,0.0,1.0,2021,2,0.17341416898461193,0.8675130407680284,0.23891366064273417
00-0036887,2021,TE,145,5,23.0,0.0,0.0,1.0,2021,2,0.07284014299841267,0.8668101336554009,0.09363272072271754
00-0036556,2021,TE,147,5,21.0,0.0,0.0,1.0,2021,2,0.09035305413333053,0.84185252004889,0.11724455922616075
00-0036919,2021,RB,150,5,22.0,1.0,1.0,1.0,2021,2,0.2082865320182225,0.8146172386519713,0.2527899862381999
00-0036635,2021,WR,157,5,22.0,0.0,0.0,1.0,2021,2,0.1428435709593379,0.7984496337868272,0.1887441826836865
00-0036637,2021,TE,162,5,22.0,0.0,0.0,1.0,2021,2,0.07367854445792746,0.8234101687502231,0.09727843968541973
00-0036640,2021,TE,168,5,23.0,0.0,0.0,0.0,2021,2,0.06342540153728522,0.8239474992747694,0.08423607270781822
00-0036646,2021,WR,179,5,23.0,0.0,0.0,1.0,2021,2,0.11988527329798254,0.7672664772211829,0.16140509686221827
00-0036647,2021,WR,181,5,23.0,0.0,0.0,0.0,2021,2,0.11919438715442938,0.7631743020075271,0.16079939243646862
00-0036951,2021,WR,187,6,23.0,0.0,0.0,1.0,2021,2,0.08058380447926393,0.7293702479899671,0.10252491917916451
00-0036567,2021,RB,194,6,23.0,1.0,1.0,1.0,2021,2,0.1070946840458466,0.7119723569274521,0.12826477159109695
00-0036569,2021,RB,196,6,22.0,0.0,0.0,1.0,2021,2,0.11853128920918901,0.6895387996061509,0.14283205319907336
00-0036650,2021,RB,198,6,22.0,0.0,0.0,1.0,2021,2,0.11751969986884069,0.6848847369365126,0.1420432153800648
00-0036857,2021,RB,202,6,23.0,0.0,0.0,1.0,2021,2,0.10345167314860526,0.6939818104053203,0.12545285199243178
00-0036571,2021,WR,203,6,23.0,0.0,0.0,1.0,2021,2,0.07706266610400705,0.694900386283289,0.09963771176106948
00-0036572,2021,WR,204,6,22.0,0.0,0.0,1.0,2021,2,0.08614238638802324,0.6743468838957758,0.11188677271130865
00-0036652,2021,WR,205,6,22.0,0.0,0.0,1.0,2021,2,0.08591523939117647,0.6721416421423526,0.11169822639790727
00-0036858,2021,WR,209,6,23.0,0.0,0.0,1.0,2021,2,0.0758476159100091,0.6820951848802163,0.09863246622169822
00-0036654,2021,RB,211,6,23.0,0.0,0.0,1.0,2021,2,0.09964521872673857,0.6738908221066817,0.12248714001249308
00-0036906,2021,RB,217,6,23.0,1.0,1.0,1.0,2021,2,0.09726303208518376,0.6606151299107329,0.12061587944259823
00-0036879,2021,QB,218,6,22.0,0.0,0.0,1.0,2021,2,0.06788089143338477,0.44090327263086576,0.09267654897356306
00-0036657,2021,WR,219,6,21.0,0.0,0.0,1.0,2021,2,0.09284199932596951,0.6218284268640996,0.12274393938640196
00-0036907,2021,WR,221,6,22.0,0.0,0.0,1.0,2021,2,0.08249195713072614,0.6373369430163339,0.10883889147208348
00-0036482,2021,WR,229,7,24.0,0.0,0.0,1.0,2021,2,0.04338005156435624,0.6339820760922678,0.05390495513050926
00-0036860,2021,RB,233,7,23.0,0.0,0.0,1.0,2021,2,0.062315521905703115,0.5992726971720133,0.07369593988435427
00-0036536,2021,WR,242,7,23.0,0.0,0.0,0.0,2021,2,0.047342170099874945,0.5868604313703971,0.05968001722579692
00-0036578,2021,RB,244,7,23.0,0.0,0.0,0.0,2021,2,0.05978471484201538,0.5754334051745278,0.07180108875039452
00-0036862,2021,WR,249,7,24.0,0.0,0.0,1.0,2021,2,0.04137303254093598,0.5933158359855555,0.052322183893861375
00-0036939,2021,WR,255,7,23.0,0.0,0.0,1.0,2021,2,0.045967320035916,0.560633526689725,0.0585853257155905
00-0036669,2021,RB,256,7,23.0,0.0,0.0,1.0,2021,2,0.057253224184208105,0.5502461705866616,0.06988132796630354
00-0036670,2021,RB,257,7,21.0,0.0,0.0,1.0,2021,2,0.07197759488004755,0.5057651515443182,0.08804907329505639
00-0036671,2021,WR,258,7,22.0,0.0,0.0,1.0,2021,2,0.05139241243114223,0.5336023093280339,0.06586262768188977
00-0036971,2021,QB,1,1,21.0,1.0,3.0,1.0,2021,3,0.9890762769885013,0.9999692623684157,2.6886332092208525
00-0037013,2021,QB,2,1,22.0,1.0,3.0,1.0,2021,3,0.9771737749363374,0.999898478803908,2.5352620981889262
00-0037012,2021,QB,3,1,21.0,0.0,0.0,1.0,2021,3,0.971742650494231,0.9997669992264098,2.4942523877085567
00-0036970,2021,TE,4,1,20.0,1.0,2.0,1.0,2021,3,0.9882733773744002,0.9999567366052955,2.483041277521524
00-0036900,2021,WR,5,1,21.0,1.0,3.0,1.0,2021,3,0.9382986432668825,0.999874550054851,2.291092737515597
00-0036613,2021,WR,6,1,22.0,1.0,3.0,1.0,2021,3,0.9200386814435157,0.9998312063494794,2.18364815405648
00-0036912,2021,WR,10,1,22.0,1.0,3.0,1.0,2021,3,0.8858376085987196,0.9995105717020114,2.0507287998423465
00-0036945,2021,QB,11,1,22.0,1.0,3.0,1.0,2021,3,0.9050405965343069,0.9976517112396593,2.08506294746478
00-0036972,2021,QB,15,1,23.0,1.0,3.0,1.0,2021,3,0.8632963892309518,0.9961777057834239,1.906213563038956
00-0036913,2021,WR,20,1,22.0,0.0,0.0,1.0,2021,3,0.8197035007889772,0.9979273004644483,1.8527506235637203
00-0036893,2021,RB,24,1,23.0,1.0,3.0,1.0,2021,3,0.8854584085185025,0.9969956362948427,2.0495136818218658
00-0036973,2021,RB,25,1,22.0,1.0,2.0,1.0,2021,3,0.8950697433843919,0.9964472026359275,2.1062505954869457
00-0036550,2021,WR,27,1,21.0,1.0,1.0,1.0,2021,3,0.8055219255541026,0.9957979113676064,1.842518047548232
00-0036980,2021,WR,34,2,21.0,1.0,2.0,1.0,2021,3,0.7072830906813524,0.9926091388772063,1.435211167843769
00-0036997,2021,RB,35,2,21.0,1.0,2.0,1.0,2021,3,0.8309451519130823,0.9915542283143131,1.7591000121316793
00-0036936,2021,WR,49,2,21.0,1.0,2.0,1.0,2021,3,0.6457417940469953,0.9842996101865366,1.3214831573795116
00-0036894,2021,TE,55,2,22.0,1.0,2.0,1.0,2021,3,0.6126771492057602,0.9868706419614939,1.0750775002644055
00-0036620,2021,WR,56,2,24.0,0.0,0.0,1.0,2021,3,0.5206268896484451,0.9838516813215773,1.0431871471150205
00-0036849,2021,WR,57,2,21.0,1.0,1.0,1.0,2021,3,0.6186308028894651,0.9786052834198332,1.2750163639552132
00-0036955,2021,WR,59,2,21.0,0.0,0.0,1.0,2021,3,0.6123364730556491,0.9770471657947796,1.2644852567982423
00-0036928,2021,QB,64,2,23.0,0.0,0.0,1.0,2021,3,0.5506527346712206,0.9427048434609979,1.029565544965888
00-0036946,2021,QB,66,3,22.0,0.0,0.0,1.0,2021,3,0.4883297891567269,0.929118289145702,0.803265528526881
00-0036898,2021,QB,67,3,22.0,1.0,2.0,1.0,2021,3,0.48501930980720154,0.9272702764443173,0.7986458495427029
00-0036988,2021,WR,77,3,21.0,1.0,2.0,1.0,2021,3,0.4726850527571931,0.9572505954201644,0.8806046459971026
00-0037004,2021,TE,81,3,23.0,0.0,0.0,1.0,2021,3,0.3696220996709775,0.9694648354071347,0.5877934075941802
00-0036626,2021,WR,82,3,21.0,0.0,0.0,1.0,2021,3,0.4606094643383082,0.9515499116975181,0.8644655114383273
00-0037005,2021,TE,83,3,21.0,0.0,0.0,1.0,2021,3,0.4284097650054702,0.9622140767522013,0.6896791627691998
00-0036991,2021,WR,85,3,21.0,0.0,0.0,1.0,2021,3,0.45373250181903124,0.9479774325779236,0.8553313750064471
00-0036984,2021,RB,88,3,22.0,0.0,0.0,1.0,2021,3,0.5481198406147231,0.94493862187199,1.00538485754391
00-0036554,2021,WR,89,3,22.0,1.0,1.0,1.0,2021,3,0.4111182131467219,0.9473523985065782,0.7777505832167695
00-0036999,2021,WR,91,3,21.0,0.0,0.0,1.0,2021,3,0.4407287973242707,0.9405016157059086,0.8381612650188796
00-0037011,2021,TE,97,3,22.0,0.0,0.0,1.0,2021,3,0.34861868170414373,0.9514403132297019,0.5769471455984712
00-0036924,2021,RB,107,4,22.0,1.0,2.0,1.0,2021,3,0.41123167275862277,0.9128142509800027,0.6719875489766329
00-0036627,2021,WR,109,4,23.0,0.0,0.0,1.0,2021,3,0.26597903256378197,0.9215371481357281,0.46544772556169356
00-0036963,2021,WR,112,4,21.0,1.0,3.0,1.0,2021,3,0.31875443199486136,0.9038105025112506,0.5550174174961526
00-0036842,2021,RB,119,4,23.0,0.0,0.0,1.0,2021,3,0.3541391275351971,0.9011907628813074,0.5886949465206304
00-0036875,2021,RB,120,4,23.0,1.0,2.0,1.0,2021,3,0.35227334899204105,0.8996290339706201,0.5866596051525098
00-0036628,2021,TE,124,4,23.0,0.0,0.0,1.0,2021,3,0.19196669763654733,0.9188628147844522,0.30598667932538703
00-0036555,2021,RB,126,4,22.0,1.0,2.0,1.0,2021,3,0.37322651226437253,0.8816664106023494,0.6290796126555753
00-0036876,2021,TE,127,4,23.0,0.0,0.0,1.0,2021,3,0.18728877122654966,0.9148250761687007,0.30107075815771944
00-0036877,2021,WR,129,4,22.0,0.0,0.0,1.0,2021,3,0.2676134001809329,0.8838056084836001,0.4820793659638618
00-0036630,2021,WR,131,4,22.0,0.0,0.0,1.0,2021,3,0.26529428094906277,0.8804712890181793,0.4795074687393495
00-0036929,2021,QB,133,4,23.0,0.0,0.0,1.0,2021,3,0.23801726228978545,0.781963016988055,0.3765272075648017
00-0036918,2021,WR,141,4,24.0,0.0,0.0,1.0,2021,3,0.20555643705453783,0.8818501710803046,0.3858132408388004
00-0036887,2021,TE,145,5,23.0,0.0,0.0,1.0,2021,3,0.11944690861547871,0.880061879840983,0.18206334339999386
00-0036556,2021,TE,147,5,21.0,0.0,0.0,1.0,2021,3,0.14949524040924447,0.8576788929241778,0.22181104533343726
00-0036919,2021,RB,150,5,22.0,1.0,1.0,1.0,2021,3,0.25927844552898355,0.8260835331397272,0.399702023948972
00-0036635,2021,WR,157,5,22.0,0.0,0.0,1.0,2021,3,0.17954696576250942,0.8223233211335812,0.30384272099317194
00-0036637,2021,TE,162,5,22.0,0.0,0.0,1.0,2021,3,0.11914215287839036,0.8407887574147406,0.18670990908536167
00-0036640,2021,TE,168,5,23.0,0.0,0.0,0.0,2021,3,0.1010900914046832,0.8411466653281803,0.16390349679389524
00-0036646,2021,WR,179,5,23.0,0.0,0.0,1.0,2021,3,0.14693605105999483,0.7928267336304773,0.26135315351554206
00-0036647,2021,WR,181,5,23.0,0.0,0.0,0.0,2021,3,0.14586517839062121,0.7889963803362136,0.2602532107024944
00-0036951,2021,WR,187,6,23.0,0.0,0.0,1.0,2021,3,0.10398432804775883,0.7619843706151594,0.1695288440211336
00-0036567,2021,RB,194,6,23.0,1.0,1.0,1.0,2021,3,0.1418266086963856,0.7347238383270319,0.21322960779667738
00-0036569,2021,RB,196,6,22.0,0.0,0.0,1.0,2021,3,0.15816676692478202,0.7138420462100064,0.23517905413442552
00-0036650,2021,RB,198,6,22.0,0.0,0.0,1.0,2021,3,0.1568519392581359,0.7095064524630826,0.23405546732801719
00-0036857,2021,RB,202,6,23.0,0.0,0.0,1.0,2021,3,0.13709399116020668,0.7180118980735016,0.2091825133125748
00-0036571,2021,WR,203,6,23.0,0.0,0.0,1.0,2021,3,0.09823129912834612,0.7295710166439499,0.16412891509220112
00-0036572,2021,WR,204,6,22.0,0.0,0.0,1.0,2021,3,0.11080505640334762,0.7107324512846949,0.18199931824187737
00-0036652,2021,WR,205,6,22.0,0.0,0.0,1.0,2021,3,0.11043402798677339,0.7086321950001768,0.18165221258766892
00-0036858,2021,WR,209,6,23.0,0.0,0.0,1.0,2021,3,0.09625923932517251,0.7174252319191657,0.16225348757072172
00-0036654,2021,RB,211,6,23.0,0.0,0.0,1.0,2021,3,0.13213849832549213,0.6992857564866881,0.2048997318893936
00-0036906,2021,RB,217,6,23.0,1.0,2.0,1.0,2021,3,0.12903178685797262,0.686873440684691,0.20218966457929372
00-0036879,2021,QB,218,6,22.0,0.0,0.0,1.0,2021,3,0.10128165544314963,0.5269959923918143,0.14308333576968885
00-0036657,2021,WR,219,6,21.0,0.0,0.0,1.0,2021,3,0.11930954377406051,0.6610051547416309,0.19666741382644304
00-0036907,2021,WR,221,6,22.0,0.0,0.0,1.0,2021,3,0.10486742099321511,0.6752625792473426,0.1763975592334842
00-0036482,2021,WR,229,7,24.0,0.0,0.0,1.0,2021,3,0.0568173895862428,0.676374864083218,0.09163017586702495
00-0036860,2021,RB,233,7,23.0,0.0,0.0,1.0,2021,3,0.0878528439060148,0.6341743477807864,0.12743188988704618
00-0036536,2021,WR,242,7,23.0,0.0,0.0,0.0,2021,3,0.06216847488224258,0.6315327698542224,0.09976372503042194
00-0036578,2021,RB,244,7,23.0,0.0,0.0,0.0,2021,3,0.08431142342420794,0.6116278140883061,0.12460597287642622
00-0036862,2021,WR,249,7,24.0,0.0,0.0,1.0,2021,3,0.053454270423336656,0.637057101712476,0.0885528753568277
00-0036939,2021,WR,255,7,23.0,0.0,0.0,1.0,2021,3,0.059856797045347306,0.6058063631517617,0.09767245364977917
00-0036669,2021,RB,256,7,23.0,0.0,0.0,1.0,2021,3,0.08076381655529036,0.5876456357606883,0.12173108669362166
00-0036670,2021,RB,257,7,21.0,0.0,0.0,1.0,2021,3,0.10346896588886942,0.5447817975312831,0.14997477842914508
00-0036671,2021,WR,258,7,22.0,0.0,0.0,1.0,2021,3,0.0675581176049834,0.5798303455368738,0.10827529306257624
00-0036971,2021,QB,1,1,21.0,1.0,4.0,1.0,2021,4,0.9926752224595798,0.9999665136499643,3.556129130137266
00-0037013,2021,QB,2,1,22.0,1.0,3.0,1.0,2021,4,0.9841622293758747,0.9998932606229745,3.326153614283737
00-0037012,2021,QB,3,1,21.0,0.0,0.0,1.0,2021,4,0.980926442696032,0.9997532845881427,3.2821848202822212
00-0036970,2021,TE,4,1,20.0,1.0,3.0,1.0,2021,4,0.9893476452939305,0.9999786071212797,3.4209044698368505
00-0036900,2021,WR,5,1,21.0,1.0,4.0,1.0,2021,4,0.9293101980812792,0.9998839204426743,3.088892152846321
00-0036613,2021,WR,6,1,22.0,1.0,4.0,1.0,2021,4,0.9076657545350814,0.9998457303360926,2.9275740868670765
00-0036912,2021,WR,10,1,22.0,1.0,4.0,1.0,2021,4,0.8746691093893695,0.9995460736091528,2.7214213628184645
00-0036945,2021,QB,11,1,22.0,1.0,4.0,1.0,2021,4,0.9325069239992549,0.997637640757177,2.6947615076105755
00-0036972,2021,QB,15,1,23.0,1.0,4.0,1.0,2021,4,0.8987937155287076,0.9962516923971502,2.4283927484399284
00-0036913,2021,WR,20,1,22.0,0.0,0.0,1.0,2021,4,0.8142772510127867,0.998038900425917,2.40891589127068
00-0036893,2021,RB,24,1,23.0,1.0,4.0,1.0,2021,4,0.8895559916884893,0.9972212095976447,2.652224688315537
00-0036973,2021,RB,25,1,22.0,1.0,3.0,1.0,2021,4,0.9017943420699229,0.9966488559486131,2.7468102779166372
00-0036550,2021,WR,27,1,21.0,1.0,2.0,1.0,2021,4,0.8092584121611278,0.995918641556262,2.3934164467431644
00-0036980,2021,WR,34,2,21.0,1.0,3.0,1.0,2021,4,0.7233897931431351,0.9927480917962602,1.9009848666437008
00-0036997,2021,RB,35,2,21.0,1.0,3.0,1.0,2021,4,0.8518281052533644,0.9917243246672334,2.3327349930186116
00-0036936,2021,WR,49,2,21.0,1.0,2.0,1.0,2021,4,0.671781183439317,0.984432542343512,1.723156424859408
00-0036894,2021,TE,55,2,22.0,1.0,3.0,1.0,2021,4,0.6424299337644137,0.990130125593228,1.3900828246001438
00-0036620,2021,WR,56,2,24.0,0.0,0.0,1.0,2021,4,0.5303303788325557,0.9847408858120063,1.2955132093723642
00-0036849,2021,WR,57,2,21.0,1.0,1.0,1.0,2021,4,0.6490424339747173,0.9786951370524662,1.6506959495850475
00-0036955,2021,WR,59,2,21.0,0.0,0.0,1.0,2021,4,0.6437563614562524,0.9771213093799271,1.6343024436648124
00-0036928,2021,QB,64,2,23.0,0.0,0.0,1.0,2021,4,0.6399236393129912,0.9455344156452722,1.3300788388496032
00-0036946,2021,QB,66,3,22.0,0.0,0.0,1.0,2021,4,0.5955696658997691,0.9312815912398886,1.1045210572171902
00-0036898,2021,QB,67,3,22.0,1.0,2.0,1.0,2021,4,0.5923710468881648,0.9295112146368917,1.0982504582368071
00-0036988,2021,WR,77,3,21.0,1.0,2.0,1.0,2021,4,0.5209563582550236,0.956927491846859,1.171912367037948
00-0037004,2021,TE,81,3,23.0,0.0,0.0,1.0,2021,4,0.4022544834229552,0.975743368202954,0.7644899849417216
00-0036626,2021,WR,82,3,21.0,0.0,0.0,1.0,2021,4,0.5104192261070345,0.9511020691573967,1.1464190219898298
00-0037005,2021,TE,83,3,21.0,0.0,0.0,1.0,2021,4,0.47757113626587144,0.9687693505699508,0.929992901514321
00-0036991,2021,WR,85,3,21.0,0.0,0.0,1.0,2021,4,0.5043963887508124,0.9474471011341252,1.1320128214630354
00-0036984,2021,RB,88,3,22.0,0.0,0.0,1.0,2021,4,0.6008131572909952,0.9443095103030872,1.2928860584858304
00-0036554,2021,WR,89,3,22.0,1.0,2.0,1.0,2021,4,0.4547086312407169,0.9476288681907988,1.0103683076619026
00-0036999,2021,WR,91,3,21.0,0.0,0.0,1.0,2021,4,0.49296141495894263,0.939789304332956,1.104979272717609
00-0037011,2021,TE,97,3,22.0,0.0,0.0,1.0,2021,4,0.38860021510284326,0.9594370523235348,0.7565768023365828
00-0036924,2021,RB,107,4,22.0,1.0,2.0,1.0,2021,4,0.47525915603446517,0.9107678257626941,0.8924362759267503
00-0036627,2021,WR,109,4,23.0,0.0,0.0,1.0,2021,4,0.30676600137506455,0.9225277084943833,0.6197676055162051
00-0036963,2021,WR,112,4,21.0,1.0,4.0,1.0,2021,4,0.37832373021340066,0.9018670502803574,0.7655343645473643
00-0036842,2021,RB,119,4,23.0,0.0,0.0,1.0,2021,4,0.40985052315309023,0.9000057639625131,0.7643411320182801
00-0036875,2021,RB,120,4,23.0,1.0,3.0,1.0,2021,4,0.4080022943777236,0.8983888295073772,0.7611970698319268
00-0036628,2021,TE,124,4,23.0,0.0,0.0,1.0,2021,4,0.2212984998708292,0.9300487737687533,0.4130282874035427
00-0036555,2021,RB,126,4,22.0,1.0,3.0,1.0,2021,4,0.4382168324001958,0.8781046683475775,0.8249850392376763
00-0036876,2021,TE,127,4,23.0,0.0,0.0,1.0,2021,4,0.21618742952600423,0.9262450124794359,0.40579083695626084
00-0036877,2021,WR,129,4,22.0,0.0,0.0,1.0,2021,4,0.31867918904263004,0.8829163719270555,0.6466172888159256
00-0036630,2021,WR,131,4,22.0,0.0,0.0,1.0,2021,4,0.31644322285626164,0.8795132607012832,0.6425045936521036
00-0036929,2021,QB,133,4,23.0,0.0,0.0,1.0,2021,4,0.3254954526588452,0.7929241630636376,0.5462247709237267
00-0036918,2021,WR,141,4,24.0,0.0,0.0,1.0,2021,4,0.23933658264647212,0.8843253128459811,0.4961088898869837
00-0036887,2021,TE,145,5,23.0,0.0,0.0,1.0,2021,4,0.14391810892074583,0.893139885669569,0.26308987771497594
00-0036556,2021,TE,147,5,21.0,0.0,0.0,1.0,2021,4,0.18794185573814196,0.8686251145829061,0.3391543026954919
00-0036919,2021,RB,150,5,22.0,1.0,1.0,1.0,2021,4,0.32366378635277376,0.8193673883955811,0.5472453119776445
00-0036635,2021,WR,157,5,22.0,0.0,0.0,1.0,2021,4,0.22778753630578988,0.8197067456915541,0.4300758220310824
00-0036637,2021,TE,162,5,22.0,0.0,0.0,1.0,2021,4,0.1476170934738834,0.8529364775861281,0.2757522664559472
00-0036640,2021,TE,168,5,23.0,0.0,0.0,1.0,2021,4,0.12267646509736943,0.8546899841611189,0.23467220740685546
00-0036646,2021,WR,179,5,23.0,0.0,0.0,1.0,2021,4,0.18585027859919492,0.7921707065037835,0.35852132768241896
00-0036647,2021,WR,181,5,23.0,0.0,0.0,0.0,2021,4,0.18472543477837447,0.7882782810375791,0.35671995784349797
00-0036951,2021,WR,187,6,23.0,0.0,0.0,1.0,2021,4,0.13755005112834415,0.7603873859235732,0.24962981414730717
00-0036567,2021,RB,194,6,23.0,1.0,1.0,1.0,2021,4,0.18698792957592847,0.7258585413472204,0.2987254036061985
00-0036569,2021,RB,196,6,22.0,0.0,0.0,1.0,2021,4,0.21237587258093896,0.7007787861545047,0.3361730734010367
00-0036650,2021,RB,198,6,22.0,0.0,0.0,1.0,2021,4,0.21082824564234656,0.6962209986516554,0.33423608701458957
00-0036857,2021,RB,202,6,23.0,0.0,0.0,1.0,2021,4,0.1814392469300728,0.708387899683615,0.2919008714183238
00-0036571,2021,WR,203,6,23.0,0.0,0.0,1.0,2021,4,0.1311480548324814,0.7273675504816409,0.24006803916541014
00-0036572,2021,WR,204,6,22.0,0.0,0.0,1.0,2021,4,0.15113448640072735,0.7047634236297381,0.27298775987810553
00-0036652,2021,WR,205,6,22.0,0.0,0.0,1.0,2021,4,0.15071425037762223,0.7026086568740452,0.2723557727035097
00-0036858,2021,WR,209,6,23.0,0.0,0.0,1.0,2021,4,0.12893816354483625,0.7149912279305866,0.2367622214320893
00-0036654,2021,RB,211,6,23.0,0.0,0.0,1.0,2021,4,0.17559840225335166,0.6888273664743128,0.2847061646220932
00-0036906,2021,RB,217,6,23.0,1.0,2.0,1.0,2021,4,0.17192014617306536,0.6758730166263257,0.28016828994945625
00-0036879,2021,QB,218,6,22.0,0.0,0.0,1.0,2021,4,0.16049198085127606,0.54034251777631,0.2559700879620675
00-0036657,2021,WR,219,6,21.0,0.0,0.0,1.0,2021,4,0.16729759178664033,0.6500604330805017,0.3010662253158146
00-0036907,2021,WR,221,6,22.0,0.0,0.0,1.0,2021,4,0.1443760778340083,0.6683939707590957,0.2628185132392643
00-0036482,2021,WR,229,7,24.0,0.0,0.0,1.0,2021,4,0.07803553528228332,0.6762522583891049,0.1401266455984964
00-0036860,2021,RB,233,7,23.0,0.0,0.0,1.0,2021,4,0.12278141611303073,0.6206618376730032,0.18834595301954107
00-0036536,2021,WR,242,7,23.0,0.0,0.0,0.0,2021,4,0.08802747957567421,0.6269317420046837,0.15625695616086122
00-0036578,2021,RB,244,7,23.0,0.0,0.0,0.0,2021,4,0.11831311645407239,0.597250194788531,0.18325211592055224
00-0036862,2021,WR,249,7,24.0,0.0,0.0,1.0,2021,4,0.07409013700847328,0.6363720710239225,0.1344416907773083
00-0036939,2021,WR,255,7,23.0,0.0,0.0,1.0,2021,4,0.08525084389987604,0.6007271014022771,0.15226172850191128
00-0036669,2021,RB,256,7,23.0,0.0,0.0,1.0,2021,4,0.11381297004628123,0.572406463904594,0.17809482720389794
00-0036670,2021,RB,257,7,21.0,0.0,0.0,1.0,2021,4,0.151985488219412,0.5204113004270317,0.23117588353084242
00-0036671,2021,WR,258,7,22.0,0.0,0.0,1.0,2021,4,0.0986349305891949,0.5702670807563874,0.17373713542334046
00-0036971,2021,QB,1,1,21.0,1.0,5.0,1.0,2021,5,0.9931909519568066,0.9999628870712456,4.426612626691665
00-0037013,2021,QB,2,1,22.0,1.0,3.0,1.0,2021,5,0.9847003163470631,0.9998847402365645,4.099929205103494
00-0037012,2021,QB,3,1,21.0,0.0,0.0,1.0,2021,5,0.9821019599674079,0.9997438021541728,4.059503686441454
00-0036970,2021,TE,4,1,20.0,1.0,4.0,1.0,2021,5,0.992142108987259,0.9999735175105345,4.37306803826137
00-0036900,2021,WR,5,1,21.0,1.0,5.0,1.0,2021,5,0.947864208034773,0.9998726971428907,3.8256875981659695
00-0036613,2021,WR,6,1,22.0,1.0,5.0,1.0,2021,5,0.9282308937822512,0.9998305080082592,3.582669330821978
00-0036912,2021,WR,10,1,22.0,1.0,5.0,1.0,2021,5,0.8975044958711265,0.9995194489297662,3.305585333216071
00-0036945,2021,QB,11,1,22.0,1.0,5.0,1.0,2021,5,0.933852526145163,0.9976940436707588,3.2401767258654255
00-0036972,2021,QB,15,1,23.0,1.0,5.0,1.0,2021,5,0.8975317279446375,0.9963531732824676,2.8559572184189137
00-0036913,2021,WR,20,1,22.0,0.0,0.0,1.0,2021,5,0.8376118365025202,0.9980257585037035,2.888640590022349
00-0036893,2021,RB,24,1,23.0,1.0,4.0,1.0,2021,5,0.8954570984125053,0.9971476826283819,3.022170808980559
00-0036973,2021,RB,25,1,22.0,1.0,4.0,1.0,2021,5,0.9095578420700202,0.9966221162662956,3.1772991142391236
00-0036550,2021,WR,27,1,21.0,1.0,2.0,1.0,2021,5,0.8337935100600365,0.9960393925551069,2.8952846667059724
00-0036980,2021,WR,34,2,21.0,1.0,3.0,1.0,2021,5,0.7595128765944764,0.992878447367823,2.336883101583903
00-0036997,2021,RB,35,2,21.0,1.0,4.0,1.0,2021,5,0.868347376453429,0.99176130552769,2.724924271954423
00-0036936,2021,WR,49,2,21.0,1.0,2.0,1.0,2021,5,0.7049482681045711,0.9851045321833557,2.1042229216555315
00-0036894,2021,TE,55,2,22.0,1.0,3.0,1.0,2021,5,0.6707186435320611,0.9900369588778541,1.6940069329364544
00-0036620,2021,WR,56,2,24.0,0.0,0.0,1.0,2021,5,0.5411666398382411,0.9848806481844384,1.4918227989167596
00-0036849,2021,WR,57,2,21.0,1.0,1.0,1.0,2021,5,0.6803771057709073,0.9798278622681225,2.0098867406484873
00-0036955,2021,WR,59,2,21.0,0.0,0.0,1.0,2021,5,0.674624067929494,0.978388871654322,1.9885853814213668
00-0036928,2021,QB,64,2,23.0,0.0,0.0,1.0,2021,5,0.6438811791352058,0.9497452123806022,1.543803135814581
00-0036946,2021,QB,66,3,22.0,0.0,0.0,1.0,2021,5,0.6176199258546151,0.9358184375911393,1.3459145216923505
00-0036898,2021,QB,67,3,22.0,1.0,2.0,1.0,2021,5,0.6144545367549404,0.9342114731186815,1.3380333909276665
00-0036988,2021,WR,77,3,21.0,1.0,2.0,1.0,2021,5,0.5595013678523575,0.9589027587596143,1.4656078976132911
00-0037004,2021,TE,81,3,23.0,0.0,0.0,1.0,2021,5,0.42939241993293903,0.9754009059135252,0.917882269343716
00-0036626,2021,WR,82,3,21.0,0.0,0.0,1.0,2021,5,0.5476307482951921,0.9535342908178228,1.432397000494699
00-0037005,2021,TE,83,3,21.0,0.0,0.0,1.0,2021,5,0.521569767843363,0.9693147653680262,1.1639155984866763
00-0036991,2021,WR,85,3,21.0,0.0,0.0,1.0,2021,5,0.540825793514624,0.9501752472150842,1.4136448686840486
00-0036984,2021,RB,88,3,22.0,0.0,0.0,1.0,2021,5,0.616928463560848,0.9459812552447717,1.4375296777017046
00-0036554,2021,WR,89,3,22.0,1.0,3.0,1.0,2021,5,0.48181563142960593,0.9497923809437845,1.23453223693826
00-0036999,2021,WR,91,3,21.0,0.0,0.0,1.0,2021,5,0.5278683291031293,0.9431571427678974,1.3784864068546903
00-0037011,2021,TE,97,3,22.0,0.0,0.0,1.0,2021,5,0.420817192775572,0.9601604404591011,0.9157181899525759
00-0036924,2021,RB,107,4,22.0,1.0,2.0,1.0,2021,5,0.4985845778770308,0.9122811297607322,1.007862299933071
00-0036627,2021,WR,109,4,23.0,0.0,0.0,1.0,2021,5,0.3283615496924989,0.923629142308669,0.7677030616937492
00-0036963,2021,WR,112,4,21.0,1.0,5.0,1.0,2021,5,0.4173448926478885,0.9059992119579869,0.9942873766894416
00-0036842,2021,RB,119,4,23.0,0.0,0.0,1.0,2021,5,0.42231802482728686,0.9010755118919938,0.8397518001594553
00-0036875,2021,RB,120,4,23.0,1.0,4.0,1.0,2021,5,0.42027814242344025,0.8995325316127205,0.8359440268052225
00-0036628,2021,TE,124,4,23.0,0.0,0.0,1.0,2021,5,0.2442443750654553,0.9300280735694232,0.4976067849335314
00-0036555,2021,RB,126,4,22.0,1.0,4.0,1.0,2021,5,0.45782862202769764,0.8814284539029889,0.9241521082576608
00-0036876,2021,TE,127,4,23.0,0.0,0.0,1.0,2021,5,0.2385035718680986,0.926386818172963,0.48791333021978167
00-0036877,2021,WR,129,4,22.0,0.0,0.0,1.0,2021,5,0.3445901462270458,0.8872687432797918,0.8185898319499689
00-0036630,2021,WR,131,4,22.0,0.0,0.0,1.0,2021,5,0.3419420353339334,0.8840900442876446,0.8132266224322724
00-0036929,2021,QB,133,4,23.0,0.0,0.0,1.0,2021,5,0.34702148348457645,0.8043413187710975,0.6721802193154592
00-0036918,2021,WR,141,4,24.0,0.0,0.0,1.0,2021,5,0.24722429006442104,0.8862699430468122,0.5976660227444196
00-0036887,2021,TE,145,5,23.0,0.0,0.0,1.0,2021,5,0.16500200437919826,0.8918675245151395,0.32620087158141486
00-0036556,2021,TE,147,5,21.0,0.0,0.0,1.0,2021,5,0.22499608603368204,0.8706901652806391,0.44408905561068046
00-0036919,2021,RB,150,5,22.0,1.0,2.0,1.0,2021,5,0.34747761966754515,0.821768020389629,0.630100033942252
00-0036635,2021,WR,157,5,22.0,0.0,0.0,1.0,2021,5,0.25357784735283917,0.8238716942281303,0.5712770597547081
00-0036637,2021,TE,162,5,22.0,0.0,0.0,1.0,2021,5,0.17285271231232294,0.8545474807439738,0.3480579460042098
00-0036640,2021,TE,168,5,23.0,0.0,0.0,1.0,2021,5,0.14008719547616127,0.8548752911406248,0.28725210955534386
00-0036646,2021,WR,179,5,23.0,0.0,0.0,1.0,2021,5,0.20083635604215766,0.7959171497533762,0.462655190845536
00-0036647,2021,WR,181,5,23.0,0.0,0.0,0.0,2021,5,0.1994781714630481,0.7922093230738831,0.4602800594073591
00-0036951,2021,WR,187,6,23.0,0.0,0.0,1.0,2021,5,0.15430956199270895,0.7599244911920602,0.34010887306950843
00-0036567,2021,RB,194,6,23.0,1.0,1.0,1.0,2021,5,0.20175120220375073,0.7243735764494892,0.34595464611448506
00-0036569,2021,RB,196,6,22.0,0.0,0.0,1.0,2021,5,0.23427751915377684,0.702536769064498,0.39989627486973733
00-0036650,2021,RB,198,6,22.0,0.0,0.0,1.0,2021,5,0.23246149029204374,0.6981599441013887,0.39742301491926657
00-0036857,2021,RB,202,6,23.0,0.0,0.0,1.0,2021,5,0.19532277535263823,0.707494622027825,0.33746191009935134
00-0036571,2021,WR,203,6,23.0,0.0,0.0,1.0,2021,5,0.1463055759508804,0.72804573367852,0.3269675338345551
00-0036572,2021,WR,204,6,22.0,0.0,0.0,1.0,2021,5,0.1727442899029958,0.7086668965803617,0.38374081129062465
00-0036652,2021,WR,205,6,22.0,0.0,0.0,1.0,2021,5,0.17221139393373122,0.7066023762634065,0.38285141043004767
00-0036858,2021,WR,209,6,23.0,0.0,0.0,1.0,2021,5,0.14354957321285264,0.7161183560029615,0.32242465216622085
00-0036654,2021,RB,211,6,23.0,0.0,0.0,1.0,2021,5,0.1885635674181055,0.688624929095539,0.3285254147667247
00-0036906,2021,RB,217,6,23.0,1.0,2.0,1.0,2021,5,0.18431148719829224,0.6761418328233119,0.32289804295787405
00-0036879,2021,QB,218,6,22.0,0.0,0.0,1.0,2021,5,0.19091977741152993,0.5547355917687262,0.35202370715112263
00-0036657,2021,WR,219,6,21.0,0.0,0.0,1.0,2021,5,0.1947951345905316,0.6588882553097506,0.43705015843587597
00-0036907,2021,WR,221,6,22.0,0.0,0.0,1.0,2021,5,0.16418466398923842,0.6738336167171984,0.3694277898406921
00-0036482,2021,WR,229,7,24.0,0.0,0.0,1.0,2021,5,0.08754761789350397,0.6693172376799394,0.19591063608460255
00-0036860,2021,RB,233,7,23.0,0.0,0.0,1.0,2021,5,0.1364293944308275,0.6154955833764307,0.2272223395640454
00-0036536,2021,WR,242,7,23.0,0.0,0.0,0.0,2021,5,0.10112513510775063,0.6240176800898154,0.22612626517833068
00-0036578,2021,RB,244,7,23.0,0.0,0.0,0.0,2021,5,0.1310860145329587,0.5928373832776123,0.22066872423339642
00-0036862,2021,WR,249,7,24.0,0.0,0.0,1.0,2021,5,0.08257351011712133,0.6304690311583513,0.18793325116544962
00-0036939,2021,WR,255,7,23.0,0.0,0.0,1.0,2021,5,0.09755097931465513,0.5986529599406135,0.2203621338229762
00-0036669,2021,RB,256,7,23.0,0.0,0.0,1.0,2021,5,0.12571471549887217,0.5688305673262558,0.21404591638290207
00-0036670,2021,RB,257,7,21.0,0.0,0.0,1.0,2021,5,0.17644273481696243,0.5243569933689933,0.29578592756685446
00-0036671,2021,WR,258,7,22.0,0.0,0.0,1.0,2021,5,0.11584893498790452,0.5720460448719038,0.26061467783104575
00-0037238,2022,WR,8,1,21.0,1.0,1.0,1.0,2022,1,0.7156367160043104,0.9933412877432617,0.7156367160043104
00-0037740,2022,WR,10,1,22.0,1.0,1.0,1.0,2022,1,0.6622972134976758,0.9922271916777323,0.6622972134976758
00-0037239,2022,WR,11,1,22.0,1.0,1.0,1.0,2022,1,0.6516521843171433,0.9914537537006992,0.6516521843171433
00-0037240,2022,WR,12,1,21.0,0.0,0.0,1.0,2022,1,0.6730382069440698,0.9900312188450506,0.6730382069440698
00-0037741,2022,WR,16,1,22.0,1.0,1.0,1.0,2022,1,0.6084018990429523,0.9876013115995967,0.6084018990429523
00-0037742,2022,WR,18,1,22.0,0.0,0.0,1.0,2022,1,0.5944090632159389,0.9860674542664846,0.5944090632159389
00-0038102,2022,QB,20,1,24.0,1.0,1.0,1.0,2022,1,0.5427193102667242,0.925583343230652,0.5427193102667242
00-0038124,2022,WR,34,2,23.0,1.0,1.0,1.0,2022,1,0.36477796673505397,0.9672353274674714,0.36477796673505397
00-0038120,2022,RB,36,2,21.0,1.0,1.0,1.0,2022,1,0.5598524508487768,0.9424903032475591,0.5598524508487768
00-0038134,2022,RB,41,2,21.0,1.0,1.0,1.0,2022,1,0.5449697725220694,0.9377904633597544,0.5449697725220694
00-0038117,2022,WR,43,2,21.0,0.0,0.0,1.0,2022,1,0.4028678275087209,0.9531695599123937,0.4028678275087209
00-0037614,2022,WR,44,2,22.0,0.0,0.0,0.0,2022,1,0.3673274916867777,0.9551386263390869,0.3673274916867777
00-0038104,2022,WR,50,2,21.0,0.0,0.0,1.0,2022,1,0.38502282701352786,0.9459312701779401,0.38502282701352786
00-0037247,2022,WR,52,2,21.0,1.0,1.0,1.0,2022,1,0.38043045924943575,0.9438826752332244,0.38043045924943575
00-0037664,2022,WR,53,2,22.0,1.0,1.0,1.0,2022,1,0.34616549845903805,0.9464210972171422,0.34616549845903805
00-0038090,2022,WR,54,2,21.0,0.0,0.0,1.0,2022,1,0.3760315292286884,0.9418426630306681,0.3760315292286884
00-0037744,2022,TE,55,2,22.0,0.0,0.0,1.0,2022,1,0.2029789153719992,0.9557816174929186,0.2029789153719992
00-0037248,2022,RB,63,2,22.0,1.0,1.0,1.0,2022,1,0.4607715321700724,0.9245007306973536,0.4607715321700724
00-0037745,2022,WR,71,3,25.0,0.0,0.0,1.0,2022,1,0.15708276240461064,0.9225918987417407,0.15708276240461064
00-0037755,2022,TE,73,3,23.0,0.0,0.0,1.0,2022,1,0.1057580594169991,0.9274243191953817,0.1057580594169991
00-0038122,2022,QB,74,3,23.0,0.0,0.0,1.0,2022,1,0.20063022399139094,0.722199710964903,0.20063022399139094
00-0037252,2022,TE,80,3,22.0,0.0,0.0,1.0,2022,1,0.11475590136914755,0.9157610447940957,0.11475590136914755
00-0038128,2022,QB,86,3,23.0,0.0,0.0,1.0,2022,1,0.18757867209759913,0.7012639767511744,0.18757867209759913
00-0037666,2022,WR,88,3,23.0,0.0,0.0,1.0,2022,1,0.18109638158458524,0.8934538613442079,0.18109638158458524
00-0037256,2022,RB,91,3,23.0,1.0,1.0,1.0,2022,1,0.27905871262382326,0.8841846540301695,0.27905871262382326
00-0037827,2022,RB,93,3,21.0,0.0,0.0,1.0,2022,1,0.3358934872784484,0.86790071682761,0.3358934872784484
00-0038132,2022,QB,94,3,23.0,0.0,0.0,0.0,2022,1,0.1801666896496748,0.6884555794867013,0.1801666896496748
00-0037746,2022,RB,98,3,23.0,1.0,1.0,1.0,2022,1,0.2722102729548966,0.8792192626135188,0.2722102729548966
00-0037257,2022,WR,99,3,21.0,0.0,0.0,1.0,2022,1,0.21589270835842975,0.8667065279700397,0.21589270835842975
00-0037805,2022,TE,101,3,22.0,0.0,0.0,1.0,2022,1,0.10314840599792337,0.8954671542262593,0.10314840599792337
00-0037828,2022,WR,105,3,23.0,0.0,0.0,1.0,2022,1,0.1684745502366197,0.8753682258783553,0.1684745502366197
00-0038129,2022,TE,106,4,23.0,0.0,0.0,1.0,2022,1,0.056827992754161796,0.8655580782215355,0.056827992754161796
00-0037258,2022,RB,107,4,22.0,1.0,1.0,1.0,2022,1,0.20290310481751103,0.8258100003242285,0.20290310481751103
00-0038115,2022,TE,112,4,21.0,0.0,0.0,1.0,2022,1,0.07176177452961877,0.841547195703056,0.07176177452961877
00-0038040,2022,RB,122,4,22.0,0.0,0.0,1.0,2022,1,0.1932589533732007,0.8133509271272769,0.1932589533732007
00-0038045,2022,RB,123,4,21.0,0.0,0.0,1.0,2022,1,0.2151806997803656,0.8019614297279212,0.2151806997803656
00-0038092,2022,WR,125,4,22.0,0.0,0.0,1.0,2022,1,0.1163935316722079,0.8024901991051316,0.1163935316722079
00-0038098,2022,RB,127,4,23.0,0.0,0.0,1.0,2022,1,0.1698997472403454,0.8196852521952965,0.1698997472403454
00-0038046,2022,TE,128,4,23.0,0.0,0.0,1.0,2022,1,0.05185587176245358,0.8415059777677196,0.05185587176245358
00-0038041,2022,TE,129,4,23.0,0.0,0.0,1.0,2022,1,0.0516597924049718,0.8404421846855602,0.0516597924049718
00-0037617,2022,RB,131,4,22.0,0.0,0.0,1.0,2022,1,0.1881743641817753,0.8063092543818966,0.1881743641817753
00-0037816,2022,WR,132,4,22.0,1.0,1.0,1.0,2022,1,0.11364470810305762,0.7936804016241173,0.11364470810305762
00-0038108,2022,QB,137,4,23.0,0.0,0.0,1.0,2022,1,0.09909398529007186,0.5579267059617157,0.09909398529007186
00-0037837,2022,WR,138,4,23.0,0.0,0.0,0.0,2022,1,0.09842508537315353,0.7974993280370903,0.09842508537315353
00-0037838,2022,TE,139,4,22.0,0.0,0.0,1.0,2022,1,0.05680823410720583,0.82011376142102,0.05680823410720583
00-0037809,2022,TE,143,4,22.0,0.0,0.0,1.0,2022,1,0.056032849370343994,0.8157958809923735,0.056032849370343994
00-0037077,2022,QB,144,5,21.0,0.0,0.0,1.0,2022,1,0.08014527607512167,0.4398978553346939,0.08014527607512167
00-0037261,2022,WR,148,5,22.0,0.0,0.0,1.0,2022,1,0.06954732848966634,0.7166987340015828,0.06954732848966634
00-0037078,2022,TE,149,5,22.0,0.0,0.0,1.0,2022,1,0.03461728750204858,0.7580109213971152,0.03461728750204858
00-0037263,2022,RB,151,5,22.0,1.0,1.0,1.0,2022,1,0.1180946043232269,0.7370359578616874,0.1180946043232269
00-0037265,2022,RB,154,5,22.0,0.0,0.0,1.0,2022,1,0.11714954455506994,0.7345790250777411,0.11714954455506994
00-0037267,2022,RB,156,5,22.0,0.0,0.0,1.0,2022,1,0.11653324574993691,0.7329595788692318,0.11653324574993691
00-0037272,2022,WR,162,5,23.0,0.0,0.0,1.0,2022,1,0.0585667816380808,0.712085942645461,0.0585667816380808
00-0037273,2022,WR,163,5,23.0,0.0,0.0,1.0,2022,1,0.05839883816231439,0.7108182520133114,0.05839883816231439
00-0037840,2022,RB,164,5,22.0,0.0,0.0,1.0,2022,1,0.11417115924521028,0.7266239702375831,0.11417115924521028
00-0037276,2022,RB,169,5,24.0,0.0,0.0,1.0,2022,1,0.08784183267691524,0.7492177434945059,0.08784183267691524
00-0037277,2022,TE,170,5,22.0,0.0,0.0,1.0,2022,1,0.03242505325396474,0.732439357564086,0.03242505325396474
00-0037282,2022,TE,177,5,23.0,0.0,0.0,1.0,2022,1,0.027777675091274236,0.7376672095662861,0.027777675091274236
00-0037286,2022,RB,183,6,21.0,0.0,0.0,1.0,2022,1,0.07989999817950011,0.6305885596858727,0.07989999817950011
00-0037291,2022,WR,191,6,23.0,0.0,0.0,1.0,2022,1,0.03416562507057994,0.6073021422996813,0.03416562507057994
00-0037292,2022,TE,192,6,24.0,0.0,0.0,0.0,2022,1,0.014502789594134938,0.6713988573606796,0.014502789594134938
00-0037085,2022,RB,196,6,22.0,0.0,0.0,1.0,2022,1,0.06822711859550151,0.6361611072022113,0.06822711859550151
00-0037086,2022,TE,198,6,23.0,0.0,0.0,1.0,2022,1,0.01636954061739322,0.6490752250623936,0.01636954061739322
00-0037299,2022,RB,201,6,22.0,0.0,0.0,1.0,2022,1,0.0674896114638263,0.6324070332727385,0.0674896114638263
00-0037300,2022,WR,202,6,22.0,0.0,0.0,1.0,2022,1,0.038024802724036445,0.5773022342065579,0.038024802724036445
00-0037087,2022,RB,203,6,23.0,0.0,0.0,1.0,2022,1,0.05900785072103254,0.6466360476366714,0.05900785072103254
00-0037304,2022,TE,208,6,23.0,0.0,0.0,0.0,2022,1,0.015967199203048156,0.6375196864801809,0.015967199203048156
00-0037306,2022,TE,213,6,22.0,0.0,0.0,0.0,2022,1,0.018082855368792162,0.615915203571663,0.018082855368792162
00-0037311,2022,TE,218,6,24.0,0.0,0.0,1.0,2022,1,0.013599838031836502,0.6421499193730594,0.013599838031836502
00-0037317,2022,TE,227,7,23.0,0.0,0.0,0.0,2022,1,0.009481222705473748,0.5426374669629536,0.009481222705473748
00-0037091,2022,WR,229,7,23.0,0.0,0.0,0.0,2022,1,0.019557955266372273,0.48740408220713244,0.019557955266372273
00-0037093,2022,WR,233,7,23.0,0.0,0.0,1.0,2022,1,0.01939405735814382,0.48306378550036316,0.01939405735814382
00-0037324,2022,QB,241,7,25.0,0.0,0.0,0.0,2022,1,0.014100973769798906,0.28340884813822825,0.014100973769798906
00-0037327,2022,QB,247,7,25.0,0.0,0.0,1.0,2022,1,0.013912365886650523,0.2800289600576568,0.013912365886650523
00-0037329,2022,RB,250,7,24.0,0.0,0.0,1.0,2022,1,0.029674310065630264,0.5583025600295297,0.029674310065630264
00-0037197,2022,RB,251,7,23.0,1.0,1.0,1.0,2022,1,0.0338813153000451,0.5408145024106897,0.0338813153000451
00-0037098,2022,WR,258,7,24.0,0.0,0.0,1.0,2022,1,0.016103339997451706,0.47453307073715867,0.016103339997451706
00-0037331,2022,RB,260,7,23.0,0.0,0.0,1.0,2022,1,0.03335160091620419,0.5351889990969048,0.03335160091620419
00-0037834,2022,QB,262,7,22.0,1.0,1.0,1.0,2022,1,0.02028491154292557,0.2335040953033391,0.02028491154292557
00-0037238,2022,WR,8,1,21.0,1.0,2.0,1.0,2022,2,0.8498571596430231,0.9995724499367595,1.410260659497387
00-0037740,2022,WR,10,1,22.0,1.0,2.0,1.0,2022,2,0.8140861687325053,0.9993829481358629,1.3188107928960757
00-0037239,2022,WR,11,1,22.0,1.0,2.0,1.0,2022,2,0.8055560691721056,0.9992561607157352,1.3028267659831583
00-0037240,2022,WR,12,1,21.0,0.0,0.0,1.0,2022,2,0.8172500350086729,0.9990532119444594,1.345739000371231
00-0037741,2022,WR,16,1,22.0,1.0,2.0,1.0,2022,2,0.7691678425192129,0.9984497568483343,1.23840658223064
00-0037742,2022,WR,18,1,22.0,0.0,0.0,1.0,2022,2,0.7567904967639042,0.9980475218048979,1.2176946718239772
00-0038102,2022,QB,20,1,24.0,1.0,2.0,1.0,2022,2,0.7606388052176692,0.9933737002703593,1.2160075018698286
00-0038124,2022,WR,34,2,23.0,1.0,2.0,1.0,2022,2,0.5586913566802688,0.9927831874955865,0.8066937481203067
00-0038120,2022,RB,36,2,21.0,1.0,2.0,1.0,2022,2,0.8083579601906663,0.9917159475911678,1.222530888907108
00-0038134,2022,RB,41,2,21.0,1.0,2.0,1.0,2022,2,0.7866195174198991,0.9892219196429684,1.1851240392836222
00-0038117,2022,WR,43,2,21.0,1.0,1.0,1.0,2022,2,0.5874371198872285,0.9868988737804965,0.8894258119037348
00-0037614,2022,WR,44,2,22.0,0.0,0.0,1.0,2022,2,0.5530523520448335,0.9872261717926796,0.8228505667072031
00-0038104,2022,WR,50,2,21.0,0.0,0.0,1.0,2022,2,0.5660425609040403,0.9824665278124499,0.8622763592271886
00-0037247,2022,WR,52,2,21.0,1.0,2.0,1.0,2022,2,0.5604350472669152,0.9810905580423668,0.8552571758004434
00-0037664,2022,WR,53,2,22.0,1.0,1.0,1.0,2022,2,0.5261883029824861,0.9816996938148718,0.79016015046503
00-0038090,2022,WR,54,2,21.0,0.0,0.0,1.0,2022,2,0.5550245667929393,0.9796667858570255,0.8485201616604867
00-0037744,2022,TE,55,2,22.0,1.0,1.0,1.0,2022,2,0.4450525766646587,0.9871356571844765,0.6159693107208102
00-0037248,2022,RB,63,2,22.0,1.0,2.0,1.0,2022,2,0.6754024187485766,0.9761664527273772,0.9933092281036389
00-0037745,2022,WR,71,3,25.0,0.0,0.0,1.0,2022,2,0.2996893412216564,0.9702690386852615,0.40126477038771746
00-0037755,2022,TE,73,3,23.0,0.0,0.0,1.0,2022,2,0.25809847648245055,0.9750313516844884,0.33549907026135173
00-0038122,2022,QB,74,3,23.0,1.0,1.0,1.0,2022,2,0.34427101834772766,0.9065882809108787,0.48506353603077246
00-0037252,2022,TE,80,3,22.0,0.0,0.0,1.0,2022,2,0.2635348097172832,0.967598099445171,0.3507541012454544
00-0038128,2022,QB,86,3,23.0,0.0,0.0,1.0,2022,2,0.3157835060261028,0.8805343923976865,0.4529070019121238
00-0037666,2022,WR,88,3,23.0,0.0,0.0,1.0,2022,2,0.3274987707104329,0.9489598197226401,0.46179162063244183
00-0037256,2022,RB,91,3,23.0,1.0,2.0,1.0,2022,2,0.4556568876715477,0.9476722231098407,0.6038081986936146
00-0037827,2022,RB,93,3,21.0,0.0,0.0,1.0,2022,2,0.5134113130574416,0.9376487996487743,0.71085012841099
00-0038132,2022,QB,94,3,23.0,0.0,0.0,0.0,2022,2,0.29953586563211004,0.8623129609183032,0.4345800231854286
00-0037746,2022,RB,98,3,23.0,1.0,2.0,1.0,2022,2,0.4366915855258445,0.9396347596344753,0.5845872815390741
00-0037257,2022,WR,99,3,21.0,0.0,0.0,1.0,2022,2,0.36959402233884797,0.9275862087487603,0.5417589866546111
00-0037805,2022,TE,101,3,22.0,0.0,0.0,1.0,2022,2,0.21768549020994563,0.9475396983921238,0.3003984935335775
00-0037828,2022,WR,105,3,23.0,0.0,0.0,1.0,2022,2,0.3053026592180391,0.9293152060761344,0.4397470427175705
00-0038129,2022,TE,106,4,23.0,1.0,1.0,1.0,2022,2,0.134584028838026,0.9384740961042927,0.1725413086014741
00-0037258,2022,RB,107,4,22.0,1.0,1.0,1.0,2022,2,0.34949352929881117,0.9136714796622468,0.4348667195198196
00-0038115,2022,TE,112,4,21.0,0.0,0.0,1.0,2022,2,0.1589020662745194,0.9216195754755002,0.20914684885122148
00-0038040,2022,RB,122,4,22.0,0.0,0.0,1.0,2022,2,0.31926448724117346,0.8900531056496513,0.4076173819242018
00-0038045,2022,RB,123,4,21.0,0.0,0.0,1.0,2022,2,0.3455627370771927,0.8812027046019472,0.44914541612700565
00-0038092,2022,WR,125,4,22.0,0.0,0.0,1.0,2022,2,0.2316235535813695,0.8836924286555052,0.31851466687118846
00-0038098,2022,RB,127,4,23.0,0.0,0.0,1.0,2022,2,0.2837845771974942,0.8889401613120508,0.35999840709314745
00-0038046,2022,TE,128,4,23.0,0.0,0.0,1.0,2022,2,0.11259260141498358,0.9103570624379654,0.1499785412316516
00-0038041,2022,TE,129,4,23.0,1.0,1.0,1.0,2022,2,0.11175627454165707,0.908977719470446,0.1491133304288277
00-0037617,2022,RB,131,4,22.0,0.0,0.0,1.0,2022,2,0.3034595037871582,0.8749955644683473,0.3933841324041443
00-0037816,2022,WR,132,4,22.0,1.0,2.0,1.0,2022,2,0.22603536831523424,0.8722460014458473,0.3133991763565824
00-0038108,2022,QB,137,4,23.0,0.0,0.0,1.0,2022,2,0.17146698437847346,0.7328994968129033,0.24409531314356694
00-0037837,2022,WR,138,4,23.0,0.0,0.0,1.0,2022,2,0.2004189685269715,0.8703985653292045,0.2772315370261497
00-0037838,2022,TE,139,4,22.0,0.0,0.0,1.0,2022,2,0.11645016642655848,0.8878965528911841,0.15894864634857697
00-0037809,2022,TE,143,4,22.0,1.0,1.0,1.0,2022,2,0.11333705248565225,0.8816592080603268,0.15566844553595371
00-0037077,2022,QB,144,5,21.0,1.0,1.0,1.0,2022,2,0.1459581853144798,0.6550105067383791,0.19751019050568314
00-0037261,2022,WR,148,5,22.0,1.0,1.0,1.0,2022,2,0.15446557545193568,0.8264915815776436,0.20216977203115527
00-0037078,2022,TE,149,5,22.0,0.0,0.0,1.0,2022,2,0.0755699166946668,0.8561964900656149,0.09763802324134079
00-0037263,2022,RB,151,5,22.0,1.0,2.0,1.0,2022,2,0.20089441138737638,0.8205480794574808,0.2455346411435655
00-0037265,2022,RB,154,5,22.0,0.0,0.0,1.0,2022,2,0.1976431196833952,0.8145534684063086,0.24288866177993834
00-0037267,2022,RB,156,5,22.0,1.0,1.0,1.0,2022,2,0.1955322178360984,0.8105382915313627,0.24116701314720534
00-0037272,2022,WR,162,5,23.0,0.0,0.0,1.0,2022,2,0.13244212181806148,0.8106695704525166,0.17484277754695576
00-0037273,2022,WR,163,5,23.0,0.0,0.0,1.0,2022,2,0.13203170538393214,0.8088094605345327,0.17449984000697255
00-0037840,2022,RB,164,5,22.0,1.0,1.0,1.0,2022,2,0.18751233154036578,0.7943485674637617,0.23459716671356712
00-0037276,2022,RB,169,5,24.0,0.0,0.0,1.0,2022,2,0.1478733234259362,0.8071282450047371,0.18313460044614882
00-0037277,2022,TE,170,5,22.0,0.0,0.0,1.0,2022,2,0.06621128272202109,0.8175214730271981,0.0882702077252441
00-0037282,2022,TE,177,5,23.0,0.0,0.0,1.0,2022,2,0.05641507812137426,0.8150770010436041,0.07560409979373545
00-0037286,2022,RB,183,6,21.0,0.0,0.0,1.0,2022,2,0.13523317820670733,0.7152703256617147,0.16202230518446223
00-0037291,2022,WR,191,6,23.0,0.0,0.0,1.0,2022,2,0.08487242065328511,0.7302205672791694,0.10784447715936309
00-0037292,2022,TE,192,6,24.0,0.0,0.0,1.0,2022,2,0.031237353220743252,0.7761010629450527,0.03976625541450675
00-0037085,2022,RB,196,6,22.0,0.0,0.0,1.0,2022,2,0.11369394899923388,0.7009127892049788,0.13818196466373184
00-0037086,2022,TE,198,6,23.0,0.0,0.0,1.0,2022,2,0.03420425077297549,0.7513781700100891,0.04407240665413194
00-0037299,2022,RB,201,6,22.0,0.0,0.0,1.0,2022,2,0.11109111810030639,0.6900138943548978,0.13616036129554882
00-0037300,2022,WR,202,6,22.0,0.0,0.0,1.0,2022,2,0.09250292914101739,0.6932046122728146,0.1196169350853671
00-0037087,2022,RB,203,6,23.0,0.0,0.0,1.0,2022,2,0.09824244181397405,0.7007125173765424,0.11998729157553964
00-0037304,2022,TE,208,6,23.0,0.0,0.0,0.0,2022,2,0.03249072690347291,0.7309991130800995,0.042418667761734016
00-0037306,2022,TE,213,6,22.0,0.0,0.0,1.0,2022,2,0.03583300522967915,0.7063500905860592,0.047264375468390574
00-0037311,2022,TE,218,6,24.0,0.0,0.0,1.0,2022,2,0.027346243524155992,0.7249495226104967,0.03603080813673575
00-0037317,2022,TE,227,7,23.0,0.0,0.0,1.0,2022,2,0.020020722812962275,0.6627605362902055,0.02502120337812295
00-0037091,2022,WR,229,7,23.0,0.0,0.0,1.0,2022,2,0.05284800499866015,0.6234485193054272,0.06527869400316379
00-0037093,2022,WR,233,7,23.0,0.0,0.0,1.0,2022,2,0.05234649845595535,0.6154397329332945,0.06490285304413448
00-0037324,2022,QB,241,7,25.0,0.0,0.0,0.0,2022,2,0.028700051546898288,0.4280231093758509,0.037003903397924566
00-0037327,2022,QB,247,7,25.0,0.0,0.0,1.0,2022,2,0.02811788141703819,0.4170369482573016,0.036465302506663445
00-0037329,2022,RB,250,7,24.0,0.0,0.0,1.0,2022,2,0.049158760383146136,0.5891455952070792,0.05964768349184382
00-0037197,2022,RB,251,7,23.0,1.0,2.0,1.0,2022,2,0.055230847178847374,0.5699241811629663,0.06741325005350056
00-0037098,2022,WR,258,7,24.0,0.0,0.0,1.0,2022,2,0.04384128100991801,0.584434356957841,0.0553056721025425
00-0037331,2022,RB,260,7,23.0,0.0,0.0,1.0,2022,2,0.05335741880976908,0.5522013721404601,0.06598811384936719
00-0037834,2022,QB,262,7,22.0,1.0,2.0,1.0,2022,2,0.03870277030376372,0.3418389218250487,0.051512204235259894
00-0037238,2022,WR,8,1,21.0,1.0,3.0,1.0,2022,3,0.9138262772343917,0.9995822741971153,2.1846152695676397
00-0037740,2022,WR,10,1,22.0,1.0,3.0,1.0,2022,3,0.8863160856420911,0.9993938540717895,2.0593649554678444
00-0037239,2022,WR,11,1,22.0,1.0,2.0,1.0,2022,3,0.8784862445111782,0.999266669950293,2.033753650178072
00-0037240,2022,WR,12,1,21.0,1.0,1.0,1.0,2022,3,0.88495112668487,0.9990606792377587,2.0813143644289043
00-0037741,2022,WR,16,1,22.0,1.0,2.0,1.0,2022,3,0.8430953769194476,0.9984498695725793,1.9295408114643622
00-0037742,2022,WR,18,1,22.0,0.0,0.0,1.0,2022,3,0.8303579299232764,0.998038967145634,1.8957166398211913
00-0038102,2022,QB,20,1,24.0,1.0,2.0,1.0,2022,3,0.8160107610944505,0.9939951333049757,1.745321953865299
00-0038124,2022,WR,34,2,23.0,1.0,2.0,1.0,2022,3,0.6476715786519402,0.9929079497142598,1.2883269915700106
00-0038120,2022,RB,36,2,21.0,1.0,3.0,1.0,2022,3,0.8343009018370606,0.9909897374858084,1.7757786928957033
00-0038134,2022,RB,41,2,21.0,1.0,3.0,1.0,2022,3,0.8144107190041049,0.988275675224242,1.7260965185066017
00-0038117,2022,WR,43,2,21.0,1.0,2.0,1.0,2022,3,0.664778539488414,0.9869329287126904,1.3774762951187474
00-0037614,2022,WR,44,2,22.0,0.0,0.0,1.0,2022,3,0.6307759290664264,0.987286463358441,1.2898442084291322
00-0038104,2022,WR,50,2,21.0,0.0,0.0,1.0,2022,3,0.6376598248037803,0.9824136484936868,1.3311296233715741
00-0037247,2022,WR,52,2,21.0,1.0,3.0,1.0,2022,3,0.6304531750335066,0.9810059975464385,1.3191292633352454
00-0037664,2022,WR,53,2,22.0,1.0,2.0,1.0,2022,3,0.5958413890536336,0.9816593325855499,1.2335520173331473
00-0038090,2022,WR,54,2,21.0,0.0,0.0,1.0,2022,3,0.6234631509527567,0.9795474231076472,1.3076050138893158
00-0037744,2022,TE,55,2,22.0,1.0,2.0,1.0,2022,3,0.5931847543773755,0.9871973923876517,1.0468260700203749
00-0037248,2022,RB,63,2,22.0,1.0,3.0,1.0,2022,3,0.7096915501437269,0.9741516275200122,1.4759470577439955
00-0037745,2022,WR,71,3,25.0,0.0,0.0,1.0,2022,3,0.3587277441302518,0.9713664496266481,0.6656403430968745
00-0037755,2022,TE,73,3,23.0,0.0,0.0,1.0,2022,3,0.38543208379185445,0.9760208961273882,0.603194086047445
00-0038122,2022,QB,74,3,23.0,1.0,1.0,1.0,2022,3,0.42903810403077025,0.9218139339829303,0.7135455479210722
00-0037252,2022,TE,80,3,22.0,0.0,0.0,1.0,2022,3,0.3882519831408022,0.9686893094338067,0.6209921538378994
00-0038128,2022,QB,86,3,23.0,0.0,0.0,1.0,2022,3,0.3951939461590329,0.8996665013937261,0.6701071463070896
00-0037666,2022,WR,88,3,23.0,1.0,1.0,1.0,2022,3,0.3801139600381988,0.9501371140743383,0.7345397616431532
00-0037256,2022,RB,91,3,23.0,1.0,3.0,1.0,2022,3,0.5073596536208009,0.9457451526803533,0.9352145792117001
00-0037827,2022,RB,93,3,21.0,0.0,0.0,1.0,2022,3,0.5666696814066305,0.9350077212525496,1.0739664963169133
00-0038132,2022,QB,94,3,23.0,0.0,0.0,0.0,2022,3,0.37560441563796015,0.8840662953265583,0.6452816039972764
00-0037746,2022,RB,98,3,23.0,1.0,3.0,1.0,2022,3,0.4877759216053032,0.9374197458942293,0.9096921222036561
00-0037257,2022,WR,99,3,21.0,0.0,0.0,1.0,2022,3,0.420548678020181,0.9285259281891018,0.8326306623651609
00-0037805,2022,TE,101,3,22.0,0.0,0.0,1.0,2022,3,0.3191575270820241,0.9488965742329005,0.5364304374835211
00-0037828,2022,WR,105,3,23.0,0.0,0.0,1.0,2022,3,0.34775139386553683,0.9304819079063784,0.6948140784498202
00-0038129,2022,TE,106,4,23.0,1.0,2.0,1.0,2022,3,0.2148154537078395,0.9425036364029719,0.3240405677859772
00-0037258,2022,RB,107,4,22.0,1.0,1.0,1.0,2022,3,0.41201014196577396,0.9137750843692622,0.6827153180372943
00-0038115,2022,TE,112,4,21.0,0.0,0.0,1.0,2022,3,0.2486382260414286,0.9261295289391813,0.3777133755221402
00-0038040,2022,RB,122,4,22.0,0.0,0.0,1.0,2022,3,0.37886750206983766,0.8901477421315324,0.6460379637493698
00-0038045,2022,RB,123,4,21.0,0.0,0.0,1.0,2022,3,0.4080388505107064,0.8809849721758439,0.701096835675112
00-0038092,2022,WR,125,4,22.0,0.0,0.0,1.0,2022,3,0.272716736917384,0.8888571068201577,0.5002799924248091
00-0038098,2022,RB,127,4,23.0,0.0,0.0,1.0,2022,3,0.3390051315768424,0.8893231673351538,0.5819343574897684
00-0038046,2022,TE,128,4,23.0,0.0,0.0,1.0,2022,3,0.17635011985360652,0.915580084054797,0.28346400094193747
00-0038041,2022,TE,129,4,23.0,1.0,1.0,1.0,2022,3,0.17488565901566389,0.9142532623645929,0.2818950327275618
00-0037617,2022,RB,131,4,22.0,0.0,0.0,1.0,2022,3,0.36132790588039726,0.875080777348569,0.626763813699641
00-0037816,2022,WR,132,4,22.0,1.0,3.0,1.0,2022,3,0.2642425317348614,0.8776276207848432,0.49099351216679477
00-0038108,2022,QB,137,4,23.0,0.0,0.0,1.0,2022,3,0.2308844244669557,0.7777924491165049,0.37324199718828827
00-0037837,2022,WR,138,4,23.0,1.0,1.0,1.0,2022,3,0.23323294353268126,0.8759929396417553,0.4407551567967187
00-0037838,2022,TE,139,4,22.0,1.0,1.0,1.0,2022,3,0.17982601425435638,0.8937299817619979,0.294842368920719
00-0037809,2022,TE,143,4,22.0,1.0,2.0,1.0,2022,3,0.17445117253703635,0.8876821870213247,0.2889692118646362
00-0037077,2022,QB,144,5,21.0,1.0,1.0,1.0,2022,3,0.20872552787144222,0.7154492685339996,0.2976203084513902
00-0037261,2022,WR,148,5,22.0,1.0,2.0,1.0,2022,3,0.18855659623048512,0.8387279386921144,0.32033081076431424
00-0037078,2022,TE,149,5,22.0,0.0,0.0,1.0,2022,3,0.12426940687936419,0.8681497058446138,0.18641026918640258
00-0037263,2022,RB,151,5,22.0,1.0,3.0,1.0,2022,3,0.2564327116412261,0.8268458344060998,0.4042620290277966
00-0037265,2022,RB,154,5,22.0,0.0,0.0,1.0,2022,3,0.25248718103700635,0.8210080696034234,0.40056541623486486
00-0037267,2022,RB,156,5,22.0,1.0,2.0,1.0,2022,3,0.24992123201021452,0.8170961668698133,0.39815706096869996
00-0037272,2022,WR,162,5,23.0,0.0,0.0,1.0,2022,3,0.15950660801049513,0.8237267515640072,0.28066077455482613
00-0037273,2022,WR,163,5,23.0,0.0,0.0,1.0,2022,3,0.15885433919321496,0.8219327005819469,0.2800140848279936
00-0037840,2022,RB,164,5,22.0,1.0,2.0,1.0,2022,3,0.24014160100026716,0.801308420394034,0.3889437731104203
00-0037276,2022,RB,169,5,24.0,0.0,0.0,1.0,2022,3,0.19069934429878752,0.8146599209134541,0.31638045412911026
00-0037277,2022,TE,170,5,22.0,0.0,0.0,1.0,2022,3,0.10678681682127728,0.8314455064645024,0.1689983459909364
00-0037282,2022,TE,177,5,23.0,0.0,0.0,1.0,2022,3,0.09051608453660442,0.8293868281972377,0.14803757642867063
00-0037286,2022,RB,183,6,21.0,0.0,0.0,1.0,2022,3,0.1851765266131044,0.731829762800276,0.27235585597761847
00-0037291,2022,WR,191,6,23.0,0.0,0.0,1.0,2022,3,0.10554334555920154,0.7539737751059294,0.17456463439756348
00-0037292,2022,TE,192,6,24.0,0.0,0.0,1.0,2022,3,0.05271138636200502,0.7996838818937578,0.0819128834206875
00-0037085,2022,RB,196,6,22.0,0.0,0.0,1.0,2022,3,0.15641798142964264,0.7185532515160511,0.23834618669361327
00-0037086,2022,TE,198,6,23.0,0.0,0.0,1.0,2022,3,0.05743990184871561,0.776113736563274,0.08878402790535106
00-0037299,2022,RB,201,6,22.0,0.0,0.0,1.0,2022,3,0.15293603857143354,0.7080156441877271,0.235398660012
00-0037300,2022,WR,202,6,22.0,0.0,0.0,1.0,2022,3,0.11399896630497931,0.7179226489226881,0.1893725700683339
00-0037087,2022,RB,203,6,23.0,0.0,0.0,1.0,2022,3,0.1355054299932692,0.7189527323005768,0.2118920555171425
00-0037304,2022,TE,208,6,23.0,0.0,0.0,0.0,2022,3,0.054069236241893796,0.7568054591715857,0.08549968895127369
00-0037306,2022,TE,213,6,22.0,0.0,0.0,1.0,2022,3,0.05941973608822677,0.7329136637316919,0.09319299003779535
00-0037311,2022,TE,218,6,24.0,0.0,0.0,1.0,2022,3,0.04505158486849672,0.7514120617820211,0.07431979637310072
00-0037317,2022,TE,227,7,23.0,0.0,0.0,1.0,2022,3,0.03488123446539223,0.7008248388172588,0.05182167178747708
00-0037091,2022,WR,229,7,23.0,0.0,0.0,1.0,2022,3,0.06751095473294871,0.6602695331406527,0.10633559700798308
00-0037093,2022,WR,233,7,23.0,0.0,0.0,1.0,2022,3,0.06665275478807582,0.6524590645945991,0.10560114525091942
00-0037324,2022,QB,241,7,25.0,0.0,0.0,1.0,2022,3,0.0463212185385731,0.523462302431672,0.06362859160439399
00-0037327,2022,QB,247,7,25.0,0.0,0.0,1.0,2022,3,0.045321397785071334,0.5122792408102234,0.0628017241603907
00-0037329,2022,RB,250,7,24.0,0.0,0.0,1.0,2022,3,0.07249451299710626,0.6211552871523166,0.112715145031581
00-0037197,2022,RB,251,7,23.0,1.0,2.0,1.0,2022,3,0.08148803778572036,0.6016937571203727,0.12468231207469875
00-0037098,2022,WR,258,7,24.0,0.0,0.0,1.0,2022,3,0.05463456647947812,0.6224132408968979,0.09116711202295419
00-0037331,2022,RB,260,7,23.0,0.0,0.0,1.0,2022,3,0.0787435266642189,0.584302657440151,0.12246770352089406
00-0037834,2022,QB,262,7,22.0,1.0,3.0,1.0,2022,3,0.06240380732554138,0.43056651075363256,0.08418236333041837
00-0037238,2022,WR,8,1,21.0,1.0,4.0,1.0,2022,4,0.9097163971713499,0.9996777465045861,2.939856254158682
00-0037740,2022,WR,10,1,22.0,1.0,4.0,1.0,2022,4,0.878463569752801,0.9995333661041811,2.740089978843311
00-0037239,2022,WR,11,1,22.0,1.0,3.0,1.0,2022,4,0.8715963632461767,0.9994314466147302,2.700579989620123
00-0037240,2022,WR,12,1,21.0,1.0,2.0,1.0,2022,4,0.8852345008248426,0.9992532290600638,2.7834385563902084
00-0037741,2022,WR,16,1,22.0,1.0,2.0,1.0,2022,4,0.8413372785449887,0.9987642188748782,2.539008876271423
00-0037742,2022,WR,18,1,22.0,0.0,0.0,1.0,2022,4,0.8306989377689962,0.9984228533124223,2.4864007756332045
00-0038102,2022,QB,20,1,24.0,1.0,2.0,1.0,2022,4,0.8585673387815398,0.9944171605991492,2.180359042610173
00-0038124,2022,WR,34,2,23.0,1.0,3.0,1.0,2022,4,0.6571549299416443,0.9940737609507394,1.6620653011278965
00-0038120,2022,RB,36,2,21.0,1.0,4.0,1.0,2022,4,0.854988941353797,0.9915162887473229,2.2940091718204223
00-0038134,2022,RB,41,2,21.0,1.0,4.0,1.0,2022,4,0.8391005861621438,0.9889148703749558,2.2207130803602686
00-0038117,2022,WR,43,2,21.0,1.0,3.0,1.0,2022,4,0.7039520255187037,0.988463294182957,1.8216272834929812
00-0037614,2022,WR,44,2,22.0,0.0,0.0,1.0,2022,4,0.6605800952198335,0.988962325836913,1.6760270781281323
00-0038104,2022,WR,50,2,21.0,0.0,0.0,1.0,2022,4,0.6828263684581684,0.984293423024266,1.750744337773017
00-0037247,2022,WR,52,2,21.0,1.0,4.0,1.0,2022,4,0.6772021305147649,0.982985182120101,1.7324194144454066
00-0037664,2022,WR,53,2,22.0,1.0,3.0,1.0,2022,4,0.6325640863124564,0.983847674003756,1.5907525448673425
00-0038090,2022,WR,54,2,21.0,0.0,0.0,1.0,2022,4,0.6717413032167765,0.981625469878902,1.7148347438433744
00-0037744,2022,TE,55,2,22.0,1.0,3.0,1.0,2022,4,0.6634426611502847,0.9906260103894147,1.4530798251835444
00-0037248,2022,RB,63,2,22.0,1.0,4.0,1.0,2022,4,0.7428869419736137,0.9756678231783718,1.8396029608640925
00-0037745,2022,WR,71,3,25.0,0.0,0.0,1.0,2022,4,0.36805143915132493,0.9753644240690009,0.8197538820622063
00-0037755,2022,TE,73,3,23.0,0.0,0.0,1.0,2022,4,0.4526961123879562,0.9816204215214231,0.8595785067063899
00-0038122,2022,QB,74,3,23.0,1.0,1.0,1.0,2022,4,0.5300212949836617,0.925278884753425,0.9515983229202782
00-0037252,2022,TE,80,3,22.0,0.0,0.0,1.0,2022,4,0.47076835644434706,0.9751041670785264,0.9061024531623771
00-0038128,2022,QB,86,3,23.0,0.0,0.0,1.0,2022,4,0.49568220941302776,0.9041360151333458,0.8949808914338818
00-0037666,2022,WR,88,3,23.0,1.0,1.0,1.0,2022,4,0.4226908887985493,0.9547250748482418,0.9349848684028101
00-0037256,2022,RB,91,3,23.0,1.0,4.0,1.0,2022,4,0.5481521548194571,0.9487497078848973,1.1504092575341385
00-0037827,2022,RB,93,3,21.0,0.0,0.0,1.0,2022,4,0.6325116152086906,0.9363432798429593,1.373289754751515
00-0038132,2022,QB,94,3,23.0,0.0,0.0,0.0,2022,4,0.4753563586442222,0.8892293526036013,0.8626085189996174
00-0037746,2022,RB,98,3,23.0,1.0,3.0,1.0,2022,4,0.530779498901779,0.9407282969723014,1.1160643212919463
00-0037257,2022,WR,99,3,21.0,0.0,0.0,1.0,2022,4,0.49523892401106406,0.9321133826168887,1.1002837398192526
00-0037805,2022,TE,101,3,22.0,0.0,0.0,1.0,2022,4,0.40052610003435263,0.9574507232040633,0.7860472678259135
00-0037828,2022,WR,105,3,23.0,0.0,0.0,1.0,2022,4,0.3945711335584579,0.9359796065563583,0.8768210143896158
00-0038129,2022,TE,106,4,23.0,1.0,2.0,1.0,2022,4,0.2722151453093147,0.9520968284850758,0.490466011576009
00-0037258,2022,RB,107,4,22.0,1.0,1.0,1.0,2022,4,0.4724945802213743,0.915909368661743,0.8780624580621675
00-0038115,2022,TE,112,4,21.0,0.0,0.0,1.0,2022,4,0.33610393016939694,0.9354609875579399,0.6044582803742364
00-0038040,2022,RB,122,4,22.0,0.0,0.0,1.0,2022,4,0.4417814784710183,0.8924076075090265,0.8269937771975392
00-0038045,2022,RB,123,4,21.0,0.0,0.0,1.0,2022,4,0.4858834567932272,0.8814486805705453,0.9172827292071508
00-0038092,2022,WR,125,4,22.0,0.0,0.0,1.0,2022,4,0.3332467101271789,0.8934794002706526,0.6665234195666834
00-0038098,2022,RB,127,4,23.0,0.0,0.0,1.0,2022,4,0.3876986766568934,0.8932673505881815,0.7276219678611944
00-0038046,2022,TE,128,4,23.0,0.0,0.0,1.0,2022,4,0.22882076783272204,0.9269711340736633,0.43025922223159474
00-0038041,2022,TE,129,4,23.0,1.0,2.0,1.0,2022,4,0.22713893914576358,0.9257085705659472,0.4279215997605354
00-0037617,2022,RB,131,4,22.0,0.0,0.0,1.0,2022,4,0.4252880837252347,0.8773703106878025,0.8002811527262303
00-0037816,2022,WR,132,4,22.0,1.0,4.0,1.0,2022,4,0.3253161818075876,0.882237194608885,0.6522419021015158
00-0038108,2022,QB,137,4,23.0,0.0,0.0,1.0,2022,4,0.3145446820564545,0.7856281638111025,0.5278328320988803
00-0037837,2022,WR,138,4,23.0,1.0,1.0,1.0,2022,4,0.2801133859916113,0.8822596557224568,0.5699178792033317
00-0037838,2022,TE,139,4,22.0,1.0,1.0,1.0,2022,4,0.2439662644243401,0.9048780298366913,0.46098771982045766
00-0037809,2022,TE,143,4,22.0,1.0,3.0,1.0,2022,4,0.23759830647307723,0.8989109863534144,0.4520017615660652
00-0037077,2022,QB,144,5,21.0,1.0,1.0,1.0,2022,4,0.31219258251428145,0.7154593226152918,0.47759366717439533
00-0037261,2022,WR,148,5,22.0,1.0,3.0,1.0,2022,4,0.24222877828875108,0.8422265943060833,0.44547346285732886
00-0037078,2022,TE,149,5,22.0,0.0,0.0,1.0,2022,4,0.17479580923189714,0.8792998577932478,0.3134790280850859
00-0037263,2022,RB,151,5,22.0,1.0,4.0,1.0,2022,4,0.3162988943245515,0.8279342623944718,0.5346281682263101
00-0037265,2022,RB,154,5,22.0,0.0,0.0,1.0,2022,4,0.31229798294014227,0.8220359220598094,0.5293246814225978
00-0037267,2022,RB,156,5,22.0,1.0,2.0,1.0,2022,4,0.3096888420420863,0.8180818664302417,0.5258718545682595
00-0037272,2022,WR,162,5,23.0,0.0,0.0,1.0,2022,4,0.20017155399778186,0.8291835612034478,0.37747596823548546
00-0037273,2022,WR,163,5,23.0,0.0,0.0,1.0,2022,4,0.19952302890441073,0.8273684089416112,0.37646636422642366
00-0037840,2022,RB,164,5,22.0,1.0,3.0,1.0,2022,4,0.29969140977311326,0.802112170133416,0.5126807657541019
00-0037276,2022,RB,169,5,24.0,0.0,0.0,1.0,2022,4,0.22314650970783137,0.8208295871005294,0.3966904490519045
00-0037277,2022,TE,170,5,22.0,0.0,0.0,1.0,2022,4,0.15265697793632665,0.8418834208202981,0.2846934721383042
00-0037282,2022,TE,177,5,23.0,0.0,0.0,1.0,2022,4,0.12470429171145982,0.8414109727562974,0.2410687013323301
00-0037286,2022,RB,183,6,21.0,0.0,0.0,1.0,2022,4,0.2492329825099497,0.7266837878421903,0.38694836608420846
00-0037291,2022,WR,191,6,23.0,1.0,1.0,1.0,2022,4,0.1383094934730381,0.7570752102025213,0.2464429287126645
00-0037292,2022,TE,192,6,24.0,0.0,0.0,1.0,2022,4,0.07113992969417854,0.8124651833484854,0.13884654078212497
00-0037085,2022,RB,196,6,22.0,0.0,0.0,1.0,2022,4,0.20544115664672535,0.7166164093950935,0.32788097565315943
00-0037086,2022,TE,198,6,23.0,0.0,0.0,1.0,2022,4,0.08151518275686168,0.7859263182184328,0.15649532794052534
00-0037299,2022,RB,201,6,22.0,0.0,0.0,1.0,2022,4,0.20158800701367682,0.7058735297108056,0.3234398477910038
00-0037300,2022,WR,202,6,22.0,0.0,0.0,1.0,2022,4,0.15694364786724588,0.7167082766535097,0.27489698824334097
00-0037087,2022,RB,203,6,23.0,0.0,0.0,1.0,2022,4,0.17208820113832024,0.720564577066746,0.28292451532360613
00-0037304,2022,TE,208,6,23.0,0.0,0.0,0.0,2022,4,0.07709872924354942,0.765556773107316,0.15071950002135226
00-0037306,2022,TE,213,6,22.0,0.0,0.0,1.0,2022,4,0.0889563169278299,0.7377893178766646,0.17104929613596748
00-0037311,2022,TE,218,6,24.0,0.0,0.0,1.0,2022,4,0.06149970095141754,0.7620839023206321,0.1259702942470645
00-0037317,2022,TE,227,7,23.0,0.0,0.0,1.0,2022,4,0.050911192222296814,0.7055588630354487,0.09999065598186431
00-0037091,2022,WR,229,7,23.0,0.0,0.0,1.0,2022,4,0.09240349860695643,0.6589883142168486,0.15881330127766755
00-0037093,2022,WR,233,7,23.0,0.0,0.0,1.0,2022,4,0.09145086063931124,0.6508729525763565,0.15750161241559177
00-0037324,2022,QB,241,7,25.0,0.0,0.0,1.0,2022,4,0.06458495100379277,0.5387514868020283,0.1064301344976698
00-0037327,2022,QB,247,7,25.0,0.0,0.0,1.0,2022,4,0.06323888491564861,0.5276623354652774,0.1050883628129734
00-0037329,2022,RB,250,7,24.0,0.0,0.0,1.0,2022,4,0.09210219933142634,0.6237600926288903,0.15273104230731901
00-0037197,2022,RB,251,7,23.0,1.0,2.0,1.0,2022,4,0.10843352187062612,0.5998521785257399,0.17417086022921033
00-0037098,2022,WR,258,7,24.0,0.0,0.0,1.0,2022,4,0.07253578882232053,0.6233791762712575,0.1303115988311924
00-0037331,2022,RB,260,7,23.0,0.0,0.0,1.0,2022,4,0.10526119442351452,0.5821703206088102,0.17074478561363138
00-0037834,2022,QB,262,7,22.0,1.0,4.0,1.0,2022,4,0.10029249490552482,0.4321086750450888,0.15983676718815912
00-0039150,2023,QB,1,1,22.0,1.0,1.0,1.0,2023,1,0.8930211380115844,0.9859533341996228,0.8930211380115844
00-0039163,2023,QB,2,1,21.0,1.0,1.0,1.0,2023,1,0.8656517676928948,0.97722913755217,0.8656517676928948
00-0039164,2023,QB,4,1,21.0,0.0,0.0,1.0,2023,1,0.8137002288861761,0.9653711606019931,0.8137002288861761
00-0038542,2023,RB,8,1,21.0,1.0,1.0,1.0,2023,1,0.812651310436345,0.9824583141180123,0.812651310436345
00-0039139,2023,RB,12,1,21.0,1.0,1.0,1.0,2023,1,0.7810621075217761,0.9779273538019433,0.7810621075217761
00-0038543,2023,WR,20,1,21.0,1.0,1.0,1.0,2023,1,0.613267982908975,0.9824862263341263,0.613267982908975
00-0038544,2023,WR,21,1,22.0,0.0,0.0,1.0,2023,1,0.575775141141102,0.9827443289027438,0.575775141141102
00-0039064,2023,WR,22,1,22.0,1.0,1.0,1.0,2023,1,0.5697706922030152,0.9819936771020152,0.5697706922030152
00-0038994,2023,WR,23,1,21.0,1.0,1.0,1.0,2023,1,0.5956445478938412,0.9800987704032028,0.5956445478938412
00-0038933,2023,TE,25,1,23.0,1.0,1.0,1.0,2023,1,0.34760768290270855,0.9870502054405178,0.34760768290270855
00-0039152,2023,QB,33,2,24.0,1.0,1.0,1.0,2023,1,0.3624175192591669,0.8673051572067152,0.3624175192591669
00-0039065,2023,TE,34,2,22.0,1.0,1.0,1.0,2023,1,0.24141992382086272,0.9743603859386455,0.24141992382086272
00-0039066,2023,TE,35,2,22.0,0.0,0.0,1.0,2023,1,0.23833548346885397,0.9736040437793537,0.23833548346885397
00-0039062,2023,WR,39,2,22.0,0.0,0.0,1.0,2023,1,0.3806357021253841,0.95877435464482,0.3806357021253841
00-0039144,2023,TE,42,2,23.0,0.0,0.0,1.0,2023,1,0.19811679281812525,0.9701314732587973,0.19811679281812525
00-0039146,2023,WR,50,2,23.0,1.0,1.0,1.0,2023,1,0.3213034951728169,0.9514621417229585,0.3213034951728169
00-0039165,2023,RB,52,2,22.0,1.0,1.0,1.0,2023,1,0.4923314384895788,0.9361497757060216,0.4923314384895788
00-0039067,2023,WR,55,2,23.0,1.0,1.0,1.0,2023,1,0.31044040400092493,0.9471924471645262,0.31044040400092493
00-0038547,2023,TE,58,2,24.0,0.0,0.0,1.0,2023,1,0.1523419414576302,0.9611653620395522,0.1523419414576302
00-0038935,2023,TE,61,2,22.0,0.0,0.0,1.0,2023,1,0.18452020471247035,0.954163867578509,0.18452020471247035
00-0038976,2023,WR,63,2,21.0,0.0,0.0,1.0,2023,1,0.3520751132869701,0.9333403108631257,0.3520751132869701
00-0038550,2023,QB,68,3,25.0,0.0,0.0,0.0,2023,1,0.17277224829759336,0.7629838976600758,0.17277224829759336
00-0038977,2023,WR,69,3,23.0,1.0,1.0,1.0,2023,1,0.2004543506542208,0.9134684043625633,0.2004543506542208
00-0038551,2023,RB,71,3,21.0,0.0,0.0,1.0,2023,1,0.373621760344447,0.8933884820918762,0.373621760344447
00-0038938,2023,WR,73,3,21.0,0.0,0.0,1.0,2023,1,0.23986507500063353,0.8987205763898601,0.23986507500063353
00-0038979,2023,WR,74,3,23.0,0.0,0.0,1.0,2023,1,0.19460544334198104,0.9081750771461317,0.19460544334198104
00-0038996,2023,TE,78,3,22.0,0.0,0.0,1.0,2023,1,0.1095583313304883,0.9215659939284948,0.1095583313304883
00-0038997,2023,WR,79,3,22.0,1.0,1.0,1.0,2023,1,0.20999351606861633,0.8975285174082849,0.20999351606861633
00-0039032,2023,RB,81,3,22.0,1.0,1.0,1.0,2023,1,0.3295736410536674,0.8918935996956814,0.3295736410536674
00-0039040,2023,RB,84,3,21.0,1.0,1.0,1.0,2023,1,0.35485523306848965,0.8837711857716006,0.35485523306848965
00-0038555,2023,RB,88,3,22.0,0.0,0.0,1.0,2023,1,0.320805613534371,0.8871862994161857,0.320805613534371
00-0038558,2023,TE,93,3,22.0,0.0,0.0,1.0,2023,1,0.09993870553747995,0.90743410784148,0.09993870553747995
00-0038559,2023,WR,94,3,23.0,1.0,1.0,1.0,2023,1,0.17558588749044787,0.8878180675037428,0.17558588749044787
00-0038563,2023,WR,100,3,22.0,0.0,0.0,1.0,2023,1,0.1901091689325508,0.8754924194360145,0.1901091689325508
00-0038564,2023,TE,101,3,23.0,0.0,0.0,0.0,2023,1,0.0850255697063412,0.9053639354772682,0.0850255697063412
00-0039021,2023,RB,115,4,22.0,0.0,0.0,1.0,2023,1,0.20671321774974424,0.8304507550318468,0.20671321774974424
00-0038573,2023,WR,125,4,22.0,0.0,0.0,1.0,2023,1,0.11580372949721804,0.8059167301864886,0.11580372949721804
00-0038998,2023,QB,127,4,24.0,0.0,0.0,0.0,2023,1,0.09514171398030241,0.5989114690151819,0.09514171398030241
00-0039107,2023,QB,128,4,25.0,0.0,0.0,0.0,2023,1,0.0841931842592744,0.6122122787117646,0.0841931842592744
00-0038576,2023,WR,131,4,24.0,0.0,0.0,1.0,2023,1,0.08970238946644267,0.8177459419394,0.08970238946644267
00-0038941,2023,WR,133,4,21.0,0.0,0.0,1.0,2023,1,0.12612950359704603,0.7867288107845425,0.12612950359704603
00-0038579,2023,QB,135,4,25.0,1.0,1.0,1.0,2023,1,0.08191872381197739,0.6043160916642049,0.08191872381197739
00-0038582,2023,QB,139,5,24.0,0.0,0.0,1.0,2023,1,0.05903164173586578,0.5064822187743436,0.05903164173586578
00-0038583,2023,QB,140,5,23.0,0.0,0.0,1.0,2023,1,0.06642325877476958,0.49022567042672666,0.06642325877476958
00-0038389,2023,RB,143,5,20.0,0.0,0.0,1.0,2023,1,0.16031047504685358,0.7355391871011591,0.16031047504685358
00-0038589,2023,TE,147,5,23.0,0.0,0.0,1.0,2023,1,0.028566830391799997,0.7745565829434747,0.028566830391799997
00-0038391,2023,QB,149,5,25.0,0.0,0.0,1.0,2023,1,0.050321709408869805,0.510813767687981,0.050321709408869805
00-0038590,2023,WR,150,5,23.0,0.0,0.0,0.0,2023,1,0.061536566204912234,0.7301875455653202,0.061536566204912234
00-0038393,2023,WR,159,5,22.0,1.0,1.0,1.0,2023,1,0.0675173257602898,0.7069692779379007,0.0675173257602898
00-0038394,2023,TE,162,5,24.0,0.0,0.0,1.0,2023,1,0.023820274983361277,0.767588073018736,0.023820274983361277
00-0038597,2023,RB,163,5,23.0,0.0,0.0,1.0,2023,1,0.10825706937960945,0.7556456085000571,0.10825706937960945
00-0038598,2023,QB,164,5,25.0,0.0,0.0,1.0,2023,1,0.047811722344232276,0.49589041768389036,0.047811722344232276
00-0039050,2023,TE,171,5,23.0,0.0,0.0,1.0,2023,1,0.026216991506214756,0.7462095032735657,0.026216991506214756
00-0038396,2023,RB,172,5,23.0,0.0,0.0,1.0,2023,1,0.10578117695695492,0.7498637393231065,0.10578117695695492
00-0039074,2023,TE,175,5,22.0,0.0,0.0,1.0,2023,1,0.02935798027049238,0.729900320037954,0.02935798027049238
00-0038397,2023,RB,176,5,22.0,0.0,0.0,1.0,2023,1,0.1175561093744694,0.7357559751536207,0.1175561093744694
00-0039075,2023,WR,177,5,22.0,1.0,1.0,1.0,2023,1,0.06404178099251781,0.6858483957449177,0.06404178099251781
00-0038606,2023,WR,185,6,21.0,0.0,0.0,1.0,2023,1,0.04559669098834297,0.5890919594127898,0.04559669098834297
00-0038608,2023,WR,187,6,21.0,0.0,0.0,1.0,2023,1,0.04535050386771288,0.5866645401826003,0.04535050386771288
00-0038400,2023,QB,188,6,23.0,0.0,0.0,0.0,2023,1,0.036469779393674996,0.3678638443008964,0.036469779393674996
00-0039052,2023,WR,191,6,22.0,0.0,0.0,1.0,2023,1,0.03962103217528319,0.5965339391790525,0.03962103217528319
00-0038611,2023,RB,193,6,22.0,0.0,0.0,1.0,2023,1,0.07405482082277742,0.6574426042616007,0.07405482082277742
00-0038612,2023,WR,195,6,23.0,0.0,0.0,1.0,2023,1,0.03459690885042468,0.6064233790511825,0.03459690885042468
00-0039041,2023,WR,197,6,22.0,0.0,0.0,1.0,2023,1,0.03900487563938764,0.5895786094309423,0.03900487563938764
00-0038618,2023,WR,205,6,23.0,0.0,0.0,1.0,2023,1,0.03372658648083746,0.595248122981882,0.03372658648083746
00-0038619,2023,WR,206,6,23.0,0.0,0.0,1.0,2023,1,0.03364303779982627,0.5941552381208419,0.03364303779982627
00-0038621,2023,WR,210,6,22.0,1.0,1.0,1.0,2023,1,0.03776085505780141,0.5750974373517007,0.03776085505780141
00-0038622,2023,RB,212,6,21.0,0.0,0.0,1.0,2023,1,0.08007023686701877,0.6311305796499789,0.08007023686701877
00-0039136,2023,RB,215,6,22.0,0.0,0.0,1.0,2023,1,0.07056463348475213,0.6432546244498598,0.07056463348475213
00-0038627,2023,WR,219,7,23.0,0.0,0.0,1.0,2023,1,0.020718629298093545,0.5013356036548279,0.020718629298093545
00-0038406,2023,TE,220,7,24.0,0.0,0.0,0.0,2023,1,0.007976388463360694,0.5602075184006626,0.007976388463360694
00-0039046,2023,RB,222,7,22.0,0.0,0.0,0.0,2023,1,0.044818803806336155,0.5627156820438912,0.044818803806336155
00-0038632,2023,WR,228,7,24.0,0.0,0.0,1.0,2023,1,0.017864564129498873,0.5070963081519471,0.017864564129498873
00-0038409,2023,RB,235,7,22.0,0.0,0.0,0.0,2023,1,0.04365891284199428,0.5546050471944302,0.04365891284199428
00-0038636,2023,RB,237,7,23.0,0.0,0.0,0.0,2023,1,0.038395104905080905,0.5683118811452088,0.038395104905080905
00-0038637,2023,QB,239,7,22.0,0.0,0.0,0.0,2023,1,0.023097651018492753,0.2553728815864737,0.023097651018492753
00-0038640,2023,WR,244,7,23.0,0.0,0.0,1.0,2023,1,0.01959284664957618,0.47617323155468927,0.01959284664957618
00-0038643,2023,TE,247,7,23.0,0.0,0.0,1.0,2023,1,0.008484991967362156,0.5155532670130827,0.008484991967362156
00-0038647,2023,WR,253,7,23.0,0.0,0.0,1.0,2023,1,0.019229195989431062,0.4677624260907858,0.019229195989431062
00-0038507,2023,WR,256,7,22.0,0.0,0.0,0.0,2023,1,0.021705485613239168,0.4499966735262682,0.021705485613239168
00-0039150,2023,QB,1,1,22.0,1.0,2.0,1.0,2023,2,0.9770999317587777,0.9999585611733105,1.831857629769197
00-0039163,2023,QB,2,1,21.0,1.0,2.0,1.0,2023,2,0.9648651852502591,0.999852458621647,1.784620550347071
00-0039164,2023,QB,4,1,21.0,1.0,1.0,1.0,2023,2,0.9397609423227261,0.9995041293141916,1.6951341443017252
00-0038542,2023,RB,8,1,21.0,1.0,2.0,1.0,2023,2,0.9677174556934852,0.9996035275551203,1.7077315746823707
00-0039139,2023,RB,12,1,21.0,1.0,2.0,1.0,2023,2,0.95190585592893,0.9991345168048504,1.6472484955421431
00-0038543,2023,WR,20,1,21.0,1.0,2.0,1.0,2023,2,0.7690468373335325,0.9973197887404299,1.2584032773218568
00-0038544,2023,WR,21,1,22.0,1.0,1.0,1.0,2023,2,0.7403808797525301,0.997229416583434,1.191384842350587
00-0039064,2023,WR,22,1,22.0,1.0,2.0,1.0,2023,2,0.7348171788433516,0.996979923219516,1.182271240518199
00-0038994,2023,WR,23,1,21.0,1.0,2.0,1.0,2023,2,0.7533522256060299,0.9965274133051977,1.2317171572767793
00-0038933,2023,TE,25,1,23.0,1.0,1.0,1.0,2023,2,0.7154312095843277,0.9979918214478465,1.0094224325249868
00-0039152,2023,QB,33,2,24.0,1.0,2.0,1.0,2023,2,0.5635135976172692,0.9807057842006462,0.8389763690468132
00-0039065,2023,TE,34,2,22.0,1.0,2.0,1.0,2023,2,0.5756945878339996,0.9952776955803577,0.7528910987409398
00-0039066,2023,TE,35,2,22.0,0.0,0.0,1.0,2023,2,0.5677113823377709,0.9949858127898913,0.7434823758340605
00-0039062,2023,WR,39,2,22.0,0.0,0.0,1.0,2023,2,0.5670041685156317,0.9897902431922155,0.836958919252931
00-0039144,2023,TE,42,2,23.0,0.0,0.0,1.0,2023,2,0.48565723240333697,0.9930967479844864,0.6358642173588083
00-0039146,2023,WR,50,2,23.0,1.0,2.0,1.0,2023,2,0.49781618111539855,0.9847788917694813,0.7326894661512009
00-0039165,2023,RB,52,2,22.0,1.0,2.0,1.0,2023,2,0.7238181806852578,0.9840584747859474,1.0573066791675796
00-0039067,2023,WR,55,2,23.0,1.0,1.0,1.0,2023,2,0.4830984674153828,0.9818819954034304,0.7152238231573971
00-0038547,2023,TE,58,2,24.0,0.0,0.0,1.0,2023,2,0.3669629092948012,0.9873229210104454,0.49649986114999456
00-0038935,2023,TE,61,2,22.0,0.0,0.0,1.0,2023,2,0.4128212238046693,0.9842566425790102,0.569929904248159
00-0038976,2023,WR,63,2,21.0,1.0,1.0,1.0,2023,2,0.5245119094838429,0.9740488308083123,0.8022324835679504
00-0038550,2023,QB,68,3,25.0,0.0,0.0,1.0,2023,2,0.29837923117913884,0.9282470433737581,0.4207730215026663
00-0038977,2023,WR,69,3,23.0,1.0,2.0,1.0,2023,2,0.3535334764901963,0.9680144153375942,0.48564029716586776
00-0038551,2023,RB,71,3,21.0,0.0,0.0,1.0,2023,2,0.5923524018071468,0.9645745254937259,0.7953862568846628
00-0038938,2023,WR,73,3,21.0,0.0,0.0,1.0,2023,2,0.4040326789108717,0.9604685968704245,0.5688115790948531
00-0038979,2023,WR,74,3,23.0,0.0,0.0,1.0,2023,2,0.34371690360116014,0.9637334140662215,0.47568019442892406
00-0038996,2023,TE,78,3,22.0,1.0,1.0,1.0,2023,2,0.26413269763541547,0.9696251050707904,0.3495936832838119
00-0038997,2023,WR,79,3,22.0,1.0,2.0,1.0,2023,2,0.36300648231744936,0.9569314386573831,0.510002264804013
00-0039032,2023,RB,81,3,22.0,1.0,2.0,1.0,2023,2,0.5284585969090959,0.9572148477943399,0.7022456543499284
00-0039040,2023,RB,84,3,21.0,1.0,2.0,1.0,2023,2,0.5502208712983367,0.9516775924078151,0.7477256952870204
00-0038555,2023,RB,88,3,22.0,1.0,1.0,1.0,2023,2,0.5072741559489595,0.9501759378986188,0.6797617630729897
00-0038558,2023,TE,93,3,22.0,0.0,0.0,1.0,2023,2,0.22750850900340822,0.9567936499701755,0.312963444126626
00-0038559,2023,WR,94,3,23.0,1.0,2.0,1.0,2023,2,0.31118074988690947,0.9445497192657281,0.4428138670586068
00-0038563,2023,WR,100,3,22.0,1.0,1.0,1.0,2023,2,0.3300403612009207,0.9347932149520735,0.47587241160744115
00-0038564,2023,TE,101,3,23.0,0.0,0.0,0.0,2023,2,0.19153172117248554,0.9518218851780382,0.2690061345633554
00-0039021,2023,RB,115,4,22.0,0.0,0.0,1.0,2023,2,0.34510230020597066,0.9064932878064207,0.4313233466670602
00-0038573,2023,WR,125,4,22.0,0.0,0.0,1.0,2023,2,0.22414528373823056,0.8896239595588431,0.3061021893168896
00-0038998,2023,QB,127,4,24.0,0.0,0.0,1.0,2023,2,0.16306460972422185,0.777089396893088,0.2315091501093467
00-0039107,2023,QB,128,4,25.0,0.0,0.0,0.0,2023,2,0.14593609391651868,0.7845710019418476,0.20773327404800085
00-0038576,2023,WR,131,4,24.0,0.0,0.0,1.0,2023,2,0.1794146036017453,0.8923178406966471,0.2466967366718298
00-0038941,2023,WR,133,4,21.0,0.0,0.0,1.0,2023,2,0.23954652719148298,0.871484509174237,0.33097654111637553
00-0038579,2023,QB,135,4,25.0,1.0,1.0,1.0,2023,2,0.1406048008857592,0.7684113673324698,0.20196937280155763
00-0038582,2023,QB,139,5,24.0,0.0,0.0,1.0,2023,2,0.10860822968414001,0.7170306221591392,0.14494581386856203
00-0038583,2023,QB,140,5,23.0,0.0,0.0,1.0,2023,2,0.12067569895432863,0.7026184788445596,0.16087609367831407
00-0038389,2023,RB,143,5,20.0,0.0,0.0,1.0,2023,2,0.26701226783774273,0.8286067785843433,0.32249796635192296
00-0038589,2023,TE,147,5,23.0,0.0,0.0,1.0,2023,2,0.06575640978858069,0.8677307102091671,0.08877427064193871
00-0038391,2023,QB,149,5,25.0,0.0,0.0,1.0,2023,2,0.09224279954689671,0.7038481104867955,0.12510598975700526
00-0038590,2023,WR,150,5,23.0,0.0,0.0,1.0,2023,2,0.132969830120121,0.8381292241898416,0.17307891297545003
00-0038393,2023,WR,159,5,22.0,1.0,1.0,1.0,2023,2,0.14354902762766933,0.814363780499201,0.18846762884734064
00-0038394,2023,TE,162,5,24.0,0.0,0.0,1.0,2023,2,0.05275474670190335,0.8502382267796671,0.07392662375289866
00-0038597,2023,RB,163,5,23.0,1.0,1.0,1.0,2023,2,0.1797020436793991,0.8169641439914175,0.2203908850200349
00-0038598,2023,QB,164,5,25.0,0.0,0.0,1.0,2023,2,0.08589597779844241,0.667720355371565,0.11862122747082257
00-0039050,2023,TE,171,5,23.0,0.0,0.0,1.0,2023,2,0.056047361122570416,0.8273010112061001,0.07938341710103113
00-0038396,2023,RB,172,5,23.0,0.0,0.0,1.0,2023,2,0.17173367449510793,0.8009706254125708,0.21408902657434542
00-0039074,2023,TE,175,5,22.0,0.0,0.0,1.0,2023,2,0.06151140937975208,0.8117013655977365,0.08724188546240452
00-0038397,2023,RB,176,5,22.0,0.0,0.0,1.0,2023,2,0.18662545494404348,0.7842554521818514,0.23527952226587556
00-0039075,2023,WR,177,5,22.0,1.0,2.0,1.0,2023,2,0.13559224490182564,0.7823242910693956,0.1816568787627752
00-0038606,2023,WR,185,6,21.0,0.0,0.0,1.0,2023,2,0.10427060185033028,0.7268276459233961,0.1300957264698533
00-0038608,2023,WR,187,6,21.0,1.0,1.0,1.0,2023,2,0.10365163331678434,0.7228410990415838,0.1296034274443793
00-0038400,2023,QB,188,6,23.0,0.0,0.0,1.0,2023,2,0.06771496711881554,0.5456301236496821,0.0883719837127617
00-0039052,2023,WR,191,6,22.0,0.0,0.0,1.0,2023,2,0.09152041269479179,0.7264524142713512,0.11543209129736473
00-0038611,2023,RB,193,6,22.0,0.0,0.0,1.0,2023,2,0.12322217019756457,0.7215047101530245,0.14648285389858973
00-0038612,2023,WR,195,6,23.0,0.0,0.0,1.0,2023,2,0.08070132019979936,0.7301949308676773,0.10277797463953896
00-0039041,2023,WR,197,6,22.0,0.0,0.0,1.0,2023,2,0.08994361010299572,0.7148794897390336,0.11417657983432516
00-0038618,2023,WR,205,6,23.0,0.0,0.0,1.0,2023,2,0.07843812007965957,0.7114935765536634,0.10097304222104639
00-0038619,2023,WR,206,6,23.0,1.0,1.0,1.0,2023,2,0.07822102954559637,0.7096332351240878,0.1007991275602873
00-0038621,2023,WR,210,6,22.0,1.0,2.0,1.0,2023,2,0.0867631908224826,0.6900628904152883,0.11162572296281814
00-0038622,2023,RB,212,6,21.0,0.0,0.0,1.0,2023,2,0.12635754884471653,0.6711961987845357,0.1554007835606817
00-0039136,2023,RB,215,6,22.0,0.0,0.0,1.0,2023,2,0.11177078008208771,0.6778634493433849,0.13788183549038485
00-0038627,2023,WR,219,7,23.0,0.0,0.0,1.0,2023,2,0.05213576397042947,0.6499426845153047,0.06338043836563603
00-0038406,2023,TE,220,7,24.0,0.0,0.0,0.0,2023,2,0.017572837019404916,0.6852662538302347,0.02370879915570656
00-0039046,2023,RB,222,7,22.0,0.0,0.0,0.0,2023,2,0.07576299223598758,0.627424365881982,0.08705762282969334
00-0038632,2023,WR,228,7,24.0,0.0,0.0,1.0,2023,2,0.04521378893083373,0.6459685287820326,0.05591026878855419
00-0038409,2023,RB,235,7,22.0,0.0,0.0,0.0,2023,2,0.07178285060241883,0.6014586276423743,0.0842405326412663
00-0038636,2023,RB,237,7,23.0,0.0,0.0,1.0,2023,2,0.06337969718838239,0.6112717593726618,0.07468484060371841
00-0038637,2023,QB,239,7,22.0,0.0,0.0,0.0,2023,2,0.04355961407286984,0.3880884303580223,0.05513841196826506
00-0038640,2023,WR,244,7,23.0,0.0,0.0,1.0,2023,2,0.04893181583679198,0.602968706417187,0.060966376960173596
00-0038643,2023,TE,247,7,23.0,0.0,0.0,1.0,2023,2,0.017480450810091436,0.6177388074822608,0.024356984465628145
00-0038647,2023,WR,253,7,23.0,0.0,0.0,1.0,2023,2,0.04790063080537763,0.5867435891878806,0.06017869858997166
00-0038507,2023,WR,256,7,22.0,0.0,0.0,1.0,2023,2,0.05355584965510383,0.5673791006637908,0.06694574573928982
00-0039150,2023,QB,1,1,22.0,1.0,3.0,1.0,2023,3,0.9896817395000121,0.999954820737542,2.702681245558331
00-0039163,2023,QB,2,1,21.0,1.0,3.0,1.0,2023,3,0.9825169750583953,0.9998441965872125,2.6221798621757806
00-0039164,2023,QB,4,1,21.0,1.0,1.0,1.0,2023,3,0.9667280012923137,0.9994899524589337,2.4778840019234387
00-0038542,2023,RB,8,1,21.0,1.0,3.0,1.0,2023,3,0.9750255445843672,0.9995739240953311,2.520453213902548
00-0039139,2023,RB,12,1,21.0,1.0,3.0,1.0,2023,3,0.9611454959655059,0.9990630140130796,2.4260344876625246
00-0038543,2023,WR,20,1,21.0,1.0,3.0,1.0,2023,3,0.8320580749276234,0.997374545859272,1.9463080569983975
00-0038544,2023,WR,21,1,22.0,1.0,2.0,1.0,2023,3,0.8080620449622834,0.9972660476874031,1.8516785229709727
00-0039064,2023,WR,22,1,22.0,1.0,3.0,1.0,2023,3,0.8024232724684527,0.9970149863226154,1.8381801103040933
00-0038994,2023,WR,23,1,21.0,1.0,3.0,1.0,2023,3,0.8164165899443121,0.9965816280683759,1.9068933439177855
00-0038933,2023,TE,25,1,23.0,1.0,2.0,1.0,2023,3,0.8362699620194038,0.998009383138367,1.6881357126785197
00-0039152,2023,QB,33,2,24.0,1.0,2.0,1.0,2023,3,0.6568432986587609,0.98209842364208,1.2071934199150391
00-0039065,2023,TE,34,2,22.0,1.0,2.0,1.0,2023,3,0.7310450660290275,0.9955110057370026,1.296084932921282
00-0039066,2023,TE,35,2,22.0,0.0,0.0,1.0,2023,3,0.7231962815412359,0.9952312630664156,1.2798640485751926
00-0039062,2023,WR,39,2,22.0,0.0,0.0,1.0,2023,3,0.650832537520704,0.990118596233479,1.334664893362921
00-0039144,2023,TE,42,2,23.0,0.0,0.0,1.0,2023,3,0.6425508321115896,0.9933779295002404,1.1016983083825314
00-0039146,2023,WR,50,2,23.0,1.0,2.0,1.0,2023,3,0.5757983160839437,0.9850560853025119,1.1770948161151233
00-0039165,2023,RB,52,2,22.0,1.0,3.0,1.0,2023,3,0.7496424026124342,0.9829142030495147,1.5508942508764747
00-0039067,2023,WR,55,2,23.0,1.0,2.0,1.0,2023,3,0.5577113632389713,0.9821524302293384,1.1494153353588752
00-0038547,2023,TE,58,2,24.0,0.0,0.0,1.0,2023,3,0.5052145698071342,0.9877056141716726,0.8600581302519537
00-0038935,2023,TE,61,2,22.0,0.0,0.0,1.0,2023,3,0.5503899755732121,0.9848870098661368,0.9745222398056339
00-0038976,2023,WR,63,2,21.0,1.0,2.0,1.0,2023,3,0.593178789933619,0.9745947475575423,1.2751025693921674
00-0038550,2023,QB,68,3,25.0,0.0,0.0,1.0,2023,3,0.37748725040488085,0.9370030026445116,0.6091138246915545
00-0038977,2023,WR,69,3,23.0,1.0,2.0,1.0,2023,3,0.4305305337745618,0.9694901989641459,0.8006408671404657
00-0038551,2023,RB,71,3,21.0,0.0,0.0,1.0,2023,3,0.6306578850699951,0.9635655299693672,1.1734860370138196
00-0038938,2023,WR,73,3,21.0,0.0,0.0,1.0,2023,3,0.4817495396629956,0.9626149575298836,0.9268473365134677
00-0038979,2023,WR,74,3,23.0,0.0,0.0,1.0,2023,3,0.4173257728025032,0.965317521501234,0.7840423988420593
00-0038996,2023,TE,78,3,22.0,1.0,1.0,1.0,2023,3,0.384728292217901,0.9718663687835776,0.6126392665440996
00-0038997,2023,WR,79,3,22.0,1.0,3.0,1.0,2023,3,0.43556204358899986,0.9589317598373651,0.835793476506546
00-0039032,2023,RB,81,3,22.0,1.0,3.0,1.0,2023,3,0.565040016719878,0.9556661493395693,1.0395569835340714
00-0039040,2023,RB,84,3,21.0,1.0,3.0,1.0,2023,3,0.5856035135313037,0.9501748855851886,1.1047399144095675
00-0038555,2023,RB,88,3,22.0,1.0,1.0,1.0,2023,3,0.5419911515968019,0.9483119766854067,1.0071471384092412
00-0038558,2023,TE,93,3,22.0,0.0,0.0,1.0,2023,3,0.3296950890584116,0.959833697618404,0.5443429266978203
00-0038559,2023,WR,94,3,23.0,1.0,3.0,1.0,2023,3,0.373162673270747,0.9465019116576795,0.7290328910324275
00-0038563,2023,WR,100,3,22.0,1.0,2.0,1.0,2023,3,0.39140891909319087,0.937270040856985,0.7793431966563662
00-0038564,2023,TE,101,3,23.0,0.0,0.0,1.0,2023,3,0.2794309571950912,0.9548963762726123,0.4682670982618417
00-0039021,2023,RB,115,4,22.0,0.0,0.0,1.0,2023,3,0.384836010323304,0.9063087890162048,0.6503756728222142
00-0038573,2023,WR,125,4,22.0,0.0,0.0,1.0,2023,3,0.27885387033992715,0.8967709526620723,0.5134642630937938
00-0038998,2023,QB,127,4,24.0,0.0,0.0,1.0,2023,3,0.2131690174566585,0.8113881548465165,0.3408586957019387
00-0039107,2023,QB,128,4,25.0,0.0,0.0,0.0,2023,3,0.19177807289237625,0.817191852131365,0.30610166610813155
00-0038576,2023,WR,131,4,24.0,0.0,0.0,1.0,2023,3,0.22502787987757739,0.8981341086532109,0.41672935781989956
00-0038941,2023,WR,133,4,21.0,0.0,0.0,1.0,2023,3,0.2946307186574085,0.8800129082468829,0.5525405695210897
00-0038579,2023,QB,135,4,25.0,1.0,1.0,1.0,2023,3,0.18404603228639707,0.8031837778507807,0.2978025188469127
00-0038582,2023,QB,139,5,24.0,0.0,0.0,1.0,2023,3,0.1508258017472149,0.7658247444133418,0.21725106112775056
00-0038583,2023,QB,140,5,23.0,0.0,0.0,1.0,2023,3,0.16660859966274216,0.7541391301426557,0.24088950820728244
00-0038389,2023,RB,143,5,20.0,0.0,0.0,1.0,2023,3,0.3099439865493433,0.8351134995228667,0.4930460640110195
00-0038589,2023,TE,147,5,23.0,0.0,0.0,1.0,2023,3,0.1060216022183301,0.8836019071036191,0.16059529223988014
00-0038391,2023,QB,149,5,25.0,0.0,0.0,1.0,2023,3,0.12793265479387464,0.7535788594584306,0.18791074793522206
00-0038590,2023,WR,150,5,23.0,0.0,0.0,1.0,2023,3,0.17473037290790622,0.851787273785734,0.2982845086683833
00-0038393,2023,WR,159,5,22.0,1.0,1.0,1.0,2023,3,0.18657816125392862,0.8301265021816272,0.3234388295108387
00-0038394,2023,TE,162,5,24.0,0.0,0.0,1.0,2023,3,0.08395817942003522,0.867061127782948,0.13354257344661555
00-0038597,2023,RB,163,5,23.0,1.0,2.0,1.0,2023,3,0.21031674617587945,0.8209994308541442,0.3432344299685976
00-0038598,2023,QB,164,5,25.0,0.0,0.0,1.0,2023,3,0.118089024015145,0.7218450961537414,0.17844274077558014
00-0039050,2023,TE,171,5,23.0,0.0,0.0,1.0,2023,3,0.08799034347522688,0.84685389501986,0.14221665900134925
00-0038396,2023,RB,172,5,23.0,0.0,0.0,1.0,2023,3,0.20044735334322558,0.8051203795360423,0.33391262489490986
00-0039074,2023,TE,175,5,22.0,0.0,0.0,1.0,2023,3,0.09579258853186447,0.8333955788615719,0.15529536645526268
00-0038397,2023,RB,176,5,22.0,0.0,0.0,1.0,2023,3,0.21682461860541472,0.7895300093529684,0.3650848695756715
00-0039075,2023,WR,177,5,22.0,1.0,3.0,1.0,2023,3,0.1743228859557792,0.7995370710290327,0.31114669111317633
00-0038606,2023,WR,185,6,21.0,1.0,1.0,1.0,2023,3,0.1417731004812445,0.755510365221171,0.22800273559917195
00-0038608,2023,WR,187,6,21.0,1.0,2.0,1.0,2023,3,0.14076484064207806,0.7517290106728209,0.22709093600894253
00-0038400,2023,QB,188,6,23.0,0.0,0.0,1.0,2023,3,0.09737771370001345,0.6216677309140095,0.1355307354073788
00-0039052,2023,WR,191,6,22.0,0.0,0.0,1.0,2023,3,0.1245079633574834,0.7539096191623149,0.20264669991326303
00-0038611,2023,RB,193,6,22.0,0.0,0.0,1.0,2023,3,0.15131573918731295,0.7355790412792776,0.23330005172269214
00-0038612,2023,WR,195,6,23.0,0.0,0.0,1.0,2023,3,0.10992164155126179,0.7562304862682371,0.18072966421007453
00-0039041,2023,WR,197,6,22.0,0.0,0.0,1.0,2023,3,0.12192522407488475,0.7428801410584746,0.2002959051420705
00-0038618,2023,WR,205,6,23.0,1.0,1.0,1.0,2023,3,0.10619628457318633,0.7383488890494654,0.1773145717070319
00-0038619,2023,WR,206,6,23.0,1.0,2.0,1.0,2023,3,0.10583979561934183,0.7365644578324352,0.1769856457694166
00-0038621,2023,WR,210,6,22.0,1.0,3.0,1.0,2023,3,0.11673509132067489,0.7190915905175923,0.19552221777002582
00-0038622,2023,RB,212,6,21.0,0.0,0.0,1.0,2023,3,0.15382851932372144,0.6875519470322511,0.2464501878445195
00-0039136,2023,RB,215,6,22.0,0.0,0.0,1.0,2023,3,0.136366482244953,0.692785678593775,0.22026019376389624
00-0038627,2023,WR,219,7,23.0,0.0,0.0,1.0,2023,3,0.07463756383498397,0.6883961130667595,0.11407202020973262
00-0038406,2023,TE,220,7,24.0,0.0,0.0,0.0,2023,3,0.029888174956028146,0.7300202923192405,0.044537077472615705
00-0039046,2023,RB,222,7,22.0,0.0,0.0,0.0,2023,3,0.09813313679131092,0.6527638679307872,0.1429224453374595
00-0038632,2023,WR,228,7,24.0,0.0,0.0,1.0,2023,3,0.06453860615916755,0.6831223055283272,0.10065331836123101
00-0038409,2023,RB,235,7,22.0,0.0,0.0,1.0,2023,3,0.09260909973070712,0.6272725251414999,0.13853610140089767
00-0038636,2023,RB,237,7,23.0,0.0,0.0,1.0,2023,3,0.08189841354466969,0.6354931713769012,0.12382298473452821
00-0038637,2023,QB,239,7,22.0,0.0,0.0,0.0,2023,3,0.06499030658259182,0.4786126662156464,0.08662081749068594
00-0038640,2023,WR,244,7,23.0,0.0,0.0,1.0,2023,3,0.0690680282568566,0.6428830283457357,0.10934860215199782
00-0038643,2023,TE,247,7,23.0,0.0,0.0,1.0,2023,3,0.028949602905351354,0.6682726145569986,0.04510289811218786
00-0038647,2023,WR,253,7,23.0,0.0,0.0,1.0,2023,3,0.06728945759630192,0.6269834116638044,0.10781008287318497
00-0038507,2023,WR,256,7,22.0,0.0,0.0,1.0,2023,3,0.0749450758856494,0.6094894984859218,0.11974630676712757
00-0039918,2024,QB,1,1,22.0,1.0,1.0,1.0,2024,1,0.8865089055232869,0.9852488661599699,0.8865089055232869
00-0039910,2024,QB,2,1,23.0,1.0,1.0,1.0,2024,1,0.8285597560794404,0.9788395615530779,0.8285597560794404
00-0039851,2024,QB,3,1,22.0,1.0,1.0,1.0,2024,1,0.812128912806361,0.9717467228960128,0.812128912806361
00-0039849,2024,WR,4,1,22.0,1.0,1.0,1.0,2024,1,0.7607852297851226,0.9960238048159991,0.7607852297851226
00-0039337,2024,WR,6,1,21.0,1.0,1.0,1.0,2024,1,0.7436113242397567,0.9940063093278899,0.7436113242397567
00-0039917,2024,QB,8,1,24.0,0.0,0.0,1.0,2024,1,0.673056810791656,0.9547027478499621,0.673056810791656
00-0039919,2024,WR,9,1,22.0,1.0,1.0,1.0,2024,1,0.6811430569094579,0.9918489862191154,0.6811430569094579
00-0039923,2024,QB,10,1,21.0,0.0,0.0,0.0,2024,1,0.7155127950225173,0.94042782428769,0.7155127950225173
00-0039732,2024,QB,12,1,24.0,1.0,1.0,1.0,2024,1,0.6233232466409264,0.9428488222881076,0.6233232466409264
00-0039338,2024,TE,13,1,21.0,1.0,1.0,1.0,2024,1,0.5084473550166546,0.9923304907694604,0.5084473550166546
00-0039893,2024,WR,23,1,21.0,1.0,1.0,1.0,2024,1,0.5999828196446357,0.9804422637516683,0.5999828196446357
00-0039894,2024,WR,28,1,21.0,1.0,1.0,1.0,2024,1,0.5766067397949971,0.9767855112007029,0.5766067397949971
00-0039916,2024,WR,31,1,23.0,0.0,0.0,1.0,2024,1,0.5113183207795983,0.9770600800864565,0.5113183207795983
00-0039342,2024,WR,32,1,23.0,1.0,1.0,1.0,2024,1,0.5074245842625665,0.9764178800490894,0.5074245842625665
00-0039901,2024,WR,33,2,21.0,1.0,1.0,1.0,2024,1,0.43828066325760856,0.9632720452185357,0.43828066325760856
00-0039915,2024,WR,34,2,22.0,1.0,1.0,1.0,2024,1,0.40863589764602076,0.9641401671773654,0.40863589764602076
00-0039907,2024,WR,37,2,22.0,0.0,0.0,1.0,2024,1,0.3986475656602463,0.9614442981737248,0.3986475656602463
00-0039344,2024,RB,46,2,21.0,0.0,0.0,1.0,2024,1,0.53991071583373,0.9400251546818312,0.53991071583373
00-0039890,2024,WR,52,2,21.0,0.0,0.0,1.0,2024,1,0.38430810217100336,0.9459315957898721,0.38430810217100336
00-0039912,2024,TE,53,2,22.0,0.0,0.0,1.0,2024,1,0.19838906328558112,0.960233705593172,0.19838906328558112
00-0039920,2024,WR,65,3,22.0,0.0,0.0,1.0,2024,1,0.23794231729627993,0.9159260921256039,0.23794231729627993
00-0039921,2024,RB,66,3,22.0,0.0,0.0,1.0,2024,1,0.35366788754578377,0.906085541440118,0.35366788754578377
00-0039810,2024,WR,80,3,23.0,0.0,0.0,1.0,2024,1,0.20218297044528652,0.905060956974537,0.20218297044528652
00-0039737,2024,TE,82,3,22.0,0.0,0.0,1.0,2024,1,0.10566570150752988,0.9184785966598515,0.10566570150752988
00-0039738,2024,RB,83,3,23.0,0.0,0.0,1.0,2024,1,0.3049398184222484,0.8988661049711283,0.3049398184222484
00-0039739,2024,WR,84,3,23.0,0.0,0.0,0.0,2024,1,0.19834829067364218,0.9012620430664268,0.19834829067364218
00-0039811,2024,RB,88,3,23.0,0.0,0.0,1.0,2024,1,0.2988018283531214,0.8957271395420774,0.2988018283531214
00-0039855,2024,WR,92,3,22.0,1.0,1.0,1.0,2024,1,0.20841941093219232,0.8888381877568302,0.20841941093219232
00-0039355,2024,WR,100,3,23.0,0.0,0.0,1.0,2024,1,0.18509344143877862,0.8865615231663108,0.18509344143877862
00-0039356,2024,TE,101,4,21.0,0.0,0.0,1.0,2024,1,0.06717230232619048,0.8624628859896835,0.06717230232619048
00-0039868,2024,WR,102,4,21.0,0.0,0.0,1.0,2024,1,0.1474587609593371,0.8333075213975111,0.1474587609593371
00-0039847,2024,TE,107,4,23.0,0.0,0.0,1.0,2024,1,0.05318289809320822,0.8677330317952393,0.05318289809320822
00-0039853,2024,WR,110,4,22.0,0.0,0.0,1.0,2024,1,0.1302735454483745,0.831097345430812,0.1302735454483745
00-0039792,2024,WR,113,4,23.0,0.0,0.0,1.0,2024,1,0.117267832243243,0.8349148208530737,0.117267832243243
00-0039814,2024,TE,115,4,23.0,0.0,0.0,1.0,2024,1,0.05103667091108159,0.8592464909724761,0.05103667091108159
00-0039874,2024,RB,120,4,21.0,0.0,0.0,1.0,2024,1,0.21922605446125282,0.8235818755886571,0.21922605446125282
00-0039793,2024,TE,121,4,22.0,0.0,0.0,1.0,2024,1,0.054854027470024505,0.8464269752305934,0.054854027470024505
00-0039359,2024,TE,123,4,24.0,0.0,0.0,1.0,2024,1,0.044354491955065925,0.8573284186882738,0.044354491955065925
00-0039361,2024,RB,125,4,22.0,1.0,1.0,1.0,2024,1,0.19824135174064667,0.8275604228317345,0.19824135174064667
00-0039746,2024,RB,127,4,22.0,0.0,0.0,1.0,2024,1,0.1969881455953836,0.8262373384673363,0.1969881455953836
00-0039875,2024,RB,128,4,24.0,1.0,1.0,1.0,2024,1,0.164824603517208,0.8398922187518995,0.164824603517208
00-0039363,2024,RB,129,4,24.0,0.0,0.0,1.0,2024,1,0.16429189772214378,0.839281878189601,0.16429189772214378
00-0039824,2024,TE,131,4,23.0,0.0,0.0,1.0,2024,1,0.04736552521683992,0.8427638494708194,0.04736552521683992
00-0039794,2024,RB,134,4,20.0,0.0,0.0,1.0,2024,1,0.22823372308471104,0.8061439156231279,0.22823372308471104
00-0039365,2024,WR,135,4,23.0,0.0,0.0,1.0,2024,1,0.10852871899477429,0.8119124957861069,0.10852871899477429
00-0039816,2024,WR,142,5,23.0,0.0,0.0,1.0,2024,1,0.06868685709515149,0.7485833904397424,0.06868685709515149
00-0039373,2024,RB,147,5,21.0,0.0,0.0,1.0,2024,1,0.1361549250102308,0.7495517931769988,0.1361549250102308
00-0039376,2024,QB,150,5,23.0,0.0,0.0,1.0,2024,1,0.06566695190262409,0.48009943123772136,0.06566695190262409
00-0039747,2024,WR,152,5,23.0,0.0,0.0,1.0,2024,1,0.06658102341378212,0.7370088235390964,0.06658102341378212
00-0039379,2024,WR,156,5,23.0,0.0,0.0,1.0,2024,1,0.06579316621496246,0.7325015983170546,0.06579316621496246
00-0039796,2024,RB,165,5,23.0,0.0,0.0,1.0,2024,1,0.10728830245014698,0.756163318207663,0.10728830245014698
00-0039384,2024,RB,166,5,24.0,1.0,1.0,1.0,2024,1,0.09721433749739118,0.7648832623026552,0.09721433749739118
00-0039385,2024,RB,167,5,24.0,0.0,0.0,1.0,2024,1,0.09695219842561713,0.764253703488308,0.09695219842561713
00-0039386,2024,WR,170,5,23.0,0.0,0.0,1.0,2024,1,0.06324784633587302,0.7172441522941634,0.06324784633587302
00-0039797,2024,QB,171,5,24.0,0.0,0.0,0.0,2024,1,0.0555868256723971,0.47317588850030834,0.0555868256723971
00-0039798,2024,RB,173,5,22.0,0.0,0.0,1.0,2024,1,0.11552534555373081,0.7413096672473816,0.11552534555373081
00-0039391,2024,RB,181,6,23.0,0.0,0.0,1.0,2024,1,0.06653361357677773,0.6794964813709882,0.06653361357677773
00-0039392,2024,WR,182,6,24.0,0.0,0.0,1.0,2024,1,0.03516126590088842,0.6445343146288651,0.03516126590088842
00-0039880,2024,WR,184,6,23.0,0.0,0.0,1.0,2024,1,0.03877007623297438,0.6304080146657793,0.03877007623297438
00-0039236,2024,WR,185,6,23.0,0.0,0.0,1.0,2024,1,0.03867107255643836,0.6292829289961726,0.03867107255643836
00-0039393,2024,RB,186,6,22.0,0.0,0.0,1.0,2024,1,0.07256424361203609,0.6646731231991911,0.07256424361203609
00-0039394,2024,WR,187,6,23.0,0.0,0.0,1.0,2024,1,0.03847537836842727,0.6270467405516005,0.03847537836842727
00-0039397,2024,WR,191,6,24.0,0.0,0.0,0.0,2024,1,0.03436648596958685,0.6346284023451827,0.03436648596958685
00-0039398,2024,QB,193,6,24.0,0.0,0.0,1.0,2024,1,0.03311260074984572,0.3759162796475534,0.03311260074984572
00-0039399,2024,TE,194,6,25.0,0.0,0.0,0.0,2024,1,0.012076255980280098,0.6762836699656175,0.012076255980280098
00-0039405,2024,RB,205,6,25.0,0.0,0.0,0.0,2024,1,0.05132818436309654,0.6860578548329721,0.05132818436309654
00-0039407,2024,RB,208,6,24.0,0.0,0.0,1.0,2024,1,0.05639951656156103,0.6730235416459491,0.05639951656156103
00-0039751,2024,WR,213,6,23.0,0.0,0.0,1.0,2024,1,0.03618033334893936,0.599566257879341,0.03618033334893936
00-0039410,2024,WR,216,6,24.0,0.0,0.0,1.0,2024,1,0.03241862122504145,0.6088799091002433,0.03241862122504145
00-0039801,2024,QB,218,6,24.0,0.0,0.0,0.0,2024,1,0.03107550386788854,0.3588170306197647,0.03107550386788854
00-0039415,2024,WR,225,7,22.0,0.0,0.0,0.0,2024,1,0.024630231219050523,0.4942637162110662,0.024630231219050523
00-0039420,2024,TE,231,7,23.0,0.0,0.0,1.0,2024,1,0.008389797124822417,0.5332484002936767,0.008389797124822417
00-0039424,2024,WR,235,7,26.0,0.0,0.0,1.0,2024,1,0.01586824928769476,0.5359231200666386,0.01586824928769476
00-0039884,2024,WR,241,7,23.0,0.0,0.0,0.0,2024,1,0.02147054584129089,0.4918233312896151,0.02147054584129089
00-0039238,2024,QB,245,7,22.0,0.0,0.0,0.0,2024,1,0.022634340359576295,0.253459261224482,0.022634340359576295
00-0039754,2024,TE,246,7,24.0,0.0,0.0,1.0,2024,1,0.007267518690657818,0.5304007989522703,0.007267518690657818
00-0039437,2024,WR,253,7,23.0,0.0,0.0,0.0,2024,1,0.020975216551039313,0.48101555517074546,0.020975216551039313
00-0039918,2024,QB,1,1,22.0,1.0,2.0,1.0,2024,2,0.9768280775825383,0.9999279356996492,1.8318037895720223
00-0039910,2024,QB,2,1,23.0,1.0,2.0,1.0,2024,2,0.9546883958443113,0.9997915077344852,1.7321803033885101
00-0039851,2024,QB,3,1,22.0,1.0,2.0,1.0,2024,2,0.9455097378174143,0.9995741939580034,1.7056903204609042
00-0039849,2024,WR,4,1,22.0,1.0,2.0,1.0,2024,2,0.8887427636767673,0.9998509457040061,1.5066346069250383
00-0039337,2024,WR,6,1,21.0,1.0,1.0,1.0,2024,2,0.8757279003478342,0.9996748211219938,1.4854231667189555
00-0039917,2024,QB,8,1,24.0,1.0,1.0,1.0,2024,2,0.8574437201522104,0.9981521773691712,1.4422645457386185
00-0039919,2024,WR,9,1,22.0,1.0,2.0,1.0,2024,2,0.8263845147899214,0.9993690515157726,1.3619346317832761
00-0039923,2024,QB,10,1,21.0,1.0,1.0,1.0,2024,2,0.8823003705614775,0.9968442856468105,1.5327702914688102
00-0039732,2024,QB,12,1,24.0,1.0,2.0,1.0,2024,2,0.8125411386287303,0.9964460718130648,1.3442056426668425
00-0039338,2024,TE,13,1,21.0,1.0,2.0,1.0,2024,2,0.8732323944931275,0.9993996775430697,1.3167804472308449
00-0039893,2024,WR,23,1,21.0,1.0,2.0,1.0,2024,2,0.7492586596128112,0.9964563980885901,1.2282086883519208
00-0039894,2024,WR,28,1,21.0,1.0,2.0,1.0,2024,2,0.7249342727100727,0.9949781977714672,1.1864606101332664
00-0039916,2024,WR,31,1,23.0,0.0,0.0,1.0,2024,2,0.6540983116617933,0.994647648403797,1.043750273836423
00-0039342,2024,WR,32,1,23.0,1.0,2.0,1.0,2024,2,0.6494978817397196,0.9943382376114457,1.0367494461314646
00-0039901,2024,WR,33,2,21.0,1.0,2.0,1.0,2024,2,0.6194369145797834,0.9919391276236947,0.9299375025303613
00-0039915,2024,WR,34,2,22.0,1.0,2.0,1.0,2024,2,0.582879937239554,0.9919822470987674,0.8631311339303667
00-0039907,2024,WR,37,2,22.0,0.0,0.0,1.0,2024,2,0.5696983901577252,0.9906921078044612,0.8449669909452702
00-0039344,2024,RB,46,2,21.0,0.0,0.0,1.0,2024,2,0.7761409232904652,0.9870135946545776,1.172258445556308
00-0039890,2024,WR,52,2,21.0,0.0,0.0,1.0,2024,2,0.5490488780329084,0.9820709862622183,0.8316228280458009
00-0039912,2024,TE,53,2,22.0,0.0,0.0,1.0,2024,2,0.45902420355166357,0.9887062689680814,0.610582440120859
00-0039920,2024,WR,65,3,22.0,0.0,0.0,1.0,2024,2,0.38790129676038215,0.9701354260533039,0.5379972568964008
00-0039921,2024,RB,66,3,22.0,0.0,0.0,1.0,2024,2,0.5880122230795842,0.9719070792933623,0.7838604602968309
00-0039810,2024,WR,80,3,23.0,0.0,0.0,1.0,2024,2,0.3269078894622004,0.9596788736208093,0.4595722107584818
00-0039737,2024,TE,82,3,22.0,0.0,0.0,1.0,2024,2,0.2624888976937407,0.9680947639272629,0.3426611536418471
00-0039738,2024,RB,83,3,23.0,1.0,1.0,1.0,2024,2,0.49572238455186857,0.9601584737900289,0.661873524566891
00-0039739,2024,WR,84,3,23.0,0.0,0.0,1.0,2024,2,0.3200908645710727,0.956181024111254,0.4522286504108294
00-0039811,2024,RB,88,3,23.0,0.0,0.0,1.0,2024,2,0.48045815710739054,0.9558481912743676,0.6457562286553136
00-0039855,2024,WR,92,3,22.0,1.0,1.0,1.0,2024,2,0.3367203075066507,0.9459568497146822,0.48140030845923487
00-0039355,2024,WR,100,3,23.0,0.0,0.0,1.0,2024,2,0.29636420892657395,0.9411740048837784,0.426726556555712
00-0039356,2024,TE,101,4,21.0,0.0,0.0,1.0,2024,2,0.18072706129882668,0.9400255999549679,0.22780787586252205
00-0039868,2024,WR,102,4,21.0,1.0,1.0,1.0,2024,2,0.2714373246465558,0.9195586882858112,0.36144925454684473
00-0039847,2024,TE,107,4,23.0,1.0,1.0,1.0,2024,2,0.13664473206641078,0.9400981409666705,0.17681451804743747
00-0039853,2024,WR,110,4,22.0,0.0,0.0,1.0,2024,2,0.23702805475798017,0.9137661010388526,0.31856885731710705
00-0039792,2024,WR,113,4,23.0,0.0,0.0,1.0,2024,2,0.21086588969208714,0.914601594184905,0.2849361546060796
00-0039814,2024,TE,115,4,23.0,0.0,0.0,1.0,2024,2,0.1273392899199273,0.9314125443237956,0.16778137466464377
00-0039874,2024,RB,120,4,21.0,0.0,0.0,1.0,2024,2,0.3746835994690079,0.9007442079414,0.48631976869459553
00-0039793,2024,TE,121,4,22.0,1.0,1.0,1.0,2024,2,0.13604795678527004,0.9204147696576686,0.18016611811433508
00-0039359,2024,TE,123,4,24.0,0.0,0.0,1.0,2024,2,0.10583897873806368,0.9263675962128374,0.14315503364489554
00-0039361,2024,RB,125,4,22.0,1.0,2.0,1.0,2024,2,0.3344104136189994,0.8992788676949615,0.4340441960349791
00-0039746,2024,RB,127,4,22.0,0.0,0.0,1.0,2024,2,0.33073046507079484,0.8966126887233609,0.43066181096332234
00-0039875,2024,RB,128,4,24.0,1.0,1.0,1.0,2024,2,0.2728801352955763,0.9057533255531796,0.3525102050551529
00-0039363,2024,RB,129,4,24.0,0.0,0.0,1.0,2024,2,0.27127037563203665,0.9045285670810456,0.3510868471367603
00-0039824,2024,TE,131,4,23.0,0.0,0.0,1.0,2024,2,0.11189972750729361,0.9127113769862386,0.15251511169515639
00-0039794,2024,RB,134,4,20.0,0.0,0.0,1.0,2024,2,0.3789665723300451,0.8748686984749688,0.5060600124988001
00-0039365,2024,WR,135,4,23.0,0.0,0.0,1.0,2024,2,0.1925869744360438,0.8864051063951496,0.2671261235366152
00-0039816,2024,WR,142,5,23.0,0.0,0.0,1.0,2024,2,0.13674712119890875,0.85578469610784,0.17755877958157895
00-0039373,2024,RB,147,5,21.0,0.0,0.0,1.0,2024,2,0.24952475689931838,0.8388486426151592,0.3069193375949917
00-0039376,2024,QB,150,5,23.0,1.0,1.0,1.0,2024,2,0.12469428544405795,0.6807832850639763,0.16979263397399286
00-0039747,2024,WR,152,5,23.0,0.0,0.0,1.0,2024,2,0.13169851804974586,0.8401817967704575,0.17301966906149904
00-0039379,2024,WR,156,5,23.0,0.0,0.0,1.0,2024,2,0.12981359498481373,0.8338755430144063,0.17131646285389832
00-0039796,2024,RB,165,5,23.0,0.0,0.0,1.0,2024,2,0.18410496328919296,0.8256401376083295,0.23328350762710506
00-0039384,2024,RB,166,5,24.0,1.0,2.0,1.0,2024,2,0.16402464459469712,0.8323682364733522,0.20857901607109458
00-0039385,2024,RB,167,5,24.0,0.0,0.0,1.0,2024,2,0.16316630073894828,0.8308265063640178,0.20787114663623638
00-0039386,2024,WR,170,5,23.0,0.0,0.0,1.0,2024,2,0.12374017697471607,0.8115901397446688,0.1657946512599322
00-0039797,2024,QB,171,5,24.0,0.0,0.0,0.0,2024,2,0.1008269766304448,0.6465722120457303,0.14156306485088532
00-0039798,2024,RB,173,5,22.0,0.0,0.0,1.0,2024,2,0.19706527369828952,0.8037200781950082,0.25297863211810534
00-0039391,2024,RB,181,6,23.0,1.0,1.0,1.0,2024,2,0.12320146109192973,0.7687997232452707,0.14787778317721917
00-0039392,2024,WR,182,6,24.0,0.0,0.0,1.0,2024,2,0.07505383118204234,0.770947406315858,0.09586668779319821
00-0039880,2024,WR,184,6,23.0,1.0,1.0,1.0,2024,2,0.08432247548136057,0.7568842111716112,0.10692953023142551
00-0039236,2024,WR,185,6,23.0,0.0,0.0,1.0,2024,2,0.0840556674408891,0.755104606811608,0.10670293262355632
00-0039393,2024,RB,186,6,22.0,0.0,0.0,1.0,2024,2,0.135003433353332,0.7489564709905517,0.16288378774899587
00-0039394,2024,WR,187,6,23.0,0.0,0.0,1.0,2024,2,0.08352861934731085,0.751548103698701,0.10625479119541179
00-0039397,2024,WR,191,6,24.0,0.0,0.0,0.0,2024,2,0.07294235544307281,0.7554247778895257,0.09406453279890904
00-0039398,2024,QB,193,6,24.0,0.0,0.0,1.0,2024,2,0.06520025011625341,0.5558720196013137,0.0874185802047866
00-0039399,2024,TE,194,6,25.0,0.0,0.0,0.0,2024,2,0.028333746417787225,0.7872912267736552,0.03887338283016431
00-0039405,2024,RB,205,6,25.0,0.0,0.0,1.0,2024,2,0.08631459697341855,0.7484571290920329,0.10931606438371433
00-0039407,2024,RB,208,6,24.0,0.0,0.0,1.0,2024,2,0.09611388621060098,0.7320851055437799,0.12157897357414454
00-0039751,2024,WR,213,6,23.0,0.0,0.0,1.0,2024,2,0.077382193276532,0.7058200996387373,0.10097452174626168
00-0039410,2024,WR,216,6,24.0,1.0,1.0,1.0,2024,2,0.06780665452143415,0.7127581357385947,0.08962261447415064
00-0039801,2024,QB,218,6,24.0,0.0,0.0,0.0,2024,2,0.05945240996896061,0.5068573296141178,0.08162135098867826
00-0039415,2024,WR,225,7,22.0,0.0,0.0,0.0,2024,2,0.05969418448436481,0.6307012699411644,0.07290855860882706
00-0039420,2024,TE,231,7,23.0,0.0,0.0,1.0,2024,2,0.021006578069720623,0.6586914149328561,0.027832873206758292
00-0039424,2024,WR,235,7,26.0,0.0,0.0,1.0,2024,2,0.034935158688452414,0.666411388677108,0.04506357007743323
00-0039884,2024,WR,241,7,23.0,0.0,0.0,1.0,2024,2,0.050482732984000786,0.6157375020160032,0.06321768712114954
00-0039238,2024,QB,245,7,22.0,0.0,0.0,0.0,2024,2,0.04900171491354291,0.3864307929886155,0.0630406606669634
00-0039754,2024,TE,246,7,24.0,0.0,0.0,1.0,2024,2,0.01719020571759773,0.6433116770750853,0.02352101399093126
00-0039437,2024,WR,253,7,23.0,0.0,0.0,0.0,2024,2,0.049016174785428045,0.5950793622111352,0.06200959432656038
00-0040676,2025,QB,1,1,23.0,1.0,1.0,1.0,2025,1,0.8774949395671465,0.9817708329707251,0.8774949395671465
00-0040718,2025,WR,2,1,22.0,0.0,0.0,0.0,2025,1,0.8396129052870014,0.997726820305965,0.8396129052870014
00-0040122,2025,RB,6,1,21.0,1.0,1.0,1.0,2025,1,0.8368733660193122,0.9861279088790137,0.8368733660193122
00-0040124,2025,WR,8,1,22.0,1.0,1.0,1.0,2025,1,0.7126690148640283,0.992577784100545,0.7126690148640283
00-0040126,2025,TE,10,1,21.0,1.0,1.0,1.0,2025,1,0.5610866333279312,0.9940074031420174,0.5610866333279312
00-0040128,2025,TE,14,1,23.0,1.0,1.0,1.0,2025,1,0.45747996876787583,0.992674283139672,0.45747996876787583
00-0040129,2025,WR,19,1,22.0,1.0,1.0,1.0,2025,1,0.6088071898713399,0.984545260671894,0.6088071898713399
00-0040666,2025,RB,22,1,22.0,1.0,1.0,1.0,2025,1,0.7077060910044948,0.9735837318848131,0.7077060910044948
00-0040667,2025,WR,23,1,22.0,0.0,0.0,1.0,2025,1,0.5840340653825052,0.9818447286501382,0.5840340653825052
00-0040691,2025,QB,25,1,22.0,1.0,1.0,1.0,2025,1,0.5724763908555169,0.8995652281833321,0.5724763908555169
00-0040130,2025,WR,34,2,22.0,1.0,1.0,1.0,2025,1,0.41510633911085887,0.9648426319804295,0.41510633911085887
00-0040784,2025,RB,36,2,21.0,1.0,1.0,1.0,2025,1,0.5656741427617955,0.94933038462017,0.5656741427617955
00-0040734,2025,RB,38,2,22.0,1.0,1.0,1.0,2025,1,0.5345242052844755,0.9508136675208977,0.5345242052844755
00-0040735,2025,WR,39,2,21.0,1.0,1.0,1.0,2025,1,0.4211504251680325,0.9582478561247092,0.4211504251680325
00-0040743,2025,QB,40,2,25.0,1.0,1.0,1.0,2025,1,0.32403852805117184,0.8556471742350665,0.32403852805117184
00-0040736,2025,TE,42,2,21.0,0.0,0.0,1.0,2025,1,0.23901276471177546,0.9671972832642663,0.23901276471177546
00-0040737,2025,TE,46,2,22.0,0.0,0.0,1.0,2025,1,0.21149254168850168,0.9663432405978968,0.21149254168850168
00-0040739,2025,TE,50,2,22.0,0.0,0.0,1.0,2025,1,0.20260286098646738,0.9636273381503387,0.20260286098646738
00-0040727,2025,WR,55,2,23.0,0.0,0.0,1.0,2025,1,0.3316293727845602,0.9507782211664945,0.3316293727845602
00-0040729,2025,WR,58,2,22.0,0.0,0.0,1.0,2025,1,0.34735824792968406,0.9455385271156862,0.34735824792968406
00-0040730,2025,RB,60,2,24.0,1.0,1.0,1.0,2025,1,0.428378725927116,0.9443585330921449,0.428378725927116
00-0040663,2025,TE,67,3,21.0,1.0,1.0,1.0,2025,1,0.12641277039964127,0.930229258501632,0.12641277039964127
00-0040131,2025,WR,69,3,22.0,0.0,0.0,1.0,2025,1,0.23220736244894058,0.9138934074853678,0.23220736244894058
00-0040669,2025,WR,70,3,23.0,0.0,0.0,1.0,2025,1,0.21375937698849348,0.9176581076337024,0.21375937698849348
00-0040134,2025,WR,74,3,22.0,0.0,0.0,1.0,2025,1,0.2255547100679591,0.9090551401701604,0.2255547100679591
00-0040138,2025,WR,79,3,23.0,0.0,0.0,1.0,2025,1,0.2030104592160681,0.9094758716169663,0.2030104592160681
00-0040142,2025,RB,83,3,22.0,0.0,0.0,1.0,2025,1,0.3261970738345399,0.8990475850299144,0.3261970738345399
00-0040009,2025,WR,87,3,23.0,0.0,0.0,1.0,2025,1,0.19473070513745278,0.9024331220447978,0.19473070513745278
00-0040673,2025,QB,92,3,22.0,0.0,0.0,1.0,2025,1,0.20260530836809862,0.6909403226784098,0.20260530836809862
00-0040704,2025,QB,94,3,24.0,0.0,0.0,1.0,2025,1,0.17086714196388317,0.7140726002773758,0.17086714196388317
00-0040154,2025,WR,102,3,22.0,0.0,0.0,1.0,2025,1,0.1967871596900636,0.8836067644948548,0.1967871596900636
00-0040705,2025,WR,103,4,23.0,1.0,1.0,1.0,2025,1,0.12108801942805344,0.8502514997577711,0.12108801942805344
00-0040719,2025,RB,104,4,22.0,0.0,0.0,1.0,2025,1,0.2124396122997275,0.8479721353169697,0.2124396122997275
00-0040715,2025,RB,105,4,23.0,1.0,1.0,1.0,2025,1,0.19562670877254715,0.8550347129542032,0.19562670877254715
00-0040581,2025,WR,108,4,22.0,0.0,0.0,1.0,2025,1,0.1291001526369093,0.8368240199050234,0.1291001526369093
00-0040582,2025,WR,110,4,23.0,0.0,0.0,1.0,2025,1,0.11736785533315591,0.8429318352814146,0.11736785533315591
00-0040644,2025,RB,114,4,21.0,0.0,0.0,1.0,2025,1,0.22138899294337916,0.8329796578560467,0.22138899294337916
00-0040583,2025,RB,116,4,24.0,1.0,1.0,1.0,2025,1,0.1732697085771263,0.8557881180918616,0.1732697085771263
00-0040692,2025,RB,117,4,22.0,0.0,0.0,0.0,2025,1,0.20271723990169502,0.8393892119892085,0.20271723990169502
00-0040584,2025,TE,120,4,23.0,0.0,0.0,1.0,2025,1,0.048303449560096585,0.8590213377375793,0.048303449560096585
00-0040162,2025,RB,126,4,20.0,0.0,0.0,1.0,2025,1,0.229868846491231,0.8161427350327948,0.229868846491231
00-0040164,2025,WR,128,4,23.0,0.0,0.0,1.0,2025,1,0.10916933523195509,0.824954495837845,0.10916933523195509
00-0040646,2025,WR,133,4,22.0,0.0,0.0,1.0,2025,1,0.11700206571070856,0.8109629031024248,0.11700206571070856
00-0040170,2025,WR,136,4,22.0,1.0,1.0,1.0,2025,1,0.1157660692583233,0.8080138982781095,0.1157660692583233
00-0040172,2025,WR,138,4,23.0,0.0,0.0,1.0,2025,1,0.10528951730626573,0.8154460024114459,0.10528951730626573
00-0040668,2025,QB,144,5,23.0,1.0,1.0,1.0,2025,1,0.06541787698899401,0.48450228232610754,0.06541787698899401
00-0040177,2025,RB,147,5,21.0,0.0,0.0,0.0,2025,1,0.1350726250395238,0.7545704266231062,0.1350726250395238
00-0040586,2025,RB,149,5,21.0,0.0,0.0,1.0,2025,1,0.13428219821347698,0.7531846909220064,0.13428219821347698
00-0040179,2025,RB,151,5,22.0,0.0,0.0,1.0,2025,1,0.12248800592468377,0.7630462578168277,0.12248800592468377
00-0040184,2025,WR,158,5,23.0,0.0,0.0,1.0,2025,1,0.0639028888319298,0.7362394283995168,0.0639028888319298
00-0040187,2025,TE,163,5,22.0,0.0,0.0,1.0,2025,1,0.02785428180441276,0.7516456573003679,0.02785428180441276
00-0040189,2025,TE,165,5,22.0,1.0,1.0,1.0,2025,1,0.027640611664663573,0.7494435337720818,0.027640611664663573
00-0040648,2025,WR,166,5,22.0,0.0,0.0,1.0,2025,1,0.06835745019805205,0.7156563838590594,0.06835745019805205
00-0040194,2025,TE,173,5,24.0,0.0,0.0,1.0,2025,1,0.022123808360636224,0.7635583669253829,0.022123808360636224
00-0040649,2025,TE,175,5,23.0,0.0,0.0,1.0,2025,1,0.02418775029510855,0.750269462480527,0.02418775029510855
00-0040198,2025,RB,179,6,21.0,0.0,0.0,1.0,2025,1,0.08111251092872523,0.661736029186827,0.08111251092872523
00-0040014,2025,QB,181,6,22.0,0.0,0.0,0.0,2025,1,0.04076419039331757,0.3567452406260262,0.04076419039331757
00-0040202,2025,RB,184,6,22.0,0.0,0.0,1.0,2025,1,0.07310634216245947,0.6719387676599622,0.07310634216245947
00-0040203,2025,QB,185,6,23.0,0.0,0.0,0.0,2025,1,0.03664441523940223,0.3681565247191837,0.03664441523940223
00-0040205,2025,RB,188,6,22.0,0.0,0.0,1.0,2025,1,0.072378289074542,0.6693134244937411,0.072378289074542
00-0040206,2025,QB,189,6,22.0,0.0,0.0,1.0,2025,1,0.03984138736515227,0.3514204738938026,0.03984138736515227
00-0040208,2025,RB,193,6,23.0,0.0,0.0,1.0,2025,1,0.06521289731567843,0.6795550202591686,0.06521289731567843
00-0040211,2025,QB,197,6,24.0,0.0,0.0,0.0,2025,1,0.03221423659705252,0.3745342607251214,0.03221423659705252
00-0040215,2025,TE,202,6,22.0,0.0,0.0,0.0,2025,1,0.01531509596096989,0.635819336759447,0.01531509596096989
00-0040075,2025,WR,203,6,23.0,0.0,0.0,1.0,2025,1,0.03588009470149041,0.6150081394915207,0.03588009470149041
00-0040218,2025,WR,208,6,22.0,0.0,0.0,1.0,2025,1,0.03896400042169532,0.5954160028320913,0.03896400042169532
00-0040220,2025,QB,213,6,,0.0,0.0,0.0,2025,1,0.03399647711081949,0.35069125384243066,0.03399647711081949
00-0040222,2025,QB,215,6,24.0,0.0,0.0,0.0,2025,1,0.030743928474024695,0.36357505249271355,0.030743928474024695
00-0040225,2025,TE,219,7,22.0,0.0,0.0,1.0,2025,1,0.009124689341013738,0.5339678966910847,0.009124689341013738
00-0040651,2025,RB,223,7,21.0,0.0,0.0,0.0,2025,1,0.047008403697156004,0.5513985709925037,0.047008403697156004
00-0040589,2025,QB,227,7,24.0,0.0,0.0,0.0,2025,1,0.018845767992277492,0.28244433240208383,0.018845767992277492
00-0040078,2025,RB,228,7,22.0,0.0,0.0,1.0,2025,1,0.04232304826653022,0.5634611492141586,0.04232304826653022
00-0040234,2025,QB,231,7,22.0,0.0,0.0,1.0,2025,1,0.022653264073038613,0.2565310961297582,0.022653264073038613
00-0040236,2025,RB,233,7,23.0,1.0,1.0,1.0,2025,1,0.03809486764641154,0.5755140573546382,0.03809486764641154
00-0040237,2025,WR,235,7,23.0,1.0,1.0,1.0,2025,1,0.021009464145146498,0.4999176877700189,0.021009464145146498
00-0040238,2025,RB,236,7,21.0,0.0,0.0,1.0,2025,1,0.04575072781234013,0.5436410760268681,0.04575072781234013
00-0040653,2025,WR,238,7,23.0,0.0,0.0,0.0,2025,1,0.020869339352737538,0.4971989656161433,0.020869339352737538
00-0040021,2025,RB,239,7,22.0,0.0,0.0,1.0,2025,1,0.04137484400351615,0.5570457882993183,0.04137484400351615
00-0040239,2025,WR,240,7,23.0,0.0,0.0,0.0,2025,1,0.020777401829626316,0.4954055374621278,0.020777401829626316
00-0040240,2025,TE,241,7,24.0,0.0,0.0,0.0,2025,1,0.007052367781510292,0.541420646484902,0.007052367781510292
00-0040590,2025,WR,242,7,22.0,0.0,0.0,1.0,2025,1,0.022785214235547285,0.47835220307926707,0.022785214235547285
00-0040241,2025,WR,244,7,22.0,0.0,0.0,1.0,2025,1,0.022686677707457345,0.4765917811867194,0.022686677707457345
00-0040242,2025,RB,245,7,24.0,1.0,1.0,1.0,2025,1,0.033803220780490854,0.583651876412202,0.033803220780490854
00-0040244,2025,TE,248,7,22.0,0.0,0.0,1.0,2025,1,0.008422672711343396,0.50403595889053,0.008422672711343396
00-0040247,2025,WR,252,7,,0.0,0.0,0.0,2025,1,0.0223044447591253,0.4696975176151445,0.0223044447591253
00-0040250,2025,TE,255,7,24.0,0.0,0.0,0.0,2025,1,0.006800149513728591,0.5278719608213421,0.006800149513728591
