gsis_id,name,position,team,draft_season,pick,round,age_at_draft,coverage_status,p_qual_year1,p_qual_year2,p_qual_year3,p_qual_year4,p_qual_year5,p_played_h1,p_qual_h1,e_qual_seasons_h1,e_qual_seasons_given_qual_h1,p_played_h2,p_qual_h2,e_qual_seasons_h2,e_qual_seasons_given_qual_h2,p_played_h3,p_qual_h3,e_qual_seasons_h3,e_qual_seasons_given_qual_h3,p_played_h4,p_qual_h4,e_qual_seasons_h4,e_qual_seasons_given_qual_h4,p_played_h5,p_qual_h5,e_qual_seasons_h5,e_qual_seasons_given_qual_h5,model_version,p_qual_year1_lo90,p_qual_year1_hi90,p_qual_year2_lo90,p_qual_year2_hi90,p_qual_year3_lo90,p_qual_year3_hi90,p_qual_year4_lo90,p_qual_year4_hi90,p_qual_year5_lo90,p_qual_year5_hi90,p_played_h1_lo90,p_played_h1_hi90,p_qual_h1_lo90,p_qual_h1_hi90,e_qual_seasons_h1_lo90,e_qual_seasons_h1_hi90,e_qual_seasons_given_qual_h1_lo90,e_qual_seasons_given_qual_h1_hi90,p_played_h2_lo90,p_played_h2_hi90,p_qual_h2_lo90,p_qual_h2_hi90,e_qual_seasons_h2_lo90,e_qual_seasons_h2_hi90,e_qual_seasons_given_qual_h2_lo90,e_qual_seasons_given_qual_h2_hi90,p_played_h3_lo90,p_played_h3_hi90,p_qual_h3_lo90,p_qual_h3_hi90,e_qual_seasons_h3_lo90,e_qual_seasons_h3_hi90,e_qual_seasons_given_qual_h3_lo90,e_qual_seasons_given_qual_h3_hi90,p_played_h4_lo90,p_played_h4_hi90,p_qual_h4_lo90,p_qual_h4_hi90,e_qual_seasons_h4_lo90,e_qual_seasons_h4_hi90,e_qual_seasons_given_qual_h4_lo90,e_qual_seasons_given_qual_h4_hi90,p_played_h5_lo90,p_played_h5_hi90,p_qual_h5_lo90,p_qual_h5_hi90,e_qual_seasons_h5_lo90,e_qual_seasons_h5_hi90,e_qual_seasons_given_qual_h5_lo90,e_qual_seasons_given_qual_h5_hi90
00-0041562,Fernando Mendoza,QB,LVR,2026,1,1,22.0,scored,0.8931072408917681,0.9527761002555715,0.8559832582250801,0.8664771149813807,0.849963736756249,0.9752753976870794,0.8931072408917681,0.8931072408917681,1.0,0.999914833599365,0.9815156769817708,1.8458833411473394,1.8806458057028284,0.9998719171089484,0.9855492470880327,2.7018665993724196,2.741483094178732,0.9998791320136915,0.9912430415107818,3.5683437143538,3.5998676055422147,0.9999263099697931,0.9920219572903933,4.418307451110049,4.453840379882523,dg165_rookie_capital_v1,0.7943515056506733,0.9491674523063878,0.9127257499893978,0.9839624645343262,0.7667040885243425,0.9283750350477982,0.7542998825242024,0.9318841201915855,0.7424464589612624,0.9235967827946434,0.9267777422010391,0.9960876008621578,0.7943515056506733,0.9491674523063878,0.7943515056506733,0.9491674523063878,1.0,1.0,0.9991046901245144,0.9999943980210162,0.9604637226082702,0.9954629825415738,1.7534307708932735,1.917032960491335,1.793575898750004,1.9400657480208237,0.9985759719826717,0.9999908422051231,0.9617202690331197,0.997724802658233,2.5410709689063657,2.827720305687705,2.5986199624446487,2.8571866180310708,0.9988060522529962,0.9999933571108317,0.9690663164543027,0.9988907482199101,3.3283836928845427,3.7443755599333124,3.404761139180401,3.761916383601379,0.9990012092409917,0.9999945462443697,0.972246180305874,0.9990165070070984,4.1483235832417495,4.6369782585086305,4.202286079811714,4.6621000138093205
00-0041027,Jeremiyah Love,RB,ARI,2026,3,1,21.0,scored,0.8882523590359239,0.9567654433813556,0.8969733848292009,0.9369809961745259,0.855196124462819,0.9842446517706743,0.8882523590359239,0.8882523590359239,1.0,0.9999196205578889,0.9889895092668284,1.8450178024172796,1.8655585171829114,0.9998885243184422,0.9921156218383306,2.7419911872464806,2.763781888814265,0.9999079654337438,0.99275462874864,3.6789721834210063,3.7058222413511426,0.9998955116768565,0.9942721267614385,4.534168307883825,4.560289065582681,dg165_rookie_capital_v1,0.8010062356070647,0.9459021679023848,0.9051075266004167,0.9852979151242508,0.7930608601147191,0.9589414877984465,0.8760907115669262,0.9737473488209458,0.742024987537361,0.930972852083662,0.9519283193304151,0.9974387625269993,0.8010062356070647,0.9459021679023848,0.8010062356070647,0.9459021679023848,1.0,1.0,0.9994928153214132,0.999988414832057,0.9752414663531901,0.9965611825504181,1.746984248458787,1.906813742666376,1.7780216307998704,1.9246994492149423,0.9993389936023909,0.999982435276196,0.979912559065745,0.9979597322448596,2.603465435100305,2.8415918529703483,2.6511555263355557,2.8538694040641417,0.9993700961338688,0.9999872417460058,0.9820429882106495,0.9981452378280541,3.521591227869746,3.7884869060986732,3.563039379315367,3.804554786074486,0.9993082662777936,0.9999850404305234,0.9857016860651723,0.9985241259011023,4.3180001069205485,4.669633805048505,4.35893140926881,4.689865624830745
00-0041438,Carnell Tate,WR,TEN,2026,4,1,21.0,scored,0.7906039379181877,0.7698924304150813,0.8246765226202443,0.8489726993316559,0.7316641229910851,0.9911407512773731,0.7906039379181877,0.7906039379181877,1.0,0.99981451909494,0.9054763890079696,1.5604963683332689,1.7233981882652207,0.9997964194942482,0.9437308210680091,2.385172890953513,2.5273868752683533,0.999829631481614,0.9408623548982197,3.234145590285169,3.4374269237661563,0.9998081838126711,0.9493078029969206,3.965809713276254,4.177580444147175,dg165_rookie_capital_v1,0.6782489523534898,0.8698020003647493,0.6759777795158668,0.8553477242892755,0.735828745928187,0.8951493542319597,0.7771633777055403,0.9161541694134524,0.6292992707533855,0.8182103667758421,0.9617083708486455,0.9983843885095749,0.6782489523534898,0.8698020003647493,0.6782489523534898,0.8698020003647493,1.0,1.0,0.9992638171106974,0.9999636595553865,0.827351440549071,0.9553916040806594,1.380540158317762,1.7054194534096352,1.609815746449963,1.8156131442530574,0.9990195333915259,0.9999546467476409,0.8946022129944805,0.9777412108415793,2.134513956571724,2.568512971942359,2.350584515277439,2.667854572419277,0.9992878883668814,0.9999660315009323,0.8900976984789974,0.9759069132515203,2.9335639027783156,3.457145913733925,3.2484291112467356,3.6194534803848994,0.9992048748801999,0.9999641155226677,0.8983662015886137,0.9820164127876352,3.629755171120166,4.244861669307257,3.9374085116184614,4.422583696098433
00-0041029,Jordyn Tyson,WR,NOR,2026,8,1,22.0,scored,0.7069752534796926,0.6978238241849725,0.7502462405755349,0.7392341747541115,0.6065007286374822,0.9874267156575478,0.7069752534796926,0.7069752534796926,1.0,0.9994474455941053,0.8442359685646503,1.404799077664665,1.6639886595368243,0.9993938311157784,0.8969822538210728,2.1550453182402,2.4025506737283586,0.9994734815343738,0.8927720359318174,2.894279492994311,3.241902049467141,0.9994180485079319,0.9050483490143718,3.5007802216317936,3.868058789836213,dg165_rookie_capital_v1,0.60891861609851,0.7839026001913645,0.6105317868651259,0.7801728880494856,0.6618560972806081,0.8287192011431354,0.6606716711846892,0.8200001456810514,0.5237320111587993,0.6986590303266104,0.9628114683020762,0.9963439393165828,0.60891861609851,0.7839026001913645,0.60891861609851,0.7839026001913645,1.0,1.0,0.9984083775430679,0.9998350273217969,0.7778002823269257,0.9049963649739834,1.2617147667129844,1.5399147997720661,1.57480428830558,1.7573222857709778,0.9980884913734914,0.9998169331629763,0.8443125375527027,0.9458440310632655,1.94482761512709,2.3315879154195467,2.2681273696128663,2.539100400310833,0.9985173214686317,0.9998322549537192,0.8374207733078235,0.9393014882368682,2.6277379845419895,3.128323388572967,3.060874652084573,3.4194400294802976,0.9982930736482835,0.9998213136844841,0.8446502109391857,0.9563393697081407,3.1744601306472986,3.783161919118384,3.6654791848723325,4.102157712643153
00-0041568,Ty Simpson,QB,LAR,2026,13,1,23.0,scored,0.6427396235659676,0.759693158085827,0.5779267853212966,0.5571671250577419,0.47256868829529175,0.9318585687281303,0.6427396235659676,0.6427396235659676,1.0,0.9957530659055197,0.8368849209868425,1.4024327816517945,1.6757773338753268,0.995198691577844,0.8633800986390834,1.9803595669730911,2.29372853288449,0.9953716921722655,0.9028984407513391,2.5375266920308333,2.810423163339669,0.996531510108005,0.9056880849163306,3.010095380326125,3.3235453026901687,dg165_rookie_capital_v1,0.5531165880829662,0.7289473651067809,0.6969432448710654,0.8302125084938184,0.504622893595022,0.6592934385578002,0.4630524861790337,0.6393751412749469,0.38132608611132474,0.5623694179297807,0.8960376166917713,0.9652649193519645,0.5531165880829662,0.7289473651067809,0.5531165880829662,0.7289473651067809,1.0,1.0,0.987759481606774,0.9987455358268402,0.7715127916647446,0.8976200095360067,1.2858771537454872,1.527026052181294,1.5672433684457245,1.755050722730647,0.9876348009815982,0.9984005135064539,0.7999115370698299,0.9296890975319736,1.822265417415797,2.14246078161637,2.1534657357612446,2.448767029534405,0.9872584417958084,0.9986881412174118,0.8444610029137415,0.9557535556713465,2.3129324041192993,2.7642098625188587,2.6070027545379126,2.9964933838205376,0.9891998060219657,0.998873870126918,0.8513069926104958,0.9568067650230202,2.725673049856183,3.2778779084337923,3.0813866018988296,3.557557564614229
00-0041032,Kenyon Sadiq,TE,NYJ,2026,16,1,21.0,scored,0.5053027680083939,0.771040748196849,0.771024438580224,0.7533274646240754,0.6403774032131506,0.9895302517540399,0.5053027680083939,0.5053027680083939,1.0,0.9989419151554071,0.8404811134673336,1.2763435162052428,1.518586790058608,0.9990600053407249,0.9163269299407846,2.0473679547854666,2.2343204023456704,0.9994609854675895,0.9330346013321941,2.800695419409542,3.0017058482190127,0.9994464998205578,0.9373717083153718,3.4410728226226928,3.6709800307574136,dg165_rookie_capital_v1,0.3855569991756522,0.6316887481439882,0.6739703772775694,0.8686646774507137,0.6802967806749396,0.859257864836464,0.6560359417590932,0.8335905791854104,0.5302691487514074,0.7400235432564036,0.9790807524916751,0.9952548498450193,0.3855569991756522,0.6316887481439882,0.3855569991756522,0.6316887481439882,1.0,1.0,0.9968873503642828,0.9996192197402417,0.7647891514917433,0.9025426248256139,1.1186968154766332,1.4664905233148482,1.3850869497901581,1.6746516625461076,0.9971773106479372,0.9996767600786978,0.8796580964090528,0.9511370317337787,1.8515106281497524,2.2777610869577227,2.037105703864834,2.4494790386730694,0.9988964777088554,0.9997619184707038,0.8967735997038785,0.9591719267500485,2.5554564763059386,3.0554867326149298,2.806791517957017,3.224501515064151,0.9988853498783435,0.9997521940849948,0.9034659705610968,0.9654692136803815,3.13903171310613,3.729807188466068,3.4126499919645172,3.941214770838889
00-0040867,Makai Lemon,WR,PHI,2026,20,1,22.0,scored,0.5943150046019213,0.623716963990707,0.662657807226289,0.6002119474530798,0.47828586381226046,0.9788718003163345,0.5943150046019213,0.5943150046019213,1.0,0.997446071609773,0.7488263071856835,1.2180319685926282,1.6265881111607334,0.9972728011184934,0.8139629497014812,1.8806897758189172,2.3105348671074712,0.9974588315201732,0.8151008028548902,2.480901723271997,3.0436747388576237,0.9973515523626529,0.8302281549666558,2.9591875870842577,3.5643064733249217,dg165_rookie_capital_v1,0.5387446750335144,0.6527465619024317,0.5646011588731317,0.6824944763263334,0.6079116778098056,0.7205474134672143,0.5438366531074711,0.6525144756675972,0.41649518974330085,0.5447630806766439,0.9607285472627194,0.9897262155408266,0.5387446750335144,0.6527465619024317,0.5387446750335144,0.6527465619024317,1.0,1.0,0.9947785010333483,0.9988006739510809,0.6979185136751135,0.7999770627789876,1.1207341511933138,1.306982990193724,1.5593974532624988,1.6957484220904675,0.9943786064421145,0.9987292860000535,0.768674572403275,0.8625119448890428,1.7379226819456437,2.0214525620898285,2.222149322704699,2.4029299296398126,0.9950393620293949,0.9987050722358762,0.7667786078781549,0.8653645085231271,2.2980735546240263,2.6697931602249545,2.910253833153322,3.1708473876503644,0.9947889590078942,0.9987379369981922,0.7749501327606763,0.8843287524635801,2.715103711064748,3.1723675861157625,3.4169360486366345,3.723151613088375
00-0041547,KC Concepcion,WR,CLE,2026,24,1,21.0,scored,0.5873410991466949,0.6362846378666293,0.6721118377861137,0.6185970968578496,0.49678813470626726,0.9755276366720695,0.5873410991466949,0.5873410991466949,1.0,0.9962972950307698,0.7485297450539815,1.223625737013324,1.6347055612667474,0.9961443289934562,0.8136678091338606,1.8957375747994378,2.3298667509255737,0.9962987366387246,0.8210550243071525,2.5143346716572874,3.0623217655589032,0.9962846515051804,0.8354756605584357,3.011122806363555,3.6040820199967367,dg165_rookie_capital_v1,0.5265249565242667,0.6492367458529557,0.5802751796668756,0.6937426131834665,0.6142786551293079,0.7332588010812726,0.5592525956833596,0.6756949044211648,0.43015612357767813,0.5663080275714929,0.9585250919280064,0.9869127964583333,0.5265249565242667,0.6492367458529557,0.5265249565242667,0.6492367458529557,1.0,1.0,0.9930115426247285,0.9980791894257759,0.6946986671574904,0.8013904653811784,1.1234433524193181,1.3282640115883053,1.5807266354632377,1.700474177144973,0.9926644492619631,0.9981448316283889,0.7674799098552695,0.8604372779355192,1.7596973259115172,2.038412805180349,2.239159056533848,2.418842339620512,0.9929726998740757,0.9981324825962546,0.7740807098870923,0.8671778436412839,2.3390913076678497,2.697532963587762,2.9382046850142736,3.1912314735192364,0.9926182711708298,0.9981906370821475,0.7912427554947579,0.88342543083619,2.805714439876201,3.260405286394135,3.4417940440018024,3.7850474290197536
00-0041511,Omar Cooper Jr.,WR,NYJ,2026,30,1,22.0,scored,0.5401789399277163,0.588706119151989,0.619446450341465,0.5312271778968044,0.4214532726959195,0.9734615881595007,0.5401789399277163,0.5401789399277163,1.0,0.9949798995913162,0.6959030410316713,1.1288850590797053,1.6221872768455519,0.9947031674918226,0.7634071503133913,1.7483315094211702,2.290169156397672,0.994908847059658,0.768902170441077,2.2795586873179747,2.964692746296082,0.9948298204773747,0.784473135401559,2.7010119600138944,3.443090449020017,dg165_rookie_capital_v1,0.49157326158652054,0.5987067616146932,0.5339623825356152,0.6391900300131039,0.5635967548479093,0.6756652611183233,0.4780601381262266,0.584400665504907,0.3612446210874396,0.4768516985121795,0.9585333165153537,0.9843586115471855,0.49157326158652054,0.5987067616146932,0.49157326158652054,0.5987067616146932,1.0,1.0,0.9912933695635461,0.9971409501757931,0.6461953646544116,0.7429781479207679,1.0407026341902135,1.2176301854091522,1.5543056754371058,1.6814685259451996,0.9904953699312052,0.9971635907036761,0.7129363986718427,0.8083089592952467,1.6342919974033563,1.8550769977691797,2.2022888589621226,2.390732548515575,0.9909913413526377,0.9971276000241281,0.7170822900901548,0.8141734987712624,2.1254131886957106,2.4311396486632635,2.845221496044722,3.1023889047044357,0.9907018689273824,0.9972579141441453,0.7320712908958009,0.8301695535692276,2.5095964337939436,2.888768075292175,3.293742754364587,3.6092822658185164
00-0041512,Jadarian Price,RB,SEA,2026,32,1,22.0,scored,0.6729201145752308,0.7563468914487504,0.6751748789059859,0.6020292628618377,0.45666737459783097,0.9670564038774816,0.6729201145752308,0.6729201145752308,1.0,0.9952410683228413,0.8638573874955563,1.4292670060239812,1.654517315835692,0.994266444067642,0.884711115768447,2.104441884929967,2.3786768894636077,0.9945444933545369,0.8959450722823523,2.7064711477918046,3.020800305198704,0.994306516697129,0.9048960447488963,3.1631385223896356,3.4955822171456052,dg165_rookie_capital_v1,0.6085912832461923,0.7414893968057469,0.699634296811509,0.8096504466928696,0.6177631726421873,0.7428384966912899,0.5363741133018854,0.6730704823156333,0.39229415745590246,0.537139796064222,0.9501313848387072,0.9819204689508504,0.6085912832461923,0.7414893968057469,0.6085912832461923,0.7414893968057469,1.0,1.0,0.9910441906432699,0.9976107595946585,0.8278350574522836,0.9002210030587542,1.3423901125277962,1.5162286126513789,1.582882176853978,1.7231603011061445,0.9895968232337101,0.9972441765020441,0.8485577485857625,0.9208220233496497,1.985431059655388,2.2236769908249947,2.2870679988923706,2.4753808170975264,0.9897289408240952,0.9972290986421709,0.8612764077562656,0.924471998424301,2.557205058433913,2.8668110454613283,2.899234250023814,3.1482319449923413,0.9893451406017754,0.9970836125803458,0.8734580565383686,0.9337616920222532,2.9791390805094973,3.3585913553205287,3.330668204776085,3.6847711699189216
00-0041035,De'Zhaun Stribling,WR,SFO,2026,33,2,23.0,scored,0.39860786004481685,0.4482703556225033,0.4827829798806416,0.40766605208514295,0.3288957665642103,0.9603023300202685,0.39860786004481685,0.39860786004481685,1.0,0.9931411811726224,0.5707533793410017,0.8468782156673201,1.483790103258145,0.9928887011895736,0.652647706201821,1.3296611955479618,2.037333745162639,0.9932834485322044,0.6590354577585424,1.7373272476331048,2.6361665782626633,0.9929087374178102,0.68210877725825,2.0662230141973152,3.0291693687076426,dg165_rookie_capital_v1,0.3454951360042698,0.45558274842161717,0.39703369661781257,0.5034376145349905,0.42739054758113776,0.5413098544387902,0.3487822128161325,0.46319657218675175,0.2751117718891634,0.3848409406769856,0.9348881309734625,0.9777711437405496,0.3454951360042698,0.45558274842161717,0.3454951360042698,0.45558274842161717,1.0,1.0,0.9882184969948551,0.9963210826965022,0.5092480260930345,0.6341143908412807,0.7553748921737515,0.9435255214297932,1.391405064579298,1.561731284331801,0.9876456075639071,0.9961864064453116,0.5880097490624027,0.7188285923334196,1.1879551246213846,1.4625953021922249,1.9174827601729703,2.1503477105038185,0.9884363761282228,0.9962168176844169,0.5929742027066293,0.7260956236390422,1.5433489575784896,1.9113375522290963,2.481381464528875,2.783968608504628,0.9879419268917008,0.996131569751358,0.6131415634320782,0.748349415802863,1.8382151439703014,2.268720446340096,2.8355012647599396,3.239972749231886
00-0041037,Denzel Boston,WR,CLE,2026,39,2,22.0,scored,0.3936955679050993,0.46301342368000636,0.49519352107322184,0.42903695816336773,0.34740548518351366,0.9545397477612948,0.3936955679050993,0.3936955679050993,1.0,0.9903231501302361,0.572806023641935,0.8567089915851056,1.4956354441562931,0.9902106704751221,0.6548023971532576,1.3519025126583275,2.0645961568493045,0.9904865420050728,0.6703138083102269,1.7809394708216952,2.656874211365584,0.9903154312119902,0.6925988633961635,2.128344956005209,3.0729836106990622,dg165_rookie_capital_v1,0.3547278383941093,0.437812091478091,0.4186230121926346,0.5097443557430884,0.44926245952982274,0.5436635533138113,0.38309195492647163,0.4677107295893286,0.30062646766003515,0.39367212797106754,0.9325826122231053,0.9715456019244045,0.3547278383941093,0.437812091478091,0.3547278383941093,0.437812091478091,1.0,1.0,0.9843584058057079,0.9941984384339214,0.525966513880499,0.6241911436962618,0.7775368909742846,0.9231920303239182,1.4263780704158788,1.5587865425726761,0.9839731193689012,0.9942715993437663,0.6001748779347513,0.7090368918333928,1.2506363538332628,1.4542631257362344,1.9731262451644684,2.160130806550845,0.9844305841753784,0.9941459946576532,0.6185031926654887,0.7223726208527945,1.6498118037966423,1.9163130267621156,2.5460641836497904,2.7892702742337194,0.9841219063840617,0.9943515364006836,0.6394965819885766,0.7464512094497664,1.9694904390497896,2.284506358030214,2.916994225679364,3.2379086649473328
00-0041489,Germie Bernard,WR,PIT,2026,47,2,22.0,scored,0.36972483779699333,0.4462728185308998,0.47359404056431775,0.3976614377513962,0.32382300288196614,0.9496419763226371,0.36972483779699333,0.36972483779699333,1.0,0.9868248456677078,0.5427932045232499,0.8159976563278931,1.5033306414449426,0.9867439428320841,0.6224790783694414,1.2895916968922108,2.0717028759749545,0.9869333917669776,0.6410951752132825,1.687253134643607,2.631829406737126,0.9868551914941335,0.6629344248650821,2.0110761375255732,3.0335973847411224,dg165_rookie_capital_v1,0.33186874332033944,0.4123610256982104,0.3977757501355436,0.4853892370069431,0.43265944070946605,0.5166398345587825,0.3545595169792073,0.43610944893094233,0.2799005944883194,0.3658880828030405,0.9308115781449805,0.9653022751744283,0.33186874332033944,0.4123610256982104,0.33186874332033944,0.4123610256982104,1.0,1.0,0.9799751642925407,0.9914941316526921,0.4974520819756766,0.583357664623523,0.7336482166323054,0.8830743426349975,1.4348190909642433,1.5614270357041813,0.9792543348081192,0.9917312867772875,0.5750829786483257,0.6655705266646452,1.186984131340758,1.3814856691040882,1.97777463190632,2.171373972785713,0.9796200518973122,0.9916767604906896,0.5913006187094987,0.6821774635884092,1.554758849265314,1.804090561141367,2.512048916596446,2.7564853335602058,0.9793741124619678,0.9916112275503404,0.6145006235275067,0.7137915043423242,1.8583753355563561,2.1582760407306525,2.876153855227498,3.197042513296408
00-0041483,Eli Stowers,TE,PHI,2026,54,2,23.0,scored,0.19155940958972587,0.37036644283037623,0.3702820848485535,0.330821866014787,0.2459747579232974,0.9638822398355401,0.19155940958972587,0.19155940958972587,1.0,0.9888037220041971,0.41746281045101497,0.5619258524201021,1.3460500872233705,0.9896236971199444,0.5425981375092923,0.9322079372686556,1.718044852766733,0.992579558789427,0.595248466057146,1.2630298032834426,2.1218531005205263,0.9923342717704606,0.6129871321832321,1.50900456120674,2.461723063960947,dg165_rookie_capital_v1,0.13496469953114223,0.24977430238827025,0.31356589794120404,0.42971809287659896,0.3027533060675589,0.44050152025974776,0.2614891023590173,0.4005459038207085,0.18741502712994612,0.2998512198708751,0.9476331184856085,0.9760733555423416,0.13496469953114223,0.24977430238827025,0.13496469953114223,0.24977430238827025,1.0,1.0,0.9825859386636361,0.9932887194371307,0.3478848425661439,0.4811089645632364,0.4642802941365722,0.6571734978209641,1.2304474642671281,1.4821390418351272,0.9834526833582039,0.993785406851097,0.475364213259658,0.6128905632390351,0.7889077339034407,1.0732056989260685,1.5558893355493564,1.8835308674259563,0.989926638598057,0.9949695215755967,0.5256641389793605,0.6673141968965886,1.0652729040365532,1.4476510173784423,1.9315536235328556,2.3502786284236015,0.9893534294723344,0.9948474785060717,0.5390459211479435,0.6831668636170091,1.291074925188017,1.7239231921341116,2.21760272912849,2.704764474152587
00-0041503,Nate Boerkircher,TE,JAX,2026,56,2,25.0,scored,0.167036919948655,0.30935650351561733,0.30612531679858673,0.2409744495672626,0.18089734171371818,0.9659909261853021,0.167036919948655,0.167036919948655,1.0,0.9895209109075257,0.3521325795908771,0.4763934234642723,1.3528808496440938,0.9898888611342532,0.46318008445415226,0.7825187402628591,1.6894481574807787,0.992939806346933,0.5011618026297623,1.0234931898301216,2.042241017690321,0.992335358106584,0.5176367503056599,1.2043905315438397,2.3267098613702712,dg165_rookie_capital_v1,0.10403526873229474,0.24378588221457123,0.23028967449782983,0.3902285513682073,0.2296998788387668,0.3919333116534068,0.1665095819607814,0.3252665390956693,0.11880217768887037,0.24957099426151752,0.9465465792623554,0.9795927083781352,0.10403526873229474,0.24378588221457123,0.10403526873229474,0.24378588221457123,1.0,1.0,0.9817069485802264,0.9945585904560237,0.25352584803284905,0.4430477891371866,0.3466239365368236,0.6005937472933236,1.187676197395468,1.5367954472578575,0.983236719563093,0.9944725062735182,0.34895893650273696,0.556915939672132,0.589804344547533,0.9783308610706344,1.4847255348036348,1.9558130987304665,0.9892340267526353,0.9959557387410368,0.39757458154560693,0.6057826500736624,0.7935067853780359,1.2588247859674688,1.7848055659636002,2.369496586757558,0.9880170961761708,0.9955833339331835,0.3997241000871614,0.6317776581539409,0.9382581739375953,1.4731949435760727,1.9957364086652567,2.716829167352628
00-0041472,Marlin Klein,TE,HOU,2026,59,2,23.0,scored,0.18193920662166532,0.3520075366049477,0.35171025589108373,0.31201640115752394,0.23042491811280363,0.9613998580476821,0.18193920662166532,0.18193920662166532,1.0,0.986806572967516,0.392959073745664,0.5339467432266131,1.3587846137183255,0.9877388856616988,0.5132419908765029,0.8856569991176968,1.7256128977389245,0.9910613388456302,0.56681267386368,1.1976734002752207,2.112996860340608,0.9908095360678016,0.5847267965592874,1.4280983183880243,2.4423343120092915,dg165_rookie_capital_v1,0.12564564978583043,0.23879592599521043,0.2978939909063316,0.4082109430860838,0.2866782691280232,0.41703576521027313,0.24093119332835525,0.3824721983312692,0.1733053110558013,0.28669166053676837,0.9439106269013928,0.9738893986366159,0.12564564978583043,0.23879592599521043,0.12564564978583043,0.23879592599521043,1.0,1.0,0.9794430007820417,0.9919989772580025,0.3247702329443346,0.4552036644058019,0.44121401623883477,0.6283852146197506,1.246814138321631,1.4913340344409656,0.9805356959946161,0.9925408705173443,0.4415378941457094,0.5826063440239901,0.7501065228413561,1.0282252300178136,1.5582130310262061,1.8926894233144715,0.9878855796167952,0.9938841854785173,0.4938290736106178,0.6395000767079391,1.0038105747540609,1.3738558908204195,1.9198991797903104,2.335862311659424,0.9873458762681304,0.9937079660492004,0.5075482301144661,0.6550577297344407,1.2103266028522497,1.6413737315262782,2.191338547685893,2.7051095267361496
00-0041510,Max Klare,TE,LAR,2026,61,2,23.0,scored,0.17841628492744846,0.34520464509578397,0.34482994843633513,0.3050902383313072,0.22475260932430005,0.9604235526869741,0.17841628492744846,0.17841628492744846,1.0,0.9859668971122936,0.3838653449052617,0.5236209300232324,1.364074504179226,0.9869448873924608,0.5021559864896832,0.8684508784595675,1.729444439227869,0.9904132293036173,0.5559820293438774,1.1735411167908747,2.1107536842077215,0.9901607263794584,0.5739309316911052,1.3982937261151747,2.4363449483286415,dg165_rookie_capital_v1,0.1226184080005982,0.23332085965972488,0.2920442833598845,0.40093033834734926,0.279353113636222,0.407597680530154,0.2333705828032627,0.37559152609725854,0.16818007959918374,0.27928572231276866,0.9425006921013896,0.9731673408481023,0.1226184080005982,0.23332085965972488,0.1226184080005982,0.23332085965972488,1.0,1.0,0.9779881459210932,0.9913719386556045,0.3136534188676872,0.4469711968605561,0.43129410725444167,0.6186543109196816,1.2519355597118391,1.4980654897847203,0.9793347832482605,0.9921040490287267,0.43280856859336797,0.5716738712975136,0.7291125037607006,1.0105962444605816,1.5606373349824867,1.9005523926498828,0.986744998446173,0.9935098760212802,0.4823194289404225,0.6278128119044939,0.9833726174688514,1.3449762457558232,1.9122015213830568,2.332477238176823,0.9865078935840079,0.9932905000672896,0.4957204101799619,0.6441735967723786,1.1800976598333175,1.6055413133123153,2.18571757466176,2.706990345783184
00-0041561,Carson Beck,QB,ARI,2026,65,3,24.0,scored,0.21373789107930283,0.2930836024210707,0.19405857108377914,0.20861734572847232,0.1593760933807479,0.7602879780485943,0.21373789107930283,0.21373789107930283,1.0,0.9297398584150305,0.35396154357855414,0.5068214935003735,1.4318546822245266,0.9370247733977398,0.40911006006724354,0.7008800645841526,1.713182180044539,0.9397864969185541,0.49467577420467995,0.909497410312625,1.8385727738029596,0.9458480506236966,0.5036404780815251,1.068873503693373,2.122294672908226,dg165_rookie_capital_v1,0.15930797185959383,0.2775932203589851,0.22715184506785283,0.350883872747748,0.1436782459937727,0.2401557950518974,0.1577082482170954,0.24941188780912887,0.11317500249583586,0.2056815643237507,0.7071813200461211,0.8141561573891231,0.15930797185959383,0.2775932203589851,0.15930797185959383,0.2775932203589851,1.0,1.0,0.8920788776321473,0.9559120206279141,0.28470991715081767,0.4280499128219229,0.40819803049521075,0.6001846273549845,1.3153215856943459,1.5583288296029894,0.9065335795608995,0.9601813935871596,0.3389039509604146,0.4810901223252788,0.5770663724132185,0.8178303250456567,1.515617047459798,1.9067719896241233,0.9099042488496143,0.9630427479957526,0.420091566126559,0.572818313305063,0.7574852051680747,1.0525318002840212,1.6085107102107572,2.0785858081772597,0.91619277261067,0.9645648627517138,0.42052457812196103,0.5844968168956113,0.8956718558329226,1.2423049030149949,1.8583170337897799,2.4084271068538827
00-0041558,Sam Roush,TE,CHI,2026,69,3,23.0,scored,0.11251608207034554,0.23815523685013443,0.24255863441029138,0.23648762333293305,0.1791144393124953,0.936212359819867,0.11251608207034554,0.11251608207034554,1.0,0.9780951423482365,0.27326941555643636,0.35067131892048,1.2832439305600167,0.9802182315251673,0.3800031058339566,0.5932299533307713,1.5611186967245074,0.9851996902379074,0.43827103176236526,0.8297175766637044,1.8931608902538308,0.984620284390636,0.46147824718600716,1.0088320159761996,2.186087907995307,dg165_rookie_capital_v1,0.07677018112923335,0.14547256984233728,0.19157433932132595,0.2794559633851488,0.1905886174072387,0.2931644668940525,0.185140549565568,0.2906184381715621,0.13619205855282238,0.21689112847586423,0.9144752955863428,0.9555204858024151,0.07677018112923335,0.14547256984233728,0.07677018112923335,0.14547256984233728,1.0,1.0,0.9683425037890421,0.985948952201275,0.22274880929284704,0.3217075934234795,0.28559190158283887,0.418771836427102,1.1795499522418391,1.3972666637041353,0.970889668238087,0.9870207036268495,0.31823443135973445,0.44325204638052945,0.48820996802055744,0.6979109883208733,1.3915719388360324,1.6881393906027016,0.9807458693210892,0.9893293100585816,0.3811519993562605,0.5016987426675659,0.6840313496420175,0.9571921061711006,1.69957890902375,2.071453445912352,0.9797869732428482,0.9889944874953088,0.3963219415745249,0.5275517792480565,0.8465334652116421,1.1610168658561923,1.9538887779803125,2.4085174679254364
00-0041040,Antonio Williams,WR,WAS,2026,71,3,22.0,scored,0.2300499968272157,0.31498344554997926,0.33586827157205096,0.28287495970325494,0.243229211376155,0.9082593034249258,0.2300499968272157,0.2300499968272157,1.0,0.9678283652130905,0.3867671551655348,0.545033442377195,1.4092030181412971,0.9690646675653712,0.46407909364625954,0.8809017139492459,1.898171510007098,0.9688284213438414,0.4958479723488214,1.1637766736525008,2.3470433248717653,0.9688603345981616,0.5218349078092452,1.4070058850286558,2.6962663171299024,dg165_rookie_capital_v1,0.19956093308877323,0.2590421709112651,0.2737671288837927,0.3451606929414483,0.30556781305699654,0.3688645762961606,0.2489914255844272,0.31143656921263796,0.20682632083404962,0.27804800091966203,0.8870344393854024,0.9276882443606095,0.19956093308877323,0.2590421709112651,0.19956093308877323,0.2590421709112651,1.0,1.0,0.9558400965530536,0.9767685165369948,0.3449666479702271,0.41817851782971466,0.4852463886435268,0.5885600489021267,1.350003537866052,1.4642520511935933,0.9570475175911017,0.9774648406202243,0.42625803007464824,0.5024102964078201,0.7959711932607999,0.9469731028908865,1.8123781083446793,1.9922193772360202,0.9564495305719256,0.9782415806588335,0.45049017263631413,0.5334251947650522,1.0586638045484855,1.252927609628351,2.2355758948174067,2.4710474676030785,0.9557552984971501,0.978276692148001,0.47701807455950374,0.5636035304442074,1.2776613917590636,1.5180836418901318,2.5392458669548406,2.854341815366239
00-0041041,Oscar Delp,TE,NOR,2026,73,3,23.0,scored,0.10855260691865203,0.22908879977941046,0.23326870453664666,0.2267220767160241,0.17123405616118442,0.9335373848835021,0.10855260691865203,0.10855260691865203,1.0,0.9757113925204886,0.2606077087172286,0.3376414066980625,1.2955925531136878,0.978024049662568,0.36250309230148603,0.5709101112347091,1.574911010027731,0.9833534088796176,0.4200568290198049,0.7976321879507332,1.8988673266233849,0.9827541203974796,0.4429298076552815,0.9688662441119176,2.1874035735837314,dg165_rookie_capital_v1,0.07388437170431471,0.14147932413737208,0.18459059263620162,0.2687746006915652,0.181603080879772,0.2835618564926834,0.17663925515480394,0.281609852619516,0.1294428970594375,0.20801537793405878,0.9118595251932902,0.9532190156076437,0.07388437170431471,0.14147932413737208,0.07388437170431471,0.14147932413737208,1.0,1.0,0.9652381967547106,0.9840424267591044,0.2104850861200917,0.30802202420173447,0.27284448740504397,0.40263176012346075,1.1899221472700747,1.406867678529451,0.9681078897614027,0.9851701673568855,0.30221726260179904,0.4248681964949411,0.47006263439282636,0.6711310694662762,1.4196180220225374,1.7047333044437607,0.9780355662553177,0.9878515750650754,0.3640518045504962,0.4806783366175136,0.6558277019964777,0.9259050363624981,1.7071623713030353,2.0784956455387644,0.9775636413203611,0.9875639948485119,0.37927552545808,0.5054321147703211,0.8156272094221849,1.1123562546208172,1.9575435636217857,2.4173065228446573
00-0041042,Malachi Fields,WR,NYG,2026,74,3,23.0,scored,0.2139991758206422,0.28663149513658304,0.3040561601095478,0.2381800521622764,0.2081749333860455,0.9100363096949233,0.2139991758206422,0.2139991758206422,1.0,0.9677769389716284,0.35313727559582225,0.5006306709572252,1.4176658924282302,0.968450964291378,0.42311591230235834,0.804686831066773,1.9018117912137142,0.9685985742140326,0.4472312810219938,1.0428668832290493,2.331829027803991,0.9679145262518799,0.47172070975736025,1.2510418166150947,2.6520816040885618,dg165_rookie_capital_v1,0.18189395407234726,0.25001240270411074,0.24319220093622868,0.32768978624078016,0.2679075406484526,0.34060286908343673,0.20201601735446553,0.27275091986998024,0.17274963975051918,0.24384583664437226,0.8868520175609832,0.9271010114863809,0.18189395407234726,0.25001240270411074,0.18189395407234726,0.25001240270411074,1.0,1.0,0.9555043610479441,0.9772330897214301,0.30747473694089283,0.3933184591732241,0.4366323436870923,0.5630023017315032,1.3308684096545247,1.4894812520206597,0.9564982109527662,0.9773091327878489,0.37352295121855134,0.4671042702514292,0.7228538815349393,0.8882283755527564,1.789761952804158,2.037732286892267,0.9572152181738635,0.9775009588910107,0.3944599573511227,0.4900455406780852,0.9355846580703593,1.155674773731884,2.1788611098855286,2.5035818263436695,0.9559253997450643,0.9772072179169556,0.41451088507108524,0.5177215531919755,1.11733836865014,1.3826010245119251,2.446653593944287,2.860366754962035
00-0041523,Caleb Douglas,WR,MIA,2026,75,3,22.0,scored,0.22480675959100838,0.3107194902342828,0.33022470066463394,0.2752261611098492,0.237554764803703,0.9055949129235266,0.22480675959100838,0.22480675959100838,1.0,0.9648477684641705,0.3783223432196728,0.5355262498252912,1.415529004361072,0.9662470165974756,0.4538580456094996,0.8657509504899251,1.907536858418544,0.9658519541847687,0.48634253301801705,1.1409771115997742,2.3460360427853133,0.9660023071896011,0.5118667536871118,1.3785318764034773,2.693145953460636,dg165_rookie_capital_v1,0.1933418665779142,0.2560484918886038,0.2700325968811689,0.3399246213975892,0.2997815012679992,0.3621511232055544,0.24048066758187667,0.30371953736286295,0.20150270704792517,0.2730648528204881,0.8858793825876999,0.9238571140855321,0.1933418665779142,0.2560484918886038,0.1933418665779142,0.2560484918886038,1.0,1.0,0.9524739262791078,0.9744577060913068,0.3371466225158285,0.4092854475779612,0.47631426815277383,0.5791168310175919,1.3547034638215885,1.476188754807052,0.953856182391188,0.975358779242182,0.41406822406498656,0.4915802439723744,0.7831401708811837,0.9339503665196592,1.8206762829990608,2.0027152681592315,0.9531587400310292,0.9761114264888361,0.4402457284983026,0.5246645107407671,1.03468843680981,1.227234190236998,2.2250358403040287,2.472635998357875,0.9527067945445306,0.9759099313363352,0.46729790508954083,0.5538362973590643,1.2488101629453217,1.486297160212784,2.5340232679169934,2.855887988011691
00-0041565,Drew Allar,QB,PIT,2026,76,3,22.0,scored,0.22252649051673296,0.321622962416529,0.22246346078480192,0.26631492648463306,0.19629849098546936,0.7303153553722743,0.22252649051673296,0.22252649051673296,1.0,0.9006858992235874,0.377012415592679,0.544149452933262,1.4433197168794474,0.915319643969221,0.44165368054813664,0.766612913718064,1.7357783880949893,0.9163841562330451,0.5422943020380352,1.0329278402026971,1.904736664797651,0.9274213212688764,0.5522664314974528,1.2292263311881664,2.2257849854374787,dg165_rookie_capital_v1,0.1695714098456857,0.29401231071138667,0.24832691957006897,0.38820836605792186,0.15901898770437278,0.2816786320924736,0.2016338318669236,0.32024158204958214,0.1434556293578702,0.252134217033678,0.6729007576087882,0.7904394392922263,0.1695714098456857,0.29401231071138667,0.1695714098456857,0.29401231071138667,1.0,1.0,0.8579421781051086,0.934938244181132,0.30657634149016166,0.45105142578892715,0.4379884139077399,0.6711735071013021,1.3253214759941359,1.5756502260541334,0.8795922189052383,0.9464656865596281,0.3643044062999734,0.5193857389571239,0.6110604890419421,0.9173673461538487,1.581099104928934,1.9060894968433046,0.8796142587319443,0.9469331875376387,0.46482000640742005,0.6176057670330484,0.8498137125207014,1.2124319724759403,1.7116226091104965,2.1436679656152178,0.8926377444104089,0.9548214948605651,0.47541916520887995,0.6263642201186058,1.025448946491811,1.4495117569468718,1.9602675785959376,2.530281684794112
00-0041044,Zachariah Branch,WR,ATL,2026,79,3,22.0,scored,0.21991488920394042,0.3067065864577822,0.3249191814649341,0.2680945362730903,0.23225999455941476,0.9030052062383952,0.21991488920394042,0.21991488920394042,1.0,0.9617775461982894,0.37038390189619524,0.5266214756617227,1.4218260377021326,0.963348142766877,0.4442038513867974,0.8515406571266568,1.9170042188246688,0.9627782310368606,0.47734011454876646,1.119635193399747,2.3455711331911573,0.9630601974101235,0.5024078146272825,1.3518951879591619,2.6908323250546617,dg165_rookie_capital_v1,0.1879648452289339,0.25122050165429427,0.26408938374201746,0.33529284063780546,0.29409522194704096,0.3559132413116276,0.23414723469873913,0.29536935803282793,0.19741959728593297,0.2689314786295701,0.8832149294481011,0.9203802463728556,0.1879648452289339,0.25122050165429427,0.1879648452289339,0.25122050165429427,1.0,1.0,0.9485309831035066,0.9725096079307387,0.32981434411844857,0.40038392748482937,0.46687293931046275,0.5743229548312309,1.3557626204833586,1.4882883276908083,0.9501716839517286,0.9731536272081397,0.40212219596914134,0.4809913562102868,0.7721731864319721,0.9199345761455696,1.8212374117322347,2.0209246992810272,0.9494718724762751,0.9739111653756036,0.4301355492261244,0.5153420673279824,1.0121558100788404,1.2069301918433077,2.2183850653551933,2.4797285129275544,0.9496148050356269,0.9742046381326358,0.455276309973378,0.5412316717316246,1.2233317664052181,1.4566849200933805,2.523090330412845,2.8614402080394408
00-0040870,Ja'Kobi Lane,WR,BAL,2026,80,3,22.0,scored,0.21874218971313403,0.30573946926354245,0.3236414462529208,0.266385775483611,0.23099064633727268,0.9023688085321129,0.21874218971313403,0.21874218971313403,1.0,0.9609964221375031,0.3684724105670451,0.5244816589766765,1.42339465299328,0.9626111331661473,0.4418727339116181,0.8481231052295973,1.919383207290713,0.9619950382584666,0.47516273432061584,1.1145088807132084,2.345530910176963,0.9623119410669343,0.5001174110974635,1.345499527050481,2.6903672961473206,dg165_rookie_capital_v1,0.18681535855744055,0.2503094071424343,0.2630265056719393,0.3343485841839117,0.2929590322942539,0.3544007725224699,0.23282952394315437,0.2937251772974208,0.19639125862406584,0.26754422752316115,0.8828926571311307,0.919467479018471,0.18681535855744055,0.2503094071424343,0.18681535855744055,0.2503094071424343,1.0,1.0,0.9476446895520725,0.9721164055227794,0.3280515046082903,0.3989239513668719,0.4638904004546544,0.572927155959394,1.3567327196699444,1.4912330426962042,0.9492386541879159,0.9726234720902601,0.39900643715686074,0.4783404593773222,0.7685168515677783,0.9165911648513831,1.824028205299155,2.024478606820622,0.9485388410123632,0.9733475435543761,0.42763040095002586,0.5126013237305205,1.005992012673508,1.2020641174639066,2.2133860416178246,2.483352926207768,0.948724742730735,0.9736832330620937,0.4529246852014529,0.5386855285187216,1.2162833234922308,1.4518244760902157,2.5199373083114662,2.868471468013522
00-0041047,Chris Brazzell II,WR,CAR,2026,83,3,22.0,scored,0.21533599772426978,0.3029188739803512,0.3199170687421518,0.2614248229025757,0.22730362911882773,0.9004848411972621,0.21533599772426978,0.21533599772426978,1.0,0.9586213891983576,0.36290197090562304,0.518254871704621,1.428085029164527,0.960371432765709,0.43506538668395744,0.8381719404467729,1.9265424602845787,0.9596109369660967,0.46879598332283184,1.0995967633493486,2.345576332705312,0.9600374696549566,0.4934144769763112,1.3269003924681764,2.6892206337348323,dg165_rookie_capital_v1,0.18367836700344695,0.2476432045883079,0.26054471189786127,0.33174387854280746,0.2896489104516999,0.35018812268870037,0.22741568750647786,0.28927138203570246,0.19227753204023934,0.2650690415596682,0.8815410756516971,0.9168292486987784,0.18367836700344695,0.2476432045883079,0.18367836700344695,0.2476432045883079,1.0,1.0,0.9449671741010547,0.9701129374182118,0.32217469000174354,0.3934697702487931,0.45508209341308964,0.565823986925914,1.3600488411827532,1.4997094319078226,0.9463966481478671,0.971137788860016,0.3903968878414161,0.47210361153369057,0.7553246631574695,0.9073823177113288,1.8333873261636822,2.0373635733308784,0.9456078296315383,0.9716291295196968,0.4191579738732728,0.5083274430100373,0.9908495869801235,1.1878898530474353,2.2102306457819583,2.487877585421859,0.9460336347676445,0.9722592848662115,0.4463756427064976,0.5315093497494172,1.1977803406306395,1.437520017756672,2.518691238490092,2.8852677418679464
00-0041048,Ted Hurst,WR,TAM,2026,84,3,22.0,scored,0.21423623841239003,0.30200446614085996,0.31871037118249523,0.25982387123008893,0.2261131746420512,0.8998650186336469,0.21423623841239003,0.21423623841239003,1.0,0.9578193424908505,0.36109763627126634,0.51624070455325,1.4296429904222248,0.9596154772782752,0.4328559847627086,0.8349510757357452,1.928935038736879,0.9588049145655121,0.466726861492452,1.094774946965834,2.345643752890231,0.9592695844413588,0.49123429570791266,1.3208881216078854,2.6889167412555492,dg165_rookie_capital_v1,0.18225353900746255,0.2467433630393722,0.2589247739755001,0.3309253548377733,0.2885769622289415,0.3493208451641955,0.2256627922428193,0.28758347861782696,0.1905559510563534,0.2635869674787058,0.8808696919838171,0.9159345304678509,0.18225353900746255,0.2467433630393722,0.18225353900746255,0.2467433630393722,1.0,1.0,0.9441219751641796,0.9693949618387752,0.32042825848747347,0.39125726556066703,0.45267143543769245,0.5643693686500334,1.361193708228894,1.5027721049152605,0.9454740213606158,0.9706378161887851,0.38821467167401835,0.47063281997090706,0.7510649851043464,0.904707189016253,1.836457012815456,2.04264723286664,0.9446493999886063,0.9710447050009089,0.41721640677597494,0.5065217767099217,0.9863999624658608,1.1852328125009617,2.2108250069780224,2.492647196992305,0.9451298183449395,0.9715806019746654,0.44330308733130686,0.5295544689856656,1.1918410466379803,1.4326811837408986,2.5184931764971235,2.8839365844695664
00-0041524,Will Kacmarek,TE,MIA,2026,87,3,23.0,scored,0.09698919601475656,0.20243634739414842,0.20595474875192954,0.19816913202242606,0.14845955221032478,0.9245288927485177,0.09698919601475656,0.09698919601475656,1.0,0.9665587642534104,0.2236893362788034,0.299425543408905,1.338577638031457,0.9695609611759659,0.3104614839507772,0.5053802921608346,1.6278357164618886,0.9760354022145146,0.3649262067345142,0.7035494241832606,1.9279224434958069,0.9754052987759129,0.3864089763710228,0.8520089763935854,2.2049409524469796,dg165_rookie_capital_v1,0.06361956387888973,0.1300990890627545,0.1594837280920053,0.2400393445776272,0.159563390642819,0.2542908695794279,0.15061848861005,0.2470652438857005,0.10634708920884035,0.18436014996382308,0.8998128097518435,0.9439223146471637,0.06361956387888973,0.1300990890627545,0.06361956387888973,0.1300990890627545,1.0,1.0,0.9523435809644891,0.9774222733667469,0.1743358838590484,0.2724178079252725,0.23731962082190172,0.3618044835580369,1.2078322941104702,1.4624480941790587,0.9562116684540157,0.979625291000689,0.2499092716135101,0.36730211119015604,0.41463608716199263,0.6020476590222915,1.4678862109158377,1.784191356011029,0.9689747034604475,0.9831476265657755,0.30253246084345764,0.43143464997817954,0.5632104349754935,0.8165511188206629,1.7301089484905738,2.1264940131174175,0.9681993806174705,0.9824746089282339,0.32116538543687606,0.44668331651424215,0.7037748459788993,0.9855234113216532,1.9818277943955984,2.4561708683828436
00-0041051,Zavion Thomas,WR,CHI,2026,89,3,21.0,scored,0.22086450087114956,0.3232677324875614,0.340874839007368,0.29250146991123865,0.252422510911102,0.8925516724700465,0.22086450087114956,0.22086450087114956,1.0,0.9506585515628996,0.3796668461855615,0.544132233358711,1.433183431277977,0.9537046577692575,0.45545571242246474,0.885007072366079,1.9431243219212881,0.9518602713973527,0.4982803035841293,1.1775085422773177,2.3631448680742566,0.9537265152584541,0.5233109731776328,1.4299310531884197,2.732469079533411,dg165_rookie_capital_v1,0.17643718584579085,0.2622884503168565,0.273596903980154,0.36864495609224557,0.2975686754862048,0.3871585598620572,0.24314646350576763,0.33441226805502233,0.2063678172637313,0.3013931139514337,0.8684620179479924,0.9143468152752375,0.17643718584579085,0.2622884503168565,0.17643718584579085,0.2622884503168565,1.0,1.0,0.9326816871364592,0.966292969611537,0.32106868808772704,0.4234493529496401,0.4603675958186298,0.6176839030857105,1.3454283037231853,1.53985858767008,0.9348979625443962,0.9662348980040427,0.4000670740012016,0.5005184761263075,0.7680478483541623,0.9831001232667853,1.8224967062529263,2.1002905970729957,0.9314157318166509,0.9663749474725403,0.42616421500607155,0.5409895204393909,1.03327467425933,1.2960154383375118,2.200773759524914,2.5447008298110383,0.934847926726901,0.96837418697971,0.4558257650601044,0.5687211646197947,1.2591336679576146,1.577850417381071,2.5287636497429116,2.989670097982198
00-0041052,Kaelon Black,RB,SFO,2026,90,3,24.0,scored,0.2933585223134417,0.32377320171899787,0.29685232442800163,0.2041502295770995,0.16346809314668598,0.9094464089605737,0.2933585223134417,0.2933585223134417,1.0,0.9615658885844325,0.4451564242553198,0.6171317240324397,1.3863255485188355,0.958175143607886,0.4841352216076085,0.9139840484604413,1.8878693548167937,0.9594058656676591,0.5157242996581579,1.118134278037541,2.1680853098810426,0.9559427887736178,0.535128074826606,1.2816023711842268,2.3949451196323346,dg165_rookie_capital_v1,0.22073847230863375,0.3588319580566678,0.24456826778657975,0.3862780796948696,0.23506867179397908,0.3608125370564195,0.16476799552713026,0.2564726651987821,0.12370370105862662,0.20835804072727832,0.8791003536445634,0.93601033229652,0.22073847230863375,0.3588319580566678,0.22073847230863375,0.3588319580566678,1.0,1.0,0.9446838140730492,0.9752041356076322,0.36721301773000886,0.519735812775637,0.49311387025248865,0.7298886158286026,1.2617279060930082,1.5017229994035615,0.9397524703907396,0.9738803566326801,0.39928222275379693,0.5663658102077703,0.7440162836406742,1.0740973682063002,1.7182194228934764,2.0927145755876895,0.939677818005684,0.9738690370998058,0.4284842614678161,0.5866649934570717,0.9242521255836555,1.292205814858309,1.953793769398463,2.4259831181684546,0.9345775771240288,0.9716644973353489,0.44984399756502536,0.6063467999218467,1.0755573869242174,1.4828083930580096,2.11999270020346,2.6920613385838026
00-0041525,Chris Bell,WR,MIA,2026,94,3,22.0,scored,0.2041071633140755,0.29349365502440017,0.30749722216885017,0.24510134445184714,0.21514865124212235,0.8938746107971869,0.2041071633140755,0.2041071633140755,1.0,0.9495274935098472,0.34434820948248696,0.4976008183384757,1.4450512726240354,0.951810260887588,0.4122472630945742,0.8050980405073258,1.9529493888298468,0.9504472740620372,0.44735947885664795,1.0501993849591729,2.3475514314422274,0.9513360695258528,0.47078602554895194,1.2653480362012952,2.687734910410431,dg165_rookie_capital_v1,0.17096247300207998,0.23873142669361702,0.2508181145113666,0.327625421882796,0.2758575825926219,0.34153638289957927,0.20796730420127177,0.2739205305622172,0.1804563798616434,0.250394926169692,0.8730465334936314,0.9106175554095273,0.17096247300207998,0.23873142669361702,0.17096247300207998,0.23873142669361702,1.0,1.0,0.9341863227803143,0.9637454530636279,0.29834184173395945,0.378627539595744,0.43064182036798165,0.5517781864751208,1.369626014994253,1.5331016591810716,0.935727304343143,0.9655109825917476,0.36603490344621553,0.45217175557376804,0.7137388938631724,0.8852126752964072,1.8442136915843081,2.0909970061424143,0.9341275687266605,0.9653604939171974,0.3916413806553089,0.4887128164843745,0.9397556918751936,1.1562278309936924,2.1931975571346594,2.5428339778937716,0.9349910870918746,0.9662037292194903,0.4172287160139378,0.5127179319361196,1.1370582061470478,1.3906076215274634,2.51065593927331,2.932130655631226
00-0041395,Eli Raridon,TE,NWE,2026,95,3,22.0,scored,0.09764686776958217,0.20911115906762293,0.21376718863335908,0.21759824248064596,0.16050910358815132,0.9161837506761883,0.09764686776958217,0.09764686776958217,1.0,0.9581658624361542,0.22653902446830254,0.3067580268372051,1.354106770598047,0.9625173884400164,0.314313592186565,0.5205252154705642,1.656069697302812,0.9694356373722276,0.37669829583018094,0.7381234579512101,1.9594552620008745,0.9695559449461065,0.39918963694486015,0.8986325615393614,2.251142009639617,dg165_rookie_capital_v1,0.06016177488737281,0.13577746577523742,0.16355332503534356,0.24941895623253452,0.16284657466758584,0.26456929116851535,0.16313644934294524,0.2695949008496688,0.11329272890111097,0.2037658684799346,0.889989644929899,0.9369499974819244,0.06016177488737281,0.13577746577523742,0.06016177488737281,0.13577746577523742,1.0,1.0,0.9421107514249799,0.9713609037679756,0.1746055235871263,0.27653687119931913,0.24248409555192463,0.36873641732303103,1.2262606067588426,1.5003597537567486,0.9481793319576088,0.9741519222245725,0.2553972862750734,0.37053115770332345,0.40745238707788384,0.6148927307763025,1.5009567333284457,1.8447774670379364,0.9602209447199976,0.9790495923179885,0.3091918626118767,0.43114949805980474,0.597445829035406,0.8643646248388422,1.7914408911137536,2.193521036498755,0.9592889147412159,0.9790121422155896,0.32826246099373235,0.4585908589706221,0.7423769042340599,1.0448380334193874,2.014218227286189,2.523196678793215
00-0041550,Brenen Thompson,WR,LAC,2026,105,4,23.0,scored,0.12548181195801805,0.1899532538104539,0.20180369102750317,0.16324793151290098,0.15456391815719844,0.8462895312291756,0.12548181195801805,0.12548181195801805,1.0,0.9305334739246568,0.2320215414128133,0.3154350657684719,1.3595076726399686,0.9347211469223821,0.28762062549922757,0.5172387567959751,1.7983368052906352,0.9339355743538733,0.31753458115964567,0.680486688308876,2.1430317473571496,0.9327431662143588,0.34149928103269367,0.8350506064660745,2.445248505182447,dg165_rookie_capital_v1,0.10303756022861316,0.15172053394194113,0.158928357916201,0.2191832878448795,0.17329163368732883,0.22880274921025776,0.13599241245380142,0.19070494630955565,0.12670044888783016,0.1823666635996983,0.8204623088347736,0.8653328071927744,0.10303756022861316,0.15172053394194113,0.10303756022861316,0.15172053394194113,1.0,1.0,0.9132392922877671,0.9456876072753237,0.19904468509762718,0.26098406840881455,0.27101405463159084,0.35578475054121855,1.2823959925946746,1.434208018693072,0.9167924345807699,0.9488016809527973,0.25137170605946124,0.321299829557477,0.45552246584339606,0.5745734859333629,1.6773519005635589,1.936702388554824,0.9169305596251484,0.9477306898908039,0.27644930242093696,0.3532495894863683,0.6016254673359208,0.7559545301563296,1.9900433200885472,2.3063313044557425,0.9148820553593853,0.9468544692292636,0.2976752527064934,0.37808767516131897,0.737999071979216,0.9268192945978112,2.252117690404389,2.6508131803496195
00-0041496,Jonah Coleman,RB,DEN,2026,108,4,23.0,scored,0.20466361108033498,0.23676066623562061,0.22783850275133474,0.17566467705288002,0.14721619459600788,0.8573087533953806,0.20466361108033498,0.20466361108033498,1.0,0.9315064994469001,0.3404278824752259,0.44142427731595557,1.2966748613726713,0.9301308777270166,0.3851527683992643,0.6692627800672903,1.7376553798349088,0.9309250781908566,0.4301352303381764,0.8449274571201704,1.9643298142676673,0.9262603886721779,0.4531799728761349,0.9921436517161782,2.189292799987336,dg165_rookie_capital_v1,0.1688513186577288,0.24317765372219524,0.1942409300204147,0.27749036322933734,0.19135871954790387,0.2656843349577219,0.14427323981777299,0.2089406125337417,0.11688530345854885,0.17868222100625453,0.8306199827382353,0.8892581019237403,0.1688513186577288,0.24317765372219524,0.1688513186577288,0.24317765372219524,1.0,1.0,0.9118021980308909,0.9504614287181071,0.29358579253475975,0.3872230499773006,0.3774371022639618,0.5083090158554411,1.2177618029214636,1.3809005457077979,0.9099434461891028,0.9497820800754286,0.3383026227283609,0.43283059728508494,0.575489659091459,0.7685083695985888,1.6039954318072625,1.8573027391748245,0.909949626685049,0.9503582596969113,0.3810028919905359,0.4754532538316077,0.7413740663071774,0.9548408170600605,1.7937028897363112,2.1090975609362923,0.9041053282675698,0.9463057139438258,0.4021761618741712,0.5039340750856095,0.8687809474089488,1.1217422265182244,1.995396911317331,2.3884835927554584
00-0041056,Cade Klubnik,QB,NYJ,2026,110,4,22.0,scored,0.12873064149542177,0.19653181871046918,0.1383012710132092,0.19009977005390313,0.14006546028308833,0.6059247595821817,0.12873064149542177,0.12873064149542177,1.0,0.8035930077295091,0.23404396375488862,0.32526246020589095,1.389749408562121,0.8406308852767227,0.2906770922654095,0.4635637312191001,1.5947721494194405,0.842976181020196,0.3829289473027731,0.6536635012730032,1.707009892767826,0.8567933225398522,0.3957270676778977,0.7937289615560915,2.0057484725865344,dg165_rookie_capital_v1,0.08916278537543428,0.17932294932828632,0.13820094847476336,0.253123790717561,0.09071126762460925,0.18698930151520532,0.13720455260581926,0.23966836632190652,0.09613902861701755,0.18963882174043112,0.5384838948993842,0.6729106707999775,0.08916278537543428,0.17932294932828632,0.08916278537543428,0.17932294932828632,1.0,1.0,0.7430365891662998,0.8486716601211295,0.1704650768530769,0.3015268193458036,0.23865313769423618,0.43084033885518597,1.266155878051212,1.5422738695559361,0.7876361010631829,0.8908513211448094,0.2242889347794485,0.36806279745711323,0.34729753740652297,0.5800719865835984,1.4227947611289775,1.7833650271594361,0.7905754623885558,0.888941788739948,0.30323001011996564,0.4555144718280861,0.5134137347436585,0.8111684578458557,1.5027249583607662,1.9380185203049798,0.8096479716307091,0.899833853635311,0.3178563787609884,0.4648927346393983,0.6332687978755348,0.984287330604872,1.7327578620487676,2.312686651036872
00-0040876,Elijah Sarratt,WR,BAL,2026,115,4,23.0,scored,0.12014635129885363,0.1849391056401537,0.19509604600468536,0.15480957983725901,0.14794305158866505,0.8393494676611256,0.12014635129885363,0.12014635129885363,1.0,0.9200280761960496,0.22161572175731267,0.30508545693900735,1.3766417586253237,0.9249830133205854,0.27382711305913277,0.5001815029436927,1.8266324957955455,0.9236000150880537,0.30401389069022233,0.6549910827809517,2.1544774855316096,0.9226535114028999,0.3267593566841666,0.8029341343696168,2.457264399457436,dg165_rookie_capital_v1,0.0978497484467988,0.14700568526988075,0.1545510164795718,0.21552694376010345,0.16702066306452737,0.22010155082332705,0.12762454875979876,0.18136991435924302,0.12032781556752639,0.17635929777681683,0.8155945367976037,0.8577737908126598,0.0978497484467988,0.14700568526988075,0.0978497484467988,0.14700568526988075,1.0,1.0,0.901703907448596,0.9371110396626413,0.18899622681540193,0.25011869074949916,0.25992818495693015,0.34734021027720113,1.2960926660012542,1.4614824751296316,0.9048838311164116,0.9407657570659644,0.23602172200357405,0.30640837331328935,0.4388451595843725,0.5585644260770831,1.7062676339491394,1.9875605843508661,0.9038976759847619,0.9409512884883492,0.26431473199711936,0.3396946962018523,0.5765859930246723,0.7292934997779054,1.9808124915651566,2.351668156671263,0.902698583543574,0.9402314551086152,0.2842576460675962,0.3642756289217308,0.7105606770945204,0.8981414387735192,2.2490688364197298,2.697113873973458
00-0041397,Kaden Wetjen,WR,PIT,2026,121,4,24.0,scored,0.11015490830123095,0.16499227468072525,0.17251346619730906,0.12604654556690184,0.12378092834106284,0.8415030377578588,0.11015490830123095,0.11015490830123095,1.0,0.9187311486215823,0.19673761226764727,0.2751471829819562,1.3985489597568073,0.9224573688043683,0.24076874752632302,0.44766064917926524,1.8592971628525954,0.9218979279148528,0.26306749022853765,0.573707194746167,2.180836538364219,0.9192628257923205,0.28284117153116334,0.6974881230872298,2.4660063431054655,dg165_rookie_capital_v1,0.08307901458381099,0.14212644582245731,0.1292069394254378,0.205212862008642,0.13638699730904455,0.20804684180919072,0.09678721520086968,0.15572511245478973,0.09348475327518439,0.1568230698309961,0.8083486667166309,0.8629686094072299,0.08307901458381099,0.14212644582245731,0.08307901458381099,0.14212644582245731,1.0,1.0,0.8930645774729818,0.9401159988914296,0.15100910685847094,0.23928295018245385,0.2170929261905215,0.3332820930911307,1.2751684555543947,1.5405497923979665,0.896838656709483,0.942685662625206,0.18610047121616166,0.28693848880029604,0.36751869641866813,0.5260774177283774,1.6775080458395466,2.1090339967482907,0.8965526776452536,0.941608967511107,0.20868708766178398,0.3140452110762188,0.48320492596818393,0.6678802293104282,1.9145741911054235,2.497528844231276,0.8917786322561247,0.9389518660480766,0.22250072554736358,0.338344440315602,0.5862000083622936,0.8160508522057958,2.1731622052122983,2.8660285178764053
00-0040878,Mike Washington Jr.,RB,LVR,2026,122,4,23.0,scored,0.19413407690732756,0.2200305882304686,0.21623095365110612,0.16067877030532665,0.1361239604560219,0.852191101485297,0.19413407690732756,0.19413407690732756,1.0,0.916537051316551,0.3117806886912938,0.41416466513779615,1.328384599047046,0.9155261166926495,0.3532427467288023,0.6303956187889023,1.7845960734556303,0.9158483505284435,0.397662827012388,0.7910743890942289,1.9893093730623843,0.9107250612512274,0.41858689470833405,0.9271983495502508,2.215067794218237,dg165_rookie_capital_v1,0.1602235244025265,0.23413284538508683,0.17768608396019855,0.2602815862171599,0.17809516536037137,0.255591380439705,0.12992701585743643,0.19032710060692495,0.10790862246608712,0.16685938407035458,0.823745058376085,0.8855842211331268,0.1602235244025265,0.23413284538508683,0.1602235244025265,0.23413284538508683,1.0,1.0,0.8940217052945869,0.9387614960135041,0.2640898224486821,0.3585219760834018,0.347661198298506,0.4827014547337892,1.2388871492671971,1.4165585755980161,0.8925302668780086,0.9402601062569501,0.3086448005335443,0.4019483289284051,0.5378806953876867,0.7328383595860172,1.6307974436656538,1.9397629678230157,0.8913124556171663,0.9413903830161309,0.3462526283943561,0.4432285297397272,0.6833729424429366,0.9064309582167284,1.8180403907417897,2.178632851458834,0.8842508615523683,0.9360548435082905,0.36401894658355355,0.4710329683694234,0.8011356762359174,1.0550263984278923,2.0084029194072546,2.4501706959721385
00-0041443,Skyler Bell,WR,BUF,2026,125,4,24.0,scored,0.1084310649212298,0.16337711208747627,0.1703718314131017,0.12358206285623605,0.12179470208935637,0.8389886776992549,0.1084310649212298,0.1084310649212298,1.0,0.9145752173440376,0.19340636861253477,0.2718081770087061,1.4053734577543278,0.9185463979870678,0.23633200308995295,0.44218000842180777,1.8710119773897262,0.9177736376833312,0.25871547182578397,0.5657620712780438,2.186811895266246,0.9151740950207354,0.2780610433696971,0.6875567733674002,2.4726828506259197,dg165_rookie_capital_v1,0.08174531094792895,0.14022246880213673,0.12779470580120256,0.20463723621422988,0.1343599367506938,0.20540351308114776,0.09458907767801762,0.15316420708799952,0.09203618116301512,0.15404424760588323,0.8053325568056166,0.8618049209230202,0.08174531094792895,0.14022246880213673,0.08174531094792895,0.14022246880213673,1.0,1.0,0.8881316691920106,0.9371503582775009,0.14864923552728804,0.2346629420002164,0.21440471661148253,0.3280062648774204,1.2789810312408858,1.5529864791846275,0.8923779379961968,0.9397313483542752,0.18199493369822498,0.283133436906964,0.3628074119961903,0.5208350060568516,1.6846839421191193,2.1387054540503745,0.8907308672778017,0.9387122858513091,0.20483267714747797,0.3124634540846939,0.4753873023088068,0.6588093205321713,1.9081994017153416,2.518546548802012,0.8871665106589692,0.9361866333954495,0.2186937864234448,0.33414027919552636,0.57835988473361,0.8032131098937457,2.175408387534156,2.8967002413274376
00-0040879,Matthew Hibner,TE,BAL,2026,133,4,24.0,scored,0.044991992455472654,0.09242637867244324,0.09557851690784404,0.09589422466426777,0.0758644637246012,0.8597431850716564,0.044991992455472654,0.044991992455472654,1.0,0.9178170339160014,0.09863542247414525,0.13741837112791588,1.3931949362708573,0.9249946529632608,0.13801426599272273,0.2329968880357599,1.6882087250896618,0.9365890472720433,0.16923182782203686,0.3288911127000277,1.943435327342133,0.9336034967419568,0.18459859859349884,0.4047555764246289,2.192625401864148,dg165_rookie_capital_v1,0.024618362930853885,0.06654034447208265,0.06378462496047056,0.1199991201665846,0.06575156085910937,0.12851197778660525,0.06302878340649387,0.12890331695050553,0.04949250646329137,0.10106408135505066,0.819943845496231,0.8923587347452678,0.024618362930853885,0.06654034447208265,0.024618362930853885,0.06654034447208265,1.0,1.0,0.885109633207674,0.9435504312633011,0.06883547023930721,0.12908126997630792,0.10133575414144065,0.1758287536122787,1.1959776459838038,1.5998441895406987,0.8941545424596941,0.947745397696522,0.09986690514956914,0.18427739345021563,0.174280811279168,0.2900280031454397,1.450737409219891,2.0123038865185654,0.9166804549205014,0.9557352309414995,0.1246927736618188,0.2136223114525532,0.2559762220640012,0.40038996597172644,1.6384661770376574,2.291931845256672,0.911591500658675,0.9538429177005016,0.1340161076082393,0.23280942827740506,0.3120269411076506,0.4907382361969771,1.8804594689194918,2.5895865595826546
00-0041067,Bryce Lance,WR,NOR,2026,136,4,24.0,scored,0.10407074157821695,0.15924786663292745,0.16491650979078334,0.11738330781581535,0.11677148416381623,0.8323181597861004,0.10407074157821695,0.10407074157821695,1.0,0.9028877923414778,0.1849679216413618,0.2633186082111444,1.4235906738558612,0.9075547666735208,0.22509138588278496,0.4282351180019277,1.9024944749548465,0.906140867262756,0.24764996011591062,0.545618425817743,2.2031839842104985,0.903683647726354,0.2658991450475308,0.6623899099815592,2.4911321541223974,dg165_rookie_capital_v1,0.0780940697499201,0.13570361659710153,0.12357255139017195,0.20163321276024843,0.129070128907198,0.20036790575142782,0.08914939666095066,0.14668387932739474,0.08753149689481404,0.15013172466176675,0.7961034744139811,0.8599284906075002,0.0780940697499201,0.13570361659710153,0.0780940697499201,0.13570361659710153,1.0,1.0,0.8704416650641178,0.9291285704404137,0.13905621421826825,0.22763504113297273,0.20758400586251755,0.3199363321191078,1.292575226756606,1.5917436823594253,0.8762609994955624,0.9334797807748014,0.16973795263394756,0.27530937263272326,0.3506293028838185,0.504231544049065,1.7130758037011926,2.1999000913999067,0.8723970001358622,0.930913941890232,0.19311258713481624,0.30174741062332955,0.453358548339449,0.6383026356331696,1.9048940865791566,2.5667017374390118,0.8689132282635726,0.9291931154202391,0.2062765016086888,0.3208283974447172,0.5561606398353616,0.7742531293045724,2.161404717121521,2.9674178268429503
00-0041069,Colbie Young,WR,CIN,2026,140,4,24.0,scored,0.10260827903253616,0.157848336293063,0.16307419757099423,0.1153158959557468,0.11508699385372721,0.8299751386720394,0.10260827903253616,0.10260827903253616,1.0,0.8985520382114496,0.18213418162195935,0.26045661532559916,1.430026000644992,0.9034791693886668,0.22131677707194652,0.4235308128965934,1.9136859776288462,0.9018134356285386,0.24392095373144845,0.5388467088523402,2.2091038125637965,0.8994236291015383,0.2617983919344333,0.6539337027060674,2.4978522513990202,dg165_rookie_capital_v1,0.07686474388877049,0.13438843582265386,0.12195859725929226,0.20004300151310325,0.12727419894054295,0.19905235250135042,0.08714850996309445,0.14452427865425752,0.08605276298385271,0.1482414488151114,0.7928748405678707,0.8579774652689924,0.07686474388877049,0.13438843582265386,0.07686474388877049,0.13438843582265386,1.0,1.0,0.8635060947512381,0.9262054826720727,0.13588288798915565,0.22539759062000495,0.2053108565188378,0.3171978808952125,1.2948069873873254,1.604672280089634,0.8701382394876658,0.9308081483967092,0.16597528731166555,0.2726089497427728,0.345269790879011,0.5024242207927175,1.7193176146840716,2.2273384355310832,0.8679565175033737,0.9287072179768425,0.18897428051313916,0.29798774021173857,0.44738738001553646,0.6330680331501366,1.9116806973718394,2.5812345682540743,0.8609490548399418,0.9259561111347279,0.20135366409250133,0.31626601532303134,0.5469250173959246,0.7641371302682505,2.1529434838955783,2.992168396800584
00-0041070,Reggie Virgil,WR,ARI,2026,143,5,22.0,scored,0.07661270192089828,0.13539400669772622,0.14480515932016177,0.13311953133073787,0.13448936100075826,0.7456932562030012,0.07661270192089828,0.07661270192089828,1.0,0.8567470976808877,0.16185714224308703,0.2120067086186245,1.3098384518628148,0.8719898064615084,0.20781300793507793,0.3568118679387863,1.7169852430520447,0.8670930728508814,0.24538286225471181,0.4899313992695241,1.9965999041977371,0.8679278272506807,0.26901192813491076,0.6244207602702824,2.321163840575621,dg165_rookie_capital_v1,0.061265793957908175,0.0948638339077301,0.11018653313957918,0.15625502995713944,0.1199145421839837,0.16537109407753123,0.10981488519609109,0.15551914764349622,0.10893241802392607,0.16003648514076704,0.7166910019695577,0.7716799443863693,0.061265793957908175,0.0948638339077301,0.061265793957908175,0.0948638339077301,1.0,1.0,0.8329057040287768,0.8789828099408032,0.13388953610456997,0.1866689381308784,0.1730630217130697,0.24714364001341707,1.2422629567981447,1.3965686860966717,0.8459539208204321,0.8947513798227342,0.1810957147766693,0.23446827355665883,0.30814086248544365,0.40952801119199844,1.6027195507375456,1.838073282308606,0.8392391902577707,0.8915605939525096,0.20994150417193047,0.27343107693869667,0.4157621922461845,0.5514597423024009,1.8500470158961382,2.1303856776913555,0.8413606052273502,0.891825215024164,0.23273962907506607,0.3005125600447705,0.5363386233654972,0.6983247578197362,2.1299934273467236,2.491560675050895
00-0041077,Justin Joly,TE,DEN,2026,152,5,22.0,scored,0.030473895754046593,0.07066945958719086,0.07590367147827624,0.10018847946471539,0.08023371068184398,0.7705766675966016,0.030473895754046593,0.030473895754046593,1.0,0.858787607261879,0.07624370638628197,0.10114335534123745,1.3265797288080883,0.878114070659399,0.11167149606847566,0.17704702681951368,1.5854271954138637,0.8912945934588307,0.14872294240982237,0.27723550628422905,1.864107190135307,0.8903749331747198,0.16651889730495986,0.35746921696607303,2.146718617235436,dg165_rookie_capital_v1,0.017080208741563265,0.04759863938807593,0.0472446146800972,0.08949359134165906,0.05430210666210523,0.1035020362433226,0.06877280203336121,0.13248026266574522,0.049974291523140126,0.10349688822146487,0.7276356288289649,0.8061389766009628,0.017080208741563265,0.04759863938807593,0.017080208741563265,0.04759863938807593,1.0,1.0,0.823011497996031,0.8889967777287282,0.050416764104454094,0.10310306915736354,0.07199691043103731,0.13199289669728287,1.163667469656952,1.5398987539814106,0.8472860573385689,0.9070424319106948,0.07987487255886096,0.14401902428534552,0.13269278324071382,0.23242883980074305,1.3612048585792513,1.8433760953929963,0.8674068674992177,0.9174372631621298,0.10987923469066256,0.19194587034840652,0.20723240188605727,0.3514021915753632,1.5959009287761923,2.1207860669340772,0.8614416700125095,0.9188114004984459,0.12197985622654703,0.2136593229542779,0.26657462868322035,0.4485519585866756,1.795872876561027,2.439546722091701
00-0041081,Max Bredeson,TE,MIN,2026,159,5,23.0,scored,0.027583352080846342,0.06083570022908804,0.0649245008973741,0.07997346285146824,0.06536328103810883,0.7723824565646503,0.027583352080846342,0.027583352080846342,1.0,0.8567257610064769,0.06515716070365443,0.08841905230993438,1.3570120514010562,0.873978354886996,0.09375123146295102,0.15334355320730847,1.635643082383482,0.888173063310045,0.12232476930969469,0.2333170160587767,1.907357090272358,0.8848516680244413,0.1369538256575644,0.29868029709688554,2.1808831966746047,dg165_rookie_capital_v1,0.014192818009608242,0.04179435805078609,0.03953596766150395,0.07874870782859375,0.045134892469106555,0.08756986986961174,0.05255141470398858,0.10489691545006205,0.04273945049176904,0.08540300020225908,0.7293917525056848,0.8106473096708673,0.014192818009608242,0.04179435805078609,0.014192818009608242,0.04179435805078609,1.0,1.0,0.8231433836638614,0.8879862988013394,0.04429225284599301,0.08588473014753698,0.06457273160150215,0.11307066479197418,1.1773905893036822,1.5859657163267666,0.8445982984984837,0.903752216018689,0.06693880861424041,0.11981451340317446,0.1116316767752848,0.19386012922919266,1.3891793418874365,1.9000547671831816,0.8627690107029061,0.9129831010729322,0.09025281691572982,0.15448633288136,0.17565389643996018,0.29093602028522264,1.6327376035475571,2.169402972230902,0.8590255282268587,0.9118388024202543,0.10286862146725707,0.1701400805368911,0.2256633432717832,0.3611555762243376,1.8995521173583394,2.448897009810118
00-0041013,Emmett Johnson,RB,KAN,2026,161,5,22.0,scored,0.12421698061804984,0.14509658679558293,0.1546731226896508,0.12761346652196684,0.1147622609706722,0.769583418339093,0.12421698061804984,0.12421698061804984,1.0,0.8347749189384008,0.2083913851349846,0.26931356741363277,1.292345013394801,0.8428827912283229,0.24675792597312765,0.4239866901032836,1.7182292663193175,0.8400792668285613,0.29653157758724974,0.5516001566252504,1.8601734126037581,0.8339152202297034,0.3171457981765477,0.6663624175959226,2.1011232733563574,dg165_rookie_capital_v1,0.09914511118173495,0.15658645239432034,0.11567482451599832,0.17514186334892684,0.12828778401723134,0.18739480430191882,0.09932905496635351,0.15752665009664724,0.08486551578117246,0.14062178863100291,0.72983787458263,0.8095278777162649,0.09914511118173495,0.15658645239432034,0.09914511118173495,0.15658645239432034,1.0,1.0,0.8012003179980947,0.8697452146468607,0.17653002808086354,0.24596581680167806,0.22734790609631364,0.31953569262954507,1.2100682501812214,1.3879475374485108,0.807035843479937,0.8768934868006679,0.21441629760656908,0.28379537514162007,0.3622888428532581,0.49452998387108155,1.5785465275414805,1.8496844775533687,0.7991124902260186,0.8755345185359316,0.2605030460291269,0.3405902062071711,0.4789251745879787,0.640471970668454,1.7068459080101148,2.0247208744444696,0.7913931343933519,0.8706237294218657,0.2800194004423831,0.3686601864446434,0.5691865201652807,0.7711964127405381,1.881794314223547,2.324423825392009
00-0041084,Tanner Koziol,TE,JAX,2026,164,5,,scored_age_imputed,0.026995365434129868,0.059265207233748285,0.06323605447036568,0.07778278432121793,0.06355604283096045,0.76811004900166,0.026995365434129868,0.026995365434129868,1.0,0.8494457574249414,0.06302455278529744,0.08626057266787815,1.3686820271734048,0.8673325460292823,0.0903091219116824,0.14949662713824383,1.6553878940871964,0.8814876184730165,0.11800577112648969,0.22727941145946176,1.9260025106385883,0.8781721086046498,0.13216277991668046,0.29083545429042224,2.20058517590031,dg165_rookie_capital_v1,0.013810777018950263,0.042436915138042805,0.03823479599839832,0.07741061996566018,0.043584525991267345,0.08563800939479459,0.051121297570099526,0.10267731527931505,0.041254872805212874,0.08377805518271217,0.7211519876680236,0.8071343482253581,0.013810777018950263,0.042436915138042805,0.013810777018950263,0.042436915138042805,1.0,1.0,0.8137282893860107,0.8825186571831892,0.04268934664132056,0.08386662436832451,0.06268151835958831,0.11120746869586391,1.1802295248360164,1.6066190501168964,0.8362585862516477,0.9002533975615262,0.06382362508555404,0.11712584123909209,0.10800497805988771,0.19069818593712565,1.3982857692835229,1.927984103842669,0.8534908743470834,0.9081676141933258,0.08619003097015308,0.15076011510900378,0.1702446147782722,0.2852454085417261,1.6430217748924838,2.2101589805298336,0.8497138752014144,0.9079182947200336,0.09900340796406805,0.16961926600234334,0.21886454605924283,0.3587190235364935,1.9091782285518784,2.490955265995398
00-0040886,Nicholas Singleton,RB,TEN,2026,165,5,22.0,scored,0.12277921545529283,0.14274088636026383,0.1529120668143982,0.12523017633675843,0.1129087787114115,0.7681083218044266,0.12277921545529283,0.12277921545529283,1.0,0.828750031128816,0.20409283444075083,0.26552010181555663,1.3009770898773934,0.837321409091893,0.24166391527671105,0.4184321686299548,1.7314631692151465,0.834212388779709,0.2909383254867411,0.5436623449667133,1.8686515228172975,0.8280309238005659,0.311040902456174,0.6565711236781248,2.1108835477695296,dg165_rookie_capital_v1,0.09740770487897138,0.1548627298998635,0.11360228514129339,0.17293370578906309,0.12656596127831096,0.18682605871676639,0.09736262222371847,0.15577031888138737,0.08276430080185039,0.13912463719841497,0.7272592500997468,0.8074062306866153,0.09740770487897138,0.1548627298998635,0.09740770487897138,0.1548627298998635,1.0,1.0,0.7932127697227709,0.8649661677523288,0.1727125265914107,0.24134065666303653,0.2232617693374712,0.3155090774116978,1.2141141960919235,1.3998497181986402,0.7993610583268594,0.8730789739453879,0.2092229051161717,0.2793180916740171,0.35656508323038083,0.4896484996008951,1.5886515930304501,1.874834685185268,0.7908298221698302,0.8700452310463872,0.25486905825340783,0.33404869900194556,0.47069140957772704,0.6333455766183999,1.7107191909783743,2.03567938049013,0.7839549729444801,0.8667231314076195,0.2722431058026266,0.3624045799796678,0.5593309606082764,0.7631503796455014,1.884719705754257,2.3498138099651107
00-0041446,Kendrick Law,WR,DET,2026,168,5,23.0,scored,0.06614721578803862,0.11585375310137475,0.12155991239722723,0.10072879517337721,0.10615524189418885,0.7365914226921534,0.06614721578803862,0.06614721578803862,1.0,0.8301344547135079,0.13389659885813485,0.18200096888941336,1.3592650630524656,0.8457432989073859,0.16880126526946926,0.3035608812866406,1.7983329734054134,0.8405007814900483,0.19754056001704073,0.4042896764600178,2.0466160287545097,0.8393740639422584,0.21627925258158595,0.5104449183542066,2.3601196705710548,dg165_rookie_capital_v1,0.052332016467128026,0.0840725084689816,0.09403374730341511,0.14070640379823188,0.10192954951288603,0.14095276140414384,0.07973561912574216,0.1208927673751436,0.08470149659083315,0.1293028027106078,0.7042916876079461,0.7652912994874906,0.052332016467128026,0.0840725084689816,0.052332016467128026,0.0840725084689816,1.0,1.0,0.7967078763045053,0.8588014360068735,0.10764560357344341,0.15572161439160603,0.1513279771331948,0.21196547053214132,1.2705435506543628,1.4721092215138818,0.8152398078569716,0.8735261910678388,0.14318690689399194,0.1933724441351443,0.26330501892969915,0.34961328510055856,1.6626431327530409,1.9864559332638423,0.8075546453264362,0.8686213250211736,0.16523785042044192,0.22550262175296845,0.3479436063638994,0.4603561845071733,1.8643881778715194,2.2702016730254244,0.8074367522506786,0.8680828363612526,0.18035386997496847,0.2518772597101962,0.43755280126017665,0.5755196401474753,2.131065897969504,2.6515159913223583
00-0041398,Riley Nowakowski,TE,PIT,2026,169,5,24.0,scored,0.024683352308263944,0.051586575889737,0.054682573063403274,0.06262982822018723,0.05231803153854261,0.7719935955867749,0.024683352308263944,0.024683352308263944,1.0,0.8508763338876832,0.05463069980820887,0.07626992819800095,1.3961001500211525,0.8662344337685877,0.07693006487875188,0.13095250126140423,1.7022278801895743,0.8814827178879592,0.09817974636632416,0.19358232948159146,1.971713481101338,0.8755367521526102,0.10984063078151582,0.24590036102013407,2.238701282672483,dg165_rookie_capital_v1,0.01257961621690849,0.03808777001569893,0.031803331980394894,0.06821781135221,0.03564569740914874,0.07716672600105719,0.03958637402093521,0.0864726484341642,0.032686069800267024,0.0705626110302484,0.7193489426583408,0.8151733004858628,0.01257961621690849,0.03808777001569893,0.01257961621690849,0.03808777001569893,1.0,1.0,0.800267195496719,0.8888144275735455,0.03605855721087954,0.07352110923190086,0.052930306175498286,0.10053563132313527,1.170331022883372,1.6692418775667952,0.8223259168840278,0.9014476740241392,0.050769147566633574,0.10442303249091284,0.09295156152616732,0.16805214827188383,1.4068076136092522,2.0146917939058553,0.84928953654916,0.9136487501014987,0.0706503643645574,0.1278086735655777,0.14109440588251818,0.24182279112586247,1.6357425734420021,2.3265479487473266,0.8381395461218364,0.9085237867363515,0.07815673337381633,0.14250757629699035,0.18318317780244125,0.3091887778495553,1.8817643124493424,2.6631132087293263
00-0041087,Joe Royer,TE,CLE,2026,170,5,24.0,scored,0.024581941348448,0.0513277904073511,0.05440591936127895,0.06229336989291985,0.05203561195312976,0.7711828333858469,0.024581941348448,0.024581941348448,1.0,0.8494662356861696,0.0542818437454237,0.0759097317557991,1.3984368716694293,0.8649258425326781,0.07637447161846922,0.13031565111707805,1.7062723755140785,0.8801701973204062,0.09749263535320864,0.19260902100999788,1.9756263671834244,0.8742024676583459,0.10907640200197534,0.24464463296312763,2.2428740632524455,dg165_rookie_capital_v1,0.0125217385323449,0.03793465864806506,0.031555433879302604,0.06798303942505012,0.03541658161509182,0.07687225910170213,0.039360343988674586,0.08613621591016823,0.03246663638659305,0.0701994315057332,0.7178787702981743,0.8146610957168765,0.0125217385323449,0.03793465864806506,0.0125217385323449,0.03793465864806506,1.0,1.0,0.798230460210874,0.8876936341757147,0.03575117940913859,0.07317385503281583,0.05267200395580729,0.10024471403115812,1.1711801926445917,1.6729410003401697,0.820804621981548,0.9005546816048392,0.05039093918858216,0.10370048010718633,0.092373531266703,0.16740762857900854,1.4081323398801888,2.020932260711149,0.8478244779965699,0.9128462952727399,0.07010363326648078,0.12707078513925663,0.14032421245199797,0.2406419756687444,1.6375916704633746,2.3320971763632183,0.8362226666173744,0.907569081853543,0.0775316989809578,0.14159379617482756,0.18222674883750994,0.3081841986335654,1.8885750371338341,2.6715755790198226
00-0040887,Josh Cuevas,TE,BAL,2026,173,5,22.0,scored,0.027854170463046946,0.06340249409596374,0.0680505955802835,0.08938551651642258,0.07146228729373814,0.7522523783343579,0.027854170463046946,0.027854170463046946,1.0,0.8267022198717798,0.06641389901726606,0.09125666455901069,1.374059736129723,0.8491547455543202,0.09569762807331204,0.1593072601392942,1.6646939255093354,0.8617334443166268,0.128374122249485,0.24869277665571676,1.9372500648721238,0.861430590192524,0.14399772015226367,0.3201550639494549,2.223334255646005,dg165_rookie_capital_v1,0.014518779481547369,0.0440589916769736,0.04026650675181703,0.08245831055531697,0.046661962471997165,0.09400468861187926,0.059698762715369114,0.12210444294283675,0.04393391632938763,0.09410817374710158,0.7053013843555569,0.795908182344935,0.014518779481547369,0.0440589916769736,0.014518779481547369,0.0440589916769736,1.0,1.0,0.7802902710278583,0.8691639277673465,0.04296985310686944,0.09090221497062542,0.06386755119177938,0.1226790817221601,1.1828459895735437,1.6281681067100675,0.8118671015304706,0.8887189680370879,0.06611378929590574,0.12464193835756168,0.11710887396369127,0.20950092422283745,1.4006204401131919,1.9759548356453498,0.8275289984361573,0.89969839121638,0.09243297681491547,0.16744642832234102,0.1812729256451132,0.3132648791089169,1.6437478713262281,2.2891286264851245,0.8232288476130654,0.8979404151986945,0.10263923654090253,0.18713442277583398,0.2354386531682995,0.39840828182947674,1.8487685649982473,2.586080154649838
00-0040888,Adam Randall,RB,BAL,2026,174,5,22.0,scored,0.11971668624584815,0.1377520063505424,0.14915721280703576,0.12020287834758349,0.10898692530348741,0.7648935230035806,0.11971668624584815,0.11971668624584815,1.0,0.8151171104752074,0.1950170700701368,0.25746869259639055,1.3202366977608337,0.8247443857928948,0.23088727294345116,0.4066259054034263,1.7611447362151356,0.8209272604039746,0.27904976605056936,0.5268287837510098,1.8879384534425232,0.8147333398930475,0.2980536237718645,0.6358157090544972,2.1332258974350258,dg165_rookie_capital_v1,0.0937451013911374,0.15287516808444096,0.10845987695779134,0.16766329107910308,0.12080115840581197,0.18366802725577,0.09301526165304452,0.15173893972449032,0.07838394229792178,0.13620584788376794,0.7206482658341159,0.8040928760400832,0.0937451013911374,0.15287516808444096,0.0937451013911374,0.15287516808444096,1.0,1.0,0.7739534369311312,0.8527965177315827,0.1645586017902125,0.23147685368944712,0.21489256944563603,0.30798249950860745,1.2213103697711214,1.4376218967168952,0.7835108411711041,0.865171540435269,0.19742308619755722,0.26766657176122843,0.34606376172317677,0.47696265144386935,1.6082490651959056,1.9340673140284932,0.7744764201324389,0.8615204454197785,0.24043666698448202,0.32012034578676635,0.4531497608551776,0.6165631682645663,1.7164195429591285,2.0627549459234116,0.7657536948734193,0.857147175469946,0.25558302753992057,0.34852233145787315,0.5415738952397242,0.7417159651650016,1.891925050475851,2.394284222692098
00-0040890,Cyrus Allen,WR,KAN,2026,176,5,23.0,scored,0.06459966164178599,0.11414039839945216,0.11927583273672723,0.0978429886472854,0.10367830990783287,0.7313600527994799,0.06459966164178599,0.06459966164178599,1.0,0.8188771080119298,0.13041629083925013,0.17874006004123816,1.3705347613478092,0.8355025671726338,0.1639557498102131,0.29801589277796536,1.8176605158582941,0.8294790704975225,0.19247299816823737,0.3958588814252508,2.056698265172953,0.8287138377470282,0.21059128891465353,0.49953719133308366,2.3720695851552125,dg165_rookie_capital_v1,0.05120738007480286,0.08224445900649756,0.09261721806214314,0.13895107690044947,0.09914377233112948,0.13876559316337578,0.07659718811956819,0.11804479159292824,0.08209567714004595,0.12747105834529493,0.6963908996796095,0.7633123725205423,0.05120738007480286,0.08224445900649756,0.05120738007480286,0.08224445900649756,1.0,1.0,0.7835614177729502,0.8509476794568553,0.10474469774292292,0.15346155348284893,0.14869910384104754,0.20897696137448876,1.2768581413036155,1.4953951277540107,0.7998416478588357,0.8658682279677944,0.138220011846336,0.18864887046342108,0.25794436337158144,0.34313855395408704,1.667571992538985,2.0217337054137094,0.7927286039340066,0.861749084037707,0.1594928522788972,0.22193264423070524,0.33948504172110394,0.45272760927027117,1.8714136243308284,2.306332858490586,0.79255509564627,0.8620491081270376,0.17434452516288548,0.246742541834518,0.42833996748939607,0.5651799351985491,2.120813499493649,2.687705641614097
00-0041529,Kevin Coleman Jr.,WR,MIA,2026,177,5,22.0,scored,0.06878995130917996,0.12660908819445232,0.13298474948319866,0.11695092551797914,0.12102292611622346,0.7217021268593,0.06878995130917996,0.06878995130917996,1.0,0.8071657794248288,0.14385664048680388,0.1953990395036323,1.3582900229173394,0.8275103013657842,0.18267051291981126,0.32838378898683096,1.7976836202950004,0.8188523547741848,0.21901478422533846,0.4453347145048101,2.0333545796005126,0.821935898882089,0.23957680703624754,0.5663576406210336,2.3639919390667257,dg165_rookie_capital_v1,0.053849936367697256,0.08482151122111618,0.10220610428631417,0.14912325826948955,0.10934554882339617,0.1547804094899045,0.09434406972660685,0.13917727013465406,0.09782886871559553,0.14630748179731992,0.6837465903752524,0.7563379888514871,0.053849936367697256,0.08482151122111618,0.053849936367697256,0.08482151122111618,1.0,1.0,0.7642963671189488,0.8415209800829758,0.11709455215961999,0.1681584724583408,0.15986437771953874,0.22489575126875677,1.2720660594210407,1.4663636537175477,0.7901270807420528,0.8610612494323128,0.1560694502010327,0.20807527832280845,0.2780510140033335,0.37279767134311587,1.667566069849446,1.956183087002527,0.7785347210245503,0.8531466210699692,0.18313361381577087,0.24926196671517964,0.37768909780467713,0.500679430071426,1.859501150801763,2.246439756668065,0.7806189629964712,0.8584860123219172,0.20244031572370144,0.27150137986273537,0.4743784536152488,0.6315975426726378,2.1164425837027308,2.620307617196923
00-0040891,Cole Payton,QB,PHI,2026,178,5,23.0,scored,0.06252625159669609,0.09404623893763923,0.06958990746586657,0.10418733936548764,0.0780003962144229,0.4654327037392196,0.06252625159669609,0.06252625159669609,1.0,0.624190382068649,0.11077226453319944,0.1565724905343353,1.41346293852654,0.6970556904561818,0.14401768716613808,0.22616239800020188,1.5703793225015623,0.7045331530725986,0.1991136331541069,0.3303497373656895,1.6591015498673087,0.7106238157521922,0.20901168967237316,0.4083501335801124,1.9537191159987426,dg165_rookie_capital_v1,0.04038118446644966,0.0913852232463364,0.06058565373576398,0.1274671265492332,0.04200579310721681,0.09491374265375654,0.0704424011137735,0.13688204066507606,0.04687719612501577,0.1105203022792479,0.3981122581298407,0.5327850684251617,0.04038118446644966,0.0913852232463364,0.04038118446644966,0.0913852232463364,1.0,1.0,0.5571460139393904,0.6874097161151739,0.07311189761990278,0.15101851137101543,0.1092990775315663,0.20874647998076873,1.2396607624461555,1.639614225781422,0.6339556467464952,0.7606002479310416,0.10024596732282388,0.19323585860723141,0.1620777220683019,0.3013156541356971,1.3400041178106676,1.8718901681439466,0.6465804070519293,0.7700809241547674,0.1373670351300571,0.25772157830247605,0.2388163719847538,0.42214651687582794,1.410454373444334,1.9768512720855087,0.6472920290452245,0.7741523463812346,0.14805445292960728,0.2663168442956255,0.30494100459218126,0.5216584555811783,1.624935411455744,2.390153093248577
00-0041579,Seydou Traore,TE,MIA,2026,180,5,24.0,scored,0.023620240292870767,0.048883424339678086,0.051793110110316246,0.05911997987848422,0.04937310060455127,0.763223207693029,0.023620240292870767,0.023620240292870767,1.0,0.8352318907715978,0.05100913113679799,0.07250366463254886,1.4213859953447572,0.8516820971872885,0.07117945420516265,0.1242967747428651,1.7462451227091573,0.8667937795934842,0.09105498942220683,0.18341675462134932,2.014351501056975,0.8606325092175008,0.10191116716832632,0.2327898552259006,2.284242852811237,dg165_rookie_capital_v1,0.011911775075638883,0.03672342792944172,0.029501965792742356,0.06573776419288048,0.03338238632201004,0.073691986153073,0.036917171201858265,0.08174627070682866,0.030413260211355982,0.06676954251186334,0.7045166417714368,0.8083703286136754,0.011911775075638883,0.03672342792944172,0.011911775075638883,0.03672342792944172,1.0,1.0,0.7778268558001278,0.8781989132851211,0.03298767970705775,0.06938437389282937,0.050232053495779805,0.09629855831707775,1.178611858939507,1.715053781165328,0.807483431642113,0.8919296158131834,0.04689282317774247,0.09786363385763788,0.08731061411029607,0.16047283430340692,1.4371288426174234,2.0996397000480567,0.8295658775404077,0.9040362122024055,0.06496766847405046,0.11922856547085144,0.1330822608054115,0.22980039708875297,1.6574493425587924,2.42450825250827,0.8156346302852308,0.898918136064069,0.07170941908566658,0.13283143392702998,0.17321567518187497,0.2939868990486524,1.9169352191270952,2.7510285111179034
00-0041092,Taylen Green,QB,CLE,2026,182,6,23.0,scored,0.040298390157840626,0.06344056650473476,0.04790587980045667,0.08372060696495393,0.06604057709835331,0.3647451774869209,0.040298390157840626,0.040298390157840626,1.0,0.5623746213420417,0.07831145166722389,0.10373895666257538,1.3246971477862899,0.6488457071441992,0.10565201670926916,0.15164483646303206,1.4353236330578043,0.6589098774776431,0.15154930985103598,0.235365443427986,1.5530617965818274,0.6608310066896216,0.16244571983541262,0.3014060205263393,1.8554260514325587,dg165_rookie_capital_v1,0.024166461574050183,0.06219949192281887,0.038307388883886864,0.09178508766926098,0.026664297818539084,0.07115499025133495,0.053916333583472344,0.11268947667680813,0.03758819389849615,0.09587269578449424,0.30319054732624007,0.425538736973895,0.024166461574050183,0.06219949192281887,0.024166461574050183,0.06219949192281887,1.0,1.0,0.4914472423620319,0.6300559274895621,0.04853271542402726,0.11023714823925311,0.06861382981511994,0.14929367909790933,1.1443227130370126,1.5143567976487446,0.5891421712427687,0.7135492959796423,0.06982584272045061,0.15000645577746846,0.10590352089105103,0.21196437007874214,1.1933959020611289,1.6952094638520059,0.5966686332386711,0.717658577385346,0.10192183814235668,0.1994952174697678,0.16615825016161057,0.31228086655948734,1.2917597106273662,1.8503740894676084,0.5920277692772307,0.7234307571819688,0.11348186533621356,0.21218849790805316,0.21906808082035115,0.3900004755079957,1.4935668677339715,2.2595451722991857
00-0041094,Bauer Sharp,TE,TAM,2026,185,6,23.0,scored,0.01597005516997413,0.03609604659060106,0.039546762957947464,0.05630348595261973,0.04872137717552876,0.6675116095432877,0.01597005516997413,0.01597005516997413,1.0,0.7828075021737875,0.039131629697867154,0.05206610176057519,1.3305375258473588,0.8115917893520702,0.05708819785830292,0.09161286471852265,1.6047601457995306,0.8281917328175592,0.07720911388610997,0.1479163506711424,1.9157887356320606,0.8218045794983302,0.08861817914064926,0.19663772784667116,2.2189321621535463,dg165_rookie_capital_v1,0.008078852103102968,0.026548842160356155,0.021892900947602947,0.04820813127972432,0.02645942985375839,0.05678408682348924,0.035421897242176884,0.07609970922566259,0.0293103032426151,0.06657152665072466,0.6119998174801672,0.7131205809629895,0.008078852103102968,0.026548842160356155,0.008078852103102968,0.026548842160356155,1.0,1.0,0.7432649478693222,0.8223902492232391,0.025553197212637827,0.05411073182079271,0.03628738522841711,0.06931032470590784,1.1082512229567436,1.591706522760647,0.7723659970963738,0.8498695753893599,0.03865612872873364,0.08013753094981813,0.06549836564067452,0.12266255027184858,1.3040138832884303,1.9084419101398074,0.7911113560263758,0.8661053609532893,0.05536023594347349,0.10049536161393482,0.10592879997875314,0.1927143034341729,1.5872147697135968,2.240271906625263,0.7825451596817609,0.8601324893641739,0.06184899185151455,0.11537315056326286,0.141805703076083,0.24934072861531298,1.8454532551474665,2.609574440712528
00-0041096,Kaytron Allen,RB,WAS,2026,187,6,23.0,scored,0.07212135987061799,0.08150933399039695,0.09171529018411727,0.07681374471935871,0.07603994542634,0.6886709496074627,0.07212135987061799,0.07212135987061799,1.0,0.7690035870695398,0.12178934552254927,0.15363069386101494,1.2614460912146888,0.7837257936175798,0.14760460856309507,0.2453459840451322,1.662183765354837,0.7827085183055178,0.18163299190513388,0.3221597287644909,1.7736850854318005,0.7681689372122162,0.19800468767125587,0.3981996741908309,2.011061853504982,dg165_rookie_capital_v1,0.05433029783103942,0.09413415452544928,0.06329142727263891,0.1050018132460998,0.0720070196476824,0.11504896457601015,0.05596636811741254,0.09909068909973451,0.05393901063699283,0.09796623222737331,0.6464525612637991,0.7370656498915836,0.05433029783103942,0.09413415452544928,0.05433029783103942,0.09413415452544928,1.0,1.0,0.7319539691149586,0.8141549972607163,0.09834594810631184,0.15301635703153166,0.12525619272755736,0.19296404218141372,1.1536592857132248,1.3909445459626593,0.7384312132942981,0.8304506705596991,0.12404018649892684,0.18307874030960458,0.20271698360895743,0.2988685224768664,1.470121429663517,1.8541307694856248,0.7373730935883749,0.8312758084345924,0.1517397404307094,0.21624091786272176,0.26886101330033474,0.38570160991803015,1.5572369198987577,1.9827874782889767,0.7207868005949165,0.8160510591044585,0.1664662704181254,0.2362452029951094,0.33253385395376595,0.47470238872915854,1.7107715352861723,2.298008563743962
00-0041099,Barion Brown,WR,NOR,2026,190,6,22.0,scored,0.04335413381340218,0.08558176783172854,0.09174776988678537,0.09115277627298661,0.10084627081885399,0.6237121293456139,0.04335413381340218,0.04335413381340218,1.0,0.7485811529765451,0.10035737521492027,0.12893590164513072,1.284767575566899,0.779731479159437,0.1317267208594548,0.2206836715319161,1.6753143940125366,0.7700006751626615,0.1636868879175813,0.3118364478049027,1.9050789698067745,0.7710869205776768,0.18314854886711807,0.4126827186237567,2.253267750011906,dg165_rookie_capital_v1,0.03261671568392691,0.05781859791760274,0.06442334907917237,0.10414266667354023,0.07148662742654087,0.11043969160171745,0.07230552433834445,0.1127976961370651,0.07880289699599989,0.12488810749276834,0.579268540935233,0.6618564295615489,0.03261671568392691,0.05781859791760274,0.03261671568392691,0.05781859791760274,1.0,1.0,0.703409498856739,0.7820869303031378,0.07814279374767105,0.12263842587014784,0.10064133946733013,0.15709008373908687,1.1978195989132332,1.4023890036782285,0.7429491236292907,0.8138956936151513,0.10781303645075671,0.15718855554209576,0.17760915017406556,0.261152738802222,1.5179613976011763,1.8349319406330993,0.7323547201690226,0.8074519797076917,0.13689612165800877,0.19145883504876113,0.2563260486475672,0.3696758633990742,1.7135148810366647,2.072179323472886,0.7277625950798536,0.8084653355859577,0.14895028821187625,0.21578738245013843,0.34512418918147897,0.48810910992448947,2.003994558754276,2.4917791838579197
00-0041100,Josh Cameron,WR,JAX,2026,191,6,23.0,scored,0.04041450879038172,0.07651864431296557,0.08150871259299766,0.07536819979765531,0.08562423585265637,0.6335928405191277,0.04041450879038172,0.04041450879038172,1.0,0.7594853089857279,0.08996660408265744,0.11693315310334729,1.299739545530852,0.7863758757956407,0.11663373524107364,0.19844186569634495,1.7014105334634078,0.7795229357537731,0.14170188815105247,0.2738100654940003,1.932296521004167,0.7761558722533747,0.15849438038151625,0.35943430134665666,2.2678047037469233,dg165_rookie_capital_v1,0.030541651606724247,0.05369122714269356,0.05978738485798761,0.09698664752153872,0.06471319186009666,0.09792621260052449,0.058818498450839585,0.09378011525585844,0.06670283873590217,0.10896654924819478,0.5943313194764238,0.6673424225079421,0.030541651606724247,0.05369122714269356,0.030541651606724247,0.05369122714269356,1.0,1.0,0.7226268535148239,0.7916962249979571,0.07191575077281531,0.10819617075601791,0.09346285008834032,0.14486227406172175,1.2047066723489184,1.399233938950365,0.7524812235510083,0.8145215440235692,0.09716611542266398,0.13573197301912354,0.16655797300662606,0.23693637006548382,1.5501387633253485,1.8903819567673792,0.7437615958103854,0.8114203594983743,0.11736122168655283,0.16541790677707235,0.22919229662374857,0.31651338354200054,1.728048909056842,2.1184784490330038,0.7422459074095945,0.8085729475750031,0.12798310647527386,0.18893988197129366,0.2974391972600844,0.42060322823357227,2.0481719037462067,2.5108185599070665
00-0040894,Malik Benson,WR,LVR,2026,195,6,23.0,scored,0.03997912374171229,0.07599029962931461,0.08079229413632243,0.07437232502921669,0.08470862926735372,0.6308171963230377,0.03997912374171229,0.03997912374171229,1.0,0.7530949682454349,0.08886577671731934,0.11596942337102689,1.3049953272779447,0.7805975182257769,0.11503950751488923,0.19676171750734933,1.7103838651420082,0.7733346970201874,0.13996156689005915,0.27113404253656603,1.9372035378079457,0.7701361549627006,0.1564913631873519,0.35584267180391976,2.2738805807314995,dg165_rookie_capital_v1,0.030162958612725506,0.05332638387833969,0.0595143647662785,0.09606634891667165,0.06402070186825921,0.09712541047356824,0.058309493714943275,0.0927342761076579,0.06593536208494499,0.10766204358655643,0.5913088637062376,0.6641406934232078,0.030162958612725506,0.05332638387833969,0.030162958612725506,0.05332638387833969,1.0,1.0,0.714451876837767,0.7851556935599089,0.07091982177439103,0.10659408992337388,0.09279388412536171,0.14335331724689188,1.2094668780811864,1.4101475814372464,0.7454974089449448,0.8098035997341776,0.09590624256791623,0.1341311910990345,0.1651808791198579,0.23494799724697663,1.558423668467648,1.9010125867654613,0.7365646522569308,0.8049497009773269,0.11606996518366433,0.16386854151856298,0.22716644386051515,0.31279009788276296,1.7397272049389407,2.1287869686136918,0.7354948508712161,0.8026036961768427,0.12572078881350743,0.18606857969576565,0.29447075744535206,0.41634201841321833,2.0518109572829464,2.5141448499981847
00-0041399,CJ Daniels,WR,LAR,2026,197,6,24.0,scored,0.037162774963632,0.06775417884747648,0.0715266893670428,0.061100091112169345,0.07154130873150032,0.6399615757023515,0.037162774963632,0.037162774963632,1.0,0.7623667505962006,0.0793232267668693,0.10491695381110848,1.3226511084761978,0.7858556468917876,0.10129543969397015,0.17644364317815128,1.7418715364799835,0.7813050962579684,0.12033877183069133,0.23754373429032064,1.9739584397996757,0.7737869786485332,0.13441285379850815,0.30908504302182094,2.2995199810663607,dg165_rookie_capital_v1,0.02575295647331593,0.05227668710773194,0.05065208066182268,0.09023273538873637,0.05460117898728964,0.0906868955614252,0.043780765998934205,0.07938242179391718,0.051808989230363124,0.09595652938274353,0.5915058716963185,0.6794932260555884,0.02575295647331593,0.05227668710773194,0.02575295647331593,0.05227668710773194,1.0,1.0,0.7162130743577627,0.8019905166604928,0.05768073088741902,0.10147305726326557,0.08036601255243526,0.13267514780790962,1.1906966935388448,1.4769895778452369,0.7347800471136291,0.8227138741366249,0.07823068661528922,0.1256455957422268,0.14063672458752713,0.21569228541660884,1.5288193529413883,2.0172923735199535,0.7289014684591346,0.8195841537375363,0.09540134845559407,0.15112763141210123,0.18817770209401746,0.286704919374004,1.6932530091730704,2.246287368222208,0.7229564017291391,0.8145194282523204,0.10358762200954265,0.1689122271377948,0.24597665810079325,0.3724055468547297,2.0073029696542815,2.713849565689568
00-0041104,Demond Claiborne,RB,MIN,2026,198,6,22.0,scored,0.07480888861838915,0.0873326934514864,0.09999536231072383,0.0884279877612393,0.08605649889368167,0.6746365817059067,0.07480888861838915,0.07480888861838915,1.0,0.7378498380637121,0.12792921325074996,0.16214158206987556,1.2674320270544228,0.7582915387606887,0.15672321784283313,0.26213694438059937,1.6726107847241776,0.7535580868817872,0.1975648677047955,0.35056493214183865,1.774429513782067,0.7432214261786393,0.21512206958495594,0.4366214310355203,2.0296449912271317,dg165_rookie_capital_v1,0.05641823876658862,0.09946352076828048,0.06750853009457429,0.11040889574598509,0.07841425717627902,0.12615052410888447,0.06533145706847845,0.11505988981983668,0.06061327654531296,0.11158346272102884,0.6302053638537826,0.7260948926712408,0.05641823876658862,0.09946352076828048,0.05641823876658862,0.09946352076828048,1.0,1.0,0.6937698220243907,0.7860772522556334,0.10381863508832011,0.16055529587855988,0.13057403132650292,0.19949482455961526,1.1548401176970946,1.3960201529639227,0.7099966347991139,0.8033791768725419,0.13239303749224277,0.19233759581580143,0.21771562011568263,0.3149232257071162,1.4926059361521495,1.845335968278291,0.7062128164273127,0.8008381036632061,0.16937514831112108,0.23580338251924812,0.29635517501506886,0.4191266990975888,1.5803772204677218,1.9801515551389024,0.6982851079569885,0.7919798759949798,0.18167089767142697,0.260956120880544,0.36685683607114794,0.5196938244138821,1.7338287844518143,2.299872086828799
00-0040895,Emmanuel Henderson Jr.,WR,SEA,2026,199,6,22.0,scored,0.04232095381349572,0.08428011404693127,0.08997556437086714,0.08852770423647562,0.09849161065332294,0.617435927529112,0.04232095381349572,0.04232095381349572,1.0,0.73373139192169,0.09766430015953,0.126601067860427,1.2962880771543968,0.7663896519610127,0.12780186774116684,0.21657663223129414,1.6946280681118064,0.7556003030369389,0.15933760500412567,0.30510433646776974,1.914829436904551,0.7572784436536044,0.17815936718612158,0.4035959471210927,2.2653647321246906,dg165_rookie_capital_v1,0.031806970184530395,0.057147411572428725,0.06343985396410963,0.10255479306294756,0.07035345267771681,0.10817634321714224,0.06977828264689165,0.10928804944824443,0.0761995202527351,0.1220632022356506,0.5715786802094562,0.6562278171539254,0.031806970184530395,0.057147411572428725,0.031806970184530395,0.057147411572428725,1.0,1.0,0.6881084349030785,0.7685141515466883,0.07622472125145291,0.11911304856543871,0.09911271534876524,0.15362470240078777,1.2072159559752975,1.417601915785805,0.728437231510139,0.8028763827173644,0.10413523531773458,0.15213760305045407,0.17494061239032105,0.25721574891362214,1.5469758430811051,1.8537980784370842,0.712753255846534,0.793817674123968,0.1327839661429798,0.18515540605607808,0.250183003757291,0.36132295117244184,1.7166394583275657,2.083714206934753,0.7132908144162732,0.7941094282467664,0.14566479166007706,0.2094814899668856,0.3379682119914932,0.4760828383907759,2.0110123946951357,2.514952147451566
00-0041106,CJ Williams,WR,JAX,2026,203,6,,scored_age_imputed,0.04188394872810545,0.08372593660726994,0.08922302599737127,0.08742002398496775,0.0974942241717325,0.6147248748927528,0.04188394872810545,0.04188394872810545,1.0,0.7271767155560169,0.09652619188868745,0.1256098853353754,1.3013036449239272,0.7604825799452367,0.12614505633039919,0.21483291133274668,1.7030624709545195,0.7492235684152645,0.15749636644513584,0.3022529353177144,1.9191105302293103,0.7511694335453886,0.17604693583989026,0.3997471594894469,2.270685130543855,dg165_rookie_capital_v1,0.03144973557203755,0.05646098267376937,0.0631194020396803,0.10187862522880407,0.06992822120906912,0.10721578881931204,0.06885713217085998,0.10808503436754005,0.0754162524220985,0.12068486722913081,0.5693325182145349,0.6539035096679714,0.03144973557203755,0.05646098267376937,0.03144973557203755,0.05646098267376937,1.0,1.0,0.6812089530268604,0.7646013345613726,0.07545146288256031,0.11762040460962955,0.09846315168908518,0.15308730713720503,1.212122304376902,1.4231092604412285,0.7208797395614425,0.7979613899557698,0.10258817029631884,0.15043544689222435,0.1738067732352343,0.25545401666737766,1.556091656410571,1.870420098150168,0.7048772623725834,0.7880970117736429,0.1306336174520704,0.18248165505172523,0.2475851168294158,0.35786001534864104,1.7252123123106438,2.100589752650776,0.7068122724074359,0.7878753642165822,0.14333545238357145,0.20624523251168767,0.3349788884950268,0.47147364351668586,2.015354276318187,2.5322509611157606
00-0041467,Lewis Bond,WR,HOU,2026,204,6,23.0,scored,0.03904679195506323,0.07485166361570866,0.07925249077534391,0.07224605335258132,0.08274603291750676,0.6247448567035211,0.03904679195506323,0.03904679195506323,1.0,0.7387934057977769,0.08651124153071704,0.11389845557077188,1.3165740492850357,0.7676328355312196,0.11163437395217245,0.1931509463461158,1.730210324186236,0.7594425680286858,0.13623478955714535,0.2653969996986971,1.9480853646958738,0.7566424473401608,0.1522021634670565,0.3481430326162039,2.287372430757582,dg165_rookie_capital_v1,0.029381907661970515,0.05232646017769455,0.05892403861313144,0.09425781401597434,0.06255092726858612,0.09476346665541502,0.05648978340015244,0.09049367145335814,0.06429289280970434,0.10486960081097302,0.5848119959511279,0.658108127110122,0.029381907661970515,0.05232646017769455,0.029381907661970515,0.05232646017769455,1.0,1.0,0.6980909070282215,0.771733230275503,0.06879565942276349,0.1042810126789314,0.0914740315763988,0.14011908876719664,1.220427242269972,1.4338250439749318,0.7288466735266519,0.7995178621468607,0.09321393304977547,0.1308737372569594,0.16222180022488344,0.22952485804939898,1.5763885790360623,1.9276729840207272,0.7203900467215705,0.7914771788238851,0.1129684022967469,0.15924178579551984,0.2218110613293008,0.306854960234436,1.7504523429062042,2.1476309311748083,0.7185822688857917,0.7918236865744213,0.12214846790669406,0.1789150923243869,0.28769594551157196,0.4052083374581351,2.063787287565125,2.53565280625659
00-0040900,Anthony Smith,WR,DAL,2026,218,7,24.0,scored,0.02275967238641057,0.04435101798439056,0.04764191210861506,0.04603127208449621,0.05810865775001003,0.5274954270047363,0.02275967238641057,0.02275967238641057,1.0,0.6844236639127638,0.053097840096952564,0.06711069037080113,1.2639062200696334,0.720339903231504,0.0695788987236867,0.11475260247941618,1.6492443051610277,0.7151829834034965,0.08549187375183426,0.16078387456391238,1.880691900971029,0.7035765630941748,0.09754502856473839,0.21889253231392242,2.2440152566939737,dg165_rookie_capital_v1,0.015322861071851754,0.03369894955087956,0.03166589085745486,0.06056530587667414,0.033825992828299165,0.06282592638966976,0.03142152532640108,0.06252822592271078,0.039393985977890025,0.08011556690579108,0.46603810869538226,0.5803492418860476,0.015322861071851754,0.03369894955087956,0.015322861071851754,0.03369894955087956,1.0,1.0,0.620283501946321,0.7361674134070831,0.037589299774659045,0.07060780690095023,0.05054563511897407,0.08953995527280041,1.1141450514087674,1.417114481843804,0.6567018772103941,0.7723270836622569,0.05164563129790157,0.08795843391206885,0.08963821866988535,0.14526406393413718,1.3938784238036785,1.9101676753383086,0.6478471093477036,0.7631674360107075,0.0657038836047262,0.11254851912391806,0.12399834050808464,0.20287551174719398,1.5795259589979402,2.1659412768910657,0.6397754439099154,0.7563942889675969,0.0708552402584954,0.12814768324900216,0.16668507971730007,0.2742784318669667,1.8761294785694398,2.6805460567504387
00-0041116,Jack Endries,TE,CIN,2026,221,7,22.0,scored,0.009682146051251077,0.02328041156749661,0.02635738301102117,0.04664922588922543,0.041836399275839056,0.526522511755471,0.009682146051251077,0.009682146051251077,1.0,0.6589939159199417,0.025304472433604164,0.03296255761874769,1.3026376149606518,0.7081025242324858,0.03768182697472092,0.059319940629768864,1.5742320739799587,0.7219304253000595,0.05419674478559405,0.1059691665189943,1.955268105828411,0.7162547320527815,0.06386679308126171,0.14780556579483334,2.314278808500234,dg165_rookie_capital_v1,0.004487049590113675,0.01850693342366906,0.013797971702863026,0.034266994382428875,0.015936963615240368,0.0397608679430776,0.027322191317526553,0.06656707006905321,0.02423455686600297,0.06124103600960332,0.4463176788128397,0.5961878583342515,0.004487049590113675,0.01850693342366906,0.004487049590113675,0.01850693342366906,1.0,1.0,0.5951350606437702,0.7234695601071714,0.014460051993957355,0.040949176395118504,0.020978899488719744,0.048848565987813584,1.0460586812101613,1.6649171827118587,0.6476034148471229,0.7708058714054914,0.024321014501935412,0.055947583177345966,0.04092340309557798,0.08611757738788108,1.2054257989351918,2.009997157470915,0.6559658770820457,0.7850558253785304,0.03588270419498041,0.07824357461790023,0.07393509472047739,0.1500464152445428,1.5325843825572616,2.394020909349673,0.6477957662882682,0.7815462456963291,0.042050205360375126,0.09620076536178326,0.10063641183477984,0.20315153045676085,1.7806465355181202,2.862243612956905
00-0041117,Athan Kaliakmanis,QB,WAS,2026,223,7,23.0,scored,0.02328513805657158,0.03764036879745757,0.029873897950744334,0.06091156077388014,0.04992243988841509,0.25939936548129267,0.02328513805657158,0.02328513805657158,1.0,0.42883506093605184,0.047212702704774186,0.06092550685402916,1.2904473449656657,0.5337671366528188,0.06612086408553289,0.0907994048047735,1.3732337902801277,0.5463528231496442,0.09817063357435528,0.15171096557865363,1.545380324593163,0.5401584599018884,0.1073571844114485,0.2016334054670687,1.8781547464425368,dg165_rookie_capital_v1,0.013116788530137102,0.03886300514062649,0.0212201523517426,0.05990634674492691,0.015040509911931874,0.04851757331784937,0.036760907827135696,0.08829391055587463,0.02583382015061875,0.07875531569314816,0.1985133901999315,0.32922426813050204,0.013116788530137102,0.03886300514062649,0.013116788530137102,0.03886300514062649,1.0,1.0,0.34768538427055135,0.504708266821223,0.027320954988503343,0.07363485477837632,0.03744932681476371,0.09247419011617405,1.0622711454348759,1.5510205710316003,0.4551077535763941,0.6158392127735097,0.03986857125544551,0.1007287391460634,0.059457265864269436,0.13452980239451537,1.1001241484060487,1.7017266886433702,0.46003969315878146,0.6180423486303793,0.06013843459168476,0.13962060851921068,0.10205382008262733,0.21002517571502782,1.2400165008995487,1.906888938183283,0.4540265399728184,0.618533310868908,0.06864019894479478,0.14987177235042073,0.13660317880029982,0.272604209021059,1.4610792540622586,2.3748578249075543
00-0040901,Jaren Kanak,TE,TEN,2026,225,7,22.0,scored,0.009559865463666502,0.022916664475698435,0.025942015582475875,0.04587845436087912,0.04114589235695311,0.523034360469719,0.009559865463666502,0.009559865463666502,1.0,0.6513903299404854,0.024801344602873022,0.03247652993936494,1.30946650108651,0.7009845417041685,0.03682583832888625,0.05841854552184081,1.586346656934547,0.71423467796508,0.05299621148136876,0.10429699988271993,1.9680085984898443,0.7086633367690756,0.06245634481868407,0.14544289223967305,2.328712841936328,dg165_rookie_capital_v1,0.004412239152488816,0.01833778791299648,0.013588839184595893,0.03388309230520474,0.015679877777366624,0.039223827621794397,0.0268580213192285,0.06578283151129051,0.023743873980111792,0.06032377006893751,0.4409598988010951,0.5938627344954762,0.004412239152488816,0.01833778791299648,0.004412239152488816,0.01833778791299648,1.0,1.0,0.5881714305475676,0.7162040668517722,0.014155146718569591,0.0402346941756729,0.020597969832912635,0.048227984979775936,1.0511984298333803,1.673846343316336,0.6387274095164416,0.7641550590257475,0.023622823216895558,0.05460064394156397,0.04017712221707969,0.08491430872398568,1.2137123988002865,2.0258837515629278,0.6488992214155868,0.7796637964589554,0.03497905714108647,0.0767380049178703,0.07251121301079812,0.148076312156708,1.5418256459338826,2.421929485699998,0.638107193703463,0.775081270621808,0.04098921055183318,0.09449679320929856,0.09865950487353822,0.19951340484689345,1.8022059445120497,2.8933072686013075
00-0041123,Behren Morton,QB,NWE,2026,234,7,24.0,scored,0.02115893362935254,0.03249121846437922,0.025762798072789125,0.04897705854024989,0.04090253229934309,0.2641557742595298,0.02115893362935254,0.02115893362935254,1.0,0.4270843302942507,0.040552768418157546,0.05365015209373176,1.3229713823855695,0.5284700133499703,0.05598989590510713,0.07941295016652089,1.4183443080714357,0.5448393433458805,0.08105907403698796,0.12839000870677078,1.58390667833419,0.5313452085279164,0.08839513636854675,0.16929254100611388,1.9151793634921355,dg165_rookie_capital_v1,0.011482115384301649,0.03354622740790578,0.018840011951532034,0.05150479010710028,0.013299289116419514,0.040981548930586635,0.0288868867932733,0.06974194909695614,0.020764188688670332,0.06494504109129255,0.20128435533019629,0.3438878508015602,0.011482115384301649,0.03354622740790578,0.011482115384301649,0.03354622740790578,1.0,1.0,0.3329071676478638,0.5040857679781344,0.023141360054548536,0.06571557355326792,0.033326167633246834,0.07930553802552773,1.0825239599870844,1.621969719033052,0.44459148571093043,0.6114088163896139,0.034662474312131784,0.08305340159689006,0.05103002931697233,0.11661600938914436,1.1271691372879276,1.789763431083172,0.46294552855487786,0.6233292847822397,0.04984529520678681,0.11567858700780619,0.08531815957377722,0.17797916511941567,1.2709688525055771,1.9921420043666718,0.4365729533454091,0.6202172977932177,0.056078745583921764,0.12640920233591427,0.1152304371051796,0.23217638931773293,1.4782307428370038,2.4814221703977717
00-0041125,Seth McGowan,RB,IND,2026,237,7,24.0,scored,0.03904419981299839,0.0415501840727466,0.05042934169758504,0.041991456589875936,0.046657124499154046,0.5871892742407705,0.03904419981299839,0.03904419981299839,1.0,0.6530451720349255,0.062392237247140055,0.080594383885745,1.291737360955738,0.678740613216788,0.07662094519126252,0.13102372558333003,1.7100249188556258,0.679444217759593,0.09598709044928086,0.17301518217320597,1.8024838690638967,0.6532636733185875,0.10607750216331327,0.21967230667236,2.070866132708895,dg165_rookie_capital_v1,0.026151768569192272,0.05812922369545432,0.02896930661132356,0.05989410411918486,0.03518367238293709,0.06810548745459367,0.02828958113157852,0.05983004608104267,0.02965250527608165,0.06618284251678462,0.521021478366624,0.6596981697180647,0.026151768569192272,0.05812922369545432,0.026151768569192272,0.05812922369545432,1.0,1.0,0.5776400523531675,0.7199982288957907,0.04439189982001157,0.08725328501031314,0.05913189375617823,0.11154934785932738,1.1230225459050527,1.503735006836956,0.603275306549001,0.7438537607807038,0.05551421417546851,0.1060778247290721,0.09770935573895942,0.1765757924618409,1.4037805739482938,2.0469332259605753,0.5987748328126209,0.7495706035348018,0.07120079149926851,0.13195216667247395,0.13098957065029979,0.22642645781360404,1.4614993776371326,2.119714816421738,0.5622006218250462,0.7280161852354469,0.07902102860302544,0.14038401934685082,0.1695551304874081,0.2853565822172733,1.6622555210055805,2.5743674241725514
00-0041129,Jam Miller,RB,NWE,2026,245,7,22.0,scored,0.0439248751528722,0.05095665889401113,0.0630015602651291,0.06013599199955921,0.06373740923515,0.5622822319354738,0.0439248751528722,0.0439248751528722,1.0,0.608030097492264,0.07511179467232108,0.09488153404688333,1.2632041939725807,0.644854187876592,0.0947867128700349,0.15788309431201242,1.6656669435144458,0.6377921174429967,0.12498668763548897,0.21801908631157163,1.744338460647923,0.6228032131678236,0.1383810521901861,0.28175649554672166,2.0360915825346186,dg165_rookie_capital_v1,0.03136852533653325,0.061323701853255225,0.03693333598640737,0.06865781773444579,0.046135280554610004,0.08468378509860536,0.04152544738243291,0.08222870705031562,0.040929007191353624,0.08738974208787706,0.5005240486062824,0.6264989187685028,0.03136852533653325,0.061323701853255225,0.03136852533653325,0.061323701853255225,1.0,1.0,0.5450492502597211,0.6800647100096202,0.057024021052691505,0.09886857495152764,0.07171344914516287,0.12557672510678722,1.1222974049987882,1.4575824591305746,0.5788866197827154,0.7165567709302506,0.0768914019210255,0.12422292796635813,0.12263540820334132,0.20051079307307199,1.449106018545941,1.8967567880411091,0.5721993834649081,0.7128005465755728,0.09716208837660804,0.16003121409603052,0.1768990772117661,0.2749230473524808,1.4824985317812145,1.981520275119449,0.5613032371986635,0.6941268692744124,0.11097352708616512,0.17913550307328518,0.2290785921232552,0.35371022522398404,1.6253519737585669,2.392782860483667
00-0041131,Carsen Ryan,TE,CLE,2026,248,7,23.0,scored,0.008320878597368788,0.018705123121066043,0.021016242614101104,0.03444601634619899,0.031668091895625264,0.5154102917930855,0.008320878597368788,0.008320878597368788,1.0,0.624833179241409,0.019823357253053103,0.027026001718434833,1.3633413035661461,0.6713263616903471,0.028511599481959016,0.04804224433253594,1.6850069868207542,0.6842490168600898,0.040000391017006025,0.08248826067873494,2.062186358219982,0.673809505394706,0.04703774751000085,0.1141563525743602,2.426909420994044,dg165_rookie_capital_v1,0.003778554810991579,0.015608480116838823,0.010320856470073218,0.026668472524015926,0.012520963110829016,0.031197772322507127,0.019774770733322605,0.04997527731707227,0.01771837489821657,0.04695852215603631,0.43156125416423613,0.5802781398213556,0.003778554810991579,0.015608480116838823,0.003778554810991579,0.015608480116838823,1.0,1.0,0.558428657447368,0.6884311658031409,0.011611062640166184,0.029516491409582433,0.017658245692152876,0.03913908120468006,1.0879301135094128,1.747469821430427,0.6128934880792127,0.7338324326798462,0.018641938527296047,0.0415995480669184,0.03328384957703232,0.06786158352276915,1.286991873511029,2.1137963261538766,0.6229577082980032,0.7496384226133821,0.026709968548728324,0.05432900336399336,0.056084700103005945,0.11402372936218795,1.6091387927929706,2.5775279507783093,0.6097411038348209,0.7431735489864287,0.030025782195524386,0.06490869211539002,0.0777228534219365,0.15019744207681973,1.906739312545364,3.0504626154073287
00-0040906,Garrett Nussmeier,QB,KAN,2026,249,7,,scored_age_imputed,0.021894638142731317,0.03503152073568076,0.02824752242422386,0.057472373453276555,0.046631107919230544,0.2503796114960554,0.021894638142731317,0.021894638142731317,1.0,0.3875138519833049,0.04310062339014543,0.056926158878412084,1.3207734459689449,0.49430182466256606,0.06040729362103253,0.08517368130263595,1.4099900226779947,0.5065714446626922,0.0896419437879899,0.1426460547559125,1.5912869436798627,0.49840364932986747,0.09789772767542151,0.18927716267514305,1.933417324074045,dg165_rookie_capital_v1,0.012043278406123787,0.03663977765322682,0.019514391583553323,0.05569039252858138,0.014006239311960203,0.04608441218399679,0.03405141225098737,0.08262516066051767,0.02357162535860046,0.07324781444185242,0.19038843326171392,0.31474963453192023,0.012043278406123787,0.03663977765322682,0.012043278406123787,0.03663977765322682,1.0,1.0,0.31124885086176746,0.4613647734681003,0.02355233995173329,0.06765116379606076,0.03410936967098915,0.08568951009608436,1.0980470692567725,1.5934231194678419,0.4142105630534519,0.5728244091859327,0.03588551132968631,0.09362767151635877,0.055368791957115096,0.12758732219910277,1.125020958300387,1.7894457934109658,0.4233712808023988,0.581324096519181,0.05346850853086318,0.12897929324077306,0.09472350627513819,0.1984948186617908,1.2946738188538267,2.039810575281913,0.41453396510974944,0.5788513036215185,0.06074475158989427,0.13853831521437687,0.12867780879912838,0.2567636856814082,1.4805543829365078,2.4981021709548417
00-0041132,Deion Burks,WR,IND,2026,254,7,23.0,scored,0.02247681187845892,0.047170551689809465,0.050260425335793724,0.050516985427510354,0.06328118179394433,0.4941790270319,0.02247681187845892,0.02247681187845892,1.0,0.6108564138187974,0.053992604251144556,0.06964736356826838,1.2899426603744895,0.6563798027693468,0.07089765468485902,0.1199077889040621,1.6912800492068991,0.6443259782583851,0.0903396734232929,0.17042477433157247,1.8864887139123825,0.6396032377154781,0.10287931590573676,0.2337059561255168,2.271651537221049,dg165_rookie_capital_v1,0.015643649491134854,0.03213628147730624,0.034518974022839655,0.06258645047038532,0.03768488808777817,0.06273610577985744,0.03704660398359437,0.06666780536691234,0.046858146008747215,0.0842131525769447,0.4417836053168885,0.5390118856506831,0.015643649491134854,0.03213628147730624,0.015643649491134854,0.03213628147730624,1.0,1.0,0.5536714630779112,0.6628034501733311,0.04081353294968597,0.06952513769453894,0.053024961718659495,0.0911760280166206,1.171461320250299,1.4281496762226862,0.6015252943667326,0.7057590497137222,0.056500563037045634,0.0879497853504791,0.09629865833340821,0.14880447048422815,1.5203137259718156,1.9199516767960572,0.5919614993042157,0.6929170600572883,0.07050010032098833,0.1117133739166264,0.1371915399741401,0.2076943802576407,1.660421485119036,2.123320204103614,0.5837479210473757,0.6898316847710939,0.07714480634400561,0.1289986211354619,0.18705842298071357,0.28909052590678463,1.98007815115126,2.566252314314316
00-0041133,Dallen Bentley,TE,DEN,2026,256,7,25.0,scored,0.0070742644377130995,0.014366168078541767,0.01591720666138371,0.022495563273784467,0.021755838697377905,0.5318580339266454,0.0070742644377130995,0.0070742644377130995,1.0,0.642379176238099,0.015186456058628802,0.021440432516254868,1.4118127648400638,0.6789935392960451,0.02102640017430645,0.03735763917763858,1.7767016164416178,0.6970493384779964,0.02784106490995428,0.059853202451423046,2.1498172805172824,0.6759346261170278,0.03255282985439237,0.08160904114880095,2.5069722513783055,dg165_rookie_capital_v1,0.0031764852379607277,0.012895022903965315,0.0074434445470977825,0.021038985676580923,0.009002343059582585,0.023722019145240067,0.011919023122510338,0.036338818833299494,0.011729996076315724,0.034164811568394154,0.4371334039005796,0.6128818571940583,0.0031764852379607277,0.012895022903965315,0.0031764852379607277,0.012895022903965315,1.0,1.0,0.545782605206531,0.7232747501183853,0.008623001640974085,0.022268067359656463,0.013602010753580578,0.030805052851768974,1.0783725156596977,1.799632870145544,0.5904843042276792,0.7563630907021721,0.01274719770538067,0.031254567270892056,0.02496541599795709,0.051882874751258315,1.3542312055425574,2.3429453317973405,0.6091715230635535,0.780358502444482,0.016661989995575034,0.04000988564912394,0.038692410571480824,0.083831963410909,1.5968891109113583,2.830325840873205,0.5712386442491937,0.7670771949018877,0.018381008977466952,0.048599579498009374,0.05339129071758864,0.11243700393021974,1.9238499037369658,3.401494926208986
