player_id,position,listed_position,feature_season,forecast_cutoff,arm,identity_status,games_t,seasons_since_last_observed,p_appear_year1,e_points_year1_given_appear,e_games_year1_given_appear,e_points_year1,e_games_year1,forecast_season_year1,p_appear_year2,e_points_year2_given_appear,e_games_year2_given_appear,e_points_year2,e_games_year2,forecast_season_year2,p_appear_year3,e_points_year3_given_appear,e_games_year3_given_appear,e_points_year3,e_games_year3,forecast_season_year3,p_appear_year4,e_points_year4_given_appear,e_games_year4_given_appear,e_points_year4,e_games_year4,forecast_season_year4,p_appear_year5,e_points_year5_given_appear,e_games_year5_given_appear,e_points_year5,e_games_year5,forecast_season_year5
00-0022942,QB,QB,2025,post-2025-season,basic_cohort_3col_plus_lags,resolved,3,0,0.4192472713049682,48.03632737389027,4.81109909709362,20.139099175015645,2.0170401684342965,2026.0,0.19220544018025365,44.84674659018017,4.575496332761768,8.619788669017868,0.8794352866816119,2027.0,0.08429972811955914,31.602658231580687,3.901599565639435,2.6640954967775996,0.3289037826147944,2028.0,0.04009682768820821,21.722911475494367,3.3418547201838122,0.8710198383190983,0.13399777287423556,2029.0,0.02071402733526533,17.857566101914433,4.691154641353884,0.36990211237636306,0.09717270547496117,2030.0
00-0023459,QB,QB,2025,post-2025-season,basic_cohort_3col_plus_lags,resolved,17,0,0.9334369925257789,202.49464447137908,11.990058267871394,189.01599193794092,11.191963929770724,2026.0,0.8062319102355417,190.1333411020193,11.065813028776805,153.29156679614687,8.92161157650007,2027.0,0.6041389018156587,172.93019620615036,10.481397693384949,104.47385882675006,6.332220091974761,2028.0,0.45621278995258885,164.63910238380194,9.89394810143422,75.11046423380421,4.513745667001425,2029.0,0.3149165775885607,164.75991777770366,9.764402007210727,51.88562943032709,3.0749720623096746,2030.0
00-0024243,TE,TE,2025,post-2025-season,basic_cohort_3col_plus_lags,resolved,1,0,0.0215479146799717,0.0,3.34440528347323,0.0,0.07206495970352772,2026.0,0.004228355133720037,0.0,2.611538443464081,0.0,0.011042511984328582,2027.0,0.0011553628555414652,0.0,1.7895630426844615,0.0,0.0020675946671673924,2028.0,0.0005042118517238069,0.0,1.8451399993739557,0.0,0.0009303414557740061,2029.0,0.0002339978372295643,0.0,4.976688683458097,0.0,0.0011645343884940423,2030.0
00-0026158,QB,QB,2025,post-2025-season,basic_cohort_3col_plus_lags,resolved,13,0,0.8421827742476166,144.02416285683316,9.525342380702082,121.29466903345828,8.022079271838075,2026.0,0.6705157089637466,133.65652056690365,8.601232158737394,89.61879664554498,5.76726127887758,2027.0,0.40394827580016796,117.33608621169397,8.089317571699501,47.39770971435364,3.267665885488015,2028.0,0.28681291296559835,110.57881477404774,7.617075595528222,31.715431977627976,2.1846756398326193,2029.0,0.17397730814806706,105.30902621914424,7.951239188338573,18.32138090530093,1.3833351904285665,2030.0
00-0026300,QB,QB,2025,post-2025-season,basic_cohort_3col_plus_lags,resolved,3,0,0.5120444872345861,9.713906096165548,3.332883095700142,4.9739520660560075,1.706584415750599,2026.0,0.23948820122048822,19.809810211509543,4.051435968952045,4.74421581407368,0.9702711125643111,2027.0,0.13547426102740057,12.28290740809795,3.4625099232498813,1.6640178043800538,0.4690809731523191,2028.0,0.08039258554854595,6.962107696206683,3.045506092191613,0.5597018385654859,0.24483610905513212,2029.0,0.038760298561129836,5.134305180940929,3.8326968410678006,0.19900720171722616,0.14855647385408713,2030.0
00-0026498,QB,QB,2025,post-2025-season,basic_cohort_3col_plus_lags,resolved,20,0,0.9806984308512513,287.84367119847826,14.694451903523678,282.28783667481116,14.410825924004854,2026.0,0.923303958428318,275.8395910108102,13.946012949436923,254.68378627152933,12.876408960507694,2027.0,0.874888537108315,250.43120426353823,12.832750345978175,219.0993899444006,11.227226177269069,2028.0,0.7971865832853281,243.06407155085597,12.34093770503208,193.7674167190474,9.838029963611602,2029.0,0.6864871556985352,241.09107660178663,11.386452960590734,165.50592744065818,7.816653706411099,2030.0
00-0027973,QB,QB,2025,post-2025-season,basic_cohort_3col_plus_lags,resolved,4,0,0.5074790116471006,25.710326428923874,4.221348946064547,13.047451045274618,2.142245990966366,2026.0,0.36667104187971644,23.545511621808185,3.956131838250129,8.63345727795938,1.4505989829446926,2027.0,0.16615350562422387,24.19587084120973,4.167846057486649,4.020228761897935,0.6925022333535072,2028.0,0.11226001412497386,18.808941228374596,3.860257121948509,2.111492007973135,0.43335251903597055,2029.0,0.07112392140697005,15.834173304037622,5.184793082376382,1.126188497620715,0.36876281570233976,2030.0
00-0028118,QB,QB,2025,post-2025-season,basic_cohort_3col_plus_lags,resolved,6,0,0.7096478094613035,75.65774616436096,6.300964218140507,53.69035383431809,4.471465454897466,2026.0,0.5253071544850707,73.16730574008164,6.0048753968225235,38.435309179661466,3.1544040077422495,2027.0,0.3280172011839975,60.149524090507754,5.493149622680947,19.730078544717788,1.801847564916736,2028.0,0.23335614182427952,54.16162873831846,5.218083230171587,12.638948717293017,1.2176717703108153,2029.0,0.14621649047398794,45.8737351422657,6.033496781346281,6.707496557435339,0.8821967246545555,2030.0
00-0029263,QB,QB,2025,post-2025-season,basic_cohort_3col_plus_lags,resolved,6,0,0.70662410616685,87.8708977512144,7.219542481861019,62.09169458153055,5.101502753178645,2026.0,0.5715612312531629,80.14741842291659,6.851655919279536,45.80915715556464,3.9161408933464337,2027.0,0.3454356384125485,80.43556368508072,6.833263885068921,27.78531029262906,2.360452872580194,2028.0,0.2292939872531905,71.77367332183299,6.361860147182423,16.457271735771034,1.458736279494627,2029.0,0.16358050021846904,66.76895582438318,6.979972591382809,10.922099192817463,1.1417874080096033,2030.0
00-0029604,QB,QB,2025,post-2025-season,basic_cohort_3col_plus_lags,resolved,10,0,0.8403374534018847,119.94122559220882,8.738903275448827,100.79110407205772,7.343627724016057,2026.0,0.6813101567283137,114.2241781638796,8.410083129112287,77.82209272699565,5.72987505479364,2027.0,0.49297586878123034,108.79602858167826,8.148649964326513,53.6338167100004,4.017087795558004,2028.0,0.3600484618387808,102.07238188115949,7.708934898789306,36.75100409253211,2.775590152724387,2029.0,0.25633799517103945,99.70734633206908,7.93197001061123,25.558781262587082,2.033265290276891,2030.0
00-0030035,WR,WR,2025,post-2025-season,basic_cohort_3col_plus_lags,resolved,15,0,0.374886118143412,37.19431228687391,10.02522420368731,13.943631350239972,3.7583173852377145,2026.0,0.14666704721287882,11.772246735104865,8.546495017909768,1.7266006676992838,1.2534891882964057,2027.0,0.04009944541695847,9.05939786168694,8.221454197045983,0.3632768300652257,0.32967575382246955,2028.0,0.01574531069756952,0.0,7.50188044472186,0.0,0.1181194384181667,2029.0,0.005612857346987128,0.0,8.106578816277423,0.0,0.04550107046787295,2030.0
00-0030061,TE,TE,2025,post-2025-season,basic_cohort_3col_plus_lags,resolved,13,0,0.7695741840681252,106.95410925847973,11.860639510916531,82.30912136532766,9.127641974139756,2026.0,0.4486977880775876,88.39007087947573,11.048371899159148,39.66042929164195,4.957380033011286,2027.0,0.2132140883175667,74.17508517477543,10.037033333715268,15.8151731614176,2.140036911661128,2028.0,0.09160883288437777,68.09763428712179,9.505532137762275,6.238344799230414,0.8707907050853464,2029.0,0.039985729464994256,64.09735446629048,9.977789258050958,2.5629794751109327,0.3989691819311514,2030.0
00-0030279,WR,WR,2025,post-2025-season,basic_cohort_3col_plus_lags,resolved,18,0,0.8669722582309142,124.24472649593612,12.336253972779703,107.71673110346403,10.695189964890906,2026.0,0.5623550271120625,99.91588983171624,10.915780840708114,56.18820293524064,6.138544230625745,2027.0,0.28407824054805236,81.97206781656288,10.043907107674396,23.28648079941481,2.85325545937622,2028.0,0.12200985891804851,40.14506348072706,9.08755874611149,4.89809353153961,1.1087717605225407,2029.0,0.04766157575823801,34.21505245945622,9.426901054490314,1.6307433148684602,0.4493009587740039,2030.0
00-0030431,WR,WR,2025,post-2025-season,basic_cohort_3col_plus_lags,resolved,0,1,0.05232490277348871,0.0,5.507439624257172,0.0,0.28817624287011573,2026.0,0.020542407546938396,0.0,6.327830012903139,0.0,0.1299888630128047,2027.0,0.009792162916730731,0.0,6.3978118280404,0.0,0.06264841573075845,2028.0,0.00435957066315427,0.0,5.915954083527546,0.0,0.025791019867114396,2029.0,0.001093078363554477,0.0,6.259132009314367,0.0,0.006841721774012794,2030.0
00-0030506,TE,TE,2025,post-2025-season,basic_cohort_3col_plus_lags,resolved,17,0,0.8745221873245942,141.9743984863182,13.411029419094072,124.15976150834854,11.72824278186063,2026.0,0.5742744824438785,108.25296483029948,12.028791991629394,62.16691535093561,6.9078282954180406,2027.0,0.28711352376461463,94.81119324856894,11.146936009720335,27.22157578592447,3.200436076929478,2028.0,0.12734140114301434,87.36527610675816,10.73172528712086,11.125216670680897,1.366592934743888,2029.0,0.053761235496363774,82.71907098469356,10.932777260840176,4.447079455248542,0.5877596129493196,2030.0
00-0030564,WR,WR,2025,post-2025-season,basic_cohort_3col_plus_lags,resolved,17,0,0.7367396207354644,42.89274409615669,10.737946061240516,31.60078401770581,7.911070308636211,2026.0,0.35993668649255783,23.703879948574905,9.542851006187526,8.531896005707432,3.4348221708593094,2027.0,0.14284142639924158,14.894667956871027,8.941303816968134,2.1275756167025346,1.2771885910847114,2028.0,0.0622706253703487,0.0,7.878896657084951,0.0,0.4906238220650297,2029.0,0.022213609985199192,0.0,8.05988053363323,0.0,0.1790390427014277,2030.0
00-0030565,QB,QB,2025,post-2025-season,basic_cohort_3col_plus_lags,resolved,15,0,0.9258559553393322,175.22189686283042,11.462307483173227,162.2302367163058,10.612445645226524,2026.0,0.8388457752369374,163.99694325094725,10.696860241678415,137.5681429978289,8.973016022031903,2027.0,0.7019699826429541,159.09682004000365,10.545865299156326,111.68119200203054,7.402880881003697,2028.0,0.5908516698759502,154.15521804815756,10.11926848829115,91.0828680038451,5.978986684229907,2029.0,0.4817446489274724,154.36626785857626,9.82649652582412,74.36512351577399,4.733862119020168,2030.0
00-0030578,RB,RB,2025,post-2025-season,basic_cohort_3col_plus_lags,resolved,0,1,0.01936940826966827,0.0,5.315378635347278,0.0,0.10295573889591361,2026.0,0.0066120956810144065,0.0,7.017921117022432,0.0,0.04640316590756382,2027.0,0.0033781311385799226,0.033493663584494016,7.4018164585892166,0.00011314598789989966,0.025004306660813602,2028.0,0.0028041677523663916,0.0,7.138342629192517,0.0,0.02001711020612398,2029.0,0.0013233282956613987,0.0,6.833077210145618,0.0,0.009042404418624745,2030.0
00-0031235,WR,WR,2025,post-2025-season,basic_cohort_3col_plus_lags,resolved,0,1,0.03169701487760959,0.0,5.139614474098629,0.0,0.16291043645068184,2026.0,0.012790883571744233,0.0,5.899615541863391,0.0,0.0754612955140274,2027.0,0.005876026654120606,0.0,6.232770446512555,0.0,0.036623925272722964,2028.0,0.0026480009443091736,0.0,6.128424445824691,0.0,0.016228073719671204,2029.0,0.000806846220426701,0.0,6.575702008286028,0.0,0.0053055803120378485,2030.0
00-0031236,WR,WR,2025,post-2025-season,basic_cohort_3col_plus_lags,resolved,15,0,0.6203518790956151,39.51394467979436,10.019446421469578,24.512549832590615,6.215582415056488,2026.0,0.26455497068038897,22.917426952187213,8.896693617702732,6.062919215405844,2.35366451918375,2027.0,0.10115701925823216,13.291225434266327,8.362236698803656,1.3445007472195838,0.8458989387827771,2028.0,0.040339696799552044,0.0,7.7125354984828185,0.0,0.3111213435645789,2029.0,0.01688036252570909,0.0,8.251504960545454,0.0,0.13928839511669414,2030.0
00-0031237,QB,QB,2025,post-2025-season,basic_cohort_3col_plus_lags,resolved,3,0,0.5341922743496637,0.6731922553857539,2.536816998398535,0.3596141019790955,1.3551480419834003,2026.0,0.35833232776063756,0.6461325273197767,2.766131939860303,0.23153017255635933,0.9911944969031903,2027.0,0.21876063234492688,0.6280126526251191,2.8738774320735967,0.13738444500888594,0.6286912443222347,2028.0,0.1757316046080959,0.6160424320204394,2.909156043057389,0.10825812508562566,0.5112306595018139,2029.0,0.1118562371579708,0.6065134914319062,4.363077216162909,0.06784231693711619,0.4880373998296573,2030.0
00-0031280,QB,QB,2025,post-2025-season,basic_cohort_3col_plus_lags,resolved,0,1,0.3317462006661168,62.58410177529868,6.079039685631757,20.762037986056914,2.0166983194068804,2026.0,0.28381719469299904,59.26823970874895,6.195691042085632,16.82134552852934,1.758443650749288,2027.0,0.2702267540441504,60.23906097639019,5.773970310696412,16.27820591431757,1.5602812550067862,2028.0,0.1368782223451751,46.38260965578725,5.186477168631427,6.348769157414313,0.7099157750761067,2029.0,0.08828308701445836,35.695988511196646,5.72436850759168,3.1513520598010794,0.5053649230585414,2030.0
00-0031299,TE,TE,2025,post-2025-season,basic_cohort_3col_plus_lags,resolved,0,1,0.043588169946901845,0.0,2.9520782443977254,0.0,0.1286756882133597,2026.0,0.014955470666867334,0.0,4.093541856884057,0.0,0.06122084516422316,2027.0,0.006816800241775783,0.0,4.9108945907037524,0.0,0.03347658743324473,2028.0,0.0036408569501612934,0.0,5.637150681630875,0.0,0.020524059238322245,2029.0,0.0023266550757603988,0.0,7.325778622048347,0.0,0.017044560014885805,2030.0
00-0031345,QB,QB,2025,post-2025-season,basic_cohort_3col_plus_lags,resolved,3,0,0.39908206671048463,31.856482695201272,4.5955962958857235,12.713350952127714,1.8340200675291223,2026.0,0.42948543330994937,18.321888278261994,3.507377381227873,7.868984126245834,1.5063674943581684,2027.0,0.16018369212579298,27.46534812355005,4.297207645675424,4.399500867950467,0.6883425865154758,2028.0,0.11852090701111408,22.333047282400802,4.0545771886352995,2.646933020232239,0.48055216594362865,2029.0,0.08845438471323877,16.328840972478343,5.595409596577678,1.4443575813008953,0.4949385130838301,2030.0
00-0031381,WR,WR,2025,post-2025-season,basic_cohort_3col_plus_lags,resolved,17,0,0.9066621906364966,184.09988459669475,13.364872024777156,166.91640466436547,12.117424147560886,2026.0,0.6898605338118065,155.77763943883107,11.978434145495147,107.46484549921512,8.263448973840852,2027.0,0.41950180638049656,132.6134777540461,11.022700862377256,55.631593468222135,4.6240429229591165,2028.0,0.19900767093575114,85.03943346391092,10.149430897213072,16.92349959134869,2.0198146041777245,2029.0,0.0821175890445626,75.47944858211817,10.492907673396093,6.1981903399765725,0.8616522802064778,2030.0
00-0031408,WR,WR,2025,post-2025-season,basic_cohort_3col_plus_lags,resolved,8,0,0.5778024247378665,102.87210368348757,10.328637762220467,59.43975094620432,5.967911943250077,2026.0,0.32539875383941974,80.38790263413091,9.746027802941104,26.158123340910805,3.171345301961373,2027.0,0.14978351838931747,64.52333106170526,9.158180701206497,9.66453154462095,1.3717445274718558,2028.0,0.06738721085496864,40.01932901633856,8.438913209885214,2.6967909626983713,0.5686748238613152,2029.0,0.02459012988466788,39.359008342874944,9.064427372742461,0.9678431272830216,0.22289544642587594,2030.0
00-0031428,WR,WR,2025,post-2025-season,basic_cohort_3col_plus_lags,resolved,0,1,0.03069917395560521,0.0,4.850097394210714,0.0,0.14889398360650224,2026.0,0.012109098754006656,0.0,5.552896350641568,0.0,0.06724057028068192,2027.0,0.005731490250011788,0.0,6.018731227934605,0.0,0.03449629935034867,2028.0,0.0027462602306781774,0.0,5.9687921820016285,0.0,0.016391856594613896,2029.0,0.0009568481042961125,0.0,6.5942531113894916,0.0,0.0063096985888817765,2030.0
00-0031484,TE,TE,2025,post-2025-season,basic_cohort_3col_plus_lags,resolved,4,0,0.21522123426358497,0.40427627566856783,5.664012729999178,0.0870088390328745,1.2190158106350806,2026.0,0.0765711428401462,0.0,5.543329219004159,0.0,0.4244590534383235,2027.0,0.0303506976060084,0.0,5.421882175585359,0.0,0.16455790636659817,2028.0,0.015788744567648807,0.0,5.4384823469148715,0.0,0.08586680861110611,2029.0,0.008800419673588132,0.0,6.996529540462529,0.0,0.06157239621472697,2030.0
00-0031503,QB,QB,2025,post-2025-season,basic_cohort_3col_plus_lags,resolved,3,0,0.8204755053467719,93.11501263292922,7.273387941309341,76.39858704537366,5.967636646728899,2026.0,0.685918551776421,93.00576209100628,7.619364737639289,63.794377640325386,5.226263626297872,2027.0,0.6229978856966842,87.06129111125004,7.015996895667091,54.239000288332306,4.370951232055098,2028.0,0.4845409931386447,78.62124827591171,6.739666250993695,38.095217721410215,3.265644578679491,2029.0,0.4000332435930028,70.39844312346261,7.038883502245969,28.161717546576273,2.81578739867673,2030.0
00-0031544,WR,WR,2025,post-2025-season,basic_cohort_3col_plus_lags,resolved,0,1,0.1369742791687023,33.03155860841854,7.48153682843203,4.524473930206874,1.0247781141485766,2026.0,0.09344390157955898,24.978585433464225,8.088865775137409,2.3340964788412366,0.7558551773822031,2027.0,0.04754550200766194,10.953500910111064,7.4827962969145325,0.5207896995126124,0.35577330635787524,2028.0,0.01609829398504956,0.0,7.034221259971774,0.0,0.11323896179891134,2029.0,0.0030977543893081633,8.062698227060963,7.533322109328942,0.024976258822545245,0.023336381630245963,2030.0
00-0031549,WR,WR,2025,post-2025-season,basic_cohort_3col_plus_lags,resolved,0,1,0.06735079767784916,0.0,5.972903357677367,0.0,0.4022798055922743,2026.0,0.031152075403856696,0.0,6.8446445124261235,0.0,0.21322488196369255,2027.0,0.015455990732540656,0.0,6.923707870621363,0.0,0.10701276468314258,2028.0,0.006915948812066916,0.0,6.569032059329999,0.0,0.04543108946715279,2029.0,0.0017765486608372352,0.0,6.813409028825549,0.0,0.012104352685896356,2030.0
00-0031585,TE,TE,2025,post-2025-season,basic_cohort_3col_plus_lags,resolved,0,1,0.056523335980587314,5.173143019551622,4.404061023836652,0.2924033009697463,0.24893222092932846,2026.0,0.021689475541230206,2.6335000790550467,5.173416379234129,0.05711923555249225,0.11220868802199838,2027.0,0.010219935069529895,0.0,5.478878419406973,0.0,0.055993781700187845,2028.0,0.004562022003067114,2.870773354092009,5.785955434960705,0.013096531207186523,0.026395656003056493,2029.0,0.0025193133318336725,2.339951911145093,7.375289926050714,0.005895072045597513,0.018580666236838145,2030.0
00-0031588,WR,WR,2025,post-2025-season,basic_cohort_3col_plus_lags,resolved,21,0,0.9061328911090327,159.27719979938826,13.54406575709568,144.32630954197072,12.272723461847958,2026.0,0.6946145348395115,132.13813373148687,11.660210510055851,91.78506829645792,8.099351699573228,2027.0,0.3946949040595872,115.36294254757918,10.990969785038336,45.53316554084843,4.338079764827528,2028.0,0.18910701695216667,74.71879317509541,10.316636337490777,14.129848087608204,1.9509483227632072,2029.0,0.09328838735628507,64.54862255798665,10.742726722824102,6.021636904504099,1.0021716517815298,2030.0
00-0031610,TE,TE,2025,post-2025-season,basic_cohort_3col_plus_lags,resolved,9,0,0.5671837310224843,81.65524332089298,9.307615628336762,46.313525564292874,5.279128159003229,2026.0,0.29320209513199813,73.54302426801155,8.704582055669107,21.56296879772437,2.5522016959705773,2027.0,0.15146998881888452,63.002702579345524,8.544123522566498,9.543018655252974,1.2941782944303155,2028.0,0.0686828487961779,61.410420820836876,8.93291233237715,4.217842647747195,0.6135378670341727,2029.0,0.03519130932428139,53.23292748274207,9.9527990088173,1.873336417282216,0.3502520285616908,2030.0
00-0031687,RB,RB,2025,post-2025-season,basic_cohort_3col_plus_lags,resolved,12,0,0.35342367197766833,9.557493070914262,8.749229487964309,3.37784429602364,3.0921848126116407,2026.0,0.09826116095925408,0.0,8.026206220447644,0.0,0.7886643413195723,2027.0,0.0373337208279681,5.7412687157612305,8.288233543760239,0.21434292343257672,0.3094305972797455,2028.0,0.019036097214433997,5.447407316641078,8.110428447004601,0.1036973752461986,0.15439090436789052,2029.0,0.008911415734034766,0.0,7.870575209486207,0.0,0.07013796775771935,2030.0
00-0031690,TE,TE,2025,post-2025-season,basic_cohort_3col_plus_lags,resolved,0,1,0.048939726633948584,0.0,3.418232971837086,0.0,0.16728738721285666,2026.0,0.017551612120298037,0.0,4.5082289151745485,0.0,0.07912668526865567,2027.0,0.008176790241896556,0.0,5.0900901499350635,0.0,0.04162059946836281,2028.0,0.004038122398924275,0.0,5.589615268666019,0.0,0.02257155061776938,2029.0,0.0024334287861507292,0.0,7.238465646140321,0.0,0.017614290670880998,2030.0
00-0031763,WR,WR,2025,post-2025-season,basic_cohort_3col_plus_lags,resolved,4,0,0.17123776551825154,0.0,6.34483095678846,0.0,1.0864746756314858,2026.0,0.05288164610417326,0.0,6.768892019519489,0.0,0.3579501522935922,2027.0,0.021833976673941404,0.0,6.498579092151795,0.0,0.1418898243118056,2028.0,0.009380197234234373,0.0,6.148851944170092,0.0,0.05767744400042094,2029.0,0.0034328232102926602,0.0,6.3663349284968485,0.0,0.021854502307040845,2030.0
00-0031800,QB,QB,2025,post-2025-season,basic_cohort_3col_plus_lags,resolved,0,1,0.22500173536269755,4.671539369396417,2.328073906529324,1.0511044649293555,0.5238206690217124,2026.0,0.11661158766371708,21.74390831945678,4.078067107412895,2.5355916711461615,0.4755498799946,2027.0,0.10076515833593631,18.304117706220993,3.8058163016590036,1.8444173188669737,0.3834936822341571,2028.0,0.0688375837634606,29.829402747907913,4.5726243057892475,2.0533840102731125,0.3147684086686032,2029.0,0.0431677357293418,39.68165826241549,6.539863502747677,1.7129673371740044,0.2823110993925793,2030.0
00-0031941,WR,WR,2025,post-2025-season,basic_cohort_3col_plus_lags,resolved,0,1,0.04964069332659885,2.72338754967501,5.939340611248435,0.13519084616289467,0.29483298584519774,2026.0,0.02507559921096329,0.0,6.554877665770875,0.0,0.16436748522376504,2027.0,0.011736463440834836,0.0,6.5617499761145766,0.0,0.07701173870256758,2028.0,0.004613985756156524,0.0,6.435412957224331,0.0,0.029692903719618198,2029.0,0.0012514444604052868,0.0,7.048089432168611,0.0,0.008820292476328451,2030.0
00-0032104,RB,RB,2025,post-2025-season,basic_cohort_3col_plus_lags,resolved,13,0,0.4877161794654215,26.35525504485946,9.450520381107667,12.853884299315633,4.609171694233931,2026.0,0.1578509116081804,18.495673321671234,8.683383086790338,2.9195588946329063,1.3706799360929103,2027.0,0.0642029356288902,13.1126789882361,8.645083194307906,0.8418724850040235,0.555039719830551,2028.0,0.03305216017039949,9.126913256941194,8.579052283481431,0.3016641988297628,0.28355621018385974,2029.0,0.016288081425402154,0.0,8.240103751636264,0.0,0.13421548086041324,2030.0
00-0032128,WR,WR,2025,post-2025-season,basic_cohort_3col_plus_lags,resolved,0,1,0.032462773926567406,0.0,5.08885340639526,0.0,0.16519829767725178,2026.0,0.012747942136380471,0.0,5.897807038220617,0.0,0.07518490285477392,2027.0,0.005915817239620641,0.0,6.270402589214488,0.0,0.037094555736636975,2028.0,0.002753879347731033,0.0,6.136536684371983,0.0,0.016899281641685873,2029.0,0.0008437636352533713,0.0,6.520000776832171,0.0,0.005501339557314717,2030.0
00-0032134,TE,TE,2025,post-2025-season,basic_cohort_3col_plus_lags,resolved,0,1,0.044633592042642015,0.0,3.316600323751116,0.0,0.14803178581880175,2026.0,0.016966744996135298,0.0,4.4546791238695285,0.0,0.0755814047343017,2027.0,0.008396555457778673,0.0,4.737655434190808,0.0,0.039779986593029615,2028.0,0.004567837297374939,0.0,5.33248963340998,0.0,0.024357945035355322,2029.0,0.0028578194153978435,0.0,7.170668650672539,0.0,0.020492476091276638,2030.0
00-0032141,TE,TE,2025,post-2025-season,basic_cohort_3col_plus_lags,resolved,0,1,0.04819527658666844,0.0,3.638307261323522,0.0,0.1753492247667713,2026.0,0.018737288045042242,0.0,4.690074073912168,0.0,0.08787926887547703,2027.0,0.009297978760439727,0.0,4.925105295103527,0.0,0.045793524426801825,2028.0,0.00486498589208413,0.0,5.447046936176199,0.0,0.026499806498017295,2029.0,0.002960143373216649,0.0,7.23154951422519,0.0,0.021406423372621775,2030.0
00-0032211,WR,WR,2025,post-2025-season,basic_cohort_3col_plus_lags,resolved,17,0,0.7293264047399673,42.019390342845135,10.72345390669067,30.645850888112545,7.820898084161464,2026.0,0.34940204048159995,24.876213652850847,9.64821302433999,8.69179980976232,3.371105317705541,2027.0,0.1393866723000315,15.879665046459158,9.098891280556307,2.213413668065067,1.268264177216516,2028.0,0.060183878916893294,0.0,8.197948420111839,0.0,0.4933843350829476,2029.0,0.022355298153926267,0.0,8.229995507313085,0.0,0.18398400337145768,2030.0
00-0032268,QB,QB,2025,post-2025-season,basic_cohort_3col_plus_lags,resolved,10,0,0.8732924487481467,122.21385606715677,8.605171398158998,106.72843763584088,7.514831202195785,2026.0,0.736416830415304,119.47135536990396,8.279111796931112,87.98071684692509,6.096877268149962,2027.0,0.6153238967412901,105.54428384787553,7.687455406465723,64.94392001604358,4.730275016731387,2028.0,0.5171767384648283,102.40310734859713,7.509286604557947,52.96050506721115,3.8836283543429038,2029.0,0.38669942238735133,96.51132602471169,7.692234670439132,37.32087402759336,2.97458270392677,2030.0
00-0032385,WR,WR,2025,post-2025-season,basic_cohort_3col_plus_lags,resolved,13,0,0.6710599900955095,55.076137561016715,10.066080688602952,36.959392326194795,6.754944007194497,2026.0,0.30400124038355025,41.216565378106125,9.428958220426637,12.529886999293955,2.86641499453437,2027.0,0.13415825658981692,28.00510437744284,8.811061901091907,3.7571159788935815,1.1820767033554482,2028.0,0.05532032210620934,2.7565111590018603,8.18668343186915,0.15249108520534332,0.4528899644325687,2029.0,0.02200834923549453,3.431669544040119,8.391080062319979,0.07552538178604522,0.18467382047453332,2030.0
00-0032392,TE,TE,2025,post-2025-season,basic_cohort_3col_plus_lags,resolved,16,0,0.8824510841967399,59.86350325479963,11.761317297775076,52.826613351013,10.378787201003487,2026.0,0.6451344136396547,50.19867542528361,10.573839049940444,32.38489303597769,6.821547455403413,2027.0,0.40865462708285416,45.40563060642847,9.762528855562232,18.555221042931855,3.989502588855387,2028.0,0.2331439170087458,40.80484767090165,9.277157002946197,9.513402018939209,2.162912722371993,2029.0,0.11695746611258451,40.016564215519516,9.545860251911984,4.680235953178686,1.1164596269284632,2030.0
00-0032394,TE,TE,2025,post-2025-season,basic_cohort_3col_plus_lags,resolved,0,1,0.08958538892215184,17.21381144511892,5.667937832849986,1.5421059931435672,0.5077644151424444,2026.0,0.040758530728465775,15.19453542763938,6.312016180180402,0.6193069391322015,0.2572685054384561,2027.0,0.020795789646936045,7.909722224368011,6.351314847518903,0.16448891954365222,0.1320806075504648,2028.0,0.008181184059191224,11.901489208355244,6.287900722786585,0.0973682737920323,0.05144247315903858,2029.0,0.004144479116949687,12.894816308943007,7.587140520431165,0.05344229690931654,0.03144474544428975,2030.0
00-0032398,WR,WR,2025,post-2025-season,basic_cohort_3col_plus_lags,resolved,10,0,0.41552591549963885,26.32330613983885,8.733993167898154,10.938015882733803,3.629200507058471,2026.0,0.16175260252999654,15.624930493275784,7.93318392613422,2.527373171637661,1.2832131464013459,2027.0,0.0684763967146121,7.929540985512832,7.599985877315088,0.5429863942887528,0.5204196479604772,2028.0,0.026255639733913563,0.0,7.589146122933079,0.0,0.19925788649175782,2029.0,0.010299586636742264,0.0,8.46097658595009,0.0,0.08714456137844075,2030.0
00-0032434,QB,QB,2025,post-2025-season,basic_cohort_3col_plus_lags,resolved,1,0,0.41127040754662925,0.20569763359009147,1.995048914613076,0.08459734959797413,0.8205045801883801,2026.0,0.27310745580780915,0.19742938334770951,2.4353213032569263,0.05391943658779759,0.6651044052070572,2027.0,0.152819335811931,0.19189275496878636,2.712939131309375,0.029324923361451552,0.41458955614489573,2028.0,0.11117825781957076,0.1882351875618009,2.582598155674302,0.02092766021346116,0.2871287635959055,2029.0,0.06883919454813486,0.18532356682641576,3.841192296361391,0.012757525071117907,0.2644245837860187,2030.0
00-0032464,WR,WR,2025,post-2025-season,basic_cohort_3col_plus_lags,resolved,15,0,0.7311741716160673,42.81946654338059,10.326756246653824,31.308487978898214,7.550657444128158,2026.0,0.37086657969487435,31.019362089768656,9.579999306912013,11.504044722549352,3.552901576433725,2027.0,0.17083782221928986,22.231956647964054,9.119712973767673,3.7980590574118427,1.5579919037034728,2028.0,0.07738199406356512,2.145984666960402,8.52352749142841,0.16606057275923158,0.6595675537423473,2029.0,0.03387835791364744,1.9392099627910113,8.58186145820283,0.06569724918914481,0.2907393740463318,2030.0
00-0032543,WR,WR,2025,post-2025-season,basic_cohort_3col_plus_lags,resolved,0,1,0.019948848286406484,0.0,4.520449927181844,0.0,0.09017776978364785,2026.0,0.0074478574842902845,0.0,5.30936140592656,0.0,0.039543367083932114,2027.0,0.003386838184463078,0.0,5.989476763583745,0.0,0.020285388607859764,2028.0,0.0016828896007523252,0.0,6.1305253030048,0.0,0.010316997279575775,2029.0,0.0006325472075188225,0.0,6.595692778456382,0.0,0.0041720870486646475,2030.0
00-0032688,WR,WR,2025,post-2025-season,basic_cohort_3col_plus_lags,resolved,3,0,0.12501611452143732,2.3523540778216434,6.135680462116351,0.29408216678792065,0.7670589313188833,2026.0,0.035744445278713226,2.2344301742560337,6.2455546069902095,0.07986846709280046,0.22324388488477684,2027.0,0.014592742081860836,2.1159137862896933,5.744089947293087,0.030876984150779104,0.08382202309585762,2028.0,0.004962337850709984,0.0,5.7344075271203865,0.0,0.02845606752322573,2029.0,0.002105982288870886,0.0,6.724057694173933,0.0,0.014160746413276313,2030.0
00-0032764,RB,RB,2025,post-2025-season,basic_cohort_3col_plus_lags,resolved,17,0,0.9343409055421488,176.11925095427674,13.471270374825325,164.55542042002386,12.586758960817416,2026.0,0.7293797085388836,148.3129224416752,12.192539053591787,108.17643614305909,8.892990581257733,2027.0,0.4669629883409189,143.15583352598924,11.373554232619163,66.84847582173104,5.3110288725213515,2028.0,0.27073536922665153,125.71110817095744,10.893694096150492,34.03444328655569,2.9493082933634973,2029.0,0.13366996399318912,74.54469537675956,10.409663838743445,9.964386746894702,1.391459390506039,2030.0
00-0032775,WR,WR,2025,post-2025-season,basic_cohort_3col_plus_lags,resolved,16,0,0.8229305488715436,58.46918350679002,11.032471275768303,48.116077275313714,9.07895764237755,2026.0,0.5036220892559776,44.27087800114754,10.223172232857564,22.29579207213442,5.148615358735424,2027.0,0.2610733003893685,36.33789758105789,9.718544484625117,9.486854850697632,2.5372524835819736,2028.0,0.1330716311056216,11.64758395021866,8.846256101331935,1.5499629946952562,1.1771857285822975,2029.0,0.05538120532072197,9.199041100190101,8.741494598891304,0.5094539839233881,0.4841145071911815,2030.0
00-0032950,QB,QB,2025,post-2025-season,basic_cohort_3col_plus_lags,resolved,5,0,0.783583763500459,68.71194755818034,5.936563387355947,53.84156646508512,4.651794681323406,2026.0,0.5308639529767559,76.30999107022497,6.451499464379914,40.510223511160575,3.424868508288145,2027.0,0.45009367201957867,59.17452988721947,5.441510173014746,26.634081446970917,2.4491892951041,2028.0,0.3341504942319167,54.84926263541633,5.245514647736556,18.327908217880566,1.7527913120419285,2029.0,0.20730952904896285,44.55309503995076,5.6194583011965324,9.236281150405876,1.164967253931338,2030.0
00-0032951,WR,WR,2025,post-2025-season,basic_cohort_3col_plus_lags,resolved,6,0,0.22799658124964492,0.0,7.178948951814943,0.0,1.6367758179795289,2026.0,0.09926249114852938,0.0,6.704320144487822,0.0,0.6654875189991296,2027.0,0.043222399258014355,0.0,6.718489086674447,0.0,0.29038921771485515,2028.0,0.019360338214874755,0.0,6.8191953135080805,0.0,0.13202192762280532,2029.0,0.008202434383729227,0.0,7.889852657766301,0.0,0.06471599872261974,2030.0
00-0033009,WR,WR,2025,post-2025-season,basic_cohort_3col_plus_lags,resolved,0,1,0.09761298955912544,14.179176411626234,6.6415351261842055,1.3840717990250693,0.6483000989287837,2026.0,0.055022148698224214,9.990185394742007,7.477540718394254,0.5496814663123225,0.41143035730451494,2027.0,0.028352489934643076,0.1500356522416837,7.385523011687727,0.004253884320019946,0.2093979668509511,2028.0,0.011939885339545007,0.0,7.065255713237392,0.0,0.08435834311061975,2029.0,0.0029000093899894898,0.0,7.323405800964547,0.0,0.02123794558950069,2030.0
00-0033040,WR,WR,2025,post-2025-season,basic_cohort_3col_plus_lags,resolved,4,0,0.6409585828108325,101.25493388954635,9.752003661025313,64.90021892844817,6.250630446136835,2026.0,0.3518043446835459,87.03071168255173,10.010912265608624,30.61778249082273,3.5218824292869138,2027.0,0.2064369706740623,66.4647025774266,9.203850308282073,13.720771856836489,1.9000149761792855,2028.0,0.09335038995461077,52.21943221357844,8.609379625068037,4.874704360345911,0.8036889452673819,2029.0,0.034055280232227744,54.02699643822362,8.95056056446563,1.8399045038092756,0.3048138482584035,2030.0
00-0033045,RB,RB,2025,post-2025-season,basic_cohort_3col_plus_lags,resolved,0,1,0.06036077121306783,17.26025958913938,6.120294257942443,1.0418425801382023,0.3694256814603165,2026.0,0.026262987504412062,25.362442212466334,7.868364001630835,0.6660935029073763,0.2066467454549963,2027.0,0.015414097889348412,22.434094003877007,8.137019024878333,0.3458013210346044,0.125424807776965,2028.0,0.011798207821370345,12.353288561175972,8.246791163595894,0.14574666572211117,0.09729735600754492,2029.0,0.006343921826634655,6.125082944472183,7.802925454077826,0.03885704738138474,0.04950114909972744,2030.0
00-0033077,QB,QB,2025,post-2025-season,basic_cohort_3col_plus_lags,resolved,17,0,0.9595293707812129,234.40911747843083,12.986019697066293,224.92243299945815,12.460467308878458,2026.0,0.8920358249166714,222.65495365861767,12.104518878259864,198.61619525864828,10.79766448278796,2027.0,0.8198650005876087,202.0259656849913,11.219148288040653,165.6340184750376,9.19818701776692,2028.0,0.7443948009039087,197.91028159052794,10.889865417750167,147.32338466141758,8.106359199516497,2029.0,0.6209504723001092,190.50975083745533,10.158309070961067,118.29711976029402,6.307806815383759,2030.0
00-0033090,TE,TE,2025,post-2025-season,basic_cohort_3col_plus_lags,resolved,21,0,0.9668792361830416,142.4352635594308,14.840862322744549,137.71769883587268,14.34932162691293,2026.0,0.8655081870867902,108.17357569753864,13.188668845678052,93.62511539267234,11.41490086271084,2027.0,0.7061177710843916,99.37919164739365,12.196786053932508,70.1734132982262,8.612367382796014,2028.0,0.500238427532602,91.18435944124599,11.670257833548293,45.61392058245646,5.837911427554228,2029.0,0.289481720157504,85.96496714524235,11.458698301524022,24.885286562488073,3.317083695091043,2030.0
00-0033106,QB,QB,2025,post-2025-season,basic_cohort_3col_plus_lags,resolved,17,0,0.9712860313954608,248.71931657528907,14.036981243346386,241.57759792780377,13.633923804622432,2026.0,0.9326479181832487,234.05296816464383,13.190043526368207,218.28901350336525,12.301666635613744,2027.0,0.8926816875669595,223.7599714213291,12.694943718283623,199.7464288983267,11.332543782004997,2028.0,0.8362723876430145,218.1692871179668,12.313184778381007,182.44895064851647,10.297176434106307,2029.0,0.7797279692530853,215.96716489297313,11.417486688297394,168.39563890734416,8.902533709440261,2030.0
00-0033110,TE,TE,2025,post-2025-season,basic_cohort_3col_plus_lags,resolved,13,0,0.7186501367461975,84.54803235229926,11.057589994062116,60.76045501160179,7.946538561316125,2026.0,0.3959698698866071,69.07124741795735,9.916881098050737,27.350132852994218,3.926786118076104,2027.0,0.18126709820609552,67.49012987122008,9.411835498815265,12.23373999930859,1.7060561096633626,2028.0,0.1111351442313488,64.54773668572469,9.964952622760846,7.173522026375138,1.1074564469890842,2029.0,0.06060095824357561,59.90679778863926,10.521400301433735,3.6304093512956555,0.6376069403311295,2030.0
00-0033119,QB,QB,2025,post-2025-season,basic_cohort_3col_plus_lags,resolved,14,0,0.9339695338879719,169.40178246169654,10.361680006014641,158.21610380554233,9.677493445513813,2026.0,0.7973681891977473,167.93999850274704,10.131385325615089,133.9100125000078,8.078444371150333,2027.0,0.7163793795087957,147.41621520219118,9.164063038004956,105.60593677608081,6.56494579294548,2028.0,0.6190555870662098,144.80714528910997,8.91061343676944,89.64367233833191,5.516165032219362,2029.0,0.45754157360810516,138.85728509945315,8.523479280848289,63.532980731353085,3.8998461227754064,2030.0
00-0033217,TE,TE,2025,post-2025-season,basic_cohort_3col_plus_lags,resolved,11,0,0.6608545317487032,26.389905608651315,8.890442162548432,17.43988871389774,5.875288992369873,2026.0,0.33208221516488134,19.96491973613516,8.166628648692875,6.629994771564822,2.7119921320869116,2027.0,0.15772386041157294,15.680342215792244,7.991633535057538,2.47316410684931,1.2604712921438603,2028.0,0.0801871761805563,15.859425634468678,7.725028804161532,1.2717225574735709,0.619448245719173,2029.0,0.04125959596612962,16.369142255465405,8.499466761671961,0.6753841957726023,0.3506845645141332,2030.0
00-0033246,TE,TE,2025,post-2025-season,basic_cohort_3col_plus_lags,resolved,12,0,0.7444492000614208,21.42521528427924,9.396152423951746,15.949984379525405,6.9949581556660565,2026.0,0.4341874685142823,18.227820665006945,8.654326698609225,7.914291311071687,3.7576002009647054,2027.0,0.2304458604048079,15.216956211904971,8.32449414913889,3.5066845669947275,1.9183452166331008,2028.0,0.1215504323305887,14.446803358737426,7.936381838272298,1.756015194049535,0.96467064358263,2029.0,0.06241914850501891,16.318782227509722,8.508484547846901,1.0186044912799925,0.5310923605447144,2030.0
00-0033251,WR,WR,2025,post-2025-season,basic_cohort_3col_plus_lags,resolved,0,1,0.030202934109072058,0.0,4.873439816622969,0.0,0.14719218166599174,2026.0,0.012994988176445317,0.0,5.809718502536598,0.0,0.07549722324893869,2027.0,0.006491855566940789,0.0,6.663722187276084,0.0,0.0432599219780151,2028.0,0.0036221108594948733,0.0,6.928508675542665,0.0,0.025095826513787528,2029.0,0.0015351144609855327,0.0,7.222806699660215,0.0,0.011087835013551586,2030.0
00-0033280,RB,RB,2025,post-2025-season,basic_cohort_3col_plus_lags,resolved,19,0,0.9721296626714059,233.86955529042098,14.294832065926293,227.35153189358866,13.896430274193323,2026.0,0.8904413362882881,193.22960135007847,13.228131660426168,172.05962443661707,11.77887523230729,2027.0,0.7363963954627505,219.95741745285062,12.683754205756435,161.97584936757468,9.34027087805454,2028.0,0.5761053482602615,177.95931033099293,10.886137905293808,102.52331045439264,6.271562269138522,2029.0,0.3412973145557903,124.2618588014742,11.5981525684794,42.41023871065394,3.958418325430361,2030.0
00-0033282,WR,WR,2025,post-2025-season,basic_cohort_3col_plus_lags,resolved,7,0,0.5236019125924845,17.922609020872724,8.372187835710546,9.384312361976272,4.383693563361575,2026.0,0.24864015204460463,11.509166206833445,8.502775311648449,2.8616408355736933,2.1141313462893807,2027.0,0.12697251255852288,5.911383667565139,8.219739643066921,0.7505832369681616,1.043680995057103,2028.0,0.06570769729644566,0.0,7.671301658386609,0.0,0.5040635672389888,2029.0,0.027796798927046378,0.0,7.836855024323022,0.0,0.2178394833315202,2030.0
00-0033288,TE,TE,2025,post-2025-season,basic_cohort_3col_plus_lags,resolved,12,0,0.8549464855761278,153.37026411499548,12.959473381160299,131.1233682969979,11.079656222140375,2026.0,0.6658081847710092,136.44103838990117,12.645680392639191,90.84356009865168,8.419597507417443,2027.0,0.4231042285914534,124.35047687046355,12.019656067660637,52.613212591256854,5.085567308442136,2028.0,0.24914138182821083,118.53581601311095,12.04365803262665,29.53217699764102,3.0005736045150346,2029.0,0.14138514212166756,113.67113369614654,11.893623704046497,16.071409392760753,1.6815816777382482,2030.0
00-0033292,WR,WR,2025,post-2025-season,basic_cohort_3col_plus_lags,resolved,0,1,0.03197930119904685,0.0,5.1392314842135,0.0,0.1643490315652881,2026.0,0.01491905063399406,0.0,5.978748810232888,0.0,0.0891972562277962,2027.0,0.007322501832757411,0.0,6.680572226277852,0.0,0.048918502370787834,2028.0,0.003745433729072266,0.0,6.962880249055304,0.0,0.026079006536302834,2029.0,0.0014986751769956426,0.0,7.364338879896892,0.0,0.011036751874285367,2030.0
00-0033293,RB,RB,2025,post-2025-season,basic_cohort_3col_plus_lags,resolved,12,0,0.7425805251362669,97.99489674081343,10.815184122211734,72.7691018824675,8.031145104917407,2026.0,0.39463233885200133,79.91388992832725,10.087920960641442,31.536605289177174,3.9810198428520605,2027.0,0.18802098441453072,71.09029505579272,9.887300777736487,13.366467258709594,1.8590200254325693,2028.0,0.09541994036078431,61.607319921221396,9.87322165481191,5.878566792670705,0.9421022214709567,2029.0,0.04619825175220151,34.964390158967944,9.259248036915244,1.6152936989261981,0.42776107184548806,2030.0
00-0033307,WR,WR,2025,post-2025-season,basic_cohort_3col_plus_lags,resolved,15,0,0.799806092036937,63.188800657804784,10.73696512919691,50.53878771461988,8.587490120319847,2026.0,0.47023923061028994,51.59313707908959,9.987809898683478,24.261117084842308,4.696660042238757,2027.0,0.24823391636348915,41.46980664533566,9.485466889322819,10.294212514408319,2.3546145944728063,2028.0,0.11853166911711878,21.832932257728515,8.93882009764189,2.5878939022295455,1.05953326611114,2029.0,0.05648101561030831,20.914771420803845,9.05985549910002,1.1812875311044522,0.5117098398718058,2030.0
00-0033319,QB,QB,2025,post-2025-season,basic_cohort_3col_plus_lags,resolved,4,0,0.614702486506973,-0.009349892435913257,3.1635012596064285,-0.005747402128928618,1.9446120903480126,2026.0,0.46075770175523284,3.4268542161647995,3.3858379165924957,1.5789494728903228,1.560050896964884,2027.0,0.32507777903727353,6.6691620160357346,3.7382687359408973,2.167996376212642,1.2152280981241428,2028.0,0.28119577582617256,9.15986468538857,3.858052775231622,2.5757152566705988,1.084868143309574,2029.0,0.20354007037777394,11.26010399934816,5.127489655923281,2.2918823604883785,1.0436496054279325,2030.0
00-0033357,TE,TE,2025,post-2025-season,basic_cohort_3col_plus_lags,resolved,13,0,0.5930792244943929,55.47904158631228,10.109197211469144,32.90346695970226,5.995554842438999,2026.0,0.21925770229975577,42.140381241859,8.693471117302156,9.239603165125732,1.9061105021889613,2027.0,0.07020499211195827,44.915154849495856,8.55206480688881,3.153268091916241,0.6003976423085848,2028.0,0.03908637976062484,43.19211531240846,9.324703025871973,1.6882234217654963,0.3644688836242795,2029.0,0.01952183393758217,43.534810517552295,9.936473642973741,0.8498793414277616,0.19397818838329553,2030.0
00-0033375,WR,WR,2025,post-2025-season,basic_cohort_3col_plus_lags,resolved,14,0,0.6731571915437569,38.55547903055561,10.26660427520575,25.953897982833023,6.911038500588631,2026.0,0.33297041341144246,27.3021457926148,9.816261928712468,9.090806771586426,3.268524792558394,2027.0,0.14646530441992073,20.449071529190107,9.519722672046946,2.9950794866275627,1.3943090791545771,2028.0,0.07039745270261702,0.6495699576724974,8.953212256296379,0.045728070372290576,0.6302833363491153,2029.0,0.02824639966964057,0.0,8.57738716842822,0.0,0.24228030608067017,2030.0
00-0033376,RB,RB,2025,post-2025-season,basic_cohort_3col_plus_lags,resolved,5,0,0.16517757561525037,0.0,6.430758119444166,0.0,1.062217035537874,2026.0,0.05564982807831149,0.0,6.699143149545228,0.0,0.3728061645441901,2027.0,0.024819987644669604,0.41009062255437356,7.552331102866598,0.010178444184994417,0.18744876466160293,2028.0,0.014383525385756287,0.38910052261721984,7.7449530811323255,0.00559663724467582,0.11139972925395818,2029.0,0.00782939288629114,0.0,7.454928741306686,0.0,0.058367566054993936,2030.0
00-0033439,TE,TE,2025,post-2025-season,basic_cohort_3col_plus_lags,resolved,5,0,0.3666878173439723,0.49940010523764256,6.265800263885428,0.18312393457094123,2.2975926226774335,2026.0,0.16204225611105233,0.0,6.314452851697441,0.0,1.0232081861959215,2027.0,0.07377510901109693,0.0,6.4207628614743335,0.0,0.4736924800396716,2028.0,0.03959376391078142,0.0,6.328480347255069,0.0,0.25056835678323724,2029.0,0.023011583613009708,0.0,7.436498882292915,0.0,0.17112561581793664,2030.0
00-0033455,TE,TE,2025,post-2025-season,basic_cohort_3col_plus_lags,resolved,5,0,0.3434910617404126,8.282346012891603,6.447814354692363,2.8449118256696098,2.214766598598353,2026.0,0.1582675325867244,4.412205329670002,6.366969203965172,0.6983088507928661,1.0076845059672286,2027.0,0.0765572267606217,1.0462745740618118,6.391424595201728,0.080099879820323,0.4893097420582734,2028.0,0.0466662471208698,5.098086885739605,6.574814149113023,0.23790858245358992,0.30682190185629965,2029.0,0.029334489909952313,2.165832701710926,7.946910767590007,0.06353359753498392,0.23311857372716044,2030.0
00-0033460,WR,WR,2025,post-2025-season,basic_cohort_3col_plus_lags,resolved,0,1,0.03937677880074351,0.0,5.43789840086712,0.0,0.2141269224718614,2026.0,0.02062952774860174,0.0,6.28626963384224,0.0,0.129682773846541,2027.0,0.010489468167662436,0.0,6.998156135913671,0.0,0.07340693601999801,2028.0,0.005408730359756008,0.0,7.367868421004639,0.0,0.03985081361537535,2029.0,0.0022472103009340085,0.0,7.762101227485366,0.0,0.017443073835297626,2030.0
00-0033526,RB,RB,2025,post-2025-season,basic_cohort_3col_plus_lags,resolved,15,0,0.7730375155832058,51.440434938208504,10.871503070380166,39.76538602515224,8.404079724181877,2026.0,0.4029355667402366,35.11267382500165,9.693375954095208,14.148145127442112,3.9058059336895345,2027.0,0.1898423286914737,39.485495947680846,9.440783420457038,7.496018500245479,1.7922603092114202,2028.0,0.09910744125218127,35.63026620147265,9.411353906553824,3.5312245143620307,0.9327352043972698,2029.0,0.044570597696486094,21.334416582314788,8.917445269877211,0.9508876985795942,0.39745586560413004,2030.0
00-0033536,WR,WR,2025,post-2025-season,basic_cohort_3col_plus_lags,resolved,0,1,0.08866249228215814,8.351858532458454,6.400332324203841,0.7404965926757743,0.5674694152979703,2026.0,0.04718850754915577,5.964366719249995,7.369547308954399,0.2814495639572618,0.3477579388224552,2027.0,0.02465851820176996,0.0,7.490460511556112,0.0,0.1847036568638455,2028.0,0.011437770856785169,0.0,7.232736621740433,0.0,0.08272638414694554,2029.0,0.003021598168428464,0.0,7.317064607729203,0.0,0.022109229016987295,2030.0
00-0033537,QB,QB,2025,post-2025-season,basic_cohort_3col_plus_lags,resolved,0,1,0.3359821624882433,47.47754321543821,5.1971315829955,15.951607639151954,1.746143507990775,2026.0,0.2780495940172913,50.08928239026497,5.76001741011309,13.927304633230632,1.6015705024144742,2027.0,0.28259771142552376,51.3652059848155,5.4588096308848595,14.515689658209478,1.5426471087956695,2028.0,0.17090582891117034,46.69402668192656,5.381525834284582,7.980281335274963,0.919734133515284,2029.0,0.11809762316496976,42.01285744238426,6.247213444180361,4.961618606314292,0.7377810591619451,2030.0
00-0033553,RB,RB,2025,post-2025-season,basic_cohort_3col_plus_lags,resolved,3,0,0.46435123580939525,95.85804191492308,8.47291272739227,44.51180022546334,3.9344074958697544,2026.0,0.22833683917504602,84.90058275955617,9.000781096163117,19.385930711436462,2.055209905604392,2027.0,0.1175671057470287,61.253722222913716,9.29606092424341,7.201422837980418,1.0929109777113462,2028.0,0.0676083442233395,52.090061161085096,9.66990997615568,3.521722785593449,0.6537666022766379,2029.0,0.03856885943581978,38.123277183508606,8.850126937606879,1.4703713189235388,0.34133930184572187,2030.0
00-0033555,WR,WR,2025,post-2025-season,basic_cohort_3col_plus_lags,resolved,16,0,0.883452587989625,92.19617122285106,11.673569673943163,81.45094606956236,10.31304533952229,2026.0,0.5799837787232892,78.79364758419395,11.135223056703868,45.69903746527198,6.458248745353805,2027.0,0.3407591047902937,64.39567230497005,10.39846571814725,21.943411647010702,3.5433718693084155,2028.0,0.16977543602041065,32.47292273572518,9.56571409538211,5.513104616314848,1.6240232813900857,2029.0,0.06789914282721977,27.60868692898191,9.11655073573964,1.8746061770629385,0.6190059804975814,2030.0
00-0033572,WR,WR,2025,post-2025-season,basic_cohort_3col_plus_lags,resolved,11,0,0.40635417025430504,0.0,8.567154205193933,0.0,3.4812988384922607,2026.0,0.18723631212446692,0.0,7.666157582091502,0.0,1.435383073835833,2027.0,0.07931999987723652,0.0,7.7135633409925735,0.0,0.611839843260587,2028.0,0.03655934505919149,0.0,7.764321575767452,0.0,0.2838585116390077,2029.0,0.016511363680327365,0.0,8.58513412410759,0.0,0.14175227176752914,2030.0
00-0033576,TE,TE,2025,post-2025-season,basic_cohort_3col_plus_lags,resolved,10,0,0.6102730607867854,8.346137905586449,8.377298013899232,5.093423125390853,5.1124393000653425,2026.0,0.3040111065972651,5.115098837163082,7.756208572972691,1.5550468578403325,2.357973551268622,2027.0,0.14820267490246664,2.355320515207211,7.394697838042058,0.3490648006063645,1.09591399969332,2028.0,0.0784385268222272,2.717956184544633,7.1210980287104775,0.21319247908304248,0.558568438728716,2029.0,0.04106918185199131,3.4843543735155293,8.018877358276182,0.14309958340269052,0.32932873247586014,2030.0
00-0033589,WR,WR,2025,post-2025-season,basic_cohort_3col_plus_lags,resolved,3,0,0.23032468391505675,0.6166365058367415,6.93478850565333,0.14202660829733252,1.597252970582372,2026.0,0.10018409458049311,0.585724414610805,7.439364560813711,0.058680270151472855,0.7453060027793295,2027.0,0.04574704227502143,0.5546570119400167,7.386641676231052,0.02537391777335701,0.33791700903297706,2028.0,0.023567084874834745,0.0,7.0542152817057255,0.0,0.16624729026931512,2029.0,0.009356464364121648,0.0,7.2136920356955585,0.0,0.06749465246573363,2030.0
00-0033591,WR,WR,2025,post-2025-season,basic_cohort_3col_plus_lags,resolved,4,0,0.31374491194611615,18.852498080924125,7.677651278623281,5.914875350363864,2.4088240243646473,2026.0,0.1521301365203098,11.302858374121776,7.881893663952187,1.7195053875248725,1.199073559135611,2027.0,0.07237633507370965,5.356285645843943,7.7669979855055065,0.38766832465410256,0.5621468487157744,2028.0,0.036345970420397805,0.0,7.519136643197186,0.0,0.2732903180205742,2029.0,0.016229978257645543,0.223469807842406,7.981903698753424,0.0036269101225224767,0.1295461234853886,2030.0
00-0033662,QB,QB,2025,post-2025-season,basic_cohort_3col_plus_lags,resolved,4,0,0.5739625210641718,18.932498087376622,4.515683531664098,10.866544332273296,2.5918331041618883,2026.0,0.4743052757632362,18.661204830391977,4.537269963436632,8.851107903153302,2.1520510812200606,2027.0,0.28946150666124304,33.813151183708676,5.24388843175884,9.787605686600706,1.5179038462203769,2028.0,0.21847035458721886,31.879431374301813,5.039051451860056,6.964710676382627,1.1008833574711063,2029.0,0.1670591587630569,32.780277377231435,5.951113904791864,5.476245562659949,0.9941880826376596,2030.0
00-0033699,RB,RB,2025,post-2025-season,basic_cohort_3col_plus_lags,resolved,2,0,0.28772625166230564,45.26147909300242,7.253164899391344,13.0229157241214,2.0869259491904755,2026.0,0.12285427735147515,40.08962142009679,7.894641648114337,4.9251814688602105,0.9698904946279457,2027.0,0.061259430575823455,30.212831380462582,8.445051133540328,1.8508208464505078,0.5173390236243929,2028.0,0.036023148525541615,25.047830699677142,8.947709424082866,0.9023017255370906,0.3223246655471255,2029.0,0.020913472058830512,12.93890471885399,8.18593921785046,0.2705974223096232,0.1711964111078005,2030.0
00-0033757,TE,TE,2025,post-2025-season,basic_cohort_3col_plus_lags,resolved,2,0,0.203108659637571,0.26159053131495563,5.3783045228816455,0.05313130218926068,1.0923802227651769,2026.0,0.09445393128938549,0.0,5.51990664319345,0.0,0.5213768828000167,2027.0,0.04460463981996107,0.0,5.753425918614434,0.0,0.25662949083062553,2028.0,0.02388982816483363,2.4627903313054134,6.642156607051777,0.05883563782090001,0.15867997998638134,2029.0,0.01433615427598403,2.6038791657545204,7.957686033619995,0.037329613436277394,0.11408261465781967,2030.0
00-0033854,RB,RB,2025,post-2025-season,basic_cohort_3col_plus_lags,resolved,14,0,0.605942847210926,13.284879814609155,9.831289227190252,8.04987789971923,5.9571993860777654,2026.0,0.2365253243157883,0.5832888509909822,8.727807730619602,0.13796258465042557,2.0643475540506455,2027.0,0.09410783667591849,4.9127245737535805,8.784465683476924,0.4623258818205732,0.826687061825857,2028.0,0.04445466841923428,4.465391711940475,8.89426657840998,0.19850750791631075,0.39539167157549304,2029.0,0.020065243338317777,0.0,8.403626135352715,0.0,0.1686208033300992,2030.0
00-0033857,WR,WR,2025,post-2025-season,basic_cohort_3col_plus_lags,resolved,17,0,0.8533606799136205,50.665527723300926,11.035400676615478,43.23596918613847,9.417177024515812,2026.0,0.5638647160046519,40.399668870869064,10.154075230624667,22.77994781455456,5.725524746206048,2027.0,0.3217834292103141,34.85797432494554,9.768814242345625,11.21671851360606,3.1434425462205318,2028.0,0.17378650021542624,19.35543170922452,9.135697043500013,3.3637127369048145,1.587660816218284,2029.0,0.08937522810252681,17.688991694211722,9.135497798301806,1.5809576675738748,0.8164871995533554,2030.0
00-0033858,TE,TE,2025,post-2025-season,basic_cohort_3col_plus_lags,resolved,18,0,0.9356070902200161,90.71569775013924,13.481775746329241,84.87425000928624,12.613644977021886,2026.0,0.7843958817017241,79.31296996340785,12.138123208770548,62.212767004829665,9.521093856547735,2027.0,0.5658284037136301,79.11881107234142,11.281785358662255,44.767670572783224,6.383554600531667,2028.0,0.3909352723584957,72.4480799297591,11.261821974805573,28.32250985919044,4.402643440973508,2029.0,0.22302647595782935,72.43290100390402,10.973678212897594,16.154454654303034,2.447420780117761,2030.0
00-0033869,QB,QB,2025,post-2025-season,basic_cohort_3col_plus_lags,resolved,4,0,0.7611771789196563,39.65337894529533,4.9869256642769795,30.183247120211995,3.7959340086163844,2026.0,0.5576076398847113,48.355713504575895,5.605344920567509,26.963515282227828,3.1255831518974033,2027.0,0.48725787012443433,45.11582239655507,5.319382900642769,21.983039529857674,2.5919111825435315,2028.0,0.3896495856663576,43.050256760810626,5.250311050882052,16.77451470968017,2.0457815255956904,2029.0,0.2899183831911621,41.334549558636255,5.912941111191074,11.983645777974786,1.7142703268610695,2030.0
00-0033873,QB,QB,2025,post-2025-season,basic_cohort_3col_plus_lags,resolved,14,0,0.9699857785247515,244.4120100118223,13.615433044992336,237.07617381211682,13.20677642209852,2026.0,0.9271588736629554,232.52737900882732,13.192461735969637,215.58982281762346,12.231507963963246,2027.0,0.9053917065693956,221.96758331749538,12.450865434291742,200.96760906291166,11.2729103038193,2028.0,0.8439669220161958,214.11008851096102,12.032371155474571,180.70183237321103,10.154923248642332,2029.0,0.7945450101158236,208.75958818223086,11.03506095576639,165.86888910402578,8.767852618728137,2030.0
00-0033881,TE,TE,2025,post-2025-season,basic_cohort_3col_plus_lags,resolved,18,0,0.9050178543873593,95.20185019842228,12.848997829160297,86.15937420028293,11.62857244637449,2026.0,0.6792486066620739,75.45775596778452,11.23149854970869,51.25457560296442,7.628979740616731,2027.0,0.4229431510418224,74.54727306840635,10.618554466654674,31.529258573126967,4.491044885636145,2028.0,0.275799964193381,69.55167813877122,10.811999701910063,19.182350340262662,2.981949130645641,2029.0,0.15060435893701166,66.09443042961391,10.934408296353308,9.95410932415892,1.6467695518278316,2030.0
00-0033885,TE,TE,2025,post-2025-season,basic_cohort_3col_plus_lags,resolved,11,0,0.8117825189130162,98.59564931231967,11.664736933739064,80.03822455261925,9.469229530528391,2026.0,0.6223474671082526,92.48880798092986,11.329164201052652,57.56017538279324,7.0506766449786085,2027.0,0.4036424294600577,88.49997769180467,10.628600460324204,35.72234600268094,4.290154111565549,2028.0,0.2740939365985365,84.45121720278532,10.898322079542734,23.14756657364947,2.9871640011006164,2029.0,0.17034445218985056,81.25503144744474,10.957428907140692,13.841343819584054,1.866537224596114,2030.0
00-0033891,WR,WR,2025,post-2025-season,basic_cohort_3col_plus_lags,resolved,6,0,0.36902553410617833,19.331179648185397,7.761199667134093,7.133698894574101,2.8640808524688524,2026.0,0.13324598478360108,13.208537145741188,7.798503001916668,1.75998453953506,1.0391192123282558,2027.0,0.06230756763522046,6.224484245104632,7.32792257927931,0.38783247309622104,0.45658503173410475,2028.0,0.02476449052081622,0.0,7.1650700952592565,0.0,0.17743931045503164,2029.0,0.011267720264280365,0.0,7.78173215530042,0.0,0.08768238109748067,2030.0
00-0033893,RB,RB,2025,post-2025-season,basic_cohort_3col_plus_lags,resolved,0,1,0.03208716170654484,5.786167401931564,5.188032159323771,0.18566168908691652,0.16646922683497684,2026.0,0.015635375453751068,22.61807577184743,7.655160122460274,0.353642106734225,0.11969130267324939,2027.0,0.009306969324407081,17.934607816526032,8.053092802315321,0.16691684479367924,0.07494988767775215,2028.0,0.008667004099041692,0.0,7.452277061230162,0.0,0.06458891583687619,2029.0,0.005231028785813689,0.0,7.871118946788491,0.0,0.041174049787214125,2030.0
00-0033895,TE,TE,2025,post-2025-season,basic_cohort_3col_plus_lags,resolved,0,1,0.08443272046257333,0.105658047251322,4.2884463549388485,0.008920996368192234,0.36208519230529335,2026.0,0.037754784191680296,3.789505534865455,5.58015316509447,0.14307196366202327,0.21067747850466345,2027.0,0.020256945619228424,0.2996136285552211,5.8745882620261884,0.006069256980422819,0.11900121495922211,2028.0,0.009434677000668728,3.789285154793305,5.999842682602795,0.035750681498903834,0.05660657776518315,2029.0,0.005513413730816398,4.2378998462501585,7.341161855711462,0.023365295202140327,0.040474862575425166,2030.0
00-0033897,RB,RB,2025,post-2025-season,basic_cohort_3col_plus_lags,resolved,0,1,0.2290442686032707,83.63064303737005,7.7054330969751526,19.155119467315636,1.764885287968109,2026.0,0.1266971198380414,62.536910381995725,7.347187617627698,7.923246428968568,0.9308675100631505,2027.0,0.09652366598752103,57.07649901758823,9.121932487835636,5.509232926910759,0.8804823646165637,2028.0,0.02537036011592758,60.12488999621546,10.461274308189358,1.5253901111345178,0.2654062964702652,2029.0,0.014970358425837365,53.7753911138002,9.07696798501479,0.8050368794631786,0.13588546415552216,2030.0
00-0033906,RB,RB,2025,post-2025-season,basic_cohort_3col_plus_lags,resolved,11,0,0.71698957254167,103.25753667863592,10.466273730307211,74.03457708492097,7.504209127997076,2026.0,0.3914146834857326,96.1142114581306,10.203202002450475,37.62051365636496,3.9936830823301457,2027.0,0.20443394864141606,72.90178899452457,9.90961129527816,14.903600587173987,2.0258609665952916,2028.0,0.11035959811056567,67.51769809185663,9.953734157993436,7.451226026767804,1.0984901013755655,2029.0,0.06467419432253042,41.62262008969475,9.47913393417888,2.691909419893777,0.6130553500683772,2030.0
00-0033908,WR,WR,2025,post-2025-season,basic_cohort_3col_plus_lags,resolved,19,0,0.862248574771644,113.1737201001933,12.642998708123415,97.58387885799662,10.90140761691915,2026.0,0.616400870181766,90.8049710256359,11.246232783276438,55.97226315703202,6.9321876738783015,2027.0,0.32390897489522746,80.28067728615221,10.800672648855,26.003631883652133,3.4984348058695445,2028.0,0.16627089991598448,49.73798758220617,10.052872765309314,8.269979955303482,1.6715002014288711,2029.0,0.07454909529192749,41.13638915881282,10.04475751724938,3.06668059536615,0.7488275853377291,2030.0
00-0033921,WR,WR,2025,post-2025-season,basic_cohort_3col_plus_lags,resolved,9,0,0.5910090301779689,109.94075553674145,10.752326811914159,64.97597930680273,6.35472224126596,2026.0,0.42920411679891923,88.97550742372007,9.934056278104253,38.18865408053345,4.263737851074494,2027.0,0.21577871188899264,80.06790556868864,9.819911144308069,17.276949527261138,2.118927777583159,2028.0,0.11634042358898264,68.87633810711684,9.536855751134437,8.01310235063996,1.1095218377940057,2029.0,0.05949413173383867,66.50794817906444,10.300896801854014,3.9568326303125754,0.6128429113061802,2030.0
00-0033923,RB,RB,2025,post-2025-season,basic_cohort_3col_plus_lags,resolved,17,0,0.863246347337701,97.24476897004388,11.962520993955229,83.94619161108899,10.326602552982417,2026.0,0.5529035943333153,81.10256635526531,10.785653088605425,44.841900447482395,5.963426359922162,2027.0,0.2985246548353251,76.36110445416985,10.26296336862687,22.79567235002526,3.063747597206922,2028.0,0.1610437300030258,68.40309708342959,9.935900425522565,11.015889898074596,1.6001144654648052,2029.0,0.07989142863236924,42.963561287694574,9.675659939207886,3.432420290408273,0.773002295504301,2030.0
00-0033925,RB,RB,2025,post-2025-season,basic_cohort_3col_plus_lags,resolved,0,1,0.06406706848790261,17.735769439606713,5.974674468275939,1.1362787553729334,0.3827798783519577,2026.0,0.031539122179199346,29.611370200519985,8.00792456374031,0.9339166226477025,0.25256291121761726,2027.0,0.018777287241753753,25.559757435243228,8.335366520969524,0.47994290719111327,0.1565155714295424,2028.0,0.014837588801841094,14.012679584104816,8.275534988020894,0.20791437768090093,0.12278898526750298,2029.0,0.008555062830605496,14.15414649829637,8.12446929772944,0.12108961260652022,0.06950534530740067,2030.0
00-0033943,WR,WR,2025,post-2025-season,basic_cohort_3col_plus_lags,resolved,5,0,0.3290496415131637,19.02775006638166,7.653777973574659,6.261074338144962,2.51847289842609,2026.0,0.1280760061699414,11.77901651040204,7.752949884124277,1.508609391262093,0.9929668571943473,2027.0,0.059331103855202225,4.745398879931254,7.374025191884938,0.28154975377956154,0.43750905449060273,2028.0,0.025099592805011037,0.0,7.156053710207076,0.0,0.17961403421698607,2029.0,0.011012570876983811,0.0,7.748718090609186,0.0,0.08533330717860033,2030.0
00-0033948,RB,RB,2025,post-2025-season,basic_cohort_3col_plus_lags,resolved,0,1,0.055217332825843284,11.427665771857846,5.988808576462965,0.631005224347172,0.33068603639682026,2026.0,0.02445907530871337,21.380214580588813,7.918620739929726,0.5229402785430735,0.19368214101908077,2027.0,0.01373221940485681,19.34469068369247,8.129045355176407,0.2656455367875545,0.11162983436931458,2028.0,0.011166934196118106,7.718761946236825,8.13454183517912,0.08619490672912715,0.09083789338901505,2029.0,0.005962975921273756,3.2982064277514667,7.793413301258118,0.019667125512072326,0.04647193585993677,2030.0
00-0033949,QB,QB,2025,post-2025-season,basic_cohort_3col_plus_lags,resolved,4,0,0.5027971718867293,29.24604758414431,4.872709383933705,14.704830014172472,2.449984497667794,2026.0,0.5024647027911469,20.791676106067612,4.132365491298257,10.447083355165052,2.0763677984095703,2027.0,0.25705252155054276,32.054479792071426,4.886468903353801,8.239684857542878,1.25607915308541,2028.0,0.20691335326205007,30.428519092809086,4.761624999776029,6.296066920291442,0.9852437956800667,2029.0,0.15888453895343432,25.665084998826533,5.904708008877709,4.077785197239257,0.938166809645186,2030.0
00-0033955,RB,RB,2025,post-2025-season,basic_cohort_3col_plus_lags,resolved,16,0,0.7930885156352957,46.91361069510816,11.026618029637095,37.20664586927546,8.745084125602274,2026.0,0.4361289973049882,29.52951643325403,9.719961187961989,12.878678392936253,4.239156926749264,2027.0,0.20096171390680923,34.81172035825708,9.571400818591297,6.995822987239905,1.9234851129931438,2028.0,0.09746444608731146,30.747092586373373,9.506257592430794,2.9967483477261614,0.9265221306095663,2029.0,0.043536286871695584,20.59800945561878,9.098806559776978,0.8967608486457174,0.3961282525765161,2030.0
00-0034054,WR,WR,2025,post-2025-season,basic_cohort_3col_plus_lags,resolved,2,0,0.099497056394888,0.0,5.826282216803684,0.0,0.5796979302978492,2026.0,0.036839477171445464,0.0,6.220762761168739,0.0,0.22916964772905382,2027.0,0.015200294754599745,0.0,6.141549791715326,0.0,0.09335336708412362,2028.0,0.006521021702336487,0.0,6.162404637580456,0.0,0.04018517438024117,2029.0,0.002811685556788961,0.0,6.747515449596302,0.0,0.018971891733840295,2030.0
00-0034073,TE,TE,2025,post-2025-season,basic_cohort_3col_plus_lags,resolved,4,0,0.29692936192773206,0.6420858495912547,5.883650782014543,0.19065414162195699,1.7470286725091801,2026.0,0.1344043126977528,0.0,5.943506349887652,0.0,0.7988328859713794,2027.0,0.06364997504245912,0.0,5.953864005671047,0.0,0.3789632953671578,2028.0,0.03813529953815269,0.0,6.087110107015494,0.0,0.23213376725275253,2029.0,0.02373439487473829,0.0,7.45465117106842,0.0,0.1769316345475681,2030.0
00-0034115,RB,RB,2025,post-2025-season,basic_cohort_3col_plus_lags,resolved,0,1,0.03977985926151879,4.494909148642691,5.494667130874219,0.17880685332631946,0.21857708515506966,2026.0,0.018880927075751442,18.895196034652116,7.815673833946866,0.3567588184122944,0.14756716770660946,2027.0,0.010505765667317143,16.38024788911892,8.105364464941243,0.17208704589564963,0.08515305971687209,2028.0,0.00941769916074925,0.0,7.734502819749362,0.0,0.07284122071436627,2029.0,0.005319816230105506,0.0,7.851832981410577,0.0,0.041770308530585686,2030.0
00-0034159,TE,TE,2025,post-2025-season,basic_cohort_3col_plus_lags,resolved,8,0,0.6774376253798913,30.982825082566524,9.047357231192306,20.9889314514944,6.129020198662504,2026.0,0.44790825022700537,33.58446362044829,9.08982754777454,15.04275833504751,4.071408751788925,2027.0,0.26266414154053863,30.30183381274456,8.627731542916983,7.959205165528617,2.266195699162516,2028.0,0.1532025896323461,29.55725297421413,8.406294819232508,4.528247698067968,1.287866135519395,2029.0,0.08875174974325041,31.659799390733163,8.813280233337473,2.8098625924478613,0.7821940416863029,2030.0
00-0034177,QB,QB,2025,post-2025-season,basic_cohort_3col_plus_lags,resolved,0,1,0.24224382410842493,17.604108362529082,3.2716010498903803,4.264486529758147,0.7925251492825837,2026.0,0.15301936001355393,28.94997477937774,4.5164503697821,4.429906613148909,0.6911043451170359,2027.0,0.13659482919080368,26.76554617687029,4.217739092671005,3.656035208228166,0.5761213509347712,2028.0,0.08823962611211185,32.571738144820976,4.667278472829546,2.8741179957206144,0.41183890740358753,2029.0,0.055362932990735095,35.48765382730436,6.216374590960337,1.964700600839455,0.3441567299246454,2030.0
00-0034184,RB,RB,2025,post-2025-season,basic_cohort_3col_plus_lags,resolved,0,1,0.07230406096496506,23.966126146454755,6.256623005704736,1.7328482459873076,0.45237925123927814,2026.0,0.03503207415464158,25.770584214091002,7.71706681584523,0.9027970171964718,0.2703448569490139,2027.0,0.019735978945361755,24.84159850444864,8.426358888347078,0.49027326505292845,0.16630244160647983,2028.0,0.011734609086770938,14.280718120894967,8.660419880998827,0.16757864462706848,0.10162664183082051,2029.0,0.0063522031253911435,12.485805075814937,8.183446126421682,0.07931237002561625,0.051982912060725854,2030.0
00-0034208,RB,RB,2025,post-2025-season,basic_cohort_3col_plus_lags,resolved,0,1,0.035610292436759394,2.5113134307375873,5.33832382612662,0.08942860566892699,0.19009927257048925,2026.0,0.017143048978917372,18.568927135875356,7.784784942175309,0.3183280273762591,0.13345494955404977,2027.0,0.009595186174546317,15.64192937551217,8.079201978305797,0.1500872244871443,0.07752144712360703,2028.0,0.008965902237174413,0.0,7.588445556191227,0.0,0.06803726098893116,2029.0,0.005163073370139863,0.0,7.847150707836189,0.0,0.0405154148511032,2030.0
00-0034270,TE,TE,2025,post-2025-season,basic_cohort_3col_plus_lags,resolved,6,0,0.5535438818487651,28.195454978757667,8.286180147483197,15.60742159943361,4.586764324536022,2026.0,0.3281846025439124,31.135311560430623,8.541319283904535,10.218129849540805,2.8031294743888644,2027.0,0.17129508857883227,26.92337161499357,8.201646088021747,4.611841325631142,1.4049016931399183,2028.0,0.09398846044188189,27.09226145274232,8.05574428582497,2.546359943832193,0.7571470031381762,2029.0,0.054019750693378145,29.603282005371582,8.597125202312375,1.5991619136359403,0.46441456010867266,2030.0
00-0034272,WR,WR,2025,post-2025-season,basic_cohort_3col_plus_lags,resolved,10,0,0.5101970066958078,29.354988788165677,9.10097649958771,14.976827411311127,4.64329096809854,2026.0,0.22575235183873477,18.78640961657763,8.820457501727942,4.2410761535482235,1.9912390253086938,2027.0,0.09798893404850334,10.97851463275516,8.518920165033087,1.0757729462995744,0.8347599062158924,2028.0,0.045256781720011525,0.0,8.057769419300957,0.0,0.36466871175948745,2029.0,0.018737343333575924,0.0,8.183722908385693,0.0,0.15334122588127325,2030.0
00-0034348,WR,WR,2025,post-2025-season,basic_cohort_3col_plus_lags,resolved,19,0,0.9567416853612416,173.03284340570792,13.95239004017084,165.5477342228248,13.34883316185045,2026.0,0.8513896618890534,151.69464049730664,12.781130147654155,129.15124868338341,10.881722074971258,2027.0,0.673264878064691,137.69010441409156,12.194031272050287,92.70191135906794,8.209812977493966,2028.0,0.47309672485069365,101.2209772143861,11.417273313509067,47.88731280631275,5.401474611346367,2029.0,0.2760334686378722,89.30543188094842,11.184758645279695,24.651288130301406,3.0873677247339826,2030.0
00-0034351,TE,TE,2025,post-2025-season,basic_cohort_3col_plus_lags,resolved,16,0,0.9433506436636723,156.553389769202,13.885231310017641,147.68474100650647,13.098641893724118,2026.0,0.8386165716596351,129.57782727054962,13.14425384333181,108.6661132687327,11.022989095118906,2027.0,0.6822320426062684,117.96910644849498,12.479326245132373,80.48230445679303,8.513796234566673,2028.0,0.4882195834190864,111.7195619137108,12.140236384576554,54.54367797727472,5.927101150287201,2029.0,0.31187485706411494,106.05423558831005,11.865581805639183,33.07564956514817,3.700576629616283,2030.0
00-0034353,WR,WR,2025,post-2025-season,basic_cohort_3col_plus_lags,resolved,0,1,0.04390423901815843,3.935624089708682,5.934467208661225,0.17279058072019218,0.2605482667744859,2026.0,0.024766866076293168,2.9418863790586656,6.794005738429136,0.072861305961817,0.16826623024524168,2027.0,0.012146303255837114,0.0,7.264655933905759,0.0,0.08823871402253594,2028.0,0.0055929447817796634,0.0,7.568408103119176,0.0,0.04232968860671932,2029.0,0.0019334190317631546,0.0,7.8261962513174925,0.0,0.015131316778610697,2030.0
00-0034364,TE,TE,2025,post-2025-season,basic_cohort_3col_plus_lags,resolved,0,1,0.1082453628272682,26.392277898700407,6.339441982318296,2.856841696982917,0.6862151974984603,2026.0,0.04845594986546139,22.38074529802386,6.744275442273597,1.084480272112705,0.3268002727096719,2027.0,0.02335831748888621,13.177501315148064,7.008306873588221,0.30780425942944406,0.16370225701281715,2028.0,0.007891674078700773,18.323813730249995,6.7653032073995885,0.1446055658379552,0.05338956795638653,2029.0,0.003683026491110119,22.679372136483394,7.7998842893083005,0.08352872838041304,0.028727180465116093,2030.0
00-0034365,TE,TE,2025,post-2025-season,basic_cohort_3col_plus_lags,resolved,9,0,0.5935290258832094,22.412397907087325,8.236277327426649,13.302408697500422,4.888469659051503,2026.0,0.32620776681471064,17.734454994559897,7.739121571802876,5.785116959451376,2.5245615650453694,2027.0,0.1766922327085121,15.861552709411114,7.539358908088268,2.802613162449599,1.3321461586609258,2028.0,0.11130892607146825,17.527111156486498,7.62764539688613,1.950923919963762,0.8490250175813734,2029.0,0.06742901641168707,14.569917245298427,8.623748816157182,0.98243518905015,0.5814909004549296,2030.0
00-0034367,RB,RB,2025,post-2025-season,basic_cohort_3col_plus_lags,resolved,4,0,0.19981617004187371,0.0,6.355502940737788,0.0,1.2699322563080901,2026.0,0.09126817864015324,3.1751366314317693,7.2057573643592745,0.28978893728440913,0.657656350367942,2027.0,0.055920734359214554,0.4297805906416794,8.004327950233126,0.024033646242019684,0.447607897029023,2028.0,0.03420733555199876,-0.037057192630211414,8.176516102576372,-0.0012676278229166971,0.27969682996715106,2029.0,0.01846511860469489,0.0,8.303035325533912,0.0,0.15331653206495513,2030.0
00-0034383,TE,TE,2025,post-2025-season,basic_cohort_3col_plus_lags,resolved,19,0,0.9721273566156162,133.33971300583462,14.339152377759486,129.62318273624692,13.939482297099858,2026.0,0.9073672327993856,107.82652192804193,13.295681879195248,97.83825282422967,12.064066074906327,2027.0,0.8113667734553354,97.04722217181586,12.447338236255101,78.74089152634932,10.099356662857526,2028.0,0.6348793039970952,89.96098145984817,11.595763484828584,57.114365296124,7.361910250562903,2029.0,0.4276576756084823,86.52633030087412,11.200627973173813,37.00364929540362,4.790034524362858,2030.0
00-0034386,WR,WR,2025,post-2025-season,basic_cohort_3col_plus_lags,resolved,3,0,0.33808333902138155,1.3703033463038699,7.16708454910819,0.46327673079058485,2.4230718754110496,2026.0,0.1476535706716436,1.3016098102462332,7.839975949007409,0.19218733610409683,1.1576004428507516,2027.0,0.07637829975943193,1.2325711376444817,7.684378199576095,0.09414168782583425,0.5869197415920668,2028.0,0.040253317491424544,0.0,7.304746380022635,0.0,0.29404027522938525,2029.0,0.016402087594512126,0.0,7.353460378012696,0.0,0.12061210124293849,2030.0
00-0034401,QB,QB,2025,post-2025-season,basic_cohort_3col_plus_lags,resolved,0,1,0.21516446720151025,2.2035492693396925,2.3341025906339636,0.47412550448975216,0.5022159403074216,2026.0,0.12076812976924496,18.5767271334186,3.979224289647851,2.2434765931365517,0.4805634753931233,2027.0,0.10555013393987923,15.886420730228972,3.732713757140751,1.6768138359009421,0.3939884370254361,2028.0,0.07491187826886557,28.300957616616255,4.52239629877919,2.1200778918682808,0.3387812010177149,2029.0,0.04662092108791043,35.82732600916252,6.388302681309163,1.6703029386640067,0.2978285551910011,2030.0
00-0034407,WR,WR,2025,post-2025-season,basic_cohort_3col_plus_lags,resolved,6,0,0.4307651418557149,18.17751324347804,8.274221006417477,7.830239070910954,3.564245985574961,2026.0,0.22359199022366533,10.078588332608437,8.416251150935283,2.253491623932933,1.881806345059834,2027.0,0.10850075287192727,7.404625850586349,8.346396998208677,0.8034074795235537,0.9055903580736353,2028.0,0.06046675681508003,0.0,7.853549291789466,0.0,0.4748786551618776,2029.0,0.025582974021646002,0.0,8.001401434431045,0.0,0.2046996450338105,2030.0
00-0034418,WR,WR,2025,post-2025-season,basic_cohort_3col_plus_lags,resolved,6,0,0.3371757857069847,2.146808575876063,7.638464271553019,0.7238518683335043,2.5755051923556196,2026.0,0.1377674772922464,2.0391887027190987,7.875315638263633,0.2809338832964588,1.084962368363758,2027.0,0.06242164156620028,1.9310281156430211,7.72476167728532,0.12053794488892382,0.48219230460382434,2028.0,0.030340276992985166,0.0,7.408524282466209,0.0,0.22477667883928146,2029.0,0.012779960058720093,0.0,7.540063231977962,0.0,0.09636170694490229,2030.0
00-0034419,WR,WR,2025,post-2025-season,basic_cohort_3col_plus_lags,resolved,5,0,0.2549466066680465,2.2153237431912562,6.883612370972003,0.5647892709977658,1.7549536155974983,2026.0,0.08530373326757666,2.104269193231411,7.183619137740013,0.179502017982591,0.6127895308216331,2027.0,0.03882473942388758,1.9926566725252455,6.911015319550137,0.07736437607206355,0.26831836893602923,2028.0,0.01617611486384261,0.0,6.864597445169082,0.0,0.11104251676709559,2029.0,0.0074152487292074585,0.0,7.275083088501531,0.0,0.05394655062688965,2030.0
00-0034487,WR,WR,2025,post-2025-season,basic_cohort_3col_plus_lags,resolved,4,0,0.3201651528557288,1.1647578443582893,6.9425897418841815,0.37291487327888084,2.2227753059249635,2026.0,0.12483339452465489,1.1063683387092982,7.438943261808286,0.13811171531568484,0.9286285390478369,2027.0,0.061980029149378335,1.0476854669978093,7.226452973128415,0.06493557578390427,0.4478957659211109,2028.0,0.030338454127535892,0.0,6.892305972638143,0.0,0.20910190858382394,2029.0,0.012911027534869396,0.0,7.130709223641748,0.0,0.09206478312958578,2030.0
00-0034521,WR,WR,2025,post-2025-season,basic_cohort_3col_plus_lags,resolved,9,0,0.42663338964377256,28.79741354432171,8.991713550278824,12.285938153387457,3.8361652306612952,2026.0,0.22274454001734895,16.1610095585645,8.598426890295485,3.5997766403384293,1.915252642551672,2027.0,0.09373238399767192,12.936408501424054,8.568293372911128,1.212560409206227,0.8031265646344135,2028.0,0.04859362734590434,0.0,8.167499807111778,0.0,0.3968884419745353,2029.0,0.021539031348088752,1.2588904512177805,8.473778340126595,0.02711528089258937,0.1825169773047422,2030.0
00-0034577,QB,QB,2025,post-2025-season,basic_cohort_3col_plus_lags,resolved,2,0,0.5502392903015952,-0.07012419326934938,2.395401464469685,-0.0385850863374987,1.3180440017972015,2026.0,0.42384709389094705,-0.06730547159581007,2.635113573520953,-0.02852722853884378,1.1168852302094443,2027.0,0.29580590411553087,-0.06541798464844992,2.9708174317513953,-0.019351026094350646,0.8787853363614009,2028.0,0.25773247354749546,-0.06417108666879578,3.1437340491161985,-0.016538972897379448,0.8102423526542014,2029.0,0.1882217022248152,-0.06317848869082357,4.609408916388042,-0.011891562685378049,0.8675907924927982,2030.0
00-0034613,TE,TE,2025,post-2025-season,basic_cohort_3col_plus_lags,resolved,10,0,0.6801896989650171,45.99025360059642,9.061735509903901,31.282096751914473,6.163699148582141,2026.0,0.38428186796381075,39.82072723148943,8.606533855787198,15.302383444194144,3.307334906795683,2027.0,0.19643167077249946,35.877786756641854,8.693783143791398,7.0475335962266135,1.7077343482687373,2028.0,0.1098803205111062,36.75166962541191,8.681845528460874,4.038285237758547,0.9539639692951951,2029.0,0.06266885063414733,36.69975310632054,9.257320966587898,2.2999313457300867,0.5801456649274573,2030.0
00-0034646,WR,WR,2025,post-2025-season,basic_cohort_3col_plus_lags,resolved,0,1,0.08729689156532348,0.0,5.789510197849399,0.0,0.5054062439579935,2026.0,0.04010695553885619,0.0,7.162371631502621,0.0,0.28726092057744046,2027.0,0.023083162620816874,0.0,7.895138950744491,0.0,0.1822447763139806,2028.0,0.014910111748260527,0.0,7.727595178247632,0.0,0.11521930765299142,2029.0,0.005131181447517823,0.0,7.335415892011232,0.0,0.03763934993491544,2030.0
00-0034681,RB,RB,2025,post-2025-season,basic_cohort_3col_plus_lags,resolved,3,0,0.1675609185753483,0.0,6.025713845926727,0.0,1.0096741470956772,2026.0,0.07613913537266814,3.1507748456465663,7.035957821140687,0.2398972725014815,0.5357117450202139,2027.0,0.048595822764721464,0.5060204167654945,7.843879956082563,0.024590478488466457,0.3811798001335394,2028.0,0.031414364561703045,0.0,8.02531540470696,0.0,0.2521101838461159,2029.0,0.017326408473405087,0.0,8.149593761678187,0.0,0.14120319040715018,2030.0
00-0034753,TE,TE,2025,post-2025-season,basic_cohort_3col_plus_lags,resolved,17,0,0.9445014214053428,110.43980017830847,13.450221998965564,104.31054824813438,12.703753796240386,2026.0,0.824516768496448,94.36758547960677,12.486715543014355,77.8076566304577,10.295506348660565,2027.0,0.6471346099871851,88.1611788421074,11.758964401185045,57.052150085997646,7.6096328416140775,2028.0,0.44578125434860705,81.91162866881061,11.346660412132966,36.51466857371972,5.0581285111883165,2029.0,0.2644171022708742,81.10482889804399,11.007799692405701,21.445503837395854,2.910650497044136,2030.0
00-0034771,QB,QB,2025,post-2025-season,basic_cohort_3col_plus_lags,resolved,6,0,0.6693924082256052,46.41342933039247,5.920133820021085,31.068797233480353,3.9628926348017655,2026.0,0.5993998938029299,41.9285589808465,5.519387461245604,25.13197380042928,3.3083202581278384,2027.0,0.3973478732924949,51.78189871440375,6.09140599044355,20.575427329215707,2.420407215663908,2028.0,0.3253764986398551,50.695030086875555,5.960325625674988,16.49497138810968,1.9393498828355316,2029.0,0.2585936178899762,49.596173378081176,6.728038085201837,12.825253907336533,1.739827709753891,2030.0
00-0034775,WR,WR,2025,post-2025-season,basic_cohort_3col_plus_lags,resolved,13,0,0.7566917614512153,81.07086190989034,10.744401707687537,61.34565330096316,8.130200253929528,2026.0,0.47720156644944706,68.37171889297791,10.03240605260471,32.62709135657031,4.7874798835598815,2027.0,0.26028059239144474,58.4400048716094,9.683718868687215,15.210799087341412,2.5204840836941194,2028.0,0.13056319296026947,43.98631874785383,9.364600680405761,5.742994222287958,1.2226721656316881,2029.0,0.06888289360846478,42.75246847324502,9.689385309040532,2.944913737341781,0.6674328973740605,2030.0
00-0034777,WR,WR,2025,post-2025-season,basic_cohort_3col_plus_lags,resolved,0,1,0.06736138954819966,5.041948862547361,6.004501421830808,0.33963268141215497,0.4044715593186638,2026.0,0.03921671633848519,5.292021398136615,6.831324869211448,0.20753570202791743,0.2679021296119048,2027.0,0.021039603308808063,0.0,7.303992258609924,0.0,0.15367309969175783,2028.0,0.010474008008700627,0.0,7.4862275899628505,0.0,0.07841080773222649,2029.0,0.003892999611601071,1.2304583274738832,7.90974097598208,0.004790173790947131,0.030792618547363315,2030.0
00-0034791,RB,RB,2025,post-2025-season,basic_cohort_3col_plus_lags,resolved,17,0,0.7671188189033641,63.43076985262133,10.945187210579713,48.658937251473986,8.396259085656116,2026.0,0.41057201659915493,52.720609808296814,9.986308871012486,21.64560708532961,4.100098971553627,2027.0,0.1971169170629149,48.496788806496916,9.810131235314673,9.559537496987952,1.9337428250878332,2028.0,0.10239432042648285,39.1908974958735,9.233216961284816,4.0129253159939156,0.9454289761010337,2029.0,0.052831101464602834,26.929443038547504,9.442181708032264,1.4227121375547456,0.4988408598642694,2030.0
00-0034796,QB,QB,2025,post-2025-season,basic_cohort_3col_plus_lags,resolved,13,0,0.9571771029526606,227.39755113175318,13.51876404037553,217.659729210821,12.939851399667253,2026.0,0.9354434521338836,208.79647369008782,12.603237769307906,195.31729414203735,11.789616246985535,2027.0,0.8969872978996848,208.34857938342853,12.461237573082087,186.88602924237952,11.177571819164926,2028.0,0.840579059846377,200.8067823011524,12.083000893039056,168.79397627747878,10.156717530793705,2029.0,0.8171758345742565,196.77162667239318,11.35712320579012,160.7970182465469,9.280766634054197,2030.0
00-0034798,TE,TE,2025,post-2025-season,basic_cohort_3col_plus_lags,resolved,9,0,0.6375339686918795,5.868332706462849,8.143523759950192,3.7412614399556183,5.191773021817663,2026.0,0.35729272838454534,5.261337089262696,7.847281617838726,1.8798374835734708,2.8037766596394875,2027.0,0.1945411731874572,1.115768824458499,7.549011439089522,0.21706297611614636,1.4685935417660103,2028.0,0.10305064526724635,1.980018677633396,7.067514955929953,0.20404220237132129,0.7283119766444958,2029.0,0.05578851045020581,3.715007261442352,7.863940194357385,0.20725472142756712,0.43871750971270046,2030.0
00-0034808,RB,RB,2025,post-2025-season,basic_cohort_3col_plus_lags,resolved,0,1,0.03944031088579462,0.25703089036009885,5.2421058312685656,0.01013737822305489,0.20675028368146905,2026.0,0.021643231255426127,19.733198309765726,7.991523175513783,0.42709017442744357,0.17296238417074217,2027.0,0.011729725145837611,16.95640703829408,8.310223849735273,0.19889399402013594,0.09747664165777926,2028.0,0.011300196756296505,0.0,7.685695634326789,0.0,0.0868498728769018,2029.0,0.006804557995971682,5.727211408291566,8.182779964504917,0.03897114218291062,0.05568020083674881,2030.0
00-0034827,WR,WR,2025,post-2025-season,basic_cohort_3col_plus_lags,resolved,19,0,0.9622479266490204,156.4039269647,13.7654555032929,150.49935444154738,13.24578101742294,2026.0,0.8797600144749667,138.10212837458693,12.614638832706262,121.49673045785029,11.097854842058139,2027.0,0.7355088818434254,128.9704374132308,12.194912669001479,94.85890221266287,8.969466581355501,2028.0,0.5736597475467063,101.38215683399025,11.45560466714945,58.15886249512744,6.571619281351825,2029.0,0.3897689307720165,90.6484668325192,11.27238584784266,35.33195599343362,4.393625779163244,2030.0
00-0034829,TE,TE,2025,post-2025-season,basic_cohort_3col_plus_lags,resolved,12,0,0.8322271827976369,72.378782823192,11.059200782376003,60.235590523267064,9.203767511110202,2026.0,0.6157936975190235,66.86520666020269,10.615940189774037,41.17517284465985,6.5372290621017575,2027.0,0.39442010414463496,61.38260598709613,10.094442051198039,24.210533846099548,3.981450885115513,2028.0,0.23594440405850536,58.27475354697669,9.84847348195187,13.749601997297686,2.3236922065851275,2029.0,0.1331509757230693,58.15140810773767,9.968059555278103,7.742916729215675,1.3272568558509437,2030.0
00-0034830,TE,TE,2025,post-2025-season,basic_cohort_3col_plus_lags,resolved,0,1,0.07149397739920266,6.093184496300969,4.42961450376972,0.4356259946677135,0.31669075921969264,2026.0,0.029371602798534933,5.590945029566839,5.355529547143804,0.16421501667688035,0.15730048663452548,2027.0,0.01443406368401682,2.819967904348701,5.884155700995163,0.0407035963182526,0.08493227811483481,2028.0,0.006670391125627569,7.7507606426306666,6.23011613716307,0.05170060500746703,0.04155731139296165,2029.0,0.0038523767753436988,8.538686436237079,7.610006496319736,0.032894237318901974,0.029316612286636824,2030.0
00-0034837,WR,WR,2025,post-2025-season,basic_cohort_3col_plus_lags,resolved,7,0,0.5298402224690096,62.453030409851266,9.489691417243774,33.09012752621942,5.028020211674693,2026.0,0.2858229044898446,49.53519080949408,9.535634731297186,14.158292111628255,2.7255028150536007,2027.0,0.13917879302836056,40.015516823093655,9.249256519867213,5.569311333844232,1.2873003588448133,2028.0,0.07107819756196201,21.95752619966524,8.737134682842111,1.5607013851917628,0.6210197851125219,2029.0,0.02739127639236285,22.61290126229423,8.714263506627688,0.619396228508712,0.2386948002659201,2030.0
00-0034844,RB,RB,2025,post-2025-season,basic_cohort_3col_plus_lags,resolved,17,0,0.9643821046492391,179.7919033207798,13.808318925227997,173.38809412338614,13.316495666779295,2026.0,0.8553113544613904,163.43759794072534,12.776483336053314,139.79003326459795,10.927871267413144,2027.0,0.6819604758037588,145.4986033267173,11.672581053782118,99.2242967534705,7.960238929295194,2028.0,0.47807084152809187,139.54717610797286,11.567835477538836,66.71343591480742,5.530244841405508,2029.0,0.3114698438353223,96.17658244763308,10.967497763752805,29.956105115579273,3.4160448157403325,2030.0
00-0034854,WR,WR,2025,post-2025-season,basic_cohort_3col_plus_lags,resolved,8,0,0.3195767278177313,1.3931417354089342,7.641340620102301,0.44521567718830274,2.441994631513007,2026.0,0.11153983230075645,1.3233033070836704,7.598479328162496,0.147601028955149,0.8475331100040093,2027.0,0.04552939985978086,1.2531139899385562,7.363785089194095,0.057053527917797935,0.33526871580741,2028.0,0.020078211382859812,0.0,7.021147794600806,0.0,0.14097208957029497,2029.0,0.008340632633688748,0.0,7.2542092264739795,0.0,0.060504694205934885,2030.0
00-0034855,QB,QB,2025,post-2025-season,basic_cohort_3col_plus_lags,resolved,17,0,0.9663272392685606,242.56777319496143,14.126642553305555,234.39984660700944,13.650959498669526,2026.0,0.9345449117406744,225.0579249165522,13.080587651338963,210.3267385776786,12.224396632136727,2027.0,0.8854384056172713,220.04068809516713,12.850671987747582,194.83247603791207,11.37847851594175,2028.0,0.8293565936183773,214.92602639597774,12.459835318167528,178.25031713170156,10.333646576521371,2029.0,0.7797710052342003,212.7213170723501,11.56518348768823,165.8739152482495,9.018194753912626,2030.0
00-0034857,QB,QB,2025,post-2025-season,basic_cohort_3col_plus_lags,resolved,18,0,0.9839513269409307,316.36098610548265,16.23193315213539,311.283812070831,15.9714321638601,2026.0,0.962657774157315,296.58040933316977,15.276637731266451,285.5054367073346,14.706174074988617,2027.0,0.9464881137893434,283.0270484795632,14.480352232939985,267.8817372667868,13.705481271960673,2028.0,0.9099867608298978,274.867854206915,14.009836392605932,250.1261083060152,12.748765638664292,2029.0,0.8793330185268874,267.9984177738474,12.555550084169695,235.65985766150706,11.040509754778453,2030.0
00-0034860,WR,WR,2025,post-2025-season,basic_cohort_3col_plus_lags,resolved,8,0,0.37802518719219425,9.673920747791115,8.145511612366784,3.656985701566188,3.0792085520411456,2026.0,0.15418157103312746,4.273618876975133,8.058911956081062,0.6589132724488559,1.2425357062062323,2027.0,0.06719476944398249,4.046941901932715,7.875093403959405,0.27193332805356074,0.5291650856288795,2028.0,0.03042829097366679,0.0,7.692463814698312,0.0,0.23406852725804306,2029.0,0.014057992569393227,0.0,7.990479731347526,0.0,0.1123301046891707,2030.0
00-0034867,WR,WR,2025,post-2025-season,basic_cohort_3col_plus_lags,resolved,3,0,0.1882047631304933,0.0,6.731834566868291,0.0,1.2669633300911138,2026.0,0.09482428723565228,0.0,6.747084466337776,0.0,0.6397874754392209,2027.0,0.04598034673510204,0.0,6.943333356806922,0.0,0.31925687524338225,2028.0,0.022705770080428702,0.0,7.251818116064237,0.0,0.1646581148084422,2029.0,0.010066106039209984,0.0,8.103624880040254,0.0,0.08157194734446549,2030.0
00-0034869,QB,QB,2025,post-2025-season,basic_cohort_3col_plus_lags,resolved,20,0,0.9797631942035114,248.45061766926455,14.680874032669312,243.422770769474,14.38378003594747,2026.0,0.9574624706908872,232.5841109025087,13.505724075439787,222.6905574681593,12.931223941739976,2027.0,0.9299435154198591,225.8820777709214,13.387000383173234,210.05757347263264,12.449154197255117,2028.0,0.9059703881699128,224.92035222259636,13.191315853352828,203.77117881041914,11.950941544133986,2029.0,0.8774245056806617,227.98941845191447,12.28391668131474,200.04350278559258,10.77820952192502,2030.0
00-0034928,WR,WR,2025,post-2025-season,basic_cohort_3col_plus_lags,resolved,3,0,0.265684075346775,0.0,6.4803017937053475,0.0,1.7217129900286527,2026.0,0.10822327190305187,0.0,7.154494267403198,0.0,0.7742827784300021,2027.0,0.05553028095530685,0.0,7.122764401558297,0.0,0.3955291083969903,2028.0,0.028432282077951555,0.0,7.021541144540958,0.0,0.19963843844353132,2029.0,0.013423675278809393,0.0,7.2189145296725785,0.0,0.09690436451180373,2030.0
00-0034955,QB,QB,2025,post-2025-season,basic_cohort_3col_plus_lags,resolved,1,0,0.41561280665390177,5.571892194154687,3.42615578217409,2.3157497531855964,1.4239542206628677,2026.0,0.36455627340003965,1.933319886659845,2.9916228398949185,0.7048038931709002,1.090614873930535,2027.0,0.2293098509285297,13.433826741678129,3.71834709962385,3.0805088075339078,0.8526536191152758,2028.0,0.17422195209129684,13.978940879355832,3.792499507293938,2.4354383681702028,0.6607366674660313,2029.0,0.1460061621203898,20.111646566236423,5.49225352327083,2.936424329057896,0.8019028583249629,2030.0
00-0034960,WR,WR,2025,post-2025-season,basic_cohort_3col_plus_lags,resolved,17,0,0.9265938356037577,143.9799786185602,13.118475799352685,133.41096063831873,12.155498808197276,2026.0,0.7975095299025787,125.57661930611044,12.121581114373251,100.14855062957123,9.667076456199789,2027.0,0.593200498246059,115.86533539232815,11.766501734236268,68.73137468417579,6.979894691362072,2028.0,0.4086125341613547,91.36143505670785,11.159779987064645,37.33142750313942,4.560025981197655,2029.0,0.24101513976288466,81.7693013008609,11.006702465584018,19.707639581340416,2.6527819330712195,2030.0
00-0034970,TE,TE,2025,post-2025-season,basic_cohort_3col_plus_lags,resolved,0,1,0.12204694764877026,7.23329917448252,4.5388044535545715,0.8828020856759612,0.5539472295309801,2026.0,0.06975864744274542,13.219912582847698,5.9309404796270115,0.9222032210907866,0.4137343859222081,2027.0,0.04389649237658411,15.461870398730653,6.506388345241593,0.6787218760856116,0.2856076263959933,2028.0,0.026942029382132332,20.397601650877696,7.148796931192148,0.5495527830029778,0.1926030969670763,2029.0,0.018933866184315345,19.447330893192202,8.258437862475311,0.36821316077380295,0.1563641573795908,2030.0
00-0034972,RB,RB,2025,post-2025-season,basic_cohort_3col_plus_lags,resolved,0,1,0.19344895646208024,57.77187733679689,7.171938256840578,11.175909383658661,1.3874039715962807,2026.0,0.11305378883690524,57.30076545828294,8.172906208583978,6.478068638313753,0.9239780126890849,2027.0,0.0806910261242525,50.29083140457702,9.03807241017411,4.058018790677102,0.7292913369622448,2028.0,0.03841803143113895,50.17810700251584,9.804117074583008,1.927744091977707,0.376654877925896,2029.0,0.02378096978633322,51.85291725389567,9.002303038968943,1.2331126585481293,0.21408349657713616,2030.0
00-0034975,RB,RB,2025,post-2025-season,basic_cohort_3col_plus_lags,resolved,10,0,0.7448486598328957,67.99389604977725,9.991894043198913,50.64516234949381,7.442448887269005,2026.0,0.45668346986938557,58.20387956091868,9.648061036834857,26.58074967774015,4.406109991813365,2027.0,0.2503030912960362,53.09155885273061,9.641649042605097,13.288981302563906,2.4133345605555236,2028.0,0.13741640921421114,51.690112216411215,9.946910425897627,7.1030696126588575,1.3668687135022515,2029.0,0.07554102709714078,42.68818250160652,9.338725503824291,3.224709151081549,0.7054569163371505,2030.0
00-0034981,TE,TE,2025,post-2025-season,basic_cohort_3col_plus_lags,resolved,7,0,0.6688815054129774,22.82915858294866,8.621365863640058,15.270001960274294,5.766672177587616,2026.0,0.4621528450802336,27.72599531845377,8.877709754403025,12.813647619104646,4.1028588207939,2027.0,0.2852945178520267,25.416783318142976,8.519692949474372,7.251268942099036,2.4306216922676023,2028.0,0.17321108113226355,25.524145160097838,8.294600158827174,4.421064778157379,1.4367166610703,2029.0,0.10532661064660599,28.692823142073337,8.65696186790987,3.0221178114370844,0.9118084520438577,2030.0
00-0034983,WR,WR,2025,post-2025-season,basic_cohort_3col_plus_lags,resolved,6,0,0.4453878108546911,42.26990776094198,8.50686388538134,18.826501682675666,3.788853483148827,2026.0,0.20891940464143446,36.81305612884559,8.354096301471719,7.69096176947013,1.745332825620681,2027.0,0.11157187109363093,24.456699999168876,8.108595020222918,2.7286797796828735,0.9046911183467691,2028.0,0.048060339812154636,19.196162569879846,8.340969754738866,0.922574096197789,0.400869840775654,2029.0,0.020655543780311515,24.31562373744356,9.024175836692034,0.5022524306543473,0.18639925907602162,2030.0
00-0035021,WR,WR,2025,post-2025-season,basic_cohort_3col_plus_lags,resolved,12,0,0.6912141315936907,11.283649667995142,9.302668245415964,7.799418106470699,6.430135752759398,2026.0,0.3725026158219884,8.529082157819946,9.145801110971622,3.1771054143485795,3.4068348376245767,2027.0,0.1995681797840532,6.597202888231735,9.015954258256244,1.3165917720705058,1.7992975803364821,2028.0,0.10894739339693582,0.0,8.672053636482312,0.0,0.9447976390931664,2029.0,0.056414383089024994,2.135189230243469,8.527517688898168,0.12045538320251546,0.48107464969993835,2030.0
00-0035100,QB,QB,2025,post-2025-season,basic_cohort_3col_plus_lags,resolved,5,0,0.7438963784155355,38.521502661020456,5.0504273792542715,28.65600632065753,3.756994636877917,2026.0,0.519354312568863,48.40526430219103,5.6451005207853955,25.139482766378546,2.9318073003546297,2027.0,0.4503442884626758,41.87889871867834,5.138080101234699,18.859922845063664,2.313905027254774,2028.0,0.3639528721865871,42.17818277161201,5.08323296610552,15.350870763339016,1.8500572380076483,2029.0,0.2403480623903465,34.822616238686734,5.4331203529877135,8.369548340330972,1.3058399495741524,2030.0
00-0035140,WR,WR,2025,post-2025-season,basic_cohort_3col_plus_lags,resolved,3,0,0.3849520561761958,3.22755820543967,7.173949234350346,1.2424551676123536,2.7616265086668115,2026.0,0.1823380843552128,3.0821960600748017,7.781234138379341,0.5620017252012237,1.4188153267114738,2027.0,0.10283273698315715,1.5201710697615274,7.6687745866603,0.15632335178619178,0.7886010800531583,2028.0,0.05486500588743468,0.0,7.498380626937494,0.0,0.41139869724315176,2029.0,0.026906409036731836,0.0,7.800783849953466,0.0,0.2098910810739797,2030.0
00-0035164,WR,WR,2025,post-2025-season,basic_cohort_3col_plus_lags,resolved,0,1,0.04219510257186195,0.0,5.3158209520685205,0.0,0.22430161032618406,2026.0,0.022184029052395027,0.0,6.463422044729255,0.0,0.14338474241816426,2027.0,0.012161156393727697,0.0,7.591731564248121,0.0,0.09232423485202042,2028.0,0.007731592592748514,0.0,8.138142036704915,0.0,0.06292079868972303,2029.0,0.003864838507780145,0.0,8.13635409697675,0.0,0.03144569462693049,2030.0
00-0035208,WR,WR,2025,post-2025-season,basic_cohort_3col_plus_lags,resolved,16,0,0.9095230527828043,76.04947542941332,11.661238299908867,69.16875105509087,10.60616505776087,2026.0,0.7194605019171699,66.85820072201658,11.110489454910446,48.10183464874094,7.9935583197752935,2027.0,0.5119876605940362,62.394707283144044,10.799767735694441,31.94532021534659,5.529347817957149,2028.0,0.34552841881289087,46.67436256890909,10.11411706633215,16.127318697534736,3.4947148776182226,2029.0,0.19371588891459643,42.40394010380359,9.7368256777824,8.214316950689618,1.8861778413780856,2030.0
00-0035215,WR,WR,2025,post-2025-season,basic_cohort_3col_plus_lags,resolved,0,1,0.0599320008990655,0.0,5.3135334047802285,0.0,0.3184506887925032,2026.0,0.030216949070146052,0.0,6.406907701869039,0.0,0.19359720372450323,2027.0,0.017469325960947343,0.0,7.421326369534894,0.0,0.12964556941197902,2028.0,0.011450131159434291,0.0,7.713833745725077,0.0,0.08832440813062244,2029.0,0.0055715617846461545,0.0,7.877044105353268,0.0,0.04388743791335853,2030.0
00-0035216,WR,WR,2025,post-2025-season,basic_cohort_3col_plus_lags,resolved,0,1,0.15606497452693185,38.02677259683145,7.6536246649710815,5.93464729666593,1.1944627383774091,2026.0,0.12373241335332816,34.53290543476071,8.457038418534212,4.272839729545204,1.0464097733470519,2027.0,0.06920988512751737,24.824387127121703,8.241334721789107,1.718092981429114,0.5703818293924444,2028.0,0.02778376300860374,21.6004928797544,8.154170194429316,0.6001429750401287,0.2265535322138444,2029.0,0.00686999665196505,29.601829252748672,8.409859271472321,0.20336446785842446,0.05777570503851208,2030.0
00-0035228,QB,QB,2025,post-2025-season,basic_cohort_3col_plus_lags,resolved,5,0,0.8889213402681333,133.8426446008336,9.438678081618828,118.97558302360444,8.390242370672063,2026.0,0.8233173994331264,127.90939962970188,9.564399961648743,105.31003426617866,7.874536903562937,2027.0,0.788682123203762,129.9644857708604,9.239398727804272,102.50066657884729,7.28694860577081,2028.0,0.6783184384349343,121.32897882461995,8.910269023568098,82.29968345322142,6.0439997701018795,2029.0,0.634876106335471,114.52605613854091,8.694979225164754,72.70985659519442,5.5202345551404095,2030.0
00-0035229,TE,TE,2025,post-2025-season,basic_cohort_3col_plus_lags,resolved,15,0,0.9215203361967328,102.2698541406215,12.592673791613802,94.24375037045635,11.604404986063736,2026.0,0.7951122013513737,89.9239598085232,11.83043086873693,71.49963763758733,9.406519930976664,2027.0,0.6257869278878976,86.42745351756093,11.29226872727948,54.085170621928526,7.066554155728804,2028.0,0.47024404355253424,82.2199733722476,11.26193384327008,38.663452739347406,5.295857308680455,2029.0,0.31449353492030324,79.43658549012616,11.103808563915553,24.982292572788648,3.492076006344138,2030.0
00-0035243,RB,RB,2025,post-2025-season,basic_cohort_3col_plus_lags,resolved,4,0,0.4412486000370231,51.46014366906901,7.814433157323148,22.70671635168078,3.448107690751733,2026.0,0.22881327497231269,46.74791060491367,8.406515997476465,10.696542523623204,1.9235224564897277,2027.0,0.1232558234219413,41.447514272815255,8.930588333191592,5.108647500488509,1.100747018649912,2028.0,0.07465154231914915,35.33940978946047,9.185546267134711,2.638141445431662,0.6857151958855094,2029.0,0.04471930380898632,32.90916172804802,8.776623674389871,1.4716748014156444,0.3924845005121824,2030.0
00-0035249,TE,TE,2025,post-2025-season,basic_cohort_3col_plus_lags,resolved,12,0,0.8571642737463628,55.59495556532323,10.542016454937315,47.6540097111116,9.03623987841855,2026.0,0.6765927379080531,53.03366861967944,10.16503769634959,35.88219505269731,6.877590685911738,2027.0,0.48751221910754683,49.57608053072934,9.87793193433282,24.16894503419031,4.815612517499895,2028.0,0.3262048878617301,48.17753416874505,9.594120521384587,15.715747130970147,3.1296490088101825,2029.0,0.2045046721803682,48.53018508334492,9.716312733893995,9.924649591322046,1.9870313504469284,2030.0
00-0035250,RB,RB,2025,post-2025-season,basic_cohort_3col_plus_lags,resolved,17,0,0.8856216830363426,77.92484770032246,11.738204563380984,69.01193477071024,10.395608481246343,2026.0,0.6293883324903754,65.31607024657364,10.641901696307494,41.10917253731521,6.697888763165471,2027.0,0.37944996838617956,64.24109287784927,10.210030152506318,24.37628066159353,3.8741956185904627,2028.0,0.2196409796049371,60.45739328073242,9.968628472645719,13.27892108454101,2.1895193230495735,2029.0,0.1163172460252005,49.4351346421447,9.806475418347656,5.750158718459257,1.1406622138760252,2030.0
00-0035261,RB,RB,2025,post-2025-season,basic_cohort_3col_plus_lags,resolved,17,0,0.9342897639027534,127.86579044512058,12.697893637562705,119.46369916621065,11.863512048700734,2026.0,0.7614435997339529,110.75217811940753,11.622881813646877,84.3315371856176,8.850168967465574,2027.0,0.5317648401044606,106.35655656898021,10.977892462352095,56.556677297964775,5.8376572299266245,2028.0,0.3343369495803498,98.53283790546317,10.682600574882848,32.94316845880762,3.571588089791623,2029.0,0.18946513751898258,73.67810245255612,10.411327604772595,13.959431813311232,1.9725836163934192,2030.0
00-0035264,QB,QB,2025,post-2025-season,basic_cohort_3col_plus_lags,resolved,2,0,0.6049275402200078,1.7577797779516913,3.038242088372925,1.0633293973247882,1.837916313112333,2026.0,0.4349485520955123,8.614739105571976,3.5480658576941853,3.7469683006491197,1.543226107543608,2027.0,0.3381599617608549,8.788682331498542,3.550572921400321,2.971980481147848,1.2006616033298594,2028.0,0.2788702554721113,9.568104491649901,3.623376746568065,2.6682597439702636,1.0104519989871439,2029.0,0.19599110999079902,6.390661853019368,4.697588752115738,1.2525129101491224,0.9206856338074559,2030.0
00-0035289,QB,QB,2025,post-2025-season,basic_cohort_3col_plus_lags,resolved,4,0,0.6383823707972658,24.391210080317798,4.728492875868572,15.570918517687444,3.01858649239496,2026.0,0.5797887468659874,23.115571702079805,4.5693948386066365,13.40214835023973,2.6492837074116524,2027.0,0.4058714074464936,36.525486605253114,5.336950777405714,14.824650656142131,2.166115723498315,2028.0,0.3432631061111683,36.174758949433425,5.322003999019168,12.4174601198053,1.8268476234393787,2029.0,0.2929281805837876,38.681984295141035,6.394611594421354,11.331043280946309,1.8731619398938404,2030.0
00-0035291,RB,RB,2025,post-2025-season,basic_cohort_3col_plus_lags,resolved,6,0,0.3529235774231231,8.753768146809662,7.247860163656075,3.0894111703046483,2.557940737620044,2026.0,0.16622112908401154,6.322427856001184,7.694643181076467,1.050921096776723,1.2790122774571206,2027.0,0.08368796804519678,16.00718022125182,8.490071127126178,1.339608386849828,0.7105168011883835,2028.0,0.04994649521241913,8.664935457275593,8.443493049474377,0.4327831573327362,0.4217228851716662,2029.0,0.029348601752093025,14.060683038327909,8.504451127728458,0.41266138685429515,0.24959374926784095,2030.0
00-0035298,WR,WR,2025,post-2025-season,basic_cohort_3col_plus_lags,resolved,5,0,0.36119376047138274,6.459976248635653,7.429419179074994,2.3333031138005276,2.6834598514083106,2026.0,0.15239717907405093,4.532242659307828,7.696701987837622,0.6907009961575878,1.172955671120094,2027.0,0.07748676077435881,3.1225135486993536,7.507508638528753,0.24195346036276102,0.5817325258851097,2028.0,0.0359572815336,0.0,7.4899987410675655,0.0,0.269319993418876,2029.0,0.018454007937209246,0.0,7.97116645201621,0.0,0.1470999689743232,2030.0
00-0035311,RB,RB,2025,post-2025-season,basic_cohort_3col_plus_lags,resolved,1,0,0.15323915548197492,0.0,5.425013265821658,0.0,0.8313244513330216,2026.0,0.07391392110614071,0.0,6.536288509328535,0.0,0.4831227132054834,2027.0,0.039477781328357824,0.1171687493012496,7.6844654006253155,0.0046255622634319106,0.3033656447112178,2028.0,0.025032245441790706,0.11117157789063425,7.989240909666341,0.0027828742239095097,0.1999886393443631,2029.0,0.016544596781199468,0.0,7.89393862199992,0.0,0.13060203151652605,2030.0
00-0035341,WR,WR,2025,post-2025-season,basic_cohort_3col_plus_lags,resolved,0,1,0.04840253301480091,0.0,5.45329870099261,0.0,0.26395347041436573,2026.0,0.02378169370191793,0.0,6.566160563528156,0.0,0.15615441931943944,2027.0,0.012712384737648862,0.0,7.420576247755009,0.0,0.09433322023652044,2028.0,0.007478972998102122,0.0,7.676752431612372,0.0,0.05741422414914374,2029.0,0.0030743968268833045,0.0,7.680986930547971,0.0,0.023614401846608814,2030.0
00-0035359,WR,WR,2025,post-2025-season,basic_cohort_3col_plus_lags,resolved,12,0,0.6284630948735326,46.789439071691916,9.974148213463714,29.40543568639209,6.2683840549607215,2026.0,0.352983400720239,40.63227015827794,9.377513181428972,14.34251689945243,3.3101064930796658,2027.0,0.18377711451447137,33.850947660276354,9.375641550530403,6.221029484585984,1.7230283508784618,2028.0,0.08960573717981896,30.81626942514103,9.62901224289793,2.7613145389716776,0.862814740338371,2029.0,0.04282603723373601,29.99952946628241,9.835398278425195,1.284760965917571,0.42121113288046047,2030.0
00-0035406,WR,WR,2025,post-2025-season,basic_cohort_3col_plus_lags,resolved,9,0,0.735279743956852,45.54805992857753,9.465096987815993,33.49056584201584,6.959494089728115,2026.0,0.4562188047971909,41.61854749577012,9.534764331984487,18.987163995915367,4.349938787560849,2027.0,0.2871004072499074,35.84980417575101,9.278157477461217,10.292493378687546,2.6637627903078887,2028.0,0.16594032289951724,27.401210207812568,8.919786424623936,4.546965669721965,1.4801522394968263,2029.0,0.0879939121079806,30.623645987421213,8.9640736527594,2.694694413443055,0.7887839091303752,2030.0
00-0035500,WR,WR,2025,post-2025-season,basic_cohort_3col_plus_lags,resolved,12,0,0.8633948597768333,67.18843821588123,10.67356627848169,58.0101521920252,9.215502260328435,2026.0,0.6405207503416512,62.20855469169862,10.59419688383547,39.84587012879645,6.785802937301479,2027.0,0.4557206805286076,56.86921999143588,10.317791357273697,25.916479635628253,4.702030898888955,2028.0,0.29923850858224094,46.491728099021785,9.841982185298281,13.912115377762342,2.9451000706216424,2029.0,0.1695456251517639,45.56196182847543,9.55624719437983,7.724831301349671,1.6202199046759183,2030.0
00-0035535,WR,WR,2025,post-2025-season,basic_cohort_3col_plus_lags,resolved,14,0,0.8788293872107464,81.18840488807055,11.25084127773965,71.35075611640102,9.887569945721307,2026.0,0.6582870592623417,72.25413784463396,10.826593152828226,47.56396392127996,7.127006168405097,2027.0,0.4511116323092978,65.07586060176632,10.467712882706222,29.35647769999513,4.7221070450626685,2028.0,0.28214498092271856,49.96587448108593,9.922143828569645,14.097620702252941,2.799483081224252,2029.0,0.15474282541714288,47.18775920385423,9.731155612687331,7.301967184308191,1.5058265140811258,2030.0
00-0035537,RB,RB,2025,post-2025-season,basic_cohort_3col_plus_lags,resolved,17,0,0.8998376464377427,73.45443927555732,11.9438162231404,66.09706975812159,10.747495479715587,2026.0,0.6516917383261432,59.00322484852521,10.659551234219276,38.45191416838368,6.946741473604946,2027.0,0.3952602725891041,59.54110864174861,10.140081597687844,23.53423483199502,4.007971416377856,2028.0,0.22587716126549756,59.170179220721394,10.138752044455336,13.365192113947279,2.290112530576331,2029.0,0.11443404523110064,47.38891817145466,9.683679169237887,5.42290560548517,1.1081425800560354,2030.0
00-0035544,WR,WR,2025,post-2025-season,basic_cohort_3col_plus_lags,resolved,6,0,0.28122382007534186,1.7357175719849016,7.25297114278391,0.4881251261654912,2.039708251669909,2026.0,0.10851964307805222,1.6487057596452286,7.547905470364423,0.17891696057742915,0.819096007630825,2027.0,0.050201217644783414,1.5612567743496766,7.510571133598477,0.07837699112852062,0.37703981611440485,2028.0,0.022656644716122852,0.0,7.699587936157183,0.0,0.1744468283300589,2029.0,0.011869904089828664,0.0,7.9244223687160495,0.0,0.09406213348395238,2030.0
00-0035547,TE,TE,2025,post-2025-season,basic_cohort_3col_plus_lags,resolved,0,1,0.08844306182668502,0.0,3.5821502214772023,0.0,0.31681633351058164,2026.0,0.03883530891962681,3.199357381017606,5.002393410741733,0.1242480322361069,0.1942694934436608,2027.0,0.020445115142782168,5.848848940047503,6.128126863483931,0.11958039003201064,0.12529025933350552,2028.0,0.011488803995212614,11.98126210239176,6.825607859631299,0.13765037190964793,0.0784180708474867,2029.0,0.007902226932609372,13.954579251074023,7.967438331147054,0.11027225199106906,0.06296050576429452,2030.0
00-0035567,RB,RB,2025,post-2025-season,basic_cohort_3col_plus_lags,resolved,5,0,0.2528278592268788,0.0,6.747884314750621,0.0,1.7060531456090333,2026.0,0.10483523463404387,0.0,7.148084187676304,0.0,0.7493710829989442,2027.0,0.04930642097831747,0.0781124995341664,7.961898416286934,0.003851447785700236,0.39257271510004277,2028.0,0.027346189179165238,0.07411438526042283,8.332405761963749,0.0020267460002290584,0.22785954428422714,2029.0,0.016297145888464672,0.0,8.026521995624094,0.0,0.13080939993965646,2030.0
00-0035594,RB,RB,2025,post-2025-season,basic_cohort_3col_plus_lags,resolved,8,0,0.42951817711409584,0.0,7.67021068685733,0.0,3.2944949123000176,2026.0,0.19884647806037525,2.2148302451479083,7.963644695771083,0.4404111937492591,1.5835427002782685,2027.0,0.10637625821532613,6.455296425914926,8.379280576790304,0.686690279459598,0.8913565142953123,2028.0,0.06605206909406361,8.473355058405165,8.529812198071694,0.5596826337763113,0.5634117446664181,2029.0,0.04167960650389911,12.86878692517945,8.500980284970245,0.5363659752240012,0.35431751317496396,2030.0
00-0035602,WR,WR,2025,post-2025-season,basic_cohort_3col_plus_lags,resolved,11,0,0.45741867026663424,0.730828451362064,8.630417320536887,0.3342945784150589,3.9477140146061114,2026.0,0.20404783134075985,0.6941918987979911,8.485716388888331,0.14164835148405433,1.731492026525408,2027.0,0.09005314122674032,0.6573712734103903,8.576901563220789,0.059198348122828,0.7723769277605715,2028.0,0.04450113767262608,0.0,8.644379812312314,0.0,0.3846847361221799,2029.0,0.024228817518314065,0.0,8.557888347486479,0.0,0.2073475151133562,2030.0
00-0035628,RB,RB,2025,post-2025-season,basic_cohort_3col_plus_lags,resolved,8,0,0.38179069240036034,0.0,7.8038944216467225,0.0,2.979454254659812,2026.0,0.15375761874416377,0.0,7.7931407569175954,0.0,1.1982547653217395,2027.0,0.07146743143010272,0.48820312208853994,8.25743475341962,0.03489062315182479,0.5901376520285638,2028.0,0.039130085399367985,1.0568467864915765,8.571871065326448,0.04135450500946301,0.33541804681859533,2029.0,0.022238183580714926,0.0,8.22317206532626,0.0,0.18286841000453208,2030.0
00-0035631,TE,TE,2025,post-2025-season,basic_cohort_3col_plus_lags,resolved,12,0,0.7935627014714065,33.26245116756014,9.748695012007069,26.395840606089763,7.736200749549155,2026.0,0.5396057552994118,30.195440749942335,9.111458233767252,16.29363361247127,4.9165953021110225,2027.0,0.33485099887845027,28.24091680773502,8.828937944051608,9.456499202313285,2.9563786896015323,2028.0,0.20591249687910135,27.696459438326663,8.606677624784473,5.703047117656596,1.772222479552864,2029.0,0.11902760009215278,27.940038453124856,9.06088774395816,3.3256357235579164,1.0784957228677403,2030.0
00-0035639,WR,WR,2025,post-2025-season,basic_cohort_3col_plus_lags,resolved,1,0,0.13295491272526402,0.0,5.896929619192536,0.0,0.7840257628667681,2026.0,0.06199820177298468,0.0,6.352796918350622,0.0,0.3938619851666971,2027.0,0.029145352430661155,0.0,6.446240575532199,0.0,0.18787795342671396,2028.0,0.014302202641284484,0.0,6.569452976822847,0.0,0.09395764771690994,2029.0,0.007303471505836459,0.0,7.3177493230404735,0.0,0.05344497366768014,2030.0
00-0035640,WR,WR,2025,post-2025-season,basic_cohort_3col_plus_lags,resolved,16,0,0.9464479060112256,154.17945545100486,13.107690362316426,145.92282276155458,12.405746096057905,2026.0,0.8367365312169603,138.56845509049288,12.331138459702402,115.94528844851216,10.31791402072744,2027.0,0.6817402363403762,126.4527897515672,11.851659328957764,86.20795477113332,8.07975303194929,2028.0,0.4977443946727772,102.70322612726912,11.28528777353843,51.119955119658925,5.617188731547979,2029.0,0.3205947749446913,94.03757661810876,11.136264465532628,30.147955712226743,3.570228200051996,2030.0
00-0035644,TE,TE,2025,post-2025-season,basic_cohort_3col_plus_lags,resolved,13,0,0.8881349526928962,74.02731848166295,11.46061674562555,65.74624899769368,10.178574311207562,2026.0,0.7358219703635912,69.07532126387542,10.997724196121395,50.82713899588288,8.092367087505387,2027.0,0.5556188021764056,64.8649157458284,10.48721948384876,36.04016678997064,5.82689632777711,2028.0,0.38696787047771114,61.81817806335083,10.220912738867048,23.921648721986827,3.955164836897892,2029.0,0.24577398973938896,61.09123424862148,10.207653745541158,15.014636379387303,2.508775786919868,2030.0
00-0035645,WR,WR,2025,post-2025-season,basic_cohort_3col_plus_lags,resolved,16,0,0.7363409094909928,35.585555667311226,10.538346168247209,26.2031004248103,7.759815402058069,2026.0,0.4575219088497595,27.397086019845265,9.33585618745656,12.534767092720665,4.271358743631963,2027.0,0.24037091390294923,24.66430317208122,9.356601236267007,5.928581094252572,2.2490547901869653,2028.0,0.12387175735883842,24.415229326995103,9.418491230232569,3.0243573630539333,1.1666850603577164,2029.0,0.06500884221416205,23.126752321725377,9.881372191303956,1.5034433926090507,0.6423765656438876,2030.0
00-0035659,WR,WR,2025,post-2025-season,basic_cohort_3col_plus_lags,resolved,10,0,0.8301159321030601,127.55286263055301,11.666808406726267,105.88366345497509,9.684803535217393,2026.0,0.6386927613014489,110.61064089476454,11.445707070788501,70.64621566240014,7.310290254089426,2027.0,0.4264573419087934,98.48149789035227,11.027696594092692,41.99815781751608,4.702842176893424,2028.0,0.2662592225762351,78.21743547309651,10.359749682514613,20.82611356097351,2.758378896550739,2029.0,0.12015279453286001,72.43210739034882,10.16682482480318,8.702920116854633,1.221572414226157,2030.0
00-0035662,WR,WR,2025,post-2025-season,basic_cohort_3col_plus_lags,resolved,16,0,0.8753683037008939,97.88174858689118,11.56377725833289,85.6825802237843,10.122564083001835,2026.0,0.6300919781491167,87.70152184359002,10.70478768555949,55.2600253851156,6.745000848460483,2027.0,0.40614056300716156,76.095711463565,10.260902213439476,30.905555096242804,4.1673686019277385,2028.0,0.21573535058543802,61.83915975453188,10.058151881263079,13.340892809552845,2.1698989223458733,2029.0,0.13336121331590275,58.87319526375576,10.283138862054718,7.851400752158527,1.3713718753395288,2030.0
00-0035676,WR,WR,2025,post-2025-season,basic_cohort_3col_plus_lags,resolved,16,0,0.962236824508855,181.55134590704773,13.732123554012464,174.6953905709063,13.213554962376206,2026.0,0.8849863587674097,163.85830496971187,12.96291698390898,145.01236466894505,11.472004700593821,2027.0,0.7670073260266849,149.97303576945512,12.4230496377617,115.03041714163413,9.528570083756378,2028.0,0.6068376548139176,122.16439049970381,11.780947716668072,74.1339522326119,7.14912268386823,2029.0,0.41479013242088436,111.42917290647088,11.560448275405767,46.21972138542468,4.795159871000342,2030.0
00-0035685,RB,RB,2025,post-2025-season,basic_cohort_3col_plus_lags,resolved,17,0,0.9259934132439757,123.34048466799712,12.555331363689564,114.2124763888849,11.62615414387204,2026.0,0.7384365161496557,111.12203407451314,11.576698830930368,82.05656770944681,8.548657153226014,2027.0,0.5063701611424681,99.3871069027948,10.882448582978057,50.32666533785191,5.510547242587223,2028.0,0.3112261265422315,94.57314419618373,10.662111857128801,29.433633343098183,3.318327774054195,2029.0,0.18462160365001445,69.92078332258717,10.399588818287345,12.908887145481229,1.9199887649329683,2030.0
00-0035689,TE,TE,2025,post-2025-season,basic_cohort_3col_plus_lags,resolved,18,0,0.9548441473046957,87.062002958089,12.847444907315927,83.13064397715539,12.267307577570131,2026.0,0.8475543087629098,72.06967895026716,11.747435652868894,61.082966925458514,9.956589704504058,2027.0,0.7066133877549271,65.11611910149624,11.170907226318644,46.01192151576158,7.893512599485013,2028.0,0.5064132766097457,60.44398140698666,10.409400031917109,30.609634675650657,5.271458377704734,2029.0,0.31327523683030295,59.251544793412016,10.272625350516032,18.562041727717453,3.218159139551884,2030.0
00-0035700,RB,RB,2025,post-2025-season,basic_cohort_3col_plus_lags,resolved,16,0,0.9649953109777776,176.1623069054417,13.476350643260588,169.99580013477942,13.004615179838824,2026.0,0.8712354677668444,156.74951664947028,12.583163776543682,136.565738460328,10.962898578843847,2027.0,0.7169554161447128,147.36942791760026,11.705888042257582,105.65730951967136,8.392599832680203,2028.0,0.5315600313121582,137.8094239517902,11.465384421886746,73.25398171092408,6.09454010230405,2029.0,0.3510094089602397,104.02033715471879,11.029665285663299,36.512117064522705,3.8715162929499476,2030.0
00-0035704,QB,QB,2025,post-2025-season,basic_cohort_3col_plus_lags,resolved,3,0,0.5606824913649482,20.038196284897047,4.381673103910194,11.235065815475926,2.4567273922471533,2026.0,0.5271145461659722,16.969928721107983,4.1138467613839715,8.945096276295732,2.1684684686232667,2027.0,0.3329101516376367,30.70445945972416,4.887436030124612,10.22182625468844,1.627077069908034,2028.0,0.27382281993806473,29.674470158763786,4.83600150843839,8.12554709904065,1.3242075702653346,2029.0,0.226158757651449,28.98958376521277,5.969056407376259,6.5562482491731355,1.349954381443636,2030.0
00-0035710,QB,QB,2025,post-2025-season,basic_cohort_3col_plus_lags,resolved,13,0,0.9519432575446187,195.33982354038574,11.71270329967697,185.9524279492258,11.1498289337481,2026.0,0.8920301506165085,187.7638362615278,11.267027313431893,167.4910031407041,10.050528071400967,2027.0,0.8572394142719992,174.76631203061967,10.57157584452351,149.81657095960585,9.062371484891349,2028.0,0.7981727557341272,171.2133820615077,10.368552954007848,136.65785697859357,8.275896484275668,2029.0,0.7226602013341852,164.85133308420808,9.763849416660957,119.13149755684263,7.055945385240873,2030.0
00-0035719,WR,WR,2025,post-2025-season,basic_cohort_3col_plus_lags,resolved,16,0,0.9368488251751556,142.50778298880473,12.768288660901252,133.50824907137775,11.961956231462597,2026.0,0.7866153607245072,127.96553734010885,12.070283367948413,100.65965731509512,9.49467030552576,2027.0,0.6033682292786873,113.98337473115237,11.485441465415729,68.77394697874448,6.929950479471899,2028.0,0.395962279899994,87.966937700244,10.90819882399099,34.83158920760935,4.3192352759499055,2029.0,0.22819556459553025,80.3268749454081,10.697356004705835,18.33023658036195,2.4410891931732337,2030.0
00-0035726,RB,RB,2025,post-2025-season,basic_cohort_3col_plus_lags,resolved,2,0,0.07970552716951852,0.0,5.012746424656934,0.0,0.3995435963444001,2026.0,0.03173145151894798,0.0,5.860576976746529,0.0,0.1859646142106952,2027.0,0.014664050310334222,0.0,7.267683399502253,0.0,0.1065736750098819,2028.0,0.008655322185588853,0.0,7.2800692993797105,0.0,0.06301134531954551,2029.0,0.005204498760886641,0.0,7.362746980078832,0.0,0.03831940753454214,2030.0
00-0035806,RB,RB,2025,post-2025-season,basic_cohort_3col_plus_lags,resolved,0,1,0.07147253051490572,13.907718323399465,6.109257577112729,0.9940198222618817,0.4366440986036085,2026.0,0.035870561657662656,24.274877837127747,8.121917970126876,0.8707535021889196,0.29133775932591444,2027.0,0.019627246272873558,22.724429289412697,8.421831743819638,0.44601797007380406,0.1652973657046522,2028.0,0.015040474780371599,11.623646097660277,8.463129327226596,0.17482515598782414,0.12728948320917488,2029.0,0.008268212060965612,13.278008514246977,8.180214086158017,0.10978539014310093,0.06763574476845251,2030.0
00-0035860,RB,RB,2025,post-2025-season,basic_cohort_3col_plus_lags,resolved,0,1,0.12073315770733266,58.027239265428406,6.476532202141797,7.005811829554093,0.781932183757804,2026.0,0.0759358213622629,55.55700166780275,7.539282987786067,4.218766554069211,0.5725016461600705,2027.0,0.05482608597002813,48.329549349268916,9.048061811875566,2.649720027515735,0.4960698147600183,2028.0,0.022519744475537055,39.960766358954324,9.3695570541901,0.8999062474502887,0.21100003070932674,2029.0,0.015202307717769103,46.62583335308739,9.176611854604653,0.7088202662310564,0.13950567722022775,2030.0
00-0035876,WR,WR,2025,post-2025-season,basic_cohort_3col_plus_lags,resolved,4,0,0.28165875546613045,5.496112932215459,7.457979734256527,1.5480283283891112,2.100605290242316,2026.0,0.15928053595648145,4.548457206916379,7.588674188434773,0.7244807016927615,1.2087280919330075,2027.0,0.08416406685190918,3.1392008612631748,7.912270254016184,0.2642079111489247,0.6659288426093904,2028.0,0.04555050472726062,2.639262180244998,8.352654301251095,0.12021972441772995,0.3804676192343117,2029.0,0.022118465936212826,9.742819490805033,8.865828150553805,0.2154962210300415,0.19609851794434108,2030.0
00-0035891,WR,WR,2025,post-2025-season,basic_cohort_3col_plus_lags,resolved,8,0,0.445211172375041,15.608594360138579,8.359396655292299,6.949120594203749,3.7216967852506806,2026.0,0.2293677231858238,13.732073332050112,8.343786296494356,3.149694394793103,1.9137952655759873,2027.0,0.11542740740468306,10.854646394001085,8.442113117083787,1.252923691554137,0.9744512301220492,2028.0,0.05922096986343326,10.986717482897944,8.653388328978302,0.6506440649527545,0.5124620494470091,2029.0,0.0361744364510848,16.577077331811097,8.961409177153168,0.5996664304843189,0.3241739267910954,2030.0
00-0035924,RB,RB,2025,post-2025-season,basic_cohort_3col_plus_lags,resolved,0,1,0.05443420765563768,8.125110487139096,5.551443549829348,0.442283951481929,0.3021884309799611,2026.0,0.029912953015649953,29.054914747583524,8.24554063628669,0.8691182997181809,0.24664846964187614,2027.0,0.01750103522440484,23.929184161592246,8.402926939632774,0.4187854949032963,0.14705992035861354,2028.0,0.017144122797516967,8.636470780494484,7.949300778697818,0.14806471559796464,0.13628378870439264,2029.0,0.010590504703670667,16.00550982692053,8.289971319333713,0.16950642710664895,0.08779498025069861,2030.0
00-0035956,TE,TE,2025,post-2025-season,basic_cohort_3col_plus_lags,resolved,2,0,0.28080728875848127,0.0,5.480374442394822,0.0,1.5389290885501636,2026.0,0.15288444323974093,0.041432327005097136,5.838641721726497,0.006334358246301158,0.892637488902478,2027.0,0.0802355415273635,4.005609937610842,6.363151067895266,0.3213922824915946,0.510550871752998,2028.0,0.04650660214437191,8.423537175467857,7.316775555534545,0.3917500920678099,0.34027836974091086,2029.0,0.030121748595597783,10.805939426480222,8.291605145921357,0.32549379074369533,0.249757645659408,2030.0
00-0035973,RB,RB,2025,post-2025-season,basic_cohort_3col_plus_lags,resolved,0,1,0.10729400378652713,30.274474024977593,6.27965887117387,3.248269530671063,0.673769742701828,2026.0,0.06394490900870692,42.970366849068,8.331897959625124,2.7477361982344095,0.5327824568980594,2027.0,0.04040867436919084,37.021040380235135,8.81598980445364,1.4959711655335868,0.3562424612502736,2028.0,0.028529519291224922,28.361164381516666,8.87737666293131,0.8091303863440809,0.25326728876056875,2029.0,0.01800121503507413,36.52607701300823,8.7878085695552,0.6575137666988393,0.15819123174763033,2030.0
00-0035976,WR,WR,2025,post-2025-season,basic_cohort_3col_plus_lags,resolved,0,1,0.06882853841464238,1.2238557814279218,5.839355008234978,0.0842362046659939,0.4019142705010356,2026.0,0.04023216619745433,4.975300975548553,6.857735833173409,0.20016713573062606,0.2759015677784705,2027.0,0.022901197076449567,3.2103795772522545,7.6701109642353416,0.07352153538886273,0.17565472279019018,2028.0,0.013411517811069286,1.4232000396161197,8.014715284275262,0.019087272680026104,0.1074894967857069,2029.0,0.005946020056776906,6.175793314785352,8.21230560079752,0.03672139091622244,0.048830533814723374,2030.0
00-0035993,QB,QB,2025,post-2025-season,basic_cohort_3col_plus_lags,resolved,5,0,0.7705486937793133,72.56237316868777,6.731730544708046,55.912841862659455,5.18712617809909,2026.0,0.7001331638028224,69.15392557314482,6.489620968413945,48.41695670091079,4.543598860496791,2027.0,0.5823682602517899,70.3626017140062,6.543403592528269,40.976945946975405,3.810670566306,2028.0,0.5027939682992468,68.21544177845652,6.498634967024267,34.29831267107639,3.267474463598376,2029.0,0.4275432844142835,62.764567938319324,7.043508033970867,26.834569521192478,3.0114045586422975,2030.0
00-0036040,TE,TE,2025,post-2025-season,basic_cohort_3col_plus_lags,resolved,17,0,0.9583942417434544,135.17069931900397,13.639600205355844,129.5468198797693,13.07211429649588,2026.0,0.8739459632657989,112.10608021812445,12.8286469695826,97.97465626418169,11.211544233228738,2027.0,0.7482542408132213,103.14517183600832,12.383848669416341,77.17881224570166,9.266267284479946,2028.0,0.5695002916935813,97.90659074046569,11.920715911704674,55.757831985419294,6.788851188912128,2029.0,0.38640747904579287,94.86629529517661,11.522692261454512,36.657046011422956,4.452454468569104,2030.0
00-0036096,RB,RB,2025,post-2025-season,basic_cohort_3col_plus_lags,resolved,0,1,0.07718648413291428,19.5876506731108,5.8196107916840845,1.5119018878811346,0.44919529603206027,2026.0,0.04637024823531231,38.887772736636606,8.353982813055438,1.8032356751162497,0.3873762567949133,2027.0,0.02880104476421837,32.30288771430266,8.676694563039414,0.9303569150731507,0.2498978685155483,2028.0,0.024797024591779616,19.617234741350693,8.376935885230589,0.48644905230398655,0.20772308514982404,2029.0,0.016118436942519715,30.00107229482387,8.66487794548306,0.4835703919920938,0.13966428877889847,2030.0
00-0036133,WR,WR,2025,post-2025-season,basic_cohort_3col_plus_lags,resolved,6,0,0.3741405815581853,2.854798638133062,7.49912999805972,1.0680960227026193,2.8057288586544966,2026.0,0.1458426331115675,2.7116871046796525,7.844208451911435,0.3954795875211633,1.1440200153027762,2027.0,0.07156377472565975,2.5678565367593364,7.649153867355285,0.183765506724458,0.5474023242053226,2028.0,0.03326719271398712,0.0,7.54109307316167,0.0,0.25087099653898265,2029.0,0.015739884110142023,0.0,7.707358725494623,0.0,0.12131293313457729,2030.0
00-0036139,RB,RB,2025,post-2025-season,basic_cohort_3col_plus_lags,resolved,18,0,0.963590775757584,144.14349862279377,13.383419700908327,138.8953456583501,12.896139771887588,2026.0,0.8620110555485221,124.09061205996238,12.184751209433895,106.96747948547034,10.503390251640242,2027.0,0.681965171599679,123.63297460269425,11.490525193643753,84.31338274030513,7.836137985453696,2028.0,0.4701380359940468,115.27007688392851,11.179534311340344,54.192847555092925,5.255924304461608,2029.0,0.2876098757872434,90.79869280630442,10.917380949366567,26.114600759665283,3.1399465787693357,2030.0
00-0036158,RB,RB,2025,post-2025-season,basic_cohort_3col_plus_lags,resolved,10,0,0.8614734315764521,124.16329210453432,10.92656376234756,106.96337732512258,9.412944379688462,2026.0,0.6697811456262682,111.28772117615185,10.78111879329681,74.53841738349969,7.2209900965072285,2027.0,0.4531984448698314,96.7996190797443,10.63207006997539,43.86943683093218,4.8184376214599265,2028.0,0.28037807972964923,89.75830248883102,10.716209885894703,25.166260491611435,3.00459034978704,2029.0,0.17249299448850614,78.01230179790659,10.24840388371652,13.456575544061979,1.7677778746298987,2030.0
00-0036165,WR,WR,2025,post-2025-season,basic_cohort_3col_plus_lags,resolved,6,0,0.4665761626804215,25.888378066635163,8.135666375590043,12.078900096350624,3.7959079983709354,2026.0,0.2257015410610186,26.098328414570137,8.434683061213695,5.8904329422850505,1.903720965277201,2027.0,0.1252375865223715,18.411597096952054,8.32774717090178,2.3058239844445767,1.042946956852246,2028.0,0.06021073691196921,18.329861654967488,8.580256985411374,1.1036544777400399,0.5166235959856903,2029.0,0.035757748408334365,25.213399845087537,8.8929922511053,0.9015744081793768,0.3179933795122904,2030.0
00-0036176,WR,WR,2025,post-2025-season,basic_cohort_3col_plus_lags,resolved,6,0,0.3930472878231225,1.5530104591443858,7.495578037406112,0.610406548927643,2.9461166182690355,2026.0,0.1794427387222502,1.4751577849457311,7.813439934269109,0.2647063529781102,1.4020650606470475,2027.0,0.09352283918122299,1.3969139559970793,7.829938022478137,0.13064335925672085,0.7322780344751659,2028.0,0.0479179807937737,0.0,7.90427619884402,0.0,0.3787569550848903,2029.0,0.026784515736527226,0.0,8.158216846571856,0.0,0.21851388750900538,2030.0
00-0036182,WR,WR,2025,post-2025-season,basic_cohort_3col_plus_lags,resolved,13,0,0.6826004967804689,33.4012189323183,10.213698636576972,22.799688636273675,6.971875763293438,2026.0,0.4567538834339452,23.371300362778896,9.646637668859519,10.674932201600432,4.4061392173317655,2027.0,0.23572425306024317,26.077966335327993,9.808327790750733,6.147209135725358,2.3120607422447415,2028.0,0.14880785311204667,19.996361796966113,9.389439531126218,2.975615669058275,1.3972223385522746,2029.0,0.07898061504806772,18.78368420679888,9.31565564533923,1.4835469315216516,0.7357562124448966,2030.0
00-0036183,WR,WR,2025,post-2025-season,basic_cohort_3col_plus_lags,resolved,0,1,0.140071330376035,58.162301536953834,8.307261931675566,8.14687095401323,1.163609230551987,2026.0,0.15234244638956493,54.232728487202,8.902686027916662,8.261946532121401,1.3562569689310229,2027.0,0.08360293223846019,42.76908651122564,8.642075563851824,3.5756210414988385,0.7225028577643566,2028.0,0.028863266238954927,52.89000156938923,9.093285444485671,1.5265781966760252,0.2624619187710035,2029.0,0.007868305384918124,61.35644252584706,9.573516205281038,0.4827712271255418,0.07532734911061371,2030.0
00-0036187,RB,RB,2025,post-2025-season,basic_cohort_3col_plus_lags,resolved,11,0,0.522820951843259,0.7128890971594046,8.508450878120797,0.3727133563355615,4.448396386810728,2026.0,0.2405080592382211,0.0,8.287715078962133,0.0,1.993262269160523,2027.0,0.11602895449479905,5.291702025030898,8.67898786349243,0.613990653462346,1.0070138878740764,2028.0,0.06432717273276647,4.222550520725673,8.642747327039487,0.2716247367195534,0.5559635001921248,2029.0,0.036397166902792204,10.283442276550602,8.681944821470204,0.3742881648748417,0.3159981947078835,2030.0
00-0036196,WR,WR,2025,post-2025-season,basic_cohort_3col_plus_lags,resolved,7,0,0.6436099316082946,41.85236661085801,8.970633033508802,26.9365988120596,5.773588513179709,2026.0,0.3994934584528319,39.19416436868448,9.14909176887019,15.65781227481452,3.655002312448289,2027.0,0.24910190245168995,34.85864975930297,9.05989304534089,8.683355971939514,2.256836593603251,2028.0,0.14586174798179774,32.22317592441925,8.936625238221586,4.700128765860773,1.3035117783052501,2029.0,0.0842126555080948,36.86397870389371,9.154948754419483,3.104413539248744,0.7709625456501895,2030.0
00-0036212,QB,QB,2025,post-2025-season,basic_cohort_3col_plus_lags,resolved,14,0,0.9371663349990543,171.11742882806627,11.485545672412872,160.36549362926038,10.76386674327942,2026.0,0.8983384358810976,159.16974781362538,10.5671258106535,142.988302290481,9.492855272501242,2027.0,0.8319986488609525,156.494442387714,10.56901753256715,130.20316462082624,8.793408306883586,2028.0,0.7853563584413904,155.53693572472088,10.43871120659033,122.15192144389938,8.198108220029114,2029.0,0.7296378263933723,154.04155435152452,10.112117404879092,112.39454489130287,7.378183363530569,2030.0
00-0036223,RB,RB,2025,post-2025-season,basic_cohort_3col_plus_lags,resolved,17,0,0.9857003486487053,232.3174696385697,14.606694968299752,228.99541081992314,14.397824322858355,2026.0,0.9491094399093368,203.22312654293938,13.720238755759466,192.88098780979348,13.022008120901242,2027.0,0.8738270846549293,205.40708976601698,12.806488836407384,179.490278417692,11.190656804583762,2028.0,0.7564199414619115,184.09758330476976,12.065620782544386,139.25508318667332,9.126676166033848,2029.0,0.5809454459007187,142.1247771891143,11.960066172930159,82.5667420576703,6.948145975835013,2030.0
00-0036232,TE,TE,2025,post-2025-season,basic_cohort_3col_plus_lags,resolved,6,0,0.5610367293313988,11.15651976411118,7.512869441611631,6.259217359178046,4.214995699415602,2026.0,0.35773781273841826,13.329029507054372,7.67534482616382,4.768297861779469,2.74576107012498,2027.0,0.2138515851628914,13.720027747650676,7.625989252120419,2.9340496823139515,1.6308298900011244,2028.0,0.1445034546738967,16.5076548295921,7.765173705046287,2.3854131514402934,1.1220944265220907,2029.0,0.0965506949166088,17.132408374232455,8.496969107177637,1.6541459341272715,0.8203882719829579,2030.0
00-0036244,TE,TE,2025,post-2025-season,basic_cohort_3col_plus_lags,resolved,17,0,0.9750216404463887,117.2609227312717,13.660878345104162,114.33193724170177,13.319652013982008,2026.0,0.935374150574435,101.96364679867042,13.141434262854816,95.37415951377805,12.2921579109476,2027.0,0.8854354535513801,91.53933614125225,12.438933308198663,81.05217361402192,11.013872555440253,2028.0,0.7703664540087042,86.08786778948874,11.460561981224531,66.31920544215859,8.828832494422912,2029.0,0.6151792833862392,83.36763074650074,10.974746455658583,51.286039340240926,6.751436659937715,2030.0
00-0036251,RB,RB,2025,post-2025-season,basic_cohort_3col_plus_lags,resolved,0,1,0.1413511289233605,53.73763850087239,6.777412031487499,7.595875867773754,0.957994841829524,2026.0,0.08360957639340943,50.96543981271165,7.787574513214114,4.261198833444626,0.6511158061819438,2027.0,0.05696671927180487,45.49531589378848,8.994255556904871,2.5917188887035305,0.5123732313690708,2028.0,0.024799208326414975,40.22444272175579,9.532530196032305,0.9975343348707685,0.23639920220924648,2029.0,0.015472114730190063,43.94648727016559,9.003168688933155,0.6799450930328391,0.13929805889042862,2030.0
00-0036252,WR,WR,2025,post-2025-season,basic_cohort_3col_plus_lags,resolved,17,0,0.9591126752885141,152.16796323872572,13.267325623070844,145.94622231509848,12.724860172267329,2026.0,0.8574144392965515,138.80048731541342,12.578824535524472,119.0095420056333,10.785265786136419,2027.0,0.7201471181842413,126.5550795582327,12.06298599082627,91.13827583543866,8.687124597990413,2028.0,0.5413270840430641,101.67710277955635,11.494331956868553,55.040569561604165,6.22219320123466,2029.0,0.3595073335923663,92.47234538186935,11.121876954392185,33.24448631926822,3.9983963284159225,2030.0
00-0036254,WR,WR,2025,post-2025-season,basic_cohort_3col_plus_lags,resolved,0,1,0.06745801328497579,0.0,5.586950901672466,0.0,0.3768846081475287,2026.0,0.0361488151874913,0.0401950063379104,6.816364779041169,0.0014530018555691645,0.24640351064808422,2027.0,0.021260161142528093,0.8053513370791237,7.873197287425435,0.01712189920265263,0.16738544303757982,2028.0,0.014310333876574337,0.0,8.216265447331825,0.0,0.11757750176987981,2029.0,0.006829699907702439,0.6841137792141296,8.130614127965096,0.004672291814756708,0.05552965455932736,2030.0
00-0036259,WR,WR,2025,post-2025-season,basic_cohort_3col_plus_lags,resolved,17,0,0.9467004769929205,154.20724243702276,13.446210775554444,145.98806997089238,12.729534154964739,2026.0,0.8531021263418573,138.26574204892466,12.619124028187212,117.95479854217238,10.765401541018134,2027.0,0.6979332534458014,129.37776275435996,12.337967611612694,90.29704288268947,8.61107787608177,2028.0,0.5358281710555061,108.0441943257624,11.838819969817129,57.893123038738956,6.343573251882513,2029.0,0.3611062786055175,97.20147145526052,11.476472602062719,35.10006163218956,4.144226312849049,2030.0
00-0036261,WR,WR,2025,post-2025-season,basic_cohort_3col_plus_lags,resolved,0,1,0.1935060156289349,51.38484353004215,8.122181738660078,9.94327633521471,1.5716910264622068,2026.0,0.18884778580870293,48.44478578816577,8.779353434044335,9.148690530072024,1.657961456851305,2027.0,0.1128860864890848,39.129375596817226,8.526343191221635,4.417162077886194,0.9625055149198647,2028.0,0.04443006116323188,45.32499359965293,8.669144934073131,2.013792237855673,0.385170639653791,2029.0,0.012275238097421159,54.35736770418083,9.170364065363067,0.667249630917891,0.1125684023423667,2030.0
00-0036264,QB,QB,2025,post-2025-season,basic_cohort_3col_plus_lags,resolved,16,0,0.9705271413117291,222.81057022412716,13.211317983809838,216.2437057736584,12.821942675787199,2026.0,0.9329731884251804,212.79216821701073,12.634809307270569,198.52938765333184,11.787938324548367,2027.0,0.9114914587172815,205.53825245750846,12.216667342184834,187.34636155469528,11.13538793639183,2028.0,0.8740556095555715,203.25667869142313,11.995914846303062,177.65764018987278,10.485096663162153,2029.0,0.8312391621950498,201.3335679814127,11.050311629537049,167.3563463706096,9.185451780930592,2030.0
00-0036265,RB,RB,2025,post-2025-season,basic_cohort_3col_plus_lags,resolved,6,0,0.4010822470118029,17.85233276301902,7.456532217852064,7.160253738994097,2.9906826968520077,2026.0,0.21776144501307484,29.632884025039687,8.204671704200617,6.452899645197504,1.7866611661646137,2027.0,0.144298684668577,21.298415354374647,8.719802790727753,3.073333321161286,1.2582560732714019,2028.0,0.09168493916863646,20.060781839870064,8.796651600288513,1.8392715626637737,0.8065204668601409,2029.0,0.051507745803746535,23.646419740754567,9.02869386857342,1.2179737771754802,0.46504766872232467,2030.0
00-0036268,WR,WR,2025,post-2025-season,basic_cohort_3col_plus_lags,resolved,0,1,0.11064616484172934,3.374076233626477,6.0913187211845825,0.3733285951343965,0.6739810553277013,2026.0,0.06529635942426987,9.03484998935508,7.313021867040529,0.5899428122492901,0.47751370430782347,2027.0,0.04070953216200839,9.746821357261283,8.163264912263102,0.3967885375207785,0.3323226954927694,2028.0,0.026923187277630763,7.558468273814242,8.322328744896069,0.20349805686793135,0.22406361538484665,2029.0,0.011722238995165547,11.405735529935612,8.253412266053424,0.13370075779755639,0.09674847110830909,2030.0
00-0036275,RB,RB,2025,post-2025-season,basic_cohort_3col_plus_lags,resolved,18,0,0.9755847897598455,165.49905475409147,13.814195369444484,161.4583605377235,13.476918885200929,2026.0,0.9059566036845561,145.29691923017117,12.700664359789753,131.63270347159514,11.506250747932611,2027.0,0.7794877842762419,145.6657115860821,11.812813450192863,113.54464276925722,9.207943782359422,2028.0,0.6116674837173072,136.44040836466297,11.435760398402644,83.45616126177524,6.9948827872849755,2029.0,0.4190225571404364,108.15626852190599,11.188789692397659,45.319916206816735,4.688355268215024,2030.0
00-0036290,TE,TE,2025,post-2025-season,basic_cohort_3col_plus_lags,resolved,18,0,0.9690422737487305,85.47780509952307,13.451353815163776,82.83160660869267,13.034930486044967,2026.0,0.9104803691067198,78.54615553761606,12.507128583259941,71.5147326858025,11.387495048951717,2027.0,0.8271381049003744,77.19388992102007,11.833926716733663,63.85000781916066,9.788291718008992,2028.0,0.7081489886888134,71.90420638696756,11.412784127189369,50.918891035402794,8.081951537792893,2029.0,0.5406542742073929,71.89327347229207,10.904447942606573,38.869405589555676,5.895536388042255,2030.0
00-0036297,RB,RB,2025,post-2025-season,basic_cohort_3col_plus_lags,resolved,0,1,0.05797002220190173,10.830618001031127,5.461881488387908,0.6278511659800909,0.3166253911460031,2026.0,0.03403320992317903,36.4520769106681,8.402341182286927,1.2405811856366347,0.28595864130294324,2027.0,0.021295330768154562,28.682167451343595,8.495104818124203,0.6107962430239586,0.1809060670120984,2028.0,0.022572824760274553,13.393589904537961,7.910027572371984,0.3023311578261178,0.17855166624009275,2029.0,0.014999019671780972,23.902794725307018,8.471078723834772,0.35851848829542243,0.127057876420003,2030.0
00-0036309,WR,WR,2025,post-2025-season,basic_cohort_3col_plus_lags,resolved,15,0,0.8537800587721068,83.5615821680567,11.711759720472138,71.34321253453369,9.999266902469495,2026.0,0.6795540754788723,70.49326402120346,11.00100038793168,47.903984859416965,7.475774647963627,2027.0,0.44416842994757405,68.95733183154698,10.97122206339034,30.628669812992094,4.873070478502271,2028.0,0.30441908914694654,57.32933534447109,10.438108100760154,17.45214404696374,3.17755936045077,2029.0,0.17323354795761645,51.65740833718306,10.2169505674979,8.948796124545577,1.769918596115244,2030.0
00-0036322,WR,WR,2025,post-2025-season,basic_cohort_3col_plus_lags,resolved,17,0,0.9683034874826654,176.80050511774755,14.13319934959636,171.19654569421178,13.685226219501894,2026.0,0.9265546032030066,158.93938926555552,13.201781919689836,147.266022754275,12.232171808170843,2027.0,0.8407906228453581,153.39357558474413,13.04160638800509,128.97187995637353,10.9652603578748,2028.0,0.7528910089270123,133.82490578633247,12.41794885805132,100.75556833703422,9.349362044542298,2029.0,0.6116094623927234,121.3131499071605,12.138323453675978,74.19627039588629,7.42391348185175,2030.0
00-0036328,RB,RB,2025,post-2025-season,basic_cohort_3col_plus_lags,resolved,5,0,0.5560476649144356,40.61266368983625,8.29795209827489,22.582576810688735,4.614056887817594,2026.0,0.309479797808992,37.602737369573646,8.618319127833193,11.63728755820028,2.6671956611351844,2027.0,0.17148430084884247,35.60012576732333,8.93225400536859,6.104862677340303,1.5317413331149055,2028.0,0.10092958378893276,37.87721416997808,9.567217110770986,3.8229314612601537,0.9656152410084714,2029.0,0.06000894124323961,34.86923327609375,8.82052763685912,2.0924657708619256,0.5293105246946501,2030.0
00-0036331,WR,WR,2025,post-2025-season,basic_cohort_3col_plus_lags,resolved,19,0,0.84958851832178,9.468278350476456,10.874789316824781,8.04414057483948,9.239096142742687,2026.0,0.5679671582262066,4.333887060563311,10.002078022121598,2.4615055178614713,5.680851830581201,2027.0,0.3182944541364963,6.748794253538881,9.950236007946135,2.148103783009681,3.1671049386785253,2028.0,0.18918444261524694,6.079206043160525,9.474480754291632,1.1500912068185647,1.7924243605695467,2029.0,0.10927998430257783,4.048174712943762,9.147134449136743,0.44238446908458684,0.9995987090152323,2030.0
00-0036332,TE,TE,2025,post-2025-season,basic_cohort_3col_plus_lags,resolved,7,0,0.5836139697007292,8.570717035070242,7.501446735267166,5.001990192019008,4.377949107667845,2026.0,0.3505332981412241,8.993377506246055,7.4982277653773615,3.152478278693527,2.628378508811827,2027.0,0.20461301418466654,7.313620162047556,7.507152704953419,1.4964618659582998,1.5360611429050917,2028.0,0.12744622704772524,10.213978374303537,7.415968825556012,1.301733006952044,0.9451372467206638,2029.0,0.08048535441417952,10.732865710410096,8.234448528890896,0.8638385005821512,0.662752508253103,2030.0
00-0036345,WR,WR,2025,post-2025-season,basic_cohort_3col_plus_lags,resolved,0,1,0.08960440831000961,8.380601740391866,6.232997624451436,0.7509388602296498,0.5585040641366664,2026.0,0.05544154151536321,11.364747788639864,7.276857807277851,0.6300791363355093,0.4034402142235899,2027.0,0.032046738858433406,8.810297745062954,7.921328308996253,0.2823413111010772,0.2538527397303188,2028.0,0.018073269978287267,6.616662915300367,8.146911113546102,0.11958473522354482,0.14724132404422766,2029.0,0.007159389266640559,11.587287161326884,8.26311196696885,0.08295789933228565,0.05915883512536594,2030.0
00-0036355,QB,QB,2025,post-2025-season,basic_cohort_3col_plus_lags,resolved,17,0,0.9779240562413283,245.10359221216072,14.056496347662435,239.69269909543664,13.746185924847465,2026.0,0.9488600000945435,233.2971458902751,13.395423216520445,221.36632987150315,12.71038127449404,2027.0,0.9334658751896149,225.27566541428908,12.955258125837775,210.28714617487222,12.093291364742528,2028.0,0.9034252350353816,222.3908009468971,12.72038415086098,200.91346161515727,11.491916041231924,2029.0,0.8728499205105585,221.3859354431098,11.662070863735646,193.23669615367402,10.17923762640016,2030.0
00-0036358,WR,WR,2025,post-2025-season,basic_cohort_3col_plus_lags,resolved,13,0,0.9598659236822726,191.7146357319502,13.580768247610159,184.0203459102588,13.035716658307205,2026.0,0.9054280188555306,175.70154275524067,13.06099502126938,159.08509976673787,11.825790846389882,2027.0,0.8227404181313951,163.00852060505318,12.667308281332723,134.1136984015816,10.421906511982968,2028.0,0.7045239949784301,147.08785034741115,12.222861559939485,103.62691993954758,8.611299256276853,2029.0,0.5505553089072641,136.99943670631458,12.146714997022155,75.4257671959662,6.687438427394031,2030.0
00-0036360,RB,RB,2025,post-2025-season,basic_cohort_3col_plus_lags,resolved,2,0,0.273798917330291,11.89425684269797,6.213482120928589,3.2566346459791093,1.7012446775613679,2026.0,0.15177365748474017,24.145771758358393,7.540559407856339,3.6646920925577993,1.144458280811323,2027.0,0.09280540971656077,22.041278057461636,8.325130975160906,2.0455498407993677,0.7726171910938391,2028.0,0.06315647092534908,21.133693350119927,8.56741884652705,1.3347294896120925,0.5410879392859733,2029.0,0.04803130173146564,25.698877750129014,8.622277977729834,1.2343505513764956,0.41413923516091306,2030.0
00-0036370,RB,RB,2025,post-2025-season,basic_cohort_3col_plus_lags,resolved,0,1,0.046815157229237826,5.848945624059581,5.332262672373618,0.27381930901561186,0.2496307153947668,2026.0,0.026296373690063986,28.922434798675965,8.19048075459874,0.7605551534924937,0.21537994262420573,2027.0,0.015553647278324815,23.159010701755605,8.372733126325409,0.36020708377005634,0.13022653780241122,2028.0,0.016007342862409752,5.832230981288973,7.751892811268293,0.09335852097026107,0.12408720606262098,2029.0,0.010182916939774803,14.63080492682218,8.29476532142685,0.14898427133187822,0.08446490630301405,2030.0
00-0036387,WR,WR,2025,post-2025-season,basic_cohort_3col_plus_lags,resolved,0,1,0.11970400243113023,9.049139283613966,6.260840086270693,1.0832181908053624,0.7494476169078647,2026.0,0.07852596998958845,14.676663159311484,7.365195872060816,1.1524992107953922,0.5783591500168884,2027.0,0.04981888786255279,15.3332299902773,8.181089477221967,0.7638844654563562,0.4075727792592318,2028.0,0.03187655999554939,17.577490796331944,8.450383603781198,0.5603099399404925,0.26936915993133825,2029.0,0.014703965161464239,22.313371606603027,8.580567905739837,0.32809503873829626,0.12616837155157673,2030.0
00-0036389,QB,QB,2025,post-2025-season,basic_cohort_3col_plus_lags,resolved,17,0,0.9779336738461782,266.77486195059737,14.953935471884972,260.8881208371547,14.623957054479153,2026.0,0.9572196198923565,249.3027073583695,14.016892177913036,238.63744277571385,13.41724420261406,2027.0,0.9379185129135783,243.65656953692783,13.668460585619936,228.53000736169923,12.819902226282508,2028.0,0.905885945894135,238.6663193907297,13.339284665879108,216.20446449434291,12.083870507101025,2029.0,0.8824416444711198,235.78264246054718,12.18078333212162,208.06442275063134,10.74883047454381,2030.0
00-0036407,WR,WR,2025,post-2025-season,basic_cohort_3col_plus_lags,resolved,17,0,0.9388499933451523,116.20563810285807,12.918384472472955,109.09966255953748,12.128425176011351,2026.0,0.8586489423976025,102.39794468859833,12.016489465714413,87.92388691055315,10.317945971067612,2027.0,0.7070752718845384,102.39859245958647,12.030066901337912,72.40351260395614,8.50616282505269,2028.0,0.5897142191791833,91.891743137831,11.453215756272527,54.18986755354008,6.754124186800973,2029.0,0.4333800973125243,83.10464935390009,11.196800769530448,36.01590102411643,4.852470607088052,2030.0
00-0036410,WR,WR,2025,post-2025-season,basic_cohort_3col_plus_lags,resolved,15,0,0.9563939818480807,190.23756137097584,13.825493523223562,181.94205881665619,13.222618801690633,2026.0,0.9032862758802371,172.1748447748005,12.951430847262268,155.52317433688745,11.698849737343958,2027.0,0.8033957267331355,161.85607133874066,12.693104557501542,130.0344760593578,10.197585960473626,2028.0,0.6797634864792368,144.79059693287283,12.311854132191007,98.42336098049952,8.369148889921957,2029.0,0.5395631076829756,133.68890137230534,12.348686266762616,72.13359908716389,6.662895537896519,2030.0
00-0036414,RB,RB,2025,post-2025-season,basic_cohort_3col_plus_lags,resolved,4,0,0.4918101643454651,18.54089504175596,7.686466055306838,9.118600637598018,3.7802821338962946,2026.0,0.268916944928966,24.331289206045852,8.251785427034516,6.543095959472978,2.2190449272474853,2027.0,0.1563427357687007,23.023299008277498,8.549777977241272,3.5995255533749178,1.3366956791768885,2028.0,0.09626619309077737,31.932066521526433,9.411380794503556,3.0739784815488114,0.9059978008145131,2029.0,0.0631596248633608,29.346840804252196,8.628441701610793,1.8535354561213382,0.5449691410291162,2030.0
00-0036415,WR,WR,2025,post-2025-season,basic_cohort_3col_plus_lags,resolved,14,0,0.8243943416663888,54.7000398530375,10.693333791172055,45.09440334377008,8.815523870992235,2026.0,0.5391729735377094,47.40154578455734,10.361261991724055,25.55763239094366,5.586512437681108,2027.0,0.32233070732607333,41.58653378897381,10.062133087351114,13.404616851439577,3.2433344752549704,2028.0,0.183671928742807,27.34913019994812,9.550353913006187,5.0232674932626225,1.7541319233782604,2029.0,0.09140445939947583,25.58625102469179,9.209685602554543,2.3386974429712377,0.841806333740634,2030.0
00-0036422,TE,TE,2025,post-2025-season,basic_cohort_3col_plus_lags,resolved,14,0,0.8926318372568436,44.36716108037899,10.789284474088866,39.603540509049026,9.630858822792682,2026.0,0.719448658817765,41.62783213397164,10.106958221898621,29.949087998276955,7.271437537472146,2027.0,0.5365525145076251,39.04568398659679,9.785308359879203,20.95005992367862,5.250331805725671,2028.0,0.36206283376133613,37.36505819779954,9.332043500486568,13.528498854752545,3.3787861145702256,2029.0,0.22210218686713762,38.36925081150028,9.45074711341552,8.521894513687906,2.099031601417875,2030.0
00-0036423,TE,TE,2025,post-2025-season,basic_cohort_3col_plus_lags,resolved,1,0,0.4515570675595251,48.96364943108264,7.240222583412173,22.109881954112286,3.2693736782438503,2026.0,0.3609089240189161,68.37170354071039,8.28748210278719,24.675957958218103,2.9910262485429486,2027.0,0.2595727627408632,59.97498563651803,8.43107389473603,15.567872717014573,2.1884771437290014,2028.0,0.15185280303732684,62.00013358969223,8.903790765759162,9.414894074283486,1.3520655854383956,2029.0,0.10552233682884153,57.27842677545203,9.640625930982853,6.044153443225385,1.0173013767300367,2030.0
00-0036425,RB,RB,2025,post-2025-season,basic_cohort_3col_plus_lags,resolved,5,0,0.41781985627886187,0.0,7.431702559029016,0.0,3.1051128951207536,2026.0,0.20106913331439885,0.0,7.7518462372681105,0.0,1.558657004513983,2027.0,0.1054950665995108,7.024898753528485,8.238591466243278,0.741092161858308,0.869130755417496,2028.0,0.06203229374270381,13.087706107941358,8.94287825142763,0.8118604297059971,0.5547472505977962,2029.0,0.03695714448436555,12.800457177046638,8.287370581344826,0.4730683453580466,0.30627755197024126,2030.0
00-0036427,WR,WR,2025,post-2025-season,basic_cohort_3col_plus_lags,resolved,9,0,0.6652214844182821,41.03643810891242,9.397706066982218,27.298320274049683,6.251555980004607,2026.0,0.4111377740538404,37.11975983958013,9.43727776104039,15.261335433858113,3.8800213718019565,2027.0,0.24233542824828228,33.77117381953233,9.391764708240823,8.183951870003545,2.275957322578644,2028.0,0.14171896561207134,29.042776405803238,9.223461020612135,4.115912230733106,1.3071393552044115,2029.0,0.0787139250957385,31.46587072280832,9.216644266690121,2.4768021911473252,0.725478246442314,2030.0
00-0036429,TE,TE,2025,post-2025-season,basic_cohort_3col_plus_lags,resolved,7,0,0.6394016235608714,10.4829219453312,7.786169220297411,6.702797311506657,4.978489240777848,2026.0,0.41484792189355535,13.112418671934691,7.957167992740757,5.43965963705036,3.301014605946416,2027.0,0.2570572367293681,9.39421144788183,7.869733408857639,2.4148500360438994,2.0229719238777353,2028.0,0.15206723516242657,11.51625626722393,7.493733728570793,1.7512452499787101,1.1395513691471824,2029.0,0.09329923745190831,13.433971876300582,8.145369805360248,1.2533793320092261,0.7599567916039099,2030.0
00-0036438,TE,TE,2025,post-2025-season,basic_cohort_3col_plus_lags,resolved,0,1,0.08464291950206435,0.0,3.560274418701532,0.0,0.3013520210274127,2026.0,0.03967321555504887,2.1078002959792315,5.044512893159829,0.08362321548937986,0.20013204738055312,2027.0,0.022284256671624904,4.987453654249492,5.8489671330984585,0.11114169736912925,0.1303398848578641,2028.0,0.013502888854363779,10.072798079089686,6.579967381550503,0.136011872914397,0.08884856821841551,2029.0,0.00953294017313159,9.475682950702847,7.878561445715537,0.09033111866861326,0.07510585491234735,2030.0
00-0036442,QB,QB,2025,post-2025-season,basic_cohort_3col_plus_lags,resolved,8,0,0.9067828928616214,172.14561111507584,11.123749315245943,156.09869524036014,10.086825583546197,2026.0,0.8560267841491942,159.80663628566214,10.804445759662485,136.79876094531528,9.248894958158274,2027.0,0.7945573271527998,161.62610589715027,10.509862658534386,128.4212066997551,8.3506883827081,2028.0,0.6796906532617588,152.2955445981982,10.049066495743748,103.51385819680466,6.830256571162922,2029.0,0.6267023641908664,143.6777466268501,9.51495668241046,90.04318349266325,5.963045848040319,2030.0
00-0036450,RB,RB,2025,post-2025-season,basic_cohort_3col_plus_lags,resolved,0,1,0.047633872742292756,6.772455246030717,5.352515230422611,0.3225982713423001,0.25496102933713444,2026.0,0.026805401314673256,29.393843061846354,8.178955130407365,0.7879137594533157,0.21924017460527515,2027.0,0.015910069075177793,23.604506961003636,8.384685846423642,0.3755493362350829,0.13340093099026573,2028.0,0.016104644164615742,6.436275855229944,7.780524036806732,0.10365393239378612,0.12530257102701206,2029.0,0.010255567761884896,15.197088615782633,8.310373224668936,0.15585477208252832,0.08522759573214617,2030.0
00-0036463,WR,WR,2025,post-2025-season,basic_cohort_3col_plus_lags,resolved,1,0,0.13874161850211636,0.0,6.041363343444695,0.0,0.8381885282288741,2026.0,0.06549643517556869,0.0,6.845313269764953,0.0,0.4483436168296204,2027.0,0.032364856196605764,0.0,7.087016437324682,0.0,0.22937026785699463,2028.0,0.016348249353961525,0.0,7.508254074940849,0.0,0.12274680983003072,2029.0,0.008881689473672641,0.0,7.762383596221432,0.0,0.06894308067716907,2030.0
00-0036497,WR,WR,2025,post-2025-season,basic_cohort_3col_plus_lags,resolved,2,0,0.27978836012685826,0.5709597276266124,6.643769070899124,0.15974788589112754,1.8588492534084065,2026.0,0.12898870020066494,0.5423374209359305,7.464650167904185,0.06995539899670657,0.9628555226106361,2027.0,0.0713883902148637,0.5135713073518673,7.524265021314085,0.036663028892392806,0.5371451674216197,2028.0,0.03784186982584348,0.0,7.6493684456297135,0.0,0.28946640496943427,2029.0,0.019791396936733312,0.0,7.817877955836229,0.0,0.15472672582689204,2030.0
00-0036510,TE,TE,2025,post-2025-season,basic_cohort_3col_plus_lags,resolved,0,1,0.16820322790786413,13.329163920961342,5.239323735991028,2.2420083968187403,0.881271164447981,2026.0,0.10335612481982076,20.354111684710404,6.636493990815017,2.1037221078815005,0.6859223012806673,2027.0,0.06687825837998627,20.003951054483075,7.198483274640755,1.337829407242318,0.48142202438543413,2028.0,0.035949350651953364,24.923174223420894,7.490916750946024,0.8959719295174832,0.26929359298434985,2029.0,0.0235073940919542,26.762369933872158,8.308084263804702,0.6291135768701991,0.1953014109384203,2030.0
00-0036527,WR,WR,2025,post-2025-season,basic_cohort_3col_plus_lags,resolved,1,0,0.20485595553838293,0.0,6.438520138291039,0.0,1.318969195182732,2026.0,0.10224853783361722,0.0,7.309849188909796,0.0,0.7474213913502794,2027.0,0.05247203727708273,0.0,7.494684300393337,0.0,0.3932613539902059,2028.0,0.029807569076327686,0.0,7.4764073200839745,0.0,0.22285352763616503,2029.0,0.013838181147639721,0.0,7.52996199656997,0.0,0.10420097814337811,2030.0
00-0036534,TE,TE,2025,post-2025-season,basic_cohort_3col_plus_lags,resolved,1,0,0.30041643633607124,18.26902457161191,5.709299878339134,5.488315257139771,1.7151675234246078,2026.0,0.17102186929308888,24.00646128538871,6.5204017906409355,4.105629884139346,1.1151313027774168,2027.0,0.08956006876253741,19.061798210305334,7.101524698280529,1.7071759584525583,0.6360130402968619,2028.0,0.055953877008648775,25.27953759543864,7.382729050330367,1.4144881374506866,0.4130923132703637,2029.0,0.04019626118145691,24.756870697720643,8.42769497825334,0.9951336406011363,0.3387618285035241,2030.0
00-0036550,WR,WR,2025,post-2025-season,basic_cohort_3col_plus_lags,resolved,13,0,0.857102063757563,70.20833894860962,11.242351002885965,60.1757122058438,9.635842246060468,2026.0,0.7161161806753439,61.63848394667712,10.880015623348585,44.140315706512915,7.79135523388046,2027.0,0.5183510736698314,64.3183327690811,11.021767930193736,33.33947684750668,5.7131452403556375,2028.0,0.40293798685486265,59.55424911539221,10.539665871593071,23.996669247209123,4.246831748422613,2029.0,0.25655230351258485,55.552602235814675,10.217304096740952,14.252148069716625,2.621272901707461,2030.0
00-0036554,WR,WR,2025,post-2025-season,basic_cohort_3col_plus_lags,resolved,16,0,0.9696629659969058,198.6715851862385,14.245931845690126,192.64447855099496,13.813752526881663,2026.0,0.9273788876432916,181.45421274272803,13.433471835889726,168.2768059715403,12.457918168354901,2027.0,0.8504822070539482,171.09145155294112,13.156548386579775,145.510235324809,11.189410309030428,2028.0,0.7502296529007983,151.31445228423593,12.734092666474009,113.52058901607673,9.553493921175397,2029.0,0.619810282269361,138.64861155964246,12.524735586172625,85.93583506703698,7.762959899014765,2030.0
00-0036555,RB,RB,2025,post-2025-season,basic_cohort_3col_plus_lags,resolved,16,0,0.9448363037057914,125.87932032640146,12.532139467307019,118.93535173019444,11.840820331815829,2026.0,0.8186788151743895,119.59661237786142,11.81255425679523,97.9112129203783,9.67068792313631,2027.0,0.637785978751289,101.53604141525972,11.070733183510397,64.75826355256282,7.0607583989395515,2028.0,0.4363239420623513,102.67449139496131,11.105212848604186,44.799338834696485,4.845470247544452,2029.0,0.30129472501912186,85.11525926636327,10.761932912679121,25.644778635590185,3.242513617599893,2030.0
00-0036556,TE,TE,2025,post-2025-season,basic_cohort_3col_plus_lags,resolved,0,1,0.17586205958053053,10.786233371413893,4.977452540386712,1.8968892158130968,0.875345055216751,2026.0,0.11898201792679482,19.947528883679873,6.558543134972006,2.373397239233256,0.7803486968588963,2027.0,0.08421065066586517,22.561116721454212,7.0923752717372945,1.89988631886219,0.5972535363994899,2028.0,0.05389471067408777,27.313015157479292,7.64378677931427,1.4720270495493202,0.4119596769255598,2029.0,0.039303234687343806,26.945468441615958,8.508261814580068,1.0590440699212482,0.3344022108798061,2030.0
00-0036567,RB,RB,2025,post-2025-season,basic_cohort_3col_plus_lags,resolved,1,0,0.208377550567811,0.0,5.8379387439060935,0.0,1.216495375820075,2026.0,0.11819942842783088,9.946640551271969,7.153432868188337,1.1756872279374313,0.8455316763167202,2027.0,0.0804118030868079,8.413548671473222,8.071310889732537,0.676548619031779,0.649028661917581,2028.0,0.05125534802592093,9.531843766277241,8.53363735015998,0.4885579695692449,0.43739455230944746,2029.0,0.03067886349110562,10.627017741451994,8.53115621042398,0.32602482660756327,0.2617261768008952,2030.0
00-0036569,RB,RB,2025,post-2025-season,basic_cohort_3col_plus_lags,resolved,2,0,0.18696412357968506,0.0,5.589893080483579,0.0,1.0451094606967581,2026.0,0.09607579198980896,0.0,6.745350008897114,0.0,0.6480648443532552,2027.0,0.05302840129905778,1.0791655865170497,7.864942277016504,0.05722642578995917,0.4170653152595564,2028.0,0.03387279541787014,0.0,8.067852286580415,0.0,0.2732807099649342,2029.0,0.023652643820344325,4.806169797868279,8.18104877744042,0.11367862236907468,0.19350343280966165,2030.0
00-0036590,TE,TE,2025,post-2025-season,basic_cohort_3col_plus_lags,resolved,11,0,0.8403837542399073,21.794769719264455,9.351287481568347,18.315970399469713,7.858670080737055,2026.0,0.6663900075100065,24.688582571075898,9.099152586073668,16.452224724950685,6.063584360168327,2027.0,0.5010595090970895,25.187917051918028,9.087504195896821,12.620645353212257,4.5533803913138025,2028.0,0.3614880618856731,26.265127356584628,8.848849033606587,9.49452998331215,3.198753287077357,2029.0,0.2462908754410572,28.365294918542673,9.067595220242369,6.986113317631647,2.233265964938639,2030.0
00-0036613,WR,WR,2025,post-2025-season,basic_cohort_3col_plus_lags,resolved,16,0,0.9605449433112018,152.6604961288387,13.157380857122625,146.6372675999353,12.638255649528743,2026.0,0.8704047495484772,141.53716495638096,12.631716462586125,123.19462061566028,10.994706003984653,2027.0,0.7548987546312899,130.04750053588486,12.182337550309247,98.17269619745149,9.19643144522645,2028.0,0.5945719521822481,110.23248268293182,11.72976265515098,65.54114242268663,6.974187880507548,2029.0,0.4265117817077855,101.46241857267567,11.337300081613622,43.27491692181301,4.8354920575648475,2030.0
00-0036620,WR,WR,2025,post-2025-season,basic_cohort_3col_plus_lags,resolved,11,0,0.5193074555734547,2.353265416212378,8.701142702364196,1.2220682755822567,4.518568277346285,2026.0,0.24548536349623187,2.2127366774185964,8.448895280576886,0.5431944675775485,2.074080129094015,2027.0,0.11552967588292194,2.0953709339956186,8.461704624440864,0.24207752485900924,0.9775779926786748,2028.0,0.05762483474726298,0.0,8.456360557020322,0.0,0.48729637966156875,2029.0,0.0327443889960471,0.0,8.609460647958102,0.0,0.2819115285028998,2030.0
00-0036626,WR,WR,2025,post-2025-season,basic_cohort_3col_plus_lags,resolved,11,0,0.8396318745005505,54.02910852108648,10.363139084901153,45.36456166515351,8.701221895565475,2026.0,0.6385996928319464,50.68093548425924,10.415877515519593,32.36482983268364,6.651576181985989,2027.0,0.4594685982714423,49.94059053890277,10.361758755921405,22.94613313175771,4.760902771210052,2028.0,0.3284404672930641,44.337168331642005,9.931121312643635,14.562120285295743,3.2617821246687835,2029.0,0.1959882107263002,43.924281707080524,9.571719008536116,8.608641379208672,1.8759440820579096,2030.0
00-0036628,TE,TE,2025,post-2025-season,basic_cohort_3col_plus_lags,resolved,10,0,0.8083861469739757,24.99917045889191,9.124895470880194,20.20898308480927,7.376439091245122,2026.0,0.6048115521348212,27.208895880886175,9.077135675277173,16.45625454959351,5.489956516702745,2027.0,0.4243670727149655,22.504302372513763,8.9851908273333,9.550084921316119,3.8130191291807916,2028.0,0.2578352116239586,23.081183071814664,8.357557585406546,5.951141721852665,2.1548726286927176,2029.0,0.15598537223655695,26.061744811196064,8.638116489747027,4.065250965508575,1.3474198160759308,2030.0
00-0036630,WR,WR,2025,post-2025-season,basic_cohort_3col_plus_lags,resolved,11,0,0.731857298341439,16.38677278071133,9.410591549994717,11.992779255826422,6.887210107573908,2026.0,0.47536137373765985,15.34321965768228,9.392634286762062,7.293573974034516,4.4648955375706585,2027.0,0.2921476972665513,17.479040108317328,9.468214344500328,5.106461318074599,2.766117017971901,2028.0,0.1893725694340202,15.498845598124774,9.183894322412367,2.935056214178042,1.73917766524574,2029.0,0.11112978038689308,18.13985421735535,8.990853298519625,2.0158780154249563,0.9991515525552591,2030.0
00-0036635,WR,WR,2025,post-2025-season,basic_cohort_3col_plus_lags,resolved,0,1,0.15454626949946193,1.1488932996388108,6.13951598364897,0.17755717351210573,0.9488392918052678,2026.0,0.08968701728019059,10.124606519614808,7.651760827660873,0.9080457598798236,0.6862636055743061,2027.0,0.06156187825683413,14.659847548119238,8.720348141633746,0.9024877500210648,0.5368410106524665,2028.0,0.04907372955224411,12.662445169231319,8.7866782978793,0.6213934097049776,0.4311950744527014,2029.0,0.022871006080179515,14.554944801223883,8.338560317042967,0.33288623104546866,0.19071126371103334,2030.0
00-0036637,TE,TE,2025,post-2025-season,basic_cohort_3col_plus_lags,resolved,14,0,0.932866807211432,50.09547517629397,11.559885584121034,46.7324059834489,10.783833556588448,2026.0,0.8371733645637878,53.3515649131096,11.161612579479891,44.66450910305129,9.344204757120679,2027.0,0.7128491598959764,52.933659956664215,10.727418442392919,37.733715030327375,7.647031224512396,2028.0,0.5587313583973729,50.081307567013965,10.290830737043677,27.98199700723434,5.749809836745852,2029.0,0.39510187382440415,53.4059688127268,9.944721488232224,21.100798351316048,3.929178094662369,2030.0
00-0036640,TE,TE,2025,post-2025-season,basic_cohort_3col_plus_lags,resolved,0,1,0.14513547985819275,4.723891891642128,4.123665443606801,0.6856043164917062,0.5984901629325203,2026.0,0.08103067329956488,12.886686863958836,5.754192074752942,1.0442169131872427,0.4662660581122511,2027.0,0.04989548013556628,17.31025839262479,6.936903822178671,0.8637036537707297,0.34612014686184966,2028.0,0.030908632385727115,23.72643852724849,7.664033052714343,0.7333517662612763,0.23688478021840959,2029.0,0.022968848519227508,26.22424031382966,8.473433577575989,0.6023406033001727,0.1946250122810789,2030.0
00-0036646,WR,WR,2025,post-2025-season,basic_cohort_3col_plus_lags,resolved,7,0,0.3348281597779838,0.0,7.702902554382165,0.0,2.579148687232911,2026.0,0.1580406400379654,0.0,7.858161937853556,0.0,1.2419089421803544,2027.0,0.0734823010755766,0.0,8.024461136121733,0.0,0.5896558691737607,2028.0,0.038570784207668025,0.0,8.101908201678146,0.0,0.3124969529172635,2029.0,0.02084012260639043,0.0,8.244295731123287,0.0,0.17181213383995053,2030.0
00-0036670,RB,RB,2025,post-2025-season,basic_cohort_3col_plus_lags,resolved,0,1,0.12101569072677153,27.956584768392858,6.093150646899646,3.383185416108602,0.7373668342368355,2026.0,0.08354838977469446,50.780128333469804,8.780353728329217,4.242597954813741,0.7335844156541411,2027.0,0.05517796282547989,41.91920634047264,9.036078472659455,2.3130164091282204,0.4985924020525225,2028.0,0.0475600294509004,32.496431769943705,8.82320759726019,1.5455312520276978,0.41963201317710275,2029.0,0.03336810710550871,49.05956102206923,9.154262134986137,1.6370246867336464,0.3054603993921202,2030.0
00-0036679,QB,QB,2025,post-2025-season,basic_cohort_3col_plus_lags,resolved,1,0,0.48653782532000706,18.713781332387747,4.2205214782497125,9.104962472974078,2.0534433417439963,2026.0,0.41133866828944043,16.34848387325615,4.0078505131039055,6.724763584976578,1.648583892763311,2027.0,0.3059301291488376,26.716025775399622,4.462049242698732,8.17323721581168,1.365075301087296,2028.0,0.22965180301746188,26.91216890206265,4.492780439256302,6.180428111469155,1.0317751284367942,2029.0,0.19088787009422215,29.414906251760474,5.738341679407252,5.614948803419776,1.0953798210549521,2030.0
00-0036741,TE,TE,2025,post-2025-season,basic_cohort_3col_plus_lags,resolved,9,0,0.7041596996354597,16.687692090657997,8.286189736424738,11.75080025016677,5.834800875923272,2026.0,0.47181060230791744,16.660527404507306,8.057910171932098,7.860613469488157,3.801807451562378,2027.0,0.3026154145533884,16.77999442106458,8.121430807757147,5.077884967934002,2.457670150656089,2028.0,0.20569906240744132,19.263070964676892,8.120209719462352,3.962395636522043,1.670319525845198,2029.0,0.13556782438904635,19.269767356565225,8.7538863576518,2.6123604370126126,1.1867453284558078,2030.0
00-0036754,TE,TE,2025,post-2025-season,basic_cohort_3col_plus_lags,resolved,8,0,0.7587425840473171,41.093274095907574,9.005452993238094,31.179216974493592,6.832820674606118,2026.0,0.579278824780737,44.03460322020343,9.238372201946621,25.5083132030855,5.351593392030669,2027.0,0.4110199472642632,39.37936877973895,9.165795577007009,16.185706079148275,3.7673248146964378,2028.0,0.27169275941912335,40.39726733208225,8.887380158086671,10.975645034445433,2.4146368391573323,2029.0,0.18067553277410411,40.86559808168177,9.208276376611538,7.38341370554026,1.6637102402754866,2030.0
00-0036755,RB,RB,2025,post-2025-season,basic_cohort_3col_plus_lags,resolved,7,0,0.5798040421041094,42.20032302257758,8.288833891665623,24.467917866589588,4.805899394717264,2026.0,0.377572261607855,49.28138004920578,8.905090749965636,18.60728212033485,3.3623152542877146,2027.0,0.2607955120292006,40.02123445514339,9.36360284705645,10.437358331769806,2.441985598936167,2028.0,0.16475816338063237,36.95509279187642,9.37829489495286,6.088653215950404,1.545150642534394,2029.0,0.09262822536883339,45.096195574760486,9.626349396119615,4.177180566975902,0.8916716613429009,2030.0
00-0036825,TE,TE,2025,post-2025-season,basic_cohort_3col_plus_lags,resolved,10,0,0.7265616996300848,1.4984457325831793,8.151070864591322,1.0887132782690823,5.922255901182735,2026.0,0.4623935282249589,2.646326535481961,7.7751903114097365,1.2236442635768359,3.5951976807132646,2027.0,0.2793448298247834,4.207452399197479,7.997465603359277,1.1753300744496964,2.234050667999956,2028.0,0.17643025487850664,6.916583164655869,7.866629324474925,1.220294530628623,1.3879114167518454,2029.0,0.10903014778398286,10.262061950745391,8.393933227920654,1.1188741310581574,0.9151917803290731,2030.0
00-0036841,WR,WR,2025,post-2025-season,basic_cohort_3col_plus_lags,resolved,6,0,0.3006536243688009,10.580168111041434,7.83951468963345,3.180965889015817,2.356978504730752,2026.0,0.16733891167098497,6.97563007247727,7.851341488891262,1.1672943445477404,1.3138349399083145,2027.0,0.07875652205406118,6.192550678042868,8.123620503930912,0.48770375404617466,0.6397880973766584,2028.0,0.042005651566560526,6.111850138931089,8.39998739195076,0.2567322473629739,0.3528469435497851,2029.0,0.02555019274938824,12.714247051288595,8.86971565611918,0.32485146282376465,0.2266229446461116,2030.0
00-0036842,RB,RB,2025,post-2025-season,basic_cohort_3col_plus_lags,resolved,10,0,0.5131435122165919,12.737589451417222,8.222992670959135,6.536211388273245,4.219575340107265,2026.0,0.2639127315776965,17.503592135974316,8.43939922569239,4.619420813026869,2.2272649025271756,2027.0,0.139134745748332,16.30706092080367,8.900244707927087,2.26887877511858,1.2383332845353727,2028.0,0.08065233272393874,14.248796373007238,8.74308926455074,1.1491986659914313,0.7051505443996431,2029.0,0.05256515829355971,22.4497124610173,9.055391929525666,1.1800726891582742,0.47599811018573973,2030.0
00-0036849,WR,WR,2025,post-2025-season,basic_cohort_3col_plus_lags,resolved,8,0,0.7187985994275424,41.40186938278376,9.421040632256824,29.759605726027015,6.771830811616174,2026.0,0.494827486049362,38.7833345031798,9.679045128407086,19.19105991281994,4.789457568248003,2027.0,0.3260625021856561,38.052488561258976,9.696002339042721,12.407489634675157,3.1615027838662435,2028.0,0.21854849073407454,33.73223755452241,9.390107917952239,7.372129606624143,2.0521939132985447,2029.0,0.12287128479739794,36.11591850902255,9.220157538059816,4.437609308841725,1.132892602735823,2030.0
00-0036862,WR,WR,2025,post-2025-season,basic_cohort_3col_plus_lags,resolved,17,0,0.7979954336904765,14.178464916124664,10.439035971920319,11.314350259808107,8.33030303772304,2026.0,0.4927778819683124,10.116081510646158,9.763153180040163,4.98498122063502,4.811065945392386,2027.0,0.26522116847862176,10.482505140809518,9.71834565170898,2.78018226202866,2.5775109894253885,2028.0,0.1487902558127272,9.057130293012193,9.428545893658807,1.3476127332264851,1.4028757554595326,2029.0,0.08658676917380166,8.219519952781752,9.175030323043254,0.7117016768709707,0.7944362327439771,2030.0
00-0036875,RB,RB,2025,post-2025-season,basic_cohort_3col_plus_lags,resolved,18,0,0.9643604710647129,148.33574705963528,13.403280548416486,143.04913091016599,12.925593943483426,2026.0,0.8661643848631575,126.7706103754052,12.220348057877118,109.80418775453985,10.584830258364816,2027.0,0.6895901251256448,128.8098088495553,11.565534401686225,88.82597220197523,7.975478315203753,2028.0,0.48129469303953026,118.19268952693594,11.155676442100189,56.88551422538313,5.36916786884893,2029.0,0.2939824119294019,93.4144983258185,10.970620743371153,27.462219526999196,3.2251695464989796,2030.0
00-0036876,TE,TE,2025,post-2025-season,basic_cohort_3col_plus_lags,resolved,12,0,0.8642850864595826,17.12166491205599,9.73198627938917,14.797999638848314,8.41121060290534,2026.0,0.6882070278463851,21.29565034801235,9.393836049922154,14.655816232061417,6.464903987993152,2027.0,0.5148619247867092,20.39771701869273,9.184280926745892,10.502007845498756,4.7286365557262515,2028.0,0.3461773082349864,20.145364553288985,8.647199182305258,6.97386807447009,2.9934641367022095,2029.0,0.21711114723177116,23.94863826988707,8.776982973947202,5.199516329413881,1.9055808427073997,2030.0
00-0036877,WR,WR,2025,post-2025-season,basic_cohort_3col_plus_lags,resolved,0,1,0.12334001130008038,0.0,5.9231617290626914,0.0,0.730562834594796,2026.0,0.07107430388868484,7.433017549511085,7.332843224408585,0.5282965481238784,0.5211767276996994,2027.0,0.04737895641942344,11.644581994222023,8.463556803205577,0.5517081428266482,0.4009944889323918,2028.0,0.036842103750704375,11.204206984575194,8.671368354879025,0.4127865561700859,0.31947145259102777,2029.0,0.018446550373091473,13.49351278784269,8.39395942539769,0.24890876335089412,0.15483959537028444,2030.0
00-0036887,TE,TE,2025,post-2025-season,basic_cohort_3col_plus_lags,resolved,15,0,0.8982036387305112,32.05708446238061,10.574540763318147,28.793789911201596,9.498090991516477,2026.0,0.7112392511502676,29.795805233650583,9.661468702817077,21.191946201800867,6.871615765203366,2027.0,0.5208166487172005,29.476285849853554,9.529843138774728,15.351740412950965,4.96330096633726,2028.0,0.35393825448102434,28.66856676316597,9.148122963126683,10.146902478627673,3.2378706733468343,2029.0,0.21685761294611672,30.313459677833947,9.309310631514032,6.5737045058734305,2.0187948817240393,2030.0
00-0036893,RB,RB,2025,post-2025-season,basic_cohort_3col_plus_lags,resolved,3,0,0.49665652954118467,41.252067592175194,7.918197522532832,20.488108726728107,3.932624501762763,2026.0,0.27829047996456613,44.07132968071244,8.513883982298326,12.264631489522094,2.3693328597964327,2027.0,0.15446636433215744,32.68087179789219,8.830935087930854,5.048095449825744,1.36408243668596,2028.0,0.08623295532623755,40.408714546233654,9.83961308704646,3.484562876256052,0.8484989157627398,2029.0,0.05674088644261079,32.739135160942226,8.825353531733162,1.857647550396309,0.5007583825599654,2030.0
00-0036894,TE,TE,2025,post-2025-season,basic_cohort_3col_plus_lags,resolved,16,0,0.9607536526454289,104.70331334273243,13.272604925404396,100.59409073810905,12.751703662201983,2026.0,0.8954411368698317,95.83780979367569,12.722150963902118,85.81711735676365,11.391937322546138,2027.0,0.7958774719607271,91.76624388545625,12.251337876222639,73.03468619488845,9.750563817064778,2028.0,0.65256227017612,86.84012379350261,11.860261437314596,56.66858832506336,7.739559128416305,2029.0,0.48286452179255707,87.58949877092269,11.23091299351989,42.293861438071346,5.423009431909797,2030.0
00-0036898,QB,QB,2025,post-2025-season,basic_cohort_3col_plus_lags,resolved,6,0,0.8431923986987507,70.11051825531882,6.439827797660865,59.11665606171483,5.430013847916558,2026.0,0.6835285456953131,77.20820746733784,6.861690375158224,52.774013765891446,4.690161243143428,2027.0,0.6503913067107245,68.47196260210018,6.308718668204494,44.5335692298278,4.103135778283863,2028.0,0.5732069015190326,68.42445681871718,6.338234121928501,39.221370881179716,3.6331195421328424,2029.0,0.4552739734059058,62.85483499904586,6.590011385006428,28.616170477788202,3.000260668042033,2030.0
00-0036900,WR,WR,2025,post-2025-season,basic_cohort_3col_plus_lags,resolved,16,0,0.9886798122554625,269.6310374138207,15.843841603157575,266.57876344854185,15.664486341615117,2026.0,0.976058943898561,248.00186190632465,15.005414173192605,242.064435417164,14.646168710646872,2027.0,0.951958062585058,233.98491525786994,14.625724540342624,222.74382660301086,13.923076397327302,2028.0,0.9166885231598675,207.30327361073307,14.099969799223283,190.03253173242882,12.925280491848724,2029.0,0.8557272394994964,189.78763411731475,13.826842247801522,162.4064482343502,11.832005547706208,2030.0
00-0036906,RB,RB,2025,post-2025-season,basic_cohort_3col_plus_lags,resolved,5,0,0.4082986946065451,5.190138047760911,7.365411879424494,2.1191265897285425,3.007288055608561,2026.0,0.2069815016363751,7.671136034195797,7.841698362482278,1.5877832556147533,1.6230865024460857,2027.0,0.10898416189716252,13.129501751854303,8.449031386137685,1.4309077445531682,0.9208106044610369,2028.0,0.06306893072341886,15.6414788495567,8.952050092096204,0.9864913459745128,0.564596227090991,2029.0,0.039388451189892225,17.798562457629913,8.546265167155685,0.701057808612604,0.3366241483923878,2030.0
00-0036912,WR,WR,2025,post-2025-season,basic_cohort_3col_plus_lags,resolved,18,0,0.9707259381454529,171.63669264866593,14.059921968355056,166.612189491559,13.648330942983325,2026.0,0.9139765898404827,156.20005877159676,13.224371227779097,142.76319704894698,12.086765717550136,2027.0,0.8168957165806944,147.52948682827815,12.911969527594714,120.5162058593684,10.547732599712573,2028.0,0.6984423312434913,124.28402677163842,12.341861392345777,86.80522539471163,8.620078442754027,2029.0,0.5383465872691363,111.98645218703453,11.874221718384797,60.287524355268346,6.392446738569515,2030.0
00-0036913,WR,WR,2025,post-2025-season,basic_cohort_3col_plus_lags,resolved,0,1,0.07878067480154362,0.0,5.5566053221323655,0.0,0.4377531168834364,2026.0,0.04591530787295623,3.299465677014574,6.74645220252091,0.15149598237637613,0.30976542992893125,2027.0,0.028877722630027833,6.568539941523824,7.966735047149971,0.18968447451558423,0.23006116495851858,2028.0,0.021039887180816706,9.459884431834865,8.453818206304234,0.1990349011893699,0.17786738130777532,2029.0,0.012045961295242266,12.690226003063941,8.53116271051325,0.1528659712607852,0.10276605581425671,2030.0
00-0036919,RB,RB,2025,post-2025-season,basic_cohort_3col_plus_lags,resolved,18,0,0.9746797799970902,137.19397956297223,13.590650288552467,133.72019781736307,13.24653203326371,2026.0,0.8997253967237273,108.64782425808605,12.134884786027314,97.75320678377628,10.918064028305148,2027.0,0.7526682859123873,126.54576245161675,11.49312771551749,95.24698211393452,8.6505127374107,2028.0,0.5687954784060099,116.39813408739064,11.189433000091121,66.20673236380425,6.364498896378823,2029.0,0.336202076732026,98.11050507370766,10.80108937473703,32.98495555500849,3.6313486787548097,2030.0
00-0036924,RB,RB,2025,post-2025-season,basic_cohort_3col_plus_lags,resolved,13,0,0.8353614112556405,96.08646213118138,10.566268348171109,80.26692260846534,8.826652839034022,2026.0,0.6244510498567399,96.03707955781346,10.575532250612948,59.97045515505187,6.603902216689067,2027.0,0.42376450663818005,79.9275788581899,10.429175969741442,33.87047102162507,4.419514609460245,2028.0,0.2728829695040342,74.22691643719412,10.047726143610335,20.255261374509335,2.741853346831706,2029.0,0.19215378649519846,70.45088035486671,10.362309771508434,13.537403422107829,1.9911570594315404,2030.0
00-0036928,QB,QB,2025,post-2025-season,basic_cohort_3col_plus_lags,resolved,0,1,0.2773515274415749,5.212450941719956,2.477568636706616,1.445681230400305,0.6871574457319203,2026.0,0.16473656792992575,23.699450718998673,4.321542492142832,3.9041661732722526,0.7119160783189483,2027.0,0.16812408607316767,22.772099038690403,4.182861444839621,3.8285383388474843,0.703239757584351,2028.0,0.13160650750292835,38.289929718739515,5.199264082202016,5.039203922815891,0.6842569874440255,2029.0,0.09331084327616988,50.195514022739495,7.118482097566658,4.683785742142633,0.6642315673702635,2030.0
00-0036945,QB,QB,2025,post-2025-season,basic_cohort_3col_plus_lags,resolved,9,0,0.9303552853452441,147.26559497213367,9.890529128085022,137.00932463183656,9.20170604917499,2026.0,0.8571668700765762,145.2605936776533,9.934635744901636,124.51256842813937,8.51564062680821,2027.0,0.8418570083027218,138.13911623590414,9.365356327836992,116.2933831239402,7.884290859841815,2028.0,0.7792151428672713,134.97284006164128,9.244982195777526,105.17288085183317,7.2038301224881645,2029.0,0.7156872834271093,129.27156608247606,8.86234619397825,92.51801595393533,6.342668472358876,2030.0
00-0036950,RB,RB,2025,post-2025-season,basic_cohort_3col_plus_lags,resolved,1,0,0.28849948055383084,0.0,6.331659670156551,0.0,1.8266805258838048,2026.0,0.1456327334167654,0.0,6.984119469171853,0.0,1.0171164088047455,2027.0,0.07446466975973536,0.0,7.878817974518702,0.0,0.5866935785696021,2028.0,0.04194607908268979,6.215766249482485,8.910685233772124,0.2607270226603064,0.3737683074967617,2029.0,0.024927813824212868,6.150076487244064,7.996012777716722,0.1533079616786891,0.19932311785894963,2030.0
00-0036955,WR,WR,2025,post-2025-season,basic_cohort_3col_plus_lags,resolved,0,1,0.12182616904299509,7.869802296752077,6.170392858316764,0.9587478649390696,0.7517153234189877,2026.0,0.0825104495467501,15.589321976993809,7.332449575659127,1.2862819644507901,0.6050037107665116,2027.0,0.05445775148485467,18.432076099841836,8.349590309932289,1.0037694195951161,0.45469991409864324,2028.0,0.03794943470269685,24.38169306898078,8.760352948728176,0.9252714690624825,0.3324504422003377,2029.0,0.020112006155225307,28.392014928354286,8.858452256344437,0.5710203789983102,0.1781612463053688,2030.0
00-0036959,WR,WR,2025,post-2025-season,basic_cohort_3col_plus_lags,resolved,4,0,0.3835196548581036,26.948308270113174,7.931265543864249,10.335205886763582,3.041796223970786,2026.0,0.2098698973680842,25.45506516474652,8.070018282186275,5.342251913623248,1.6936539086409967,2027.0,0.12050145227874969,19.175423940300345,8.149301295912352,2.3106664328668964,0.9820026412145353,2028.0,0.06124586075816606,19.96007385921456,8.544017530166782,1.2224719043041652,0.5232857079679246,2029.0,0.02947385469817818,26.45277259406646,9.13530122541123,0.7796651758014647,0.26925254094185963,2030.0
00-0036963,WR,WR,2025,post-2025-season,basic_cohort_3col_plus_lags,resolved,17,0,0.9896308750999759,255.2757297064142,15.563521477651577,252.6287437811436,15.4021413795656,2026.0,0.9703337597531181,236.47473284268796,14.836537139520868,229.45941660585956,14.396392864308055,2027.0,0.9412094119156041,219.94855469248216,14.26685740861761,207.01764981379824,13.428100471448762,2028.0,0.8894986286814058,187.47632520074012,13.683838556896703,166.75993417628763,12.171755631457364,2029.0,0.8030876572650937,171.16853339986284,13.231674591643849,137.46333648559778,10.626194549497324,2030.0
00-0036970,TE,TE,2025,post-2025-season,basic_cohort_3col_plus_lags,resolved,17,0,0.9831496255216703,157.09343522080331,14.724450190358112,154.44635200924554,14.476337690663065,2026.0,0.9616550963012047,136.30101431134585,14.416301490689959,131.0745650435292,13.863509798336654,2027.0,0.9327722168751085,124.98043101882143,13.739023097653625,116.57827370743264,12.815379032496692,2028.0,0.8636195423712051,118.54222090414176,12.9472283755372,102.37537856890121,11.181479444656919,2029.0,0.7609569707253641,114.49808332752717,12.118581536097302,87.12811464277539,9.221719095196931,2030.0
00-0036971,QB,QB,2025,post-2025-season,basic_cohort_3col_plus_lags,resolved,18,0,0.9794149402704956,261.333423703662,14.216057344826261,255.95385956740623,13.923418955264953,2026.0,0.9480768710335101,249.76982822590827,13.412362910908666,236.80099722299641,12.71595106174019,2027.0,0.9326633279281339,232.22730813353053,12.603510799069912,216.58989403961078,11.754832325438718,2028.0,0.9069562172698891,230.70587449382145,12.443662686756237,209.2401272328581,11.285857239362901,2029.0,0.8627774218495028,224.95572361667953,11.315167121064679,194.08671925228808,9.762470716508444,2030.0
00-0036972,QB,QB,2025,post-2025-season,basic_cohort_3col_plus_lags,resolved,12,0,0.9212760369573719,133.45913067583723,9.738304203279913,122.95269900481135,8.971666303083035,2026.0,0.8470590959199626,129.98305240800585,9.388193180298664,110.10332685764256,7.952354427625745,2027.0,0.7905632029299997,125.96423780390828,9.226583252659367,99.58269129289388,7.294197208322684,2028.0,0.7372229917117531,126.38105196634946,9.168033130078259,93.17101722631068,6.758884812268762,2029.0,0.6579361158849324,125.29343075583196,8.975260284036404,82.43507317738981,5.905147890335207,2030.0
00-0036973,RB,RB,2025,post-2025-season,basic_cohort_3col_plus_lags,resolved,18,0,0.9780873650715447,167.60450739728103,13.84726148192437,163.9318510143208,13.5438314963121,2026.0,0.9199014149268603,139.68460160024335,12.631507040984165,128.49606265555863,11.61974119965993,2027.0,0.7971414923242031,152.15920309613207,12.019288511352347,121.29241422691221,9.581073580614559,2028.0,0.6228414643523805,136.88693540059475,11.46518015811842,85.25885929561615,7.1409895987463345,2029.0,0.40821587734248244,112.77999760583182,11.345645125611373,46.038585669347704,4.631472478967906,2030.0
00-0036980,WR,WR,2025,post-2025-season,basic_cohort_3col_plus_lags,resolved,10,0,0.7949386838452648,42.72485905944449,9.971207591169648,33.96364322818924,7.926498638872313,2026.0,0.6109199970632129,39.83629906441759,10.023928566109523,24.33679170744326,6.123818410169486,2027.0,0.43118204755469236,42.77777571375361,10.158982435174611,18.445008922091674,4.3803708474707435,2028.0,0.3216817267579552,41.11767170682839,9.796512455241434,13.226803634919275,3.1513590428078797,2029.0,0.2015478525985291,41.888938389259124,9.569726089947462,8.442625579987265,1.9287577433850291,2030.0
00-0036984,RB,RB,2025,post-2025-season,basic_cohort_3col_plus_lags,resolved,3,0,0.38994535223440385,0.0,6.98002208123769,0.0,2.7218271690721476,2026.0,0.20596829597866365,4.349227366379722,7.676120622137897,0.8958029494770023,1.581037484268422,2027.0,0.11599462156619855,10.024646276955082,8.211952525462584,1.162805051230406,0.9525423255106209,2028.0,0.06984291173260702,19.46857220189274,9.121073805204894,1.3597417698566814,0.6370423526835195,2029.0,0.04648548123804181,19.00054396926174,8.401608298202758,0.8832494301957051,0.39055280491548067,2030.0
00-0036988,WR,WR,2025,post-2025-season,basic_cohort_3col_plus_lags,resolved,12,0,0.8300536770807073,57.46554535197543,10.57706005491275,47.69948722485535,8.779527591283795,2026.0,0.6359448336371728,52.40805280365291,10.392218137196329,33.32863042146722,6.608877434380529,2027.0,0.4418106713702633,52.23725473779873,10.404687854248259,23.078976586246323,4.596902126283448,2028.0,0.3105970441960319,48.196553227422356,10.055219394093223,14.969706972874105,3.1231214225479698,2029.0,0.19222967807135033,47.006776671230114,9.828372773473513,9.036097546682425,1.8893049342100379,2030.0
00-0036997,RB,RB,2025,post-2025-season,basic_cohort_3col_plus_lags,resolved,16,0,0.9768326740744162,167.7984176765672,13.512698186381135,163.91097704445693,13.199645103363197,2026.0,0.9205533053779721,144.29001125057457,12.575942099074467,132.8266467897412,11.576825067544993,2027.0,0.81504648554665,149.47490068717303,11.861416672851814,121.82899248251492,9.667605972812309,2028.0,0.6698649583060892,138.75598055148163,11.55807178583063,92.94776912683876,7.742347274914221,2029.0,0.47310214196909933,118.20018119396963,11.235175557300503,55.92075890400268,5.315385621557737,2030.0
00-0037004,TE,TE,2025,post-2025-season,basic_cohort_3col_plus_lags,resolved,7,0,0.7308547393479798,35.03914807774117,8.553817693414782,25.60852743533279,6.251598200750799,2026.0,0.5541475811202624,39.471779825079835,8.96626726827185,21.873191312579564,4.968635318390628,2027.0,0.3951739935649575,33.12714695607523,8.910580052548632,13.090986958045475,3.5212295043458917,2028.0,0.251726627974979,34.671911683617154,8.470733278804719,8.727843413563225,2.1323091247489496,2029.0,0.16610051717346788,35.322221376504565,8.872501487470123,5.867039238353131,1.4737270856911504,2030.0
00-0037005,TE,TE,2025,post-2025-season,basic_cohort_3col_plus_lags,resolved,16,0,0.9503947688852019,70.1990926853928,12.307379711286123,66.71685046868475,11.696869296290197,2026.0,0.8728965283674972,66.3218554461751,11.525538623432015,57.89211737385724,10.060602651959307,2027.0,0.7734085419702835,67.0951054766158,11.099488189326456,51.89192770001181,8.584438977123357,2028.0,0.6630383256937706,64.08594670504706,10.94766920971731,42.491438803814624,7.25872426306021,2029.0,0.5154985174751606,63.253071955235875,10.672330372372006,32.606864818673756,5.5015704849628975,2030.0
00-0037012,QB,QB,2025,post-2025-season,basic_cohort_3col_plus_lags,resolved,4,0,0.7305972837415736,22.869256493805537,4.542449190217949,16.70821667556367,3.3187010399073444,2026.0,0.6271821680520038,28.651234300687957,4.7453689707204365,17.96954324607141,2.976210799263149,2027.0,0.5474048547477679,32.60385531380656,5.006707105537588,17.84750868227152,2.740695775871421,2028.0,0.503048880980502,35.43322534913375,5.205838208634515,17.824644361411693,2.6187910854191343,2029.0,0.4252783976763778,35.28003731491314,6.079419921223198,15.003837739249079,2.5854459628996525,2030.0
00-0037013,QB,QB,2025,post-2025-season,basic_cohort_3col_plus_lags,resolved,4,0,0.5814900190105293,25.942287313494028,4.86194835471393,15.085181143100256,2.827174441210815,2026.0,0.5349562139768769,20.981017895367017,4.177121208388793,11.223925898686641,2.2345769469621857,2027.0,0.3967806273834622,30.940237937453013,4.947827933944652,12.276487020216205,1.9632022718159785,2028.0,0.34261299846051735,34.40684700369131,5.168767030995284,11.788233019506947,1.77088677083316,2029.0,0.3085761367539532,43.38023346707531,6.659569692879984,13.386104854754647,2.0549842882726157,2030.0
00-0037015,TE,TE,2025,post-2025-season,basic_cohort_3col_plus_lags,resolved,2,0,0.33570218930275963,6.057732000013683,5.606449443108396,2.033593894613978,1.882097352266726,2026.0,0.19068871823834274,12.924109084727007,6.123202673882106,2.464481795739114,1.1676256693961717,2027.0,0.10180627939234833,16.4170588147923,7.083247365724238,1.6713596764993597,0.721119060320037,2028.0,0.05854766335026766,21.82746392821346,8.066401683974034,1.2779470098591528,0.4722689702413439,2029.0,0.039464362105744416,25.564657579856046,8.783219649292441,1.0088929038408028,0.34662416069396634,2030.0
00-0037031,TE,TE,2025,post-2025-season,basic_cohort_3col_plus_lags,resolved,2,0,0.33560593144571266,0.0,5.555643694710515,0.0,1.8645069769438227,2026.0,0.19909578265705,3.4806461900338945,6.0494656450442905,0.6929819773570774,1.204423097257029,2027.0,0.11094909118190173,8.709895430217017,6.791888940350703,0.966354982271977,0.7535539053403201,2028.0,0.06700281721956773,13.73757589961805,7.782115465735055,0.920456287042047,0.5214236601322171,2029.0,0.04545985170875284,17.45504085968932,8.543162966912925,0.793503569051698,0.3883709215995705,2030.0
00-0037077,QB,QB,2025,post-2025-season,basic_cohort_3col_plus_lags,resolved,0,1,0.3044562203745411,5.1220183901985035,2.3880946727713814,1.559430359768728,0.7270702779685514,2026.0,0.19031417040200704,24.458993428694676,4.234576516248564,4.654893043250169,0.8058999166936665,2027.0,0.2038869066459672,21.735951363590853,4.102576325134233,4.431675886529732,0.8364615962105986,2028.0,0.17323320725621877,39.66399251618964,5.304914232480721,6.871120636166189,0.9189873067117975,2029.0,0.12963493934818174,53.13341573404813,7.369625880237293,6.887947126045054,0.9553610040033519,2030.0
00-0037085,RB,RB,2025,post-2025-season,basic_cohort_3col_plus_lags,resolved,18,0,0.8685515069770645,42.62230726986841,11.000741903789605,37.0196692100837,9.554710958402202,2026.0,0.6390501321210423,40.48259834486237,10.191872920178065,25.870409820887385,6.513117736200666,2027.0,0.3994754411345242,35.60452084013445,10.090896153512896,14.22313166899607,4.031065192367238,2028.0,0.23093569853545895,34.84668197496689,9.649485817046063,8.047342843531965,2.2284107476675366,2029.0,0.1423610979053819,48.09098133510804,10.111338546705515,6.846284902213209,1.4394612568020058,2030.0
00-0037086,TE,TE,2025,post-2025-season,basic_cohort_3col_plus_lags,resolved,9,0,0.8088185860621367,28.20869716654602,9.158128274907051,22.815718556900755,7.407264362285997,2026.0,0.6347773763372846,33.322326615536284,9.339003795727892,21.15225906246419,5.928188327056094,2027.0,0.46019405343069786,30.916822695146514,9.318304576756812,14.227737955277668,4.288228354279541,2028.0,0.3023844514344176,31.628791468172672,8.910109934101541,9.564054757636981,2.6942787046436494,2029.0,0.19651086824311736,35.81398955887276,8.989823732499778,7.037838183464026,1.7665980670261134,2030.0
00-0037091,WR,WR,2025,post-2025-season,basic_cohort_3col_plus_lags,resolved,13,0,0.8167169656127405,25.032305426226642,10.093443388828854,20.444308529999162,8.243486457108279,2026.0,0.5756350368084991,25.41153023876039,10.06913382735468,14.627767144349125,5.796146221339015,2027.0,0.38259625727935953,27.45651533868883,10.147682841522352,10.504760006515673,3.882465475224428,2028.0,0.25926336018262747,27.73428196008865,9.917948127284902,7.190483133225011,2.571360557596881,2029.0,0.16165326423324453,27.80024804804978,9.422597813148949,4.494000843461132,1.523193694052559,2030.0
00-0037093,WR,WR,2025,post-2025-season,basic_cohort_3col_plus_lags,resolved,11,0,0.6444834334638492,2.0341612441450967,8.874132786062757,1.310983222845727,5.719231566975839,2026.0,0.3612502769110543,3.4453936981678286,8.821011571653244,1.2446494275307296,3.186592872895349,2027.0,0.2028759315960619,4.436998435730332,8.919446249920002,0.9001601911390604,1.8095409672735212,2028.0,0.11645077240628121,6.613410175959558,8.928578522388028,0.7701367232300507,1.0397398654222187,2029.0,0.07331879980074472,11.12743431189324,8.904258490639178,0.815850128609638,0.6528495456492552,2030.0
00-0037098,WR,WR,2025,post-2025-season,basic_cohort_3col_plus_lags,resolved,1,0,0.24212957432917884,6.556310327851886,6.878291917003255,1.5874766288527762,1.6654378939758294,2026.0,0.14590596707814266,7.725370947250906,7.32753716949485,1.1271777190960304,1.0691313970161822,2027.0,0.08480674867228258,5.800712121266153,7.661076463285875,0.4919395349884818,0.6497109861810247,2028.0,0.04733812752334994,6.530809326718895,8.175249722654932,0.3091562847389022,0.3870010139062704,2029.0,0.02350510747866413,15.855828582295771,8.790412931106555,0.3726929549901368,0.20661960072749858,2030.0
00-0037112,TE,TE,2025,post-2025-season,basic_cohort_3col_plus_lags,resolved,12,0,0.8906373980114837,84.03608129519972,10.529943288812257,74.84567678383819,9.378361291956233,2026.0,0.7632533908318901,74.66393407083304,10.25410686171757,56.987500852412005,7.826481832158487,2027.0,0.6325692579166952,68.43023586498803,10.454782806307184,43.2868635201799,6.613374201465959,2028.0,0.4937393441468041,69.37979380124293,10.279270513442981,34.25553388846619,5.075280281614919,2029.0,0.37348283301545565,64.63871661974287,10.49113720236684,24.141451005624784,3.918259643893809,2030.0
00-0037120,RB,RB,2025,post-2025-season,basic_cohort_3col_plus_lags,resolved,10,0,0.7399242538327977,19.727808190670032,9.21590215670923,14.597083755238078,6.819069526699148,2026.0,0.4923384893739097,23.406884999911597,9.119971027628162,11.524110401805302,4.490112758876273,2027.0,0.29864255068273154,22.228577969742382,9.228075740790358,6.638399222933839,2.7558960771230696,2028.0,0.17359960954409753,32.1956374980371,9.794082164689087,5.589150098682546,1.700248839632835,2029.0,0.1118915823949617,40.77042059657941,9.361156074977938,4.561866875459409,1.0474345662754903,2030.0
00-0037132,WR,WR,2025,post-2025-season,basic_cohort_3col_plus_lags,resolved,7,0,0.3464822601429643,0.9135355642025799,7.7174955069036795,0.3165238670058879,2.6739752858751586,2026.0,0.15872022078036432,0.8677398734974888,7.884464102834268,0.13772786430144685,1.2514238831367122,2027.0,0.07492007629137429,0.8217140917629877,7.994928479823878,0.06156288244458037,0.598980651652486,2028.0,0.038072367174757656,0.0,8.108344583723142,0.0,0.30870387217096495,2029.0,0.020823126043508663,0.0,8.279284365080274,0.0,0.17240058188411714,2030.0
00-0037156,WR,WR,2025,post-2025-season,basic_cohort_3col_plus_lags,resolved,0,1,0.07576502488587532,0.0,5.742983749820229,0.0,0.4351173067243072,2026.0,0.0413421427602449,3.3510916200047483,7.172202515322034,0.13854130815689666,0.2965142202938311,2027.0,0.02503673815540596,5.583597345277916,8.345819968900063,0.139795064698943,0.20895210925350918,2028.0,0.018167946681996953,3.2964966316207267,8.713646499519244,0.059890575040667915,0.15830906500903502,2029.0,0.008693980111841313,4.510124139440563,8.301889656698705,0.03921092957023167,0.07217646356603964,2030.0
00-0037157,RB,RB,2025,post-2025-season,basic_cohort_3col_plus_lags,resolved,12,0,0.8825447745258826,96.20340447118875,10.582183839005149,84.90381190764757,9.339251050186238,2026.0,0.7516666335202161,98.06169322851562,10.752961029330208,73.70970282637052,8.082642017290716,2027.0,0.6343298250486902,86.75948818429207,10.659481213720845,55.03413096125589,6.761626853409343,2028.0,0.49203292031664325,80.3481416022805,10.244106788535866,39.533930754585256,5.040437779198852,2029.0,0.31923081820911353,88.36311763768984,10.768817135662381,28.20823034298788,3.4377383053618242,2030.0
00-0037197,RB,RB,2025,post-2025-season,basic_cohort_3col_plus_lags,resolved,13,0,0.8590525792870329,79.28315334904575,10.7195167464678,68.1083973785071,9.208628509763708,2026.0,0.6536267407658946,71.96994205340695,10.343384026334864,47.04147865747868,6.760712389623272,2027.0,0.433493533854917,68.24556663231398,10.264353273815956,29.584011849372995,4.449530773401766,2028.0,0.26757424794708173,64.91017308741218,10.163510160416738,17.368290747979216,2.7194935876760327,2029.0,0.16547461436944513,64.79827944167863,10.101728705851002,10.722470302415315,1.6715796620654486,2030.0
00-0037216,WR,WR,2025,post-2025-season,basic_cohort_3col_plus_lags,resolved,0,1,0.07428824087718358,0.0,5.6842951536454525,0.0,0.42227628759102065,2026.0,0.04619004798702907,7.470342144598323,6.92958212340805,0.3450554621385222,0.32007773081027663,2027.0,0.0289465697761875,11.044278762941023,8.230202691419567,0.3196939858391381,0.23823613647934266,2028.0,0.021182244669990684,16.88095151493164,8.873034885017214,0.35757644525153187,0.18795079589979727,2029.0,0.012554093442507326,19.205181774494207,8.83288333149265,0.24110364657733893,0.11088884271032413,2030.0
00-0037228,RB,RB,2025,post-2025-season,basic_cohort_3col_plus_lags,resolved,17,0,0.9612538002720995,141.31846079767078,13.142091773493172,135.84290749036475,12.632885660795008,2026.0,0.8615890435928831,114.85458772189253,11.9287355550978,98.95745438756028,10.277667858189133,2027.0,0.6743679431077778,124.3516526794342,11.484144757817345,83.85876823948283,7.744539078681252,2028.0,0.458824494371763,111.67013053788844,11.111971406795748,51.236991180475435,5.098444662196547,2029.0,0.261393839451434,92.00675215115191,10.855543289376731,24.049998200246087,2.8375721397414333,2030.0
00-0037231,WR,WR,2025,post-2025-season,basic_cohort_3col_plus_lags,resolved,5,0,0.6776170620132159,52.15065178216076,8.946055011258705,35.338171442702055,6.061999513337732,2026.0,0.44753201426531,55.03847287734517,9.641112963056955,24.631478628884917,4.31470670411627,2027.0,0.32045236735556504,49.23194826870622,9.605127272655169,15.77649437223362,3.0779857732738507,2028.0,0.19875470272484635,54.78411201661018,9.788764938731529,10.888599897906039,1.945563065440984,2029.0,0.12669716730669445,58.94722412249584,9.691320205955183,7.46844631691307,1.2278628175566524,2030.0
00-0037238,WR,WR,2025,post-2025-season,basic_cohort_3col_plus_lags,resolved,12,0,0.9780962062380183,204.54176261910425,13.911811132822372,200.06152203498317,13.607089690913389,2026.0,0.9495215626999944,193.1841493626028,13.770809276963192,183.43251539164774,13.07568034430567,2027.0,0.9153058864254952,181.32641383811148,13.414493648480384,165.9691339504488,12.278364999871513,2028.0,0.8585602442364663,172.35270196200673,13.04627163290833,147.97517789131538,11.201010159525056,2029.0,0.7701995365752822,161.50499358859463,12.702574577601965,124.3910712165295,9.783517052981994,2030.0
00-0037239,WR,WR,2025,post-2025-season,basic_cohort_3col_plus_lags,resolved,16,0,0.9807206786112354,203.44835927865753,13.987622827367797,199.52601297410743,13.717950951414153,2026.0,0.9328187050834263,193.81763956028408,13.461220518190611,180.79671955695045,12.556878292621015,2027.0,0.8804986712910117,176.47812439012463,12.866584020255027,155.3887540374346,11.329010133888715,2028.0,0.7629534985673546,157.70763557286105,12.733002271850104,120.32359231109973,9.714688630574111,2029.0,0.6667501226705446,147.68113531712794,12.549695601750246,98.46641508882034,8.36751108194497,2030.0
00-0037240,WR,WR,2025,post-2025-season,basic_cohort_3col_plus_lags,resolved,17,0,0.982377241796689,184.35659258334397,14.287657099638773,181.10772092906137,14.035869173280018,2026.0,0.954374414979804,172.79992375285045,13.640799419955385,164.9158261401814,13.018429966276772,2027.0,0.9115133458947762,166.4462314399126,13.448087825015033,151.71796133137101,12.258111529266257,2028.0,0.8562066365286659,151.98486446798483,13.02752130243251,130.13044960939845,11.154250196661284,2029.0,0.7800315622621554,139.85114348733745,12.585881992937727,109.0883059385767,9.817385193398346,2030.0
00-0037247,WR,WR,2025,post-2025-season,basic_cohort_3col_plus_lags,resolved,17,0,0.9908325072626558,223.92164466658198,14.880868807232101,221.86884461536692,14.744448550516429,2026.0,0.97008478473102,213.1806632786798,14.375528559315342,206.80331784551413,13.945481527858053,2027.0,0.9470173118140491,198.95203583742952,13.847204018478322,188.41102215869486,13.113541925720039,2028.0,0.9002027249499784,176.48865859039606,13.464270316613122,158.87557138584094,12.120572828478242,2029.0,0.8427688634351016,163.49138180858805,12.994580787964393,137.78544602825798,10.95142808148836,2030.0
00-0037248,RB,RB,2025,post-2025-season,basic_cohort_3col_plus_lags,resolved,19,0,0.9881411653789065,201.1461329836008,14.924389576973107,198.7607742578758,14.74740370915901,2026.0,0.9528428150624544,174.80461336980125,13.581852139043313,166.56131988918537,12.941370225928049,2027.0,0.8708365995712181,177.08448258961053,12.560672847356038,154.211648655165,10.93829363071806,2028.0,0.722575042356235,166.13603082090978,12.250910638896757,120.04574950731566,8.852202273803275,2029.0,0.5327036937635184,127.01789780954913,11.813234223517489,67.66290333722394,6.292953506161376,2030.0
00-0037252,TE,TE,2025,post-2025-season,basic_cohort_3col_plus_lags,resolved,9,0,0.8308706115074204,63.87836219396781,9.713762113705393,53.074653858194516,8.070879467452011,2026.0,0.7052036180686097,64.29226412678474,9.8847726526655,45.33913727603128,6.970777438445359,2027.0,0.574317441846026,59.50013719059833,9.886877664413415,34.171966580792024,5.678206288070524,2028.0,0.4477296635588052,60.676483121020425,9.786451833618253,27.166661373706,4.381684786900353,2029.0,0.3422759368434275,57.33812581497402,10.046848862493492,19.625460730166548,3.438794606734284,2030.0
00-0037256,RB,RB,2025,post-2025-season,basic_cohort_3col_plus_lags,resolved,17,0,0.9519737315682073,115.85294461069054,12.710138764686931,110.2889599942039,12.099718228568742,2026.0,0.8346977491073565,105.79028116219892,11.738336889534576,88.30290956352182,9.79796337995836,2027.0,0.6488368268968028,95.16636116574942,11.067940737324111,61.74743980609997,7.181287548287236,2028.0,0.4358494013049557,95.96099731642012,11.090264256418964,41.82454322898817,4.833685036473955,2029.0,0.2850163561262224,82.24176236375652,10.737129968628802,23.44024743031658,3.0602576589122417,2030.0
00-0037257,WR,WR,2025,post-2025-season,basic_cohort_3col_plus_lags,resolved,0,1,0.15299794080077103,36.47730590664583,7.33704399627646,5.580952689676614,1.1225526229949583,2026.0,0.14289461982481466,39.553522783354246,8.168628674745133,5.65198560085955,1.1672530889677855,2027.0,0.09050094176724356,36.66184361719151,8.609261184716832,3.317931374279239,0.7791462451370483,2028.0,0.04630981889505471,49.41444740632171,9.133420362079137,2.2883741101859645,0.42296704286028985,2029.0,0.019686108200283145,56.08859727112534,9.555824087856092,1.1041661946814794,0.18811698693640702,2030.0
00-0037258,RB,RB,2025,post-2025-season,basic_cohort_3col_plus_lags,resolved,5,0,0.5270849002068468,11.243669784187603,7.658402289915212,5.926368566157262,4.036628206723847,2026.0,0.3151562832805987,19.62732755652351,8.27796536416989,6.185675603444825,2.6088527972973106,2027.0,0.18859514472332486,20.598188764658303,8.692027662530768,3.884718391109097,1.6392742149541333,2028.0,0.11558990492958741,29.234046742101395,9.392715793444797,3.379160683626615,1.0857031255949183,2029.0,0.08003963801659697,34.38297231947783,8.920664831507715,2.752000658385679,0.7140067839812645,2030.0
00-0037261,WR,WR,2025,post-2025-season,basic_cohort_3col_plus_lags,resolved,18,0,0.9799284127460163,163.1356391454502,14.051683887917973,159.86124793010788,13.76964428869623,2026.0,0.9417197383191813,152.25679797001473,13.395615918164058,143.38323194163874,12.614915917077717,2027.0,0.8826563224717899,147.06165324292218,13.192059503273216,129.80489802801927,11.644054726988164,2028.0,0.8110162036402352,130.88005845353575,12.672449363382404,106.14584813919863,10.277561773513511,2029.0,0.7044285292144783,119.11632169509735,12.0697169504976,83.90893529711609,8.502252959474083,2030.0
00-0037263,RB,RB,2025,post-2025-season,basic_cohort_3col_plus_lags,resolved,17,0,0.9540705897653451,98.03202455785188,12.487516048854271,93.52947148580054,11.913971801434606,2026.0,0.8433445543845771,87.12505604364227,11.471866843178953,73.4764415648568,9.674736430819959,2027.0,0.6702597130302351,85.42023379319458,10.872377951945797,57.2537413892022,7.2873169260274455,2028.0,0.4753085906258205,86.95027845918099,10.876079021113545,41.32821430895596,5.169493791060533,2029.0,0.30777114757267493,82.30167572591421,10.57788186615753,25.33008118531878,3.255566840835491,2030.0
00-0037267,RB,RB,2025,post-2025-season,basic_cohort_3col_plus_lags,resolved,13,0,0.8400152062374414,58.28633666775105,10.562486684855038,48.961409116785845,8.872649430958734,2026.0,0.6058102749025779,58.75179199298006,10.140579128726262,35.592439258286326,6.143267029645001,2027.0,0.3851788475527791,45.99119336514623,9.890445972850126,17.714834857964046,3.8095905816054363,2028.0,0.22335642754666615,52.98522115099003,10.231566680207083,11.834589709055187,2.2852861818965566,2029.0,0.14419521431539767,51.76303142870677,9.846869299406507,7.463981410477038,1.419871428963631,2030.0
00-0037272,WR,WR,2025,post-2025-season,basic_cohort_3col_plus_lags,resolved,0,1,0.07298542131453271,0.0,5.603789837353075,0.0,0.4089949622373109,2026.0,0.044350932807711185,5.419031943432767,6.787394340289918,0.24033912160602722,0.30102727032563736,2027.0,0.027623199497162,8.592632823878347,8.043754187236036,0.23735601069985404,0.2221942266201532,2028.0,0.019863643131561796,13.469050718174373,8.641993779769965,0.26754441678672186,0.17166148038652743,2029.0,0.011690000887676128,16.428948798661366,8.710812507847722,0.19205442603993703,0.10182940594912018,2030.0
00-0037276,RB,RB,2025,post-2025-season,basic_cohort_3col_plus_lags,resolved,3,0,0.42121417625100516,12.925667272193905,7.29451741508764,5.444474292551733,3.0725541441447515,2026.0,0.2275449972879131,9.100363461354249,7.781691676968664,2.070742179132876,1.7706850115312105,2027.0,0.11817964935640535,18.758740667902053,8.521470871386828,2.2169013945004057,1.0070644395813173,2028.0,0.0662237569413224,20.140514547697236,9.2418296463109,1.3337805400798697,0.6120286801904007,2029.0,0.03846551483671399,23.03642020528258,8.521327519909477,0.8861077631910751,0.3277772501455772,2030.0
00-0037277,TE,TE,2025,post-2025-season,basic_cohort_3col_plus_lags,resolved,2,0,0.4412258150154723,1.0735107384470233,6.186405409510369,0.47366065049914935,2.7296017688273393,2026.0,0.33178440804270815,11.090088597681543,6.892376096132422,3.679518480522958,2.286782923063007,2027.0,0.22896904122332493,16.255862157611276,7.2353347171612805,3.722089172486784,1.6566676531182551,2028.0,0.15501169951540192,20.033882640329864,8.10013385454662,3.1054861959696396,1.2556155150955148,2029.0,0.11187406547867429,22.123168971982146,8.728501520573301,2.475008854167306,0.9764929506433256,2030.0
00-0037282,TE,TE,2025,post-2025-season,basic_cohort_3col_plus_lags,resolved,3,0,0.4849218239320954,14.344483694868586,6.71155103922137,6.955953196679878,3.254577571352577,2026.0,0.35279100028479976,24.69769293138657,7.29122873793559,8.713123793990697,2.572279879761575,2027.0,0.23864255249290353,27.39517229766662,7.674008393170191,6.537653843098043,1.8313449507980997,2028.0,0.1541311561947798,30.63359290742123,8.47107464334451,4.721591093221041,1.3056565289909712,2029.0,0.10787913450035458,31.54764926679117,9.069746905435798,3.403333098422177,0.9784364462956832,2030.0
00-0037291,WR,WR,2025,post-2025-season,basic_cohort_3col_plus_lags,resolved,17,0,0.9392104334104026,87.98628444107968,12.269438180415946,82.6376363440774,11.523584351130602,2026.0,0.8231281455721643,81.52360407449248,11.73213428720727,67.10437304219633,9.657049939432525,2027.0,0.6678356681718838,80.57202798142636,11.662019058993724,53.80887414293959,7.788312290496317,2028.0,0.5285184966132834,73.67795834707806,11.228240470116322,38.94016377913381,5.934332772878306,2029.0,0.3796415707989,67.15322362848809,10.68578112378434,25.494155302529027,4.0567667310467215,2030.0
00-0037292,TE,TE,2025,post-2025-season,basic_cohort_3col_plus_lags,resolved,11,0,0.8315714399801417,18.307925396580274,9.176272314093172,15.224347885083265,7.630725981880366,2026.0,0.633464292180907,21.43270792339372,8.913886660896635,13.576855154212723,5.646628904225716,2027.0,0.44749624674469,22.59753161662566,9.09776473329019,10.11231058413445,4.071215571913566,2028.0,0.30478009833656317,24.078943069112967,8.87752884088282,7.338782636444756,2.7056941131099412,2029.0,0.19910257132844322,28.270342831668003,9.013940933349987,5.6286979501217225,1.79469881763269,2030.0
00-0037299,RB,RB,2025,post-2025-season,basic_cohort_3col_plus_lags,resolved,0,1,0.07669755475704308,13.66829604257569,5.650171696171681,1.0483248841609243,0.43335435305382247,2026.0,0.04894617202861288,40.1911220056536,8.65153293137295,1.9672015717116895,0.42345941917018987,2027.0,0.03039159228335252,32.400934113936444,8.725248620242073,0.9847159791905242,0.2651741986372812,2028.0,0.031396649394349226,18.790444371534093,8.223406276261613,0.5899569938970787,0.2581874036830768,2029.0,0.0212807877023394,33.34529339473971,8.760440313972593,0.7096141096056762,0.18642907050066626,2030.0
00-0037300,WR,WR,2025,post-2025-season,basic_cohort_3col_plus_lags,resolved,0,1,0.1425793014714091,19.22147146542936,6.699069911784651,2.7405839747935405,0.9551487085303897,2026.0,0.11007211529470062,26.637232524076413,7.902746504818804,2.932016529521888,0.8698720244232078,2027.0,0.07316150069224624,28.64031767365991,8.815642751802375,2.095368621307622,0.644965653288585,2028.0,0.04848037218716923,37.720202190389756,9.295075384073199,1.8286894411653716,0.4506287141276637,2029.0,0.023978556309447847,41.2785522880973,9.2493504943546,0.9898000904126284,0.22178607165470104,2030.0
00-0037306,TE,TE,2025,post-2025-season,basic_cohort_3col_plus_lags,resolved,11,0,0.8290313522020264,28.285486192797098,9.203557854588844,23.449554866106325,7.63003801325937,2026.0,0.6551688539175973,28.58410428938643,8.834270866286435,18.727414847538384,5.787939118662503,2027.0,0.4956747288686459,31.36199084471997,9.035873172182336,15.545346308737525,4.478853984712951,2028.0,0.39146830556269885,33.68524478847321,9.181155061388996,13.186705699808341,3.5941312149903464,2029.0,0.29010061250574387,33.2837482703988,9.511885529168305,9.655635759729686,2.759403818096247,2030.0
00-0037311,TE,TE,2025,post-2025-season,basic_cohort_3col_plus_lags,resolved,2,0,0.3400881302548166,0.0,5.3279293544663995,0.0,1.8119655322902297,2026.0,0.19908820957446788,0.0,5.954730799987996,0.0,1.185516693467549,2027.0,0.11161969027895517,0.0,6.3930805722000175,0.0,0.7135936733973715,2028.0,0.07593928183576464,0.0,6.6497498327093325,0.0,0.5049772266834427,2029.0,0.05478542805596862,0.0,7.6810207559838855,0.0,0.4208080100233569,2030.0
00-0037324,QB,QB,2025,post-2025-season,basic_cohort_3col_plus_lags,resolved,3,0,0.5947480730858168,2.6179698820557102,3.324262291701114,1.5570325427493368,1.9770985924210789,2026.0,0.4305491066077596,8.195338271371181,3.774188437203422,3.5284955710872428,1.6249734598072696,2027.0,0.32535664057032,11.034442100372507,3.8536227399104543,3.5901290123449043,1.2538017486826574,2028.0,0.27012762986681765,13.10510379760311,3.897247191260958,3.5400506280051593,1.0527541467804347,2029.0,0.18340264470667866,8.558764630170767,4.744579251832464,1.5697000685952973,0.8701683828065087,2030.0
00-0037327,QB,QB,2025,post-2025-season,basic_cohort_3col_plus_lags,resolved,0,1,0.2526019904076621,14.050453914207285,3.229904822899159,3.5491726248598874,0.815880387091635,2026.0,0.16917121200661392,26.598304798548043,4.57678702940149,4.4996674600917075,0.7742606088600001,2027.0,0.1628394397414087,27.152807311236394,4.379054611771567,4.42154792996816,0.7130827995779139,2028.0,0.11328225814527107,35.82838154849239,4.962741702683443,4.058719967503581,0.5621905866716879,2029.0,0.07445211296177293,39.31282524961103,6.430119588639595,2.9269229063304794,0.478735989971104,2030.0
00-0037329,RB,RB,2025,post-2025-season,basic_cohort_3col_plus_lags,resolved,2,0,0.31936333199535066,31.63137264153015,6.838863101953235,10.101900562385644,2.1840821072998446,2026.0,0.19177445305815835,31.82111150203602,7.792503110541838,6.102476254005629,1.4944030219781586,2027.0,0.11638779229653018,28.23743442221923,8.850425601409844,3.2864926525201437,1.030081496632782,2028.0,0.06557539412693719,19.13460925863164,9.048138163199546,1.2547595435997114,0.5933352261667918,2029.0,0.03329757644910168,26.36194129197034,9.04065254253216,0.8777887555161127,0.30103181918473004,2030.0
00-0037340,TE,TE,2025,post-2025-season,basic_cohort_3col_plus_lags,resolved,3,0,0.49483182118376007,10.019413416139816,6.460534625918979,4.957924587901464,3.1968781147642304,2026.0,0.35471237864167166,20.177648657713235,7.061861935404421,7.157261750773395,2.504929844746381,2027.0,0.235222718866694,24.937266970847915,7.752710781329441,5.865811737987452,1.8236137085714426,2028.0,0.15374588698308148,29.203083041668975,8.649179615506199,4.489853904881982,1.3297757916619881,2029.0,0.11002972846908375,32.20516053154671,9.120588422663097,3.5435250685893376,1.0035358676238895,2030.0
00-0037348,TE,TE,2025,post-2025-season,basic_cohort_3col_plus_lags,resolved,8,0,0.6805841835434854,19.408700872860894,7.930510976754898,13.209254837195763,5.397380338197381,2026.0,0.4528030631217433,20.033631612637663,7.883521220600304,9.071289759654924,3.569682556873082,2027.0,0.28390643421641987,21.074532189484124,8.280576242180578,5.983195286695597,2.3509088741746895,2028.0,0.1959470453100318,24.77892043784528,8.439312859474535,4.855356245768141,1.6536584192609907,2029.0,0.13481556662142133,26.020865790757668,8.969630471239135,3.5080177655609535,1.2092458143648703,2030.0
00-0037380,WR,WR,2025,post-2025-season,basic_cohort_3col_plus_lags,resolved,1,0,0.16098312194259393,0.0,5.99665195135368,0.0,0.9653597523320633,2026.0,0.07587780765333532,0.0,6.838630662643507,0.0,0.5189003020322651,2027.0,0.039680759640804746,0.0,7.081186465172371,0.0,0.28098685809622465,2028.0,0.020270410612732926,0.0,7.5576291790129035,0.0,0.15319624671736318,2029.0,0.011789111283880563,0.0,7.858009081039929,0.0,0.09263894352612376,2030.0
00-0037382,WR,WR,2025,post-2025-season,basic_cohort_3col_plus_lags,resolved,0,1,0.07426438313074617,7.237626692701609,6.05355505242329,0.5374978816641075,0.4495635317162274,2026.0,0.04916893317064835,12.52220133797329,7.103818098192472,0.6157032807362119,0.3492871573264679,2027.0,0.028891969456164318,12.021560848740819,8.03135757617945,0.34732656885724056,0.23204173778251058,2028.0,0.01742341271760038,16.204729976900495,8.581868532510779,0.2823416983648082,0.14952543733012283,2029.0,0.008524493113652038,20.315349311656547,8.737168185241192,0.1731780553086519,0.07447993002790822,2030.0
00-0037387,WR,WR,2025,post-2025-season,basic_cohort_3col_plus_lags,resolved,0,1,0.06917207183683291,0.0,5.659924911797594,0.0,0.39150873258994334,2026.0,0.04057932849792947,4.9193081386823145,6.952620478874808,0.19962222094212764,0.28213267033369255,2027.0,0.024722888708132683,7.578824066602358,8.198661538844293,0.18737042393712766,0.2026945967804953,2028.0,0.017732351177878303,10.027711664846152,8.755516525865644,0.17781490475155864,0.1552558937803666,2029.0,0.009656614865695412,12.006545993034763,8.599105365712811,0.11594259052199518,0.08303824870622352,2030.0
00-0037422,WR,WR,2025,post-2025-season,basic_cohort_3col_plus_lags,resolved,0,1,0.07693359509023334,10.223366797010591,6.2145656850080435,0.7865203616201486,0.4781088800720674,2026.0,0.0533043085365398,16.62482174030439,7.388193664428737,0.8861746274101598,0.393822554616418,2027.0,0.0317204640165326,16.92485272686614,8.404254584546512,0.5368641819076709,0.2665868551348868,2028.0,0.019818410796943468,23.028531570415026,9.043950743005276,0.45638889871286664,0.17923673105220064,2029.0,0.009835474429883195,25.867815263322257,8.981309832531043,0.2544222355793483,0.08833544320471759,2030.0
00-0037429,RB,RB,2025,post-2025-season,basic_cohort_3col_plus_lags,resolved,0,1,0.11669040795173898,14.757267654667672,6.500005058654327,1.722031582876173,0.7584882419827405,2026.0,0.06397965815958999,30.613282124969658,8.781244251224912,1.9586273254986453,0.5618210054092346,2027.0,0.035046520615749324,28.16704117285547,8.685117854415267,0.9871567891491393,0.3043831619349772,2028.0,0.030291064297455053,21.777026419152115,8.887681805459529,0.6596493074699141,0.269217341024496,2029.0,0.01689662593979693,27.690696885224128,8.470411457456988,0.46787934728193203,0.14312137395282087,2030.0
00-0037450,WR,WR,2025,post-2025-season,basic_cohort_3col_plus_lags,resolved,0,1,0.0706162088950734,1.6146614247452096,5.862602200023028,0.11402126846462457,0.41399474162554306,2026.0,0.044288269123273646,9.627316869841287,7.152150537297272,0.42637720046656336,0.3167563678059878,2027.0,0.02682824169014188,11.81986458636159,8.365571240817474,0.3171061838676576,0.2244335671247513,2028.0,0.018634116197831764,16.19822591354219,8.992554116793297,0.30183962387167473,0.1675682983276167,2029.0,0.00999012917095209,18.0333998010708,8.805381576344294,0.180155993404119,0.08796689934720123,2030.0
00-0037451,TE,TE,2025,post-2025-season,basic_cohort_3col_plus_lags,resolved,0,1,0.17029904183122935,2.3973886316820074,4.1506042550019995,0.4082729868725279,0.7068439276474641,2026.0,0.10931306403655797,13.930227761352484,6.038121930098681,1.5227558793205616,0.6600456092054221,2027.0,0.07606093626565574,19.113960088656874,6.961941593951825,1.453825700087618,0.5295317958627875,2028.0,0.052010733732779056,24.43908909587705,7.67132606393114,1.2710949556373254,0.3989912972884505,2029.0,0.04090668830712224,25.15839140687175,8.478124937314433,1.0291464755894852,0.3468120142395618,2030.0
00-0037456,RB,RB,2025,post-2025-season,basic_cohort_3col_plus_lags,resolved,0,1,0.06870884330605623,9.219898605724012,5.641513713405621,0.6334885685984174,0.38762188174335416,2026.0,0.04253528346418193,31.242465609366832,8.466126302770903,1.3289071308143736,0.3601090821319269,2027.0,0.02414588664445264,26.640678378440427,8.677784248128656,0.6432628002571429,0.2095327947803312,2028.0,0.022835629498527497,11.635287621006405,8.234941432437637,0.2656991172221057,0.18805007149321917,2029.0,0.014503521425106825,25.13588637997543,8.653360249370483,0.3645588666510245,0.12550419577591254,2030.0
00-0037475,TE,TE,2025,post-2025-season,basic_cohort_3col_plus_lags,resolved,6,0,0.6282593708010502,18.570595580426833,7.763381620949705,11.667150694759727,4.877417252466299,2026.0,0.4296823574885851,22.846961129811582,8.111991219196414,9.816936119707508,3.4855795109910166,2027.0,0.26787270122293305,22.779848270560315,8.293450504025836,6.102099489683551,2.2215889889720963,2028.0,0.1779874543318724,25.717601820130007,8.358487101070658,4.5774104794856685,1.4877058411853583,2029.0,0.12073395018359535,28.50339310829777,8.797047365819148,3.441327243600658,1.0621022784275378,2030.0
00-0037487,WR,WR,2025,post-2025-season,basic_cohort_3col_plus_lags,resolved,7,0,0.4560672753699721,1.4159801245139991,7.909043904710062,0.6457821973651334,3.607056104402603,2026.0,0.23736772790904578,1.8261526658273177,8.137750849750915,0.43346970910247734,1.9316394294952814,2027.0,0.12843969179383044,1.5412489758244288,8.286777937169209,0.19795754343244645,1.0643512042139271,2028.0,0.07108314279893921,2.0127124428035756,8.436597424101132,0.14306992598500834,0.5996998594345434,2029.0,0.043628524069979815,9.357762492312276,8.638466150092523,0.40826536613700043,0.3768835283570175,2030.0
00-0037509,RB,RB,2025,post-2025-season,basic_cohort_3col_plus_lags,resolved,0,1,0.1954271880539367,49.95058868872539,6.741166615564743,9.761703089076379,1.317407235882891,2026.0,0.14299805360419526,59.9726759315472,8.566794745688023,8.575975927646418,1.2250349742600342,2027.0,0.09967243287115576,51.9253729859867,9.38899053898267,5.175528253255484,0.9358235292246667,2028.0,0.05665243299773395,47.37805313324384,9.70049680950309,2.6840819806941756,0.5495567455451057,2029.0,0.0395380885579184,63.27457146668584,9.571774636437643,2.5017556101141616,0.3784496732319087,2030.0
00-0037524,WR,WR,2025,post-2025-season,basic_cohort_3col_plus_lags,resolved,2,0,0.1531803605185408,23.85301442258909,7.396671970298877,3.6538133487061506,1.1330248790477675,2026.0,0.10707253756045933,16.257604681830774,7.625246733391762,1.7407429879384249,0.8164545172688592,2027.0,0.04747666826312296,15.04716877379997,8.058794725255238,0.7143894401729239,0.3826047237715481,2028.0,0.0264529197463498,13.00088074870726,8.42216047907216,0.34391125507741727,0.22279073524377482,2029.0,0.01474847943613761,19.360369900877345,8.9664918199141,0.28553601735910705,0.13224212022029921,2030.0
00-0037525,RB,RB,2025,post-2025-season,basic_cohort_3col_plus_lags,resolved,16,0,0.9290695876879013,103.61559374909076,12.014854374699148,96.26609696250483,11.162635800031914,2026.0,0.7819097211946506,93.86317829715476,11.25219448452405,73.39253157277206,8.798200252222186,2027.0,0.5761086880384813,87.41708116686476,10.83109710538007,50.361739943195886,6.239889143397904,2028.0,0.3758258172901406,84.62956144655817,10.66575326862703,31.805974097558895,4.008465439196742,2029.0,0.23926297689625775,76.97137849901446,10.560625635148083,18.41640115548281,2.526766727352463,2030.0
00-0037539,TE,TE,2025,post-2025-season,basic_cohort_3col_plus_lags,resolved,2,0,0.4663244733838162,5.88372312646175,6.2885683136289625,2.7437240884834564,2.9325133071911793,2026.0,0.3167390241100629,13.433825335798765,7.278903209260163,4.2550167269259385,2.305512699092669,2027.0,0.1913431889689152,11.742908921141208,7.676604038724248,2.246925640742682,1.4688658972211515,2028.0,0.12041984934325066,16.644526240615534,7.655843498152253,2.0043313422847047,0.9219155206429994,2029.0,0.08458467226268442,21.445165801047857,8.192774976807897,1.8139323209005611,0.6929831863352178,2030.0
00-0037545,WR,WR,2025,post-2025-season,basic_cohort_3col_plus_lags,resolved,21,0,0.9430060873972854,140.4704758747332,13.82304068992184,132.46451384946693,13.035211516936666,2026.0,0.8563071013384274,124.00767452009924,12.366349882972877,106.18865231202534,10.589393222425304,2027.0,0.6718728027937889,120.32649998696235,12.38059066850539,80.8441027966072,8.318182152691344,2028.0,0.508619580897875,108.14096983318927,12.178849641409942,55.00261475444647,6.1944014004321595,2029.0,0.39365669115940743,96.05597147216338,12.05606223302606,37.81307589583427,4.745949567064936,2030.0
00-0037557,RB,RB,2025,post-2025-season,basic_cohort_3col_plus_lags,resolved,9,0,0.5756993706250021,10.630412339101994,8.313503784046873,6.119921693105274,4.786078896164358,2026.0,0.3260003271482148,16.07376900057153,8.525076780742413,5.240053952691153,2.7791778194856764,2027.0,0.18087628650697435,16.211283221192204,8.910939649237656,2.9322367085620673,1.6117776730418678,2028.0,0.1047727850018412,19.834832534207145,9.129182350678601,2.07815064465401,0.9564898596702524,2029.0,0.06874820728913571,28.585740705077882,9.094367943171466,1.9652184275061786,0.6252214925208227,2030.0
00-0037563,RB,RB,2025,post-2025-season,basic_cohort_3col_plus_lags,resolved,10,0,0.6555268236759672,47.60686376869964,9.091393413445452,31.207576191470157,5.959652247104506,2026.0,0.418112381393774,49.69199769460248,9.250159505886046,20.77683949230417,3.8676062192782705,2027.0,0.2719301705861678,41.4966214335143,9.604591199479323,11.28418334516517,2.6117781232848185,2028.0,0.16102852594047865,35.8297760807631,9.413378455583445,5.7696160270627015,1.5158224568224614,2029.0,0.08335106754693938,41.937506435483726,9.751496618660005,3.495535931654209,0.812797653345681,2030.0
00-0037569,TE,TE,2025,post-2025-season,basic_cohort_3col_plus_lags,resolved,0,1,0.1841241772467894,13.589926779965037,5.181679949024584,2.5022340872051725,0.9540725573703371,2026.0,0.11943282600173598,21.75839952069302,6.66799527487787,2.5986671440311846,0.7963775194448863,2027.0,0.0805333862856426,23.06974746230506,7.345529113468396,1.8578848838940365,0.5915603335673842,2028.0,0.046682293369956294,28.35157107813024,7.76597351008436,1.323516358568444,0.3625334537010673,2029.0,0.032280647388356,30.079851716283123,8.509882377224665,0.9709970867473706,0.27470451233557414,2030.0
00-0037594,RB,RB,2025,post-2025-season,basic_cohort_3col_plus_lags,resolved,16,0,0.8631520989545483,26.500604953552227,10.65741685073965,22.874052789223903,9.198971724149501,2026.0,0.629680840729001,28.28414478887467,9.932080007501405,17.809984069959395,6.254040489311187,2027.0,0.4085800419312352,23.378090071000038,9.678402324052604,9.55182102148139,3.954402027388777,2028.0,0.25012933687412126,31.70956884546641,9.7622836876798,7.931493427880808,2.441833545176399,2029.0,0.15672470539929498,45.57368101549753,9.734354829818312,7.142521731115292,1.525613892955479,2030.0
00-0037609,RB,RB,2025,post-2025-season,basic_cohort_3col_plus_lags,resolved,0,1,0.09613213491734243,16.427946896429162,5.929223052424629,1.579253607462465,0.5699888704307013,2026.0,0.06337664463022187,38.21734191954343,8.683310218527708,2.4220868975465852,0.5503190659336048,2027.0,0.037205414287010276,32.74347928407512,8.896976579792916,1.2182347119621535,0.3310156995530232,2028.0,0.03320029815452275,20.710264319201883,8.615236690974847,0.6875869502564766,0.2860284268121489,2029.0,0.021634413887116875,36.50864572527482,8.927521478861374,0.7898431520787156,0.19314169465981268,2030.0
00-0037614,WR,WR,2025,post-2025-season,basic_cohort_3col_plus_lags,resolved,13,0,0.8850662038681154,71.46717894888948,11.07013150294192,63.25318477345691,9.797799265629639,2026.0,0.7263375452213706,69.11306916395387,10.930302141883956,50.199416999261054,7.939088826263882,2027.0,0.5613149546864554,68.09649973200993,10.953079831310113,38.22358366137938,6.148127509188965,2028.0,0.418460489957107,68.20605180170939,10.798268992142674,28.541537854983133,4.51864893314066,2029.0,0.29918850191417495,65.6310685987903,10.446550415551856,19.636061093098522,3.1254877689998617,2030.0
00-0037617,RB,RB,2025,post-2025-season,basic_cohort_3col_plus_lags,resolved,12,0,0.758242314226387,20.84606477967816,9.63674659259545,15.806368401056345,7.306989037982824,2026.0,0.49040795546959526,20.079096336750638,9.227200073406571,9.84694858218292,4.525092322708216,2027.0,0.27886003873442766,20.19408567640382,9.339653723047302,5.6313235139283195,2.6044561989751123,2028.0,0.1523780504702916,26.770932226370412,9.69546259160781,4.079302461926627,1.4773756881168392,2029.0,0.09109211031372175,35.43700467009296,9.384414382428528,3.228031538595981,0.8548461101538564,2030.0
00-0037654,TE,TE,2025,post-2025-season,basic_cohort_3col_plus_lags,resolved,5,0,0.6147018376374783,9.74829696186038,7.1888361419112785,5.992296056291423,4.418990786907583,2026.0,0.43742271372891434,15.347161293143003,7.739834529619867,6.713196940881967,3.3855794237590775,2027.0,0.28988381462535967,15.195843311200797,8.053437481586293,4.405029025500143,2.3345611780090842,2028.0,0.19787389358050947,19.340701033383766,8.040183223316486,3.827019818052229,1.5909423594983239,2029.0,0.14051315826754945,22.423394140533375,8.52352093163025,3.150781929764407,1.1976668456629318,2030.0
00-0037664,WR,WR,2025,post-2025-season,basic_cohort_3col_plus_lags,resolved,15,0,0.9707730373965233,155.58554293659336,13.228893025878882,151.03825009154392,12.842252664126127,2026.0,0.9129499757155594,147.5282709098765,12.913515872646531,134.68593134453022,11.789394002335142,2027.0,0.843298015797956,138.82889983162212,12.588322664509146,117.07413576342013,10.615707525205002,2028.0,0.7408414035786791,126.0441792014312,12.199117364746296,93.37874663251085,9.037611230919683,2029.0,0.6126415487786306,117.34808225600347,11.727682952745937,71.89231085952011,7.184865847755015,2030.0
00-0037666,WR,WR,2025,post-2025-season,basic_cohort_3col_plus_lags,resolved,12,0,0.8307105482558176,59.31666464324166,10.776791893257533,49.27497900649375,8.952394702086815,2026.0,0.6635184811816022,53.56349378738962,10.628076344366962,35.540368044588945,7.051925073896481,2027.0,0.46742908601830346,55.758607815712885,10.768745104030902,26.063195088951705,5.033624681541244,2028.0,0.35078504445933073,52.48812721885895,10.390623520944722,18.412050040054442,3.644875333754762,2029.0,0.21846249952595787,49.86797084880533,9.998341535242078,10.894281557917614,2.1842626829031873,2030.0
00-0037708,WR,WR,2025,post-2025-season,basic_cohort_3col_plus_lags,resolved,0,1,0.05461111545292229,0.0,5.528125590079245,0.0,0.3018971048380718,2026.0,0.030672638518745885,1.385456645527853,6.779115153361099,0.042495610871670086,0.20793334857599757,2027.0,0.017774543589447998,2.643141395249536,7.988420803637973,0.04698063194293728,0.14199053378511634,2028.0,0.01210728570105013,3.0524469979005175,8.562349833908904,0.03695684789089433,0.10366681571147422,2029.0,0.006336374389223065,5.105696283710046,8.428765143167244,0.032351603171251714,0.053407811585941004,2030.0
00-0037740,WR,WR,2025,post-2025-season,basic_cohort_3col_plus_lags,resolved,7,0,0.9185158220960934,149.3633334538011,11.902006551724584,137.19258501833104,10.932181332450396,2026.0,0.8374373973185615,141.27198477105122,12.247539404672528,118.3064432406966,10.256547522605485,2027.0,0.7520588751062198,130.7028782918314,11.97063746411001,98.2962596212999,9.002624145562947,2028.0,0.6304715622107633,131.79629869590983,11.685106009586423,83.09381833240666,7.36712704046233,2029.0,0.4619049833442214,126.63840027935044,11.455385622084082,58.49490817177221,5.291299704970381,2030.0
00-0037741,WR,WR,2025,post-2025-season,basic_cohort_3col_plus_lags,resolved,16,0,0.9190037658545583,49.75124487958874,11.330456056464962,45.72158140029436,10.412731784740888,2026.0,0.7714726063961936,48.03262119933763,10.981228027580894,37.055851468694065,8.471716607868764,2027.0,0.604884624192606,50.88342233967764,11.016858995216602,30.778599799569562,6.663928613104526,2028.0,0.4727401151817035,51.1855515430328,10.629374996267286,24.197463532092346,5.024931960044916,2029.0,0.3397926969606334,48.055852208794136,10.10649338670119,16.329027626767772,3.434112644682003,2030.0
00-0037742,WR,WR,2025,post-2025-season,basic_cohort_3col_plus_lags,resolved,8,0,0.6476442480877466,27.862342692567616,8.776379550797424,18.044885983091074,5.683971735108873,2026.0,0.3906553746061722,29.730534844261655,8.975508254980385,11.614393226826893,3.5063305396301536,2027.0,0.2472007139576507,26.918230498571805,8.991004388964559,6.654205797723558,2.22258270414841,2028.0,0.14300126744411748,30.31879036885846,9.137802361168525,4.335625450119261,1.3067173193009485,2029.0,0.09488384092523984,35.74483470404209,9.310117797458542,3.3916072099573222,0.8833797360893006,2030.0
00-0037744,TE,TE,2025,post-2025-season,basic_cohort_3col_plus_lags,resolved,17,0,0.9876392528371444,235.15530457628194,16.472709640663048,232.2486093124102,16.269094641707678,2026.0,0.9737866304066539,199.31650423003094,16.35404780278671,194.09174703859543,15.925353103385012,2027.0,0.949427173755464,185.11185515779738,15.800590083560047,175.7502254710984,15.001509586703028,2028.0,0.8970198485530698,176.784836529935,15.430865804110926,158.5795072905615,13.841792906646328,2029.0,0.8203301902320921,170.4638378444996,14.131628511648113,139.83663252667085,11.592601505249553,2030.0
00-0037745,WR,WR,2025,post-2025-season,basic_cohort_3col_plus_lags,resolved,6,0,0.28189362899717213,0.9592123424127089,7.322921978555044,0.2703958481815966,2.0642850513980333,2026.0,0.12358872886779482,0.9111268671723634,7.527334428152953,0.11260501135112852,0.9302936937382126,2027.0,0.057688178098762546,0.8627997963511371,7.627117772896234,0.049773348315480456,0.43999452846307513,2028.0,0.02788203701327145,0.0,7.864117787073148,0.0,0.21926762321589988,2029.0,0.01572289758219792,0.0,8.18998227878822,0.0,0.1287702525694031,2030.0
00-0037746,RB,RB,2025,post-2025-season,basic_cohort_3col_plus_lags,resolved,19,0,0.9428292871785909,75.84477170218841,12.53457621891563,71.50867204019727,11.817965561565941,2026.0,0.7887388952995159,73.50628963054254,11.325841824139232,57.97726968076039,8.933131968708633,2027.0,0.57243894894957,55.4951759586377,10.551480980620589,31.767600197534016,6.040078682407828,2028.0,0.3530045099644714,65.34878496017208,10.755099213694425,23.068415811639166,3.7965985275494725,2029.0,0.2272144908852124,61.33804098226835,10.386240671731887,13.936891753682398,2.359904386438847,2030.0
00-0037755,TE,TE,2025,post-2025-season,basic_cohort_3col_plus_lags,resolved,2,0,0.385783194665235,3.0893276818402597,5.8819293603285985,1.19181070246808,2.2691494994228085,2026.0,0.25347564727397287,11.439904326736041,6.489656370893253,2.8997371539717407,1.644969849197829,2027.0,0.153930629064986,15.872086249641896,7.1419244246468905,2.4432002209810917,1.099360919420484,2028.0,0.09588225294053458,20.4821244895205,8.069350403773875,1.9638722410637224,0.7737074964804516,2029.0,0.06666837478548694,23.446631028142868,8.743879270677194,1.5631487848412557,0.5829402202965575,2030.0
00-0037801,WR,WR,2025,post-2025-season,basic_cohort_3col_plus_lags,resolved,15,0,0.865910269248647,70.66468334130253,11.377264780371405,61.18927497843766,9.851690409284553,2026.0,0.6322560609509796,62.88930206518615,11.056381533491574,39.7621423996909,6.990464236736535,2027.0,0.40938355661898157,57.96688383858171,10.84644849842059,23.730689071957944,4.440357662968034,2028.0,0.2567256552921394,44.24613974161164,10.366600515378211,11.359119219312822,2.6613723104623017,2029.0,0.1345058001537903,39.438129481153766,9.751975270166842,5.304657162431374,1.3116972367937663,2030.0
00-0037805,TE,TE,2025,post-2025-season,basic_cohort_3col_plus_lags,resolved,14,0,0.9376935043557167,46.65247486009787,11.133865115971474,43.74572263843215,10.44015299761916,2026.0,0.8521700217807033,48.203532919023374,10.755853620388296,41.077605697511,9.16581601395635,2027.0,0.7546255902263576,46.31935106412797,10.495225252933144,34.953767635669436,7.919965551053247,2028.0,0.614752601746005,44.91109997185541,9.921498204200006,27.609215554973044,6.09926683425027,2029.0,0.4616952361294293,46.449326558375134,9.739581845017852,21.44543279342198,4.4967185397374205,2030.0
00-0037809,TE,TE,2025,post-2025-season,basic_cohort_3col_plus_lags,resolved,17,0,0.9711161243576144,103.99731059274252,13.379483847658435,100.9934652064392,12.99303250004336,2026.0,0.9216681904319014,93.57521839713695,12.741039215810687,86.24530220935918,11.743010558258128,2027.0,0.8509085126659245,89.63179343005754,12.372901147051039,76.26845603514964,10.52820691239971,2028.0,0.7364872528276487,85.23050333700573,11.892282147271283,62.77117925978909,8.758514208495118,2029.0,0.5852088154315562,85.35703635660056,11.247902857717289,49.95169013499449,6.582371907453951,2030.0
00-0037816,WR,WR,2025,post-2025-season,basic_cohort_3col_plus_lags,resolved,17,0,0.9728634056126708,153.0009663078122,13.477776612346474,148.84904114424768,13.112035655174196,2026.0,0.9167618057823649,144.21966716172383,12.903506363314651,132.21508249651356,11.829441794556576,2027.0,0.8408973037300438,136.84080966902147,12.632575310710827,115.06906789091626,10.622698517943455,2028.0,0.7354212446432984,123.35638660645658,12.275687985835742,90.7189073728202,9.027801737396105,2029.0,0.6186442519300659,113.8906025323134,11.842827004190326,70.45776660546748,7.326496852744508,2030.0
00-0037827,RB,RB,2025,post-2025-season,basic_cohort_3col_plus_lags,resolved,0,1,0.09903374888958347,21.42049728546064,5.8405481863329545,2.1213521492583136,0.57841138246281,2026.0,0.0664912237911959,49.13498890715691,8.828816486487012,3.2670455434036985,0.5870388128144078,2027.0,0.04420833075415523,39.26057964126851,8.883478472335565,1.7356446903810512,0.39272375455242825,2028.0,0.044775594089211904,28.163937916606017,8.467434713980623,1.2610570521077153,0.3791344197300985,2029.0,0.03183792546825343,44.31613426010588,8.98357742610677,1.4109337796143635,0.28601846853067137,2030.0
00-0037834,QB,QB,2025,post-2025-season,basic_cohort_3col_plus_lags,resolved,11,0,0.9509393213670995,197.32371251092954,12.078296806378672,187.64287726477997,11.485727368328138,2026.0,0.9089235347987392,187.55223006954455,11.76616330437898,170.47063591419683,10.694542741635356,2027.0,0.8888538577050368,183.56282377891932,11.281847609683714,163.1605240471223,10.027913769907718,2028.0,0.8313337018809701,177.99908945416956,11.00006246353575,147.97664196737674,9.14472264873308,2029.0,0.7899879823783332,171.01862607184853,10.193455252057834,135.10265935961425,8.052707148036992,2030.0
00-0037837,WR,WR,2025,post-2025-season,basic_cohort_3col_plus_lags,resolved,15,0,0.9281316741123433,84.66294721743544,11.908428918581812,78.57836293620332,11.05259006825118,2026.0,0.804391419758905,79.86410763080401,11.691278738238468,64.24200292492044,9.404364303048741,2027.0,0.6536552462350331,79.01432021951344,11.651127786137446,51.64812493917981,7.615820801963508,2028.0,0.522574679886253,72.82383161729247,11.231164614096791,38.055890495496996,5.869122252961442,2029.0,0.3637781731800638,66.9735429280931,10.541699011913954,24.363513097778284,3.8348400087681416,2030.0
00-0037838,TE,TE,2025,post-2025-season,basic_cohort_3col_plus_lags,resolved,12,0,0.9305935459747986,72.55011916195798,11.670779610344937,67.51467265182066,10.860752181881272,2026.0,0.8603432760970334,76.20149627982624,11.735138025188967,65.55944495288162,10.096247094041948,2027.0,0.7604514846276218,74.34123669594544,11.390458917004922,56.532903814485145,8.661891394026327,2028.0,0.6300515545077152,71.68039390032793,11.09564598338716,45.16234360462696,6.990829000100367,2029.0,0.48839340156038064,74.20928142891026,10.575329554696483,36.24332338441707,5.1649211738402405,2030.0
00-0037840,RB,RB,2025,post-2025-season,basic_cohort_3col_plus_lags,resolved,20,0,0.9905372949059228,198.63108977780917,15.106080942493373,196.7515023527266,14.963136553407297,2026.0,0.9622651110891001,176.72931864969195,13.784353962803245,170.0604574431468,13.26420289730834,2027.0,0.8988896498249556,177.35604078769273,12.63017336578883,159.42350939798965,11.3531321140024,2028.0,0.7802747641370794,169.27811348283495,12.293680873871367,132.0834400713888,9.592448944236505,2029.0,0.6209544814392796,132.4865876683951,11.973517198439675,82.26814034328793,7.4350091629614035,2030.0
00-0038040,RB,RB,2025,post-2025-season,basic_cohort_3col_plus_lags,resolved,5,0,0.4622362907593819,15.468736477979732,7.469429579922788,7.150211372315696,3.4526414231119174,2026.0,0.26309332147772335,20.255428104901398,8.117338346370708,5.3290678580717366,2.13561750710516,2027.0,0.14824174462021317,22.147804904983,8.7230642329038,3.283229238622795,1.293122260319841,2028.0,0.0882177737521305,24.29382755465626,9.142425921333714,2.1431473827899397,0.8065244614738308,2029.0,0.05903284719653551,30.244138447114864,8.900242345406948,1.7853976035393966,0.5254066463885432,2030.0
00-0038041,TE,TE,2025,post-2025-season,basic_cohort_3col_plus_lags,resolved,17,0,0.9762603939630482,142.52252231245228,14.068386471725404,139.139093781362,13.73440851931106,2026.0,0.93916532683075,122.41039929676518,13.546055484548694,114.96360266302908,12.721985626413648,2027.0,0.8860194417329991,114.29543959176289,13.172704628752204,101.26798157972146,11.67127240128072,2028.0,0.78876550355503,109.29594642472055,12.666257216785766,86.20887221821829,9.990706751755557,2029.0,0.6575969377309081,106.29590439572601,11.966781395312546,69.8998612239668,7.869318800052734,2030.0
00-0038046,TE,TE,2025,post-2025-season,basic_cohort_3col_plus_lags,resolved,13,0,0.8985717889100061,39.3772811050228,10.431388136561207,35.383313924952525,9.373351098684418,2026.0,0.7613459661784435,40.09316686266054,9.986059096824473,30.524770862205845,7.602845811386864,2027.0,0.6121960084375982,39.9741190788538,9.887600558887314,24.47199614088354,6.053149595176179,2028.0,0.46361437033799713,39.652572327503975,9.601381541030845,18.383502351897643,4.451338457519884,2029.0,0.32416663846493365,41.15634408732054,9.614044215907315,13.341513714292848,3.116552395523913,2030.0
00-0038090,WR,WR,2025,post-2025-season,basic_cohort_3col_plus_lags,resolved,19,0,0.8695852620191697,19.144871859080805,10.951260788367847,16.64809841190221,9.523054982093115,2026.0,0.644733935231361,18.183127846173413,10.014477865804063,11.723279571078326,6.456673723707215,2027.0,0.4155128577964274,21.872170821539825,10.150169462832835,9.088168204269646,4.2175259206197,2028.0,0.26499471257582,33.57640971250842,10.162652585421178,8.89757104109414,2.693049200881599,2029.0,0.20765671255328852,32.24045750642733,10.120130573348552,6.694947416998694,2.101513045471587,2030.0
00-0038092,WR,WR,2025,post-2025-season,basic_cohort_3col_plus_lags,resolved,0,1,0.0872116489784682,0.0,5.69977946578126,0.0,0.49708716602439623,2026.0,0.055635376882182765,8.625277607507744,6.895385105476805,0.47987057040714504,0.3836273490909916,2027.0,0.03618136248136553,13.03823950355979,8.194428394898676,0.4717412695971562,0.29648558408342335,2028.0,0.027115111747118826,20.403640446166634,8.809944360791647,0.5532469907458417,0.23888262582876485,2029.0,0.016861854068792974,23.429060532031002,8.902298644804713,0.39505739966002384,0.15010926062551053,2030.0
00-0038098,RB,RB,2025,post-2025-season,basic_cohort_3col_plus_lags,resolved,0,1,0.12452515616180508,24.291370072565115,6.53982324086362,3.0248866516703696,0.8143725103391445,2026.0,0.07150607067295243,36.5093886185295,8.578789367858807,2.610642922782856,0.6134355188264848,2027.0,0.041448597029020075,33.094079489940654,8.807780942364149,1.3717031648249083,0.3650701629999343,2028.0,0.030556567643405093,26.697591257845694,9.056423164627347,0.8157867531863424,0.27673320703723636,2029.0,0.0177858970396274,33.557889161254536,8.67480652985756,0.5968571614893015,0.15428921577873403,2030.0
00-0038102,QB,QB,2025,post-2025-season,basic_cohort_3col_plus_lags,resolved,6,0,0.7249981591622877,21.92379626555577,4.8786963454724015,15.89471193437697,3.5370458695792717,2026.0,0.6125853150519683,26.332211704083484,4.93829355352797,16.13072620276111,3.025126112307036,2027.0,0.49078046177024376,34.1505752543756,5.4323208875392694,16.76043509306192,2.666076953670663,2028.0,0.44418244669518925,37.54504260510952,5.54865194401609,16.67684888561267,2.464613796353085,2029.0,0.3627650971551751,40.24922059063246,6.367043499630022,14.601012417980858,2.3097411537345107,2030.0
00-0038104,WR,WR,2025,post-2025-season,basic_cohort_3col_plus_lags,resolved,12,0,0.8425926815200788,68.11963172241053,10.403558230246638,57.39710315714611,8.765962026573801,2026.0,0.6134291339677219,67.44003767823233,10.225750174157275,41.36968390770859,6.272773073503579,2027.0,0.4419177167770284,61.01039328061539,10.058386169324644,26.96157369823811,4.444979050409588,2028.0,0.271297033293608,62.49339033128469,10.161017164431808,16.95427139733698,2.7566538119557786,2029.0,0.19625873555600995,63.314915093003606,10.247367952311242,12.426105177989017,2.0111354770977834,2030.0
00-0038108,QB,QB,2025,post-2025-season,basic_cohort_3col_plus_lags,resolved,0,1,0.31496011894842885,29.97032914131944,4.163990629990609,9.439458431273534,1.3114909841219855,2026.0,0.255928275640029,37.826030389305934,5.0499117073390165,9.680750731842403,1.2924151953936693,2027.0,0.2667739178533155,37.36265262240873,4.818349415993195,9.96738122147243,1.2854099512907393,2028.0,0.19120338268009066,41.96785559701928,5.254951675423376,8.024395953979662,1.0047645361613593,2029.0,0.13594968163022234,41.51020150609311,6.500478324732438,5.643298679159734,0.8837379586915359,2030.0
00-0038115,TE,TE,2025,post-2025-season,basic_cohort_3col_plus_lags,resolved,13,0,0.9259718709932094,55.8001423290755,10.969496536125598,51.66936219414142,10.157445231409751,2026.0,0.8357095021227594,55.74617743344754,10.72532461552022,46.58761018815345,8.96325569454138,2027.0,0.7337733368897913,52.70411062117782,10.510409383895928,38.67287111831034,7.71225816569909,2028.0,0.5943063538244949,51.66936273135603,10.02262310536311,30.707430569307448,5.956508593505486,2029.0,0.44948598138566087,51.91388539196718,9.907552785827843,23.334563722951092,4.453306087068066,2030.0
00-0038117,WR,WR,2025,post-2025-season,basic_cohort_3col_plus_lags,resolved,16,0,0.984019427307495,178.44191756492972,13.927450502981129,175.5903135298934,13.704881867796974,2026.0,0.951098060222343,170.25677072698002,13.560924068520887,161.9308843781509,12.897768576392698,2027.0,0.9128681544307116,161.2013790689489,13.201859108628659,147.15560540235694,12.051556759548122,2028.0,0.8511669868370388,146.45564264997552,12.774430332738568,124.65820805966177,10.873173374876759,2029.0,0.7675102625737377,136.0467690363978,12.249394876058174,104.41729142543431,9.401536277692806,2030.0
00-0038120,RB,RB,2025,post-2025-season,basic_cohort_3col_plus_lags,resolved,16,0,0.9775452513614667,165.26857030643987,13.434654912269028,161.557506102359,13.132983113168592,2026.0,0.9278024923029332,153.84745835881546,12.764328220796036,142.74005529978072,11.842775535827228,2027.0,0.8393791298111319,141.83830212204302,11.879607187983156,119.0561106090889,9.97149434394737,2028.0,0.7024669011053855,139.61429088670775,11.816406550654552,98.07441826921145,8.30063449183968,2029.0,0.5589788014977064,121.00176941277621,11.486288496742933,67.63742404545548,6.420591777566257,2030.0
00-0038122,QB,QB,2025,post-2025-season,basic_cohort_3col_plus_lags,resolved,0,1,0.3377361475344486,24.900606159814537,3.7901367637365446,8.40983479568832,1.2800661892130631,2026.0,0.24694835344507776,37.165709009057636,5.136941176235586,9.178010644405676,1.268559165215599,2027.0,0.2710035169272219,38.76816311371087,4.998807290824166,10.506308548623844,1.354694356254787,2028.0,0.20100557895868945,47.17606791890856,5.648226332309967,9.48265284503467,1.1353250040156802,2029.0,0.15097134529479425,53.14871664121823,7.071087112691583,8.023933252016535,1.0675315340997307,2030.0
00-0038124,WR,WR,2025,post-2025-season,basic_cohort_3col_plus_lags,resolved,11,0,0.9406170661043594,137.5791301105751,11.990385447731716,129.40927772179907,11.278361181305812,2026.0,0.8202533172142693,132.3929854680461,12.121966422282032,108.59578550606537,9.943083169036825,2027.0,0.7178119064679437,118.7360173941042,11.620900697215193,85.23012701207286,8.341620884342694,2028.0,0.5460365704014147,110.0241870480839,11.36521484728766,60.07722975693949,6.205822937088192,2029.0,0.38371385962111393,105.38699812395512,11.020988247576614,40.43845180402592,4.22890593731656,2030.0
00-0038128,QB,QB,2025,post-2025-season,basic_cohort_3col_plus_lags,resolved,4,0,0.8251419213994483,79.69492931958926,6.926997447436473,65.75962710455912,5.7157559833068055,2026.0,0.711575558450077,81.95614944781667,7.250175517087072,58.31799281174812,5.15904769243231,2027.0,0.674434919823773,78.49317904222502,6.811823637967812,52.93854091405609,4.594131729126503,2028.0,0.5813066894372844,75.39643277837357,6.739903549361653,43.82845073377709,3.917951019406025,2029.0,0.49272167732832467,67.0103560188584,6.905380824301024,33.01745501598011,3.40243082234045,2030.0
00-0038129,TE,TE,2025,post-2025-season,basic_cohort_3col_plus_lags,resolved,15,0,0.9590191287729632,111.26463183875217,13.112878970617158,106.70491028924461,12.575501766106578,2026.0,0.9018965950704216,102.99084402348564,12.754273793419184,92.88709154821058,11.503036106880673,2027.0,0.8154845960627306,99.2523199627377,12.419940526487839,80.93873805310204,10.128270183366073,2028.0,0.6959586916060174,95.10984294968269,12.181782144048316,66.19252185811496,8.478017162401413,2029.0,0.5503430189065474,95.01595508585437,11.523941174633183,52.29136756623801,6.34212057574909,2030.0
00-0038134,RB,RB,2025,post-2025-season,basic_cohort_3col_plus_lags,resolved,20,0,0.9831064630896802,174.30924672002186,14.26263541922036,171.36454702674712,14.021689061327326,2026.0,0.9371667756065388,160.98004344727735,13.224448131949162,150.86514825448543,12.393513414994711,2027.0,0.8464201135434687,153.60618406670244,12.235394388109494,130.01536375871723,10.356283907232758,2028.0,0.698581554552504,146.4077843213276,11.720271766241307,102.27777756978075,8.187565670238675,2029.0,0.5483755990313902,119.20170990995803,11.793225072163551,65.36730907743923,6.467116863459697,2030.0
00-0038359,WR,WR,2025,post-2025-season,basic_cohort_3col_plus_lags,resolved,19,0,0.9150787847561416,38.450217621119336,11.63720743282774,35.184978414343064,10.648961635587145,2026.0,0.7031478639207308,36.43475194080376,11.19790702084467,25.619017999657864,7.873784402089885,2027.0,0.48406093723653704,36.643470357521565,11.11584808662786,17.737672604861153,5.380747842992049,2028.0,0.32595467471197515,32.91624376926734,10.717488777505885,10.729203530551613,3.4934155682011747,2029.0,0.19789868080915055,27.42260374174171,9.772820646726068,5.4268971048427606,1.9340283137715182,2030.0
00-0038393,WR,WR,2025,post-2025-season,basic_cohort_3col_plus_lags,resolved,13,0,0.931057000708259,80.3939404775477,11.512500351496683,74.85134109614387,10.71879404791728,2026.0,0.8295924169798584,78.84375471539262,11.52882175865848,65.40818103810967,9.56422310769547,2027.0,0.716236119609571,80.0504369672951,11.57401421785826,57.335014346506,8.289727031704803,2028.0,0.6133596094216447,79.76071787384426,11.227642999623328,48.92200276229111,6.886582724974628,2029.0,0.4747539397179787,75.88861991941216,10.635622848668334,36.0284212865012,5.049303848759843,2030.0
00-0038394,TE,TE,2025,post-2025-season,basic_cohort_3col_plus_lags,resolved,1,0,0.432284480320238,5.434809186092297,5.891564267990939,2.349383664649564,2.546831797861746,2026.0,0.30987010757654876,14.13749182112344,7.019716355504095,4.380786111474099,2.175200262236913,2027.0,0.20047049977624204,11.206323332434735,7.441126532189547,2.2465372391073535,1.4917263548062933,2028.0,0.1326523821165802,17.01412456861169,7.427104812451367,2.2569641536545735,0.9852231456011905,2029.0,0.09860812313705289,19.52970580293068,8.137975084508739,1.9257876346458047,0.802470449219506,2030.0
00-0038396,RB,RB,2025,post-2025-season,basic_cohort_3col_plus_lags,resolved,1,0,0.3231441231033523,0.0,6.365210225156526,0.0,2.056880276576697,2026.0,0.18012887666600097,0.0,7.207634476233581,0.0,1.2983031016230953,2027.0,0.09784914009063991,5.927322245477413,8.084786795047917,0.5799833847600857,0.7910894357115993,2028.0,0.05614696613823932,13.267123408501405,9.079928903904241,0.7449087287689706,0.5098104607051319,2029.0,0.03641497194018465,16.19884731417008,8.313332605423689,0.589880570408839,0.3027297735559258,2030.0
00-0038397,RB,RB,2025,post-2025-season,basic_cohort_3col_plus_lags,resolved,6,0,0.5374670535875028,22.710204954785965,7.7762274014223545,12.20598694341712,4.179466029468876,2026.0,0.356907854374369,37.14182969356432,8.598911914498128,13.256210743468268,3.0690192013577247,2027.0,0.254523930473336,27.823146894611433,9.088650499733404,7.0816567057534945,2.3132790478905956,2028.0,0.16178959147550798,31.22445594575479,9.36623525714802,5.051791971508663,1.5153593759174775,2029.0,0.09913548862963652,41.5313117844039,9.540558863535724,4.1172268871766615,0.9458079647364236,2030.0
00-0038400,QB,QB,2025,post-2025-season,basic_cohort_3col_plus_lags,resolved,4,0,0.6418597406712371,44.86653103551045,5.700028163228397,28.798019975270748,3.6586185986685265,2026.0,0.6422277138775391,38.45329886247168,5.1664118099712155,24.695774219494957,3.3180128456677327,2027.0,0.4643310816084681,48.947660965142575,5.758337277892892,22.727920358149245,2.6737749765103684,2028.0,0.40824189038359965,48.943876648914,5.772009170401329,19.98094072585437,2.3563759350361115,2029.0,0.3502957060374771,43.428218647427734,6.560339509462789,15.212718513050628,2.298058760312824,2030.0
00-0038409,RB,RB,2025,post-2025-season,basic_cohort_3col_plus_lags,resolved,1,0,0.373047220929177,7.05804544255264,6.34518111667668,2.6329842375361054,2.3670521818685275,2026.0,0.26643026954020255,27.556783756494042,7.827722697062589,7.341961323903782,2.085542268064347,2027.0,0.201869713401612,22.944678178616506,8.618013210754883,4.631835608009535,1.7397158569463944,2028.0,0.1329693287969682,29.87523116255643,9.283854385957621,3.972489435339397,1.2344678863495744,2029.0,0.08950489181220868,39.54817597676893,9.253080554105724,3.5397552121708933,0.8281959739248848,2030.0
00-0038416,QB,QB,2025,post-2025-season,basic_cohort_3col_plus_lags,resolved,2,0,0.6476232343840543,0.6030680621164046,3.0197081071506124,0.3905608889415498,1.9556331312486301,2026.0,0.5272024884622656,3.680923047417091,3.530304834328965,1.9405917904363965,1.8611854936885968,2027.0,0.4574457880093926,10.71514152597258,3.896656040961197,4.901596358980693,1.782508893259055,2028.0,0.41615439364562246,14.25519757088456,4.133263451282483,5.932363101410014,1.7200757453460744,2029.0,0.3409125924113612,14.977260892330614,5.213223439355501,5.105936838025726,1.7772535175303563,2030.0
00-0038440,RB,RB,2025,post-2025-season,basic_cohort_3col_plus_lags,resolved,11,0,0.747093330486347,49.94167316681794,9.522758583553058,37.311090936258644,7.114389425604102,2026.0,0.5372055503780384,52.801832584878596,9.582800402189385,28.36543753472875,5.147933564221036,2027.0,0.37040668692681666,43.868629868204074,9.886310661018939,16.249233849500264,3.661955577877292,2028.0,0.22060446430860212,41.0225489164774,9.778134756847221,9.049757428292923,2.1571001799716045,2029.0,0.11991254410063018,51.32514275119016,10.104365489228055,6.154528443623229,1.211640172335945,2030.0
00-0038454,RB,RB,2025,post-2025-season,basic_cohort_3col_plus_lags,resolved,13,0,0.8775282296345099,60.96040661764454,10.269454690240178,53.49447769698148,9.011736393638278,2026.0,0.7241465671625812,63.52669327437086,10.260150777169509,46.00263685782589,7.4298529638577895,2027.0,0.553997121280082,61.23170276100961,10.204979390321062,33.922187060676976,5.653529204960435,2028.0,0.4037414092557946,62.07786620426492,10.0056704297015,25.063405184902585,4.0397034798367155,2029.0,0.29550196871583095,77.64173852453933,10.339179773433742,22.94328658852115,3.0552479779565695,2030.0
00-0038456,TE,TE,2025,post-2025-season,basic_cohort_3col_plus_lags,resolved,1,0,0.33969115989218535,0.0,5.34637542265217,0.0,1.8161164685397884,2026.0,0.2213157629206015,4.880941604413842,6.087979142779855,1.0802293149517541,1.3473657486290334,2027.0,0.13128072834684648,10.479248273131176,6.921283458651182,1.375723345824094,0.9086311335467079,2028.0,0.0823266463550893,16.078429562075158,7.923933623383285,1.3236831845021748,0.6523508811534771,2029.0,0.058640081878098826,20.4543535184454,8.592102796892465,1.1994449650852173,0.5038416115148161,2030.0
00-0038458,RB,RB,2025,post-2025-season,basic_cohort_3col_plus_lags,resolved,2,0,0.3198503314061954,2.7425504976495745,6.439328279738142,0.8772056855714425,2.0596212843075308,2026.0,0.20361593535995853,16.6005839261353,7.603689574378116,3.380143423641532,1.548232364873765,2027.0,0.1356822906027257,14.575112654283508,8.527633428578223,1.97758467072596,1.1570488370098688,2028.0,0.0798177039861316,17.13013616473582,9.069796880696195,1.3672881376390114,0.7239303626377487,2029.0,0.04782136639955496,24.289502032487434,9.029687806561533,1.1615571763583166,0.43181200907117284,2030.0
00-0038465,WR,WR,2025,post-2025-season,basic_cohort_3col_plus_lags,resolved,7,0,0.541932979050764,24.29799181656464,8.645619847743172,13.16788309010196,4.68534651982787,2026.0,0.35410821606585513,24.0442510720162,8.84236025841087,8.514266853751181,3.1311524169174874,2027.0,0.20962284087112612,25.669349733395634,9.13323576545791,5.3808820144288765,1.9145348275010612,2028.0,0.13260661557077633,29.849002547817605,9.299698646027782,3.9581752060295723,1.2332015632778752,2029.0,0.08692210933978785,34.401331216710815,9.426701991076971,2.990236273453194,0.8193888211819883,2030.0
00-0038476,QB,QB,2025,post-2025-season,basic_cohort_3col_plus_lags,resolved,0,1,0.28625979031261617,26.03214543100912,4.016771912906324,7.4519564924682,1.1498402855221705,2026.0,0.22134267058354162,34.48476116155077,5.0033391550150945,7.632949129933243,1.1074524504062415,2027.0,0.2235294726685929,35.71883872265427,4.791146036594103,7.984213184009425,1.070962347038099,2028.0,0.15294498430074666,40.242377381088694,5.1710385738467135,6.154869776775333,0.790884413495541,2029.0,0.10413096305630279,39.59920566711699,6.358906467981215,4.1235034223814955,0.6621590544958368,2030.0
00-0038477,WR,WR,2025,post-2025-season,basic_cohort_3col_plus_lags,resolved,0,1,0.12536984695822187,10.910518395277244,6.348716141104607,1.3678500214507725,0.7959375709914774,2026.0,0.08938274522612243,20.549530836861297,7.709870190761061,1.8367734793075197,0.6891293629872718,2027.0,0.06022882537822949,24.875225688082647,8.892924732349549,1.4982056242115782,0.5356104108064192,2028.0,0.044899693914954054,33.497680102895686,9.440991225823739,1.5040355834810628,0.42389761629325273,2029.0,0.0247071166309799,35.46017033258957,9.199440938249163,0.8761185641617039,0.22729166020113323,2030.0
00-0038488,RB,RB,2025,post-2025-season,basic_cohort_3col_plus_lags,resolved,13,0,0.6807548200409048,5.457124076923776,9.283180848288877,3.714963518927134,6.3195701077840685,2026.0,0.38666557824537684,3.194088382759503,8.8007195858672,1.2350440314865438,3.402935327644754,2027.0,0.19499947016148395,7.421289177634371,9.13408342410628,1.4471474575538572,1.7811414281115174,2028.0,0.1006325218228544,9.084114219154962,9.163484114552656,0.9141573224004137,0.9221445151310997,2029.0,0.057318114176430526,21.8994069418533,9.195582938018514,1.2552327074892626,0.5270734727601817,2030.0
00-0038489,RB,RB,2025,post-2025-season,basic_cohort_3col_plus_lags,resolved,0,1,0.10897449782841122,20.01892411585787,5.9754993510901935,2.1815522025906824,0.6511770410590509,2026.0,0.07334865603511,46.38519383825118,8.907239983360647,3.40229162796379,0.6533340817616989,2027.0,0.04665419522644281,37.980841052499294,8.933588296170216,1.7719655733277957,0.41678937244218983,2028.0,0.04601075045458155,27.743089140068,8.619399545916398,1.2764803512628802,0.3965850415754929,2029.0,0.03165677513647076,44.18529125105786,9.005689712092122,1.3987638294742077,0.28509109416452844,2030.0
00-0038492,WR,WR,2025,post-2025-season,basic_cohort_3col_plus_lags,resolved,3,0,0.3090232043087474,4.5380455615684525,7.341824717322354,1.4023613807349722,2.2687941996201175,2026.0,0.2025901373793241,6.510029233730961,7.639807894370966,1.3188677168049714,1.5477497308722588,2027.0,0.11881975276786719,8.698982006846222,8.141149996528961,1.0336108913855933,0.967329429833694,2028.0,0.07284298642905089,12.788145322812625,8.679834280118284,0.9315266962023706,0.6322650506730668,2029.0,0.0397336132464677,20.473552931050875,9.166366585490932,0.8134882339434607,0.36421286478324144,2030.0
00-0038496,WR,WR,2025,post-2025-season,basic_cohort_3col_plus_lags,resolved,6,0,0.6694017464251141,2.449307178857961,8.238406278995024,1.6395705030590884,5.514803550918894,2026.0,0.442337127985272,8.545442911617348,9.012015760310714,3.7799666748869187,3.986349168773849,2027.0,0.3105420478457215,13.284499737935729,9.237888618338548,4.125395753224511,2.8687528493095353,2028.0,0.22696168625217839,13.448577168469882,9.074710797538323,3.052311751848471,2.0596116648601486,2029.0,0.13880162728941658,19.74656547693391,8.684514403718724,2.740855421575441,1.2054247314545363,2030.0
00-0038498,TE,TE,2025,post-2025-season,basic_cohort_3col_plus_lags,resolved,1,0,0.30918383540129457,0.0,5.260925668828734,0.0,1.6265931760495889,2026.0,0.18387608025024696,0.0,6.037679400738094,0.0,1.1101848220153807,2027.0,0.09627161086769147,2.710630636932038,6.785460850743921,0.26095677788476385,0.6532472465807735,2028.0,0.07083173642965718,9.896345184625467,7.476814639489544,0.7009753137342981,0.5295957638777257,2029.0,0.05457790191228661,14.202801313619354,8.268122969232897,0.7751590969744125,0.45125680441351695,2030.0
00-0038507,WR,WR,2025,post-2025-season,basic_cohort_3col_plus_lags,resolved,0,1,0.1318273981984479,14.755534462434165,6.4378104766225315,1.9451837172102295,0.8486798052278581,2026.0,0.10215130490560953,24.67206178765332,7.699498897641851,2.520283306320612,0.7865138595134171,2027.0,0.07018191619718352,29.301176575165858,8.890371546229627,2.056412718877167,0.6239433108193125,2028.0,0.05162855196444009,42.09161035368649,9.553156035522818,2.173128892412268,0.4932156128043943,2029.0,0.030657404424079923,44.76347828874003,9.49449357371551,1.3723320573264242,0.29107652929122424,2030.0
00-0038519,WR,WR,2025,post-2025-season,basic_cohort_3col_plus_lags,resolved,14,0,0.7519807994266003,9.499380292577154,9.863843215038042,7.143351586469461,7.417420706262955,2026.0,0.4905068764348412,10.362206944885738,9.628595300643791,5.082733761507322,4.722892205373977,2027.0,0.28980706286640867,14.130103463583396,9.853941859931357,4.095003782779572,2.855741948083063,2028.0,0.1833377821645319,20.439542577201166,9.859043735152433,3.7473404045615823,1.8075352126659696,2029.0,0.12177706451679779,20.92797087971357,9.504004803895345,2.548546860024545,1.1573698061719195,2030.0
00-0038542,RB,RB,2025,post-2025-season,basic_cohort_3col_plus_lags,resolved,17,0,0.9948526556074855,255.44516985784048,15.464963921321072,254.13030559517782,15.38536042600022,2026.0,0.9839293100088629,230.73754998003648,14.679800712946767,227.0294383449928,14.443886186557325,2027.0,0.9599507415114277,226.22225822943983,13.493528519249214,217.16222453374044,12.95312270765888,2028.0,0.9107065387266655,213.17713227484285,13.130451000664438,194.14180826969866,11.957987582735193,2029.0,0.8328840880462235,175.21076132126888,12.780802557134491,145.93025515894956,10.644927082297801,2030.0
00-0038543,WR,WR,2025,post-2025-season,basic_cohort_3col_plus_lags,resolved,20,0,0.9973847526371035,287.86077170439256,16.709946735211563,287.1079445803113,16.66624609107816,2026.0,0.9913664808519612,274.43706922153996,16.01191838066566,272.06771152948414,15.873679176729347,2027.0,0.9849692662507722,258.3694845112227,15.429921569895981,254.48600158060927,15.197998527007408,2028.0,0.9717766548268797,222.41013785283553,14.97536367106028,216.1329797622137,14.55270881307894,2029.0,0.955475269857351,203.77203835615083,14.2556109230816,194.6991433377257,13.620883693712791,2030.0
00-0038544,WR,WR,2025,post-2025-season,basic_cohort_3col_plus_lags,resolved,14,0,0.973000682080318,160.63606100583755,13.274836904426577,156.2989969253755,12.916425362512037,2026.0,0.9279504177376526,153.88535441873566,13.104798988101958,142.79797891657248,12.16060369537718,2027.0,0.8754015123598614,146.48365649732705,12.874186563458048,128.23201443376254,11.270082388054183,2028.0,0.7992207162560069,138.46152428055456,12.563426135404594,110.6613186094033,10.040950434567495,2029.0,0.6982347620023663,129.5105669104005,12.045592084002502,90.42877986347504,8.410651121951075,2030.0
00-0038547,TE,TE,2025,post-2025-season,basic_cohort_3col_plus_lags,resolved,14,0,0.903468726797323,37.98315853970367,10.646935229022315,34.316595885606944,9.619173015658356,2026.0,0.7470035039437807,38.85981721031384,9.993984297825868,29.028419618719273,7.465541288835048,2027.0,0.566168412732738,41.644225664141196,10.077175670779608,23.57764514375077,5.7053785543542554,2028.0,0.4177469469784857,41.26124761012406,9.993709524828363,17.236760217652666,4.174841642986862,2029.0,0.280955746986746,44.934628914368005,9.848931142599426,12.6246422322085,2.7671138061900478,2030.0
00-0038550,QB,QB,2025,post-2025-season,basic_cohort_3col_plus_lags,resolved,0,1,0.25870919930579944,5.045488542609135,2.6363977836921095,1.3053143009649943,0.6820603596705699,2026.0,0.15737162186236606,22.277508070541195,4.404437622782406,3.505847576113017,0.6931334920888912,2027.0,0.15800921342027976,23.571847149633115,4.287028091586895,3.724569026976592,0.6773899366622883,2028.0,0.11888659706570448,37.6357405409312,5.170619983066622,4.474385120959087,0.6147174145067212,2029.0,0.08164375170767325,46.9105156426048,6.887333101231607,3.8299504916037486,0.5623077136449925,2030.0
00-0038551,RB,RB,2025,post-2025-season,basic_cohort_3col_plus_lags,resolved,7,0,0.7537059525128605,58.82077606349376,8.80112305477363,44.33356905048123,6.633458835181055,2026.0,0.5843135577834635,65.78177751226714,9.523697498283667,38.43718445551305,5.5648255684756,2027.0,0.42804375940224626,58.28874495134555,9.750702690087877,24.95013351981265,4.173727436278811,2028.0,0.30361507217918304,60.94267174739102,9.969376441343616,18.503113681376384,3.026852947819989,2029.0,0.2323747056951747,73.9053605113348,9.971515597538708,17.173736398117214,2.3171280023129017,2030.0
00-0038555,RB,RB,2025,post-2025-season,basic_cohort_3col_plus_lags,resolved,16,0,0.9496645300322334,76.90133567274322,11.922832910586672,73.0304708005067,11.322691512685138,2026.0,0.8473360228577731,80.51916185162429,11.296226371527055,68.22678636719665,9.571699526950828,2027.0,0.7042319305753657,65.12025071848124,10.597236727616519,45.85975988302789,7.462912479453552,2028.0,0.5270634403629485,78.03267413873074,10.952255819971127,41.1281696922803,5.772533632209107,2029.0,0.40098486224114527,83.41181961520175,10.623881566650706,33.44687699768493,4.260015686469676,2030.0
00-0038558,TE,TE,2025,post-2025-season,basic_cohort_3col_plus_lags,resolved,13,0,0.9481194954805073,69.15592838179002,11.515616250492608,65.56808392682885,10.918180269564182,2026.0,0.8925981258008457,70.25913702544405,11.492260618449423,62.71317402929616,10.257970289242824,2027.0,0.8263450949181033,66.43828023825623,11.287748991159146,54.90094698967739,9.327576011511129,2028.0,0.7147276790068583,64.86768203272051,10.722603177435392,46.362727821801215,7.663741281919962,2029.0,0.586498963637694,65.69971162579884,10.329832663375752,38.53281277982638,6.05843615162068,2030.0
00-0038559,WR,WR,2025,post-2025-season,basic_cohort_3col_plus_lags,resolved,17,0,0.9826669466625904,167.81238926650198,13.790641982312847,164.90368817266756,13.551608049276298,2026.0,0.9379680723872063,161.18704842191232,13.45423421671201,151.18830510208437,12.619642133695358,2027.0,0.887525202129782,150.8826172191596,13.037652374420867,133.91212534530516,11.571245058905713,2028.0,0.8009233381986429,133.91161042454956,12.661069666721545,107.25293404478643,10.1405461826362,2029.0,0.6943869362821946,123.60110199788542,11.976263764210024,85.8269905374147,8.316161103337263,2030.0
00-0038563,WR,WR,2025,post-2025-season,basic_cohort_3col_plus_lags,resolved,17,0,0.9769914563004521,133.42395088669218,13.279726084954568,130.3540600821494,12.974178927010865,2026.0,0.9289279657042717,128.56713759374378,12.913040745134973,119.4296095813776,11.995284670434604,2027.0,0.8691211582401686,125.17578834068294,12.754241022012344,108.79292614628055,11.08498072952564,2028.0,0.793416611841281,116.92192067516775,12.362270505022723,92.76779415206661,9.808430778760531,2029.0,0.6951880934197527,108.02382110840065,11.68662281799497,75.09687424026549,8.124401035357701,2030.0
00-0038564,TE,TE,2025,post-2025-season,basic_cohort_3col_plus_lags,resolved,10,0,0.8019592340044418,15.919606074111078,8.809808996947899,12.766875092846579,7.065107674917777,2026.0,0.636354308366023,25.080122602782254,8.451235513191472,15.959844072628563,5.377980129835331,2027.0,0.48538927038102775,34.10656071192651,8.907709115638887,16.554958619168236,4.323706428406389,2028.0,0.3607832526515774,35.55152647809848,9.764306724859182,12.826395359497049,3.5227983400823666,2029.0,0.25632911542434544,38.22504243560526,9.861444097828674,9.798191314576764,2.5277752424030564,2030.0
00-0038573,WR,WR,2025,post-2025-season,basic_cohort_3col_plus_lags,resolved,12,0,0.7973451770503648,12.993342688024116,9.775239815167472,10.360179126058652,7.794240321134483,2026.0,0.5813860901935144,14.447345125238554,9.851765302056997,8.399485496038773,5.727679310467044,2027.0,0.394659971327119,20.595023840583586,10.093957213668148,8.12803151840605,3.983680864523437,2028.0,0.29148471171478313,23.548000479193746,9.830186448640683,6.863882131137364,2.8653490630845972,2029.0,0.18763850989829656,24.525796628188687,9.32340714335663,4.601983933381991,1.7494302235545718,2030.0
00-0038576,WR,WR,2025,post-2025-season,basic_cohort_3col_plus_lags,resolved,14,0,0.7009834290554874,7.423312459769959,9.692087799594542,5.203619022999871,6.7939929404666355,2026.0,0.4133932787229138,6.406667075363217,9.347249993696021,2.6484731079705415,3.8640903219367337,2027.0,0.22076802458246605,8.27630704497312,9.491004043894762,1.8271439571566626,2.0953102140748436,2028.0,0.127217344052467,11.448125486090873,9.467955121532166,1.4564001187198388,1.2044881041692745,2029.0,0.0793060302411551,12.504683444255846,9.247290674351397,0.9916968033862256,0.7333659138688634,2030.0
00-0038579,QB,QB,2025,post-2025-season,basic_cohort_3col_plus_lags,resolved,1,0,0.6244230088807505,28.513363228528306,4.648942304204247,17.804400060467398,2.9029065417042252,2026.0,0.5578896119388023,29.26846535407686,4.916155000227496,16.328572778430217,2.74267180530792,2027.0,0.4434068435255881,41.892210566127034,5.315700159676554,18.57529285543568,2.357017828930646,2028.0,0.3543702767129523,39.08882435999036,5.219900442762938,13.851917504833775,1.8497775643159646,2029.0,0.3014487869632697,34.82784851401809,5.958569073508433,10.49881268709127,1.796203419245971,2030.0
00-0038582,QB,QB,2025,post-2025-season,basic_cohort_3col_plus_lags,resolved,2,0,0.6270681349209131,0.4628196755777059,2.874496549578881,0.2902194707692141,1.8025051901810287,2026.0,0.49413701325843645,0.7242476488166942,3.4418597782902305,0.3578775700457263,1.7007503108986788,2027.0,0.41709212691470926,8.734041319155825,3.826546900677374,3.642899870367656,1.5960225855424146,2028.0,0.3705937596425397,11.91861944443231,4.014420153954954,4.416965989660848,1.4877190576389494,2029.0,0.2947656918576336,12.83973988848278,5.0827374883185605,3.7847148115006823,1.4982166322749515,2030.0
00-0038583,QB,QB,2025,post-2025-season,basic_cohort_3col_plus_lags,resolved,0,1,0.3257081557716172,18.09211555801339,3.396330063229032,5.892749592407524,1.1062124012860282,2026.0,0.22097374382379628,33.140251844131036,5.016119573440851,7.323125521261104,1.108430721611049,2027.0,0.24391220905778296,35.93446411750227,4.9288747834326925,8.764854524207616,1.2022127365962696,2028.0,0.18366448123084192,47.15555420933308,5.708760500042832,8.660800401010004,1.0484965357114884,2029.0,0.13796851217859682,56.09577179644294,7.237510237524249,7.739450174265325,0.9985485193485835,2030.0
00-0038589,TE,TE,2025,post-2025-season,basic_cohort_3col_plus_lags,resolved,7,0,0.7704400853006542,24.110371104575353,8.556766996791657,18.575596370439463,6.592476294905987,2026.0,0.6160731707899992,31.974576445742237,9.08310950388817,19.698678695595643,5.595860072693162,2027.0,0.4546327523068866,30.374345592019168,9.194812616394271,13.809172336020223,4.180262966737413,2028.0,0.3105621339955179,32.187191201674636,8.894506291477342,9.996122786913833,2.7622968547177633,2029.0,0.2148731243781821,37.016957288099206,8.953187093290866,7.953949267467595,1.923799283877823,2030.0
00-0038590,TE,TE,2025,post-2025-season,basic_cohort_3col_plus_lags,resolved,3,0,0.46634792572405936,0.0,5.856588624886041,0.0,2.7312079570347265,2026.0,0.3144586906228405,0.0,6.493475739613184,0.0,2.0419298786699427,2027.0,0.19953709627041066,0.35177626664433603,7.079700428554852,0.07019241478305653,1.4126628659782172,2028.0,0.15083849577158764,7.057434244004114,7.452867249056338,1.0645327653724723,1.1241792850329884,2029.0,0.1170672867261928,9.656006353719896,8.211859494642164,1.1304024644408666,0.9613401100144829,2030.0
00-0038597,RB,RB,2025,post-2025-season,basic_cohort_3col_plus_lags,resolved,17,0,0.9849195664741367,194.8459969183358,14.234539747515676,191.90763481402828,14.019876717082006,2026.0,0.94905754279235,172.14097919569286,13.276356404742868,163.3716947293333,12.600026186720745,2027.0,0.8703776236722981,169.76768730254588,12.449381111817203,147.76199625073167,10.83566274829425,2028.0,0.7317508551969544,159.26951251676556,12.16854962432824,116.54560199094523,8.904346594108768,2029.0,0.563405621470562,131.10796469137495,11.840862735259769,73.8669643266846,6.6712086281066485,2030.0
00-0038606,WR,WR,2025,post-2025-season,basic_cohort_3col_plus_lags,resolved,17,0,0.9855406774639532,162.17623921218828,13.71658338080801,159.83128066173617,13.51825087761233,2026.0,0.9518390355144374,158.165755238986,13.363828999155807,150.54833991808903,12.720214105336332,2027.0,0.9166157909451665,150.74266312420977,13.060631813258867,138.17310538877834,11.97158135975388,2028.0,0.8563027151327907,140.8918918582183,12.789811623964868,120.64610953838785,10.951950419638043,2029.0,0.7945043539872274,131.62508001612716,12.237007228472041,104.57669916673022,9.722355522794212,2030.0
00-0038608,WR,WR,2025,post-2025-season,basic_cohort_3col_plus_lags,resolved,18,0,0.9789671783928215,131.18342939407054,13.451645932991923,128.42427172580716,13.168719863760376,2026.0,0.939892215934349,126.32887679132881,12.898991329065321,118.73552794389938,12.123661543593158,2027.0,0.8862924260223844,125.68498395009709,12.866792951578205,111.393649339716,11.403741140181964,2028.0,0.8250464675202984,121.59378399821878,12.540811020431274,100.3205219601566,10.346751832246452,2029.0,0.7553128036887616,112.3780766207235,11.970977389343206,84.88060012554915,9.04183249483959,2030.0
00-0038611,RB,RB,2025,post-2025-season,basic_cohort_3col_plus_lags,resolved,12,0,0.8382083235157686,80.11197136414422,10.370479318445916,67.15052121068258,8.692622083569502,2026.0,0.637470999161369,69.6222553631055,10.128724875515342,44.38216869018684,6.4567683666253775,2027.0,0.41490960189465376,70.94673702701078,10.300789562270094,29.436482415601734,4.273896496482089,2028.0,0.2528549131578969,62.87133912812975,10.053359376920248,15.897326995363931,2.5420413121962975,2029.0,0.1527034111319786,66.87380513338178,10.142245278077127,10.211858159242619,1.5487554504995802,2030.0
00-0038618,WR,WR,2025,post-2025-season,basic_cohort_3col_plus_lags,resolved,18,0,0.9638872073649526,84.97634932325829,12.387226200870456,81.9076160412641,11.939888869754995,2026.0,0.8683468697951122,83.5763188109574,12.021855694666655,72.57323482849321,10.439140761592334,2027.0,0.758689491135688,81.91493302843561,11.858667453479011,62.14799885575777,8.997046375827336,2028.0,0.6310615836792852,76.96399082832045,11.480032743704221,48.569017938397884,7.244607643932036,2029.0,0.49875046599458167,70.84814633331797,10.740771166440107,35.335545998594654,5.35696462440317,2030.0
00-0038619,WR,WR,2025,post-2025-season,basic_cohort_3col_plus_lags,resolved,15,0,0.9237638582551039,84.76225753371268,11.882860214657349,78.30031005375517,10.976956798997945,2026.0,0.7965179714155488,79.72529121804584,11.629768157095997,63.50262723151174,9.26331934052325,2027.0,0.6403349285641057,78.79496000886839,11.601218743256528,50.455165088490304,7.428665575219733,2028.0,0.5060601138837955,73.08513580582354,11.215217680279846,36.98547214910772,5.675574336513975,2029.0,0.35219789444745364,67.3179987498483,10.574763230046779,23.709257418112887,3.7244093439028294,2030.0
00-0038621,WR,WR,2025,post-2025-season,basic_cohort_3col_plus_lags,resolved,20,0,0.9668891842232197,106.23285074257782,13.404857851146986,102.71539439219814,12.961012072323731,2026.0,0.9074023560216167,98.12125962962597,12.554178421839904,89.03546216373134,11.39169107789327,2027.0,0.8017011528679393,100.64825796842902,12.645796615053236,80.6898244474393,10.138149725221664,2028.0,0.7112668971195147,96.41485470545283,12.211137339240178,68.57669454257628,8.68537776558161,2029.0,0.5955703771150247,86.00576728714285,11.538705363629347,51.22248725727072,6.872111104835889,2030.0
00-0038622,RB,RB,2025,post-2025-season,basic_cohort_3col_plus_lags,resolved,0,1,0.1657805540485041,34.337087867571334,6.422710410223123,5.692421451098143,1.0647604902998844,2026.0,0.11760286769514511,57.994412544357644,9.05822338068716,6.820309225511756,1.065273045792022,2027.0,0.0814868929909228,47.78931510361165,9.17728889367229,3.8942028059574927,0.7478287580254582,2028.0,0.07025833524414951,42.2881878621543,9.15155066153189,2.971097679686811,0.6429727143817257,2029.0,0.05015256749827433,59.16828621613999,9.31095402722094,2.9674414682121752,0.4669682503235274,2030.0
00-0038636,RB,RB,2025,post-2025-season,basic_cohort_3col_plus_lags,resolved,0,1,0.17475847261271749,29.494322325913373,6.687511607700493,5.154382720423794,1.168699314141557,2026.0,0.11600892981143916,47.1287910149336,9.016850180966216,5.4673606089494164,1.0460351397639722,2027.0,0.0715402525047101,41.29242376492012,9.125943769110524,2.954070422673878,0.6528723215859528,2028.0,0.05616996509144634,37.06751212893079,9.362260827004778,2.082080862308806,0.5258778638298739,2029.0,0.035639146665118165,50.68204330599622,9.125104482761236,1.8062647746702696,0.3252109369956549,2030.0
00-0038640,WR,WR,2025,post-2025-season,basic_cohort_3col_plus_lags,resolved,5,0,0.5458562077509387,11.88109137334635,8.073486668820173,6.4853674809972315,4.406962816369939,2026.0,0.33704592447957027,15.040127869439107,8.728323176240165,5.069213802046053,2.9418457540923257,2027.0,0.21417818832069746,16.645549440804725,8.936770762297913,3.5651136228341547,1.9140613713063455,2028.0,0.14041504098120566,16.740257943236116,8.941229985757548,2.350584005135453,1.255483174872531,2029.0,0.08326917578591488,23.17611020257405,8.810689369880784,1.9298555944918738,0.7336588419356945,2030.0
00-0038643,TE,TE,2025,post-2025-season,basic_cohort_3col_plus_lags,resolved,6,0,0.6000065159115353,0.0,6.910569986124335,0.0,4.146387020337289,2026.0,0.39653611594154936,0.0,7.150511108095623,0.0,2.8354359018011426,2027.0,0.25185418641733187,2.1870840511522687,7.526227857636875,0.5508262743292769,1.8955119938765939,2028.0,0.17626260210300856,6.987714084095622,7.628259376251016,1.2316726672145355,1.344576847174677,2029.0,0.12434218859257877,9.881203076524478,8.267276967572647,1.2286504164627763,1.0279713118490008,2030.0
00-0038647,WR,WR,2025,post-2025-season,basic_cohort_3col_plus_lags,resolved,2,0,0.4593973249513509,24.25687133986505,7.493767036502739,11.143541805223094,3.4426165303779706,2026.0,0.2484830661138969,29.375815362787975,8.36398156016335,7.299392670941272,2.078307782989484,2027.0,0.1652147922204012,22.79341171123115,8.326962687725654,3.765808779865114,1.3757374102796274,2028.0,0.08946821188606809,28.75278351685313,8.666807545476114,2.5724601280000616,0.7754037738544307,2029.0,0.055897645568605214,38.043847051126875,8.922251524680462,2.1265614785301166,0.4987328534005359,2030.0
00-0038658,QB,QB,2025,post-2025-season,basic_cohort_3col_plus_lags,resolved,1,0,0.4687124434904866,7.353798197050567,3.712962994140148,3.446816721875506,1.740311957573182,2026.0,0.446548811617733,4.006837758991961,3.3099489206895014,1.7892486396229206,1.4780537570492949,2027.0,0.3282920255369398,19.168633245580228,4.171328430739324,6.2929094349662575,1.3694138597072372,2028.0,0.2718119966544623,21.783646345657893,4.3616064063351025,5.921056407627954,1.1855369459268383,2029.0,0.24737098416097106,28.48050691840362,5.899895623268565,7.045251025808849,1.4594629867749507,2030.0
00-0038678,RB,RB,2025,post-2025-season,basic_cohort_3col_plus_lags,resolved,1,0,0.27525893084967396,0.0,6.063613435746196,0.0,1.669063751409216,2026.0,0.15645465199360203,0.0,7.158276627678533,0.0,1.11994567865738,2027.0,0.08726878580621633,7.536461058399631,8.111346235827998,0.6576978058423678,0.7078673372545327,2028.0,0.051380227661680114,12.529725361183168,8.876165203017404,0.6437801415959182,0.45605938889371733,2029.0,0.03643968720902643,16.51388938714112,8.438457502995877,0.6017609638718836,0.30749475193583203,2030.0
00-0038679,WR,WR,2025,post-2025-season,basic_cohort_3col_plus_lags,resolved,12,0,0.6389593533389231,72.9303625331701,10.774343978729839,46.59953728296759,6.884367861300337,2026.0,0.5151242241532069,62.23491384412402,10.07204744618976,32.05871170919606,5.18835562635279,2027.0,0.2860163494232121,64.8227987003274,10.563162076495379,18.540380243663378,3.021237055484925,2028.0,0.18955325864887843,71.25235054417669,10.810641587041907,13.506115232040878,2.0491923409088764,2029.0,0.13641910081695985,67.5431299305943,11.027723312423953,9.214173051494763,1.5043920983391017,2030.0
00-0038685,RB,RB,2025,post-2025-season,basic_cohort_3col_plus_lags,resolved,18,0,0.9207670532397225,50.79256505097571,11.64321828932119,46.76812044847382,10.720691794485115,2026.0,0.7501189649185153,48.99543171054137,10.66647667663762,36.75240252044709,8.001126444006896,2027.0,0.5319769397570658,41.38902654652671,10.252617384096748,22.01800768174524,5.454156020491881,2028.0,0.33416982174940024,48.13671126239703,10.23938013748353,16.08583622215756,3.4216918353672203,2029.0,0.2133166839678179,58.51928593134997,10.227651116228964,12.483140023040153,2.181728620893714,2030.0
00-0038705,RB,RB,2025,post-2025-season,basic_cohort_3col_plus_lags,resolved,12,0,0.8313199162075671,57.533459425918146,10.303023674855133,47.82871066908573,8.565108778065149,2026.0,0.6081284053435903,49.88410375085387,9.873910696963694,30.33594046600097,6.004605566649549,2027.0,0.37984940352530067,50.50323927666468,9.92879163529372,19.183625315336617,3.7714455803933142,2028.0,0.2196911076757224,50.83125892510347,10.104122890843456,11.16717557780743,2.2197859499810213,2029.0,0.1291924754711055,54.69586281173227,9.809276881455805,7.066293914675672,1.2672847628967612,2030.0
00-0038710,TE,TE,2025,post-2025-season,basic_cohort_3col_plus_lags,resolved,9,0,0.7862921109583987,11.107022672807318,8.475888570175595,8.733364303864462,6.664524316091532,2026.0,0.6093138043910721,16.40811730277487,8.473709468862872,9.997692376648732,5.163148153777487,2027.0,0.4424350374864101,21.081501590174696,8.786488752499762,9.327194946318755,3.887450480586153,2028.0,0.3377692760126317,24.062362648318874,8.92018160166513,8.127526810876057,3.012963281495628,2029.0,0.24708685024056898,27.905055032872724,9.099188474713095,6.894972153862258,2.248289819962146,2030.0
00-0038720,TE,TE,2025,post-2025-season,basic_cohort_3col_plus_lags,resolved,11,0,0.8946317608671318,33.33485144673425,9.894061519192933,29.822416848036116,8.851541679043303,2026.0,0.7844679938455804,38.45001489095468,9.939666138894536,30.162806044839908,7.797349955473443,2027.0,0.6651796946512835,36.514347076657515,9.909197843860616,24.28860223884203,6.591397196018361,2028.0,0.5118481673258403,36.95102235800466,9.385866039313907,18.913313074760833,4.804138330988666,2029.0,0.3752218489367863,39.96965165888953,9.310460223547985,14.997486596807818,3.493488099532079,2030.0
00-0038728,WR,WR,2025,post-2025-season,basic_cohort_3col_plus_lags,resolved,1,0,0.3467395233377947,11.763749209066269,6.91491465201346,4.078956793416997,2.3976742103606794,2026.0,0.17892365327358534,18.370252768998043,7.872358916780737,3.2868727369883266,1.4085512172712944,2027.0,0.1148623007166721,12.590963704965283,7.937917891749711,1.4462270593924262,0.9117675119464071,2028.0,0.060382982444532086,19.37733857804045,8.447503238319136,1.170061495179571,0.5100854397395523,2029.0,0.03899675069729452,30.146892127848105,8.754481549711093,1.1756308366079231,0.34139633447814804,2030.0
00-0038735,TE,TE,2025,post-2025-season,basic_cohort_3col_plus_lags,resolved,1,0,0.33522108415639956,0.0,4.980842062192117,0.0,1.6696832760998386,2026.0,0.21106929759395346,0.0,5.817780290196788,0.0,1.2279547994077828,2027.0,0.12323388893577433,0.0,6.533857470964203,0.0,0.805192665898982,2028.0,0.08978075748310818,1.3089165003184746,6.9564846004883885,0.11751551488073166,0.6245584568514247,2029.0,0.06985022349559415,4.43828519293875,7.880399925520441,0.3100152126639579,0.5504476960322663,2030.0
00-0038738,RB,RB,2025,post-2025-season,basic_cohort_3col_plus_lags,resolved,14,0,0.8718483215491687,43.807575778020386,10.644284633504542,38.19356141320509,9.280201691812543,2026.0,0.6681542506101155,40.12509249704448,10.025766446437922,26.80975110802432,6.69875846681177,2027.0,0.44604584246862305,40.30783774696065,9.893827072161436,17.97914344593163,4.4131004316411175,2028.0,0.27301940847804557,45.820459423615425,10.103628781163152,12.509874728027771,2.75848675331492,2029.0,0.1670195808403604,55.127121557444354,9.860457249505801,9.207308735459952,1.646889436706752,2030.0
00-0038740,WR,WR,2025,post-2025-season,basic_cohort_3col_plus_lags,resolved,2,0,0.36289894684185475,8.846058772244904,7.352769303053779,3.210225412148826,2.6683122364493346,2026.0,0.2710181363598184,13.740631657692077,7.834047276965763,3.723960384274429,2.1231688931579713,2027.0,0.179826033056595,18.50188063199319,8.46722176601085,3.327119798137982,1.5226269011921878,2028.0,0.12362911512415983,27.695355918825726,9.103959516006475,3.423952345293087,1.125514459090055,2029.0,0.0760785592367812,35.67652579928557,9.556767554510568,2.7142186813835,0.7270651065079808,2030.0
00-0038752,WR,WR,2025,post-2025-season,basic_cohort_3col_plus_lags,resolved,8,0,0.5867484857366498,14.527592654180932,8.680388211329436,8.52404299123954,5.0932046386038135,2026.0,0.3294098846086867,14.972385831532375,9.045722200332364,4.932051889081815,2.9797503062137194,2027.0,0.18856863606627192,14.279378113450454,9.125307345576655,2.6926428547279273,1.720746759840922,2028.0,0.11188765555846529,10.802798563801076,9.039711643065443,1.2086998047740583,1.0114321426671546,2029.0,0.06081608323801848,14.788789930270838,8.765857417937383,0.8993962793889207,0.5331051143818816,2030.0
00-0038783,TE,TE,2025,post-2025-season,basic_cohort_3col_plus_lags,resolved,7,0,0.7734131839974414,23.11186721620791,8.47181726040611,17.87502281181344,6.552215161615171,2026.0,0.6197762079278127,30.815697287168206,9.013108728835089,19.098836009292498,5.5861103495984805,2027.0,0.46340646145427705,28.16309226394715,9.132392955822324,13.050958929646074,4.232009904267589,2028.0,0.3133239246493625,30.146518056828924,8.73227851341916,9.445625352078512,2.736031774955792,2029.0,0.21605228821196437,34.640245661185425,8.836572867601328,7.4841043393236815,1.9091617879970266,2030.0
00-0038794,RB,RB,2025,post-2025-season,basic_cohort_3col_plus_lags,resolved,10,0,0.8226017174963759,50.94189265142273,9.953099641726583,41.90488838757634,8.18743685969685,2026.0,0.6106060649454872,49.20105186235837,9.758869142676735,30.04246066885348,5.958824685527781,2027.0,0.40112579766733364,45.19912242409537,9.717374009253392,18.130534036228724,3.897889400693583,2028.0,0.24176142719104868,53.06424042000181,10.31676996202585,12.82888649674857,2.4941970300211107,2029.0,0.15353041052925262,56.5666063355597,9.695430710715652,8.684694292945103,1.4885434572740974,2030.0
00-0038797,RB,RB,2025,post-2025-season,basic_cohort_3col_plus_lags,resolved,18,0,0.9458779380863603,78.08761685951441,12.444523806741971,73.8613540251552,11.77100051878772,2026.0,0.8070926201720973,65.6672230408173,11.145549705360152,52.999531103438756,8.995490914957472,2027.0,0.5885107188288741,64.69489635311899,10.640792225576622,38.07363995733356,6.262220281582792,2028.0,0.36559796738282274,68.05308638800666,10.741987772312058,24.880070057582877,3.9272488952084244,2029.0,0.21253611745124815,66.08893513550296,10.352421949846907,14.046285680187179,2.2002635674375415,2030.0
00-0038809,TE,TE,2025,post-2025-season,basic_cohort_3col_plus_lags,resolved,3,0,0.5255201041313592,10.586448475200324,6.650537618013966,5.563391505068543,3.494991221548221,2026.0,0.3864374055351495,17.372401459890398,7.447837534630248,6.713345748075088,2.8781230137298173,2027.0,0.25927900940223503,17.951176442739246,7.7909577322039,4.654363245678169,2.0200318031005104,2028.0,0.19061000236051115,23.008296042503133,8.01736553675189,4.3856113629728615,1.5281900638853587,2029.0,0.14575518967159407,24.661852311119226,8.618548616602803,3.594592961260023,1.2561981883067963,2030.0
00-0038821,WR,WR,2025,post-2025-season,basic_cohort_3col_plus_lags,resolved,0,1,0.19336906994642392,21.903944378873014,6.895307635300453,4.235545352700875,1.3333392244325242,2026.0,0.1543068509463827,30.69064547725017,8.201696549366563,4.735776857106316,1.2655779669505676,2027.0,0.11010606834390535,34.45254002961153,9.143197100035454,3.7934337271215415,1.006721484778301,2028.0,0.07909496999424917,44.64957635383793,9.53725554350844,3.531556901962748,0.7543489410412866,2029.0,0.04007510123107504,47.83763436714315,9.374532548414814,1.9170980399184163,0.3756853408717316,2030.0
00-0038824,WR,WR,2025,post-2025-season,basic_cohort_3col_plus_lags,resolved,9,0,0.6608698987614988,19.537770495673435,9.119154092662932,12.911924409501102,6.026574442008659,2026.0,0.44760104093130876,20.951085532175764,9.348639092395441,9.377727692842754,4.184460589047325,2027.0,0.2813806487364051,24.663668341768165,9.652550975027262,6.939878998226264,2.7160410553143906,2028.0,0.19138918302523286,28.82571297155701,9.692927057738217,5.516929655746154,1.8551213907036914,2029.0,0.12458388134856559,31.563975084184705,9.449364781833719,3.9323625267771476,1.1772385407992862,2030.0
00-0038839,WR,WR,2025,post-2025-season,basic_cohort_3col_plus_lags,resolved,8,0,0.6589171640292487,47.29604224339977,9.447234871457212,31.164174024828522,6.22494520941881,2026.0,0.4650301635523274,47.887293274453356,9.409170221691058,22.269035823497312,4.375547967084682,2027.0,0.31465016708579163,46.03950775230472,9.6846649744585,14.48633880681028,3.047281452383281,2028.0,0.19773421255907475,54.91995646194124,10.172008778424736,10.85955434478062,2.0113541459458113,2029.0,0.1190025996804857,56.35341197936498,10.36872949415494,6.706202526409857,1.233905765188165,2030.0
00-0038840,WR,WR,2025,post-2025-season,basic_cohort_3col_plus_lags,resolved,16,0,0.7940032747548004,26.52638984979336,10.423075360386285,21.062040408158424,8.275955969162782,2026.0,0.5292842937814238,26.17031937275076,9.86896930229843,13.851539007240701,5.223490447517576,2027.0,0.31448248213608887,26.82650755129567,10.006362504646514,8.436466681773993,3.146825717614727,2028.0,0.1845597044784606,34.58909801988986,10.18038817197267,6.3837537087273795,1.8788894324952916,2029.0,0.13453776157854386,33.85437463931703,10.023353060278096,4.554691783615136,1.3485194842412624,2030.0
00-0038891,WR,WR,2025,post-2025-season,basic_cohort_3col_plus_lags,resolved,3,0,0.5076609412934028,43.19936391187763,8.304150280361872,21.930629746780053,4.215692747970382,2026.0,0.32979891376453213,45.254361194027815,8.723322303357543,14.924839164898168,2.876942220065234,2027.0,0.22688792502891428,39.736671751958355,8.877032486437946,9.015771001356903,2.0140914812621693,2028.0,0.13164544303501938,48.815481756042786,9.413848368991584,6.4263357227421585,1.2392902392003917,2029.0,0.07258967657823516,54.334794314395026,9.846754343544202,3.9441451462268655,0.7147727131432059,2030.0
00-0038896,RB,RB,2025,post-2025-season,basic_cohort_3col_plus_lags,resolved,11,0,0.7169928143136414,25.701861128064706,9.118436524740801,18.428049743309494,6.537853466014206,2026.0,0.5035361895122953,38.48837882898903,9.319929696112993,19.380291616054834,4.692921885703221,2027.0,0.35600572120100865,24.959204311415405,9.529655774955803,8.885619531488766,3.3926119769604974,2028.0,0.21709738221690392,30.291987336505112,9.638595887808044,6.576311152902863,2.0925139354897415,2029.0,0.12999757941633236,44.55507457287911,9.953066634715853,5.792051845188462,1.293874570282522,2030.0
00-0038911,WR,WR,2025,post-2025-season,basic_cohort_3col_plus_lags,resolved,1,0,0.212307387842258,0.0228383891050645,6.740912200154609,0.004848758733421328,1.4311454608888332,2026.0,0.13305619783639347,1.525023496598686,7.224400935483946,0.2029138280685833,0.9612513201211779,2027.0,0.0753910371309968,1.7179850636630758,7.680910064093787,0.12952067572512085,0.5790717758419417,2028.0,0.043723779559407136,1.7855773461410251,8.240098958723323,0.0780721902689414,0.36028827041891887,2029.0,0.02190503696939376,10.965365395861994,8.758433696324328,0.240196734379268,0.19185381391196843,2030.0
00-0038920,TE,TE,2025,post-2025-season,basic_cohort_3col_plus_lags,resolved,0,1,0.149055278455879,3.382900640899961,4.072504088309522,0.5042391970179152,0.6070282308956814,2026.0,0.08349941681158592,12.290635855721803,5.774256359234672,1.0262609261963378,0.48214703851668644,2027.0,0.051765116508451656,16.476883332834532,6.948399251587036,0.8529277854203448,0.3596846968056412,2028.0,0.03172887703499532,22.700854794732635,7.619746295494469,0.7202726303713557,0.24176599324760514,2029.0,0.02351752437998669,25.471170334778726,8.408005060709552,0.5990188693349524,0.19773546400228836,2030.0
00-0038933,TE,TE,2025,post-2025-season,basic_cohort_3col_plus_lags,resolved,14,0,0.964062378795274,130.39272762730405,13.070935667487927,125.706723173983,12.601197332678403,2026.0,0.9206709193410276,119.34780767248913,13.074409981009119,109.88005581116671,12.037229057057173,2027.0,0.8590175825287621,109.44150801918222,12.885909571733988,94.01217964694006,11.069222888995167,2028.0,0.7394947901995815,105.83602134576915,12.284395628022047,78.26518640064799,9.08424656767282,2029.0,0.604530274327983,104.41649621000026,11.60781570438035,63.12293309819825,7.017276012117723,2030.0
00-0038935,TE,TE,2025,post-2025-season,basic_cohort_3col_plus_lags,resolved,13,0,0.9535383412344911,108.08240490958755,12.384455102628333,103.06071709412274,11.80905277565325,2026.0,0.9045904772240145,103.13043388747889,12.447611240639661,93.29080840659421,11.259990592469238,2027.0,0.8378138471429156,96.16078620961068,12.261618185046613,80.56483823856135,10.272953503811438,2028.0,0.7245637716718405,93.49017072287373,11.80347927217691,67.73959071320967,8.552373460298892,2029.0,0.5980477585663211,92.59124912329202,11.243822623440083,55.373989001040634,6.724342917665634,2030.0
00-0038938,WR,WR,2025,post-2025-season,basic_cohort_3col_plus_lags,resolved,6,0,0.6079554880342487,9.969700464281136,8.201658220180049,6.061134111317314,4.986243125939669,2026.0,0.3868588751759032,14.867930448273302,8.77102229126347,5.751790849412572,3.3931478177409597,2027.0,0.25757898491648434,17.22619569770641,8.99014728087863,4.437106001787926,2.315673010858409,2028.0,0.17167044139505303,20.921015693107023,9.065868928735746,3.591519998468514,1.5563417206257621,2029.0,0.1122536145226126,27.61284281305123,8.998232307273721,3.0996414130097465,1.0100841008056232,2030.0
00-0038941,WR,WR,2025,post-2025-season,basic_cohort_3col_plus_lags,resolved,0,1,0.1280168545369692,6.012473840093961,6.091418262115419,0.7696979889946411,0.7798042055850674,2026.0,0.08888339072257476,16.900403932081883,7.425873359056262,1.5021652060645727,0.6600368032293564,2027.0,0.06201598606980213,22.95990457847806,8.73754232028498,1.4238811225028816,0.5418673028190999,2028.0,0.04957598095992398,32.78076150883905,9.305865695739929,1.6251384084140135,0.4613474205476124,2029.0,0.030702898310301784,35.05627290193388,9.195412957109951,1.076329182046264,0.28232582894337827,2030.0
00-0038951,RB,RB,2025,post-2025-season,basic_cohort_3col_plus_lags,resolved,17,0,0.9559524875135038,82.59187326262801,12.298342456739181,78.9539066938093,11.756631063812756,2026.0,0.8549928126754559,75.10685569853773,11.320384946297686,64.21582180490236,9.67884776580395,2027.0,0.6954009563354778,73.23132072503263,10.747918993851018,50.92513046589779,7.474113146940244,2028.0,0.5057965721602871,78.78224891661318,10.867714585879662,39.847791449101436,5.496852784754287,2029.0,0.3416276360636776,82.21730680682762,10.575574054064388,28.08770416793863,3.61290836410638,2030.0
00-0038953,WR,WR,2025,post-2025-season,basic_cohort_3col_plus_lags,resolved,6,0,0.5486109819290826,27.89264644596154,8.641871898069809,15.302212155319697,4.741025827705423,2026.0,0.391899586106272,30.327820689356443,8.763391373123595,11.885460375664023,3.4343694520144115,2027.0,0.2603005691965917,32.298029743241905,9.222626897040183,8.407195526094316,2.400655030787356,2028.0,0.1714495723137794,42.94511802693606,9.765797745983829,7.362922118682966,1.6743418468517983,2029.0,0.10571802296267425,46.89632017123583,10.063483355930686,4.957786252727633,1.0638915645067704,2030.0
00-0038976,WR,WR,2025,post-2025-season,basic_cohort_3col_plus_lags,resolved,17,0,0.975858574647807,114.76058269015783,13.039205090959296,111.99009864976922,12.724420094603968,2026.0,0.9316334725228169,111.49877163848595,12.678987073330454,103.87598780359124,11.812168755198758,2027.0,0.8745922655034596,112.55322522499186,12.676944967898976,98.43818023924676,11.087158019137448,2028.0,0.815402033703975,110.08435054392605,12.269193485053139,89.76300331249858,10.00432531961989,2029.0,0.7327901692625274,102.00209948615829,11.586483949216982,74.74613574759509,8.490461534304268,2030.0
00-0038977,WR,WR,2025,post-2025-season,basic_cohort_3col_plus_lags,resolved,0,1,0.34369592439263513,66.66436594889952,9.022215079567054,22.912270878855928,3.100898551840971,2026.0,0.3700592544244958,65.98929717850264,10.015032055495917,24.41995011387317,3.7061552954942445,2027.0,0.2603055922465752,58.86018615226867,9.732344373729813,15.321635616109958,2.5333836661513627,2028.0,0.1227667249147566,68.30587828300101,9.768346083817672,8.385688969230031,1.199227856544184,2029.0,0.03236337769538459,75.2122083375145,9.704522309146565,2.4341211057309353,0.3140711208441961,2030.0
00-0038979,WR,WR,2025,post-2025-season,basic_cohort_3col_plus_lags,resolved,12,0,0.820063459580233,71.94767558521957,10.873493300815449,59.001659749171424,8.916954533989204,2026.0,0.6658778393208482,66.76151665174241,10.587251354642914,44.45501445784507,7.049816056376347,2027.0,0.4743280275392961,67.51446394416706,10.787287981609934,32.024002513009684,5.1167130308153945,2028.0,0.3454112657064672,70.25134230963758,10.745457024662766,24.265605064750204,3.711601911483215,2029.0,0.24625162460942523,67.71710670982087,10.626947548343677,16.6754475411432,2.616903098418779,2030.0
00-0038994,WR,WR,2025,post-2025-season,basic_cohort_3col_plus_lags,resolved,14,0,0.9621380010562416,141.10718050971565,13.049997056932131,135.76458059030006,12.555898082146516,2026.0,0.9231547958889841,133.34858918080943,12.712077627952292,123.10138962729411,11.735215427957218,2027.0,0.860059185697553,133.14810648229744,12.813368542755205,114.51525203833582,11.020255314924682,2028.0,0.8019483576278759,131.87613424044903,12.513680007792662,105.75784926444139,10.03532513013011,2029.0,0.7156110116109147,123.08771862671696,12.096927375029699,88.08292684334455,8.656694436228769,2030.0
00-0038996,TE,TE,2025,post-2025-season,basic_cohort_3col_plus_lags,resolved,8,0,0.9334551387898812,136.141702002295,12.207344002990691,127.08217133764293,11.3950079905675,2026.0,0.9044636581794248,144.09697486040238,13.350520870308785,130.33047701482815,12.07506094496024,2027.0,0.8514152024015756,128.4809924306653,13.12804359154903,109.39067017511022,11.177415891635425,2028.0,0.7272481287708583,125.58183103207134,12.466722450314368,91.32915162569199,9.066400573896773,2029.0,0.6171132052119019,123.35077511736358,11.757857815018847,76.12139219804877,7.25592932265209,2030.0
00-0038997,WR,WR,2025,post-2025-season,basic_cohort_3col_plus_lags,resolved,16,0,0.9573818353908183,134.3935236238967,13.181718632688856,128.66591831168552,12.619937978169006,2026.0,0.9077036453567433,125.07118679521164,12.576713358358793,113.5275721831078,11.415928561989126,2027.0,0.8189133440511008,125.03885940497372,12.689185607285093,102.39599049166247,10.391343418946935,2028.0,0.7390836358786577,121.53114557713512,12.40489671102435,89.82168094564747,9.168256163883079,2029.0,0.6378534895232564,111.98419664187396,12.001592015719758,71.42951059947784,7.6552573470613,2030.0
00-0038998,QB,QB,2025,post-2025-season,basic_cohort_3col_plus_lags,resolved,0,1,0.3259668696830536,14.953399088794715,3.252608238234499,4.874312692095839,1.0602425257226116,2026.0,0.21061707287809153,31.798827677868687,5.083535157048725,6.697376006467543,1.0706792946504717,2027.0,0.23718792497354824,36.69527254035789,5.055251364504636,8.703675550186313,1.1990445813665531,2028.0,0.17868128730613467,49.33764866452033,5.88883866188642,8.815714576034289,1.0522252728440011,2029.0,0.13584370747864136,60.432709122826374,7.420526557676822,8.209403260223047,1.0080318390385397,2030.0
00-0039021,RB,RB,2025,post-2025-season,basic_cohort_3col_plus_lags,resolved,6,0,0.6387134714070118,18.65040757739365,8.184607999269513,11.912266566912736,5.227619387319028,2026.0,0.4248123743292291,30.3513678381145,8.750622242985045,12.893636635449221,3.7173726119006414,2027.0,0.2729028135390666,25.405089893659714,8.969931509833378,6.933120510192642,2.4479195462862564,2028.0,0.1688721834187858,38.68630183511038,9.807454804343877,6.533040259293269,1.6562063065906112,2029.0,0.12447586317785175,44.73697813608214,9.264769330242132,5.568673969457506,1.1532401595255768,2030.0
00-0039032,RB,RB,2025,post-2025-season,basic_cohort_3col_plus_lags,resolved,13,0,0.9321434115556083,110.0264849153272,11.517129838073751,102.56046301044478,10.735616698590958,2026.0,0.8238227803526137,104.75798269229952,11.25389749219101,86.30201256570118,9.271217121820104,2027.0,0.6683652950332508,94.71448213560092,10.895831472108789,63.30387279648247,7.282395616488571,2028.0,0.4911335753771277,94.85705429822596,10.950759747080903,46.58748422723006,5.378285787679775,2029.0,0.357197306174,93.91031442356348,10.757721793485185,33.544511334050206,3.84262924520224,2030.0
00-0039040,RB,RB,2025,post-2025-season,basic_cohort_3col_plus_lags,resolved,16,0,0.9907566322590393,230.22224652223724,14.724191699854629,228.0942176354821,14.58809058128447,2026.0,0.9710141731653873,204.45896475279267,13.933567537689456,198.53255260568403,13.529691561853609,2027.0,0.9270119690392871,200.8866318650362,12.993273111540889,186.2243121588776,12.044919691394744,2028.0,0.8424611880218048,187.54489612047774,12.685126788946146,157.99929599308365,10.686726984822792,2029.0,0.7162909050936868,156.00807542723038,12.295743172520897,111.747165549695,8.807329005844514,2030.0
00-0039041,TE,TE,2025,post-2025-season,basic_cohort_3col_plus_lags,resolved,17,0,0.9672352949459444,58.10964697692263,12.295557642631522,56.20570153292847,11.892697322995561,2026.0,0.9086200380946063,57.46047556870404,11.557107785130228,52.209739500170066,10.5010197159885,2027.0,0.8341884701292825,57.48198017892384,11.347077792343152,47.95080510545822,9.46560146403269,2028.0,0.7208461098065586,54.9258703411269,10.811938600540321,39.593099963140766,7.793743879666858,2029.0,0.5705728667994474,57.33453623942254,10.326226991533233,32.71353070874413,5.89186493778095,2030.0
00-0039050,TE,TE,2025,post-2025-season,basic_cohort_3col_plus_lags,resolved,8,0,0.7516329352422342,13.31686465121517,8.439866578896392,10.009394066016409,6.3436816897487285,2026.0,0.5788240397665331,19.305696231154585,8.576153846158359,11.174601083022429,4.964084014892672,2027.0,0.41098262648495665,23.902353077654297,8.727672717053704,9.823451847025149,3.586921856355829,2028.0,0.31266444798082027,26.358547603820924,8.922170002307729,8.241380736124842,2.78964535856258,2029.0,0.2274239718340933,30.121375698703076,9.109585485136332,6.850322898505991,2.0717381127919103,2030.0
00-0039052,WR,WR,2025,post-2025-season,basic_cohort_3col_plus_lags,resolved,0,1,0.25796275615377334,21.261144493442064,7.051665221516526,5.484583432511936,1.8190669960161117,2026.0,0.19782284851859686,31.20234701190545,8.586956663716936,6.172537166360865,1.6986962273222312,2027.0,0.1496333969257124,36.52229711447346,9.536267453778603,5.464955380768807,1.4269440931010064,2028.0,0.11857283091423305,43.26321058406981,9.69513534571067,5.129841353391767,1.1495796440375556,2029.0,0.05660596705667194,45.26153448607974,9.188866553300606,2.5620729300534504,0.5201446774042887,2030.0
00-0039062,WR,WR,2025,post-2025-season,basic_cohort_3col_plus_lags,resolved,5,0,0.5912130273828179,5.636308307125256,8.021604828139383,3.3322588975184484,4.742477274912913,2026.0,0.3860803963970423,10.609692013791475,8.754681909624349,4.096194098335147,3.380011061997784,2027.0,0.2603734626084721,14.811747422526864,9.030371106324306,3.8565859636854314,2.3512689935931586,2028.0,0.18460576737817413,15.911839242227046,8.985519339271601,2.9374172937094687,1.6587786929176582,2029.0,0.11427999772207575,22.78188612730915,8.783275349945818,2.603513894733479,1.0037526869841722,2030.0
00-0039064,WR,WR,2025,post-2025-season,basic_cohort_3col_plus_lags,resolved,17,0,0.9848286535217107,193.77739331114276,14.421824930866892,190.83752933755966,14.20302642799148,2026.0,0.9539409011311446,183.18652379917617,13.958134140878919,174.74911758806797,13.31523506045943,2027.0,0.9129578946100921,173.08559508290233,13.60878022794611,158.01986047422142,12.42424334511713,2028.0,0.8494626506783567,153.732431309525,13.185336688488539,130.5899585954175,11.20045105349006,2029.0,0.7582660083687097,140.9022161880875,12.520222607003829,106.8413610392461,9.493659220100474,2030.0
00-0039065,TE,TE,2025,post-2025-season,basic_cohort_3col_plus_lags,resolved,9,0,0.9395789826869023,124.72975937301958,12.358133075525018,117.19346042248385,11.611442103011155,2026.0,0.9112352377365726,131.48444030338123,13.268404239616123,119.81325521851178,12.090637491671545,2027.0,0.8585242094182036,121.66705508127863,12.971177232316785,104.45411227589577,11.13606967859817,2028.0,0.7595221117837898,118.4863571396456,12.590952347581311,89.99300819227196,9.563106716404024,2029.0,0.6599872559815648,117.71435178456365,11.788945425949311,77.68997202394279,7.780553742588706,2030.0
00-0039066,TE,TE,2025,post-2025-season,basic_cohort_3col_plus_lags,resolved,13,0,0.9414760069621012,69.80823279576225,11.39906680705671,65.72277626563505,10.73194790060198,2026.0,0.8778468556315879,69.57335648017546,11.279129391157364,61.074752221857594,9.901348270289319,2027.0,0.8022275045919217,66.84904298172756,11.129081232441308,53.62814093558942,8.92805506550218,2028.0,0.6928519306817061,65.67401955805477,10.740654862016068,45.50237124642637,7.441683457933687,2029.0,0.5674571971723178,65.57419732031838,10.435389233354972,37.210550218212376,5.921636725761794,2030.0
00-0039067,WR,WR,2025,post-2025-season,basic_cohort_3col_plus_lags,resolved,8,0,0.9257296654860485,194.9077660439313,12.71369652103396,180.43190106048152,11.769446027507906,2026.0,0.8516056613769162,183.99690273473158,12.683036925460485,156.6928040447152,10.800946049174625,2027.0,0.7677604853498388,165.66501583453478,12.277002415251738,127.19105296261115,9.425797332974817,2028.0,0.6037374527570978,171.28654314631726,12.45837717897809,103.41210125072631,7.52158890352339,2029.0,0.48422704250261733,164.0846812830667,12.672850125750992,79.45423993768395,6.136536736471325,2030.0
00-0039074,TE,TE,2025,post-2025-season,basic_cohort_3col_plus_lags,resolved,15,0,0.948792354381652,60.02365037642043,11.557993545000828,56.94998055922507,10.966135907489273,2026.0,0.8773997069487812,58.111184905322354,10.99118190854099,50.98673660637627,9.64365978557461,2027.0,0.7947360583080506,58.598492435151286,10.87314215209106,46.57033490070626,8.641278135375963,2028.0,0.6944299162017947,57.53212774694829,10.632822531522939,39.95203065022425,7.383750059554029,2029.0,0.5660080530932625,57.123331037215834,10.403836197318444,32.33226538657647,5.888655070745425,2030.0
00-0039075,WR,WR,2025,post-2025-season,basic_cohort_3col_plus_lags,resolved,19,0,0.996974144926602,323.30210396796616,17.055748936047927,322.3238386564344,17.004140711599184,2026.0,0.990480425684886,305.88350873032743,16.278194703041194,302.9716279372013,16.1232332188497,2027.0,0.9831609429979888,283.7652286525238,15.563728009979204,278.9868897920552,15.301649506855366,2028.0,0.9649752156524897,242.97840330647836,15.239074250505546,234.46813712956657,14.705328961225892,2029.0,0.9444498769800881,223.04396974500617,14.72765308911744,210.65384978682155,13.90953014822238,2030.0
00-0039139,RB,RB,2025,post-2025-season,basic_cohort_3col_plus_lags,resolved,17,0,0.995078077698974,257.79505341908,15.562621392280588,256.52620619656244,15.486023378987499,2026.0,0.9844856217029336,234.87562409297448,14.782171526359708,231.2316748080365,14.55283532524764,2027.0,0.9613811415444468,226.06315128737725,13.513978714493254,217.33285044579372,12.992084283346879,2028.0,0.9124342319251982,215.28849126761727,13.258831304092185,196.4365891721031,12.097811557175127,2029.0,0.8395449140935485,175.46318554804225,12.814657277736368,147.30922503751148,10.758480343375444,2030.0
00-0039144,TE,TE,2025,post-2025-season,basic_cohort_3col_plus_lags,resolved,14,0,0.9225563966191609,49.633476117681816,10.810130512212451,45.789680878811716,9.972955052329564,2026.0,0.8132513491864964,47.865299998846794,10.246750189484523,38.92651980327856,8.333183416375276,2027.0,0.6918651104348092,48.56035621155216,10.264251340522462,33.59721621305921,7.101477387241212,2028.0,0.5679084640214569,48.53127784601503,10.09966840657092,27.561323458528953,5.735687171901726,2029.0,0.4319259182553645,48.49098273896061,10.058551033255528,20.944512246630595,4.34454889135734,2030.0
00-0039146,WR,WR,2025,post-2025-season,basic_cohort_3col_plus_lags,resolved,6,0,0.867761583051627,109.41721281132972,10.85487441881037,94.94805380225624,9.419443009493497,2026.0,0.7472539014895316,105.4848703957757,11.449222131291812,78.823980951361,8.555475906628097,2027.0,0.6360582405176134,98.92387650966653,11.323172950489031,62.92134683792016,7.202197463964686,2028.0,0.5093339199568112,100.98534755256723,11.077030538261376,51.43526292715004,5.6419073855339725,2029.0,0.3410725446699206,98.65948174839889,10.696235134869873,33.650040495742,3.648192135837879,2030.0
00-0039150,QB,QB,2025,post-2025-season,basic_cohort_3col_plus_lags,resolved,17,0,0.9732115885053965,211.056501555124,13.138877814597436,205.4026331428539,12.786908149122683,2026.0,0.9467050198889732,200.9904782865178,12.371126121671882,190.27869474373205,11.711807201066375,2027.0,0.930068336629439,196.19287782255145,12.211140880581326,182.47278353496318,11.357195487150017,2028.0,0.9114213517450928,197.4809858129185,12.16643343314406,179.98838703356367,11.088747205552849,2029.0,0.8853017106103425,198.195496494501,11.3114814917719,175.46281208184786,10.014073914202891,2030.0
00-0039152,QB,QB,2025,post-2025-season,basic_cohort_3col_plus_lags,resolved,0,1,0.41616275216567056,49.55248681210507,5.553828351878763,20.621899288378742,2.311296491973596,2026.0,0.36035164042606016,54.69298792719212,6.463912488616822,19.708707919366386,2.329281468843569,2027.0,0.42291463230610155,63.70354909055108,6.39586826571137,26.941163040224097,2.7049062758715876,2028.0,0.28833493952893824,62.093391151811794,6.46661499391546,17.903694182904363,1.8645510432275394,2029.0,0.23144716209027072,61.52875808558508,7.095998876453609,14.240656445847465,1.6423488021509374,2030.0
00-0039163,QB,QB,2025,post-2025-season,basic_cohort_3col_plus_lags,resolved,16,0,0.9751471597650004,205.25406934972636,12.988825182828595,200.1529227565941,12.666015985719417,2026.0,0.9485327293536662,197.24591145643498,12.509522113655816,187.09420274762385,11.865691153375995,2027.0,0.9400679905270155,196.49547363950714,12.422927562071692,184.71910505194563,11.67839654973941,2028.0,0.920752049816126,196.94197172209374,12.351139397289467,181.33472415794733,11.372336917618988,2029.0,0.9030205285517304,199.9540921485627,11.447879400468778,180.5626499780765,10.337670107007783,2030.0
00-0039164,QB,QB,2025,post-2025-season,basic_cohort_3col_plus_lags,resolved,2,0,0.6893984425535834,40.61898512883061,5.446111709616993,28.002665085922988,3.754540930582788,2026.0,0.7197141798034231,35.464275394040584,5.212149266932655,25.52414187754464,3.7512577346634486,2027.0,0.6082541741307538,55.48967445316637,6.191315097791939,33.751826107295095,3.765893251590703,2028.0,0.5548077784459301,54.912231162635265,6.286713116673779,30.465732980851044,3.4879173379886685,2029.0,0.5529162509159851,56.10376788335749,7.205207083403151,31.020685000326676,3.9838760876285693,2030.0
00-0039165,RB,RB,2025,post-2025-season,basic_cohort_3col_plus_lags,resolved,17,0,0.9769883637351214,141.32433585609243,13.359921954209344,138.0722316439965,13.052488289671913,2026.0,0.9230360238891039,128.70052791413792,12.444265255897733,118.7952235582945,11.486505122025164,2027.0,0.8216390834606354,123.26798445284268,11.653532240971384,101.28179376587352,9.574997549550693,2028.0,0.6653591929825475,123.08181381986935,11.64571830388083,81.89361631401644,7.748585732372232,2029.0,0.502355867102482,110.83484170352494,11.300054411221907,55.67853300914061,5.676648632054609,2030.0
00-0039230,RB,RB,2025,post-2025-season,basic_cohort_3col_plus_lags,resolved,0,1,0.0849309513393536,13.37132095109095,5.749348204039152,1.1356390090399848,0.4882976125502493,2026.0,0.0565510179860562,37.34334151498774,8.665813004388035,2.1118039776735107,0.49006054707494745,2027.0,0.033191252198138024,31.487536545437344,8.856926170757617,1.0451107665776986,0.293972470233905,2028.0,0.03142546930649951,17.83402966316322,8.43591267012443,0.5604427517909376,0.2651025146873056,2029.0,0.020836181434908892,34.648369643608504,8.904704308186659,0.7219397163180163,0.1855400345895921,2030.0
00-0039236,WR,WR,2025,post-2025-season,basic_cohort_3col_plus_lags,resolved,0,1,0.20057445854935887,15.351268431505607,6.701344204374131,3.079072353695103,1.3441184853452255,2026.0,0.14848839198261526,26.510648991862222,8.243439381877455,3.9365236392171616,1.2240550582211471,2027.0,0.1096927872258161,32.8641235104848,9.411583949990533,3.60495730759855,1.0323828756842173,2028.0,0.09008590257056455,41.41662713823251,9.768493043461504,3.7310542371762137,0.8800035125745106,2029.0,0.04827533826149329,42.69812712715304,9.280728474046741,2.061266530195556,0.44803030639767893,2030.0
00-0039244,RB,RB,2025,post-2025-season,basic_cohort_3col_plus_lags,resolved,0,1,0.1276541388939383,20.37654132441702,6.205451079552422,2.6011498364052037,0.7921515140087243,2026.0,0.08585765463685813,44.19025103741595,8.991530681256272,3.79407131188652,0.7719917358880146,2027.0,0.052357411876947715,37.440447897861,9.006711504547074,1.9602849514457095,0.4715681039004146,2028.0,0.0486447022237212,28.911368910034575,8.86818419466199,1.4063849315087829,0.43139017941444335,2029.0,0.032123180772816756,45.126157205083075,9.043112559225355,1.449595705481431,0.29049353948892565,2030.0
00-0039266,RB,RB,2025,post-2025-season,basic_cohort_3col_plus_lags,resolved,1,0,0.4301079693535008,13.23862980986216,6.494920165760029,5.694040184542537,2.793516923608149,2026.0,0.3242742484450669,36.09839265080785,8.073090994087739,11.705779146915644,2.6178955147364396,2027.0,0.2602430729086482,29.252467481719517,8.76172377817879,7.612752027602992,2.2801779200100194,2028.0,0.18147262135440298,37.80278248751318,9.444035414560387,6.860170032499335,1.7138338628440895,2029.0,0.12852904656538922,49.44698759195711,9.440056626195963,6.355374170724878,1.213321477688252,2030.0
00-0039299,RB,RB,2025,post-2025-season,basic_cohort_3col_plus_lags,resolved,12,0,0.7151286547950387,27.956683178090174,9.248414576148084,19.992625233678716,6.613806274827608,2026.0,0.46603442560993374,25.444677593594946,9.102057106731536,11.858095707160972,4.241871955604447,2027.0,0.2625268808247232,29.637242401861496,9.546919746587736,7.780572804006926,2.5063230625556354,2028.0,0.14590555442622025,26.25388721786739,9.348621796880952,3.8305879703663988,1.3640158463949628,2029.0,0.08941832781126942,40.98132475500216,9.64896472326064,3.664481531082874,0.8627942906638945,2030.0
00-0039305,TE,TE,2025,post-2025-season,basic_cohort_3col_plus_lags,resolved,5,0,0.5777024799422374,9.489398934396807,7.015150390899096,5.48204929756226,4.052669777990165,2026.0,0.4089174005027957,18.38956805264391,7.303813952879058,7.519814364456406,2.986656615367353,2027.0,0.27287335003318486,24.76182935426509,7.954693051706876,6.75684332884837,2.170623741504954,2028.0,0.1817501398659965,28.36653621136371,8.86327572265273,5.155621923929209,1.610901602263025,2029.0,0.12732878308273696,31.572547434194725,9.255591710867014,4.020094043618004,1.1785032292553643,2030.0
00-0039316,TE,TE,2025,post-2025-season,basic_cohort_3col_plus_lags,resolved,0,1,0.17697709292753735,2.540790717677684,4.09275368959446,0.4496617549518678,0.7243236500528801,2026.0,0.11310784933960184,14.31711335870088,6.008059261365146,1.61937790075394,0.6795586617578885,2027.0,0.07816802025341349,20.052087195860338,7.082336999745501,1.5674319580492242,0.553612262037606,2028.0,0.053602384503755963,25.817061871839734,7.825326255615421,1.383856077211611,0.4194561468208347,2029.0,0.04267939224815766,27.341130862205247,8.559458495787908,1.1669028485762667,0.36531248657355764,2030.0
00-0039325,RB,RB,2025,post-2025-season,basic_cohort_3col_plus_lags,resolved,0,1,0.25867882842998574,38.06035034953442,7.028949163631173,9.84540683805236,1.8182403347420402,2026.0,0.1865193443381425,60.788547213404726,9.513654535918057,11.338239969512468,1.7744806062990313,2027.0,0.12832264091130194,51.44612112071954,9.353091459451464,6.60170212685344,1.2002133967617552,2028.0,0.10971006940272644,52.15325054246071,9.719770440834067,5.721736736591145,1.0663566896424745,2029.0,0.07516357829373471,68.35520119335206,9.425273978513165,5.137821516680506,0.7084373186238747,2030.0
00-0039337,WR,WR,2025,post-2025-season,basic_cohort_3col_plus_lags,resolved,4,0,0.912189689431914,153.32359409550753,11.771678178665718,139.86020168056586,10.738003461889521,2026.0,0.8808234936985496,147.76321133739282,12.370101917048018,130.15330805031948,10.895876387981362,2027.0,0.8318443435807211,142.52521197875524,12.445422851271012,118.55879140217078,10.352654602300042,2028.0,0.7715823850138461,160.6979867794053,12.417238276012029,123.99173590617707,9.58092232429058,2029.0,0.6699406497638473,155.7396917210803,12.276765891108031,104.3363502656418,8.224704518087552,2030.0
00-0039338,TE,TE,2025,post-2025-season,basic_cohort_3col_plus_lags,resolved,12,0,0.9770089581308082,174.43853452388703,14.528375647767945,170.4280108730479,14.194353154958765,2026.0,0.966182027415233,171.16630675844078,15.248324765945167,165.377809289048,14.73265733704681,2027.0,0.9437636998539602,161.9269713078611,14.883698365625662,152.82079754765306,14.046694237053217,2028.0,0.9004109697373301,156.32705349190866,14.672524649888281,140.75859383082894,13.211302148500788,2029.0,0.8468494262982554,154.43419274910744,13.325725209342705,130.78250753041584,11.28488274854007,2030.0
00-0039342,WR,WR,2025,post-2025-season,basic_cohort_3col_plus_lags,resolved,16,0,0.9460080970467414,93.43780780460071,12.390870753936447,88.39292275344948,11.72186406268354,2026.0,0.8710293332696402,89.25809983293864,12.006459334584704,77.74642318639953,10.457978269132363,2027.0,0.7594902207895594,92.22285605255156,12.18243000328611,70.04235730519615,9.25243645294912,2028.0,0.6681121201608734,93.65508467229259,11.92206115886498,62.57209718425152,7.9652735575368805,2029.0,0.5551877338030579,86.46557402540122,11.309832618400899,48.004626095143045,6.279080341101899,2030.0
00-0039344,RB,RB,2025,post-2025-season,basic_cohort_3col_plus_lags,resolved,0,1,0.23156579711407227,43.434876839427396,6.602967928190747,10.05803187787356,1.5290215316101445,2026.0,0.18563056812096518,71.95004038515161,9.44238881047992,13.356126873022081,1.7527959993084323,2027.0,0.14224871643397624,58.25157760332861,9.478100867741208,8.286212144327653,1.3482476826679433,2028.0,0.12756769613071967,55.586710712412014,9.467281797850978,7.091068621067196,1.207719327572147,2029.0,0.10083983576046901,77.93811320124416,9.752435680015719,7.859266534694303,0.983434012237323,2030.0
00-0039355,WR,WR,2025,post-2025-season,basic_cohort_3col_plus_lags,resolved,9,0,0.8688793423157667,57.712277769805354,10.093488037734055,50.14500595217332,8.770023247898424,2026.0,0.6921702728774319,61.6227147093511,10.641015660058084,42.65341125581969,7.365394713115431,2027.0,0.5681257341928894,59.97647061813211,10.618951615591255,34.074176404224566,6.03289968296655,2028.0,0.43527651919849647,62.89507444407313,10.506893904360924,27.376749078746464,4.5734042062781235,2029.0,0.30747867586189315,63.73641090794929,9.986377447398445,19.59758723016577,3.0705981141831464,2030.0
00-0039356,TE,TE,2025,post-2025-season,basic_cohort_3col_plus_lags,resolved,12,0,0.954556482376744,62.17272009774493,11.487050644385189,59.34737299629729,10.965038655987836,2026.0,0.9199127716640322,69.77466171433946,11.763487377622734,64.18660244955824,10.821382277983787,2027.0,0.8769290488057198,68.65269855114943,11.547217011616974,60.20354563840528,10.126090030350499,2028.0,0.8026331007002225,67.20265191611654,11.075093511782569,53.93907288271037,8.88923664590696,2029.0,0.7098516211521384,69.74307090371843,10.453150197742024,49.507231945133064,7.420185614013972,2030.0
00-0039359,TE,TE,2025,post-2025-season,basic_cohort_3col_plus_lags,resolved,8,0,0.8427003086454905,31.397539611526707,9.048847028702019,26.45871632134257,7.625466183973021,2026.0,0.7266527342439335,39.792086687489345,9.58837234559369,28.91502859273576,6.967416981874573,2027.0,0.5960920154408852,37.24851862544606,9.746749388394727,22.203544539629494,5.809959486925428,2028.0,0.44041092417397165,38.900242386086184,9.299402649427522,17.13209169984772,4.095558515100255,2029.0,0.3242622484475415,43.348821340549335,9.20554148170942,14.056386275437296,2.985009579036209,2030.0
00-0039361,RB,RB,2025,post-2025-season,basic_cohort_3col_plus_lags,resolved,10,0,0.9636741981694703,162.62892518833033,12.160968207596198,156.721299080027,11.719211286419688,2026.0,0.9132889156071586,151.0718707816239,12.118928715342193,137.97226504489407,11.068083264755327,2027.0,0.8236965074838712,132.47844428166098,11.630509207026039,109.12203187170078,9.580009814086358,2028.0,0.684477543342174,131.88466935375163,12.020356908943933,90.27209448375082,8.227664367130073,2029.0,0.5500008918881504,127.05988580507824,11.324021656793331,69.88305051599957,6.2282220109970625,2030.0
00-0039363,RB,RB,2025,post-2025-season,basic_cohort_3col_plus_lags,resolved,7,0,0.6619037835752121,14.639141434862495,8.545406986458117,9.689703104028144,5.656237216526678,2026.0,0.4283168967082569,21.101000321804634,8.748806713478784,9.03791497527529,3.7472617414175966,2027.0,0.2526300428290068,18.645873222643687,8.992797475213447,4.710507750820706,2.2718508113157574,2028.0,0.139682053104029,32.288296578594455,9.945879101927485,4.510095557329869,1.3892608128816872,2029.0,0.09401047074345399,36.8820390917422,9.197945554574495,3.4672978569931567,0.8647031914582083,2030.0
00-0039364,RB,RB,2025,post-2025-season,basic_cohort_3col_plus_lags,resolved,8,0,0.6669331224171197,10.122740345020702,8.3527153114228,6.751190825722408,5.5707025033084925,2026.0,0.44974780971926365,17.499489949781008,8.693062099199688,7.870357276118275,3.909685638868604,2027.0,0.2811371506585344,20.634581757142353,9.07339044573841,5.801147520233575,2.5508671367272657,2028.0,0.17139762398151343,28.936909651378784,9.552594435574797,4.959717559614048,1.6372919891165465,2029.0,0.11867339653104633,43.619618134424,9.366624091609483,5.176488239399319,1.1115690949808237,2030.0
00-0039365,WR,WR,2025,post-2025-season,basic_cohort_3col_plus_lags,resolved,0,1,0.2305715324194672,12.950191423289949,6.7013114508364815,2.985945481593405,1.5451316504394905,2026.0,0.1636731748322892,25.114645324690333,8.394080349659193,4.110593735078975,1.3738857806260523,2027.0,0.1250060729651965,32.75720512889619,9.613549434325776,4.094849574478706,1.2017520620418516,2028.0,0.11041597984073678,39.04068849657577,9.841051187461211,4.310715874006394,1.0866093095263758,2029.0,0.058266691485142005,39.44315253057201,9.13895699719517,2.298221999700237,0.5324967878515507,2030.0
00-0039373,RB,RB,2025,post-2025-season,basic_cohort_3col_plus_lags,resolved,5,0,0.8653389513299341,98.4531368223058,9.520223829141763,85.19533417295662,8.238220504735782,2026.0,0.7650490814521558,93.70321026669849,10.20016826476602,71.6875549436559,7.803629361616673,2027.0,0.6307090410076212,87.28973223402984,10.389423780478825,55.054423307137,6.552703509207574,2028.0,0.49292959451807977,86.84219149752867,10.809680621174351,42.807086241938244,5.328411485465417,2029.0,0.3705407283392577,103.22378698146358,10.378700618056678,38.248617210047904,3.845731286229826,2030.0
00-0039376,QB,QB,2025,post-2025-season,basic_cohort_3col_plus_lags,resolved,9,0,0.8850648241520526,109.16202961605768,8.610625570420922,96.61547254621725,7.62096180632376,2026.0,0.8064476453262066,107.29125208261615,8.44995205580684,86.52477760612626,6.814443938524764,2027.0,0.7529397963791339,105.80119019860742,8.293954410908789,79.66192660480948,6.244848345327483,2028.0,0.6939522536391274,106.10093990205135,8.26739864950833,73.62898635825815,5.737179924559384,2029.0,0.6130734478896609,101.56313171369229,8.163753622314612,62.265659338185095,5.004980580954128,2030.0
00-0039379,WR,WR,2025,post-2025-season,basic_cohort_3col_plus_lags,resolved,8,0,0.6365253994785401,20.672967107314822,8.735611831464187,13.158868646390287,5.560438810712204,2026.0,0.3891924186398428,24.355779217890365,9.090233166359951,9.47908462166877,3.5378498320157457,2027.0,0.2468629606189002,23.768481891705843,9.233938533044043,5.867557809203222,2.2795174044401967,2028.0,0.15009448292867628,28.638371843980252,9.437615741277268,4.298461613841377,1.4165340547665475,2029.0,0.09994228149711933,33.33288826507362,9.345032447829274,3.331364902100013,0.9339638635006674,2030.0
00-0039384,RB,RB,2025,post-2025-season,basic_cohort_3col_plus_lags,resolved,15,0,0.9538826563471078,126.5658225306336,12.575218323194424,120.7289429982774,11.995282658273519,2026.0,0.8560156566823723,107.97089716383329,11.652980110184409,92.42477843828364,9.975133421326131,2027.0,0.6743461535807558,105.91514298028635,11.267905476460662,71.42346927471189,7.59846871696278,2028.0,0.44932269845029965,101.85481829002934,11.347627221953633,45.76568180424092,5.098746484376284,2029.0,0.27849422703601284,90.33459944951116,10.848266306682683,25.157664448299442,3.021179539760416,2030.0
00-0039385,RB,RB,2025,post-2025-season,basic_cohort_3col_plus_lags,resolved,0,1,0.1033292365383694,17.891238517076943,5.868840741028945,1.8486880166954287,0.606422833135799,2026.0,0.07186662718079577,44.637279495394694,8.883436244171909,3.20793072386051,0.6384226006442713,2027.0,0.04465177842245218,36.78794516540132,8.973321502507295,1.6426471761428205,0.4006747634433814,2028.0,0.04390234078809389,25.093366149441714,8.579731818458903,1.1016575122132093,0.37667031016443525,2029.0,0.03042926992563405,43.6372175976131,9.073213758973539,1.3278486730813972,0.2760912705647826,2030.0
00-0039386,WR,WR,2025,post-2025-season,basic_cohort_3col_plus_lags,resolved,0,1,0.23276081643520877,48.84479805797464,7.988712728474837,11.369155074587077,1.8594592969461474,2026.0,0.2440711162208903,53.27121426258587,8.98091475193267,13.001964727511545,2.1919818881888666,2027.0,0.16988125583659205,51.62546209977239,9.384309665801815,8.77019833465372,1.5942183111858819,2028.0,0.0934925483342045,68.38447880085613,9.895851662064961,6.393439189598425,0.9251883898237264,2029.0,0.038978194444858116,74.07313217158638,10.042667715368907,2.8872369489237695,0.3914450549547483,2030.0
00-0039391,RB,RB,2025,post-2025-season,basic_cohort_3col_plus_lags,resolved,14,0,0.9353507707851385,102.66829790706467,11.517603925729794,96.03087158257117,10.7729997095293,2026.0,0.8323737501839649,91.24497933921987,11.089004252113321,75.94992563804483,9.230196055137498,2027.0,0.6698988789156516,94.2301340274353,10.960072358255804,63.124661145050496,7.342140185629985,2028.0,0.4899143174929012,88.33638738813252,10.704974076064756,43.27726093704547,5.244520068254466,2029.0,0.3347635385458613,93.71046980203499,10.790338814657398,31.370848469724315,3.6122120037034655,2030.0
00-0039392,WR,WR,2025,post-2025-season,basic_cohort_3col_plus_lags,resolved,0,1,0.1602805165622592,5.278661854272489,6.285814325283602,0.8460666487602875,1.0074935670709044,2026.0,0.10347036769258067,16.919379654985082,7.924619908993044,1.7506544340316752,0.8199633358074554,2027.0,0.07406552593550046,23.781353917961145,9.23044145517553,1.7613784853920667,0.6836575009944218,2028.0,0.06398141248801979,28.226241354253034,9.555551727268755,1.8059547910728657,0.6113776966129922,2029.0,0.03442169935246499,28.510366408688384,8.926256038773104,0.9813752609484885,0.3072569017097728,2030.0
00-0039393,RB,RB,2025,post-2025-season,basic_cohort_3col_plus_lags,resolved,0,1,0.17652223840083744,34.53915829969464,6.331092579690482,6.0969295355429605,1.1175786336898963,2026.0,0.1351670467625765,62.76559339102478,9.251554304882948,8.483839896965508,1.2505052733546291,2027.0,0.09661544911161678,50.94958414803099,9.304826111170996,4.922516954512125,0.8989899536362844,2028.0,0.0896978571980624,45.026785203462815,9.145521027014444,4.038806149268037,0.8203336390830187,2029.0,0.0679991402901339,66.27308583211172,9.524393275561717,4.506512860957851,0.6476505545233292,2030.0
00-0039394,WR,WR,2025,post-2025-season,basic_cohort_3col_plus_lags,resolved,5,0,0.523841684455088,20.1574149214248,8.019065466641015,10.559294186699294,4.200720761800856,2026.0,0.3171472969563228,25.25847152154025,8.557198941178633,8.01065596830475,2.7138925137123113,2027.0,0.20521959027564804,23.863500735098288,8.753487936494636,4.897257843399497,1.7963872078102572,2028.0,0.12197499812120954,32.42193609541235,9.167510392639182,3.954665594323897,1.1182070629183332,2029.0,0.08682321046707626,39.80700706696007,9.369291078552859,3.4561721526390663,0.8134719312404949,2030.0
00-0039398,QB,QB,2025,post-2025-season,basic_cohort_3col_plus_lags,resolved,4,0,0.5947648058580476,51.571144030154194,6.059333286304366,30.672701466972068,3.6038781856580213,2026.0,0.6518726107985963,39.63294232090104,5.149191227246597,25.835629584355935,3.356616728806467,2027.0,0.4264654072058699,53.114918991340076,5.950177165513669,22.65167555634864,2.5375447278378553,2028.0,0.3721583201970565,52.202833244944145,5.916943687871289,19.42771872996547,2.2020398235787555,2029.0,0.32684924138338656,45.3979714967064,6.77642395547684,14.838292544043092,2.214869029139813,2030.0
00-0039405,RB,RB,2025,post-2025-season,basic_cohort_3col_plus_lags,resolved,4,0,0.5835811527187229,66.37048526496739,8.092385210872527,38.73256429743068,4.722563489604934,2026.0,0.42428473174786446,64.56919975325786,8.931298780641278,27.39572559648529,3.7894137073044134,2027.0,0.2946504779042945,56.077547566741416,9.703614755095385,16.523276190241166,2.859174724988019,2028.0,0.18207199950104402,46.438288688440196,9.750764807264341,8.455112074911021,1.7753412451230306,2029.0,0.09778689920225635,59.415110406057096,9.85941363464277,5.810019412368037,0.9641214872841645,2030.0
00-0039407,RB,RB,2025,post-2025-season,basic_cohort_3col_plus_lags,resolved,17,0,0.8372079375091716,20.444521934769966,10.519869630149042,17.11631604236978,8.807318355922451,2026.0,0.5859575768944387,17.70732652857265,9.682338134664391,10.375742145961043,5.673439392060566,2027.0,0.34186231950785256,17.372780451469865,9.753696463974405,5.939099021440166,3.33442129694983,2028.0,0.1856036522412646,19.189599036002672,9.522863022508862,3.5616596661275466,1.7674781567709326,2029.0,0.10890873790051994,38.034295468463085,9.821516254611144,4.14226711640578,1.0696489395591413,2030.0
00-0039410,WR,WR,2025,post-2025-season,basic_cohort_3col_plus_lags,resolved,15,0,0.9204133350462852,87.6575773103422,11.577738658239536,80.68120307428964,10.656305050724555,2026.0,0.7480111322002571,86.38359597621485,11.39311278630845,64.61589142969804,8.522175194571808,2027.0,0.5891560092932053,79.56167374637934,11.172979733157291,46.87423819710484,6.582628151500812,2028.0,0.4072263804925359,75.23884592068981,11.119142543509358,30.639242896718113,4.528008172173886,2029.0,0.29123999755270596,71.33015292296277,10.63623716786671,20.77419356271782,3.097697686739501,2030.0
00-0039420,TE,TE,2025,post-2025-season,basic_cohort_3col_plus_lags,resolved,0,1,0.23559494515968582,9.929830097209999,4.900834478764075,2.3394177771971876,1.1546118302611197,2026.0,0.1712792792546362,22.661821146335875,6.784218084421076,3.8815003925418825,1.1619959838059106,2027.0,0.1278781544328892,26.603700787628938,7.6684095072810115,3.402032157806789,0.9806220552267169,2028.0,0.08380444767666197,32.02620109849572,8.178083234759008,2.6839380942411384,0.6853597485427477,2029.0,0.06440616709058265,34.34623052340953,8.713103035432662,2.2121090620223844,0.5611775699775389,2030.0
00-0039424,WR,WR,2025,post-2025-season,basic_cohort_3col_plus_lags,resolved,9,0,0.76242015587993,76.79803197237067,10.387134548267932,58.552367507646686,7.919360741436242,2026.0,0.5311089376287854,71.96647322822942,10.676791515836015,38.22203714113535,5.670539399259695,2027.0,0.34996681226474796,65.21994157247451,10.567744671932957,22.824815048212017,3.6983599156641516,2028.0,0.21828014458889194,58.903909444275016,10.406330328510759,12.857553870347347,2.2714952887471,2029.0,0.11667969727300315,56.80714014647211,9.913781993333108,6.628239915235429,1.1567370818126568,2030.0
00-0039451,WR,WR,2025,post-2025-season,basic_cohort_3col_plus_lags,resolved,15,0,0.9060663143561729,51.800972230950755,10.956856879974081,46.93511598936401,9.927638930166191,2026.0,0.7377491502801878,54.30754770125364,10.75534554406919,40.06534717040064,7.93474703610685,2027.0,0.5809995301084626,54.63816094719441,10.799526203273048,31.744745836310504,6.27451964949567,2028.0,0.4288772529579855,60.91387340840977,10.82034345558433,26.124574694429263,4.640599177292924,2029.0,0.3390881733226962,59.4136870956098,10.437095168446191,20.146478627616574,3.539095535463557,2030.0
00-0039458,TE,TE,2025,post-2025-season,basic_cohort_3col_plus_lags,resolved,5,0,0.5549088045809285,7.93113421374661,6.690615703000809,4.401056205521034,3.7126815616625675,2026.0,0.36468336108221194,10.58895541346972,7.052794065335294,3.8616158505338203,2.5720366447671523,2027.0,0.22838132657908886,12.414671491360913,7.657185871885704,2.8352791442406007,1.7487582672839141,2028.0,0.16537805851109724,18.21571069340093,7.961165020709096,3.012478868874479,1.3166020146113295,2029.0,0.12313914430172443,19.62937255056559,8.646699163541204,2.417144139056405,1.0647471360329002,2030.0
00-0039471,RB,RB,2025,post-2025-season,basic_cohort_3col_plus_lags,resolved,2,0,0.4870342759130869,20.453970198916366,6.873422170941413,9.96178456537709,3.347592190069409,2026.0,0.3683510913682864,41.60157515212336,8.32592193683293,15.323985609924426,3.066862432079567,2027.0,0.2947346551912035,33.09243084644072,8.945107513012829,9.753486194964452,2.63643317849608,2028.0,0.20590556079546313,40.67132570184245,9.542159026370346,8.374452126932802,1.9647836055242764,2029.0,0.1439538813858723,53.53095504746014,9.581382712180574,7.705988753374539,1.3792772304618899,2030.0
00-0039489,TE,TE,2025,post-2025-season,basic_cohort_3col_plus_lags,resolved,1,0,0.45726055529103865,0.8268999607676282,5.919286572044485,0.37810873523074373,2.70665626485985,2026.0,0.37103252792280794,12.877269609409872,6.900826925134449,4.7778858959228945,2.5604312587904126,2027.0,0.2702939402530938,18.96334210772892,7.485124641255435,5.125676458665458,2.0231838325704565,2028.0,0.19131664981873153,23.752709078749653,8.39595220387913,4.5442887250653525,1.6062854476843507,2029.0,0.14691887986425084,27.305221086071718,8.858774909026316,4.011652496411379,1.301521286603677,2030.0
00-0039491,WR,WR,2025,post-2025-season,basic_cohort_3col_plus_lags,resolved,12,0,0.9329944308907104,120.54598370395944,11.970996443992998,112.46873146203649,11.168873014457965,2026.0,0.8421207191262305,117.16418929258617,11.95130765221802,98.66639134291447,10.06444379458466,2027.0,0.7419835288309296,111.9983170820557,11.886636026959478,83.10090653166907,8.819688145212254,2028.0,0.6173096332003853,112.76501349617735,11.83762091160832,69.61092911916174,7.307477422910144,2029.0,0.5020477112800775,107.5876132593184,11.482286279096828,54.01411499892693,5.7646555466831995,2030.0
00-0039521,WR,WR,2025,post-2025-season,basic_cohort_3col_plus_lags,resolved,7,0,0.5221758710975413,10.220778301243747,8.14904093957939,5.337043812746802,4.255232551234394,2026.0,0.2904727108570799,14.597024761091221,8.503818128568168,4.240037352802085,2.4701271044407758,2027.0,0.17271409988951653,13.609129408993356,8.68419328156546,2.3504885361542356,1.4998826258921651,2028.0,0.0976054735894433,19.774683991188056,9.046699665138064,1.930117396041493,0.8830074052372588,2029.0,0.06697772999599452,26.43689403549277,9.158936521355741,1.7706831506419527,0.6134447773778182,2030.0
00-0039530,TE,TE,2025,post-2025-season,basic_cohort_3col_plus_lags,resolved,16,0,0.940147521208492,32.4227625564982,10.98764862642383,30.48217984822329,10.330010620042255,2026.0,0.8248349597241867,33.71822368438312,10.118794073017812,27.81196967467927,8.346335101674986,2027.0,0.6881927779478944,36.88546324661243,10.272310804005993,25.384309417581168,7.069330108153053,2028.0,0.5463273379592863,36.690985592321574,10.010196593366029,20.045288485755574,5.468844057302779,2029.0,0.3927225646392089,40.14909797517956,9.808610692036462,15.767456724763385,3.852062746524125,2030.0
00-0039543,WR,WR,2025,post-2025-season,basic_cohort_3col_plus_lags,resolved,0,1,0.10621739406465246,6.341655534682218,6.095178473358146,0.6735941249496255,0.647413973799069,2026.0,0.07310318094814887,16.457847492497173,7.437369562410934,1.2031210032610589,0.5436953728991812,2027.0,0.0486854156024504,21.270228803225198,8.727699145060168,1.0355499292442298,0.42491166013040527,2028.0,0.03709729780109382,30.192907229416193,9.354617226032794,1.120075270970451,0.3470310210493807,2029.0,0.021893989369042424,32.02985696522444,9.16911882895519,0.7012613478885733,0.20074859016463165,2030.0
00-0039573,RB,RB,2025,post-2025-season,basic_cohort_3col_plus_lags,resolved,0,1,0.11136035164236806,28.609229713614596,6.083515411847559,3.1859338811254063,0.6774624154851097,2026.0,0.07660271277585307,45.12157785729909,8.475640205230352,3.4564352685959734,0.649257032232733,2027.0,0.04779321504745147,38.83822482302971,9.05414605237846,1.856203631028327,0.43272674935235755,2028.0,0.03467041895060308,27.800770083189384,8.908327891508677,0.9638643459335683,0.30885546014794835,2029.0,0.023396500239775363,43.992050511455886,9.16223471168106,1.0292600203394875,0.2143642266287241,2030.0
00-0039577,QB,QB,2025,post-2025-season,basic_cohort_3col_plus_lags,resolved,2,0,0.5282200053110041,14.41752586725975,4.193605428179778,7.615625590175484,2.215146281545378,2026.0,0.508770192231765,10.594677954252475,3.697696585730946,5.390256339418674,1.8812778027370745,2027.0,0.3936695053462801,24.987213410127314,4.573622548885098,9.836703943146755,1.800495726460189,2028.0,0.3405923173583333,28.578074336266287,4.821163035719742,9.733472563827647,1.6420510906981238,2029.0,0.317650439486847,36.430389464327604,6.310772631883677,11.572129224020664,2.004619700019416,2030.0
00-0039589,WR,WR,2025,post-2025-season,basic_cohort_3col_plus_lags,resolved,17,0,0.8892483029166803,26.505723109763107,10.883093403623503,23.570169292936278,9.677772339655919,2026.0,0.724812449824778,29.240196941395997,10.31288479271637,21.193658778452214,7.474907291369449,2027.0,0.5423750473229233,35.510884523358804,10.614494768550694,19.260217673835594,5.757037102401604,2028.0,0.4058224932307505,51.88553153457569,10.753365873469622,21.056315769964232,4.363957749393909,2029.0,0.35055621909182255,50.65836680868401,10.552285693331765,17.758605533818944,3.6991693754311146,2030.0
00-0039595,RB,RB,2025,post-2025-season,basic_cohort_3col_plus_lags,resolved,0,1,0.0849309513393536,13.37132095109095,5.749348204039152,1.1356390090399848,0.4882976125502493,2026.0,0.0565510179860562,37.34334151498774,8.665813004388035,2.1118039776735107,0.49006054707494745,2027.0,0.033191252198138024,31.487536545437344,8.856926170757617,1.0451107665776986,0.293972470233905,2028.0,0.03142546930649951,17.83402966316322,8.43591267012443,0.5604427517909376,0.2651025146873056,2029.0,0.020836181434908892,34.648369643608504,8.904704308186659,0.7219397163180163,0.1855400345895921,2030.0
00-0039603,RB,RB,2025,post-2025-season,basic_cohort_3col_plus_lags,resolved,9,0,0.5516366244066926,6.969801653984959,8.068299182543981,3.844797857188446,4.450769325761839,2026.0,0.32415499040379525,9.100248630907174,8.322235441805812,2.949891007623866,2.6976941497766878,2027.0,0.17357804808153232,15.441181333678468,9.012772934506312,2.6802501159729006,1.56441953377367,2028.0,0.09633112992642145,13.83482719929236,8.99852140664928,1.3327245364446216,0.8668377347696166,2029.0,0.0618641630435002,29.356703646085947,9.239990285472691,1.816127900781178,0.5716242655408406,2030.0
00-0039613,TE,TE,2025,post-2025-season,basic_cohort_3col_plus_lags,resolved,0,1,0.20772005657581818,13.359497130820642,5.017890274907478,2.7750354998385447,1.0423164517950292,2026.0,0.14117014778560447,23.081568867578916,6.64154344209644,3.2584284881597227,0.9375876692452666,2027.0,0.09856432158553988,26.683613733533328,7.590180069818674,2.630052285096307,0.7481209492937633,2028.0,0.061977089235086956,32.73629074277964,8.174456373137351,2.028900012591005,0.5066290120862589,2029.0,0.04602454899621216,35.14257367185669,8.77665397698763,1.6174211038133637,0.40394154098666746,2030.0
00-0039614,WR,WR,2025,post-2025-season,basic_cohort_3col_plus_lags,resolved,0,1,0.10548186516104327,2.6893274075829474,5.961038193453632,0.2836752709805625,0.628781426941705,2026.0,0.06937357688441685,13.575065298937613,7.37071995107394,0.9417508362268278,0.5113332072193332,2027.0,0.04673853294262718,19.308147057955306,8.744205543836177,0.9024344673293341,0.4086913388676903,2028.0,0.0374936156695076,27.222226475137063,9.346256149699705,1.0206596971270838,0.3504249360256127,2029.0,0.022694814307591436,28.540496829372984,9.08013620919779,0.6477212757890219,0.20607200515538104,2030.0
00-0039617,RB,RB,2025,post-2025-season,basic_cohort_3col_plus_lags,resolved,0,1,0.10454242672404733,31.47738912339763,6.12604333924972,3.290722645897121,0.6404314369018521,2026.0,0.06992119212659048,41.598905982255246,8.165811971915478,2.908645097441243,0.5709633077579148,2027.0,0.04244077509492099,37.101786277049904,9.033372481414647,1.574628567004101,0.38338332983236734,2028.0,0.025966845031512188,25.373792588438725,8.993558547481715,0.6588773400057208,0.23353434108428955,2029.0,0.016913372958090374,39.53347206913486,9.11858848683086,0.6686443574335267,0.1542260879291193,2030.0
00-0039623,WR,WR,2025,post-2025-season,basic_cohort_3col_plus_lags,resolved,8,0,0.6630433071873466,25.624538692868956,8.975223803916304,16.990178880069962,5.950962073695264,2026.0,0.43472265564461837,28.11737647368756,9.344250955171582,12.22326057040097,4.062157590241951,2027.0,0.28211908283045106,28.939722154511035,9.535883762213523,8.164447871598739,2.6902547809734703,2028.0,0.18369160629914102,32.720788290571335,9.631781343012955,6.010534160469173,1.7692773864201476,2029.0,0.11918311584658077,36.288519262728244,9.431826378660405,4.324978795190618,1.1241144559327194,2030.0
00-0039631,TE,TE,2025,post-2025-season,basic_cohort_3col_plus_lags,resolved,2,0,0.4358326274370571,2.7839465689358365,5.92248205732305,1.2133347477836858,2.581210915991932,2026.0,0.2933297073667382,8.275766904689426,6.7764387425370955,2.4275282843878863,1.9877307933370336,2027.0,0.17832757121349263,9.725454541596008,7.383946308884116,1.7343166873500475,1.3167612112341383,2028.0,0.12646363728498608,16.050076975946048,7.706143894614092,2.0297511130821473,0.9745469863543865,2029.0,0.09615670202869508,19.339754228720267,8.372591926070346,1.8596469846792505,0.8050808270430045,2030.0
00-0039648,TE,TE,2025,post-2025-season,basic_cohort_3col_plus_lags,resolved,11,0,0.8119466246444155,16.966550845043194,8.79791648406796,13.775933690490676,7.143438593142443,2026.0,0.6049527826612021,17.99160980366753,8.388789502242595,10.884074415283235,5.0748215525407385,2027.0,0.42561316842556846,21.781630580872218,8.800516836331923,9.27054880500028,3.7456158544937894,2028.0,0.3169553764105787,24.821466657083427,8.925603836788756,7.8672973073585055,2.8290181237810854,2029.0,0.22381459915850863,26.831003086139773,9.231490268500727,6.005170200745082,2.0661422940801635,2030.0
00-0039650,WR,WR,2025,post-2025-season,basic_cohort_3col_plus_lags,resolved,2,0,0.3529209167192567,0.41109100389116093,7.0147913024078115,0.14508261394830804,2.4756665770400335,2026.0,0.2027736829018482,4.125739888173694,7.9316890577260954,0.8365914718200392,1.6083378018674104,2027.0,0.12388647982594879,5.15391826178378,8.22531038328841,0.6385007907630653,1.0190047488614267,2028.0,0.07680066616197065,5.528826080760666,8.471492029890634,0.4246175260960965,0.6506162312814256,2029.0,0.04600271984827703,15.003090564097477,8.491065717315413,0.6901829720785048,0.3906121174069704,2030.0
00-0039686,TE,TE,2025,post-2025-season,basic_cohort_3col_plus_lags,resolved,10,0,0.8047604707917139,8.44729237451971,8.486699030609842,6.798046988233737,6.829759907341158,2026.0,0.620215709151251,12.22695126426558,8.292764015587665,7.5833472491242615,5.14330251475168,2027.0,0.4576911581286017,16.29329407174592,8.638352976176161,7.45729663342727,3.9536977779897207,2028.0,0.34965218919824853,19.577276401944033,8.688199990037262,6.845237552478942,3.03784814670873,2029.0,0.254715844009131,22.228659052944366,8.983344285807046,5.661991651861935,2.288200121783946,2030.0
00-0039703,RB,RB,2025,post-2025-season,basic_cohort_3col_plus_lags,resolved,0,1,0.09548708406578135,17.97799933033049,5.906794155061871,1.7166667333898284,0.5640225500436589,2026.0,0.0636767334462141,39.35170259450021,8.636142864153289,2.505787876764682,0.549921367164113,2027.0,0.0378397966121618,33.60049544558298,8.91679377560271,1.2714359137287288,0.33740966290139685,2028.0,0.032949025853325875,21.285629904319144,8.621012099011102,0.7013407700217379,0.284053950532152,2029.0,0.02173491138724509,37.466119980976515,8.9681392376643,0.8143227978104173,0.1949217116391093,2030.0
00-0039710,WR,WR,2025,post-2025-season,basic_cohort_3col_plus_lags,resolved,1,0,0.24709037831621183,2.85454732256523,6.899250058780086,0.7053311778541722,1.7047383071221183,2026.0,0.16720664904908517,6.094941224187728,7.454135815694879,1.019114698247559,1.2463810712991097,2027.0,0.10024820119158233,8.070706599351716,8.004148200658655,0.809073818930042,0.8024014591868706,2028.0,0.06219236457014301,11.452306806112603,8.625241322560683,0.7122460400548851,0.5364241528381565,2029.0,0.033337618068338286,20.10281875820894,9.059153152057315,0.6701800938581962,0.30201058780586965,2030.0
00-0039732,QB,QB,2025,post-2025-season,basic_cohort_3col_plus_lags,resolved,18,0,0.9806051645668868,263.1368991342693,14.908653333260276,258.03340227918045,14.61950245533236,2026.0,0.9590795073661045,248.64972497459814,14.117041762941192,238.47485573535496,13.53936545946836,2027.0,0.946562891357759,243.7611573326626,13.767364072327846,230.73526588551871,13.031675942677577,2028.0,0.9227648741668043,241.49916603346816,13.509637825901926,222.84694755626143,12.46621924845749,2029.0,0.8995039165726678,238.95924127273133,12.149942699990024,214.94477342605492,10.92892104477452,2030.0
00-0039737,TE,TE,2025,post-2025-season,basic_cohort_3col_plus_lags,resolved,3,0,0.6119121025256244,6.831105784126618,6.772499657704317,4.1800363029398735,4.144174504899921,2026.0,0.4933097883644935,16.451705015057257,7.791856694266227,8.115787119212973,3.8437991768149344,2027.0,0.36794341891605314,16.218324707596096,8.14094473751847,5.967425842003606,2.995407039929197,2028.0,0.2705403883009702,21.158303898066848,8.08404399856598,5.724175752372937,2.187060402414168,2029.0,0.20980286390199854,24.694718490674582,8.475465634107445,5.181022662597166,1.77817696293871,2030.0
00-0039738,RB,RB,2025,post-2025-season,basic_cohort_3col_plus_lags,resolved,20,0,0.9704708227983893,95.23932996524238,13.172715744729233,92.42699091413606,12.783736287276676,2026.0,0.8893286152168581,77.97586819801228,11.71616357758116,69.3461708848705,10.419519530104443,2027.0,0.7291248979665816,86.51507410217846,11.193057654032526,63.08029457732212,8.16113701993053,2028.0,0.519930789949331,84.47038280938759,10.936159509126087,43.91875286140727,5.686046052591814,2029.0,0.32395670164684753,84.67141701909532,10.862763321079921,27.42987298127087,3.5190649762674067,2030.0
00-0039739,WR,WR,2025,post-2025-season,basic_cohort_3col_plus_lags,resolved,9,0,0.7795888643477963,57.12610558812664,9.962286463053138,44.53487578005995,7.76648759003902,2026.0,0.6267395816836258,59.308340880448114,9.858363002614125,37.17088475376193,6.178626304343709,2027.0,0.4870532888519807,59.68441933866727,10.194791822708439,29.06949273211865,4.965406886411424,2028.0,0.3535030362773394,73.46664029417958,10.697660786777522,25.97068040908761,3.7816555691908857,2029.0,0.25145857020354484,74.0922508070076,10.909848774219565,18.63113145109257,2.743374973902148,2030.0
00-0039746,RB,RB,2025,post-2025-season,basic_cohort_3col_plus_lags,resolved,15,0,0.9257093341501872,44.94123619355251,11.153225796470725,41.60252183261979,10.324645225677607,2026.0,0.7924871742156809,46.63639207700251,10.511906952968443,36.95874257271829,8.33055143677613,2027.0,0.6161337621588605,41.94627157951443,10.129234983229024,25.844514116823515,6.240963658008041,2028.0,0.4293775641067168,54.77134664760224,10.53958142647096,23.51758740639204,4.525459799602496,2029.0,0.299260426624043,69.69357234303749,10.217274349649607,20.856528192331,3.057625880811033,2030.0
00-0039747,WR,WR,2025,post-2025-season,basic_cohort_3col_plus_lags,resolved,0,1,0.20742568431658898,43.40135695493389,7.723111522132716,9.00255616664571,1.6019716925317118,2026.0,0.2094766705820492,48.602802093036715,8.736699339778713,10.181153163407583,1.8301346895732322,2027.0,0.1441032549790874,47.81979254829304,9.266520992318743,6.890987758633735,1.3353358373251738,2028.0,0.08178734947444258,64.2721116569687,9.825235410598328,5.256645657548894,0.8035799621952737,2029.0,0.03625498985542292,69.58859956558291,9.972090760580137,2.5229339713032966,0.36153804936218953,2030.0
00-0039751,WR,WR,2025,post-2025-season,basic_cohort_3col_plus_lags,resolved,17,0,0.9260249294048174,47.6787600071637,11.622494685448787,44.151720369742996,10.762719820600578,2026.0,0.7947955814003973,46.864452162237065,11.287373353246945,37.24765950329631,8.971154466777257,2027.0,0.6321499541124423,51.83740466855428,11.450518026727552,32.76901298253469,7.238444445159516,2028.0,0.5133284992544493,55.54893376388715,11.133798856178664,28.514850804201,5.715296257843098,2029.0,0.3830683471805813,50.662739356415244,10.37002658156386,19.407291828902576,3.9724289428183615,2030.0
00-0039754,TE,TE,2025,post-2025-season,basic_cohort_3col_plus_lags,resolved,4,0,0.5620713073852721,24.0753813115481,7.378811867344135,13.532081049580787,4.147418433228079,2026.0,0.4117582590828423,30.223080341482387,7.977326763905754,12.444602945529663,3.2847301804407976,2027.0,0.26030702052870663,35.711539006579684,8.443187909816215,9.295964317297445,2.1978210885682574,2028.0,0.2098740822253474,40.17304116995434,9.193810781220755,8.431280145745262,1.92954259986221,2029.0,0.16649376657241988,42.72279082770396,9.518234496725277,7.1130783633900645,1.5847267124793327,2030.0
00-0039757,RB,RB,2025,post-2025-season,basic_cohort_3col_plus_lags,resolved,6,0,0.584793230698485,26.22418332222709,7.750254642103882,15.33572488743451,4.5322964508918595,2026.0,0.4027679588737151,33.22622573141149,8.56308463984575,13.382459118917916,3.448936122053534,2027.0,0.2570101205626315,34.88003648115549,9.205992773158865,8.964522381250758,2.366033312528274,2028.0,0.16440360170638765,35.105509925787494,9.350135717564479,5.771472271538806,1.5371959884111397,2029.0,0.11986281799881743,51.74579247639315,9.523232030176613,6.202396505802488,1.141481427593568,2030.0
00-0039792,WR,WR,2025,post-2025-season,basic_cohort_3col_plus_lags,resolved,8,0,0.7001828533976753,45.65272232513647,9.276084929209874,31.965253382985807,6.494955614093342,2026.0,0.48564797384342356,48.06038301160191,9.5124495977897,23.34042763172336,4.619701873454257,2027.0,0.33464614408206633,46.08008136347589,9.65480375898282,15.420521547275092,3.230942849812641,2028.0,0.21255246378241105,54.91637928369778,9.972320945390294,11.67261171875932,2.1196413865716495,2029.0,0.1571364152760843,58.35801955145884,10.058936935061727,9.170169994927882,1.5806252914638022,2030.0
00-0039793,TE,TE,2025,post-2025-season,basic_cohort_3col_plus_lags,resolved,20,0,0.9911023554719454,125.34522031543764,14.81124811211914,124.2299431017802,14.679462891400684,2026.0,0.9771327623784338,110.02356442909874,14.071055448446224,107.50762943732684,13.74928927992037,2027.0,0.9602101754349031,106.50032816028401,13.708415035688452,102.26269878666106,13.16295960635287,2028.0,0.9244961391184893,101.23650682484217,13.043622616230532,93.59275969740918,12.058778748823736,2029.0,0.8629030316554152,100.47683463760076,11.99009798110303,86.70176521992552,10.346291897739277,2030.0
00-0039794,RB,RB,2025,post-2025-season,basic_cohort_3col_plus_lags,resolved,4,0,0.8143499292436968,56.01328553741205,8.76480484252402,45.614415114098485,7.137618203344246,2026.0,0.6908571353660001,65.77253792754311,9.612508390186475,45.43942713837403,6.6408700101258695,2027.0,0.5606912619005218,58.52184452601816,9.655597181536942,32.812686856039264,5.41380896811907,2028.0,0.4269348843604219,73.20231782455856,10.687808442484105,31.25262309534276,4.562998261458292,2029.0,0.3443585955892476,85.7311614718621,9.924321473463907,29.522262362685442,3.4175254047782433,2030.0
00-0039796,RB,RB,2025,post-2025-season,basic_cohort_3col_plus_lags,resolved,15,0,0.8637073308223301,37.301362297549694,10.348702690945913,32.21746006605334,8.938250378670759,2026.0,0.6748415515909637,39.69792260269364,9.98177377663612,26.789807684139763,6.736115703055113,2027.0,0.46834129274745406,37.258760665323166,9.977897116059909,17.449816136165442,4.673061234236592,2028.0,0.3011796515098298,40.55065610640308,9.813849579934892,12.213032474621432,2.95573179645468,2029.0,0.2048105055329454,59.538543692652695,10.146212842312782,12.194119232387557,2.0780509814789436,2030.0
00-0039798,RB,RB,2025,post-2025-season,basic_cohort_3col_plus_lags,resolved,16,0,0.9482783461614543,75.14433299041487,11.7767141089902,71.25774381155622,11.167602978489493,2026.0,0.8502700343137403,72.9044649864616,11.11933009566971,61.98848194566359,9.45443318199089,2027.0,0.7020659605896304,68.56488435829283,10.67759031322058,48.13707139972178,7.4963727000337395,2028.0,0.5236024539646317,75.10471286450316,10.771938713224703,39.3250119601629,5.640213544201071,2029.0,0.38027447891226296,85.48346488159586,10.671053856555206,32.5071800634636,4.057929444746225,2030.0
00-0039810,WR,WR,2025,post-2025-season,basic_cohort_3col_plus_lags,resolved,0,1,0.1820166215052905,17.923013187739652,6.735249961366562,3.2622863076271384,1.2259274429615798,2026.0,0.14045709055656708,28.19767404073652,8.156806878228164,3.96056325622429,1.1456813623477224,2027.0,0.10113001740740982,33.433173960750224,9.268694295188686,3.381097464635631,0.9373432154163919,2028.0,0.07794056776833867,43.798924373554854,9.720768376636695,3.4137130333173924,0.7576422064195758,2029.0,0.042003614086882114,45.81520733964419,9.40058099336579,1.9244042884049035,0.3948583762378155,2030.0
00-0039811,RB,RB,2025,post-2025-season,basic_cohort_3col_plus_lags,resolved,0,1,0.15582498555923616,35.34029079065874,6.271869090704659,5.506900302113605,0.977313910488473,2026.0,0.11643887926786922,58.53093316018706,8.939700745276538,6.815276259674745,1.0409287357701353,2027.0,0.08073655988771071,48.325301414837604,9.257054915632231,3.901618591770707,0.7473827685797685,2028.0,0.06615242598427215,40.80933087089395,9.12438812433152,2.6996362399044846,0.6036004100466127,2029.0,0.048691597068930025,60.554037197063906,9.46023385514961,2.9484727800964365,0.46063389505279534,2030.0
00-0039814,TE,TE,2025,post-2025-season,basic_cohort_3col_plus_lags,resolved,0,1,0.2808986064612997,30.770690833480334,6.597424095546312,8.643444174976114,1.8532072346731598,2026.0,0.21322291626311077,37.88661618014768,7.801770251654891,8.078294789272247,1.6635162050726395,2027.0,0.1539640906144838,37.339869721530846,8.513744029709706,5.748999085338795,1.3108108572587456,2028.0,0.08292755430823331,43.63210424485932,8.734888348969529,3.6183036943480684,0.724362927935525,2029.0,0.054376102160788864,48.00326880125815,9.071234231829397,2.610230648389022,0.4932583593144004,2030.0
00-0039816,WR,WR,2025,post-2025-season,basic_cohort_3col_plus_lags,resolved,11,0,0.7322775595914338,7.221335829288216,9.225655440559057,5.288022178061357,6.755740451644021,2026.0,0.5012576482053248,11.547637665893811,9.323846334881782,5.788341698733158,4.673649286050679,2027.0,0.32969116060869524,16.771035048485864,9.629864206457778,5.52926200974441,3.174881106731197,2028.0,0.22666692148789466,25.723621582861256,9.727425247707483,5.830694113706725,2.2048855349014764,2029.0,0.16352770513247666,28.946909774351838,9.49696257619603,4.733621726076614,1.5530164958143502,2030.0
00-0039824,TE,TE,2025,post-2025-season,basic_cohort_3col_plus_lags,resolved,2,0,0.4321062838903464,0.33293340349176165,5.8398583100638355,0.1438626157657904,2.523439472807842,2026.0,0.2996347151851802,4.538050684683647,6.644980757966772,1.3597575244010964,1.9910669168243766,2027.0,0.18807164406319943,8.03453326909272,7.232860300393307,1.51106788119874,1.3602959279744158,2028.0,0.14419586827702677,14.67155682020892,7.71488193513439,2.115577874665759,1.1124540992914518,2029.0,0.11433641833351887,17.18482367468505,8.428110606007168,1.9648511886565487,0.9636399800096028,2030.0
00-0039847,TE,TE,2025,post-2025-season,basic_cohort_3col_plus_lags,resolved,15,0,0.9685801933552048,109.89428279283689,12.896211047226231,106.44142567611752,12.491014589671911,2026.0,0.9308985110083077,101.93470971961082,12.652212582548731,94.89086949804978,11.777925854055189,2027.0,0.8804775423077204,98.38842533122741,12.552097210950787,86.62879892716576,11.051839703105541,2028.0,0.8026493516137795,95.70686673526706,12.269384952254166,76.8190545300485,9.848013876626668,2029.0,0.7008680473955352,94.65851206128315,11.593682221621735,66.34312651775824,8.125641420792357,2030.0
00-0039849,WR,WR,2025,post-2025-season,basic_cohort_3col_plus_lags,resolved,12,0,0.9609495681779855,139.17559611909985,12.662324230060408,133.74072899156272,12.167855001006192,2026.0,0.9154874247362986,134.72058191967676,12.720208826886259,123.33499860062044,11.645191221034034,2027.0,0.8600940951598604,132.1220073343146,12.724620703135123,113.63735834891173,10.94437112991543,2028.0,0.7979956433084069,132.45097486479,12.478180896953457,105.69530089405373,9.957533992183048,2029.0,0.7034864730757958,124.9233849890359,11.915697610041727,87.88191151062668,8.382532085925943,2030.0
00-0039851,QB,QB,2025,post-2025-season,basic_cohort_3col_plus_lags,resolved,21,0,0.9893011305364336,291.24264485718857,15.599051649618755,288.1266778176377,15.432159432264054,2026.0,0.9719312824982141,279.2666300111631,14.732567542000062,271.427973865704,14.319043265587682,2027.0,0.9681797037384449,263.8259353081661,14.054971954486751,255.43091588517836,13.607738582947134,2028.0,0.9587961302365168,265.1253113250072,13.994586185806863,254.20112252616866,13.417955079213035,2029.0,0.9409645780249546,263.0417546104784,12.510477642776557,247.51297362999244,11.771916316025871,2030.0
00-0039853,WR,WR,2025,post-2025-season,basic_cohort_3col_plus_lags,resolved,0,1,0.1693529410682259,10.082012735907167,6.337138931822017,1.7074185087131895,1.0732131160620142,2026.0,0.12514858533589782,22.767954722768156,7.8052195608083945,2.849377324546208,0.9768121862712482,2027.0,0.09328119333357214,30.802771747650286,9.193191606531643,2.8733193066024603,0.8575518836014508,2028.0,0.08071781518882562,43.16618845102724,9.754816685748438,3.4842804217960355,0.7873874904411148,2029.0,0.05203223459679967,44.586345702316834,9.465722642334853,2.31992719939696,0.49252270115420554,2030.0
00-0039855,WR,WR,2025,post-2025-season,basic_cohort_3col_plus_lags,resolved,4,0,0.7431346084845336,76.52835503006048,9.677306500069358,56.870869153229386,7.191541377113874,2026.0,0.6107898045639888,75.77380689896123,10.402287066202739,46.28186870688595,6.353610884184479,2027.0,0.4827275490236451,73.92557524631034,10.556371546543042,35.68591174881444,5.095851363245669,2028.0,0.37324974368183994,81.40027793333645,10.551938643061373,30.382632874248362,3.938508393869159,2029.0,0.24956469910521764,82.51382509133359,10.337102022350344,20.592537930939223,2.5797757558278,2030.0
00-0039868,WR,WR,2025,post-2025-season,basic_cohort_3col_plus_lags,resolved,17,0,0.9876524612008712,141.40503372286037,13.493655600604022,139.65902958257524,13.327042164533482,2026.0,0.9585946574495392,141.44020177306612,13.351876227344217,135.58382176824603,12.799037218459675,2027.0,0.9316670630549061,138.07583000808086,13.161691351984976,128.64070302249715,12.262314326738998,2028.0,0.8904275145956235,133.59663970344343,12.856155564122167,118.95812384946413,11.447474646215998,2029.0,0.8429071790372239,124.98274384076106,12.059160330134027,105.34885203914787,10.164752815430871,2030.0
00-0039874,RB,RB,2025,post-2025-season,basic_cohort_3col_plus_lags,resolved,9,0,0.8853411213674272,68.61933149937516,9.967170825322277,60.751515897140024,8.824346195351529,2026.0,0.7656182027535556,69.31348936163634,10.196146866023884,53.067669151633716,7.806355638576505,2027.0,0.6179295220579092,67.88031774529266,10.172230372483117,41.945252301487706,6.28572145233144,2028.0,0.46721893635157985,73.78920803453336,10.575357863075407,34.47571529212013,4.941007452323408,2029.0,0.34876068651351877,88.2652871476763,10.273942159467513,30.783462140936454,3.5831471207360734,2030.0
00-0039875,RB,RB,2025,post-2025-season,basic_cohort_3col_plus_lags,resolved,19,0,0.9527478492746465,68.66907816085038,12.685975432932924,65.4243165294228,12.086535809677846,2026.0,0.8217594047257811,57.569500023251535,11.187975181182988,47.308278069468024,9.193823824975746,2027.0,0.5997854185886407,52.73922858689697,10.611414960821168,31.632220294034003,6.364571964093888,2028.0,0.35883782605636855,60.73109927619384,10.898879575583932,21.792615638282893,3.910930253352695,2029.0,0.20763962953152942,61.42910187222452,10.363809334083161,12.75511595520328,2.1519375306644344,2030.0
00-0039880,WR,WR,2025,post-2025-season,basic_cohort_3col_plus_lags,resolved,17,0,0.9563183549890211,95.1256946606086,12.400456539147008,90.97044783502112,11.858784198629916,2026.0,0.8598451120594867,92.90240263250737,12.080314593322015,79.88167680214386,10.38719945520882,2027.0,0.7456484852067136,90.74303353247863,11.988963249516313,67.66240549655471,8.939552286200797,2028.0,0.6170511394302511,86.92135285226763,11.737699600220195,53.63491981831065,7.242760912605874,2029.0,0.4906041430701691,80.25659642697835,11.033254258130972,39.37421871578611,5.412960250585639,2030.0
00-0039884,WR,WR,2025,post-2025-season,basic_cohort_3col_plus_lags,resolved,2,0,0.4520431201943577,25.451639293035615,7.779460826288282,11.505238440085137,3.516651745345131,2026.0,0.33262449592842436,30.40992506818167,8.314473477176794,10.115085997025083,2.7655975492561846,2027.0,0.23636671025300404,31.781118112707617,8.793509285121438,7.5119983364628595,2.0784928613033995,2028.0,0.15881839687372995,43.66974094110705,9.429418593148409,6.9355582481577125,1.4975651444151723,2029.0,0.09848058560677732,50.690472450390985,9.858448918930414,4.992027411598716,0.9708658227107679,2030.0
00-0039890,WR,WR,2025,post-2025-season,basic_cohort_3col_plus_lags,resolved,16,0,0.9642280531459801,80.63358185780857,12.119876506441072,77.74916165294178,11.686324928175377,2026.0,0.8925399391662197,82.13958584096525,12.016053381813862,73.3128609496336,10.724807554422192,2027.0,0.814779084562209,84.48419245351461,12.052683707939002,68.83595298725213,9.820274598072391,2028.0,0.7334545704304043,87.11099808816377,11.754684689590684,63.89195968251793,8.621527209548585,2029.0,0.6344632695725748,81.87945651230156,10.984597320382205,51.9495076896203,6.969323530827838,2030.0
00-0039893,WR,WR,2025,post-2025-season,basic_cohort_3col_plus_lags,resolved,15,0,0.9686537624133862,157.28180616964642,13.715520403873427,152.35161330540095,13.28559044266956,2026.0,0.9436686457814796,147.0815003049951,13.251547418114551,138.79620021232301,12.50506980656122,2027.0,0.8911708000181214,148.67762685212867,13.47895239087006,132.49715966660725,12.012048785577841,2028.0,0.8525406144331955,146.78407202050894,13.162400520834895,125.13938294937111,11.221481027448394,2029.0,0.7827423781218312,135.07271726425427,12.612869511012537,105.7271399308001,9.872627475990292,2030.0
00-0039894,WR,WR,2025,post-2025-season,basic_cohort_3col_plus_lags,resolved,14,0,0.9660360353971982,127.02505339392644,12.983988814507786,122.71077897678612,12.543001078008668,2026.0,0.9364981760251356,121.620947955643,12.779985477248104,113.89779592690762,11.968433089070572,2027.0,0.8861052941294062,126.24886975023595,13.057915743949394,111.86979186353793,11.570688271009281,2028.0,0.8530478449826093,129.40823741123148,12.718467684385713,110.3914180466489,10.84946144964619,2029.0,0.7862198041066131,120.4855886353925,12.09019812849903,94.72815589458826,9.505553204198646,2030.0
00-0039901,WR,WR,2025,post-2025-season,basic_cohort_3col_plus_lags,resolved,14,0,0.9678466989876239,114.61604711673408,12.481656950274676,110.93076285294104,12.080330477219277,2026.0,0.9209787401184713,113.9087664776217,12.441839181677032,104.90755223900918,11.458669374297545,2027.0,0.8688011112148764,114.60238246550875,12.503709352876726,99.56667723390626,10.863236580087142,2028.0,0.8118338734725621,117.78000507336344,12.282912364193697,95.61779773632665,9.971684322147395,2029.0,0.7397472321715907,111.52421144924394,11.686102468140477,82.49972673969742,8.644761955680513,2030.0
00-0039907,WR,WR,2025,post-2025-season,basic_cohort_3col_plus_lags,resolved,0,1,0.2883310784877908,24.669359289419553,7.1892045177087125,7.112942969521141,2.072871092060251,2026.0,0.23641566461523056,36.07286934221483,8.769174151937975,8.528191380118093,2.0731701352571172,2027.0,0.1868211454939768,42.884081686858316,9.813026549178348,8.011653264196143,1.8332808606803053,2028.0,0.15557804471757636,53.51328276467936,10.068289371501553,8.325491898947593,1.5664047740689675,2029.0,0.08143295431484918,55.074386888082415,9.52231369855704,4.484870031375544,0.7754301363862579,2030.0
00-0039910,QB,QB,2025,post-2025-season,basic_cohort_3col_plus_lags,resolved,7,0,0.9220304438856048,164.9903043054427,11.113397237631109,152.12608351556835,10.246890588090066,2026.0,0.8901601967700473,154.52337620435998,11.027798018937826,137.55055896764512,9.816506854478034,2027.0,0.8694051411576887,163.01330848835403,10.932396031345492,141.7246084768993,9.504681314823683,2028.0,0.7929339272828876,155.2047967446716,10.574246944101997,123.06714901589477,8.38467915744587,2029.0,0.7749631720776249,148.5681472524066,9.890404534359746,115.13484266442067,7.664699271078353,2030.0
00-0039912,TE,TE,2025,post-2025-season,basic_cohort_3col_plus_lags,resolved,9,0,0.8693519688159775,35.97119343295345,9.422067916413337,31.271627831598444,8.19109329345179,2026.0,0.7792202522584966,43.10919844329271,9.753600723788367,33.59156048564414,7.600203216419025,2027.0,0.6782853064750451,43.5671829928552,9.855286539186885,29.550980068563167,6.684696050631763,2028.0,0.5699464184240083,45.32394239084951,9.711297461753793,25.83221863452076,5.5349192065767365,2029.0,0.46524085234286594,46.89780418855348,9.66337702984084,21.81877439369145,4.495797765873625,2030.0
00-0039915,WR,WR,2025,post-2025-season,basic_cohort_3col_plus_lags,resolved,17,0,0.9770333203189073,172.83663920008559,14.300173274694128,168.86715547042064,13.971745775710106,2026.0,0.9517547453795161,160.9610523598089,13.674055019859079,153.19544540472887,13.014346753731472,2027.0,0.9018595384352089,159.72070206477238,13.766092549779522,144.04563864268314,12.415081873000528,2028.0,0.8573787941519273,150.76898069705103,13.395377314397113,129.26612686555282,11.48491244902788,2029.0,0.7828676956235832,137.14976953280674,12.746386064550961,107.37012402945393,9.978733885883564,2030.0
00-0039916,WR,WR,2025,post-2025-season,basic_cohort_3col_plus_lags,resolved,10,0,0.8749064445693232,101.61781812740999,11.169732731037934,88.90608396274439,9.772471150501996,2026.0,0.736856199284093,98.16206470845702,11.305954613305055,72.33132591495284,8.33086274563842,2027.0,0.5954567609684247,93.00849651259688,11.274248057067295,55.382538075933965,6.713327230415847,2028.0,0.44951663405629716,94.21453276424195,11.245912930928036,42.350999647368766,5.055224927600958,2029.0,0.32284029293960215,90.96292372180191,10.935412310690886,29.366496940989215,3.5303917137987773,2030.0
00-0039917,QB,QB,2025,post-2025-season,basic_cohort_3col_plus_lags,resolved,9,0,0.8958782903524309,118.95551847267701,8.815441618503156,106.5696665172889,7.897562765886274,2026.0,0.807210238116009,118.04727016098917,8.733401558194098,95.28896505559692,7.049691151352582,2027.0,0.766398407132968,111.70724202554823,8.30120567046501,85.6122523535971,6.362030803127545,2028.0,0.7046355089101888,111.5086280725802,8.264932359109919,78.5729388897995,5.823764818969704,2029.0,0.6118138500603142,104.42550582006272,8.049616228597769,63.88897076026832,4.924866696326387,2030.0
00-0039918,QB,QB,2025,post-2025-season,basic_cohort_3col_plus_lags,resolved,19,0,0.9856005335705857,269.32650741412965,15.000410622585811,265.4483494120685,14.784412713398458,2026.0,0.9649228622228315,257.7610868453871,14.319685725204508,248.7195656885188,13.817392136095757,2027.0,0.9597049951734615,248.78869214599615,13.820509657901422,238.76375059518503,13.263612154531062,2028.0,0.944282672962915,248.30026850981224,13.666160037824376,234.465641245855,12.904718129655773,2029.0,0.9249394956354701,246.99057209990838,12.255941894731958,228.45133518480546,11.336004714651004,2030.0
00-0039919,WR,WR,2025,post-2025-season,basic_cohort_3col_plus_lags,resolved,14,0,0.9765952124234284,146.23599593288384,13.076669712352881,142.81337351202632,12.770613035526274,2026.0,0.936036545014857,143.34622751831284,13.080647363236865,134.17730754715518,12.243963964441935,2027.0,0.8944943339356122,138.5410154909948,12.927311707404375,123.92415337438072,11.563407075292718,2028.0,0.8356514061470757,134.80473522950746,12.650854191230204,112.64976654982213,10.571704093863145,2029.0,0.755801667835182,126.61584762976578,11.971770813665708,95.69646881294226,9.048284347909096,2030.0
00-0039920,WR,WR,2025,post-2025-season,basic_cohort_3col_plus_lags,resolved,12,0,0.8246822620002494,34.4546264917616,9.95973087092761,28.414119311599674,8.213613383550296,2026.0,0.6318303724256337,38.343028449830925,9.912101623237326,24.22628994538334,6.262766860130768,2027.0,0.46743074200457624,41.19241231336367,10.141431100451086,19.254599852594023,4.7404166642721375,2028.0,0.3350588835690278,52.68235134542799,10.337903405672112,17.65168982559037,3.463806373548948,2029.0,0.27100862475369686,54.357585556134126,10.228626072044833,14.731374506499325,2.7720458849046783,2030.0
00-0039921,RB,RB,2025,post-2025-season,basic_cohort_3col_plus_lags,resolved,4,0,0.7951464299592378,85.42465426395657,8.94123628746658,67.92510886848724,7.109592113401041,2026.0,0.6637750239780486,80.5627830573155,9.690204831255459,53.475563255607916,6.432115944218794,2027.0,0.5031935803430548,75.26668680942905,10.06741767860337,37.87371361619598,5.0658599465053955,2028.0,0.3617587253675493,73.751236285212,10.512951275180118,26.680153232819247,3.803151853160312,2029.0,0.2557345425789535,89.34757211260705,10.069383908433336,22.84926048475763,2.575089287875074,2030.0
00-0039923,QB,QB,2025,post-2025-season,basic_cohort_3col_plus_lags,resolved,10,0,0.9034957812046742,131.61862834734558,9.568344198669337,118.91687543977267,8.644958616611964,2026.0,0.8323988300315939,125.87940524976324,8.901865388709771,104.7818696549758,7.409902334660753,2027.0,0.8224434574852946,118.97578117305811,8.669065554015921,97.85085282498373,7.129816247411525,2028.0,0.7799356703067387,122.63188883916308,8.895528340997592,95.64498442275413,6.937939859368548,2029.0,0.7363663788975922,126.74306770030744,9.114931836008331,93.32933381284776,6.711929349979836,2030.0
00-0040009,WR,WR,2025,post-2025-season,basic_cohort_3col_plus_lags,resolved,12,0,0.8045724115677815,44.59674242634061,10.354007256747568,35.88130860202806,8.3305485879517,2026.0,0.660435785949158,45.75578802208088,9.907774532936196,30.218759824086053,6.543448860666769,2027.0,0.49728660138643266,50.274664603447796,10.379520491007698,25.00091709649134,5.1615964689940546,2028.0,0.3729973031619964,65.87897511264316,10.82642793170162,24.572680052092178,4.0382284214024144,2029.0,0.27496085061433034,64.98780266334,10.975985818368045,17.86910149986821,3.0179663969493045,2030.0
00-0040021,RB,RB,2025,post-2025-season,basic_cohort_3col_plus_lags,resolved,1,0,0.7029761941903861,102.08430368067073,8.113108562765314,71.76283528801353,5.703322180506194,2026.0,0.6162494247438609,102.84878654482631,9.557451556495971,63.38050554385335,5.88977402370796,2027.0,0.5251771298195705,83.14733402965778,10.223088886750128,43.667078237844784,5.368932479433781,2028.0,0.4085193992223262,73.5522763567993,10.319396008914152,30.047531748714157,4.21567345789888,2029.0,0.26918833044762347,98.1300434652787,10.428020865925678,26.415462567171097,2.807101526771514,2030.0
00-0040024,WR,WR,2025,post-2025-season,basic_cohort_3col_plus_lags,resolved,7,0,0.6706805872303627,40.356021076843085,9.181836998013555,27.065999914098015,6.158079829681202,2026.0,0.5158750168404048,43.38914473502073,9.240722258152935,22.38337577086958,4.767057750542149,2027.0,0.3778321149704658,45.37674507850104,9.674533177794247,17.14479156348572,3.655349331917942,2028.0,0.2660824705761305,59.083557633949425,10.215718074268013,15.721098985668458,2.718223503910463,2029.0,0.18010062568597124,61.88925234496767,10.498597979871908,11.14629307056564,1.8908040650004043,2030.0
00-0040039,RB,RB,2025,post-2025-season,basic_cohort_3col_plus_lags,resolved,1,0,0.49976773522198625,22.740547779818726,6.705152239030493,11.364992061627373,3.3510187488188996,2026.0,0.3988085949977885,47.135343372935466,8.373949405595441,18.797980065298713,3.339602997028084,2027.0,0.3380627170084928,37.575018151100586,8.960064816951158,12.702712727804498,3.029063856590712,2028.0,0.2506085598499455,47.06676348982639,9.636940203699744,11.795333814983389,2.4150997058092334,2029.0,0.18631359507755543,61.165726529512455,9.663965940892922,11.396006405244073,1.8005282371548108,2030.0
00-0040058,TE,TE,2025,post-2025-season,basic_cohort_3col_plus_lags,resolved,4,0,0.6003094946435192,6.286634147144889,6.946450841389214,3.77392616788124,4.170020394160408,2026.0,0.4789627862498715,17.833368163311334,7.507946208081745,8.54151970371935,3.59602683483699,2027.0,0.35848225962327085,24.95375873519454,8.021968486339281,8.945479817486472,2.875733389609575,2028.0,0.2603983017569226,28.538345935940875,8.90451688648313,7.431336816670577,2.3187210752060468,2029.0,0.19549344682572364,31.70636904343027,9.222628206641975,6.198387370628606,1.802963376908582,2030.0
00-0040067,RB,RB,2025,post-2025-season,basic_cohort_3col_plus_lags,resolved,1,0,0.3724013745481679,19.144795889801898,6.528153700622454,7.129548304806342,2.431093411373511,2026.0,0.26055650152079607,32.73955491515596,7.887550029691468,8.530503890041022,2.05515244130666,2027.0,0.18708402628559243,27.718076390042864,8.774770235747512,5.185609331940838,1.6416193454346217,2028.0,0.11816997030109756,29.29804306306037,9.303654040306096,3.4621488786421213,1.0994125216346577,2029.0,0.07329289809618933,39.65896463460018,9.269237316352434,2.9067204535641276,0.6793692660568145,2030.0
00-0040075,WR,WR,2025,post-2025-season,basic_cohort_3col_plus_lags,resolved,14,0,0.8323455311382347,30.10593217124155,10.587238780489837,25.058538103483716,8.81224088603413,2026.0,0.7143630152971292,31.745266586019703,9.909197212917967,22.677644359800237,7.0787640001939875,2027.0,0.5486058317443417,41.42701539101758,10.558597773996516,22.727102235274845,5.792508313857313,2028.0,0.4429517882628915,63.11638152756174,10.985714473857254,27.957514066316406,4.8661418715406,2029.0,0.35451069713889183,61.558440424703974,11.123959233938827,21.823125629744748,3.9435625429682664,2030.0
00-0040078,RB,RB,2025,post-2025-season,basic_cohort_3col_plus_lags,resolved,17,0,0.9506637458567054,82.74902872520948,11.75148457998596,78.66650161391176,11.171710350186764,2026.0,0.8759159653776858,93.53607259150367,11.493049196317084,81.92973932162423,10.066945281925316,2027.0,0.7971563368318328,74.52026206855324,10.982357736347216,59.40429913031608,8.754656062883287,2028.0,0.6685165106159952,79.32389473955473,10.6607199307616,53.029333319757626,7.126867288767138,2029.0,0.5134690446165455,96.13247771628562,11.308724046666907,49.36105148960253,5.806679732074211,2030.0
00-0040122,RB,RB,2025,post-2025-season,basic_cohort_3col_plus_lags,resolved,17,0,0.9837102337091509,171.54585945480267,13.368783373694374,168.7514174961211,13.151009016943902,2026.0,0.9593596178462198,160.24977028217194,12.976593727629984,153.73715837784897,12.449219999484754,2027.0,0.9250817682491711,161.7992701618379,12.44291945563402,149.67755494273837,11.510717932199931,2028.0,0.8626137789962885,146.75725344380882,11.535599293342766,126.59482898828001,9.950766899417319,2029.0,0.7248541427213494,144.78876995251358,12.296145150475935,104.9507397196079,8.912911751825511,2030.0
00-0040124,WR,WR,2025,post-2025-season,basic_cohort_3col_plus_lags,resolved,18,0,0.9882994899009043,173.558028805201,14.014155025552206,171.5273113363866,13.85018226314544,2026.0,0.9637592336073612,172.81811297740808,13.245402603532495,166.55505211657717,12.765379062001424,2027.0,0.9425734962876268,164.49721091403546,13.103314971330613,155.05071122080557,12.3508374054851,2028.0,0.892860939009052,165.08305053369105,13.467639586461406,147.39620751399016,12.02472932740341,2029.0,0.8574646269891814,155.2463142680799,13.389399914393213,133.11822295532437,11.480936803204154,2030.0
00-0040126,TE,TE,2025,post-2025-season,basic_cohort_3col_plus_lags,resolved,18,0,0.9883342443363592,147.56145408590652,14.443473981492074,145.84003821716877,14.274979943089834,2026.0,0.9779669797570925,132.31474250910418,13.818898792501248,129.399449108966,13.514426715671377,2027.0,0.96963708129095,129.63894389313708,13.643330406964632,125.70272717818267,13.229079074897255,2028.0,0.9442709092049242,124.46565736293931,13.795174587658234,117.52929944289127,13.026382050528706,2029.0,0.9050166963281354,117.48170334451004,12.948091817520234,106.32290303985053,11.718239280445525,2030.0
00-0040128,TE,TE,2025,post-2025-season,basic_cohort_3col_plus_lags,resolved,17,0,0.9805988061344577,141.2020593950882,13.731905950408077,138.4625708665503,13.465490580920816,2026.0,0.9594841349875883,125.83105435130344,13.090587389474273,120.73290033883659,12.560210917869155,2027.0,0.9391355124216106,122.39480605910887,13.103773986508859,114.94530890606487,12.306219497476969,2028.0,0.886675118405216,118.14905985057945,13.323223680439028,104.75983163247749,11.813370934392452,2029.0,0.8127228803353356,111.79708660144266,12.659571621683938,90.86005023582342,10.288723512186445,2030.0
00-0040129,WR,WR,2025,post-2025-season,basic_cohort_3col_plus_lags,resolved,17,0,0.9803458922012944,155.65149215590776,13.462059771452502,152.59230095004617,13.197474997511756,2026.0,0.941003460557453,154.56101733489365,12.754413973852062,145.4424521794154,12.001947686777125,2027.0,0.9040153684445033,146.5695515621258,12.642132860871815,132.5011271581808,11.428682396145396,2028.0,0.8250897825787182,148.49048483718315,13.008466979746045,122.5179818493199,10.7331531920011,2029.0,0.7625615718979606,139.82655972396978,12.945708974174009,106.62636117619446,9.871900184679667,2030.0
00-0040130,WR,WR,2025,post-2025-season,basic_cohort_3col_plus_lags,resolved,19,0,0.9747667527399476,123.50457667054789,13.312147069103368,120.38815514967186,12.9762383705465,2026.0,0.9298945118905374,122.06144962414405,12.32452896127352,113.50427211889485,11.460511842724232,2027.0,0.874106271762191,120.49052903684733,12.450951163192702,105.32152711905265,10.883454501151489,2028.0,0.7902838962593024,128.04286976202948,12.780775692238892,101.19021800375907,10.100441211278735,2029.0,0.726179623069567,119.29300921148467,12.699170914562693,86.62815246403032,9.221879148033144,2030.0
00-0040131,WR,WR,2025,post-2025-season,basic_cohort_3col_plus_lags,resolved,17,0,0.929753493933647,67.33385199183657,11.933660347801503,62.603884149421106,11.095362403785868,2026.0,0.8480647836788788,67.46075388964469,11.033538147814557,57.21108965423561,9.35715514253901,2027.0,0.7325323402295416,73.06525003403642,11.473378318075191,53.52265859688929,8.404620669678502,2028.0,0.6241560873741305,91.27059756087648,11.842679897417863,56.967099065895525,7.3916807487966025,2029.0,0.5385161612967145,86.04694105630554,11.86509312314823,46.33766838896632,6.38954440210583,2030.0
00-0040134,WR,WR,2025,post-2025-season,basic_cohort_3col_plus_lags,resolved,15,0,0.9328552589752913,86.75388654926086,11.84499755832417,80.92881930402378,11.049668264832187,2026.0,0.8506878853159565,87.37037621458214,11.194803066577283,74.32492058124242,9.523283347235214,2027.0,0.7539149999082407,88.62323109676183,11.482123287790849,66.81438326418319,8.656544977461246,2028.0,0.6384969420907651,102.78647493843933,11.888397662671911,65.62884993648258,7.590705553975015,2029.0,0.5468097851426549,98.18576256318255,11.942952462953368,53.68893573124158,6.530523270236472,2030.0
00-0040138,WR,WR,2025,post-2025-season,basic_cohort_3col_plus_lags,resolved,19,0,0.9521768894009617,77.46228314839128,12.54859381699952,73.75779581413174,11.948481027026745,2026.0,0.8870074565119465,76.72362101890428,11.464818918790625,68.0544239343648,10.169379868526516,2027.0,0.7893000640713813,82.04170603396801,11.867068234257967,64.75552382913638,9.366677717639268,2028.0,0.6910606592510564,99.45712814321035,12.198375238405957,68.73090854186374,8.429817234044583,2029.0,0.6152774921038522,92.4259467831908,12.159320051916653,56.86760474208574,7.481355947231361,2030.0
00-0040142,RB,RB,2025,post-2025-season,basic_cohort_3col_plus_lags,resolved,10,0,0.8170727871853951,43.50487436610081,9.307113063974338,35.54664895446044,7.604588811831115,2026.0,0.6776801522856623,63.475939574851836,9.911409367684227,43.01638439756109,6.7167654096577865,2027.0,0.576491021530803,45.478964761254865,9.883933161522984,26.21821485337921,5.697998725028564,2028.0,0.43763050463441283,55.24254360341738,10.084826694852735,24.175822234452102,4.4134277956190004,2029.0,0.32115868761226174,73.71640024155653,10.444688588085063,23.67466235707851,3.354402479468166,2030.0
00-0040154,WR,WR,2025,post-2025-season,basic_cohort_3col_plus_lags,resolved,12,0,0.8233954701995053,33.41666408471031,10.243368412019185,27.51512983652897,8.434343150041297,2026.0,0.7179822903345243,36.73050263584266,9.783028261741865,26.371850407620595,7.024041037772805,2027.0,0.5749429775568758,46.324170324639034,10.44945931831128,26.633756419299836,6.007843254329329,2028.0,0.4778059107893906,68.41880348899551,10.931507053218791,32.690908716179834,5.223138683863852,2029.0,0.3948629921809555,68.33983701582005,11.144999677799866,26.984872529225527,4.40074792063184,2030.0
00-0040162,RB,RB,2025,post-2025-season,basic_cohort_3col_plus_lags,resolved,15,0,0.9556411654230801,100.37602853032834,11.615531445387905,95.92346488526331,11.100280007478931,2026.0,0.8997925358535449,110.51296501812382,11.66508888215855,99.43874103835174,10.496159906234436,2027.0,0.8439322601608872,93.48996331825293,11.184936477050321,78.89919604553164,9.439328720833029,2028.0,0.7479603471367715,96.33347324685894,10.879610328866288,72.05361809061151,8.137517118291633,2029.0,0.61390305549327,112.0427293526754,11.500801357567916,68.78337389541291,7.0603770940320905,2030.0
00-0040164,WR,WR,2025,post-2025-season,basic_cohort_3col_plus_lags,resolved,15,0,0.909258959450226,65.94758212363634,11.468540639952737,59.963429899995894,10.427873328696053,2026.0,0.8147826938064193,66.81644647859466,10.77093768142656,54.440884252401794,8.7759736188938,2027.0,0.6932538076140188,71.37038138218489,11.19424976029186,49.47778864406435,7.760456269704649,2028.0,0.5773008044293645,88.69276219537697,11.601255044257325,51.202402962453455,6.697413869439976,2029.0,0.4846113133598703,84.93941530504415,11.676788195337561,41.162601606996915,5.658703663167565,2030.0
00-0040170,WR,WR,2025,post-2025-season,basic_cohort_3col_plus_lags,resolved,16,0,0.9634587690902829,110.21564835608751,12.528371215051063,106.18823289964354,12.07056910955923,2026.0,0.9122465955746965,111.1799284356904,11.83360242299974,101.42351121169695,10.795163523765991,2027.0,0.855837906045599,111.03785939216769,12.043692919382764,95.03040907397843,10.307448929180751,2028.0,0.7733985217706485,124.29381309815409,12.4477029072326,96.12865131534964,9.627035027893896,2029.0,0.7114346640673471,118.2247954996681,12.479460451243298,84.1092176707372,8.87832075387202,2030.0
00-0040172,WR,WR,2025,post-2025-season,basic_cohort_3col_plus_lags,resolved,2,0,0.4983109817890055,27.29999272123942,7.866371911668924,13.60388617575352,3.9198995104211978,2026.0,0.3860346430640265,33.261504915012196,8.412242408316636,12.840093177639098,3.24741699546258,2027.0,0.28878105864556786,35.94418782471428,8.937241205143426,10.38000061217612,2.5809059765921094,2028.0,0.2051158651625328,50.26445013671031,9.590444512954306,10.310036176710325,1.967152323567888,2029.0,0.13602925892628145,57.37113851033283,10.04351630345294,7.804153455317621,1.366212079772729,2030.0
00-0040177,RB,RB,2025,post-2025-season,basic_cohort_3col_plus_lags,resolved,1,0,0.6480957427626443,57.982801170289925,7.384205249751085,37.57840659191777,4.7856719860492465,2026.0,0.5654409286320602,77.51119326061982,9.104856204342909,43.828001096663954,5.148258347245029,2027.0,0.5081743818242282,61.511969409136675,9.581792008674102,31.25880702927887,4.869221230776292,2028.0,0.41214031484664504,66.68807449165244,10.083454136997666,27.484844017506155,4.155797962763923,2029.0,0.3166771805001631,86.98890221541328,10.174107885791946,27.547400288381468,3.2219077993770684,2030.0
00-0040179,RB,RB,2025,post-2025-season,basic_cohort_3col_plus_lags,resolved,5,0,0.6857861732823889,40.97364180756498,8.025582582357265,28.09915702065329,5.5038335675165815,2026.0,0.5559346541003581,61.16297952919339,9.20770481023204,34.00261986830942,5.118882188734553,2027.0,0.4700002431315697,47.36249523267833,9.518782247972242,22.260384274676625,4.473829970863423,2028.0,0.35323878711956425,55.09444249451951,9.924718617222492,19.46149404379265,3.5057955668506318,2029.0,0.2575292383083712,71.67782891994969,10.111083908489865,18.459136685352384,2.603899737425424,2030.0
00-0040184,WR,WR,2025,post-2025-season,basic_cohort_3col_plus_lags,resolved,10,0,0.7321093700714715,35.86970566146892,9.737418288523234,26.260547616467104,7.12885516933317,2026.0,0.5800724458241081,37.82058620846069,9.474629780457432,21.938679944443322,5.495971670027875,2027.0,0.4193616870397861,42.56517575282639,9.984564628255157,17.850203912850272,4.187143866862858,2028.0,0.30611050137771945,57.63046631557954,10.469469858374175,17.641290938493825,3.20481466750584,2029.0,0.21655198013425603,58.550545078359136,10.680588411214513,12.679236474658689,2.3129025694474903,2030.0
00-0040187,TE,TE,2025,post-2025-season,basic_cohort_3col_plus_lags,resolved,15,0,0.9569223315422035,59.21928941872655,11.715822177713662,56.66826050284035,11.211131874231613,2026.0,0.9123798726008971,65.63774872860839,11.052847682942938,59.886560822817415,10.084395760840598,2027.0,0.8678465844493883,72.47053843868844,11.110353088548084,62.89330925722387,9.642081979923168,2028.0,0.7967469405264787,70.41969134076413,11.680214902092288,56.106673628572786,9.306175487933814,2029.0,0.6964303272259069,69.4324937924417,11.24787112565407,48.354894371980926,7.833358568634094,2030.0
00-0040189,TE,TE,2025,post-2025-season,basic_cohort_3col_plus_lags,resolved,16,0,0.9759589828518739,113.82484701525183,13.097077239829384,111.08838191627534,12.782210181316312,2026.0,0.9532889755874896,107.93241962219335,12.55455197749485,102.89078573431976,11.968115993585958,2027.0,0.9320725980469572,107.74233788756287,12.533715611537744,100.42368079451383,11.682332873227692,2028.0,0.8818398129962548,104.1559167081647,12.84699301876162,91.84883411238145,11.328989921228937,2029.0,0.810741437434774,99.36702328832658,12.227683287468851,80.56096329439255,9.91348952497966,2030.0
00-0040194,TE,TE,2025,post-2025-season,basic_cohort_3col_plus_lags,resolved,14,0,0.9210550310840904,57.84685681462474,10.907026191490672,53.28013850151112,10.04597134783843,2026.0,0.8203590272725888,60.156016781770525,10.17083250360534,49.3495314116868,8.343734259210105,2027.0,0.7129879221430314,65.4009469454104,10.495139675886165,46.630085268794794,7.482907830110965,2028.0,0.578425645712704,64.44525322424562,11.140912169413035,37.276787209352996,6.444189315421257,2029.0,0.43805050310294297,64.03302490999486,10.947929695863053,28.04969877702653,4.79574611120846,2030.0
00-0040198,RB,RB,2025,post-2025-season,basic_cohort_3col_plus_lags,resolved,17,0,0.9575921295618195,82.77537729937889,11.789133613663775,79.26504982339532,11.289181562797124,2026.0,0.8955992986041648,97.45395986369199,11.635597575330449,87.27969810012097,10.42083302730627,2027.0,0.8346863777093256,75.40391120304848,11.024841253919563,62.93861750718818,9.20228481105446,2028.0,0.7293497253327841,83.17076202847824,10.760265756017157,60.66057244118895,7.847996873658875,2029.0,0.5977638115431958,102.65907105767579,11.42726499275058,61.36587760492006,6.830805477580716,2030.0
00-0040202,RB,RB,2025,post-2025-season,basic_cohort_3col_plus_lags,resolved,9,0,0.8753698636562579,89.32016049931116,9.894483011647198,78.18817671803708,8.661332244854767,2026.0,0.7806026465368157,97.81504825762957,10.544570586177096,76.35468554103198,8.231119706164103,2027.0,0.6942170613811726,82.83262199095411,10.572815952552709,57.50381942505766,7.339829221105124,2028.0,0.5673006359637516,82.27500954796758,10.509192459610318,46.674665240485744,5.961871565802396,2029.0,0.4174306315782171,98.69060569984919,10.893063275721055,41.196481868124835,4.547098283005722,2030.0
00-0040205,RB,RB,2025,post-2025-season,basic_cohort_3col_plus_lags,resolved,4,0,0.5528667099700264,19.731066414947605,7.354426758450476,10.908649773032167,4.066017725660041,2026.0,0.4120471230251696,41.222943065354,8.578410174996673,16.985795092709484,3.534709232737221,2027.0,0.326631086972531,31.213856500673145,9.062623457153556,10.195415877419473,2.960134550632823,2028.0,0.22611832845134025,39.96354054665381,9.589104092542076,9.03648898740672,2.16827218875152,2029.0,0.15755285262699711,53.395471550166064,9.695526964756642,8.41260886009233,1.5275579310193799,2030.0
00-0040206,QB,QB,2025,post-2025-season,basic_cohort_3col_plus_lags,resolved,5,0,0.7408773014440296,60.89155103152345,6.514792412339939,45.11316800897651,4.826661821922454,2026.0,0.6715616521997009,56.89024691446742,6.014228516013677,38.205308211928674,4.0389252389207,2027.0,0.6139133721454093,61.49549435880175,6.3357613241308375,37.75290631356098,3.889608599605626,2028.0,0.5501533363369734,64.71708193408872,6.566689844472806,35.604318544032175,3.612686326626835,2029.0,0.5101189942596775,70.26361958087924,7.478747930890851,35.8428069536427,3.815051372827685,2030.0
00-0040208,RB,RB,2025,post-2025-season,basic_cohort_3col_plus_lags,resolved,12,0,0.8283690498904822,40.57314764798796,9.71071817715714,33.609539768230036,8.044058390165896,2026.0,0.668698141899879,57.5397115295293,9.984886237391535,38.47669818525129,6.676874874025393,2027.0,0.5445531138009728,39.35464475871275,9.923067476894003,21.430694345888163,5.403637292999792,2028.0,0.38957097793557977,47.87585407464049,10.010722896063367,18.651043291358807,3.899887108461505,2029.0,0.2675827517917081,65.85843488540499,10.416022771188093,17.622581235331694,2.787148035839603,2030.0
00-0040218,WR,WR,2025,post-2025-season,basic_cohort_3col_plus_lags,resolved,11,0,0.8206359582450358,49.14061860235374,10.276353700900547,40.32655863549639,8.43314536660344,2026.0,0.6953431116472311,51.64680394535836,9.950801305954164,35.91224936199997,6.919221143465498,2027.0,0.5546360993260784,56.374261273083285,10.435683515346081,31.267200374892113,5.788006798753008,2028.0,0.43578859520576546,73.73035670203626,10.918604792182805,32.130848571200374,4.758203443992283,2029.0,0.33917422592929997,73.50724575146842,11.114975020810355,24.931763177949126,3.769913048906857,2030.0
00-0040225,TE,TE,2025,post-2025-season,basic_cohort_3col_plus_lags,resolved,1,0,0.49826391161493155,2.1133964065559727,6.110256955175257,1.0530291603235191,3.044520531457965,2026.0,0.42937995622873176,15.542712277741884,7.171776185919315,6.673729117492582,3.079416944792296,2027.0,0.33308127208786525,21.791373385928154,7.6730717021235195,7.258298367926601,2.5557564833647035,2028.0,0.24633520448324378,26.31080225097449,8.553291730711079,6.481276852611992,2.1069768674895517,2029.0,0.19466215388524233,29.58884360861383,8.947665613070933,5.759828027826354,1.7417718604853052,2030.0
00-0040234,QB,QB,2025,post-2025-season,basic_cohort_3col_plus_lags,resolved,4,0,0.7682147795219813,66.96201027846519,6.651716443812456,51.44120596241977,5.109946881326123,2026.0,0.6976087706394924,63.97422645974169,6.307018886716728,44.628981473192894,4.3998316919625164,2027.0,0.67436350041576,66.4898954627244,6.443485308066155,44.83835864652079,4.345251307225014,2028.0,0.6086280755005502,68.81083014702352,6.689362040701927,41.88020312597817,4.071333545158847,2029.0,0.5753059385463846,72.86926818724943,7.522731969136035,41.922122725653736,4.327872375936698,2030.0
00-0040236,RB,RB,2025,post-2025-season,basic_cohort_3col_plus_lags,resolved,19,0,0.973302686942988,123.36156222867379,12.948181957280525,120.06813998265282,12.602500290047853,2026.0,0.9245241890973707,120.31496048801557,12.294027808947043,111.23409128146479,11.366126090807288,2027.0,0.8581901538836934,113.88076857278315,11.73772346506645,97.73135430587004,10.073198706729615,2028.0,0.7427040760822629,107.57268353992261,11.015640167106245,79.89467054020787,8.181360852765307,2029.0,0.5607016740858985,112.13462350535445,11.76427057315268,62.87407112244419,6.596246204766182,2030.0
00-0040237,WR,WR,2025,post-2025-season,basic_cohort_3col_plus_lags,resolved,15,0,0.9392048674832214,93.51091789005854,11.967255271364412,87.82590924516683,11.239704401279695,2026.0,0.8610446722943854,94.04544664331118,11.332457098410798,80.97733078576898,9.757751808591307,2027.0,0.7717823975136598,94.22624659892348,11.57561276135161,72.7221585088305,8.933854169645663,2028.0,0.6575412049966776,107.36353277461069,11.981649767044495,70.5959467133178,7.878428425670598,2029.0,0.5667914041622762,102.48763096534327,12.029391662404162,58.0891082641121,6.818155791552034,2030.0
00-0040238,RB,RB,2025,post-2025-season,basic_cohort_3col_plus_lags,resolved,17,0,0.9501126056533221,69.5388860300061,11.548051120212191,66.0697722001985,10.971948940042571,2026.0,0.8775366205761552,87.5092887557871,11.414453148495577,76.79260552377634,10.016600641655664,2027.0,0.8097754498188499,62.3936740230264,10.807122757810255,50.52486544784689,8.751342692453328,2028.0,0.694668070103812,73.11881471887821,10.629851945643397,50.79330590904134,7.38421873656935,2029.0,0.5645858198620929,95.40612540530077,11.280075158244394,53.86494553181738,6.368570481323438,2030.0
00-0040241,WR,WR,2025,post-2025-season,basic_cohort_3col_plus_lags,resolved,2,0,0.4087197430994349,11.047722424295305,7.448758931481963,4.515422271091843,3.044454836884929,2026.0,0.3206254094612057,16.946877321767065,7.94203804215265,5.433599480380386,2.546419199221666,2027.0,0.224645250414415,22.94748731167461,8.617895973673487,5.155044033512754,1.9359693990512594,2028.0,0.16248176482023294,34.62994564681799,9.271910097028158,5.626734684323729,1.5065163158196724,2029.0,0.10666260192092325,42.67663753265518,9.748253691467559,4.552001200469132,1.0397741029171748,2030.0
00-0040242,RB,RB,2025,post-2025-season,basic_cohort_3col_plus_lags,resolved,17,0,0.9530026128111202,111.3184123290938,12.197494044595746,106.08673780361201,11.624243694247825,2026.0,0.8758318101418967,107.20427321034576,11.686146660154687,93.89291266076357,10.23509898294696,2027.0,0.7749456334216507,100.88580139178767,11.368176821940734,78.18101126280975,8.80971898812819,2028.0,0.6196036727038856,93.36610526659933,10.74363009899227,57.84998172924254,6.656792667507621,2029.0,0.41683448298562176,98.76278237037519,11.389919804022162,41.16773332757682,4.747711332757272,2030.0
00-0040244,TE,TE,2025,post-2025-season,basic_cohort_3col_plus_lags,resolved,1,0,0.5954372304055456,21.73821162618016,6.881149977537368,12.943740524662347,4.097292884630033,2026.0,0.56269618251493,40.89593552480302,8.168046011264597,23.011986800183372,4.5961283091448895,2027.0,0.48486134369910533,43.194374126523,8.555683434826332,20.943282279227812,4.148320166474072,2028.0,0.3752924262422561,46.81084721324623,9.267325877001051,17.56775642511473,3.477957213157368,2029.0,0.31077919327142794,47.76375604220498,9.51580888734263,14.843981570409756,2.9573154093334266,2030.0
00-0040259,WR,WR,2025,post-2025-season,basic_cohort_3col_plus_lags,resolved,13,0,0.858898317086324,41.32936189388589,10.62281306747703,35.49771937691024,9.123916266378632,2026.0,0.7603202582341257,44.21879424911759,10.079710986096087,33.62044506229076,7.663808459873931,2027.0,0.6264030796955976,53.09500945312425,10.70134520397896,33.2588774379039,6.703355592658133,2028.0,0.527287551710016,75.20676262405775,11.164255902718537,39.65558973607575,5.886773161608551,2029.0,0.44481376647380155,74.06201888736688,11.343003296289304,32.943805573943486,5.045524019347192,2030.0
00-0040277,WR,WR,2025,post-2025-season,basic_cohort_3col_plus_lags,resolved,6,0,0.7289511416460548,52.91030218966058,9.302909212382549,38.56902518599083,6.781366290995859,2026.0,0.5890458910029427,57.30637391500531,9.507500995927932,33.756084082912096,5.600354395357734,2027.0,0.47305387972225565,57.909747836189226,9.882660173799085,27.394430887646813,4.675030737192278,2028.0,0.3502955634592345,74.37479165635035,10.459473070842796,26.05315955042442,3.663907012837567,2029.0,0.253239227220845,77.40123676507679,10.778091172292015,19.601029384325706,2.7294354793870417,2030.0
00-0040311,WR,WR,2025,post-2025-season,basic_cohort_3col_plus_lags,resolved,3,0,0.7235622633258121,73.41085582807581,9.181871056680128,53.117324995647415,6.643655403337239,2026.0,0.556351952651812,78.08566710088851,9.762947219985662,43.443113365698686,5.431634749475603,2027.0,0.46723643671992054,70.60009063850472,9.82764858199014,32.98693478203837,4.591835504784653,2028.0,0.3164352154191661,88.75526416804877,10.442434717334589,28.085291136601505,3.3043540792803494,2029.0,0.20893671858223817,92.40762898548547,10.779714270067428,19.307346772192254,2.252278126842015,2030.0
00-0040317,WR,WR,2025,post-2025-season,basic_cohort_3col_plus_lags,resolved,1,0,0.45624542720434946,31.190246677251558,7.72672732896444,14.230407419871678,3.525284011094903,2026.0,0.3336196969863786,36.57476737013955,8.385645729361677,12.202062807373244,2.7976165872647627,2027.0,0.24537258138748957,36.020507865656256,8.791456750829486,8.838444997884448,2.157182437107503,2028.0,0.16219644515575485,49.11312352932454,9.445868769709058,7.9659740469519,1.5320863358545729,2029.0,0.09947439107896064,56.46423936489242,9.891438096383832,5.616745828559353,0.9839447815330152,2030.0
00-0040352,WR,WR,2025,post-2025-season,basic_cohort_3col_plus_lags,resolved,2,0,0.36289894684185475,8.846058772244898,7.352769303053779,3.2102254121488243,2.6683122364493346,2026.0,0.2710181363598184,13.740631657692088,7.834047276965763,3.723960384274432,2.1231688931579713,2027.0,0.17982603305659495,18.501880631993178,8.46722176601085,3.327119798137979,1.5226269011921874,2028.0,0.12362911512415983,27.695355918825726,9.103959516006475,3.423952345293087,1.125514459090055,2029.0,0.07607855923678117,35.67652579928557,9.556767554510568,2.7142186813834988,0.7270651065079805,2030.0
00-0040363,TE,TE,2025,post-2025-season,basic_cohort_3col_plus_lags,resolved,3,0,0.6386041863707752,22.22419937861745,7.278302000764526,14.192466761923884,4.647954127359015,2026.0,0.5635502547857235,37.753261795950465,8.180956178351192,21.275860304100007,4.610379938700653,2027.0,0.4647792031672916,41.26412568956823,8.609854825375024,19.17870745739249,4.001681465123864,2028.0,0.3508455312062856,44.45285331414105,9.356247035328765,15.59608493463491,3.2825974612071556,2029.0,0.27820850581398604,45.76568383939373,9.589611620003936,12.732402518513018,2.667911520137733,2030.0
00-0040388,WR,WR,2025,post-2025-season,basic_cohort_3col_plus_lags,resolved,1,0,0.40878012596039154,28.98858302520115,7.630737700536255,11.849956620454995,3.1192939183959187,2026.0,0.2828389516566169,33.36852170606455,8.277654964174788,9.437917697674362,2.3412432522423874,2027.0,0.19747123894043367,31.574901185974824,8.640782543166848,6.235134856616217,1.7063060342140288,2028.0,0.12340196858191992,42.17853380133232,9.277918188687375,5.204914102983459,1.1449133688260227,2029.0,0.07078814611705181,49.464127631522786,9.69995195942684,3.501473894332735,0.6866416166322902,2030.0
00-0040398,QB,QB,2025,post-2025-season,basic_cohort_3col_plus_lags,resolved,5,0,0.7108892437945483,56.11278923197116,6.309775764006468,39.88997830431885,4.4855517213877265,2026.0,0.6343579992225267,52.00170810432599,5.801088464657461,32.98769950921409,3.679966871752986,2027.0,0.5574262857540888,57.34322432975087,6.154601797227305,31.964620551296527,3.4307368201238564,2028.0,0.4875380775963879,60.31943436234799,6.341370237809351,29.40802107072064,3.09165945506852,2029.0,0.44045734050228624,65.62146802542313,7.278368159712998,28.903457286333683,3.2058106828237065,2030.0
00-0040406,WR,WR,2025,post-2025-season,basic_cohort_3col_plus_lags,resolved,1,0,0.4758533424511768,34.60915697019235,7.817512759439866,16.46888302368347,3.7199895762341826,2026.0,0.3476257537523922,40.012958058396954,8.487864069832108,13.909534704913096,2.950600145023234,2027.0,0.2592098007415377,38.743163280933615,8.860879627235994,10.042607634147663,2.2968268425705927,2028.0,0.17080068368290321,52.51192885321417,9.515115381866917,8.969073349636952,1.625188212544578,2029.0,0.10499256057697673,59.658696099170186,9.95562562072848,6.263719264135571,1.0452666260660364,2030.0
00-0040429,RB,RB,2025,post-2025-season,basic_cohort_3col_plus_lags,resolved,2,0,0.37487397024178637,9.338301565289967,6.5966289568448815,3.5006861830953384,2.4729044872643744,2026.0,0.25358372328935763,25.454110548925854,7.855994135713585,6.454748126015533,1.99215224307361,2027.0,0.18000290817827325,21.183567440380138,8.678172804920688,3.8131037448590046,1.5620963425593266,2028.0,0.11195128483569561,25.27106269014988,9.234068379366034,2.8291279373256892,1.0337658193306971,2029.0,0.07034934088785069,34.41580456297149,9.221280533977614,2.4211291671301285,0.6487110077072931,2030.0
00-0040431,WR,WR,2025,post-2025-season,basic_cohort_3col_plus_lags,resolved,3,0,0.40167191317889955,10.434242917823749,7.614309290471102,4.191142315375648,3.0584541802393965,2026.0,0.29932818035473474,14.973830763046472,7.997977207862873,4.48208951524245,2.394019964148236,2027.0,0.19812729915686197,20.041841305271763,8.62894691603777,3.970835887943932,1.7096299470424967,2028.0,0.13693943630564595,30.069225575554384,9.2467765474089,4.11766280046373,1.2662483680464418,2029.0,0.08551322751311097,37.25000937362299,9.671409683049841,3.1853685264321387,0.8270334565991455,2030.0
00-0040432,WR,WR,2025,post-2025-season,basic_cohort_3col_plus_lags,resolved,4,0,0.5341099286861807,22.687434506865714,8.176106124886317,12.117584026534441,4.366939459293676,2026.0,0.41759707061981394,27.881360099318503,8.499889170005341,11.643174302371571,3.549528817987312,2027.0,0.30264158992595186,32.84670460753088,9.097547745641968,9.940778906251234,2.7532963141683444,2028.0,0.22007394509002198,47.02499693902695,9.713349037188188,10.348976594217868,2.1376550426503713,2029.0,0.14986620154115207,53.01113233345495,10.121959878321562,7.944577042210243,1.5169396791159944,2030.0
00-0040466,RB,RB,2025,post-2025-season,basic_cohort_3col_plus_lags,resolved,4,0,0.6760448001827999,60.41740304737396,8.095466304742615,40.84487117072561,5.472897900376311,2026.0,0.549245221973974,71.79088045607276,9.258164077407919,39.43079807180271,5.085002383767384,2027.0,0.4504413747615569,58.76531759546005,9.731846731172205,26.47033044599853,4.383626420557971,2028.0,0.3296003634086303,59.05850775259136,9.989970159115295,19.465705617625524,3.2926977948857736,2029.0,0.22142151107490554,75.68958124916378,10.147959186688942,16.75930145281668,2.246976457443135,2030.0
00-0040476,RB,RB,2025,post-2025-season,basic_cohort_3col_plus_lags,resolved,1,0,0.3239760828602777,2.538127876566648,6.225688579686887,0.822292727248537,2.0169741991549235,2026.0,0.21945490538116327,20.26284577608709,7.610099457278714,4.446780902544297,1.6700736563383423,2027.0,0.1566745896655403,17.64426955865253,8.501617879005206,2.7644086930500693,1.3319874926863615,2028.0,0.09776836896987204,22.615894676277918,9.140035237623149,2.2111191352941044,0.8936063375095721,2029.0,0.062488013821908175,30.55932802276436,9.084571103318844,1.9095917118747252,0.5676768046702955,2030.0
00-0040488,TE,TE,2025,post-2025-season,basic_cohort_3col_plus_lags,resolved,3,0,0.5614681497197563,7.321692649750638,6.687829355052164,4.110897224872231,3.75500317362261,2026.0,0.4527098041042433,19.458459173382835,7.410341639758039,8.809035240552559,3.354734312080379,2027.0,0.3383519247402825,25.64000433727425,7.943360990576349,8.675344817865932,2.6876514800683844,2028.0,0.24320396884775358,29.534748908772798,8.815406770647957,7.182968153535404,2.1439419136289417,2029.0,0.1841681084506638,32.534728267017826,9.170569145358444,5.991859363893016,1.6889263729166852,2030.0
00-0040494,QB,QB,2025,post-2025-season,basic_cohort_3col_plus_lags,resolved,7,0,0.6822262682961122,40.549248862496405,6.097009578997813,27.663762733671295,4.1595400928453286,2026.0,0.6382835025782532,34.3758721115312,5.214272229547409,21.941552055530227,3.3281839420720374,2027.0,0.507620553636345,44.942474520584376,6.0531280391700495,22.813723797926368,3.0726922064751836,2028.0,0.46665032737926776,51.03334750457906,6.325407020007808,23.814728320271758,2.9517532566937623,2029.0,0.42738150178208884,61.280742466863444,7.500192013714732,26.190255745809527,3.205443326475431,2030.0
00-0040506,WR,WR,2025,post-2025-season,basic_cohort_3col_plus_lags,resolved,16,0,0.8503564606245544,31.080636810348857,11.014329126896298,26.429620312005493,9.366105932501474,2026.0,0.7223269845529048,31.0054191326535,10.1290663095253,22.396050906888544,7.316497923695829,2027.0,0.5387431226699456,40.0613300578933,10.731373866387715,21.58276605370079,5.781453867316365,2028.0,0.42245522430860466,60.92953111302677,11.10339795564042,25.73999873337183,4.690688473937776,2029.0,0.3281642426879191,57.70529584000916,11.16175735406038,18.936814708418932,3.662889649161537,2030.0
00-0040509,TE,TE,2025,post-2025-season,basic_cohort_3col_plus_lags,resolved,6,0,0.7310316219326229,15.35065183391246,7.931738347049058,11.221811907868018,5.798351548588455,2026.0,0.6248762826474807,28.088346199115378,8.32064665302622,17.551741358618713,5.199374749766227,2027.0,0.5135615551497368,35.284006441267785,8.699025881943154,18.120509219890813,4.467485260218536,2028.0,0.400902686610736,37.67589901774649,9.506052963170928,15.104369136689357,3.8110021719991733,2029.0,0.3116399184236357,39.92577829852067,9.644613261251035,12.442466291951146,3.0056464899637874,2030.0
00-0040522,WR,WR,2025,post-2025-season,basic_cohort_3col_plus_lags,resolved,2,0,0.5474213201505953,36.13274831740469,8.09333548785749,19.779836784582876,4.430464397184609,2026.0,0.42358000986047306,42.12815034612367,8.667788259492717,17.844642339014555,3.671501836424418,2027.0,0.3278567246322598,43.00761201658365,9.110798396159694,14.100334810012132,2.987036520949763,2028.0,0.23154799050655664,58.76146344643439,9.763561043348952,13.606098780246365,2.2607329397755493,2029.0,0.15468359166945617,65.35728034602721,10.203985114314559,10.109698865671046,1.5783890668238423,2030.0
00-0040534,WR,WR,2025,post-2025-season,basic_cohort_3col_plus_lags,resolved,11,0,0.7214607359234934,25.21282051345187,9.747895294571242,18.190060042341937,7.0327237129265265,2026.0,0.5718889018735521,26.895271574122145,9.355879537071765,15.381107326115675,5.350523674517209,2027.0,0.39919989134729744,34.06598034149182,9.954303969165169,13.599135650962706,3.973757062928707,2028.0,0.2947757027972292,50.60509434024246,10.420788531427322,14.917152249265056,3.0717952630527945,2029.0,0.20998623583257137,51.28990375663025,10.617722858793403,10.770173826069648,2.2295756562314755,2030.0
00-0040547,RB,RB,2025,post-2025-season,basic_cohort_3col_plus_lags,resolved,2,0,0.5190666435634197,30.417971006857513,7.054901243502753,15.788954114538944,3.66196390913637,2026.0,0.40039090167819175,49.087600635564684,8.492392280280582,19.65422867969272,3.400276602506457,2027.0,0.3221232140234173,39.371052443877446,9.108998927058213,12.682329952706322,2.9342200109198515,2028.0,0.22752353635228906,44.90295788969322,9.640330307980115,10.21647977174092,2.1934020432757877,2029.0,0.15707127750486577,58.99073701456163,9.692182440000728,9.265750423830767,1.5223634776611414,2030.0
00-0040556,RB,RB,2025,post-2025-season,basic_cohort_3col_plus_lags,resolved,4,0,0.6087146783852524,37.58323452917549,7.67957676345621,22.877466519104573,4.674671099702104,2026.0,0.47182764305939795,54.63540538985305,8.876669540340382,25.77849455268909,4.188258067435952,2027.0,0.3791184684435959,43.30276289940616,9.356262240651535,16.41687714979903,3.547131811032457,2028.0,0.2685412968961001,48.34194452476926,9.764994305426242,12.981808477160865,2.6223042349621957,2029.0,0.18352611796465917,63.17758090788956,9.894043143767753,11.59473616642314,1.8158153291505479,2030.0
00-0040563,WR,WR,2025,post-2025-season,basic_cohort_3col_plus_lags,resolved,10,0,0.7424876792410571,38.89341936728363,9.799152381246524,28.877884683763604,7.27574991008121,2026.0,0.5903664080323396,40.8223768797013,9.544138251977326,24.100160005811688,5.634538617583907,2027.0,0.43155614241565593,45.0451927154137,10.031772184211583,19.43952960263374,4.329272905411029,2028.0,0.3151398158776955,59.941653935824476,10.516557554641519,18.890001784740267,3.314186011436916,2029.0,0.22357003272625914,60.722775657667995,10.724235927768873,13.575792941014125,2.397617777335411,2030.0
00-0040581,WR,WR,2025,post-2025-season,basic_cohort_3col_plus_lags,resolved,11,0,0.8094060238582448,44.828561385879404,10.19052020299651,36.284507626629896,8.248268438554518,2026.0,0.6827100339906071,47.37064017141796,9.854158511327574,32.34041136158557,6.727532892217279,2027.0,0.5374436846699966,52.82899768110113,10.37004734128902,28.392611171153696,5.573316453304672,2028.0,0.4214310772767325,70.51694075944968,10.853135267960829,29.718030310514408,4.573848487806831,2029.0,0.32654970774327097,70.48703211178761,11.054288634157233,23.0175197357948,3.6097747227938064,2030.0
00-0040582,WR,WR,2025,post-2025-season,basic_cohort_3col_plus_lags,resolved,13,0,0.8034773568626014,36.26291270127429,10.418263520247137,29.13642924935912,8.37083883634623,2026.0,0.6612059129941045,37.15002285194405,9.849576147041791,24.563814777571512,6.512597988909722,2027.0,0.4873030647714288,43.65614934027988,10.390384390382014,21.273775369637576,5.063266157586369,2028.0,0.36898360452956064,60.866979353996214,10.818766748222544,22.45891743886387,3.9919475513237077,2029.0,0.27426142892937605,59.61948602665076,10.951143519004525,16.351325429704207,3.0034762699328565,2030.0
00-0040583,RB,RB,2025,post-2025-season,basic_cohort_3col_plus_lags,resolved,18,0,0.9552773054094036,117.03396938398078,12.511510649977089,111.7998949144958,11.951962180311169,2026.0,0.8736319668226008,107.68256630507518,11.771812285844009,94.07493219360795,10.284231520348358,2027.0,0.7575077897002999,105.91218375434724,11.484841462452252,80.22930421808758,8.699856871280565,2028.0,0.5831689675365307,94.60707292390477,10.727690727073334,55.17190903868681,6.25605632535857,2029.0,0.36307747600122636,95.51278676549674,11.396320343649041,34.67854154465989,4.137747226073523,2030.0
00-0040584,TE,TE,2025,post-2025-season,basic_cohort_3col_plus_lags,resolved,16,0,0.9651489336589918,84.8900889707905,12.353972177263774,81.9315788483754,11.923423073338984,2026.0,0.923684077110949,83.66631919452965,11.593037095868088,77.2812468304692,10.708303770809911,2027.0,0.8809343368752802,87.22938776704115,11.684389894360343,76.84336286859508,10.293180263380554,2028.0,0.804548790498407,84.51559026916603,12.159633822987345,67.99691592931646,9.78301868518799,2029.0,0.6995071174502747,81.95356849630652,11.68250419885387,57.327104463615015,8.171994836741002,2030.0
00-0040586,RB,RB,2025,post-2025-season,basic_cohort_3col_plus_lags,resolved,5,0,0.7733991661600931,63.42876082784503,8.47173744995747,49.05575073482332,6.55203467972434,2026.0,0.6736067827848732,81.93176337979475,9.724974668221687,55.18979153815503,6.5508088989252,2027.0,0.6033947631466021,65.22984522048189,9.93018212500361,39.35934700690219,5.991819891319175,2028.0,0.4929674404565588,71.17136996014821,10.245246072454547,35.08516808304108,5.05057273318553,2029.0,0.38094873638519555,90.49428441473691,10.479032869353025,34.47368329787652,3.991974330118965,2030.0
00-0040590,WR,WR,2025,post-2025-season,basic_cohort_3col_plus_lags,resolved,13,0,0.8589514865712402,50.91653181536079,10.750295267911431,43.734830693856,9.233982101452293,2026.0,0.7444810275946765,52.67974981212849,10.2233345974518,39.21907427356388,7.611078646555124,2027.0,0.6031680783731701,58.38534505755816,10.721558076701573,35.21617638352182,6.466901582290429,2028.0,0.4858233055498942,76.63846292410153,11.166758520854659,37.23275139005002,5.425071536879058,2029.0,0.3905054490556036,74.92518526914252,11.3095172192576,29.258693119100794,4.41642810030827,2030.0
00-0040628,TE,TE,2025,post-2025-season,basic_cohort_3col_plus_lags,resolved,1,0,0.5230560756165158,10.060001208551501,6.361556765508838,5.261944752842354,3.3274509165787483,2026.0,0.4607364941103698,25.374083861857848,7.486081763895495,11.6907664397749,3.4491110665207834,2027.0,0.36605552410120656,29.840526819632913,7.974093059918569,10.923289684416837,2.9189608142802856,2028.0,0.2700127185791811,34.08564802666148,8.794526065809556,9.203558488211966,2.374633891644708,2029.0,0.21472162601290246,36.47506923673508,9.155341726836001,7.831986175444953,1.9658498622900005,2030.0
00-0040629,WR,WR,2025,post-2025-season,basic_cohort_3col_plus_lags,resolved,1,0,0.32583053077116,7.257874626666043,7.091229315636456,2.3648371418771315,2.310539011733836,2026.0,0.24445147805689094,12.507432552337704,7.670117346068654,3.0574603741158235,1.8749715221162802,2027.0,0.16287191063880374,16.961919958714603,8.30549661598393,2.7626203117783064,1.3527321026494217,2028.0,0.11144547955750149,25.321486262097096,8.96114248460405,2.821965179588097,0.9986788215797987,2029.0,0.06760786172255415,34.10304222494818,9.442125425971296,2.305633763062722,0.6383619101660801,2030.0
00-0040644,RB,RB,2025,post-2025-season,basic_cohort_3col_plus_lags,resolved,18,0,0.9537475053244616,65.08885619211613,11.714086204657953,62.07833421765339,11.172280494848213,2026.0,0.8813855130440822,84.24819469029588,11.472388664639062,74.25513830014415,10.111597169024012,2027.0,0.8131114147386441,56.6391110538031,10.798630351854234,46.053907718497015,8.780489602635859,2028.0,0.6962396684070938,68.90419558766287,10.613041369098129,47.97383428781193,7.389220403611651,2029.0,0.5672929866377548,93.09804420160742,11.291682281838252,52.81386754526359,6.405692165828641,2030.0
00-0040646,WR,WR,2025,post-2025-season,basic_cohort_3col_plus_lags,resolved,2,0,0.5033538808644696,21.72883144866438,7.762633593051172,10.937291636335152,3.9073517447912094,2026.0,0.4103171054370124,28.665102599709076,8.295352824468575,11.761781925767608,3.4037251595146905,2027.0,0.3134606370512325,34.17398121555065,8.935185084711746,10.712197922403359,2.8008288088244147,2028.0,0.2364174691115443,49.721668152145355,9.606052547228701,11.75507094453428,2.271038631368313,2029.0,0.16667180675128862,57.3434454282914,10.093789886851706,9.557535654877249,1.682350197409459,2030.0
00-0040648,WR,WR,2025,post-2025-season,basic_cohort_3col_plus_lags,resolved,8,0,0.8697893003334566,89.2289097093521,10.495531736973462,77.61035094561453,9.128901206129735,2026.0,0.7498676596415247,92.65978354130785,10.589221118691587,69.48257502701078,7.940514457699868,2027.0,0.6619873381602689,88.2001904729977,10.718104187350917,58.387409316448455,7.095249261108866,2028.0,0.5186697558786714,104.18872023349368,11.25580089831185,54.03953808881736,5.838043504146337,2029.0,0.4052658473929883,104.10732232904996,11.480758421412338,42.19114220349741,4.652759290367858,2030.0
00-0040649,RB,RB,2025,post-2025-season,basic_cohort_3col_plus_lags,resolved,5,0,0.5888018858164475,20.511322948873158,7.615723529269327,12.077105632886694,4.4841523758904716,2026.0,0.4382928057951691,41.891400775280346,8.72372902093192,18.360699584487545,3.8235476695809947,2027.0,0.34655349975357075,30.891472063523665,9.140160653749952,10.705547756153786,3.167554662866931,2028.0,0.23938643874778462,39.99724735992974,9.623825418312393,9.57479860520781,2.3038132940202125,2029.0,0.1663600084638386,53.95332981858269,9.765294893190736,8.975676405271692,1.6245545410830908,2030.0
00-0040663,TE,TE,2025,post-2025-season,basic_cohort_3col_plus_lags,resolved,16,0,0.9837273576312443,144.7560878447377,13.880051983842147,142.40052379654009,13.654186861849347,2026.0,0.9723082088844305,133.75830496464468,13.565932647935139,130.0542979235911,13.190267674760634,2027.0,0.9630185393292536,129.53231715862427,13.43079952490378,124.74202286603196,12.934108940496872,2028.0,0.9324276372941693,125.02975233272906,13.572624969623636,116.58119655908172,12.655490632306014,2029.0,0.8893658920394314,117.87300426173125,12.805810990286943,104.83222958260231,11.389051514664901,2030.0
00-0040666,RB,RB,2025,post-2025-season,basic_cohort_3col_plus_lags,resolved,10,0,0.9453731971325617,148.79114957001224,11.224741930705832,140.66316477403166,10.611570166019296,2026.0,0.8979359036360256,142.57827551654844,11.670445996781083,128.02615266481814,10.47931247195506,2027.0,0.8410224406464327,131.6323961893672,11.615719103269205,110.70579911131979,9.76908043009486,2028.0,0.7494722028545333,118.75219849041677,11.122169903862616,89.00147179643145,8.335757178370308,2029.0,0.5832674472344521,131.4080963605956,11.615472378718033,76.6460649101835,6.774926922757157,2030.0
00-0040667,WR,WR,2025,post-2025-season,basic_cohort_3col_plus_lags,resolved,15,0,0.9473018717321191,93.03652952595144,12.014826003539035,88.13367855939435,11.381667161688265,2026.0,0.883838766738382,94.60810005838455,11.38593141534679,83.61830647906405,10.063327580307906,2027.0,0.8112269845580881,96.45283723814485,11.68926143493078,78.24514430477231,9.482644305570046,2028.0,0.7186770896472189,112.48542632986178,12.112668821581986,80.84069882247171,8.70509757655515,2029.0,0.6475452365638789,107.78403244043139,12.186644453044007,69.79503678444793,7.8914035652662635,2030.0
00-0040668,QB,QB,2025,post-2025-season,basic_cohort_3col_plus_lags,resolved,8,0,0.8506211789506003,103.59130605210194,8.390541311563252,88.1169588830714,7.13717214247565,2026.0,0.7654355245016683,98.72635523259065,7.823069611238869,75.56865949959605,5.988055391091685,2027.0,0.737179337137367,95.74801052169147,7.7456353097886,70.58345492860217,5.709922303377745,2028.0,0.6768620052998441,98.74482487187926,7.934454119949155,66.83662017576212,5.370530526588395,2029.0,0.6238741542462565,102.620074750724,8.383668361974074,64.02201234379555,5.230354008807674,2030.0
00-0040669,WR,WR,2025,post-2025-season,basic_cohort_3col_plus_lags,resolved,14,0,0.9210585371834196,83.27285844039034,11.571612233787672,76.6991771821879,10.658132236906235,2026.0,0.8310244237285053,84.31434371262452,11.017536076018793,70.06727889583091,9.155841568481534,2027.0,0.7291952738199293,85.42668793564194,11.311340105318507,62.29273710076008,8.248175745368076,2028.0,0.6090208038654841,99.96914211087937,11.736545597111746,60.88328729011057,7.1478004341569035,2029.0,0.5131904719818702,96.19547844351558,11.81993539076151,49.36660298494958,6.06587822198011,2030.0
00-0040673,QB,QB,2025,post-2025-season,basic_cohort_3col_plus_lags,resolved,3,0,0.5769631281279881,19.05667622510203,4.573426949054925,10.994999526557129,2.6386987187915705,2026.0,0.5657397240417062,14.631031386257945,3.9619241545379094,8.277355658907112,2.2414178778624474,2027.0,0.4531938859292483,28.94627232384235,4.904163544369214,13.118273637608368,2.2225369339052397,2028.0,0.40942334698985366,33.72707875073213,5.216792607335526,13.808653466315123,2.1358766898472363,2029.0,0.3913716347056003,43.14373717173788,6.695366790783362,16.885234944211827,2.6203766458624735,2030.0
00-0040676,QB,QB,2025,post-2025-season,basic_cohort_3col_plus_lags,resolved,17,0,0.9454641461553795,169.65900117037603,11.6727907458111,160.40650267912412,11.036205135738708,2026.0,0.8921456210305041,159.47795414890606,10.376634514014846,142.27755844485006,9.257469042712337,2027.0,0.8589725358562087,149.9950446093642,10.306348793288006,128.84162383397071,8.852870558389174,2028.0,0.8381581227604268,157.3974999427523,10.550865199115865,131.92399307920164,8.84329336878927,2029.0,0.7891749969188087,165.8490529105124,10.487115903710066,130.88392581964095,8.276169660997581,2030.0
00-0040691,QB,QB,2025,post-2025-season,basic_cohort_3col_plus_lags,resolved,14,0,0.9555925403026849,194.5652554886005,11.856959399431787,185.92510674699267,11.330421952768818,2026.0,0.8987335449635095,186.96013868161504,11.053453436879135,168.02734820419724,9.934109391415474,2027.0,0.9007659731032943,171.1033726311233,10.397746679771416,154.12409594932936,9.365936406085847,2028.0,0.8719748009084332,174.71304083871985,10.584549108752688,152.34536900144968,9.229460101810158,2029.0,0.8313349529325696,177.2997592182205,10.266126524784735,147.39548698463526,8.534589811281721,2030.0
00-0040692,RB,RB,2025,post-2025-season,basic_cohort_3col_plus_lags,resolved,1,0,0.42487957667606496,11.577963008538632,6.464673653666473,4.919240021839033,2.7467078053187213,2026.0,0.3193469756231937,34.850721736900965,8.045345936846465,11.12947258496482,2.5692568927742685,2027.0,0.2561422687449838,28.245086798580502,8.734408542504559,7.234760613487401,2.237251220222685,2028.0,0.1783390191013106,37.134567648834924,9.427673534292094,6.622542369244481,1.681322050513038,2029.0,0.1266249277465356,48.53702393077353,9.421590004892604,6.145997148266068,1.193008153627008,2030.0
00-0040704,QB,QB,2025,post-2025-season,basic_cohort_3col_plus_lags,resolved,10,0,0.8156892084811086,91.19001793666129,8.223375136554012,74.38271355213334,6.70771835617897,2026.0,0.7236896729628636,84.54590355082694,7.368189501782086,61.18499729104775,5.332282650873083,2027.0,0.6330104025884726,85.09058723398715,7.606111655143991,53.863226881475754,4.814747800955572,2028.0,0.572272624730246,89.71241166250775,7.756753026871028,51.33995729298364,4.438977414071763,2029.0,0.5016077105090665,96.17120240390574,8.32351102375187,48.24021665472719,4.175137308021151,2030.0
00-0040705,WR,WR,2025,post-2025-season,basic_cohort_3col_plus_lags,resolved,17,0,0.9564509590191385,111.72884684703544,12.644058954772692,106.86316271694949,12.093422313186867,2026.0,0.8844133151365268,110.20887503281145,11.833486759747387,97.47019652523596,10.465693254812383,2027.0,0.7990631136493374,107.4007388496083,11.93934260084683,85.81996879340736,9.540288273558845,2028.0,0.6768677750062272,114.52539629802156,12.28980216556304,77.51855017394826,8.318571047071368,2029.0,0.5785810909359733,107.4211214921089,12.243743231840758,62.15182966247009,7.0839983162183655,2030.0
00-0040715,RB,RB,2025,post-2025-season,basic_cohort_3col_plus_lags,resolved,8,0,0.9282685402790909,159.75331198475783,10.893060682438463,148.29397372084134,10.11168553885871,2026.0,0.8738376350275069,146.7516448702583,11.446918715065301,128.23711028982308,10.002748378324771,2027.0,0.8019581613316036,135.0980703270124,11.624571984433528,108.34300007889854,9.322420374903183,2028.0,0.6937748218473192,116.17954426284953,11.076821900240883,80.60244262326117,7.684820140474103,2029.0,0.49835213196949113,130.64203394265417,11.496940772188688,65.10573614015233,5.7295249449472,2030.0
00-0040719,RB,RB,2025,post-2025-season,basic_cohort_3col_plus_lags,resolved,16,0,0.9429168074670803,93.70446256104754,11.666766369416633,88.35551268348149,11.000790098514631,2026.0,0.8595859005461843,97.78663207865971,11.401692459513018,84.0560101967131,9.800734080561137,2027.0,0.765025096246411,84.82063437266831,11.055803204260846,64.88991397463221,8.457966910421034,2028.0,0.6195784651720277,83.71199613603848,10.642339405974218,51.86615008245344,6.593764314993296,2029.0,0.44223200598189616,95.49304446408968,11.251209091049585,42.23008061067278,4.975644766056605,2030.0
00-0040727,WR,WR,2025,post-2025-season,basic_cohort_3col_plus_lags,resolved,17,0,0.9413512505577413,80.17107711701253,12.15581763649431,75.46914370266086,11.442894133665765,2026.0,0.8667031918697643,80.12102977826228,11.28367243978926,69.44115224471236,9.779594919578242,2027.0,0.7662115003297157,83.74931342875523,11.64326018034053,64.16968709383015,8.921199851507954,2028.0,0.6590298597968604,99.58767411815937,12.012130430698269,65.631250911586,7.91635263360468,2029.0,0.5748156143495422,93.86396459430287,12.02216377095631,53.954472473557885,6.91052745381306,2030.0
00-0040729,WR,WR,2025,post-2025-season,basic_cohort_3col_plus_lags,resolved,14,0,0.8889121820217203,59.806560284705434,11.137139102226705,53.162780001891065,9.899938620839762,2026.0,0.7848968795510143,61.111918366889846,10.52834830376744,47.966554029548156,8.263667730453278,2027.0,0.6546249741340787,66.00654260962195,10.979102053944505,43.20953124850373,7.187194398078832,2028.0,0.536541140454683,83.70343091797898,11.405151096070567,44.910334284702216,6.11933277614368,2029.0,0.44151425583789705,80.90772121518634,11.512752238540694,35.72191232386303,5.083044237245378,2030.0
00-0040730,RB,RB,2025,post-2025-season,basic_cohort_3col_plus_lags,resolved,19,0,0.9768247956718904,146.94187501139902,13.340492243347494,143.5364670336543,13.031323609770356,2026.0,0.9328586697429658,134.1329277087173,12.545880143008958,125.12706451108342,11.703533060962027,2027.0,0.8646084925572944,137.52201295446704,12.083530673804413,118.90270031400647,10.447523240647861,2028.0,0.745005754190075,122.90708623185931,11.14868125594318,91.56648647347093,8.3058316873087,2029.0,0.536171122328354,118.54331855506152,11.908235793367378,63.55950415419492,6.384852150280464,2030.0
00-0040734,RB,RB,2025,post-2025-season,basic_cohort_3col_plus_lags,resolved,21,0,0.9842627839641269,144.06240475162903,13.819387397390017,141.79526356540526,13.601908712433868,2026.0,0.9516858660961793,136.03214311420732,12.904446408056424,129.4598679365638,12.280979256342908,2027.0,0.9025244820390724,136.05489674009704,12.207624775695002,122.79287520923556,11.01768022761148,2028.0,0.8105363587240425,125.97619604569879,11.273664765724122,102.10828722878682,9.137715188685567,2029.0,0.6389933758977361,123.73829840526545,12.116646968163282,79.06795302582202,7.7424571507477244,2030.0
00-0040735,WR,WR,2025,post-2025-season,basic_cohort_3col_plus_lags,resolved,17,0,0.9730822650046248,123.538265569507,12.964205878182604,120.21289527511873,12.6152388199282,2026.0,0.9308666659099072,123.92537168131773,12.193776535491184,115.35799755863427,11.350780108443137,2027.0,0.8850841235974094,122.45583493669355,12.338699782863648,108.38371534433244,10.920787283647417,2028.0,0.8121761986074769,133.19288915243845,12.723463250652795,108.17609439337451,10.333694016037118,2029.0,0.7585932842809849,125.93116623076963,12.717333187182478,95.5305369843342,9.64728354976032,2030.0
00-0040736,TE,TE,2025,post-2025-season,basic_cohort_3col_plus_lags,resolved,13,0,0.9591620761555312,87.84230807892823,11.922781020037924,84.25501059127859,11.435879396727337,2026.0,0.9336949070582053,92.41449679024304,11.795510767212098,86.2869449913968,11.01340832949616,2027.0,0.9098184668800969,93.75050720108572,11.779820417685004,85.2959427309233,10.717498152541033,2028.0,0.8543570610741322,91.467985104578,12.171207762735035,78.14631893631977,10.398557293892969,2029.0,0.7830705607694293,87.9846721008825,11.673310301191705,68.89820652115242,9.141025643589744,2030.0
00-0040737,TE,TE,2025,post-2025-season,basic_cohort_3col_plus_lags,resolved,13,0,0.9422943086769726,63.17397033959416,11.227724035113756,59.528472707527456,10.579820457683345,2026.0,0.8953615428003221,70.0281371573234,10.894090554155488,62.70050092461364,9.754149725975074,2027.0,0.8483220824098923,74.77654092865032,10.98804944976058,63.43459091600118,9.321404990843766,2028.0,0.7681409098239753,73.31419537638932,11.529972143604958,56.31563273943238,8.856643292633803,2029.0,0.6675982771283274,71.88785142489007,11.16783851687278,47.99220575771379,7.455629753111643,2030.0
00-0040739,TE,TE,2025,post-2025-season,basic_cohort_3col_plus_lags,resolved,13,0,0.9362361607087619,50.6898603864031,10.958580451265364,47.4576802750292,10.259819288510776,2026.0,0.8819154349810518,59.49868001693885,10.55746742034668,52.47280426793704,9.310793472313325,2027.0,0.8272258362864281,66.15584997302568,10.665653794370616,54.72582831917564,8.822904379589747,2028.0,0.7437142341207432,64.98728954562397,11.271608743292388,48.33197227200671,8.382855863826371,2029.0,0.6376749148434098,64.512663030275,10.94541617017765,41.138106904152195,6.979617324243713,2030.0
00-0040743,QB,QB,2025,post-2025-season,basic_cohort_3col_plus_lags,resolved,11,0,0.8848916198138129,141.41964361823293,9.807755623150534,125.14105751483028,8.678800760107709,2026.0,0.766525997198322,135.32957512612126,9.184244340344966,103.73363752397533,7.03996205149597,2027.0,0.7234441703614405,125.74878245576593,8.723420953952091,90.97222359767285,6.310908034745476,2028.0,0.6390789787026816,127.3509538077563,8.725500556079925,81.38731749627327,5.5762839840492395,2029.0,0.5426701746733488,128.1059452864477,8.728251228750636,69.51927570529104,4.736561618898979,2030.0
00-0040782,WR,WR,2025,post-2025-season,basic_cohort_3col_plus_lags,resolved,15,0,0.938686580162012,72.69245494187496,11.702886431030972,68.23543193296975,10.985342441968877,2026.0,0.8794915556065025,75.54208102462101,11.034621104019868,66.43862235409638,9.704856080302775,2027.0,0.8033034074816683,82.20323377695031,11.527995517940175,66.03413779903636,9.260478080994742,2028.0,0.7266900923492089,104.14805080250993,11.969471291974358,75.68335665566605,8.698096198536051,2029.0,0.670317819790397,100.43038524777967,12.089714647279045,67.32027688000132,8.103951164252118,2030.0
00-0040784,RB,RB,2025,post-2025-season,basic_cohort_3col_plus_lags,resolved,14,0,0.9664290008044184,145.83887997515984,12.159313198324803,140.94292305282923,11.751112904725016,2026.0,0.9256418097472862,140.6891955853943,12.150253742611127,130.22780161355428,11.2467828631993,2027.0,0.874846292542234,134.02696386277665,11.825972170617604,117.25299243604213,10.345907909172446,2028.0,0.7884121255967008,123.43437270313393,11.201217473391264,97.31715615457321,8.831175677467312,2029.0,0.6302394795928781,130.3116623305051,11.827009020259267,82.12755425206039,7.453848010068475,2030.0
