player_id,player_name,player_display_name,position,position_group,headshot_url,season,week,season_type,game_id,team,opponent_team,completions,attempts,passing_yards,passing_tds,passing_interceptions,sacks_suffered,sack_yards_lost,sack_fumbles,sack_fumbles_lost,passing_air_yards,passing_yards_after_catch,passing_first_downs,passing_epa,passing_cpoe,passing_2pt_conversions,pacr,passing_10,passing_16,passing_20,passing_40,carries,rushing_yards,rushing_tds,rushing_fumbles,rushing_fumbles_lost,rushing_first_downs,rushing_epa,rushing_2pt_conversions,rushing_10,rushing_12,rushing_20,rushing_40,receptions,targets,receiving_yards,receiving_tds,receiving_fumbles,receiving_fumbles_lost,receiving_air_yards,receiving_yards_after_catch,receiving_first_downs,receiving_epa,receiving_2pt_conversions,receiving_10,receiving_16,receiving_20,receiving_40,racr,target_share,air_yards_share,wopr,special_teams_tds,def_tackles_solo,def_tackles_with_assist,def_tackle_assists,def_tackles_for_loss,def_tackles_for_loss_yards,def_fumbles_forced,def_sacks,def_sack_yards,def_qb_hits,def_interceptions,def_interception_yards,def_pass_defended,def_tds,def_fumbles,def_safeties,def_punt_blocks,def_pat_blocks,def_fg_blocks,def_2pt_atts,def_2pt_made,misc_yards,fumble_recovery_own,fumble_recovery_yards_own,fumble_recovery_opp,fumble_recovery_yards_opp,fumble_recovery_tds,penalties,penalty_yards,fumbles_forced_by_opp,fumbles_not_forced,fumbles_out_of_bounds,fumbles_total,fumbles_lost_total,punt_returns,punt_return_yards,kickoff_returns,kickoff_return_yards,fg_made,fg_att,fg_missed,fg_blocked,fg_long,fg_pct,fg_made_0_19,fg_made_20_29,fg_made_30_39,fg_made_40_49,fg_made_50_59,fg_made_60_,fg_missed_0_19,fg_missed_20_29,fg_missed_30_39,fg_missed_40_49,fg_missed_50_59,fg_missed_60_,fg_made_list,fg_missed_list,fg_blocked_list,fg_made_distance,fg_missed_distance,fg_blocked_distance,pat_made,pat_att,pat_missed,pat_blocked,pat_pct,gwfg_made,gwfg_att,gwfg_missed,gwfg_blocked,gwfg_distance,pt_att,pt_blocked,pt_long,pt_yards,pt_inside_20,pt_out_of_bounds,pt_downed,pt_touchback,pt_fair_caught,pt_returned,pt_return_yards,pt_return_tds,pt_net_yards,fantasy_points,fantasy_points_ppr,source_file,source_row_index,source_file_sha256,rescoring_status,league_points_known_subtotal,league_points_if_scored,rescoring_verdict,cannot_certify_inert,original_nonzero_ppr,is_audit_season,is_reg,championship_window
,Team,,,,,2001,1,REG,2001_01_CHI_BAL,CHI,BAL,0,0,0,0,0,0,0,0,0,0,0,0,,,0,,0,0,0,0,0,0,0,0,0,0,,0,0,0,0,0,0,0,0,0,0,0,0,0,0,,0,0,0,0,0,,0.0,0.0,0.0,0,11,0,0,4,4,2,2.0,14.0,0,0,0,0,0,0,0,0,0,0,0,0,0,0,0,0,0,0,25,195,0,0,0,0,0,0,0,0,0,0,0,0,0,,,0,0,0,0,0,0,0,0,0,0,0,0,,,,0,0,0,0,0,0,0,,0,0,0,0,0,0,0,,0,0,0,0,0,0,0,0,0,0,0.0,0.0,stats_player_week_2001.parquet,943,5a9f2cfc6630e17e95d4a3375ab3a2ebf31256a383aa9f05e999b41e8d68ddf0,st_split_unknown,0.0,,unknown,True,False,False,True,True
,Team,,,,,2001,2,REG,2001_02_CAR_ATL,ATL,CAR,0,0,0,0,0,0,0,0,0,0,0,0,,,0,,0,0,0,0,0,0,0,0,0,0,,0,0,0,0,0,0,0,0,0,0,0,0,0,0,,0,0,0,0,0,,0.0,0.0,0.0,0,1,0,0,0,0,0,0.0,0.0,0,0,0,0,0,0,0,0,0,0,0,0,0,0,0,0,0,0,10,65,0,0,0,0,0,0,0,0,0,0,0,0,0,,,0,0,0,0,0,0,0,0,0,0,0,0,,,,0,0,0,0,0,0,0,,0,0,0,0,0,1,0,54.0,54,1,0,0,0,0,1,0,0,54,0.0,0.0,stats_player_week_2001.parquet,1858,5a9f2cfc6630e17e95d4a3375ab3a2ebf31256a383aa9f05e999b41e8d68ddf0,scored,0.0,0.0,verified_zero,False,False,False,True,True
,Team,,,,,2001,3,REG,2001_03_PIT_BUF,PIT,BUF,0,0,0,0,0,0,0,0,0,0,0,0,,,0,,0,0,0,0,0,0,0,0,0,0,,0,0,0,0,0,0,0,0,0,0,0,0,0,0,,0,0,0,0,0,,0.0,,,0,1,0,0,1,1,0,0.0,0.0,0,0,0,0,0,0,0,0,0,0,0,0,0,0,0,0,0,0,9,54,0,0,0,0,0,0,0,0,0,0,0,0,0,,,0,0,0,0,0,0,0,0,0,0,0,0,,,,0,0,0,0,0,0,0,,0,0,0,0,0,0,0,,0,0,0,0,0,0,0,0,0,0,0.0,0.0,stats_player_week_2001.parquet,2794,5a9f2cfc6630e17e95d4a3375ab3a2ebf31256a383aa9f05e999b41e8d68ddf0,scored,0.0,0.0,verified_zero,False,False,False,True,True
,Team,,,,,2001,4,REG,2001_04_CHI_ATL,ATL,CHI,0,0,0,0,0,0,0,0,0,0,0,0,,,0,,0,0,0,0,0,0,0,0,0,0,,0,0,0,0,0,0,0,0,0,0,0,0,0,0,,0,0,0,0,0,,0.0,0.0,0.0,0,1,0,0,0,0,0,0.0,0.0,0,0,0,0,0,0,0,0,0,0,0,0,0,0,0,0,0,0,20,100,0,0,0,0,0,0,0,0,0,0,0,0,0,,,0,0,0,0,0,0,0,0,0,0,0,0,,,,0,0,0,0,0,0,0,,0,0,0,0,0,1,0,31.0,31,1,0,0,0,0,1,0,0,31,0.0,0.0,stats_player_week_2001.parquet,3759,5a9f2cfc6630e17e95d4a3375ab3a2ebf31256a383aa9f05e999b41e8d68ddf0,scored,0.0,0.0,verified_zero,False,False,False,True,True
,Team,,,,,2001,5,REG,2001_05_SF_ATL,ATL,SF,0,0,0,0,0,0,0,0,0,0,0,0,0.7468639074079528,,0,,0,0,0,0,0,0,0,0,0,0,,0,0,0,0,0,0,0,0,0,0,0,0,0,0,,0,0,0,0,0,,0.0,0.0,0.0,0,2,0,0,0,0,1,1.0,6.0,0,0,0,0,0,0,0,0,0,0,0,0,0,0,0,0,0,0,18,115,0,0,0,0,0,0,0,0,0,0,0,0,0,,,0,0,0,0,0,0,0,0,0,0,0,0,,,,0,0,0,0,0,0,0,,0,0,0,0,0,0,0,,0,0,0,0,0,0,0,0,0,0,0.0,0.0,stats_player_week_2001.parquet,4676,5a9f2cfc6630e17e95d4a3375ab3a2ebf31256a383aa9f05e999b41e8d68ddf0,st_split_unknown,0.0,,unknown,True,False,False,True,True
,Team,,,,,2001,6,REG,2001_06_BUF_JAX,BUF,JAX,0,0,0,0,0,0,0,0,0,0,0,0,,,0,,0,0,0,0,0,0,0,0,0,0,,0,0,0,0,0,0,0,0,0,0,0,0,0,0,,0,0,0,0,0,,0.0,0.0,0.0,0,1,0,0,0,0,1,1.0,8.0,0,0,0,0,0,0,0,0,0,0,0,0,0,0,-3,0,0,0,8,42,0,1,0,1,0,0,0,0,0,0,0,0,0,,,0,0,0,0,0,0,0,0,0,0,0,0,,,,0,0,0,0,0,0,0,,0,0,0,0,0,0,0,,0,0,0,0,0,0,0,0,0,0,0.0,0.0,stats_player_week_2001.parquet,5517,5a9f2cfc6630e17e95d4a3375ab3a2ebf31256a383aa9f05e999b41e8d68ddf0,st_split_unknown,0.0,,unknown,True,False,False,True,True
,,,,,,2001,7,REG,2001_07_IND_KC,KC,IND,0,0,0,0,0,0,0,0,0,0,0,0,,,0,,0,0,0,0,0,0,0,0,0,0,,0,0,0,0,0,0,0,0,0,0,0,0,0,0,,0,0,0,0,0,,0.0,0.0,0.0,0,1,0,0,0,0,0,0.0,0.0,0,0,0,0,0,0,1,0,0,0,0,0,0,0,0,0,0,0,8,65,0,0,0,0,0,0,0,0,0,0,0,0,0,,,0,0,0,0,0,0,0,0,0,0,0,0,,,,0,0,0,0,0,0,0,,0,0,0,0,0,0,0,,0,0,0,0,0,0,0,0,0,0,0.0,0.0,stats_player_week_2001.parquet,6434,5a9f2cfc6630e17e95d4a3375ab3a2ebf31256a383aa9f05e999b41e8d68ddf0,scored,0.0,0.0,verified_zero,False,False,False,True,True
,Team,,,,,2001,8,REG,2001_08_NE_ATL,NE,ATL,0,0,0,0,0,0,0,0,0,0,0,0,,,0,,0,0,0,0,0,0,0,0,0,0,,0,0,0,0,0,0,0,0,0,0,0,0,0,0,,0,0,0,0,0,,0.0,,,0,1,0,0,0,0,1,1.0,10.0,0,0,0,0,0,0,1,0,0,0,0,0,0,0,0,0,0,0,15,85,0,0,0,0,0,0,0,0,0,0,0,0,0,,,0,0,0,0,0,0,0,0,0,0,0,0,,,,0,0,0,0,0,0,0,,0,0,0,0,0,0,0,,0,0,0,0,0,0,0,0,0,0,0.0,0.0,stats_player_week_2001.parquet,7340,5a9f2cfc6630e17e95d4a3375ab3a2ebf31256a383aa9f05e999b41e8d68ddf0,st_split_unknown,0.0,,unknown,True,False,False,True,True
,Team,,,,,2001,9,REG,2001_09_DAL_ATL,ATL,DAL,0,0,0,0,0,0,0,0,0,0,0,0,,,0,,0,0,0,0,0,0,0,0,0,0,,0,0,0,0,0,0,0,0,0,0,0,0,0,0,,0,0,0,0,0,,0.0,,,0,0,0,0,0,0,0,1.0,4.0,0,0,0,0,0,0,0,0,0,0,0,0,0,0,0,0,0,0,6,41,0,0,0,0,0,0,0,0,0,0,0,0,0,,,0,0,0,0,0,0,0,0,0,0,0,0,,,,0,0,0,0,0,0,0,,0,0,0,0,0,0,0,,0,0,0,0,0,0,0,0,0,0,0.0,0.0,stats_player_week_2001.parquet,8328,5a9f2cfc6630e17e95d4a3375ab3a2ebf31256a383aa9f05e999b41e8d68ddf0,scored,0.0,0.0,verified_zero,False,False,False,True,True
,Team,,,,,2001,10,REG,2001_10_CLE_BAL,BAL,,0,0,0,0,0,0,0,0,0,0,0,0,,,0,,0,0,0,0,0,0,0,0,0,0,,0,0,0,0,0,0,0,0,0,0,0,0,0,0,,0,0,0,0,0,,0.0,0.0,0.0,0,3,0,0,3,5,0,0.0,0.0,0,0,0,0,0,0,0,0,0,1,0,0,0,0,0,0,0,0,16,85,0,0,0,0,0,0,0,0,0,0,0,0,0,,,0,0,0,0,0,0,0,0,0,0,0,0,,,,0,0,0,0,0,0,0,,0,0,0,0,0,0,0,,0,0,0,0,0,0,0,0,0,0,0.0,0.0,stats_player_week_2001.parquet,9311,5a9f2cfc6630e17e95d4a3375ab3a2ebf31256a383aa9f05e999b41e8d68ddf0,scored,0.0,0.0,verified_zero,False,False,False,True,True
,Team,,,,,2001,11,REG,2001_11_GB_DET,GB,DET,1,1,42,0,0,0,0,0,0,0,42,0,2.874047221848741,,0,0.0,1,1,1,1,0,0,0,0,0,0,,0,0,0,0,0,0,0,0,0,0,0,0,0,0,,0,0,0,0,0,,0.0,,,0,2,0,0,0,0,0,0.0,0.0,0,0,0,1,0,0,0,0,0,0,0,0,0,0,0,0,0,0,9,55,0,0,0,0,0,0,0,0,0,0,0,0,0,,,0,0,0,0,0,0,0,0,0,0,0,0,,,,0,0,0,0,0,0,0,,0,0,0,0,0,0,0,,0,0,0,0,0,0,0,0,0,0,1.68,1.68,stats_player_week_2001.parquet,10277,5a9f2cfc6630e17e95d4a3375ab3a2ebf31256a383aa9f05e999b41e8d68ddf0,scored,1.68,1.68,known_nonzero,True,True,False,True,True
,,,,,,2001,12,REG,2001_12_PHI_KC,PHI,KC,0,0,0,0,0,0,0,0,0,0,0,0,,,0,,0,0,0,0,0,0,0,0,0,0,,0,0,0,0,0,0,0,0,0,0,0,0,0,0,,0,0,0,0,0,,0.0,0.0,0.0,0,0,0,0,0,0,0,0.0,0.0,0,0,0,0,0,0,0,0,0,0,0,0,0,0,0,0,0,0,19,113,0,0,0,0,0,0,0,0,0,0,0,0,0,,,0,0,0,0,0,0,0,0,0,0,0,0,,,,0,0,0,0,0,0,0,,0,0,0,0,0,0,0,,0,0,0,0,0,0,0,0,0,0,0.0,0.0,stats_player_week_2001.parquet,11254,5a9f2cfc6630e17e95d4a3375ab3a2ebf31256a383aa9f05e999b41e8d68ddf0,scored,0.0,0.0,verified_zero,False,False,False,True,True
,Team,,,,,2001,13,REG,2001_13_NO_ATL,ATL,NO,0,0,0,0,0,0,0,0,0,0,0,0,,,0,,0,0,0,0,0,0,0,0,0,0,,0,0,0,0,0,0,0,0,0,0,0,0,0,0,,0,0,0,0,0,,0.0,0.0,0.0,0,1,0,0,1,1,0,0.0,0.0,0,0,0,0,0,0,0,0,1,0,0,0,0,0,0,0,0,0,11,70,0,0,0,0,0,0,0,0,0,0,0,0,0,,,0,0,0,0,0,0,0,0,0,0,0,0,,,,0,0,0,0,0,0,0,,0,0,0,0,0,0,0,,0,0,0,0,0,0,0,0,0,0,0.0,0.0,stats_player_week_2001.parquet,12206,5a9f2cfc6630e17e95d4a3375ab3a2ebf31256a383aa9f05e999b41e8d68ddf0,scored,0.0,0.0,verified_zero,False,False,False,True,True
,,,,,,2001,14,REG,2001_14_ARI_NYG,ARI,NYG,0,0,0,0,0,1,-5,1,1,0,0,0,-2.3088051273371093,,0,,0,0,0,0,0,0,0,0,0,0,,0,0,0,0,0,0,0,0,0,0,0,0,0,0,,0,0,0,0,0,,0.0,,,0,0,0,0,0,0,0,0.0,0.0,0,0,0,0,0,0,1,0,0,0,0,0,0,0,0,0,0,0,14,85,1,0,0,1,1,0,0,0,0,0,0,0,0,,,0,0,0,0,0,0,0,0,0,0,0,0,,,,0,0,0,0,0,0,0,,0,0,0,0,0,1,0,39.0,39,0,0,0,0,0,1,0,0,39,-2.0,-2.0,stats_player_week_2001.parquet,13176,5a9f2cfc6630e17e95d4a3375ab3a2ebf31256a383aa9f05e999b41e8d68ddf0,scored,-2.0,-2.0,known_nonzero,True,True,False,True,True
,Team,,,,,2001,15,REG,2001_15_TEN_OAK,LV,TEN,0,0,0,0,0,0,0,0,0,0,0,0,,,0,,0,0,0,0,0,0,0,0,0,0,,0,0,0,0,0,0,0,0,0,0,0,0,0,0,,0,0,0,0,0,,0.0,0.0,0.0,0,1,0,0,1,1,0,0.0,0.0,0,0,0,0,0,0,1,0,0,0,0,0,0,0,0,0,0,0,12,72,0,0,0,0,0,0,0,0,0,0,0,0,0,,,0,0,0,0,0,0,0,0,0,0,0,0,,,,0,0,0,0,0,0,0,,0,0,0,0,0,0,0,,0,0,0,0,0,0,0,0,0,0,0.0,0.0,stats_player_week_2001.parquet,14152,5a9f2cfc6630e17e95d4a3375ab3a2ebf31256a383aa9f05e999b41e8d68ddf0,scored,0.0,0.0,verified_zero,False,False,False,True,True
,,,,,,2001,16,REG,2001_16_BAL_TB,BAL,TB,0,0,0,0,0,0,0,0,0,0,0,0,,,0,,0,0,0,0,1,0,0,1,1,0,-8.644054835371207,0,0,0,0,0,0,0,0,0,0,0,0,0,0,,0,0,0,0,0,,0.0,0.0,0.0,0,3,0,0,3,5,0,0.0,0.0,0,0,0,0,0,0,1,0,0,0,0,0,0,0,-9,0,0,0,12,60,0,1,0,1,1,0,0,0,0,0,0,0,0,,,0,0,0,0,0,0,0,0,0,0,0,0,,,,0,0,0,0,0,0,0,,0,0,0,0,0,0,0,,0,0,0,0,0,0,0,0,0,0,-2.0,-2.0,stats_player_week_2001.parquet,15110,5a9f2cfc6630e17e95d4a3375ab3a2ebf31256a383aa9f05e999b41e8d68ddf0,scored,-2.0,-2.0,known_nonzero,True,True,False,True,True
,,,,,,2001,17,REG,2001_17_DEN_IND,IND,DEN,0,0,0,0,0,0,0,0,0,0,0,0,,,0,,0,0,0,0,0,0,0,0,0,0,,0,0,0,0,0,0,0,0,0,0,0,0,0,0,,0,0,0,0,0,,0.0,0.0,0.0,0,0,0,0,0,0,0,0.0,0.0,0,0,0,0,0,0,0,0,0,0,0,0,0,0,0,0,0,0,8,45,0,0,0,0,0,0,0,0,0,0,0,0,0,,,0,0,0,0,0,0,0,0,0,0,0,0,,,,0,0,0,0,0,0,0,,0,0,0,0,0,0,0,,0,0,0,0,0,0,0,0,0,0,0.0,0.0,stats_player_week_2001.parquet,16082,5a9f2cfc6630e17e95d4a3375ab3a2ebf31256a383aa9f05e999b41e8d68ddf0,scored,0.0,0.0,verified_zero,False,False,False,True,False
,,,,,,2001,18,POST,2001_18_TB_PHI,PHI,,0,0,0,0,0,0,0,0,0,0,0,0,,,0,,0,0,0,0,0,0,0,0,0,0,,0,0,0,0,0,0,0,0,0,0,0,0,0,0,,0,0,0,0,0,,0.0,0.0,0.0,0,4,0,0,3,3,0,0.0,0.0,0,0,0,0,0,0,0,0,0,0,0,0,0,0,0,0,0,0,1,10,0,0,0,0,0,0,0,0,0,0,0,0,0,,,0,0,0,0,0,0,0,0,0,0,0,0,,,,0,0,0,0,0,0,0,,0,0,0,0,0,1,0,46.0,46,0,0,0,0,0,1,0,0,46,0.0,0.0,stats_player_week_2001.parquet,16328,5a9f2cfc6630e17e95d4a3375ab3a2ebf31256a383aa9f05e999b41e8d68ddf0,scored,0.0,0.0,verified_zero,False,False,False,False,False
,,,,,,2001,19,POST,2001_19_PHI_CHI,PHI,CHI,0,0,0,0,0,0,0,0,0,0,0,0,,,0,,0,0,0,0,0,0,0,0,0,0,,0,0,0,0,0,0,0,0,0,0,0,0,0,0,,0,0,0,0,0,,0.0,0.0,0.0,0,0,0,0,0,0,0,0.0,0.0,0,0,0,0,0,0,1,0,0,0,0,0,0,0,0,0,0,0,2,10,0,0,0,0,0,0,0,0,0,0,0,0,0,,,0,0,0,0,0,0,0,0,0,0,0,0,,,,0,0,0,0,0,0,0,,0,0,0,0,0,0,0,,0,0,0,0,0,0,0,0,0,0,0.0,0.0,stats_player_week_2001.parquet,16595,5a9f2cfc6630e17e95d4a3375ab3a2ebf31256a383aa9f05e999b41e8d68ddf0,scored,0.0,0.0,verified_zero,False,False,False,False,False
,,,,,,2001,20,POST,2001_20_NE_PIT,NE,PIT,0,0,0,0,0,0,0,0,0,0,0,0,,,0,,0,0,0,0,0,0,0,0,0,0,,0,0,0,0,0,0,0,0,0,0,0,0,0,0,,0,0,0,0,0,,0.0,,,0,0,0,0,0,0,0,0.0,0.0,0,0,0,0,0,0,0,0,0,0,0,0,0,0,0,0,0,0,0,0,0,0,0,0,0,0,0,0,0,0,0,0,0,,,0,0,0,0,0,0,0,0,0,0,0,0,,,,0,0,0,0,0,0,0,,0,0,0,0,0,0,0,,0,0,0,0,0,0,0,0,0,0,0.0,0.0,stats_player_week_2001.parquet,16727,5a9f2cfc6630e17e95d4a3375ab3a2ebf31256a383aa9f05e999b41e8d68ddf0,scored,0.0,0.0,verified_zero,False,False,False,False,False
,,,,,,2001,21,POST,2001_21_STL_NE,LA,NE,0,0,0,0,0,0,0,0,0,0,0,0,,,0,,0,0,0,0,0,0,0,0,0,0,,0,0,0,0,0,0,0,0,0,0,0,0,0,0,,0,0,0,0,0,,0.0,0.0,0.0,0,0,0,0,0,0,0,0.0,0.0,0,0,0,0,0,0,0,0,0,0,0,0,0,0,0,0,0,0,1,5,0,0,0,0,0,0,0,0,0,0,0,0,0,,,0,0,0,0,0,0,0,0,0,0,0,0,,,,0,0,0,0,0,0,0,,0,0,0,0,0,0,0,,0,0,0,0,0,0,0,0,0,0,0.0,0.0,stats_player_week_2001.parquet,16788,5a9f2cfc6630e17e95d4a3375ab3a2ebf31256a383aa9f05e999b41e8d68ddf0,scored,0.0,0.0,verified_zero,False,False,False,False,False
,Team,,,,,2002,1,REG,2002_01_SF_NYG,NYG,SF,0,0,0,0,0,0,0,0,0,0,0,0,,,0,,0,0,0,0,0,0,0,0,0,0,,0,0,0,0,0,0,0,0,0,0,0,0,0,0,,0,0,0,0,0,,0.0,0.0,0.0,0,1,0,0,1,1,0,1.0,3.0,0,0,0,0,0,0,0,0,0,0,0,0,0,0,0,0,0,0,14,78,0,0,0,0,0,0,0,0,0,0,0,0,0,,,0,0,0,0,0,0,0,0,0,0,0,0,,,,0,0,0,0,0,0,0,,0,0,0,0,0,0,0,,0,0,0,0,0,0,0,0,0,0,0.0,0.0,stats_player_week_2002.parquet,1048,d9cf9291d8105fba23d056c0f5889be2c549f09db930b0e3f9d97d2cd81ba231,scored,0.0,0.0,verified_zero,False,False,False,True,True
,Team,,,,,2002,2,REG,2002_02_CHI_ATL,CHI,ATL,0,0,0,0,0,0,0,0,0,0,0,0,,,0,,0,0,0,0,0,0,0,0,0,0,,0,0,0,0,0,0,0,0,0,0,0,0,0,0,,0,0,0,0,0,,0.0,0.0,0.0,0,0,0,0,0,0,0,0.0,0.0,0,0,0,0,0,0,1,0,0,0,0,0,0,0,0,0,0,0,18,110,0,0,0,0,0,0,0,0,0,0,0,0,0,,,0,0,0,0,0,0,0,0,0,0,0,0,,,,0,0,0,0,0,0,0,,0,0,0,0,0,0,0,,0,0,0,0,0,0,0,0,0,0,0.0,0.0,stats_player_week_2002.parquet,2101,d9cf9291d8105fba23d056c0f5889be2c549f09db930b0e3f9d97d2cd81ba231,scored,0.0,0.0,verified_zero,False,False,False,True,True
,,,,,,2002,3,REG,2002_03_NO_CHI,CHI,NO,0,0,0,0,0,0,0,0,0,0,0,0,,,0,,0,0,0,0,0,0,0,0,0,0,,0,0,0,0,0,0,0,0,0,0,0,0,0,0,,0,0,0,0,0,,0.0,0.0,0.0,0,0,0,0,0,0,0,0.0,0.0,0,0,0,0,0,0,0,0,0,0,0,0,0,0,0,0,0,0,14,83,0,0,0,0,0,0,0,0,0,0,0,0,0,,,0,0,0,0,0,0,0,0,0,0,0,0,,,,0,0,0,0,0,0,0,,0,0,0,0,0,0,0,,0,0,0,0,0,0,0,0,0,0,0.0,0.0,stats_player_week_2002.parquet,3038,d9cf9291d8105fba23d056c0f5889be2c549f09db930b0e3f9d97d2cd81ba231,scored,0.0,0.0,verified_zero,False,False,False,True,True
,,,,,,2002,4,REG,2002_04_CHI_BUF,BUF,CHI,0,0,0,0,0,0,0,0,0,0,0,0,,,0,,0,0,0,0,0,0,0,0,0,0,,0,0,0,0,0,0,0,0,0,0,0,0,0,0,,0,0,0,0,0,,0.0,,,0,0,0,0,0,0,0,0.0,0.0,0,0,0,0,0,0,0,0,0,1,0,0,0,0,0,0,0,0,12,70,0,0,0,0,0,0,0,0,0,0,0,0,0,,,0,0,0,0,0,0,0,0,0,0,0,0,,,,0,0,0,0,0,0,0,,0,0,0,0,0,0,0,,0,0,0,0,0,0,0,0,0,0,0.0,0.0,stats_player_week_2002.parquet,3957,d9cf9291d8105fba23d056c0f5889be2c549f09db930b0e3f9d97d2cd81ba231,scored,0.0,0.0,verified_zero,False,False,False,True,True
,Team,,,,,2002,5,REG,2002_05_TB_ATL,ATL,TB,0,0,0,0,0,0,0,0,0,0,0,0,,,0,,0,0,0,0,0,0,0,0,0,0,,0,0,0,0,0,0,0,0,0,0,0,0,0,0,,0,0,0,0,0,,0.0,0.0,0.0,0,2,0,0,0,0,0,1.0,10.0,0,0,0,0,0,0,0,0,0,0,0,0,0,0,0,0,0,0,10,85,0,0,0,0,0,0,0,0,0,0,0,0,0,,,0,0,0,0,0,0,0,0,0,0,0,0,,,,0,0,0,0,0,0,0,,0,0,0,0,0,0,0,,0,0,0,0,0,0,0,0,0,0,0.0,0.0,stats_player_week_2002.parquet,4865,d9cf9291d8105fba23d056c0f5889be2c549f09db930b0e3f9d97d2cd81ba231,scored,0.0,0.0,verified_zero,False,False,False,True,True
,,,,,,2002,6,REG,2002_06_PIT_CIN,CIN,PIT,0,0,0,0,0,0,0,0,0,0,0,0,,,0,,0,0,0,0,0,0,0,0,0,0,,0,0,0,0,0,0,0,0,0,0,0,0,0,0,,0,0,0,0,0,,0.0,0.0,0.0,0,0,0,0,0,0,0,0.0,0.0,0,0,0,0,0,0,0,0,0,0,0,0,0,0,0,0,0,0,15,106,0,0,0,0,0,0,0,0,0,0,0,0,0,,,0,0,0,0,0,0,0,0,0,0,0,0,,,,0,0,0,0,0,0,0,,0,0,0,0,0,0,0,,0,0,0,0,0,0,0,0,0,0,0.0,0.0,stats_player_week_2002.parquet,5769,d9cf9291d8105fba23d056c0f5889be2c549f09db930b0e3f9d97d2cd81ba231,scored,0.0,0.0,verified_zero,False,False,False,True,True
,Team,,,,,2002,7,REG,2002_07_CAR_ATL,CAR,ATL,0,0,0,0,0,0,0,0,0,0,0,0,,,0,,0,0,0,0,0,0,0,0,0,0,,0,0,0,0,0,0,0,0,0,0,0,0,0,0,,0,0,0,0,0,,0.0,0.0,0.0,0,3,0,0,0,0,2,2.0,12.0,0,0,0,0,0,0,0,0,0,0,0,0,0,0,0,0,0,0,10,50,0,0,0,0,0,0,0,0,0,0,0,0,0,,,0,0,0,0,0,0,0,0,0,0,0,0,,,,0,0,0,0,0,0,0,,0,0,0,0,0,0,0,,0,0,0,0,0,0,0,0,0,0,0.0,0.0,stats_player_week_2002.parquet,6670,d9cf9291d8105fba23d056c0f5889be2c549f09db930b0e3f9d97d2cd81ba231,st_split_unknown,0.0,,unknown,True,False,False,True,True
,Team,,,,,2002,8,REG,2002_08_PIT_BAL,PIT,BAL,0,0,0,0,0,0,0,0,0,0,0,0,,,0,,0,0,0,0,0,0,0,0,0,0,,0,0,0,0,0,0,0,0,0,0,0,0,0,0,,0,0,0,0,0,,0.0,0.0,0.0,0,1,0,0,0,0,0,0.0,0.0,0,0,0,0,0,0,1,0,0,0,0,0,0,0,0,0,0,0,17,127,0,0,0,0,0,0,0,0,0,0,0,0,0,,,0,0,0,0,0,0,0,0,0,0,0,0,,,,0,0,0,0,0,0,0,,0,0,0,0,0,0,0,,0,0,0,0,0,0,0,0,0,0,0.0,0.0,stats_player_week_2002.parquet,7579,d9cf9291d8105fba23d056c0f5889be2c549f09db930b0e3f9d97d2cd81ba231,scored,0.0,0.0,verified_zero,False,False,False,True,True
,Team,,,,,2002,9,REG,2002_09_BAL_ATL,ATL,BAL,0,0,0,0,0,0,0,0,0,0,0,0,,,0,,0,0,0,0,0,0,0,0,0,0,,0,0,0,0,0,0,0,0,0,0,0,0,0,0,,0,0,0,0,0,,0.0,0.0,0.0,0,1,0,0,0,0,1,1.0,3.0,0,0,0,0,0,0,0,0,0,0,0,0,0,0,0,0,0,0,11,61,0,0,0,0,0,0,0,0,0,0,0,0,0,,,0,0,0,0,0,0,0,0,0,0,0,0,,,,0,0,0,0,0,0,0,,0,0,0,0,0,0,0,,0,0,0,0,0,0,0,0,0,0,0.0,0.0,stats_player_week_2002.parquet,8509,d9cf9291d8105fba23d056c0f5889be2c549f09db930b0e3f9d97d2cd81ba231,st_split_unknown,0.0,,unknown,True,False,False,True,True
,Team,,,,,2002,10,REG,2002_10_CIN_BAL,BAL,CIN,0,0,0,0,0,0,0,0,0,0,0,0,,,0,,0,0,0,0,0,0,0,0,0,0,,0,0,0,0,0,0,0,0,0,0,0,0,0,0,,0,0,0,0,0,,0.0,,,0,6,0,0,3,4,0,0.0,0.0,0,0,0,0,0,0,0,0,0,0,0,0,0,0,0,0,0,0,5,30,0,0,0,0,0,0,0,0,0,0,0,0,0,,,0,0,0,0,0,0,0,0,0,0,0,0,,,,0,0,0,0,0,0,0,,0,0,0,0,0,0,0,,0,0,0,0,0,0,0,0,0,0,0.0,0.0,stats_player_week_2002.parquet,9430,d9cf9291d8105fba23d056c0f5889be2c549f09db930b0e3f9d97d2cd81ba231,scored,0.0,0.0,verified_zero,False,False,False,True,True
,Team,,,,,2002,11,REG,2002_11_NO_ATL,ATL,NO,0,0,0,0,0,0,0,0,0,0,0,0,,,0,,0,0,0,0,0,0,0,0,0,0,,0,0,0,0,0,0,0,0,0,0,0,0,0,0,,0,0,0,0,0,,0.0,0.0,0.0,0,3,0,0,1,1,0,0.0,0.0,0,0,0,0,0,0,0,0,0,0,0,0,0,0,0,0,0,0,13,71,0,0,0,0,0,0,0,0,0,0,0,0,0,,,0,0,0,0,0,0,0,0,0,0,0,0,,,,0,0,0,0,0,0,0,,0,0,0,0,0,0,0,,0,0,0,0,0,0,0,0,0,0,0.0,0.0,stats_player_week_2002.parquet,10480,d9cf9291d8105fba23d056c0f5889be2c549f09db930b0e3f9d97d2cd81ba231,scored,0.0,0.0,verified_zero,False,False,False,True,True
,Team,,,,,2002,12,REG,2002_12_TEN_BAL,TEN,BAL,0,0,0,0,0,0,0,0,0,0,0,0,,,0,,0,0,0,0,0,0,0,0,0,0,,0,0,0,0,0,0,0,0,0,0,0,0,0,0,,0,0,0,0,0,,0.0,0.0,0.0,0,2,0,0,1,3,1,5.0,18.0,1,0,0,0,0,0,1,0,0,0,0,0,0,0,0,0,0,0,16,123,0,0,0,0,0,0,0,0,0,0,0,0,0,,,0,0,0,0,0,0,0,0,0,0,0,0,,,,0,0,0,0,0,0,0,,0,0,0,0,0,0,0,,0,0,0,0,0,0,0,0,0,0,0.0,0.0,stats_player_week_2002.parquet,11523,d9cf9291d8105fba23d056c0f5889be2c549f09db930b0e3f9d97d2cd81ba231,st_split_unknown,0.0,,unknown,True,False,False,True,True
,Team,,,,,2002,13,REG,2002_13_NE_DET,NE,DET,0,0,0,0,0,0,0,0,0,0,0,0,,,0,,0,0,0,0,0,0,0,0,0,0,,0,0,0,0,0,0,0,0,0,0,0,0,0,0,,0,0,0,0,0,,0.0,0.0,0.0,0,6,0,0,0,0,2,2.0,15.0,0,0,0,0,0,0,1,0,0,0,0,0,0,0,0,0,0,0,19,107,0,0,0,0,0,0,0,0,0,0,0,0,0,,,0,0,0,0,0,0,0,0,0,0,0,0,,,,0,0,0,0,0,0,0,,0,0,0,0,0,0,0,,0,0,0,0,0,0,0,0,0,0,0.0,0.0,stats_player_week_2002.parquet,12597,d9cf9291d8105fba23d056c0f5889be2c549f09db930b0e3f9d97d2cd81ba231,st_split_unknown,0.0,,unknown,True,False,False,True,True
,Team,,,,,2002,14,REG,2002_14_CIN_CAR,CIN,CAR,0,0,0,0,0,0,0,0,0,0,0,0,,,0,,0,0,0,0,0,0,0,0,0,0,,0,0,0,0,0,0,0,0,0,0,0,0,0,0,,0,0,0,0,0,,0.0,,,0,2,0,0,0,0,1,4.0,32.0,1,0,0,0,0,0,1,1,0,0,0,0,0,0,0,0,0,0,8,49,0,0,0,0,0,0,0,0,0,0,0,0,0,,,0,0,0,0,0,0,0,0,0,0,0,0,,,,0,0,0,0,0,0,0,,0,0,0,0,0,0,0,,0,0,0,0,0,0,0,0,0,0,0.0,0.0,stats_player_week_2002.parquet,13649,d9cf9291d8105fba23d056c0f5889be2c549f09db930b0e3f9d97d2cd81ba231,st_split_unknown,0.0,,unknown,True,False,False,True,True
,,,,,,2002,15,REG,2002_15_SEA_ATL,ATL,SEA,0,0,0,0,0,0,0,0,0,0,0,0,,,0,,0,0,0,0,0,0,0,0,0,0,,0,0,0,0,0,0,0,0,0,0,0,0,0,0,,0,0,0,0,0,,0.0,0.0,0.0,0,0,0,0,0,0,0,0.0,0.0,0,0,0,0,0,0,0,0,0,0,0,0,0,0,0,0,0,0,13,70,0,0,0,0,0,0,0,0,0,0,0,0,0,,,0,0,0,0,0,0,0,0,0,0,0,0,,,,0,0,0,0,0,0,0,,0,0,0,0,0,0,0,,0,0,0,0,0,0,0,0,0,0,0.0,0.0,stats_player_week_2002.parquet,14687,d9cf9291d8105fba23d056c0f5889be2c549f09db930b0e3f9d97d2cd81ba231,scored,0.0,0.0,verified_zero,False,False,False,True,True
,Team,,,,,2002,16,REG,2002_16_MIA_MIN,MIA,MIN,0,0,0,0,0,0,0,0,0,0,0,0,,,0,,0,0,0,0,0,0,0,0,0,0,,0,0,0,0,0,0,0,0,0,0,0,0,0,0,,0,0,0,0,0,,0.0,0.0,0.0,0,2,0,0,0,0,0,3.0,25.0,0,0,0,0,0,0,1,0,0,0,0,0,0,0,0,0,0,0,12,75,0,0,0,0,0,0,0,0,0,0,0,0,0,,,0,0,0,0,0,0,0,0,0,0,0,0,,,,0,0,0,0,0,0,0,,0,0,0,0,0,0,0,,0,0,0,0,0,0,0,0,0,0,0.0,0.0,stats_player_week_2002.parquet,15726,d9cf9291d8105fba23d056c0f5889be2c549f09db930b0e3f9d97d2cd81ba231,scored,0.0,0.0,verified_zero,False,False,False,True,True
,Team,,,,,2002,17,REG,2002_17_PHI_NYG,PHI,NYG,0,0,0,0,0,0,0,0,0,0,0,0,,,0,,0,0,0,0,0,0,0,0,0,0,,0,0,0,0,0,0,0,0,0,0,0,0,0,0,,0,0,0,0,0,,0.0,0.0,0.0,0,2,0,0,0,0,1,1.0,0.0,0,0,0,0,0,0,0,0,0,0,0,0,0,0,0,0,0,0,9,59,0,0,0,0,0,0,0,0,0,0,0,0,0,,,0,0,0,0,0,0,0,0,0,0,0,0,,,,0,0,0,0,0,0,0,,0,0,0,0,0,0,0,,0,0,0,0,0,0,0,0,0,0,0.0,0.0,stats_player_week_2002.parquet,16749,d9cf9291d8105fba23d056c0f5889be2c549f09db930b0e3f9d97d2cd81ba231,st_split_unknown,0.0,,unknown,True,False,False,True,False
,Team,,,,,2002,18,POST,2002_18_IND_NYJ,IND,NYJ,0,0,0,0,0,0,0,0,0,0,0,0,,,0,,0,0,0,0,0,0,0,0,0,0,,0,0,0,0,0,0,0,0,0,0,0,0,0,0,,0,0,0,0,0,,0.0,0.0,0.0,0,0,0,0,0,0,0,0.0,0.0,0,0,0,0,0,0,0,0,0,0,0,0,0,0,0,0,0,0,2,20,0,0,0,0,0,0,0,0,0,0,0,0,0,,,0,0,0,0,0,0,0,0,0,0,0,0,,,,0,0,0,0,0,0,0,,0,0,0,0,0,0,1,,0,0,0,0,0,0,0,0,0,0,0.0,0.0,stats_player_week_2002.parquet,17004,d9cf9291d8105fba23d056c0f5889be2c549f09db930b0e3f9d97d2cd81ba231,scored,0.0,0.0,verified_zero,False,False,False,False,False
,,,,,,2002,19,POST,2002_19_PIT_TEN,PIT,TEN,0,0,0,0,0,0,0,0,0,0,0,0,,,0,,0,0,0,0,0,0,0,0,0,0,,0,0,0,0,0,0,0,0,0,0,0,0,0,0,,0,0,0,0,0,,0.0,0.0,0.0,0,0,0,0,0,0,0,0.0,0.0,0,0,0,0,0,0,0,0,0,0,0,0,0,0,0,0,0,0,1,5,0,0,0,0,0,0,0,0,0,0,0,0,0,,,0,0,0,0,0,0,0,0,0,0,0,0,,,,0,0,0,0,0,0,0,,0,0,0,0,0,0,0,,0,0,0,0,0,0,0,0,0,0,0.0,0.0,stats_player_week_2002.parquet,17274,d9cf9291d8105fba23d056c0f5889be2c549f09db930b0e3f9d97d2cd81ba231,scored,0.0,0.0,verified_zero,False,False,False,False,False
,,,,,,2002,20,POST,2002_20_TB_PHI,PHI,TB,0,0,0,0,0,0,0,0,0,0,0,0,,,0,,0,0,0,0,0,0,0,0,0,0,,0,0,0,0,0,0,0,0,0,0,0,0,0,0,,0,0,0,0,0,,0.0,0.0,0.0,0,0,0,0,0,0,0,0.0,0.0,0,0,0,0,0,0,0,0,0,0,0,0,0,0,0,0,0,0,0,0,0,0,0,0,0,0,0,0,0,0,0,0,0,,,0,0,0,0,0,0,0,0,0,0,0,0,,,,0,0,0,0,0,0,0,,0,0,0,0,0,0,0,,0,0,0,0,0,0,0,0,0,0,0.0,0.0,stats_player_week_2002.parquet,17414,d9cf9291d8105fba23d056c0f5889be2c549f09db930b0e3f9d97d2cd81ba231,scored,0.0,0.0,verified_zero,False,False,False,False,False
,,,,,,2002,21,POST,2002_21_OAK_TB,TB,LV,0,0,0,0,0,0,0,0,0,0,0,0,,,0,,0,0,0,0,0,0,0,0,0,0,,0,0,0,0,0,0,0,0,0,0,0,0,0,0,,0,0,0,0,0,,0.0,0.0,0.0,0,0,0,0,0,0,0,0.0,0.0,0,0,0,0,0,0,0,0,0,0,0,0,0,0,0,0,0,0,0,0,0,0,0,0,0,0,0,0,0,0,0,0,0,,,0,0,0,0,0,0,0,0,0,0,0,0,,,,0,0,0,0,0,0,0,,0,0,0,0,0,0,0,,0,0,0,0,0,0,0,0,0,0,0.0,0.0,stats_player_week_2002.parquet,17480,d9cf9291d8105fba23d056c0f5889be2c549f09db930b0e3f9d97d2cd81ba231,scored,0.0,0.0,verified_zero,False,False,False,False,False
,Team,,,,,2003,1,REG,2003_01_NYJ_WAS,WAS,NYJ,0,0,0,0,0,0,0,0,0,0,0,0,,,0,,0,0,0,0,0,0,0,0,0,0,,0,0,0,0,0,0,0,0,0,0,0,0,0,0,,0,0,0,0,0,,,,,0,2,0,0,0,0,0,0.0,0.0,0,0,0,0,0,0,1,0,0,0,0,0,0,0,0,0,0,0,16,110,0,0,0,0,0,0,0,0,0,0,0,0,0,,,0,0,0,0,0,0,0,0,0,0,0,0,,,,0,0,0,0,0,0,0,,0,0,0,0,0,0,0,,0,0,0,0,0,0,0,0,0,0,0.0,0.0,stats_player_week_2003.parquet,1055,3113e4a054dbee1b4ddde2a0ec143eb44f8ca22daaa3ba18a64e8ce03d711ca0,scored,0.0,0.0,verified_zero,False,False,False,True,True
,Team,,,,,2003,2,REG,2003_02_WAS_ATL,ATL,WAS,0,0,0,0,0,0,0,0,0,0,0,0,,,0,,0,0,0,0,0,0,0,0,0,0,,0,0,0,0,0,0,0,0,0,0,0,0,0,0,,0,0,0,0,0,,,,,0,6,0,0,0,0,1,1.0,7.0,0,0,0,0,0,0,0,0,0,0,0,0,0,0,0,0,0,0,11,68,0,0,0,0,0,0,0,0,0,0,0,0,0,,,0,0,0,0,0,0,0,0,0,0,0,0,,,,0,0,0,0,0,0,0,,0,0,0,0,0,0,0,,0,0,0,0,0,0,0,0,0,0,0.0,0.0,stats_player_week_2003.parquet,2089,3113e4a054dbee1b4ddde2a0ec143eb44f8ca22daaa3ba18a64e8ce03d711ca0,st_split_unknown,0.0,,unknown,True,False,False,True,True
,,,,,,2003,3,REG,2003_03_TB_ATL,TB,ATL,0,0,0,0,0,0,0,0,0,0,0,0,,,0,,0,0,0,0,0,0,0,0,0,0,,0,0,0,0,0,0,0,0,0,0,0,0,0,0,,0,0,0,0,0,,,,,0,0,0,0,0,0,0,0.0,0.0,0,0,0,0,0,0,1,0,0,0,0,0,0,0,0,0,0,0,12,60,0,0,0,0,0,0,0,0,0,0,0,0,0,,,0,0,0,0,0,0,0,0,0,0,0,0,,,,0,0,0,0,0,0,0,,0,0,0,0,0,0,0,,0,0,0,0,0,0,0,0,0,0,0.0,0.0,stats_player_week_2003.parquet,2999,3113e4a054dbee1b4ddde2a0ec143eb44f8ca22daaa3ba18a64e8ce03d711ca0,scored,0.0,0.0,verified_zero,False,False,False,True,True
,Team,,,,,2003,4,REG,2003_04_PHI_BUF,PHI,BUF,0,0,0,0,0,0,0,0,0,0,0,0,,,0,,0,0,0,0,1,-1,0,0,0,0,-3.051927637308836,0,0,0,0,0,0,0,0,0,0,0,0,0,0,,0,0,0,0,0,,,,,0,5,0,0,0,0,0,0.0,0.0,0,0,0,0,0,0,0,0,0,0,0,0,0,0,0,0,0,0,12,73,0,0,0,0,0,0,0,0,0,0,0,0,0,,,0,0,0,0,0,0,0,0,0,0,0,0,,,,0,0,0,0,0,0,0,,0,0,0,0,0,0,0,,0,0,0,0,0,0,0,0,0,0,-0.1,-0.1,stats_player_week_2003.parquet,3897,3113e4a054dbee1b4ddde2a0ec143eb44f8ca22daaa3ba18a64e8ce03d711ca0,scored,-0.1,-0.1,known_nonzero,True,True,False,True,True
,,,,,,2003,5,REG,2003_05_MIN_ATL,ATL,MIN,0,0,0,0,0,0,0,0,0,0,0,0,,,0,,0,0,0,0,0,0,0,0,0,0,,0,0,0,0,0,0,0,0,0,0,0,0,0,0,,0,0,0,0,0,,,,,0,0,0,0,0,0,0,0.0,0.0,0,0,0,0,0,0,2,0,0,0,0,0,0,0,0,0,0,0,8,48,0,0,0,0,0,0,0,0,0,0,0,0,0,,,0,0,0,0,0,0,0,0,0,0,0,0,,,,0,0,0,0,0,0,0,,0,0,0,0,0,0,0,,0,0,0,0,0,0,0,0,0,0,0.0,0.0,stats_player_week_2003.parquet,4802,3113e4a054dbee1b4ddde2a0ec143eb44f8ca22daaa3ba18a64e8ce03d711ca0,scored,0.0,0.0,verified_zero,False,False,False,True,True
,Team,,,,,2003,6,REG,2003_06_OAK_CLE,CLE,LV,0,0,0,0,0,0,0,0,0,0,0,0,,,0,,0,0,0,0,0,0,0,0,0,0,,0,0,0,0,0,0,0,0,0,0,0,0,0,0,,0,0,0,0,0,,,,,0,1,0,0,0,0,0,0.0,0.0,0,0,0,0,0,0,0,0,0,0,0,0,0,0,0,0,0,0,1,10,0,0,0,0,0,0,0,0,0,0,0,0,0,,,0,0,0,0,0,0,0,0,0,0,0,0,,,,0,0,0,0,0,0,0,,0,0,0,0,0,0,0,,0,0,0,0,0,0,0,0,0,0,0.0,0.0,stats_player_week_2003.parquet,5692,3113e4a054dbee1b4ddde2a0ec143eb44f8ca22daaa3ba18a64e8ce03d711ca0,scored,0.0,0.0,verified_zero,False,False,False,True,True
,Team,,,,,2003,7,REG,2003_07_NO_ATL,ATL,NO,0,0,0,0,0,0,0,0,0,0,0,0,,,0,,0,0,0,0,0,0,0,0,0,0,,0,0,0,0,0,0,0,0,0,0,0,0,0,0,,0,0,0,0,0,,,,,0,3,0,0,0,0,0,0.0,0.0,0,0,0,0,0,0,0,0,0,0,0,0,0,0,0,0,0,0,11,58,0,0,0,0,0,0,0,0,0,0,0,0,0,,,0,0,0,0,0,0,0,0,0,0,0,0,,,,0,0,0,0,0,0,0,,0,0,0,0,0,0,0,,0,0,0,0,0,0,0,0,0,0,0.0,0.0,stats_player_week_2003.parquet,6614,3113e4a054dbee1b4ddde2a0ec143eb44f8ca22daaa3ba18a64e8ce03d711ca0,scored,0.0,0.0,verified_zero,False,False,False,True,True
,Team,,,,,2003,8,REG,2003_08_DEN_BAL,DEN,BAL,0,0,0,0,0,0,0,0,0,0,0,0,,,0,,0,0,0,0,0,0,0,0,0,0,,0,0,0,0,0,0,0,0,0,0,0,0,0,0,,0,0,0,0,0,,,,,0,6,0,0,0,0,0,0.0,0.0,0,0,0,0,0,0,1,0,0,0,0,0,0,0,0,0,0,0,12,66,0,0,0,0,0,0,0,0,0,0,0,0,0,,,0,0,0,0,0,0,0,0,0,0,0,0,,,,0,0,0,0,0,0,0,,0,0,0,0,0,0,0,,0,0,0,0,0,0,0,0,0,0,0.0,0.0,stats_player_week_2003.parquet,7493,3113e4a054dbee1b4ddde2a0ec143eb44f8ca22daaa3ba18a64e8ce03d711ca0,scored,0.0,0.0,verified_zero,False,False,False,True,True
,Team,,,,,2003,9,REG,2003_09_JAX_BAL,BAL,JAX,0,0,0,0,0,0,0,0,0,0,0,0,,,0,,0,0,0,0,0,0,0,0,0,0,,0,0,0,0,0,0,0,0,0,0,0,0,0,0,,0,0,0,0,0,,,,,0,2,0,0,0,0,0,0.0,0.0,0,0,0,0,0,0,1,0,0,0,0,0,0,0,0,0,0,0,5,21,0,0,0,0,0,0,0,0,0,0,0,0,0,,,0,0,0,0,0,0,0,0,0,0,0,0,,,,0,0,0,0,0,0,0,,0,0,0,0,0,0,0,,0,0,0,0,0,0,0,0,0,0,0.0,0.0,stats_player_week_2003.parquet,8399,3113e4a054dbee1b4ddde2a0ec143eb44f8ca22daaa3ba18a64e8ce03d711ca0,scored,0.0,0.0,verified_zero,False,False,False,True,True
,Team,,,,,2003,10,REG,2003_10_TB_CAR,TB,CAR,0,0,0,0,0,0,0,0,0,0,0,0,,,0,,0,0,0,0,0,0,0,0,0,0,,0,0,0,0,0,0,0,0,0,0,0,0,0,0,,0,0,0,0,0,,,,,0,1,0,0,0,0,0,0.0,0.0,0,0,0,0,0,0,0,0,0,0,0,0,0,0,0,0,0,0,12,72,0,0,0,0,0,0,0,0,0,0,0,0,0,,,0,0,0,0,0,0,0,0,0,0,0,0,,,,0,0,0,0,0,0,0,,0,0,0,0,0,0,0,,0,0,0,0,0,0,0,0,0,0,0.0,0.0,stats_player_week_2003.parquet,9313,3113e4a054dbee1b4ddde2a0ec143eb44f8ca22daaa3ba18a64e8ce03d711ca0,scored,0.0,0.0,verified_zero,False,False,False,True,True
,,,,,,2003,11,REG,2003_11_HOU_BUF,BUF,HOU,0,0,0,0,0,0,0,0,0,0,0,0,,,0,,0,0,0,0,0,0,0,0,0,0,,0,0,0,0,0,0,0,0,0,0,0,0,0,0,,0,0,0,0,0,,,,,0,0,0,0,0,0,0,0.0,0.0,0,0,0,0,0,0,1,0,0,0,0,0,0,0,0,0,0,0,7,40,0,0,0,0,0,0,0,0,0,0,0,0,0,,,0,0,0,0,0,0,0,0,0,0,0,0,,,,0,0,0,0,0,0,0,,0,0,0,0,0,0,0,,0,0,0,0,0,0,0,0,0,0,0.0,0.0,stats_player_week_2003.parquet,10356,3113e4a054dbee1b4ddde2a0ec143eb44f8ca22daaa3ba18a64e8ce03d711ca0,scored,0.0,0.0,verified_zero,False,False,False,True,True
,Team,,,,,2003,12,REG,2003_12_SEA_BAL,SEA,BAL,0,0,0,0,0,0,0,0,0,0,0,0,,,0,,0,0,0,0,0,0,0,0,0,0,,0,0,0,0,0,0,0,0,0,0,0,0,0,0,,0,0,0,0,0,,,,,0,1,0,0,0,0,0,0.0,0.0,0,0,0,0,0,0,1,0,0,0,0,0,0,0,0,0,0,0,9,69,0,0,0,0,0,0,0,0,0,0,0,0,0,,,0,0,0,0,0,0,0,0,0,0,0,0,,,,0,0,0,0,0,0,0,,0,0,0,0,0,0,0,,0,0,0,0,0,0,0,0,0,0,0.0,0.0,stats_player_week_2003.parquet,11375,3113e4a054dbee1b4ddde2a0ec143eb44f8ca22daaa3ba18a64e8ce03d711ca0,scored,0.0,0.0,verified_zero,False,False,False,True,True
,Team,,,,,2003,13,REG,2003_13_GB_DET,GB,DET,0,0,0,0,0,0,0,0,0,0,0,0,,,0,,0,0,0,0,0,0,0,0,0,0,,0,0,0,0,0,0,0,0,0,0,0,0,0,0,,0,0,0,0,0,,,,,0,1,0,0,0,0,0,1.0,9.0,0,0,0,0,0,0,1,1,0,0,0,0,0,0,0,0,0,0,5,25,0,0,0,0,0,0,0,0,0,0,0,0,0,,,0,0,0,0,0,0,0,0,0,0,0,0,,,,0,0,0,0,0,0,0,,0,0,0,0,0,0,0,,0,0,0,0,0,0,0,0,0,0,0.0,0.0,stats_player_week_2003.parquet,12400,3113e4a054dbee1b4ddde2a0ec143eb44f8ca22daaa3ba18a64e8ce03d711ca0,scored,0.0,0.0,verified_zero,False,False,False,True,True
,Team,,,,,2003,14,REG,2003_14_CIN_BAL,BAL,CIN,0,0,0,0,0,0,0,0,0,0,0,0,,,0,,0,0,0,0,0,0,0,0,0,0,,0,0,0,0,0,0,0,0,0,0,0,0,0,0,,0,0,0,0,0,,,,,0,4,0,0,0,0,0,0.0,0.0,0,0,0,0,0,0,1,0,0,0,0,0,0,0,0,0,0,0,6,40,0,0,0,0,0,0,0,0,0,0,0,0,0,,,0,0,0,0,0,0,0,0,0,0,0,0,,,,0,0,0,0,0,0,0,,0,0,0,0,0,0,0,,0,0,0,0,0,0,0,0,0,0,0.0,0.0,stats_player_week_2003.parquet,13446,3113e4a054dbee1b4ddde2a0ec143eb44f8ca22daaa3ba18a64e8ce03d711ca0,scored,0.0,0.0,verified_zero,False,False,False,True,True
,,,,,,2003,15,REG,2003_15_MIN_CHI,CHI,MIN,0,0,0,0,0,0,0,0,0,0,0,0,,,0,,0,0,0,0,0,0,0,0,0,0,,0,0,0,0,0,0,0,0,0,0,0,0,0,0,,0,0,0,0,0,,,,,0,0,0,0,0,0,0,0.0,0.0,0,0,0,0,0,0,0,0,0,0,0,0,0,0,0,0,0,0,8,40,0,0,0,0,0,0,0,0,0,0,0,0,0,,,0,0,0,0,0,0,0,0,0,0,0,0,,,,0,0,0,0,0,0,0,,0,0,0,0,0,0,0,,0,0,0,0,0,0,0,0,0,0,0.0,0.0,stats_player_week_2003.parquet,14458,3113e4a054dbee1b4ddde2a0ec143eb44f8ca22daaa3ba18a64e8ce03d711ca0,scored,0.0,0.0,verified_zero,False,False,False,True,True
,Team,,,,,2003,16,REG,2003_16_ATL_TB,ATL,TB,0,0,0,0,0,0,0,0,0,0,0,0,,,0,,0,0,0,0,0,0,0,0,0,0,,0,0,0,0,0,0,0,0,0,0,0,0,0,0,,0,0,0,0,0,,,,,0,3,0,0,0,0,0,0.0,0.0,0,0,0,0,0,0,0,0,0,0,0,0,0,0,0,0,0,0,2,10,0,0,0,0,0,0,0,0,0,0,0,0,0,,,0,0,0,0,0,0,0,0,0,0,0,0,,,,0,0,0,0,0,0,0,,0,0,0,0,0,0,0,,0,0,0,0,0,0,0,0,0,0,0.0,0.0,stats_player_week_2003.parquet,15483,3113e4a054dbee1b4ddde2a0ec143eb44f8ca22daaa3ba18a64e8ce03d711ca0,scored,0.0,0.0,verified_zero,False,False,False,True,True
,Je.Brooks,,,,,2003,17,REG,2003_17_BUF_NE,NE,BUF,0,0,0,0,0,0,0,0,0,0,0,0,,,0,,0,0,0,0,0,0,0,0,0,0,,0,0,0,0,0,0,0,0,0,0,0,0,0,0,,0,0,0,0,0,,,,,0,1,1,3,0,0,0,0.0,0.0,0,0,0,0,0,0,1,0,0,0,0,0,0,0,0,0,0,0,8,45,0,0,0,0,0,0,0,0,0,0,0,0,0,,,0,0,0,0,0,0,0,0,0,0,0,0,,,,0,0,0,0,0,0,0,,0,0,0,0,0,0,0,,0,0,0,0,0,0,0,0,0,0,0.0,0.0,stats_player_week_2003.parquet,16520,3113e4a054dbee1b4ddde2a0ec143eb44f8ca22daaa3ba18a64e8ce03d711ca0,scored,0.0,0.0,verified_zero,False,False,False,True,False
,,,,,,2003,18,POST,2003_18_TEN_BAL,BAL,TEN,0,0,0,0,0,0,0,0,0,0,0,0,,,0,,0,0,0,0,0,0,0,0,0,0,,0,0,0,0,0,0,0,0,0,0,0,0,0,0,,0,0,0,0,0,,,,,0,0,0,0,0,0,0,0.0,0.0,0,0,0,0,0,0,0,0,0,0,0,0,0,0,0,0,0,0,0,0,0,0,0,0,0,0,0,0,0,0,0,0,0,,,0,0,0,0,0,0,0,0,0,0,0,0,,,,0,0,0,0,0,0,0,,0,0,0,0,0,0,0,,0,0,0,0,0,0,0,0,0,0,0.0,0.0,stats_player_week_2003.parquet,16775,3113e4a054dbee1b4ddde2a0ec143eb44f8ca22daaa3ba18a64e8ce03d711ca0,scored,0.0,0.0,verified_zero,False,False,False,False,False
,,,,,,2003,19,POST,2003_19_CAR_STL,CAR,LA,0,0,0,0,0,0,0,0,0,0,0,0,,,0,,0,0,0,0,0,0,0,0,0,0,,0,0,0,0,0,0,0,0,0,0,0,0,0,0,,0,0,0,0,0,,,,,0,0,0,0,0,0,0,0.0,0.0,0,0,0,0,0,0,0,0,0,0,0,0,0,0,0,0,0,0,2,10,0,0,0,0,0,0,0,0,0,0,0,0,0,,,0,0,0,0,0,0,0,0,0,0,0,0,,,,0,0,0,0,0,0,0,,0,0,0,0,0,0,0,,0,0,0,0,0,0,0,0,0,0,0.0,0.0,stats_player_week_2003.parquet,17028,3113e4a054dbee1b4ddde2a0ec143eb44f8ca22daaa3ba18a64e8ce03d711ca0,scored,0.0,0.0,verified_zero,False,False,False,False,False
,,,,,,2003,20,POST,2003_20_IND_NE,NE,IND,0,0,0,0,0,0,0,0,0,0,0,0,,,0,,0,0,0,0,0,0,0,0,0,0,,0,0,0,0,0,0,0,0,0,0,0,0,0,0,,0,0,0,0,0,,,,,0,0,0,0,0,0,0,0.0,0.0,0,0,0,0,0,0,1,0,0,0,0,0,0,0,0,0,0,0,0,0,0,0,0,0,0,0,0,0,0,0,0,0,0,,,0,0,0,0,0,0,0,0,0,0,0,0,,,,0,0,0,0,0,0,0,,0,0,0,0,0,0,0,,0,0,0,0,0,0,0,0,0,0,0.0,0.0,stats_player_week_2003.parquet,17160,3113e4a054dbee1b4ddde2a0ec143eb44f8ca22daaa3ba18a64e8ce03d711ca0,scored,0.0,0.0,verified_zero,False,False,False,False,False
,,,,,,2003,21,POST,2003_21_CAR_NE,CAR,NE,0,0,0,0,0,0,0,0,0,0,0,0,,,0,,0,0,0,0,0,0,0,0,0,0,,0,0,0,0,0,0,0,0,0,0,0,0,0,0,,0,0,0,0,0,,,,,0,0,0,0,0,0,0,0.0,0.0,0,0,0,0,0,0,0,0,0,0,0,0,0,0,0,0,0,0,0,0,0,0,0,0,0,0,0,0,0,0,0,0,0,,,0,0,0,0,0,0,0,0,0,0,0,0,,,,0,0,0,0,0,0,0,,0,0,0,0,0,0,0,,0,0,0,0,0,0,0,0,0,0,0.0,0.0,stats_player_week_2003.parquet,17231,3113e4a054dbee1b4ddde2a0ec143eb44f8ca22daaa3ba18a64e8ce03d711ca0,scored,0.0,0.0,verified_zero,False,False,False,False,False
,Team,,,,,2004,1,REG,2004_01_IND_NE,NE,IND,0,0,0,0,0,0,0,0,0,0,0,0,,,0,,0,0,0,0,0,0,0,0,0,0,,0,0,0,0,0,0,0,0,0,0,0,0,0,0,,0,0,0,0,0,,,,,0,8,0,0,0,0,1,1.0,6.0,0,0,0,0,0,0,1,0,0,0,0,0,0,1,0,0,0,0,17,106,0,0,0,0,0,0,0,0,0,0,0,0,0,,,0,0,0,0,0,0,0,0,0,0,0,0,,,,0,0,0,0,0,0,0,,0,0,0,0,0,0,0,,0,0,0,0,0,0,0,0,0,0,0.0,0.0,stats_player_week_2004.parquet,1031,52d33704c7cc5affe55fcbebbd3d7d955a0913851a97a67d1e856cb8afbf38ae,st_split_unknown,0.0,,unknown,True,False,False,True,True
,,,,,,2004,2,REG,2004_02_STL_ATL,ATL,LA,0,0,0,0,0,0,0,0,0,0,0,0,,,0,,0,0,0,0,0,0,0,0,0,0,,0,0,0,0,0,0,0,0,0,0,0,0,0,0,,0,0,0,0,0,,,,,0,0,0,0,0,0,0,0.0,0.0,0,0,0,0,0,0,1,0,0,0,0,0,0,0,0,0,0,0,17,110,0,0,0,0,0,0,0,0,0,0,0,0,0,,,0,0,0,0,0,0,0,0,0,0,0,0,,,,0,0,0,0,0,0,0,,0,0,0,0,0,0,0,,0,0,0,0,0,0,0,0,0,0,0.0,0.0,stats_player_week_2004.parquet,2051,52d33704c7cc5affe55fcbebbd3d7d955a0913851a97a67d1e856cb8afbf38ae,scored,0.0,0.0,verified_zero,False,False,False,True,True
,Team,,,,,2004,3,REG,2004_03_ARI_ATL,ARI,ATL,0,0,0,0,0,0,0,0,0,0,0,0,,,0,,0,0,0,0,0,0,0,0,0,0,,0,0,0,0,0,0,0,0,0,0,0,0,0,0,,0,0,0,0,0,,,,,0,5,0,0,0,0,0,0.0,0.0,0,0,0,0,0,0,0,0,0,0,0,0,0,0,0,0,0,0,14,75,0,0,0,0,0,0,0,0,0,0,0,0,0,,,0,0,0,0,0,0,0,0,0,0,0,0,,,,0,0,0,0,0,0,0,,0,0,0,0,0,0,0,,0,0,0,0,0,0,0,0,0,0,0.0,0.0,stats_player_week_2004.parquet,2961,52d33704c7cc5affe55fcbebbd3d7d955a0913851a97a67d1e856cb8afbf38ae,scored,0.0,0.0,verified_zero,False,False,False,True,True
,,,,,,2004,4,REG,2004_04_NE_BUF,NE,BUF,0,0,0,0,0,0,0,0,0,0,0,0,,,0,,0,0,0,0,0,0,0,0,0,0,,0,0,0,0,0,0,0,0,0,0,0,0,0,0,,0,0,0,0,0,,,,,0,0,0,0,0,0,0,0.0,0.0,0,0,0,0,0,0,0,0,0,0,0,0,0,0,0,0,0,0,9,60,0,0,0,0,0,0,0,0,0,0,0,0,0,,,0,0,0,0,0,0,0,0,0,0,0,0,,,,0,0,0,0,0,0,0,,0,0,0,0,0,0,0,,0,0,0,0,0,0,0,0,0,0,0.0,0.0,stats_player_week_2004.parquet,3854,52d33704c7cc5affe55fcbebbd3d7d955a0913851a97a67d1e856cb8afbf38ae,scored,0.0,0.0,verified_zero,False,False,False,True,True
,,,,,,2004,5,REG,2004_05_DET_ATL,ATL,DET,0,0,0,0,0,0,0,0,0,0,0,0,,,0,,0,0,0,0,0,0,0,0,0,0,,0,0,0,0,0,0,0,0,0,0,0,0,0,0,,0,0,0,0,0,,,,,0,0,0,0,0,0,0,0.0,0.0,0,0,0,0,0,0,0,0,0,0,0,0,0,0,0,0,0,0,16,136,0,0,0,0,0,0,0,0,0,0,0,0,0,,,0,0,0,0,0,0,0,0,0,0,0,0,,,,0,0,0,0,0,0,0,,0,0,0,0,0,0,0,,0,0,0,0,0,0,0,0,0,0,0.0,0.0,stats_player_week_2004.parquet,4767,52d33704c7cc5affe55fcbebbd3d7d955a0913851a97a67d1e856cb8afbf38ae,scored,0.0,0.0,verified_zero,False,False,False,True,True
,,,,,,2004,6,REG,2004_06_SD_ATL,LAC,ATL,0,0,0,0,0,0,0,0,0,0,0,0,,,0,,0,0,0,0,0,0,0,0,0,0,,0,0,0,0,0,0,0,0,0,0,0,0,0,0,,0,0,0,0,0,,,,,0,0,0,0,0,0,0,0.0,0.0,0,0,0,0,0,0,0,0,0,0,0,0,0,0,0,0,0,0,9,62,0,0,0,0,0,0,0,0,0,0,0,0,0,,,0,0,0,0,0,0,0,0,0,0,0,0,,,,0,0,0,0,0,0,0,,0,0,0,0,0,0,0,,0,0,0,0,0,0,0,0,0,0,0.0,0.0,stats_player_week_2004.parquet,5660,52d33704c7cc5affe55fcbebbd3d7d955a0913851a97a67d1e856cb8afbf38ae,scored,0.0,0.0,verified_zero,False,False,False,True,True
,Team,,,,,2004,7,REG,2004_07_BUF_BAL,BAL,BUF,0,0,0,0,0,0,0,0,0,0,0,0,,,0,,0,0,0,0,0,0,0,0,0,0,,0,0,0,0,0,0,0,0,0,0,0,0,0,0,,0,0,0,0,0,,,,,0,1,0,0,0,0,0,0.0,0.0,0,0,0,0,0,0,1,0,0,0,0,0,0,0,0,0,0,0,16,83,0,0,0,0,0,0,0,0,0,0,0,0,0,,,0,0,0,0,0,0,0,0,0,0,0,0,,,,0,0,0,0,0,0,0,,0,0,0,0,0,0,0,,0,0,0,0,0,0,0,0,0,0,0.0,0.0,stats_player_week_2004.parquet,6563,52d33704c7cc5affe55fcbebbd3d7d955a0913851a97a67d1e856cb8afbf38ae,scored,0.0,0.0,verified_zero,False,False,False,True,True
,Team,,,,,2004,8,REG,2004_08_ARI_BUF,ARI,BUF,0,0,0,0,0,0,0,0,0,0,0,0,,,0,,0,0,0,0,0,0,0,0,0,0,,0,0,0,0,0,0,0,0,0,0,0,0,0,0,,0,0,0,0,0,,,,,0,2,0,0,0,0,0,0.0,0.0,0,0,0,0,0,0,0,0,0,0,0,0,0,0,0,0,0,0,9,58,0,0,0,0,0,0,0,0,0,0,0,0,0,,,0,0,0,0,0,0,0,0,0,0,0,0,,,,0,0,0,0,0,0,0,,0,0,0,0,0,0,0,,0,0,0,0,0,0,0,0,0,0,0.0,0.0,stats_player_week_2004.parquet,7474,52d33704c7cc5affe55fcbebbd3d7d955a0913851a97a67d1e856cb8afbf38ae,scored,0.0,0.0,verified_zero,False,False,False,True,True
,Team,,,,,2004,9,REG,2004_09_NYJ_BUF,BUF,NYJ,0,0,0,0,0,0,0,0,0,0,0,0,,,0,,0,0,0,0,0,0,0,0,0,0,,0,0,0,0,0,0,0,0,0,0,0,0,0,0,,0,0,0,0,0,,,,,0,5,0,0,0,0,0,0.0,0.0,0,0,0,0,0,0,1,0,0,0,0,0,0,0,0,0,0,0,8,40,0,0,0,0,0,0,0,0,0,0,0,0,0,,,0,0,0,0,0,0,0,0,0,0,0,0,,,,0,0,0,0,0,0,0,,0,0,0,0,0,0,0,,0,0,0,0,0,0,0,0,0,0,0.0,0.0,stats_player_week_2004.parquet,8380,52d33704c7cc5affe55fcbebbd3d7d955a0913851a97a67d1e856cb8afbf38ae,scored,0.0,0.0,verified_zero,False,False,False,True,True
,,,,,,2004,10,REG,2004_10_TB_ATL,ATL,TB,0,0,0,0,0,0,0,0,0,0,0,0,,,0,,0,0,0,0,0,0,0,0,0,0,,0,0,0,0,0,0,0,0,0,0,0,0,0,0,,0,0,0,0,0,,,,,0,0,0,0,0,0,0,0.0,0.0,0,0,0,0,0,0,0,0,0,0,0,0,0,0,0,0,0,0,10,64,0,0,0,0,0,0,0,0,0,0,0,0,0,,,0,0,0,0,0,0,0,0,0,0,0,0,,,,0,0,0,0,0,0,0,,0,0,0,0,0,0,0,,0,0,0,0,0,0,0,0,0,0,0.0,0.0,stats_player_week_2004.parquet,9286,52d33704c7cc5affe55fcbebbd3d7d955a0913851a97a67d1e856cb8afbf38ae,scored,0.0,0.0,verified_zero,False,False,False,True,True
,Team,,,,,2004,11,REG,2004_11_DAL_BAL,DAL,BAL,0,0,0,0,0,0,0,0,0,0,0,0,,,0,,0,0,0,0,0,0,0,0,0,0,,0,0,0,0,0,0,0,0,0,0,0,0,0,0,,0,0,0,0,0,,,,,0,4,0,0,0,0,0,0.0,0.0,0,0,0,0,0,0,1,0,0,0,0,0,0,0,0,0,0,0,17,131,0,0,0,0,0,0,0,0,0,0,0,0,0,,,0,0,0,0,0,0,0,0,0,0,0,0,,,,0,0,0,0,0,0,0,,0,0,0,0,0,0,0,,0,0,0,0,0,0,0,0,0,0,0.0,0.0,stats_player_week_2004.parquet,10317,52d33704c7cc5affe55fcbebbd3d7d955a0913851a97a67d1e856cb8afbf38ae,scored,0.0,0.0,verified_zero,False,False,False,True,True
,Team,,,,,2004,12,REG,2004_12_IND_DET,IND,DET,0,0,0,0,0,0,0,0,0,0,0,0,,,0,,0,0,0,0,0,0,0,0,0,0,,0,0,0,0,0,0,0,0,0,0,0,0,0,0,,0,0,0,0,0,,,,,0,2,0,0,0,0,0,0.0,0.0,0,0,0,0,0,0,0,0,0,0,0,0,0,0,0,0,0,0,6,46,0,0,0,0,0,0,0,0,0,0,0,0,0,,,0,0,0,0,0,0,0,0,0,0,0,0,,,,0,0,0,0,0,0,0,,0,0,0,0,0,0,0,,0,0,0,0,0,0,0,0,0,0,0.0,0.0,stats_player_week_2004.parquet,11367,52d33704c7cc5affe55fcbebbd3d7d955a0913851a97a67d1e856cb8afbf38ae,scored,0.0,0.0,verified_zero,False,False,False,True,True
,,,,,,2004,13,REG,2004_13_CIN_BAL,CIN,BAL,0,0,0,0,0,0,0,0,0,0,0,0,,,0,,0,0,0,0,0,0,0,0,0,0,,0,0,0,0,0,0,0,0,0,0,0,0,0,0,,0,0,0,0,0,,,,,0,2,0,0,0,0,0,0.0,0.0,0,0,0,0,0,0,0,0,0,0,0,0,0,0,0,0,0,0,14,75,0,0,0,0,0,0,0,0,0,0,0,0,0,,,0,0,0,0,0,0,0,0,0,0,0,0,,,,0,0,0,0,0,0,0,,0,0,0,0,0,0,0,,0,0,0,0,0,0,0,0,0,0,0.0,0.0,stats_player_week_2004.parquet,12406,52d33704c7cc5affe55fcbebbd3d7d955a0913851a97a67d1e856cb8afbf38ae,scored,0.0,0.0,verified_zero,False,False,False,True,True
,Team,,,,,2004,14,REG,2004_14_OAK_ATL,ATL,LV,0,0,0,0,0,0,0,0,0,0,0,0,,,0,,0,0,0,0,0,0,0,0,0,0,,0,0,0,0,0,0,0,0,0,0,0,0,0,0,,0,0,0,0,0,,,,,0,1,0,0,0,0,0,1.0,1.0,0,0,0,0,0,0,0,0,0,0,0,0,0,0,0,0,0,0,11,89,0,0,0,0,0,0,0,0,0,0,0,0,0,,,0,0,0,0,0,0,0,0,0,0,0,0,,,,0,0,0,0,0,0,0,,0,0,0,0,0,0,0,,0,0,0,0,0,0,0,0,0,0,0.0,0.0,stats_player_week_2004.parquet,13460,52d33704c7cc5affe55fcbebbd3d7d955a0913851a97a67d1e856cb8afbf38ae,scored,0.0,0.0,verified_zero,False,False,False,True,True
,,,,,,2004,15,REG,2004_15_PIT_NYG,PIT,NYG,0,0,0,0,0,0,0,0,0,0,0,0,,,0,,0,0,0,0,0,0,0,0,0,0,,0,0,0,0,0,0,0,0,0,0,0,0,0,0,,0,0,0,0,0,,,,,0,1,0,0,0,0,0,0.0,0.0,0,0,0,0,0,0,2,0,0,0,0,0,0,0,0,0,0,0,7,40,0,0,0,0,0,0,0,0,0,0,0,0,0,,,0,0,0,0,0,0,0,0,0,0,0,0,,,,0,0,0,0,0,0,0,,0,0,0,0,0,0,0,,0,0,0,0,0,0,0,0,0,0,0.0,0.0,stats_player_week_2004.parquet,14493,52d33704c7cc5affe55fcbebbd3d7d955a0913851a97a67d1e856cb8afbf38ae,scored,0.0,0.0,verified_zero,False,False,False,True,True
,Team,,,,,2004,16,REG,2004_16_GB_MIN,GB,MIN,0,0,0,0,0,0,0,0,0,0,0,0,,,0,,0,0,0,0,0,0,0,0,0,0,,0,0,0,0,0,0,0,0,0,0,0,0,0,0,,0,0,0,0,0,,,,,0,3,0,0,0,0,0,0.0,0.0,0,0,0,0,0,0,0,0,0,0,0,0,0,0,0,0,0,0,11,85,0,0,0,0,0,0,0,0,0,0,0,0,0,,,0,0,0,0,0,0,0,0,0,0,0,0,,,,0,0,0,0,0,0,0,,0,0,0,0,0,0,0,,0,0,0,0,0,0,0,0,0,0,0.0,0.0,stats_player_week_2004.parquet,15512,52d33704c7cc5affe55fcbebbd3d7d955a0913851a97a67d1e856cb8afbf38ae,scored,0.0,0.0,verified_zero,False,False,False,True,True
,,,,,,2004,17,REG,2004_17_MIA_BAL,MIA,BAL,0,0,0,0,0,0,0,0,0,0,0,0,,,0,,0,0,0,0,0,0,0,0,0,0,,0,0,0,0,0,0,0,0,0,0,0,0,0,0,,0,0,0,0,0,,,,,0,0,0,0,0,0,0,0.0,0.0,0,0,0,0,0,0,0,0,0,0,0,0,0,0,0,0,0,0,11,70,0,0,0,0,0,0,0,0,0,0,0,0,0,,,0,0,0,0,0,0,0,0,0,0,0,0,,,,0,0,0,0,0,0,0,,0,0,0,0,0,0,0,,0,0,0,0,0,0,0,0,0,0,0.0,0.0,stats_player_week_2004.parquet,16553,52d33704c7cc5affe55fcbebbd3d7d955a0913851a97a67d1e856cb8afbf38ae,scored,0.0,0.0,verified_zero,False,False,False,True,False
,,,,,,2004,18,POST,2004_18_STL_SEA,LA,SEA,0,0,0,0,0,0,0,0,0,0,0,0,,,0,,0,0,0,0,0,0,0,0,0,0,,0,0,0,0,0,0,0,0,0,0,0,0,0,0,,0,0,0,0,0,,,,,0,1,0,0,0,0,0,0.0,0.0,0,0,0,0,0,0,0,0,0,1,0,0,0,0,0,0,0,0,2,20,0,0,0,0,0,0,0,0,0,0,0,0,0,,,0,0,0,0,0,0,0,0,0,0,0,0,,,,0,0,0,0,0,0,0,,0,0,0,0,0,0,0,,0,0,0,0,0,0,0,0,0,0,0.0,0.0,stats_player_week_2004.parquet,16826,52d33704c7cc5affe55fcbebbd3d7d955a0913851a97a67d1e856cb8afbf38ae,scored,0.0,0.0,verified_zero,False,False,False,False,False
,,,,,,2004,19,POST,2004_19_NYJ_PIT,NYJ,PIT,0,0,0,0,0,0,0,0,0,0,0,0,,,0,,0,0,0,0,0,0,0,0,0,0,,0,0,0,0,0,0,0,0,0,0,0,0,0,0,,0,0,0,0,0,,,,,0,0,0,0,0,0,0,0.0,0.0,0,0,0,0,0,0,0,0,0,0,0,0,0,0,0,0,0,0,1,5,0,0,0,0,0,0,0,0,0,0,0,0,0,,,0,0,0,0,0,0,0,0,0,0,0,0,,,,0,0,0,0,0,0,0,,0,0,0,0,0,0,0,,0,0,0,0,0,0,0,0,0,0,0.0,0.0,stats_player_week_2004.parquet,17078,52d33704c7cc5affe55fcbebbd3d7d955a0913851a97a67d1e856cb8afbf38ae,scored,0.0,0.0,verified_zero,False,False,False,False,False
,,,,,,2004,20,POST,2004_20_ATL_PHI,ATL,,0,0,0,0,0,0,0,0,0,0,0,0,,,0,,0,0,0,0,0,0,0,0,0,0,,0,0,0,0,0,0,0,0,0,0,0,0,0,0,,0,0,0,0,0,,,,,0,0,0,0,0,0,0,0.0,0.0,0,0,0,0,0,0,0,0,0,0,0,0,0,0,0,0,0,0,0,0,0,0,0,0,0,0,0,0,0,0,0,0,0,,,0,0,0,0,0,0,0,0,0,0,0,0,,,,0,0,0,0,0,0,0,,0,0,0,0,0,0,0,,0,0,0,0,0,0,0,0,0,0,0.0,0.0,stats_player_week_2004.parquet,17204,52d33704c7cc5affe55fcbebbd3d7d955a0913851a97a67d1e856cb8afbf38ae,scored,0.0,0.0,verified_zero,False,False,False,False,False
,Team,,,,,2004,21,POST,2004_21_NE_PHI,PHI,NE,0,0,0,0,0,0,0,0,0,0,0,0,,,0,,0,0,0,0,0,0,0,0,0,0,,0,0,0,0,0,0,0,0,0,0,0,0,0,0,,0,0,0,0,0,,,,,0,2,0,0,0,0,1,1.0,9.0,0,0,0,0,0,0,0,0,0,0,0,0,0,0,0,0,0,0,0,0,0,0,0,0,0,0,0,0,0,0,0,0,0,,,0,0,0,0,0,0,0,0,0,0,0,0,,,,0,0,0,0,0,0,0,,0,0,0,0,0,0,0,,0,0,0,0,0,0,0,0,0,0,0.0,0.0,stats_player_week_2004.parquet,17271,52d33704c7cc5affe55fcbebbd3d7d955a0913851a97a67d1e856cb8afbf38ae,st_split_unknown,0.0,,unknown,True,False,False,False,False
,Team,,,,,2005,1,REG,2005_01_OAK_NE,LV,NE,0,0,0,0,0,0,0,0,0,0,0,0,,,0,,0,0,0,0,0,0,0,0,0,0,,0,0,0,0,0,0,0,0,0,0,0,0,0,0,,0,0,0,0,0,,,,,1,3,0,0,0,0,0,0.0,0.0,0,0,0,0,0,0,0,0,0,0,0,0,0,0,0,0,0,0,15,85,0,0,0,0,0,1,75,1,17,0,0,0,0,,,0,0,0,0,0,0,0,0,0,0,0,0,,,,0,0,0,0,0,0,0,,0,0,0,0,0,0,0,,0,0,0,0,0,0,0,0,0,0,6.0,6.0,stats_player_week_2005.parquet,1042,5646a8f2c0f4081f4e0675e5922d7548d9e8ed12717d9ab34e951d98d6ab57a3,scored,6.0,6.0,known_nonzero,True,True,False,True,True
,,,,,,2005,2,REG,2005_02_NE_CAR,NE,CAR,0,0,0,0,0,0,0,0,0,0,0,0,,,0,,0,0,0,0,0,0,0,0,0,0,,0,0,0,0,0,0,0,0,0,0,0,0,0,0,,0,0,0,0,0,,,,,0,0,0,0,0,0,0,0.0,0.0,0,0,0,0,0,0,0,0,0,0,0,0,0,0,0,0,0,0,13,74,0,0,0,0,0,0,0,0,0,0,0,0,0,,,0,0,0,0,0,0,0,0,0,0,0,0,,,,0,0,0,0,0,0,0,,0,0,0,0,0,0,0,,0,0,0,0,0,0,0,0,0,0,0.0,0.0,stats_player_week_2005.parquet,2102,5646a8f2c0f4081f4e0675e5922d7548d9e8ed12717d9ab34e951d98d6ab57a3,scored,0.0,0.0,verified_zero,False,False,False,True,True
,Team,,,,,2005,3,REG,2005_03_ATL_BUF,BUF,ATL,0,0,0,0,0,0,0,0,0,0,0,0,,,0,,0,0,0,0,0,0,0,0,0,0,,0,0,0,0,0,0,0,0,0,0,0,0,0,0,,0,0,0,0,0,,,,,0,2,0,0,0,0,0,0.0,0.0,0,0,0,0,0,0,0,0,1,0,0,0,0,1,0,0,0,0,14,76,0,0,0,0,0,0,0,0,0,0,0,0,0,,,0,0,0,0,0,0,0,0,0,0,0,0,,,,0,0,0,0,0,0,0,,0,0,0,0,0,0,0,,0,0,0,0,0,0,0,0,0,0,0.0,0.0,stats_player_week_2005.parquet,3021,5646a8f2c0f4081f4e0675e5922d7548d9e8ed12717d9ab34e951d98d6ab57a3,st_split_unknown,0.0,,unknown,True,False,False,True,True
,,,,,,2005,4,REG,2005_04_HOU_CIN,HOU,CIN,0,0,0,0,0,0,0,0,0,0,0,0,,,0,,0,0,0,0,0,0,0,0,0,0,,0,0,0,0,0,0,0,0,0,0,0,0,0,0,,0,0,0,0,0,,,,,0,0,0,0,0,0,0,0.0,0.0,0,0,0,0,0,0,0,0,0,0,0,0,0,0,0,0,0,0,12,81,0,0,0,0,0,0,0,0,0,0,0,0,0,,,0,0,0,0,0,0,0,0,0,0,0,0,,,,0,0,0,0,0,0,0,,0,0,0,0,0,0,0,,0,0,0,0,0,0,0,0,0,0,0.0,0.0,stats_player_week_2005.parquet,3925,5646a8f2c0f4081f4e0675e5922d7548d9e8ed12717d9ab34e951d98d6ab57a3,scored,0.0,0.0,verified_zero,False,False,False,True,True
,,,,,,2005,5,REG,2005_05_NE_ATL,ATL,NE,0,0,0,0,0,0,0,0,0,0,0,0,,,0,,0,0,0,0,0,0,0,0,0,0,,0,0,0,0,0,0,0,0,0,0,0,0,0,0,,0,0,0,0,0,,,,,0,0,0,0,0,0,0,0.0,0.0,0,0,0,0,0,0,0,0,0,0,0,0,0,0,0,0,0,0,5,29,0,0,0,0,0,0,0,0,0,0,0,0,0,,,0,0,0,0,0,0,0,0,0,0,0,0,,,,0,0,0,0,0,0,0,,0,0,0,0,0,0,0,,0,0,0,0,0,0,0,0,0,0,0.0,0.0,stats_player_week_2005.parquet,4855,5646a8f2c0f4081f4e0675e5922d7548d9e8ed12717d9ab34e951d98d6ab57a3,scored,0.0,0.0,verified_zero,False,False,False,True,True
,,,,,,2005,6,REG,2005_06_CLE_BAL,BAL,CLE,0,0,0,0,0,0,0,0,0,0,0,0,,,0,,0,0,0,0,0,0,0,0,0,0,,0,0,0,0,0,0,0,0,0,0,0,0,0,0,,0,0,0,0,0,,,,,0,0,0,0,0,0,0,0.0,0.0,0,0,0,0,0,0,0,0,0,2,0,0,0,0,0,0,0,0,13,84,0,0,0,0,0,0,0,0,0,0,0,0,0,,,0,0,0,0,0,0,0,0,0,0,0,0,,,,0,0,0,0,0,0,0,,0,0,0,0,0,0,0,,0,0,0,0,0,0,0,0,0,0,0.0,0.0,stats_player_week_2005.parquet,5774,5646a8f2c0f4081f4e0675e5922d7548d9e8ed12717d9ab34e951d98d6ab57a3,scored,0.0,0.0,verified_zero,False,False,False,True,True
,Team,,,,,2005,7,REG,2005_07_KC_MIA,KC,MIA,0,0,0,0,0,0,0,0,0,0,0,0,,,0,,0,0,0,0,0,0,0,0,0,0,,0,0,0,0,0,0,0,0,0,0,0,0,0,0,,0,0,0,0,0,,,,,0,3,0,0,0,0,1,1.0,8.0,0,0,0,0,0,0,0,0,0,0,0,0,0,0,0,0,0,0,14,67,0,0,0,0,0,0,0,0,0,0,0,0,0,,,0,0,0,0,0,0,0,0,0,0,0,0,,,,0,0,0,0,0,0,0,,0,0,0,0,0,0,0,,0,0,0,0,0,0,0,0,0,0,0.0,0.0,stats_player_week_2005.parquet,6675,5646a8f2c0f4081f4e0675e5922d7548d9e8ed12717d9ab34e951d98d6ab57a3,st_split_unknown,0.0,,unknown,True,False,False,True,True
,,,,,,2005,8,REG,2005_08_MIN_CAR,CAR,MIN,0,0,0,0,0,0,0,0,0,0,0,0,,,0,,0,0,0,0,0,0,0,0,0,0,,0,0,0,0,0,0,0,0,0,0,0,0,0,0,,0,0,0,0,0,,,,,0,0,0,0,0,0,0,0.0,0.0,0,0,0,0,0,0,0,0,0,0,0,0,0,0,0,0,0,0,10,54,0,0,0,0,0,0,0,0,0,0,0,0,0,,,0,0,0,0,0,0,0,0,0,0,0,0,,,,0,0,0,0,0,0,0,,0,0,0,0,0,0,0,,0,0,0,0,0,0,0,0,0,0,0.0,0.0,stats_player_week_2005.parquet,7588,5646a8f2c0f4081f4e0675e5922d7548d9e8ed12717d9ab34e951d98d6ab57a3,scored,0.0,0.0,verified_zero,False,False,False,True,True
,Team,,,,,2005,9,REG,2005_09_CIN_BAL,BAL,CIN,0,0,0,0,0,0,0,0,0,0,0,0,,,0,,0,0,0,0,0,0,0,0,0,0,,0,0,0,0,0,0,0,0,0,0,0,0,0,0,,0,0,0,0,0,,,,,0,1,0,0,0,0,0,0.0,0.0,0,0,0,0,0,0,0,0,0,0,0,0,0,0,0,0,0,0,13,79,0,0,0,0,0,0,0,0,0,0,0,0,0,,,0,0,0,0,0,0,0,0,0,0,0,0,,,,0,0,0,0,0,0,0,,0,0,0,0,0,0,0,,0,0,0,0,0,0,0,0,0,0,0.0,0.0,stats_player_week_2005.parquet,8479,5646a8f2c0f4081f4e0675e5922d7548d9e8ed12717d9ab34e951d98d6ab57a3,scored,0.0,0.0,verified_zero,False,False,False,True,True
,,,,,,2005,10,REG,2005_10_KC_BUF,KC,BUF,0,0,0,0,0,0,0,0,0,0,0,0,,,0,,0,0,0,0,0,0,0,0,0,0,,0,0,0,0,0,0,0,0,0,0,0,0,0,0,,0,0,0,0,0,,,,,0,1,0,0,0,0,0,0.0,0.0,0,0,0,0,0,0,0,0,0,0,0,0,0,0,0,0,0,0,13,76,0,0,0,0,0,0,0,0,0,0,0,0,0,,,0,0,0,0,0,0,0,0,0,0,0,0,,,,0,0,0,0,0,0,0,,0,0,0,0,0,0,0,,0,0,0,0,0,0,0,0,0,0,0.0,0.0,stats_player_week_2005.parquet,9367,5646a8f2c0f4081f4e0675e5922d7548d9e8ed12717d9ab34e951d98d6ab57a3,scored,0.0,0.0,verified_zero,False,False,False,True,True
,Team,,,,,2005,11,REG,2005_11_TB_ATL,TB,ATL,0,0,0,0,0,0,0,0,0,0,0,0,,,0,,0,0,0,0,0,0,0,0,0,0,,0,0,0,0,0,0,0,0,0,0,0,0,0,0,,0,0,0,0,0,,,,,0,1,0,0,0,0,0,0.0,0.0,0,0,0,0,0,0,0,0,0,0,0,0,0,1,0,0,0,0,19,105,0,0,0,0,0,0,0,0,0,0,0,0,0,,,0,0,0,0,0,0,0,0,0,0,0,0,,,,0,0,0,0,0,0,0,,0,0,0,0,0,0,0,,0,0,0,0,0,0,0,0,0,0,0.0,0.0,stats_player_week_2005.parquet,10408,5646a8f2c0f4081f4e0675e5922d7548d9e8ed12717d9ab34e951d98d6ab57a3,st_split_unknown,0.0,,unknown,True,False,False,True,True
,Team,,,,,2005,12,REG,2005_12_ATL_DET,ATL,DET,0,0,0,0,0,0,0,0,0,0,0,0,,,0,,0,0,0,0,0,0,0,0,0,0,,0,0,0,0,0,0,0,0,0,0,0,0,0,0,,0,0,0,0,0,,,,,0,1,0,0,0,0,0,0.0,0.0,0,0,0,0,0,0,0,0,0,0,0,0,0,0,0,0,0,0,12,79,0,0,0,0,0,0,0,0,0,0,0,0,0,,,0,0,0,0,0,0,0,0,0,0,0,0,,,,0,0,0,0,0,0,0,,0,0,0,0,0,0,0,,0,0,0,0,0,0,0,0,0,0,0.0,0.0,stats_player_week_2005.parquet,11442,5646a8f2c0f4081f4e0675e5922d7548d9e8ed12717d9ab34e951d98d6ab57a3,scored,0.0,0.0,verified_zero,False,False,False,True,True
,,,,,,2005,13,REG,2005_13_HOU_BAL,BAL,HOU,0,0,0,0,0,0,0,0,0,0,0,0,,,0,,0,0,0,0,0,0,0,0,0,0,,0,0,0,0,0,0,0,0,0,0,0,0,0,0,,0,0,0,0,0,,,,,0,0,0,0,0,0,0,0.0,0.0,0,0,0,0,0,0,1,0,0,0,0,0,0,0,0,0,0,0,10,58,0,0,0,0,0,0,0,0,0,0,0,0,0,,,0,0,0,0,0,0,0,0,0,0,0,0,,,,0,0,0,0,0,0,0,,0,0,0,0,0,0,0,,0,0,0,0,0,0,0,0,0,0,0.0,0.0,stats_player_week_2005.parquet,12467,5646a8f2c0f4081f4e0675e5922d7548d9e8ed12717d9ab34e951d98d6ab57a3,scored,0.0,0.0,verified_zero,False,False,False,True,True
,Team,,,,,2005,14,REG,2005_14_NE_BUF,NE,BUF,0,0,0,0,0,0,0,0,0,0,0,0,,,0,,0,0,0,0,0,0,0,0,0,0,,0,0,0,0,0,0,0,0,0,0,0,0,0,0,,0,0,0,0,0,,,,,0,1,0,0,0,0,0,0.0,0.0,0,0,0,0,0,0,0,0,0,0,0,0,0,0,0,0,0,0,13,100,0,0,0,0,0,0,0,0,0,0,0,0,0,,,0,0,0,0,0,0,0,0,0,0,0,0,,,,0,0,0,0,0,0,0,,0,0,0,0,0,0,0,,0,0,0,0,0,0,0,0,0,0,0.0,0.0,stats_player_week_2005.parquet,13494,5646a8f2c0f4081f4e0675e5922d7548d9e8ed12717d9ab34e951d98d6ab57a3,scored,0.0,0.0,verified_zero,False,False,False,True,True
,Team,,,,,2005,15,REG,2005_15_TB_NE,NE,TB,0,0,0,0,0,0,0,0,0,0,0,0,,,0,,0,0,0,0,0,0,0,0,0,0,,0,0,0,0,0,0,0,0,0,0,0,0,0,0,,0,0,0,0,0,,,,,0,3,0,0,0,0,0,0.0,0.0,0,0,0,0,0,0,0,0,0,0,0,0,0,0,0,0,0,0,8,55,0,0,0,0,0,0,0,0,0,0,0,0,0,,,0,0,0,0,0,0,0,0,0,0,0,0,,,,0,0,0,0,0,0,0,,0,0,0,0,0,0,0,,0,0,0,0,0,0,0,0,0,0,0.0,0.0,stats_player_week_2005.parquet,14552,5646a8f2c0f4081f4e0675e5922d7548d9e8ed12717d9ab34e951d98d6ab57a3,scored,0.0,0.0,verified_zero,False,False,False,True,True
,Team,,,,,2005,16,REG,2005_16_DAL_CAR,CAR,DAL,0,0,0,0,0,0,0,0,0,0,0,0,,,0,,0,0,0,0,0,0,0,0,0,0,,0,0,0,0,0,0,0,0,0,0,0,0,0,0,,0,0,0,0,0,,,,,0,1,0,0,0,0,0,1.0,4.0,0,0,0,0,0,0,0,0,0,0,0,0,0,0,0,0,0,0,10,55,0,0,0,0,0,0,0,0,0,0,0,0,0,,,0,0,0,0,0,0,0,0,0,0,0,0,,,,0,0,0,0,0,0,0,,0,0,0,0,0,0,0,,0,0,0,0,0,0,0,0,0,0,0.0,0.0,stats_player_week_2005.parquet,15584,5646a8f2c0f4081f4e0675e5922d7548d9e8ed12717d9ab34e951d98d6ab57a3,scored,0.0,0.0,verified_zero,False,False,False,True,True
,,,,,,2005,17,REG,2005_17_DEN_SD,DEN,LAC,0,0,0,0,0,0,0,0,0,0,0,0,,,0,,0,0,0,0,0,0,0,0,0,0,,0,0,0,0,0,0,0,0,0,0,0,0,0,0,,0,0,0,0,0,,,,,0,0,0,0,0,0,0,0.0,0.0,0,0,0,0,0,0,1,0,0,0,0,0,0,0,0,0,0,0,6,29,0,0,0,0,0,0,0,0,0,0,0,0,0,,,0,0,0,0,0,0,0,0,0,0,0,0,,,,0,0,0,0,0,0,0,,0,0,0,0,0,0,0,,0,0,0,0,0,0,0,0,0,0,0.0,0.0,stats_player_week_2005.parquet,16650,5646a8f2c0f4081f4e0675e5922d7548d9e8ed12717d9ab34e951d98d6ab57a3,scored,0.0,0.0,verified_zero,False,False,False,True,False
,Team,,,,,2005,18,POST,2005_18_WAS_TB,TB,WAS,0,0,0,0,0,0,0,0,0,0,0,0,,,0,,0,0,0,0,0,0,0,0,0,0,,0,0,0,0,0,0,0,0,0,0,0,0,0,0,,0,0,0,0,0,,,,,0,1,0,0,0,0,0,0.0,0.0,0,0,0,0,0,0,0,0,0,0,0,0,0,0,0,0,0,0,2,10,0,0,0,0,0,0,0,0,0,0,0,0,0,,,0,0,0,0,0,0,0,0,0,0,0,0,,,,0,0,0,0,0,0,0,,0,0,0,0,0,0,0,,0,0,0,0,0,0,0,0,0,0,0.0,0.0,stats_player_week_2005.parquet,16900,5646a8f2c0f4081f4e0675e5922d7548d9e8ed12717d9ab34e951d98d6ab57a3,scored,0.0,0.0,verified_zero,False,False,False,False,False
,,,,,,2005,19,POST,2005_19_WAS_SEA,SEA,WAS,0,0,0,0,0,0,0,0,0,0,0,0,,,0,,0,0,0,0,0,0,0,0,0,0,,0,0,0,0,0,0,0,0,0,0,0,0,0,0,,0,0,0,0,0,,,,,0,0,0,0,0,0,0,0.0,0.0,0,0,0,0,0,0,0,0,0,0,0,0,0,0,0,0,0,0,2,9,0,0,0,0,0,0,0,0,0,0,0,0,0,,,0,0,0,0,0,0,0,0,0,0,0,0,,,,0,0,0,0,0,0,0,,0,0,0,0,0,0,0,,0,0,0,0,0,0,0,0,0,0,0.0,0.0,stats_player_week_2005.parquet,17159,5646a8f2c0f4081f4e0675e5922d7548d9e8ed12717d9ab34e951d98d6ab57a3,scored,0.0,0.0,verified_zero,False,False,False,False,False
,,,,,,2005,20,POST,2005_20_PIT_DEN,DEN,PIT,0,0,0,0,0,0,0,0,0,0,0,0,,,0,,0,0,0,0,0,0,0,0,0,0,,0,0,0,0,0,0,0,0,0,0,0,0,0,0,,0,0,0,0,0,,,,,0,0,0,0,0,0,0,0.0,0.0,0,0,0,0,0,0,0,0,0,0,0,0,0,0,0,0,0,0,0,0,0,0,0,0,0,0,0,0,0,0,0,0,0,,,0,0,0,0,0,0,0,0,0,0,0,0,,,,0,0,0,0,0,0,0,,0,0,0,0,0,0,0,,0,0,0,0,0,0,0,0,0,0,0.0,0.0,stats_player_week_2005.parquet,17292,5646a8f2c0f4081f4e0675e5922d7548d9e8ed12717d9ab34e951d98d6ab57a3,scored,0.0,0.0,verified_zero,False,False,False,False,False
,,,,,,2005,21,POST,2005_21_SEA_PIT,SEA,PIT,0,0,0,0,0,0,0,0,0,0,0,0,,,0,,0,0,0,0,0,0,0,0,0,0,,0,0,0,0,0,0,0,0,0,0,0,0,0,0,,0,0,0,0,0,,,,,0,0,0,0,0,0,0,0.0,0.0,0,0,0,0,0,0,0,0,0,0,0,0,0,0,0,0,0,0,0,0,0,0,0,0,0,0,0,0,0,0,0,0,0,,,0,0,0,0,0,0,0,0,0,0,0,0,,,,0,0,0,0,0,0,0,,0,0,0,0,0,0,0,,0,0,0,0,0,0,0,0,0,0,0.0,0.0,stats_player_week_2005.parquet,17354,5646a8f2c0f4081f4e0675e5922d7548d9e8ed12717d9ab34e951d98d6ab57a3,scored,0.0,0.0,verified_zero,False,False,False,False,False
,,,,,,2006,1,REG,2006_01_MIA_PIT,MIA,PIT,0,0,0,0,0,0,0,0,0,0,0,0,,,0,,0,0,0,0,0,0,0,0,0,0,,0,0,0,0,0,0,0,0,0,0,0,0,0,0,,0,0,0,0,0,,,0.0,,0,0,0,0,0,0,0,0.0,0.0,0,0,0,0,0,0,0,0,0,0,0,0,0,0,0,0,0,0,10,66,0,0,0,0,0,0,0,0,0,0,0,0,0,,,0,0,0,0,0,0,0,0,0,0,0,0,,,,0,0,0,0,0,0,0,,0,0,0,0,0,0,0,,0,0,0,0,0,0,0,0,0,0,0.0,0.0,stats_player_week_2006.parquet,1000,587b99fc241871c914e65373e27e3c6f53599f473f717b8c3969f2bcc9b8796d,scored,0.0,0.0,verified_zero,False,False,False,True,True
,Team,,,,,2006,2,REG,2006_02_TB_ATL,ATL,TB,0,0,0,0,0,0,0,0,0,0,0,0,,,0,,0,0,0,0,0,0,0,0,0,0,,0,0,0,0,0,0,0,0,0,0,0,0,0,0,,0,0,0,0,0,,,0.0,,0,2,0,0,0,0,0,1.0,9.0,0,0,0,0,0,0,0,0,0,0,0,0,0,0,0,0,0,0,6,43,0,0,0,0,0,0,0,0,0,0,0,0,0,,,0,0,0,0,0,0,0,0,0,0,0,0,,,,0,0,0,0,0,0,0,,0,0,0,0,0,0,0,,0,0,0,0,0,0,0,0,0,0,0.0,0.0,stats_player_week_2006.parquet,2050,587b99fc241871c914e65373e27e3c6f53599f473f717b8c3969f2bcc9b8796d,scored,0.0,0.0,verified_zero,False,False,False,True,True
,,,,,,2006,3,REG,2006_03_NYJ_BUF,BUF,NYJ,0,0,0,0,0,0,0,0,0,0,0,0,,,0,,0,0,0,0,0,0,0,0,0,0,,0,0,0,0,0,0,0,0,0,0,0,0,0,0,,0,0,0,0,0,,,0.0,,0,0,0,0,0,0,0,0.0,0.0,0,0,0,0,0,0,0,0,0,0,0,0,0,0,0,0,0,0,5,25,0,0,0,0,0,0,0,0,0,0,0,0,0,,,0,0,0,0,0,0,0,0,0,0,0,0,,,,0,0,0,0,0,0,0,,0,0,0,0,0,0,0,,0,0,0,0,0,0,0,0,0,0,0.0,0.0,stats_player_week_2006.parquet,2952,587b99fc241871c914e65373e27e3c6f53599f473f717b8c3969f2bcc9b8796d,scored,0.0,0.0,verified_zero,False,False,False,True,True
,S.Gregory,,,,,2006,4,REG,2006_04_ARI_ATL,ARI,ATL,0,0,0,0,0,0,0,0,0,0,0,0,,,0,,0,0,0,0,0,0,0,0,0,0,,0,0,0,0,0,0,0,0,0,0,0,0,0,0,,0,0,0,0,0,,,0.0,,0,0,0,0,0,0,0,0.0,0.0,0,0,0,1,0,0,0,0,0,0,0,0,0,0,0,0,0,0,15,105,0,0,0,0,0,0,0,0,0,0,0,0,0,,,0,0,0,0,0,0,0,0,0,0,0,0,,,,0,0,0,0,0,0,0,,0,0,0,0,0,0,0,,0,0,0,0,0,0,0,0,0,0,0.0,0.0,stats_player_week_2006.parquet,3863,587b99fc241871c914e65373e27e3c6f53599f473f717b8c3969f2bcc9b8796d,scored,0.0,0.0,verified_zero,False,False,False,True,True
,Team,,,,,2006,5,REG,2006_05_CLE_CAR,CAR,CLE,0,0,0,0,0,0,0,0,0,0,0,0,,,0,,0,0,0,0,0,0,0,0,0,0,,0,0,0,0,0,0,0,0,0,0,0,0,0,0,,0,0,0,0,0,,,0.0,,0,1,0,0,0,0,0,1.0,0.0,1,0,0,0,0,0,0,0,0,0,0,0,0,0,0,0,0,0,6,29,0,0,0,0,0,0,0,0,0,0,0,0,0,,,0,0,0,0,0,0,0,0,0,0,0,0,,,,0,0,0,0,0,0,0,,0,0,0,0,0,0,0,,0,0,0,0,0,0,0,0,0,0,0.0,0.0,stats_player_week_2006.parquet,4767,587b99fc241871c914e65373e27e3c6f53599f473f717b8c3969f2bcc9b8796d,scored,0.0,0.0,verified_zero,False,False,False,True,True
,,,,,,2006,6,REG,2006_06_NYG_ATL,ATL,NYG,0,0,0,0,0,0,0,0,0,0,0,0,,,0,,0,0,0,0,0,0,0,0,0,0,,0,0,0,0,0,0,0,0,0,0,0,0,0,0,,0,0,0,0,0,,,0.0,,0,0,0,0,0,0,0,0.0,0.0,0,0,0,0,0,0,2,0,0,0,0,0,0,0,0,0,0,0,14,110,0,0,0,0,0,0,0,0,0,0,0,0,0,,,0,0,0,0,0,0,0,0,0,0,0,0,,,,0,0,0,0,0,0,0,,0,0,0,0,0,0,0,,0,0,0,0,0,0,0,0,0,0,0.0,0.0,stats_player_week_2006.parquet,5619,587b99fc241871c914e65373e27e3c6f53599f473f717b8c3969f2bcc9b8796d,scored,0.0,0.0,verified_zero,False,False,False,True,True
,,,,,,2006,7,REG,2006_07_PIT_ATL,ATL,PIT,0,0,0,0,0,0,0,0,0,0,0,0,,,0,,0,0,0,0,0,0,0,0,0,0,,0,0,0,0,0,0,0,0,0,0,0,0,0,0,,0,0,0,0,0,,,0.0,,0,0,0,0,0,0,0,0.0,0.0,0,0,0,0,0,0,0,0,0,0,0,0,0,0,0,0,0,0,11,72,0,0,0,0,0,0,0,0,0,0,0,0,0,,,0,0,0,0,0,0,0,0,0,0,0,0,,,,0,0,0,0,0,0,0,,0,0,0,0,0,0,0,,0,0,0,0,0,0,0,0,0,0,0.0,0.0,stats_player_week_2006.parquet,6452,587b99fc241871c914e65373e27e3c6f53599f473f717b8c3969f2bcc9b8796d,scored,0.0,0.0,verified_zero,False,False,False,True,True
,Team,,,,,2006,8,REG,2006_08_SF_CHI,CHI,SF,0,0,0,0,0,0,0,0,0,0,0,0,,,0,,0,0,0,0,0,0,0,0,0,0,,0,0,0,0,0,0,0,0,0,0,0,0,0,0,,0,0,0,0,0,,,0.0,,0,1,0,0,0,0,0,0.0,0.0,0,0,0,0,0,0,0,0,0,0,0,0,0,0,0,0,0,0,10,51,0,0,0,0,0,0,0,0,0,0,0,0,0,,,0,0,0,0,0,0,0,0,0,0,0,0,,,,0,0,0,0,0,0,0,,0,0,0,0,0,0,0,,0,0,0,0,0,0,0,0,0,0,0.0,0.0,stats_player_week_2006.parquet,7349,587b99fc241871c914e65373e27e3c6f53599f473f717b8c3969f2bcc9b8796d,scored,0.0,0.0,verified_zero,False,False,False,True,True
,,,,,,2006,9,REG,2006_09_CIN_BAL,BAL,CIN,0,0,0,0,0,0,0,0,0,0,0,0,,,0,,0,0,0,0,0,0,0,0,0,0,,0,0,0,0,0,0,0,0,0,0,0,0,0,0,,0,0,0,0,0,,,0.0,,0,0,0,0,0,0,0,0.0,0.0,0,0,0,0,0,0,0,0,0,0,0,0,0,0,0,0,0,0,11,95,0,0,0,0,0,0,0,0,0,0,0,0,0,,,0,0,0,0,0,0,0,0,0,0,0,0,,,,0,0,0,0,0,0,0,,0,0,0,0,0,0,0,,0,0,0,0,0,0,0,0,0,0,0.0,0.0,stats_player_week_2006.parquet,8255,587b99fc241871c914e65373e27e3c6f53599f473f717b8c3969f2bcc9b8796d,scored,0.0,0.0,verified_zero,False,False,False,True,True
,Team,,,,,2006,10,REG,2006_10_CLE_ATL,ATL,CLE,0,0,0,0,0,0,0,0,0,0,0,0,,,0,,0,0,0,0,0,0,0,0,0,0,,0,0,0,0,0,0,0,0,0,0,0,0,0,0,,0,0,0,0,0,,,0.0,,0,3,0,0,0,0,0,0.0,0.0,0,0,0,0,0,0,0,0,0,0,0,0,0,1,0,0,0,0,8,59,0,0,0,0,0,0,0,0,0,0,0,0,0,,,0,0,0,0,0,0,0,0,0,0,0,0,,,,0,0,0,0,0,0,0,,0,0,0,0,0,0,0,,0,0,0,0,0,0,0,0,0,0,0.0,0.0,stats_player_week_2006.parquet,9273,587b99fc241871c914e65373e27e3c6f53599f473f717b8c3969f2bcc9b8796d,st_split_unknown,0.0,,unknown,True,False,False,True,True
,,,,,,2006,11,REG,2006_11_ATL_BAL,ATL,BAL,0,0,0,0,0,0,0,0,0,0,0,0,,,0,,0,0,0,0,0,0,0,0,0,0,,0,0,0,0,0,0,0,0,0,0,0,0,0,0,,0,0,0,0,0,,,0.0,,0,0,0,0,0,0,0,0.0,0.0,0,0,0,0,0,0,0,0,0,0,0,0,0,0,0,0,0,0,9,60,0,0,0,0,0,0,0,0,0,0,0,0,0,,,0,0,0,0,0,0,0,0,0,0,0,0,,,,0,0,0,0,0,0,0,,0,0,0,0,0,0,0,,0,0,0,0,0,0,0,0,0,0,0.0,0.0,stats_player_week_2006.parquet,10282,587b99fc241871c914e65373e27e3c6f53599f473f717b8c3969f2bcc9b8796d,scored,0.0,0.0,verified_zero,False,False,False,True,True
,Team,,,,,2006,12,REG,2006_12_MIA_DET,DET,MIA,0,0,0,0,0,0,0,0,0,0,0,0,,,0,,0,0,0,0,0,0,0,0,0,0,,0,0,0,0,0,0,0,0,0,0,0,0,0,0,,0,0,0,0,0,,,0.0,,0,1,0,0,0,0,0,0.0,0.0,0,0,0,0,0,0,0,0,0,0,0,0,0,0,0,0,0,0,9,60,0,0,0,0,0,0,0,0,0,0,0,0,0,,,0,0,0,0,0,0,0,0,0,0,0,0,,,,0,0,0,0,0,0,0,,0,0,0,0,0,0,0,,0,0,0,0,0,0,0,0,0,0,0.0,0.0,stats_player_week_2006.parquet,11303,587b99fc241871c914e65373e27e3c6f53599f473f717b8c3969f2bcc9b8796d,scored,0.0,0.0,verified_zero,False,False,False,True,True
,Team,,,,,2006,13,REG,2006_13_BAL_CIN,CIN,BAL,0,0,0,0,0,0,0,0,0,0,0,0,,,0,,0,0,0,0,0,0,0,0,0,0,,0,0,0,0,0,0,0,0,0,0,0,0,0,0,,0,0,0,0,0,,,0.0,,0,1,0,0,0,0,0,0.0,0.0,0,0,0,0,0,0,0,0,0,0,0,0,0,0,0,0,0,0,6,30,0,0,0,0,0,0,0,0,0,0,0,0,0,,,0,0,0,0,0,0,0,0,0,0,0,0,,,,0,0,0,0,0,0,0,,0,0,0,0,0,0,0,,0,0,0,0,0,0,0,0,0,0,0.0,0.0,stats_player_week_2006.parquet,12343,587b99fc241871c914e65373e27e3c6f53599f473f717b8c3969f2bcc9b8796d,scored,0.0,0.0,verified_zero,False,False,False,True,True
,Team,,,,,2006,14,REG,2006_14_CLE_PIT,PIT,CLE,0,0,0,0,0,0,0,0,0,0,0,0,,,0,,0,0,0,0,0,0,0,0,0,0,,0,0,0,0,0,0,0,0,0,0,0,0,0,0,,0,0,0,0,0,,,0.0,,0,1,0,0,0,0,1,1.0,0.0,0,0,0,0,0,0,0,0,0,0,0,0,0,0,0,0,0,0,9,55,0,0,0,0,0,0,0,0,0,0,0,0,0,,,0,0,0,0,0,0,0,0,0,0,0,0,,,,0,0,0,0,0,0,0,,0,0,0,0,0,0,0,,0,0,0,0,0,0,0,0,0,0,0.0,0.0,stats_player_week_2006.parquet,13376,587b99fc241871c914e65373e27e3c6f53599f473f717b8c3969f2bcc9b8796d,st_split_unknown,0.0,,unknown,True,False,False,True,True
,,,,,,2006,15,REG,2006_15_SF_SEA,SF,SEA,0,0,0,0,0,0,0,0,0,0,0,0,,,0,,0,0,0,0,0,0,0,0,0,0,,0,0,0,0,0,0,0,0,0,0,0,0,0,0,,0,0,0,0,0,,,0.0,,0,0,0,0,0,0,0,0.0,0.0,0,0,0,0,0,0,0,0,0,0,0,0,0,0,0,0,0,0,6,35,0,0,0,0,0,0,0,0,0,0,0,0,0,,,0,0,0,0,0,0,0,0,0,0,0,0,,,,0,0,0,0,0,0,0,,0,0,0,0,0,0,0,,0,0,0,0,0,0,0,0,0,0,0.0,0.0,stats_player_week_2006.parquet,14426,587b99fc241871c914e65373e27e3c6f53599f473f717b8c3969f2bcc9b8796d,scored,0.0,0.0,verified_zero,False,False,False,True,True
,,,,,,2006,16,REG,2006_16_MIN_GB,MIN,GB,0,0,0,0,0,0,0,0,0,0,0,0,,,0,,0,0,0,0,0,0,0,0,0,0,,0,0,0,0,0,0,0,0,0,0,0,0,0,0,,0,0,0,0,0,,,0.0,,0,0,0,0,0,0,0,0.0,0.0,1,0,0,0,0,0,0,0,0,0,0,0,0,0,0,0,0,0,7,35,0,0,0,0,0,0,0,0,0,0,0,0,0,,,0,0,0,0,0,0,0,0,0,0,0,0,,,,0,0,0,0,0,0,0,,0,0,0,0,0,0,0,,0,0,0,0,0,0,0,0,0,0,0.0,0.0,stats_player_week_2006.parquet,15451,587b99fc241871c914e65373e27e3c6f53599f473f717b8c3969f2bcc9b8796d,scored,0.0,0.0,verified_zero,False,False,False,True,True
,Team,,,,,2006,17,REG,2006_17_NYG_WAS,WAS,NYG,0,0,0,0,0,0,0,0,0,0,0,0,,,0,,0,0,0,0,0,0,0,0,0,0,,0,0,0,0,0,0,0,0,0,0,0,0,0,0,,0,0,0,0,0,,,0.0,,0,3,0,0,0,0,0,0.0,0.0,0,0,0,0,0,0,0,0,0,0,0,0,0,1,0,0,0,0,10,57,0,0,0,0,0,0,0,0,0,0,0,0,0,,,0,0,0,0,0,0,0,0,0,0,0,0,,,,0,0,0,0,0,0,0,,0,0,0,0,0,0,0,,0,0,0,0,0,0,0,0,0,0,0.0,0.0,stats_player_week_2006.parquet,16494,587b99fc241871c914e65373e27e3c6f53599f473f717b8c3969f2bcc9b8796d,st_split_unknown,0.0,,unknown,True,False,False,True,False
,,,,,,2006,18,POST,2006_18_KC_IND,KC,IND,0,0,0,0,0,0,0,0,0,0,0,0,,,0,,0,0,0,0,0,0,0,0,0,0,,0,0,0,0,0,0,0,0,0,0,0,0,0,0,,0,0,0,0,0,,,0.0,,0,0,0,0,0,0,0,0.0,0.0,0,0,0,0,0,0,1,0,0,0,0,0,0,0,0,0,0,0,1,5,0,0,0,0,0,0,0,0,0,0,0,0,0,,,0,0,0,0,0,0,0,0,0,0,0,0,,,,0,0,0,0,0,0,0,,0,0,0,0,0,0,0,,0,0,0,0,0,0,0,0,0,0,0.0,0.0,stats_player_week_2006.parquet,16750,587b99fc241871c914e65373e27e3c6f53599f473f717b8c3969f2bcc9b8796d,scored,0.0,0.0,verified_zero,False,False,False,False,False
,,,,,,2006,19,POST,2006_19_IND_BAL,BAL,IND,0,0,0,0,0,0,0,0,0,0,0,0,,,0,,0,0,0,0,0,0,0,0,0,0,,0,0,0,0,0,0,0,0,0,0,0,0,0,0,,0,0,0,0,0,,,0.0,,0,0,0,0,0,0,0,0.0,0.0,0,0,0,0,0,0,0,0,0,0,0,0,0,0,0,0,0,0,3,25,0,0,0,0,0,0,0,0,0,0,0,0,0,,,0,0,0,0,0,0,0,0,0,0,0,0,,,,0,0,0,0,0,0,0,,0,0,0,0,0,0,0,,0,0,0,0,0,0,0,0,0,0,0.0,0.0,stats_player_week_2006.parquet,17003,587b99fc241871c914e65373e27e3c6f53599f473f717b8c3969f2bcc9b8796d,scored,0.0,0.0,verified_zero,False,False,False,False,False
,Team,,,,,2006,20,POST,2006_20_NO_CHI,NO,CHI,0,0,0,0,0,0,0,0,0,0,0,0,,,0,,0,0,0,0,0,0,0,0,0,0,,0,0,0,0,0,0,0,0,0,0,0,0,0,0,,0,0,0,0,0,,,0.0,,0,1,0,0,0,0,0,0.0,0.0,0,0,0,0,0,0,1,0,0,0,0,0,0,0,0,0,0,0,0,0,0,0,0,0,0,0,0,0,0,0,0,0,0,,,0,0,0,0,0,0,0,0,0,0,0,0,,,,0,0,0,0,0,0,0,,0,0,0,0,0,0,0,,0,0,0,0,0,0,0,0,0,0,0.0,0.0,stats_player_week_2006.parquet,17143,587b99fc241871c914e65373e27e3c6f53599f473f717b8c3969f2bcc9b8796d,scored,0.0,0.0,verified_zero,False,False,False,False,False
,,,,,,2006,21,POST,2006_21_IND_CHI,IND,CHI,0,0,0,0,0,0,0,0,0,0,0,0,,,0,,0,0,0,0,0,0,0,0,0,0,,0,0,0,0,0,0,0,0,0,0,0,0,0,0,,0,0,0,0,0,,,0.0,,0,0,0,0,0,0,0,0.0,0.0,0,0,0,0,0,0,0,0,0,0,0,0,0,0,0,0,0,0,1,5,0,0,0,0,0,0,0,0,0,0,0,0,0,,,0,0,0,0,0,0,0,0,0,0,0,0,,,,0,0,0,0,0,0,0,,0,0,0,0,0,0,0,,0,0,0,0,0,0,0,0,0,0,0.0,0.0,stats_player_week_2006.parquet,17213,587b99fc241871c914e65373e27e3c6f53599f473f717b8c3969f2bcc9b8796d,scored,0.0,0.0,verified_zero,False,False,False,False,False
,Team,,,,,2007,1,REG,2007_01_NO_IND,IND,NO,0,0,0,0,0,0,0,0,0,0,0,0,,,0,,0,0,0,0,0,0,0,0,0,0,,0,0,0,0,0,0,0,0,0,0,0,0,0,0,,0,0,0,0,0,,,0.0,,0,1,0,0,0,0,0,0.0,0.0,0,0,0,0,0,0,0,0,0,0,0,0,0,0,0,0,0,0,11,56,0,0,0,0,0,0,0,0,0,0,0,0,0,,,0,0,0,0,0,0,0,0,0,0,0,0,,,,0,0,0,0,0,0,0,,0,0,0,0,0,0,0,,0,0,0,0,0,0,0,0,0,0,0.0,0.0,stats_player_week_2007.parquet,1041,3868cd0e9309949895d2298a615aecbd9cb64366a9a5e0982c121bb62b76b460,scored,0.0,0.0,verified_zero,False,False,False,True,True
,,,,,,2007,2,REG,2007_02_HOU_CAR,HOU,CAR,0,0,0,0,0,0,0,0,0,0,0,0,,,0,,0,0,0,0,0,0,0,0,0,0,,0,0,0,0,0,0,0,0,0,0,0,0,0,0,,0,0,0,0,0,,,0.0,,0,0,0,0,0,0,0,0.0,0.0,0,0,0,0,0,0,0,0,0,0,0,0,0,0,0,0,0,0,10,60,0,0,0,0,0,0,0,0,0,0,0,0,0,,,0,0,0,0,0,0,0,0,0,0,0,0,,,,0,0,0,0,0,0,0,,0,0,0,0,0,0,0,,0,0,0,0,0,0,0,0,0,0,0.0,0.0,stats_player_week_2007.parquet,2060,3868cd0e9309949895d2298a615aecbd9cb64366a9a5e0982c121bb62b76b460,scored,0.0,0.0,verified_zero,False,False,False,True,True
,Team,,,,,2007,3,REG,2007_03_ARI_BAL,BAL,ARI,0,0,0,0,0,0,0,0,0,0,0,0,,,0,,0,0,0,0,0,0,0,0,0,0,,0,0,0,0,0,0,0,0,0,0,0,0,0,0,,0,0,0,0,0,,,0.0,,0,5,0,0,0,0,0,1.0,4.0,1,0,0,0,0,0,0,0,0,0,0,0,0,0,0,0,0,0,11,54,0,0,0,0,0,0,0,0,0,0,0,0,0,,,0,0,0,0,0,0,0,0,0,0,0,0,,,,0,0,0,0,0,0,0,,0,0,0,0,0,0,0,,0,0,0,0,0,0,0,0,0,0,0.0,0.0,stats_player_week_2007.parquet,3060,3868cd0e9309949895d2298a615aecbd9cb64366a9a5e0982c121bb62b76b460,scored,0.0,0.0,verified_zero,False,False,False,True,True
,Team,,,,,2007,4,REG,2007_04_HOU_ATL,ATL,HOU,0,0,0,0,0,0,0,0,0,0,0,0,,,0,,0,0,0,0,0,0,0,0,0,0,,0,0,0,0,0,0,0,0,0,0,0,0,0,0,,0,0,0,0,0,,,0.0,,0,3,0,0,0,0,0,0.0,0.0,0,0,0,0,0,0,0,0,0,0,0,0,0,0,0,0,0,0,6,25,0,0,0,0,0,0,0,0,0,0,0,0,0,,,0,0,0,0,0,0,0,0,0,0,0,0,,,,0,0,0,0,0,0,0,,0,0,0,0,0,0,0,,0,0,0,0,0,0,0,0,0,0,0.0,0.0,stats_player_week_2007.parquet,3954,3868cd0e9309949895d2298a615aecbd9cb64366a9a5e0982c121bb62b76b460,scored,0.0,0.0,verified_zero,False,False,False,True,True
,,,,,,2007,5,REG,2007_05_MIA_HOU,HOU,MIA,0,0,0,0,0,0,0,0,0,0,0,0,,,0,,0,0,0,0,0,0,0,0,0,0,,0,0,0,0,0,0,0,0,0,0,0,0,0,0,,0,0,0,0,0,,,0.0,,0,0,0,0,0,0,0,0.0,0.0,0,0,0,0,0,0,0,0,0,0,0,0,0,1,0,0,0,0,8,45,0,0,0,0,0,0,0,0,0,0,0,0,0,,,0,0,0,0,0,0,0,0,0,0,0,0,,,,0,0,0,0,0,0,0,,0,0,0,0,0,0,0,,0,0,0,0,0,0,0,0,0,0,0.0,0.0,stats_player_week_2007.parquet,4860,3868cd0e9309949895d2298a615aecbd9cb64366a9a5e0982c121bb62b76b460,st_split_unknown,0.0,,unknown,True,False,False,True,True
,,,,,,2007,6,REG,2007_06_STL_BAL,BAL,LA,0,0,0,0,0,0,0,0,0,0,0,0,,,0,,0,0,0,0,0,0,0,0,0,0,,0,0,0,0,0,0,0,0,0,0,0,0,0,0,,0,0,0,0,0,,,0.0,,0,0,0,0,0,0,0,0.0,0.0,0,0,0,0,0,0,0,0,0,0,0,0,0,0,0,0,0,0,5,36,0,0,0,0,0,0,0,0,0,0,0,0,0,,,0,0,0,0,0,0,0,0,0,0,0,0,,,,0,0,0,0,0,0,0,,0,0,0,0,0,0,0,,0,0,0,0,0,0,0,0,0,0,0.0,0.0,stats_player_week_2007.parquet,5685,3868cd0e9309949895d2298a615aecbd9cb64366a9a5e0982c121bb62b76b460,scored,0.0,0.0,verified_zero,False,False,False,True,True
,Team,,,,,2007,7,REG,2007_07_BAL_BUF,BUF,BAL,0,0,0,0,0,0,0,0,0,0,0,0,,,0,,0,0,0,0,0,0,0,0,0,0,,0,0,0,0,0,0,0,0,0,0,0,0,0,0,,0,0,0,0,0,,,0.0,,0,6,0,0,0,0,0,0.0,0.0,0,0,0,0,0,0,0,0,0,0,0,0,0,0,0,0,0,0,13,68,0,0,0,0,0,0,0,0,0,0,0,0,0,,,0,0,0,0,0,0,0,0,0,0,0,0,,,,0,0,0,0,0,0,0,,0,0,0,0,0,0,0,,0,0,0,0,0,0,0,0,0,0,0.0,0.0,stats_player_week_2007.parquet,6585,3868cd0e9309949895d2298a615aecbd9cb64366a9a5e0982c121bb62b76b460,scored,0.0,0.0,verified_zero,False,False,False,True,True
,Team,,,,,2007,8,REG,2007_08_IND_CAR,CAR,IND,0,0,0,0,0,0,0,0,0,0,0,0,,,0,,0,0,0,0,0,0,0,0,0,0,,0,0,0,0,0,0,0,0,0,0,0,0,0,0,,0,0,0,0,0,,,0.0,,0,1,0,0,0,0,0,0.0,0.0,0,0,0,0,0,0,0,0,0,0,0,0,0,0,0,0,0,0,8,45,0,0,0,0,0,0,0,0,0,0,0,0,0,,,0,0,0,0,0,0,0,0,0,0,0,0,,,,0,0,0,0,0,0,0,,0,0,0,0,0,0,0,,0,0,0,0,0,0,0,0,0,0,0.0,0.0,stats_player_week_2007.parquet,7443,3868cd0e9309949895d2298a615aecbd9cb64366a9a5e0982c121bb62b76b460,scored,0.0,0.0,verified_zero,False,False,False,True,True
,Team,,,,,2007,9,REG,2007_09_SF_ATL,ATL,SF,0,0,0,0,0,0,0,0,0,0,0,0,,,0,,0,0,0,0,0,0,0,0,0,0,,0,0,0,0,0,0,0,0,0,0,0,0,0,0,,0,0,0,0,0,,,0.0,,0,2,0,0,0,0,0,0.0,0.0,0,0,0,0,0,0,0,0,0,0,0,0,0,0,0,0,0,0,16,80,0,0,0,0,0,0,0,0,0,0,0,0,0,,,0,0,0,0,0,0,0,0,0,0,0,0,,,,0,0,0,0,0,0,0,,0,0,0,0,0,0,0,,0,0,0,0,0,0,0,0,0,0,0.0,0.0,stats_player_week_2007.parquet,8359,3868cd0e9309949895d2298a615aecbd9cb64366a9a5e0982c121bb62b76b460,scored,0.0,0.0,verified_zero,False,False,False,True,True
,,,,,,2007,10,REG,2007_10_ATL_CAR,CAR,ATL,0,0,0,0,0,0,0,0,0,0,0,0,,,0,,0,0,0,0,0,0,0,0,0,0,,0,0,0,0,0,0,0,0,0,0,0,0,0,0,,0,0,0,0,0,,,0.0,,0,0,0,0,0,0,0,0.0,0.0,0,0,0,0,0,0,1,0,0,0,0,0,0,0,0,0,0,0,11,69,0,0,0,0,0,0,0,0,0,0,0,0,0,,,0,0,0,0,0,0,0,0,0,0,0,0,,,,0,0,0,0,0,0,0,,0,0,0,0,0,0,0,,0,0,0,0,0,0,0,0,0,0,0.0,0.0,stats_player_week_2007.parquet,9270,3868cd0e9309949895d2298a615aecbd9cb64366a9a5e0982c121bb62b76b460,scored,0.0,0.0,verified_zero,False,False,False,True,True
,,,,,,2007,11,REG,2007_11_TB_ATL,ATL,TB,0,0,0,0,0,0,0,0,0,0,0,0,,,0,,0,0,0,0,0,0,0,0,0,0,,0,0,0,0,0,0,0,0,0,0,0,0,0,0,,0,0,0,0,0,,,0.0,,0,0,0,0,0,0,0,0.0,0.0,0,0,0,0,0,0,1,0,0,0,0,0,0,0,0,0,0,0,5,44,0,0,0,0,0,0,0,0,0,0,0,0,0,,,0,0,0,0,0,0,0,0,0,0,0,0,,,,0,0,0,0,0,0,0,,0,0,0,0,0,0,0,,0,0,0,0,0,0,0,0,0,0,0.0,0.0,stats_player_week_2007.parquet,10320,3868cd0e9309949895d2298a615aecbd9cb64366a9a5e0982c121bb62b76b460,scored,0.0,0.0,verified_zero,False,False,False,True,True
,Team,,,,,2007,12,REG,2007_12_GB_DET,DET,GB,0,0,0,0,0,0,0,0,0,0,0,0,,,0,,0,0,0,0,0,0,0,0,0,0,,0,0,0,0,0,0,0,0,0,0,0,0,0,0,,0,0,0,0,0,,,0.0,,0,3,0,0,0,0,0,0.0,0.0,0,0,0,0,0,0,0,0,0,0,0,0,0,0,0,0,0,0,10,49,0,0,0,0,0,0,0,0,0,0,0,0,0,,,0,0,0,0,0,0,0,0,0,0,0,0,,,,0,0,0,0,0,0,0,,0,0,0,0,0,0,0,,0,0,0,0,0,0,0,0,0,0,0.0,0.0,stats_player_week_2007.parquet,11355,3868cd0e9309949895d2298a615aecbd9cb64366a9a5e0982c121bb62b76b460,scored,0.0,0.0,verified_zero,False,False,False,True,True
,Team,,,,,2007,13,REG,2007_13_GB_DAL,GB,DAL,0,0,0,0,0,0,0,0,0,0,0,0,,,0,,0,0,0,0,0,0,0,0,0,0,,0,0,0,0,0,0,0,0,0,0,0,0,0,0,,0,0,0,0,0,,,0.0,,0,6,0,0,0,0,1,1.0,6.0,0,0,0,0,0,0,0,0,0,0,0,0,0,0,0,0,0,0,8,49,0,0,0,0,0,0,0,0,0,0,0,0,0,,,0,0,0,0,0,0,0,0,0,0,0,0,,,,0,0,0,0,0,0,0,,0,0,0,0,0,0,0,,0,0,0,0,0,0,0,0,0,0,0.0,0.0,stats_player_week_2007.parquet,12398,3868cd0e9309949895d2298a615aecbd9cb64366a9a5e0982c121bb62b76b460,st_split_unknown,0.0,,unknown,True,False,False,True,True
,,,,,,2007,14,REG,2007_14_CHI_WAS,CHI,WAS,0,0,0,0,0,0,0,0,0,0,0,0,,,0,,0,0,0,0,0,0,0,0,0,0,,0,0,0,0,0,0,0,0,0,0,0,0,0,0,,0,0,0,0,0,,,0.0,,0,0,1,0,0,0,0,0.0,0.0,0,0,0,0,0,0,1,0,0,0,0,0,0,0,0,0,0,0,7,50,0,0,0,0,0,0,0,0,0,0,0,0,0,,,0,0,0,0,0,0,0,0,0,0,0,0,,,,0,0,0,0,0,0,0,,0,0,0,0,0,0,0,,0,0,0,0,0,0,0,0,0,0,0.0,0.0,stats_player_week_2007.parquet,13451,3868cd0e9309949895d2298a615aecbd9cb64366a9a5e0982c121bb62b76b460,scored,0.0,0.0,verified_zero,False,False,False,True,True
,Team,,,,,2007,15,REG,2007_15_DEN_HOU,HOU,DEN,0,0,0,0,0,0,0,0,0,0,0,0,,,0,,0,0,0,0,0,0,0,0,0,0,,0,0,0,0,0,0,0,0,0,0,0,0,0,0,,0,0,0,0,0,,,0.0,,0,6,0,0,0,0,0,0.0,0.0,0,0,0,0,0,0,1,0,0,0,0,0,0,0,0,0,0,0,19,139,0,0,0,0,0,0,0,0,0,0,0,0,0,,,0,0,0,0,0,0,0,0,0,0,0,0,,,,0,0,0,0,0,0,0,,0,0,0,0,0,0,0,,0,0,0,0,0,0,0,0,0,0,0.0,0.0,stats_player_week_2007.parquet,14463,3868cd0e9309949895d2298a615aecbd9cb64366a9a5e0982c121bb62b76b460,scored,0.0,0.0,verified_zero,False,False,False,True,True
,,,,,,2007,16,REG,2007_16_PIT_STL,LA,PIT,0,0,0,0,0,0,0,0,0,0,0,0,,,0,,0,0,0,0,0,0,0,0,0,0,,0,0,0,0,0,0,0,0,0,0,0,0,0,0,,0,0,0,0,0,,,0.0,,0,0,0,0,0,0,0,0.0,0.0,1,0,0,0,0,0,0,0,0,0,0,0,0,0,0,0,0,0,12,87,0,0,0,0,0,0,0,0,0,0,0,0,0,,,0,0,0,0,0,0,0,0,0,0,0,0,,,,0,0,0,0,0,0,0,,0,0,0,0,0,0,0,,0,0,0,0,0,0,0,0,0,0,0.0,0.0,stats_player_week_2007.parquet,15510,3868cd0e9309949895d2298a615aecbd9cb64366a9a5e0982c121bb62b76b460,scored,0.0,0.0,verified_zero,False,False,False,True,True
,Team,,,,,2007,17,REG,2007_17_NE_NYG,NYG,NE,0,0,0,0,0,0,0,0,0,0,0,0,,,0,,0,0,0,0,0,0,0,0,0,0,,0,0,0,0,0,0,0,0,0,0,0,0,0,0,,0,0,0,0,0,,,0.0,,0,5,0,0,0,0,0,0.0,0.0,0,0,0,0,0,0,2,0,0,0,0,0,0,0,0,0,0,0,10,66,0,0,0,0,0,0,0,0,0,0,0,0,0,,,0,0,0,0,0,0,0,0,0,0,0,0,,,,0,0,0,0,0,0,0,,0,0,0,0,0,0,0,,0,0,0,0,0,0,0,0,0,0,0.0,0.0,stats_player_week_2007.parquet,16552,3868cd0e9309949895d2298a615aecbd9cb64366a9a5e0982c121bb62b76b460,scored,0.0,0.0,verified_zero,False,False,False,True,False
,,,,,,2007,18,POST,2007_18_WAS_SEA,WAS,SEA,0,0,0,0,0,0,0,0,0,0,0,0,,,0,,0,0,0,0,0,0,0,0,0,0,,0,0,0,0,0,0,0,0,0,0,0,0,0,0,,0,0,0,0,0,,,0.0,,0,0,0,0,0,0,0,0.0,0.0,0,0,0,0,0,0,0,0,0,0,0,0,0,0,0,0,0,0,2,17,0,0,0,0,0,0,0,0,0,0,0,0,0,,,0,0,0,0,0,0,0,0,0,0,0,0,,,,0,0,0,0,0,0,0,,0,0,0,0,0,0,0,,0,0,0,0,0,0,0,0,0,0,0.0,0.0,stats_player_week_2007.parquet,16814,3868cd0e9309949895d2298a615aecbd9cb64366a9a5e0982c121bb62b76b460,scored,0.0,0.0,verified_zero,False,False,False,False,False
,,,,,,2007,19,POST,2007_19_SEA_GB,SEA,GB,0,0,0,0,0,0,0,0,0,0,0,0,,,0,,0,0,0,0,0,0,0,0,0,0,,0,0,0,0,0,0,0,0,0,0,0,0,0,0,,0,0,0,0,0,,,0.0,,0,0,0,0,0,0,0,0.0,0.0,0,0,0,0,0,0,0,0,0,0,0,0,0,0,0,0,0,0,3,15,0,0,0,0,0,0,0,0,0,0,0,0,0,,,0,0,0,0,0,0,0,0,0,0,0,0,,,,0,0,0,0,0,0,0,,0,0,0,0,0,0,0,,0,0,0,0,0,0,0,0,0,0,0.0,0.0,stats_player_week_2007.parquet,17068,3868cd0e9309949895d2298a615aecbd9cb64366a9a5e0982c121bb62b76b460,scored,0.0,0.0,verified_zero,False,False,False,False,False
,,,,,,2007,20,POST,2007_20_SD_NE,LAC,NE,0,0,0,0,0,0,0,0,0,0,0,0,,,0,,0,0,0,0,0,0,0,0,0,0,,0,0,0,0,0,0,0,0,0,0,0,0,0,0,,0,0,0,0,0,,,0.0,,0,0,0,0,0,0,0,0.0,0.0,0,0,0,0,0,0,0,0,0,0,0,0,0,0,0,0,0,0,0,0,0,0,0,0,0,0,0,0,0,0,0,0,0,,,0,0,0,0,0,0,0,0,0,0,0,0,,,,0,0,0,0,0,0,0,,0,0,0,0,0,0,0,,0,0,0,0,0,0,0,0,0,0,0.0,0.0,stats_player_week_2007.parquet,17197,3868cd0e9309949895d2298a615aecbd9cb64366a9a5e0982c121bb62b76b460,scored,0.0,0.0,verified_zero,False,False,False,False,False
,,,,,,2007,21,POST,2007_21_NYG_NE,NYG,NE,0,0,0,0,0,0,0,0,0,0,0,0,,,0,,0,0,0,0,0,0,0,0,0,0,,0,0,0,0,0,0,0,0,0,0,0,0,0,0,,0,0,0,0,0,,,0.0,,0,0,0,0,0,0,0,0.0,0.0,0,0,0,0,0,0,0,0,0,0,0,0,0,0,0,0,0,0,0,0,0,0,0,0,0,0,0,0,0,0,0,0,0,,,0,0,0,0,0,0,0,0,0,0,0,0,,,,0,0,0,0,0,0,0,,0,0,0,0,0,0,0,,0,0,0,0,0,0,0,0,0,0,0.0,0.0,stats_player_week_2007.parquet,17264,3868cd0e9309949895d2298a615aecbd9cb64366a9a5e0982c121bb62b76b460,scored,0.0,0.0,verified_zero,False,False,False,False,False
,Team,,,,,2008,1,REG,2008_01_WAS_NYG,NYG,WAS,0,0,0,0,0,0,0,0,0,0,0,0,,,0,,0,0,0,0,0,0,0,0,0,0,,0,0,0,0,0,0,0,0,0,0,0,0,0,0,,0,0,0,0,0,,,0.0,,0,5,0,0,0,0,0,0.0,0.0,0,0,0,0,0,0,0,0,0,0,0,0,0,0,0,0,0,0,11,65,0,0,0,0,0,0,0,0,0,0,0,0,0,,,0,0,0,0,0,0,0,0,0,0,0,0,,,,0,0,0,0,0,0,0,,0,0,0,0,0,0,0,,0,0,0,0,0,0,0,0,0,0,0.0,0.0,stats_player_week_2008.parquet,1041,ce409b1e815043c29ad3148b41aae683793c9c3b0d7eed69870f49008bf11898,scored,0.0,0.0,verified_zero,False,False,False,True,True
,Team,,,,,2008,2,REG,2008_02_CHI_CAR,CAR,CHI,0,0,0,0,0,0,0,0,0,0,0,0,,,0,,0,0,0,0,0,0,0,0,0,0,,0,0,0,0,0,0,0,0,0,0,0,0,0,0,,0,0,0,0,0,,,0.0,,0,6,0,0,0,0,1,1.0,9.0,0,0,0,0,0,0,1,0,0,0,0,0,0,0,0,0,0,0,19,110,0,0,0,0,0,0,0,0,0,0,0,0,0,,,0,0,0,0,0,0,0,0,0,0,0,0,,,,0,0,0,0,0,0,0,,0,0,0,0,0,0,0,,0,0,0,0,0,0,0,0,0,0,0.0,0.0,stats_player_week_2008.parquet,2002,ce409b1e815043c29ad3148b41aae683793c9c3b0d7eed69870f49008bf11898,st_split_unknown,0.0,,unknown,True,False,False,True,True
,Team,,,,,2008,3,REG,2008_03_KC_ATL,ATL,KC,0,0,0,0,0,0,0,0,0,0,0,0,,,0,,0,0,0,0,0,0,0,0,0,0,,0,0,0,0,0,0,0,0,0,0,0,0,0,0,,0,0,0,0,0,,,0.0,,0,3,0,0,0,0,0,0.0,0.0,1,0,0,0,0,0,1,0,0,0,0,0,0,0,0,0,0,0,8,44,0,0,0,0,0,0,0,0,0,0,0,0,0,,,0,0,0,0,0,0,0,0,0,0,0,0,,,,0,0,0,0,0,0,0,,0,0,0,0,0,0,0,,0,0,0,0,0,0,0,0,0,0,0.0,0.0,stats_player_week_2008.parquet,3056,ce409b1e815043c29ad3148b41aae683793c9c3b0d7eed69870f49008bf11898,scored,0.0,0.0,verified_zero,False,False,False,True,True
,Team,,,,,2008,4,REG,2008_04_ATL_CAR,ATL,CAR,0,0,0,0,0,0,0,0,0,0,0,0,,,0,,0,0,0,0,0,0,0,0,0,0,,0,0,0,0,0,0,0,0,0,0,0,0,0,0,,0,0,0,0,0,,,0.0,,0,5,0,0,0,0,0,0.0,0.0,0,0,0,0,0,0,0,0,0,0,0,0,0,0,0,0,0,0,10,88,0,0,0,0,0,0,0,0,0,0,0,0,0,,,0,0,0,0,0,0,0,0,0,0,0,0,,,,0,0,0,0,0,0,0,,0,0,0,0,0,0,0,,0,0,0,0,0,0,0,0,0,0,0.0,0.0,stats_player_week_2008.parquet,3897,ce409b1e815043c29ad3148b41aae683793c9c3b0d7eed69870f49008bf11898,scored,0.0,0.0,verified_zero,False,False,False,True,True
,,,,,,2008,5,REG,2008_05_TEN_BAL,TEN,BAL,0,0,0,0,0,0,0,0,0,0,0,0,,,0,,0,0,0,0,0,0,0,0,0,0,,0,0,0,0,0,0,0,0,0,0,0,0,0,0,,0,0,0,0,0,,,0.0,,0,0,0,0,0,0,0,0.0,0.0,0,0,0,0,0,0,0,0,0,0,0,0,0,0,0,0,0,0,7,38,0,0,0,0,0,0,0,0,0,0,0,0,0,,,0,0,0,0,0,0,0,0,0,0,0,0,,,,0,0,0,0,0,0,0,,0,0,0,0,0,0,0,,0,0,0,0,0,0,0,0,0,0,0.0,0.0,stats_player_week_2008.parquet,4779,ce409b1e815043c29ad3148b41aae683793c9c3b0d7eed69870f49008bf11898,scored,0.0,0.0,verified_zero,False,False,False,True,True
,,,,,,2008,6,REG,2008_06_CHI_ATL,ATL,CHI,0,0,0,0,0,0,0,0,0,0,0,0,,,0,,0,0,0,0,0,0,0,0,0,0,,0,0,0,0,0,0,0,0,0,0,0,0,0,0,,0,0,0,0,0,,,0.0,,0,0,0,0,0,0,0,0.0,0.0,0,0,0,0,0,0,0,0,0,0,0,0,0,0,0,0,0,0,8,47,0,0,0,0,0,0,0,0,0,0,0,0,0,,,0,0,0,0,0,0,0,0,0,0,0,0,,,,0,0,0,0,0,0,0,,0,0,0,0,0,0,0,,0,0,0,0,0,0,0,0,0,0,0.0,0.0,stats_player_week_2008.parquet,5699,ce409b1e815043c29ad3148b41aae683793c9c3b0d7eed69870f49008bf11898,scored,0.0,0.0,verified_zero,False,False,False,True,True
,Team,,,,,2008,7,REG,2008_07_SD_BUF,LAC,BUF,0,0,0,0,0,0,0,0,0,0,0,0,,,0,,0,0,0,0,0,0,0,0,0,0,,0,0,0,0,0,0,0,0,0,0,0,0,0,0,,0,0,0,0,0,,,0.0,,0,9,0,0,0,0,1,1.0,5.0,0,0,0,0,0,0,1,0,0,0,0,0,0,0,0,0,0,0,7,40,0,0,0,0,0,0,0,0,0,0,0,0,0,,,0,0,0,0,0,0,0,0,0,0,0,0,,,,0,0,0,0,0,0,0,,0,0,0,0,0,0,0,,0,0,0,0,0,0,0,0,0,0,0.0,0.0,stats_player_week_2008.parquet,6581,ce409b1e815043c29ad3148b41aae683793c9c3b0d7eed69870f49008bf11898,st_split_unknown,0.0,,unknown,True,False,False,True,True
,,,,,,2008,8,REG,2008_08_OAK_BAL,LV,BAL,0,0,0,0,0,0,0,0,0,0,0,0,,,0,,0,0,0,0,0,0,0,0,0,0,,0,0,0,0,0,0,0,0,0,0,0,0,0,0,,0,0,0,0,0,,,0.0,,0,0,0,0,0,0,0,0.0,0.0,0,0,0,0,0,0,2,0,0,0,0,0,0,0,0,0,0,0,6,44,0,0,0,0,0,0,0,0,0,0,0,0,0,,,0,0,0,0,0,0,0,0,0,0,0,0,,,,0,0,0,0,0,0,0,,0,0,0,0,0,0,0,,0,0,0,0,0,0,0,0,0,0,0.0,0.0,stats_player_week_2008.parquet,7486,ce409b1e815043c29ad3148b41aae683793c9c3b0d7eed69870f49008bf11898,scored,0.0,0.0,verified_zero,False,False,False,True,True
,Team,,,,,2008,9,REG,2008_09_NYJ_BUF,NYJ,BUF,0,0,0,0,0,0,0,0,0,0,0,0,,,0,,0,0,0,0,0,0,0,0,0,0,,0,0,0,0,0,0,0,0,0,0,0,0,0,0,,0,0,0,0,0,,,0.0,,0,6,0,0,0,0,0,1.0,11.0,1,0,0,0,0,0,0,0,0,0,0,0,0,0,0,0,0,0,8,48,0,0,0,0,0,0,0,0,0,0,0,0,0,,,0,0,0,0,0,0,0,0,0,0,0,0,,,,0,0,0,0,0,0,0,,0,0,0,0,0,0,0,,0,0,0,0,0,0,0,0,0,0,0.0,0.0,stats_player_week_2008.parquet,8394,ce409b1e815043c29ad3148b41aae683793c9c3b0d7eed69870f49008bf11898,scored,0.0,0.0,verified_zero,False,False,False,True,True
,Team,,,,,2008,10,REG,2008_10_DEN_CLE,DEN,CLE,0,0,0,0,0,0,0,0,0,0,0,0,,,0,,0,0,0,0,0,0,0,0,0,0,,0,0,0,0,0,0,0,0,0,0,0,0,0,0,,0,0,0,0,0,,,0.0,,0,7,0,0,0,0,0,0.0,0.0,0,0,0,0,0,0,2,0,0,0,0,0,0,0,0,0,0,0,1,5,0,0,0,0,0,0,0,0,0,0,0,0,0,,,0,0,0,0,0,0,0,0,0,0,0,0,,,,0,0,0,0,0,0,0,,0,0,0,0,0,0,0,,0,0,0,0,0,0,0,0,0,0,0.0,0.0,stats_player_week_2008.parquet,9276,ce409b1e815043c29ad3148b41aae683793c9c3b0d7eed69870f49008bf11898,scored,0.0,0.0,verified_zero,False,False,False,True,True
,,,,,,2008,11,REG,2008_11_NYJ_NE,NYJ,NE,0,0,0,0,0,0,0,0,0,0,0,0,,,0,,0,0,0,0,0,0,0,0,0,0,,0,0,0,0,0,0,0,0,0,0,0,0,0,0,,0,0,0,0,0,,,0.0,,0,0,0,0,0,0,0,0.0,0.0,0,0,0,0,0,0,0,0,0,0,0,0,0,0,0,0,0,0,3,25,0,0,0,0,0,0,0,0,0,0,0,0,0,,,0,0,0,0,0,0,0,0,0,0,0,0,,,,0,0,0,0,0,0,0,,0,0,0,0,0,0,0,,0,0,0,0,0,0,0,0,0,0,0.0,0.0,stats_player_week_2008.parquet,10315,ce409b1e815043c29ad3148b41aae683793c9c3b0d7eed69870f49008bf11898,scored,0.0,0.0,verified_zero,False,False,False,True,True
,,,,,,2008,12,REG,2008_12_CIN_PIT,PIT,CIN,0,0,0,0,0,0,0,0,0,0,0,0,,,0,,0,0,0,0,0,0,0,0,0,0,,0,0,0,0,0,0,0,0,0,0,0,0,0,0,,0,0,0,0,0,,,0.0,,0,0,0,0,0,0,0,0.0,0.0,0,0,0,0,0,0,2,0,0,0,0,0,0,0,0,0,0,0,5,35,0,0,0,0,0,0,0,0,0,0,0,0,0,,,0,0,0,0,0,0,0,0,0,0,0,0,,,,0,0,0,0,0,0,0,,0,0,0,0,0,0,0,,0,0,0,0,0,0,0,0,0,0,0.0,0.0,stats_player_week_2008.parquet,11370,ce409b1e815043c29ad3148b41aae683793c9c3b0d7eed69870f49008bf11898,scored,0.0,0.0,verified_zero,False,False,False,True,True
,Team,,,,,2008,13,REG,2008_13_TEN_DET,DET,TEN,0,0,0,0,0,0,0,0,0,0,0,0,,,0,,0,0,0,0,0,0,0,0,0,0,,0,0,0,0,0,0,0,0,0,0,0,0,0,0,,0,0,0,0,0,,,0.0,,0,2,0,0,0,0,0,0.0,0.0,0,0,0,0,0,0,1,0,0,0,0,0,0,0,0,0,0,0,4,15,0,0,0,0,0,0,0,0,0,0,0,0,0,,,0,0,0,0,0,0,0,0,0,0,0,0,,,,0,0,0,0,0,0,0,,0,0,0,0,0,0,0,,0,0,0,0,0,0,0,0,0,0,0.0,0.0,stats_player_week_2008.parquet,12413,ce409b1e815043c29ad3148b41aae683793c9c3b0d7eed69870f49008bf11898,scored,0.0,0.0,verified_zero,False,False,False,True,True
,,,,,,2008,14,REG,2008_14_OAK_SD,LAC,LV,0,0,0,0,0,0,0,0,0,0,0,0,,,0,,0,0,0,0,0,0,0,0,0,0,,0,0,0,0,0,0,0,0,0,0,0,0,0,0,,0,0,0,0,0,,,0.0,,0,0,0,0,0,0,0,0.0,0.0,0,0,0,0,0,0,0,0,0,0,0,0,0,0,0,0,0,0,2,19,0,0,0,0,0,0,0,0,0,0,0,0,0,,,0,0,0,0,0,0,0,0,0,0,0,0,,,,0,0,0,0,0,0,0,,0,0,0,0,0,0,0,,0,0,0,0,0,0,0,0,0,0,0.0,0.0,stats_player_week_2008.parquet,13421,ce409b1e815043c29ad3148b41aae683793c9c3b0d7eed69870f49008bf11898,scored,0.0,0.0,verified_zero,False,False,False,True,True
,Team,,,,,2008,15,REG,2008_15_NO_CHI,NO,CHI,0,0,0,0,0,0,0,0,0,0,0,0,,,0,,0,0,0,0,0,0,0,0,0,0,,0,0,0,0,0,0,0,0,0,0,0,0,0,0,,0,0,0,0,0,,,0.0,,0,4,0,0,0,0,0,0.0,0.0,1,0,0,0,0,0,1,0,0,0,0,0,0,0,0,0,0,0,4,22,0,0,0,0,0,0,0,0,0,0,0,0,0,,,0,0,0,0,0,0,0,0,0,0,0,0,,,,0,0,0,0,0,0,0,,0,0,0,0,0,0,0,,0,0,0,0,0,0,0,0,0,0,0.0,0.0,stats_player_week_2008.parquet,14433,ce409b1e815043c29ad3148b41aae683793c9c3b0d7eed69870f49008bf11898,scored,0.0,0.0,verified_zero,False,False,False,True,True
,Team,,,,,2008,16,REG,2008_16_IND_JAX,JAX,IND,0,0,0,0,0,0,0,0,0,0,0,0,,,0,,0,0,0,0,0,0,0,0,0,0,,0,0,0,0,0,0,0,0,0,0,0,0,0,0,,0,0,0,0,0,,,0.0,,0,7,0,0,0,0,0,0.0,0.0,0,0,0,0,0,0,0,0,0,0,0,0,0,0,0,0,0,0,7,39,0,0,0,0,0,0,0,0,0,0,0,0,0,,,0,0,0,0,0,0,0,0,0,0,0,0,,,,0,0,0,0,0,0,0,,0,0,0,0,0,0,0,,0,0,0,0,0,0,0,0,0,0,0.0,0.0,stats_player_week_2008.parquet,15444,ce409b1e815043c29ad3148b41aae683793c9c3b0d7eed69870f49008bf11898,scored,0.0,0.0,verified_zero,False,False,False,True,True
,Team,,,,,2008,17,REG,2008_17_STL_ATL,LA,ATL,0,0,0,0,0,0,0,0,0,0,0,0,,,0,,0,0,0,0,0,0,0,0,0,0,,0,0,0,0,0,0,0,0,0,0,0,0,0,0,,0,0,0,0,0,,,0.0,,0,1,0,0,0,0,0,0.0,0.0,0,0,0,0,0,0,0,0,0,0,0,0,0,0,0,0,0,0,4,19,0,0,0,0,0,0,0,0,0,0,0,0,0,,,0,0,0,0,0,0,0,0,0,0,0,0,,,,0,0,0,0,0,0,0,,0,0,0,0,0,0,0,,0,0,0,0,0,0,0,0,0,0,0.0,0.0,stats_player_week_2008.parquet,16482,ce409b1e815043c29ad3148b41aae683793c9c3b0d7eed69870f49008bf11898,scored,0.0,0.0,verified_zero,False,False,False,True,False
,,,,,,2008,18,POST,2008_18_ATL_ARI,ARI,ATL,0,0,0,0,0,0,0,0,0,0,0,0,,,0,,0,0,0,0,0,0,0,0,0,0,,0,0,0,0,0,0,0,0,0,0,0,0,0,0,,0,0,0,0,0,,,0.0,,0,0,0,0,0,0,0,0.0,0.0,0,0,0,0,0,0,0,0,0,0,0,0,0,0,0,0,0,0,2,20,0,0,0,0,0,0,0,0,0,0,0,0,0,,,0,0,0,0,0,0,0,0,0,0,0,0,,,,0,0,0,0,0,0,0,,0,0,0,0,0,0,0,,0,0,0,0,0,0,0,0,0,0,0.0,0.0,stats_player_week_2008.parquet,16747,ce409b1e815043c29ad3148b41aae683793c9c3b0d7eed69870f49008bf11898,scored,0.0,0.0,verified_zero,False,False,False,False,False
,,,,,,2008,19,POST,2008_19_BAL_TEN,BAL,TEN,0,0,0,0,0,0,0,0,0,0,0,0,,,0,,0,0,0,0,0,0,0,0,0,0,,0,0,0,0,0,0,0,0,0,0,0,0,0,0,,0,0,0,0,0,,,0.0,,0,0,0,0,0,0,0,0.0,0.0,0,0,0,0,0,0,1,0,0,0,0,0,0,0,0,0,0,0,0,0,0,0,0,0,0,0,0,0,0,0,0,0,0,,,0,0,0,0,0,0,0,0,0,0,0,0,,,,0,0,0,0,0,0,0,,0,0,0,0,0,0,0,,0,0,0,0,0,0,0,0,0,0,0.0,0.0,stats_player_week_2008.parquet,17007,ce409b1e815043c29ad3148b41aae683793c9c3b0d7eed69870f49008bf11898,scored,0.0,0.0,verified_zero,False,False,False,False,False
,,,,,,2008,20,POST,2008_20_PHI_ARI,ARI,PHI,0,0,0,0,0,0,0,0,0,0,0,0,,,0,,0,0,0,0,0,0,0,0,0,0,,0,0,0,0,0,0,0,0,0,0,0,0,0,0,,0,0,0,0,0,,,0.0,,0,0,0,0,0,0,0,0.0,0.0,0,0,0,0,0,0,0,0,0,0,0,0,0,0,0,0,0,0,0,0,0,0,0,0,0,0,0,0,0,0,0,0,0,,,0,0,0,0,0,0,0,0,0,0,0,0,,,,0,0,0,0,0,0,0,,0,0,0,0,0,0,0,,0,0,0,0,0,0,0,0,0,0,0.0,0.0,stats_player_week_2008.parquet,17143,ce409b1e815043c29ad3148b41aae683793c9c3b0d7eed69870f49008bf11898,scored,0.0,0.0,verified_zero,False,False,False,False,False
,,,,,,2008,21,POST,2008_21_PIT_ARI,PIT,ARI,0,0,0,0,0,0,0,0,0,0,0,0,,,0,,0,0,0,0,0,0,0,0,0,0,,0,0,0,0,0,0,0,0,0,0,0,0,0,0,,0,0,0,0,0,,,0.0,,0,0,0,0,0,0,0,0.0,0.0,0,0,0,0,0,0,1,0,0,0,0,0,0,0,0,0,0,0,0,0,0,0,0,0,0,0,0,0,0,0,0,0,0,,,0,0,0,0,0,0,0,0,0,0,0,0,,,,0,0,0,0,0,0,0,,0,0,0,0,0,0,0,,0,0,0,0,0,0,0,0,0,0,0.0,0.0,stats_player_week_2008.parquet,17211,ce409b1e815043c29ad3148b41aae683793c9c3b0d7eed69870f49008bf11898,scored,0.0,0.0,verified_zero,False,False,False,False,False
,B.Seymour,,,,,2009,1,REG,2009_01_TEN_PIT,PIT,TEN,0,0,0,0,0,0,0,0,0,0,0,0,,,0,,0,0,0,0,0,0,0,0,0,0,,0,0,0,0,0,0,0,0,0,0,0,0,0,0,,0,0,0,0,0,,0.0,0.0,0.0,0,8,1,2,0,0,0,2.0,7.0,2,0,0,0,0,0,0,0,0,0,0,0,0,1,0,0,0,0,9,67,0,0,0,0,0,0,0,0,0,0,0,0,0,,,0,0,0,0,0,0,0,0,0,0,0,0,,,,0,0,0,0,0,0,0,,0,0,0,0,0,0,0,,0,0,0,0,0,0,0,0,0,0,0.0,0.0,stats_player_week_2009.parquet,1054,5f823939e53bec1e3f505d5c7878e23e4634513074456b6d1806d7a10f82dda0,st_split_unknown,0.0,,unknown,True,False,False,True,True
,,,,,,2009,2,REG,2009_02_CAR_ATL,CAR,ATL,0,0,0,0,0,0,0,0,0,0,0,0,,,0,,0,0,0,0,0,0,0,0,0,0,,0,0,0,0,0,0,0,0,0,0,0,0,0,0,,0,0,0,0,0,,0.0,0.0,0.0,0,0,0,0,0,0,0,0.0,0.0,0,0,0,0,0,0,1,0,0,0,0,0,0,0,0,1,0,0,11,71,0,0,0,0,0,0,0,0,0,0,0,0,0,,,0,0,0,0,0,0,0,0,0,0,0,0,,,,0,0,0,0,0,0,0,,0,0,0,0,0,0,0,,0,0,0,0,0,0,0,0,0,0,0.0,0.0,stats_player_week_2009.parquet,2117,5f823939e53bec1e3f505d5c7878e23e4634513074456b6d1806d7a10f82dda0,st_split_unknown,0.0,,unknown,True,False,False,True,True
,Team,,,,,2009,3,REG,2009_03_CLE_BAL,CLE,BAL,0,0,0,0,0,0,0,0,0,0,0,0,,,0,,0,0,0,0,0,0,0,0,0,0,,0,0,0,0,0,0,4,0,0,0,0,0,0,0,,0,0,0,0,0,,0.15384615384615385,0.0,0.23076923076923078,0,13,0,0,0,0,1,1.0,7.0,0,0,0,0,0,0,0,0,0,0,0,0,0,0,0,0,0,0,3,16,0,0,0,0,0,0,0,2,38,0,0,0,0,,,0,0,0,0,0,0,0,0,0,0,0,0,,,,0,0,0,0,0,0,0,,0,0,0,0,0,0,0,,0,0,0,0,0,0,0,0,0,0,0.0,0.0,stats_player_week_2009.parquet,3153,5f823939e53bec1e3f505d5c7878e23e4634513074456b6d1806d7a10f82dda0,st_split_unknown,0.0,,unknown,True,False,False,True,True
,Team,,,,,2009,4,REG,2009_04_DET_CHI,DET,CHI,0,0,0,0,0,0,0,0,0,0,0,0,,,0,,0,0,0,0,0,0,0,0,0,0,,0,0,0,0,0,0,0,0,0,0,0,0,0,0,,0,0,0,0,0,,0.0,0.0,0.0,0,1,0,0,0,0,0,0.0,0.0,0,0,0,0,0,0,0,0,0,0,0,0,0,0,0,0,0,0,10,68,0,0,0,0,0,0,0,0,0,0,0,0,0,,,0,0,0,0,0,0,0,0,0,0,0,0,,,,0,0,0,0,0,0,0,,0,0,0,0,0,0,0,,0,0,0,0,0,0,0,0,0,0,0.0,0.0,stats_player_week_2009.parquet,4080,5f823939e53bec1e3f505d5c7878e23e4634513074456b6d1806d7a10f82dda0,scored,0.0,0.0,verified_zero,False,False,False,True,True
,,,,,,2009,5,REG,2009_05_CIN_BAL,CIN,BAL,0,0,0,0,0,0,0,0,0,0,0,0,,,0,,0,0,0,0,0,0,0,0,0,0,,0,0,0,0,0,0,0,0,0,0,0,0,0,0,,0,0,0,0,0,,0.0,0.0,0.0,0,0,0,0,0,0,0,0.0,0.0,0,0,0,0,0,0,0,0,0,0,0,0,0,0,0,0,0,0,4,28,0,0,0,0,0,0,0,0,0,0,0,0,0,,,0,0,0,0,0,0,0,0,0,0,0,0,,,,0,0,0,0,0,0,0,,0,0,0,0,0,0,0,,0,0,0,0,0,0,0,0,0,0,0.0,0.0,stats_player_week_2009.parquet,5020,5f823939e53bec1e3f505d5c7878e23e4634513074456b6d1806d7a10f82dda0,scored,0.0,0.0,verified_zero,False,False,False,True,True
,Team,,,,,2009,6,REG,2009_06_HOU_CIN,CIN,HOU,0,0,0,0,0,0,0,0,0,0,0,0,,,0,,0,0,0,0,0,0,0,0,0,0,,0,0,0,0,0,0,1,0,0,0,0,-6,0,0,,0,0,0,0,0,0.0,0.02857142857142857,-0.016574585635359115,0.03125493291239148,0,4,0,0,0,0,1,1.0,7.0,0,0,0,0,0,0,0,0,0,0,0,0,0,0,0,0,0,0,10,69,0,0,0,0,0,0,0,0,0,0,0,0,0,,,0,0,0,0,0,0,0,0,0,0,0,0,,,,0,0,0,0,0,0,0,,0,0,0,0,0,0,0,,0,0,0,0,0,0,0,0,0,0,0.0,0.0,stats_player_week_2009.parquet,5948,5f823939e53bec1e3f505d5c7878e23e4634513074456b6d1806d7a10f82dda0,st_split_unknown,0.0,,unknown,True,False,False,True,True
,Team,,,,,2009,7,REG,2009_07_GB_CLE,CLE,GB,0,0,0,0,0,0,0,0,0,0,0,0,,,0,,0,0,0,0,0,0,0,0,0,0,,0,0,0,0,0,0,0,0,0,0,0,0,0,0,,0,0,0,0,0,,0.0,0.0,0.0,0,4,0,0,0,0,0,1.0,12.0,1,0,0,0,0,0,0,0,0,0,0,0,0,0,0,0,0,0,6,25,0,0,0,0,0,0,0,0,0,0,0,0,0,,,0,0,0,0,0,0,0,0,0,0,0,0,,,,0,0,0,0,0,0,0,,0,0,0,0,0,0,0,,0,0,0,0,0,0,0,0,0,0,0.0,0.0,stats_player_week_2009.parquet,6829,5f823939e53bec1e3f505d5c7878e23e4634513074456b6d1806d7a10f82dda0,scored,0.0,0.0,verified_zero,False,False,False,True,True
,,,,,,2009,8,REG,2009_08_DEN_BAL,DEN,BAL,0,0,0,0,0,0,0,0,0,0,0,0,,,0,,0,0,0,0,0,0,0,0,0,0,,0,0,0,0,0,0,0,0,0,0,0,0,0,0,,0,0,0,0,0,,0.0,0.0,0.0,0,0,0,0,0,0,0,0.0,0.0,0,0,0,0,0,0,0,0,0,0,0,0,0,0,0,0,0,0,7,35,0,0,0,0,0,0,0,0,0,0,0,0,0,,,0,0,0,0,0,0,0,0,0,0,0,0,,,,0,0,0,0,0,0,0,,0,0,0,0,0,0,0,,0,0,0,0,0,0,0,0,0,0,0.0,0.0,stats_player_week_2009.parquet,7690,5f823939e53bec1e3f505d5c7878e23e4634513074456b6d1806d7a10f82dda0,scored,0.0,0.0,verified_zero,False,False,False,True,True
,,,,,,2009,9,REG,2009_09_WAS_ATL,ATL,WAS,0,0,0,0,0,0,0,0,0,0,0,0,,,0,,0,0,0,0,0,0,0,0,0,0,,0,0,0,0,0,0,0,0,0,0,0,0,0,0,,0,0,0,0,0,,0.0,0.0,0.0,0,0,0,0,0,0,0,0.0,0.0,0,0,0,0,0,0,0,0,0,0,0,0,0,0,0,0,0,0,9,45,0,0,0,0,0,0,0,0,0,0,0,0,0,,,0,0,0,0,0,0,0,0,0,0,0,0,,,,0,0,0,0,0,0,0,,0,0,0,0,0,0,0,,0,0,0,0,0,0,0,0,0,0,0.0,0.0,stats_player_week_2009.parquet,8546,5f823939e53bec1e3f505d5c7878e23e4634513074456b6d1806d7a10f82dda0,scored,0.0,0.0,verified_zero,False,False,False,True,True
,Team,,,,,2009,10,REG,2009_10_CHI_SF,CHI,SF,0,0,0,0,0,0,0,0,0,0,0,0,,,0,,0,0,0,0,0,0,0,0,0,0,,0,0,0,0,0,0,0,0,0,0,0,0,0,0,,0,0,0,0,0,,0.0,0.0,0.0,0,3,0,0,0,0,0,0.0,0.0,0,0,0,0,0,0,0,0,0,0,0,0,0,0,0,0,0,0,7,35,0,0,0,0,0,0,0,0,0,0,0,0,0,,,0,0,0,0,0,0,0,0,0,0,0,0,,,,0,0,0,0,0,0,0,,0,0,0,0,0,0,0,,0,0,0,0,0,0,0,0,0,0,0.0,0.0,stats_player_week_2009.parquet,9532,5f823939e53bec1e3f505d5c7878e23e4634513074456b6d1806d7a10f82dda0,scored,0.0,0.0,verified_zero,False,False,False,True,True
,Team,,,,,2009,11,REG,2009_11_MIA_CAR,CAR,MIA,0,0,0,0,0,0,0,0,0,0,0,0,,,0,,0,0,0,0,0,0,0,0,0,0,,0,0,0,0,0,0,0,0,0,0,0,0,0,0,,0,0,0,0,0,,0.0,0.0,0.0,0,4,0,0,0,0,0,0.0,0.0,0,0,0,0,0,0,1,0,0,0,0,0,0,0,0,0,0,0,10,62,0,0,0,0,0,0,0,0,0,0,0,0,0,,,0,0,0,0,0,0,0,0,0,0,0,0,,,,0,0,0,0,0,0,0,,0,0,0,0,0,0,0,,0,0,0,0,0,0,0,0,0,0,0.0,0.0,stats_player_week_2009.parquet,10580,5f823939e53bec1e3f505d5c7878e23e4634513074456b6d1806d7a10f82dda0,scored,0.0,0.0,verified_zero,False,False,False,True,True
,,,,,,2009,12,REG,2009_12_GB_DET,DET,GB,0,0,0,0,0,0,0,0,0,0,0,0,,,0,,0,0,0,0,0,0,0,0,0,0,,0,0,0,0,0,0,0,0,0,0,0,0,0,0,,0,0,0,0,0,,0.0,0.0,0.0,0,0,0,0,0,0,0,0.0,0.0,0,0,0,0,0,0,1,0,0,0,0,0,0,0,0,0,0,0,6,40,0,0,0,0,0,0,0,0,0,0,0,0,0,,,0,0,0,0,0,0,0,0,0,0,0,0,,,,0,0,0,0,0,0,0,,0,0,0,0,0,0,0,,0,0,0,0,0,0,0,0,0,0,0.0,0.0,stats_player_week_2009.parquet,11650,5f823939e53bec1e3f505d5c7878e23e4634513074456b6d1806d7a10f82dda0,scored,0.0,0.0,verified_zero,False,False,False,True,True
,,,,,,2009,13,REG,2009_13_NYJ_BUF,BUF,NYJ,0,0,0,0,0,0,0,0,0,0,0,0,,,0,,0,0,0,0,0,0,0,0,0,0,,0,0,0,0,0,0,0,0,0,0,0,0,0,0,,0,0,0,0,0,,0.0,0.0,0.0,0,0,0,0,0,0,0,0.0,0.0,0,0,0,0,0,0,0,0,0,0,0,0,0,0,0,0,0,0,6,35,0,0,0,0,0,0,0,0,0,0,0,0,0,,,0,0,0,0,0,0,0,0,0,0,0,0,,,,0,0,0,0,0,0,0,,0,0,0,0,0,0,0,,0,0,0,0,0,0,0,0,0,0,0.0,0.0,stats_player_week_2009.parquet,12706,5f823939e53bec1e3f505d5c7878e23e4634513074456b6d1806d7a10f82dda0,scored,0.0,0.0,verified_zero,False,False,False,True,True
,Team,,,,,2009,14,REG,2009_14_PIT_CLE,CLE,PIT,0,0,0,0,0,0,0,0,0,0,0,0,,,0,,0,0,0,0,0,0,0,0,0,0,,0,0,0,0,0,0,1,0,0,0,0,0,0,0,,0,0,0,0,0,,0.05263157894736842,0.0,0.07894736842105263,0,4,0,0,0,0,0,0.0,0.0,0,0,0,0,0,0,0,0,0,0,0,0,0,0,0,0,0,0,9,55,0,0,0,0,0,0,0,0,0,0,0,0,0,,,0,0,0,0,0,0,0,0,0,0,0,0,,,,0,0,0,0,0,0,0,,0,0,0,0,0,0,0,,0,0,0,0,0,0,0,0,0,0,0.0,0.0,stats_player_week_2009.parquet,13779,5f823939e53bec1e3f505d5c7878e23e4634513074456b6d1806d7a10f82dda0,scored,0.0,0.0,verified_zero,False,False,False,True,True
,Team,,,,,2009,15,REG,2009_15_IND_JAX,JAX,IND,0,0,0,0,0,0,0,0,0,0,0,0,,,0,,0,0,0,0,0,0,0,0,0,0,,0,0,0,0,0,0,0,0,0,0,0,0,0,0,,0,0,0,0,0,,0.0,0.0,0.0,0,1,0,0,0,0,0,0.0,0.0,0,0,0,0,0,0,0,0,0,0,0,0,0,0,0,0,0,0,7,35,0,0,0,0,0,0,0,0,0,0,0,0,0,,,0,0,0,0,0,0,0,0,0,0,0,0,,,,0,0,0,0,0,0,0,,0,0,0,0,0,0,0,,0,0,0,0,0,0,0,0,0,0,0.0,0.0,stats_player_week_2009.parquet,14839,5f823939e53bec1e3f505d5c7878e23e4634513074456b6d1806d7a10f82dda0,scored,0.0,0.0,verified_zero,False,False,False,True,True
,,,,,,2009,16,REG,2009_16_SD_TEN,LAC,TEN,0,0,0,0,0,0,0,0,0,0,0,0,,,0,,0,0,0,0,0,0,0,0,0,0,,0,0,0,0,0,0,0,0,0,0,0,0,0,0,,0,0,0,0,0,,0.0,0.0,0.0,0,0,0,0,0,0,0,0.0,0.0,0,0,0,0,0,0,0,0,0,0,0,0,0,0,0,0,0,0,5,35,0,0,0,0,0,0,0,0,0,0,0,0,0,,,0,0,0,0,0,0,0,0,0,0,0,0,,,,0,0,0,0,0,0,0,,0,0,0,0,0,0,0,,0,0,0,0,0,0,0,0,0,0,0.0,0.0,stats_player_week_2009.parquet,15917,5f823939e53bec1e3f505d5c7878e23e4634513074456b6d1806d7a10f82dda0,scored,0.0,0.0,verified_zero,False,False,False,True,True
,Team,,,,,2009,17,REG,2009_17_IND_BUF,BUF,IND,0,0,0,0,0,0,0,0,0,0,0,0,,,0,,0,0,0,0,0,0,0,0,0,0,,0,0,0,0,0,0,0,0,0,0,0,0,0,0,,0,0,0,0,0,,0.0,0.0,0.0,0,4,0,0,0,0,0,0.0,0.0,0,0,0,0,0,0,1,0,0,0,0,0,0,0,0,0,0,0,8,56,0,0,0,0,0,0,0,0,0,0,0,0,0,,,0,0,0,0,0,0,0,0,0,0,0,0,,,,0,0,0,0,0,0,0,,0,0,0,0,0,0,0,,0,0,0,0,0,0,0,0,0,0,0.0,0.0,stats_player_week_2009.parquet,16970,5f823939e53bec1e3f505d5c7878e23e4634513074456b6d1806d7a10f82dda0,scored,0.0,0.0,verified_zero,False,False,False,True,False
,,,,,,2009,18,POST,2009_18_NYJ_CIN,CIN,NYJ,0,0,0,0,0,0,0,0,0,0,0,0,,,0,,0,0,0,0,0,0,0,0,0,0,,0,0,0,0,0,0,0,0,0,0,0,0,0,0,,0,0,0,0,0,,0.0,0.0,0.0,0,0,0,0,0,0,0,0.0,0.0,0,0,0,0,0,0,0,0,0,0,0,0,0,0,0,0,0,0,1,5,0,0,0,0,0,0,0,0,0,0,0,0,0,,,0,0,0,0,0,0,0,0,0,0,0,0,,,,0,0,0,0,0,0,0,,0,0,0,0,0,0,0,,0,0,0,0,0,0,0,0,0,0,0.0,0.0,stats_player_week_2009.parquet,17231,5f823939e53bec1e3f505d5c7878e23e4634513074456b6d1806d7a10f82dda0,scored,0.0,0.0,verified_zero,False,False,False,False,False
,,,,,,2009,19,POST,2009_19_ARI_NO,ARI,NO,0,0,0,0,0,0,0,0,0,0,0,0,,,0,,0,0,0,0,0,0,0,0,0,0,,0,0,0,0,0,0,0,0,0,0,0,0,0,0,,0,0,0,0,0,,0.0,0.0,0.0,0,0,0,0,0,0,0,0.0,0.0,0,0,0,0,0,0,0,0,0,0,0,0,0,0,0,0,0,0,1,5,0,0,0,0,0,0,0,0,0,0,0,0,0,,,0,0,0,0,0,0,0,0,0,0,0,0,,,,0,0,0,0,0,0,0,,0,0,0,0,0,0,0,,0,0,0,0,0,0,0,0,0,0,0.0,0.0,stats_player_week_2009.parquet,17494,5f823939e53bec1e3f505d5c7878e23e4634513074456b6d1806d7a10f82dda0,scored,0.0,0.0,verified_zero,False,False,False,False,False
,,,,,,2009,20,POST,2009_20_NYJ_IND,IND,NYJ,0,0,0,0,0,0,0,0,0,0,0,0,,,0,,0,0,0,0,0,0,0,0,0,0,,0,0,0,0,0,0,0,0,0,0,0,0,0,0,,0,0,0,0,0,,0.0,0.0,0.0,0,0,0,0,0,0,0,0.0,0.0,0,0,0,0,0,0,0,0,0,0,0,0,0,0,0,0,0,0,1,5,0,0,0,0,0,0,0,0,0,0,0,0,0,,,0,0,0,0,0,0,0,0,0,0,0,0,,,,0,0,0,0,0,0,0,,0,0,0,0,0,0,0,,0,0,0,0,0,0,0,0,0,0,0.0,0.0,stats_player_week_2009.parquet,17624,5f823939e53bec1e3f505d5c7878e23e4634513074456b6d1806d7a10f82dda0,scored,0.0,0.0,verified_zero,False,False,False,False,False
,,,,,,2009,21,POST,2009_21_NO_IND,NO,IND,0,0,0,0,0,0,0,0,0,0,0,0,,,0,,0,0,0,0,0,0,0,0,0,0,,0,0,0,0,0,0,0,0,0,0,0,0,0,0,,0,0,0,0,0,,0.0,0.0,0.0,0,0,0,0,0,0,0,0.0,0.0,0,0,0,0,0,0,0,0,0,0,0,0,0,0,0,0,0,0,0,0,0,0,0,0,0,0,0,0,0,0,0,0,0,,,0,0,0,0,0,0,0,0,0,0,0,0,,,,0,0,0,0,0,0,0,,0,0,0,0,0,0,0,,0,0,0,0,0,0,0,0,0,0,0.0,0.0,stats_player_week_2009.parquet,17689,5f823939e53bec1e3f505d5c7878e23e4634513074456b6d1806d7a10f82dda0,scored,0.0,0.0,verified_zero,False,False,False,False,False
,,,,,,2010,1,REG,2010_01_MIN_NO,NO,MIN,0,0,0,0,0,0,0,0,0,0,0,0,,,0,,0,0,0,0,0,0,0,0,0,0,,0,0,0,0,0,0,0,0,0,0,0,0,0,0,,0,0,0,0,0,,0.0,0.0,0.0,0,0,1,0,0,0,0,0.0,0.0,0,0,0,0,0,0,1,0,0,0,0,0,0,0,0,0,0,0,6,30,0,0,0,0,0,0,0,0,0,0,0,0,0,,,0,0,0,0,0,0,0,0,0,0,0,0,,,,0,0,0,0,0,0,0,,0,0,0,0,0,0,0,,0,0,0,0,0,0,0,0,0,0,0.0,0.0,stats_player_week_2010.parquet,1050,90992f88abffb2406f933f5c2f28be201e5f112485f9c0ff6c450b293cec573a,scored,0.0,0.0,verified_zero,False,False,False,True,True
,Team,,,,,2010,2,REG,2010_02_ARI_ATL,ATL,ARI,0,0,0,0,0,0,0,0,0,0,0,0,,,0,,0,0,0,0,0,0,0,0,0,0,,0,0,0,0,0,0,0,0,0,0,0,0,0,0,,0,0,0,0,0,,0.0,0.0,0.0,0,7,0,0,0,0,0,0.0,0.0,0,0,0,0,0,0,1,0,0,0,0,0,0,0,0,0,0,0,8,58,0,0,0,0,0,0,0,0,0,0,0,0,0,,,0,0,0,0,0,0,0,0,0,0,0,0,,,,0,0,0,0,0,0,0,,0,0,0,0,0,0,0,,0,0,0,0,0,0,0,0,0,0,0.0,0.0,stats_player_week_2010.parquet,2099,90992f88abffb2406f933f5c2f28be201e5f112485f9c0ff6c450b293cec573a,scored,0.0,0.0,verified_zero,False,False,False,True,True
,Team,,,,,2010,3,REG,2010_03_CLE_BAL,BAL,CLE,0,0,0,0,0,0,0,0,0,0,0,0,,,0,,0,0,0,0,0,0,0,0,0,0,,0,0,0,0,0,0,0,0,0,0,0,0,0,0,,0,0,0,0,0,,0.0,0.0,0.0,0,4,0,0,0,0,0,1.0,8.0,1,0,0,0,0,0,1,0,0,1,0,0,0,0,0,0,0,0,5,26,0,0,0,0,0,0,0,0,0,0,0,0,0,,,0,0,0,0,0,0,0,0,0,0,0,0,,,,0,0,0,0,0,0,0,,0,0,0,0,0,0,0,,0,0,0,0,0,0,0,0,0,0,0.0,0.0,stats_player_week_2010.parquet,3147,90992f88abffb2406f933f5c2f28be201e5f112485f9c0ff6c450b293cec573a,scored,0.0,0.0,verified_zero,False,False,False,True,True
,Team,,,,,2010,4,REG,2010_04_SF_ATL,ATL,SF,0,0,0,0,0,0,0,0,0,0,0,0,,,0,,0,0,0,0,0,0,0,0,0,0,,0,0,0,0,0,0,0,0,0,0,0,0,0,0,,0,0,0,0,0,,0.0,0.0,0.0,0,6,0,0,0,0,0,0.0,0.0,0,0,0,0,0,0,0,0,0,0,0,0,0,0,0,0,0,0,7,34,0,0,0,0,0,1,53,0,0,0,0,0,0,,,0,0,0,0,0,0,0,0,0,0,0,0,,,,0,0,0,0,0,0,0,,0,0,0,0,0,0,0,,0,0,0,0,0,0,0,0,0,0,0.0,0.0,stats_player_week_2010.parquet,4071,90992f88abffb2406f933f5c2f28be201e5f112485f9c0ff6c450b293cec573a,scored,0.0,0.0,verified_zero,False,False,False,True,True
,Team,,,,,2010,5,REG,2010_05_DEN_BAL,BAL,DEN,0,0,0,0,0,0,0,0,0,0,0,0,,,0,,0,0,0,0,0,0,0,0,0,0,,0,0,0,0,0,0,0,0,0,0,0,0,0,0,,0,0,0,0,0,,0.0,0.0,0.0,0,8,0,0,0,0,0,0.0,0.0,0,0,0,0,0,0,0,0,0,0,0,0,0,0,0,0,0,0,9,55,0,0,0,0,0,0,0,0,0,0,0,0,0,,,0,0,0,0,0,0,0,0,0,0,0,0,,,,0,0,0,0,0,0,0,,0,0,0,0,0,0,0,,0,0,0,0,0,0,0,0,0,0,0.0,0.0,stats_player_week_2010.parquet,5016,90992f88abffb2406f933f5c2f28be201e5f112485f9c0ff6c450b293cec573a,scored,0.0,0.0,verified_zero,False,False,False,True,True
,,,,,,2010,6,REG,2010_06_SEA_CHI,CHI,SEA,0,0,0,0,0,0,0,0,0,0,0,0,,,0,,0,0,0,0,0,0,0,0,0,0,,0,0,0,0,0,0,0,0,0,0,0,0,0,0,,0,0,0,0,0,,0.0,0.0,0.0,0,0,0,0,0,0,0,0.0,0.0,0,0,0,0,0,0,0,0,0,0,0,0,0,0,0,0,0,0,6,30,0,0,0,0,0,0,0,0,0,0,0,0,0,,,0,0,0,0,0,0,0,0,0,0,0,0,,,,0,0,0,0,0,0,0,,0,0,0,0,0,0,0,,0,0,0,0,0,0,0,0,0,0,0.0,0.0,stats_player_week_2010.parquet,5934,90992f88abffb2406f933f5c2f28be201e5f112485f9c0ff6c450b293cec573a,scored,0.0,0.0,verified_zero,False,False,False,True,True
,,,,,,2010,7,REG,2010_07_CIN_ATL,ATL,CIN,0,0,0,0,0,0,0,0,0,0,0,0,,,0,,0,0,0,0,0,0,0,0,0,0,,0,0,0,0,0,0,0,0,0,0,0,0,0,0,,0,0,0,0,0,,0.0,0.0,0.0,0,0,0,0,0,0,0,0.0,0.0,0,0,0,0,0,0,0,0,0,0,0,0,0,0,0,0,0,0,6,35,0,0,0,0,0,0,0,0,0,0,0,0,0,,,0,0,0,0,0,0,0,0,0,0,0,0,,,,0,0,0,0,0,0,0,,0,0,0,0,0,0,0,,0,0,0,0,0,0,0,0,0,0,0.0,0.0,stats_player_week_2010.parquet,6868,90992f88abffb2406f933f5c2f28be201e5f112485f9c0ff6c450b293cec573a,scored,0.0,0.0,verified_zero,False,False,False,True,True
,Team,,,,,2010,8,REG,2010_08_MIA_CIN,CIN,MIA,0,0,0,0,0,0,0,0,0,0,0,0,,,0,,0,0,0,0,0,0,0,0,0,0,,0,0,0,0,0,0,0,0,0,0,0,0,0,0,,0,0,0,0,0,,0.0,0.0,0.0,0,8,0,0,0,0,0,0.0,0.0,0,0,0,0,0,0,0,0,0,0,0,0,0,0,0,0,0,0,1,5,0,0,0,0,0,0,0,0,0,0,0,0,0,,,0,0,0,0,0,0,0,0,0,0,0,0,,,,0,0,0,0,0,0,0,,0,0,0,0,0,0,0,,0,0,0,0,0,0,0,0,0,0,0.0,0.0,stats_player_week_2010.parquet,7739,90992f88abffb2406f933f5c2f28be201e5f112485f9c0ff6c450b293cec573a,scored,0.0,0.0,verified_zero,False,False,False,True,True
,,,,,,2010,9,REG,2010_09_TB_ATL,ATL,TB,0,0,0,0,0,0,0,0,0,0,0,0,,,0,,0,0,0,0,0,0,0,0,0,0,,0,0,0,0,0,0,0,0,0,0,0,0,0,0,,0,0,0,0,0,,0.0,0.0,0.0,0,0,0,0,0,0,0,0.0,0.0,0,0,0,0,0,0,0,0,0,0,0,0,0,0,0,0,0,0,4,30,0,0,0,0,0,0,0,0,0,0,0,0,0,,,0,0,0,0,0,0,0,0,0,0,0,0,,,,0,0,0,0,0,0,0,,0,0,0,0,0,0,0,,0,0,0,0,0,0,0,0,0,0,0.0,0.0,stats_player_week_2010.parquet,8597,90992f88abffb2406f933f5c2f28be201e5f112485f9c0ff6c450b293cec573a,scored,0.0,0.0,verified_zero,False,False,False,True,True
,,,,,,2010,10,REG,2010_10_BAL_ATL,ATL,BAL,0,0,0,0,0,0,0,0,0,0,0,0,,,0,,0,0,0,0,0,0,0,0,0,0,,0,0,0,0,0,0,0,0,0,0,0,0,0,0,,0,0,0,0,0,,0.0,0.0,0.0,0,0,0,0,0,0,0,0.0,0.0,0,0,0,0,0,0,0,0,0,0,0,0,0,0,0,0,0,0,4,30,0,0,0,0,0,0,0,0,0,0,0,0,0,,,0,0,0,0,0,0,0,0,0,0,0,0,,,,0,0,0,0,0,0,0,,0,0,0,0,0,0,0,,0,0,0,0,0,0,0,0,0,0,0.0,0.0,stats_player_week_2010.parquet,9527,90992f88abffb2406f933f5c2f28be201e5f112485f9c0ff6c450b293cec573a,scored,0.0,0.0,verified_zero,False,False,False,True,True
,Team,,,,,2010,11,REG,2010_11_CHI_MIA,MIA,CHI,0,0,0,0,0,0,0,0,0,0,0,0,,,0,,0,0,0,0,0,0,0,0,0,0,,0,0,0,0,0,0,0,0,0,0,0,0,0,0,,0,0,0,0,0,,0.0,0.0,0.0,0,1,0,0,0,0,0,0.0,0.0,0,0,0,0,0,0,1,0,0,0,0,0,0,0,0,0,0,0,3,20,0,0,0,0,0,0,0,0,0,0,0,0,0,,,0,0,0,0,0,0,0,0,0,0,0,0,,,,0,0,0,0,0,0,0,,0,0,0,0,0,0,0,,0,0,0,0,0,0,0,0,0,0,0.0,0.0,stats_player_week_2010.parquet,10601,90992f88abffb2406f933f5c2f28be201e5f112485f9c0ff6c450b293cec573a,scored,0.0,0.0,verified_zero,False,False,False,True,True
,Team,,,,,2010,12,REG,2010_12_NE_DET,DET,NE,0,0,0,0,0,0,0,0,0,0,0,0,,,0,,0,0,0,0,0,0,0,0,0,0,,0,0,0,0,0,0,0,0,0,0,0,0,0,0,,0,0,0,0,0,,0.0,0.0,0.0,0,6,0,0,0,0,1,0.0,0.0,0,0,0,0,0,0,0,0,0,0,0,0,0,0,0,0,0,0,0,0,0,0,0,0,0,0,0,0,0,0,0,0,0,,,0,0,0,0,0,0,0,0,0,0,0,0,,,,0,0,0,0,0,0,0,,0,0,0,0,0,0,0,,0,0,0,0,0,0,0,0,0,0,0.0,0.0,stats_player_week_2010.parquet,11645,90992f88abffb2406f933f5c2f28be201e5f112485f9c0ff6c450b293cec573a,st_split_unknown,0.0,,unknown,True,False,False,True,True
,Team,,,,,2010,13,REG,2010_13_HOU_PHI,PHI,HOU,0,0,0,0,0,0,0,0,0,0,0,0,,,0,,0,0,0,0,0,0,0,0,0,0,,0,0,0,0,0,0,0,0,0,0,0,0,0,0,,0,0,0,0,0,,0.0,0.0,0.0,0,1,0,0,0,0,0,0.0,0.0,0,0,0,0,0,0,0,0,0,0,0,0,0,0,0,0,0,0,6,29,0,0,0,0,0,0,0,0,0,0,0,0,0,,,0,0,0,0,0,0,0,0,0,0,0,0,,,,0,0,0,0,0,0,0,,0,0,0,0,0,0,0,,0,0,0,0,0,0,0,0,0,0,0.0,0.0,stats_player_week_2010.parquet,12685,90992f88abffb2406f933f5c2f28be201e5f112485f9c0ff6c450b293cec573a,scored,0.0,0.0,verified_zero,False,False,False,True,True
,,,,,,2010,14,REG,2010_14_IND_TEN,IND,TEN,0,0,0,0,0,0,0,0,0,0,0,0,,,0,,0,0,0,0,0,0,0,0,0,0,,0,0,0,0,0,0,0,0,0,0,0,0,0,0,,0,0,0,0,0,,0.0,0.0,0.0,0,0,0,0,0,0,0,0.0,0.0,0,0,0,0,0,0,0,0,0,0,0,0,0,0,0,0,0,0,2,20,0,0,0,0,0,0,0,0,0,0,0,0,0,,,0,0,0,0,0,0,0,0,0,0,0,0,,,,0,0,0,0,0,0,0,,0,0,0,0,0,0,0,,0,0,0,0,0,0,0,0,0,0,0.0,0.0,stats_player_week_2010.parquet,13730,90992f88abffb2406f933f5c2f28be201e5f112485f9c0ff6c450b293cec573a,scored,0.0,0.0,verified_zero,False,False,False,True,True
,Team,,,,,2010,15,REG,2010_15_SF_SD,LAC,SF,0,0,0,0,0,0,0,0,0,0,0,0,,,0,,0,0,0,0,0,0,0,0,0,0,,0,0,0,0,0,0,0,0,0,0,0,0,0,0,,0,0,0,0,0,,0.0,0.0,0.0,0,1,0,0,0,0,0,0.0,0.0,0,0,0,0,0,0,0,0,0,0,0,0,0,0,0,0,0,0,3,25,0,0,0,0,0,0,0,0,0,0,0,0,0,,,0,0,0,0,0,0,0,0,0,0,0,0,,,,0,0,0,0,0,0,0,,0,0,0,0,0,0,0,,0,0,0,0,0,0,0,0,0,0,0.0,0.0,stats_player_week_2010.parquet,14785,90992f88abffb2406f933f5c2f28be201e5f112485f9c0ff6c450b293cec573a,scored,0.0,0.0,verified_zero,False,False,False,True,True
,Team,,,,,2010,16,REG,2010_16_CAR_PIT,CAR,PIT,0,0,0,0,0,0,0,0,0,0,0,0,,,0,,0,0,0,0,0,0,0,0,0,0,,0,0,0,0,0,0,0,0,0,0,0,0,0,0,,0,0,0,0,0,,0.0,0.0,0.0,0,3,0,0,0,0,0,0.0,0.0,0,0,0,0,0,0,0,0,0,0,0,0,0,0,0,0,0,0,3,20,0,0,0,0,0,0,0,0,0,0,0,0,0,,,0,0,0,0,0,0,0,0,0,0,0,0,,,,0,0,0,0,0,0,0,,0,0,0,0,0,0,0,,0,0,0,0,0,0,0,0,0,0,0.0,0.0,stats_player_week_2010.parquet,15819,90992f88abffb2406f933f5c2f28be201e5f112485f9c0ff6c450b293cec573a,scored,0.0,0.0,verified_zero,False,False,False,True,True
,,,,,,2010,17,REG,2010_17_CAR_ATL,ATL,CAR,0,0,0,0,0,0,0,0,0,0,0,0,,,0,,0,0,0,0,0,0,0,0,0,0,,0,0,0,0,0,0,0,0,0,0,0,0,0,0,,0,0,0,0,0,,0.0,0.0,0.0,0,0,0,0,0,0,0,0.0,0.0,0,0,0,0,0,0,0,0,0,0,0,0,0,0,0,0,0,0,1,1,0,0,0,0,0,0,0,0,0,0,0,0,0,,,0,0,0,0,0,0,0,0,0,0,0,0,,,,0,0,0,0,0,0,0,,0,0,0,0,0,0,0,,0,0,0,0,0,0,0,0,0,0,0.0,0.0,stats_player_week_2010.parquet,16882,90992f88abffb2406f933f5c2f28be201e5f112485f9c0ff6c450b293cec573a,scored,0.0,0.0,verified_zero,False,False,False,True,False
,,,,,,2010,18,POST,2010_18_NO_SEA,NO,SEA,0,0,0,0,0,0,0,0,0,0,0,0,,,0,,0,0,0,0,0,0,0,0,0,0,,0,0,0,0,0,0,0,0,0,0,0,0,0,0,,0,0,0,0,0,,0.0,0.0,0.0,0,0,0,0,0,0,0,0.0,0.0,0,0,0,0,0,0,0,0,0,0,0,0,0,0,0,0,0,0,0,0,0,0,0,0,0,0,0,0,0,0,0,0,0,,,0,0,0,0,0,0,0,0,0,0,0,0,,,,0,0,0,0,0,0,0,,0,0,0,0,0,0,0,,0,0,0,0,0,0,0,0,0,0,0.0,0.0,stats_player_week_2010.parquet,17129,90992f88abffb2406f933f5c2f28be201e5f112485f9c0ff6c450b293cec573a,scored,0.0,0.0,verified_zero,False,False,False,False,False
,Team,,,,,2010,19,POST,2010_19_BAL_PIT,BAL,PIT,0,0,0,0,0,0,0,0,0,0,0,0,,,0,,0,0,0,0,0,0,0,0,0,0,,0,0,0,0,0,0,0,0,0,0,0,0,0,0,,0,0,0,0,0,,0.0,0.0,0.0,0,2,0,0,0,0,0,0.0,0.0,0,0,0,0,0,0,0,0,0,0,0,0,0,0,0,0,0,0,0,0,0,0,0,0,0,0,0,0,0,0,0,0,0,,,0,0,0,0,0,0,0,0,0,0,0,0,,,,0,0,0,0,0,0,0,,0,0,0,0,0,0,0,,0,0,0,0,0,0,0,0,0,0,0.0,0.0,stats_player_week_2010.parquet,17393,90992f88abffb2406f933f5c2f28be201e5f112485f9c0ff6c450b293cec573a,scored,0.0,0.0,verified_zero,False,False,False,False,False
,Team,,,,,2010,20,POST,2010_20_GB_CHI,GB,CHI,0,0,0,0,0,0,0,0,0,0,0,0,,,0,,0,0,0,0,0,0,0,0,0,0,,0,0,0,0,0,0,0,0,0,0,0,0,0,0,,0,0,0,0,0,,0.0,0.0,0.0,0,1,0,0,0,0,0,0.0,0.0,0,0,0,0,0,0,0,0,0,0,0,0,0,0,0,0,0,0,0,0,0,0,0,0,0,0,0,0,0,0,0,0,0,,,0,0,0,0,0,0,0,0,0,0,0,0,,,,0,0,0,0,0,0,0,,0,0,0,0,0,0,0,,0,0,0,0,0,0,0,0,0,0,0.0,0.0,stats_player_week_2010.parquet,17523,90992f88abffb2406f933f5c2f28be201e5f112485f9c0ff6c450b293cec573a,scored,0.0,0.0,verified_zero,False,False,False,False,False
,,,,,,2010,21,POST,2010_21_PIT_GB,PIT,GB,0,0,0,0,0,0,0,0,0,0,0,0,,,0,,0,0,0,0,0,0,0,0,0,0,,0,0,0,0,0,0,0,0,0,0,0,0,0,0,,0,0,0,0,0,,0.0,0.0,0.0,0,0,0,0,0,0,0,0.0,0.0,0,0,0,0,0,0,0,0,0,0,0,0,0,0,0,0,0,0,0,0,0,0,0,0,0,0,0,0,0,0,0,0,0,,,0,0,0,0,0,0,0,0,0,0,0,0,,,,0,0,0,0,0,0,0,,0,0,0,0,0,0,0,,0,0,0,0,0,0,0,0,0,0,0.0,0.0,stats_player_week_2010.parquet,17589,90992f88abffb2406f933f5c2f28be201e5f112485f9c0ff6c450b293cec573a,scored,0.0,0.0,verified_zero,False,False,False,False,False
,,,,,,2011,1,REG,2011_01_NO_GB,GB,NO,0,0,0,0,0,0,0,0,0,0,0,0,,,0,,0,0,0,0,0,0,0,0,0,0,,0,0,0,0,0,0,0,0,0,0,0,0,0,0,,0,0,0,0,0,,0.0,0.0,0.0,0,0,0,0,0,0,0,0.0,0.0,0,0,0,0,0,0,0,0,0,0,0,0,0,0,0,0,0,0,3,18,0,0,0,0,0,0,0,0,0,0,0,0,0,,,0,0,0,0,0,0,0,0,0,0,0,0,,,,0,0,0,0,0,0,0,,0,0,0,0,0,0,0,,0,0,0,0,0,0,0,0,0,0,0.0,0.0,stats_player_week_2011.parquet,1036,f5c12ba8c217238ed3cb3f8b0aa44d328176a0a08ef548c127bb1af4ad0ac28d,scored,0.0,0.0,verified_zero,False,False,False,True,True
,Team,,,,,2011,2,REG,2011_02_OAK_BUF,LV,BUF,0,0,0,0,0,0,0,0,0,0,0,0,,,0,,0,0,0,0,0,0,0,0,0,0,,0,0,0,0,0,0,0,0,0,0,0,0,0,0,,0,0,0,0,0,,0.0,0.0,0.0,0,1,0,0,0,0,0,0.0,0.0,0,0,0,0,0,0,0,0,0,0,0,0,0,0,0,0,0,0,8,50,0,0,0,0,0,0,0,0,0,0,0,0,0,,,0,0,0,0,0,0,0,0,0,0,0,0,,,,0,0,0,0,0,0,0,,0,0,0,0,0,0,0,,0,0,0,0,0,0,0,0,0,0,0.0,0.0,stats_player_week_2011.parquet,2085,f5c12ba8c217238ed3cb3f8b0aa44d328176a0a08ef548c127bb1af4ad0ac28d,scored,0.0,0.0,verified_zero,False,False,False,True,True
,Team,,,,,2011,3,REG,2011_03_NE_BUF,NE,BUF,0,0,0,0,0,0,0,0,0,0,0,0,,,0,,0,0,0,0,0,0,0,0,0,0,,0,0,0,0,0,0,0,0,0,0,0,0,0,0,,0,0,0,0,0,,0.0,0.0,0.0,0,3,0,0,0,0,0,0.0,0.0,0,0,0,0,0,0,1,0,0,0,0,0,0,0,0,0,0,0,1,5,0,0,0,0,0,0,0,0,0,0,0,0,0,,,0,0,0,0,0,0,0,0,0,0,0,0,,,,0,0,0,0,0,0,0,,0,0,0,0,0,0,0,,0,0,0,0,0,0,0,0,0,0,0.0,0.0,stats_player_week_2011.parquet,3126,f5c12ba8c217238ed3cb3f8b0aa44d328176a0a08ef548c127bb1af4ad0ac28d,scored,0.0,0.0,verified_zero,False,False,False,True,True
,Team,,,,,2011,4,REG,2011_04_CAR_CHI,CAR,CHI,0,0,0,0,0,0,0,0,0,0,0,0,,,0,,0,0,0,0,0,0,0,0,0,0,,0,0,0,0,0,0,0,0,0,0,0,0,0,0,,0,0,0,0,0,,0.0,0.0,0.0,0,2,0,0,0,0,0,1.0,0.0,0,0,0,0,0,0,0,0,0,0,0,0,0,0,0,0,0,0,1,5,0,0,0,0,0,0,0,0,0,0,0,0,0,,,0,0,0,0,0,0,0,0,0,0,0,0,,,,0,0,0,0,0,0,0,,0,0,0,0,0,0,0,,0,0,0,0,0,0,0,0,0,0,0.0,0.0,stats_player_week_2011.parquet,4174,f5c12ba8c217238ed3cb3f8b0aa44d328176a0a08ef548c127bb1af4ad0ac28d,scored,0.0,0.0,verified_zero,False,False,False,True,True
,Team,,,,,2011,5,REG,2011_05_PHI_BUF,PHI,BUF,0,0,0,0,0,0,0,0,0,0,0,0,,,0,,0,0,0,0,0,0,0,0,0,0,,0,0,0,0,0,0,0,0,0,0,0,0,0,0,,0,0,0,0,0,,0.0,0.0,0.0,0,1,0,0,0,0,0,0.0,0.0,0,0,0,0,0,0,0,0,0,0,0,0,0,0,0,0,0,0,6,50,0,0,0,0,0,0,0,0,0,0,0,0,0,,,0,0,0,0,0,0,0,0,0,0,0,0,,,,0,0,0,0,0,0,0,,0,0,0,0,0,0,0,,0,0,0,0,0,0,0,0,0,0,0.0,0.0,stats_player_week_2011.parquet,5023,f5c12ba8c217238ed3cb3f8b0aa44d328176a0a08ef548c127bb1af4ad0ac28d,scored,0.0,0.0,verified_zero,False,False,False,True,True
,Team,,,,,2011,6,REG,2011_06_CAR_ATL,ATL,CAR,0,0,0,0,0,0,0,0,0,0,0,0,,,0,,0,0,0,0,0,0,0,0,0,0,,0,0,0,0,0,0,0,0,0,0,0,0,0,0,,0,0,0,0,0,,0.0,0.0,0.0,0,2,0,0,0,0,0,0.0,0.0,0,0,0,0,0,0,0,0,0,0,0,0,0,0,0,0,0,0,6,40,0,0,0,0,0,0,0,0,0,0,0,0,0,,,0,0,0,0,0,0,0,0,0,0,0,0,,,,0,0,0,0,0,0,0,,0,0,0,0,0,0,0,,0,0,0,0,0,0,0,0,0,0,0.0,0.0,stats_player_week_2011.parquet,5869,f5c12ba8c217238ed3cb3f8b0aa44d328176a0a08ef548c127bb1af4ad0ac28d,scored,0.0,0.0,verified_zero,False,False,False,True,True
,,,,,,2011,7,REG,2011_07_WAS_CAR,CAR,WAS,0,0,0,0,0,0,0,0,0,0,0,0,,,0,,0,0,0,0,0,0,0,0,0,0,,0,0,0,0,0,0,0,0,0,0,0,0,0,0,,0,0,0,0,0,,0.0,0.0,0.0,0,0,0,0,0,0,0,0.0,0.0,0,0,0,0,0,0,1,0,0,0,0,0,0,0,0,0,0,0,2,10,0,0,0,0,0,0,0,0,0,0,0,0,0,,,0,0,0,0,0,0,0,0,0,0,0,0,,,,0,0,0,0,0,0,0,,0,0,0,0,0,0,0,,0,0,0,0,0,0,0,0,0,0,0.0,0.0,stats_player_week_2011.parquet,6724,f5c12ba8c217238ed3cb3f8b0aa44d328176a0a08ef548c127bb1af4ad0ac28d,scored,0.0,0.0,verified_zero,False,False,False,True,True
,,,,,,2011,8,REG,2011_08_ARI_BAL,ARI,BAL,0,0,0,0,0,0,0,0,0,0,0,0,,,0,,0,0,0,0,0,0,0,0,0,0,,0,0,0,0,0,0,0,0,0,0,0,0,0,0,,0,0,0,0,0,,0.0,0.0,0.0,0,0,0,0,0,0,0,0.0,0.0,0,0,0,0,0,0,1,0,0,0,0,0,0,0,0,0,0,0,0,0,0,0,0,0,0,0,0,0,0,0,0,0,0,,,0,0,0,0,0,0,0,0,0,0,0,0,,,,0,0,0,0,0,0,0,,0,0,0,0,0,0,0,,0,0,0,0,0,0,0,0,0,0,0.0,0.0,stats_player_week_2011.parquet,7589,f5c12ba8c217238ed3cb3f8b0aa44d328176a0a08ef548c127bb1af4ad0ac28d,scored,0.0,0.0,verified_zero,False,False,False,True,True
,Team,,,,,2011,9,REG,2011_09_NYJ_BUF,BUF,NYJ,0,0,0,0,0,0,0,0,0,0,0,0,,,0,,0,0,0,0,0,0,0,0,0,0,,0,0,0,0,0,0,0,0,0,0,0,0,0,0,,0,0,0,0,0,,0.0,0.0,0.0,0,1,0,0,0,0,0,0.0,0.0,0,0,0,0,0,0,1,0,0,0,0,0,0,0,0,0,0,0,5,25,0,0,0,0,0,0,0,0,0,0,0,0,0,,,0,0,0,0,0,0,0,0,0,0,0,0,,,,0,0,0,0,0,0,0,,0,0,0,0,0,0,0,,0,0,0,0,0,0,0,0,0,0,0.0,0.0,stats_player_week_2011.parquet,8514,f5c12ba8c217238ed3cb3f8b0aa44d328176a0a08ef548c127bb1af4ad0ac28d,scored,0.0,0.0,verified_zero,False,False,False,True,True
,,,,,,2011,10,REG,2011_10_OAK_SD,LV,LAC,0,0,0,0,0,0,0,0,0,0,0,0,,,0,,0,0,0,0,0,0,0,0,0,0,,0,0,0,0,0,0,0,0,0,0,0,0,0,0,,0,0,0,0,0,,0.0,0.0,0.0,0,0,0,0,0,0,0,0.0,0.0,0,0,0,0,0,0,1,0,0,0,0,0,0,0,0,0,0,0,3,25,0,0,0,0,0,0,0,0,0,0,0,0,0,,,0,0,0,0,0,0,0,0,0,0,0,0,,,,0,0,0,0,0,0,0,,0,0,0,0,0,0,0,,0,0,0,0,0,0,0,0,0,0,0.0,0.0,stats_player_week_2011.parquet,9533,f5c12ba8c217238ed3cb3f8b0aa44d328176a0a08ef548c127bb1af4ad0ac28d,scored,0.0,0.0,verified_zero,False,False,False,True,True
,Team,,,,,2011,11,REG,2011_11_NYJ_DEN,DEN,NYJ,0,0,0,0,0,0,0,0,0,0,0,0,,,0,,0,0,0,0,0,0,0,0,0,0,,0,0,0,0,0,0,0,0,0,0,0,0,0,0,,0,0,0,0,0,,0.0,0.0,0.0,0,1,0,0,0,0,0,0.0,0.0,0,0,0,0,0,0,0,0,0,0,0,0,0,0,0,0,0,0,0,0,0,0,0,0,0,0,0,0,0,0,0,0,0,,,0,0,0,0,0,0,0,0,0,0,0,0,,,,0,0,0,0,0,0,0,,0,0,0,0,0,0,0,,0,0,0,0,0,0,0,0,0,0,0.0,0.0,stats_player_week_2011.parquet,10465,f5c12ba8c217238ed3cb3f8b0aa44d328176a0a08ef548c127bb1af4ad0ac28d,scored,0.0,0.0,verified_zero,False,False,False,True,True
,Team,,,,,2011,12,REG,2011_12_GB_DET,DET,GB,0,0,0,0,0,0,0,0,0,0,0,0,,,0,,0,0,0,0,0,0,0,0,0,0,,0,0,0,0,0,0,0,0,0,0,0,0,0,0,,0,0,0,0,0,,0.0,0.0,0.0,0,1,0,0,0,0,0,0.0,0.0,0,0,0,0,0,0,0,0,0,0,0,0,0,0,0,0,0,0,2,10,0,0,0,0,0,0,0,0,0,0,0,0,0,,,0,0,0,0,0,0,0,0,0,0,0,0,,,,0,0,0,0,0,0,0,,0,0,0,0,0,0,0,,0,0,0,0,0,0,0,0,0,0,0.0,0.0,stats_player_week_2011.parquet,11500,f5c12ba8c217238ed3cb3f8b0aa44d328176a0a08ef548c127bb1af4ad0ac28d,scored,0.0,0.0,verified_zero,False,False,False,True,True
,Team,,,,,2011,13,REG,2011_13_PHI_SEA,SEA,PHI,0,0,0,0,0,0,0,0,0,0,0,0,,,0,,0,0,0,0,0,0,0,0,0,0,,0,0,0,0,0,0,0,0,0,0,0,0,0,0,,0,0,0,0,0,,0.0,0.0,0.0,0,2,0,0,0,0,0,0.0,0.0,0,0,0,0,0,0,0,0,0,0,0,0,0,0,0,0,0,0,2,10,0,0,0,0,0,0,0,0,0,0,0,0,0,,,0,0,0,0,0,0,0,0,0,0,0,0,,,,0,0,0,0,0,0,0,,0,0,0,0,0,0,0,,0,0,0,0,0,0,0,0,0,0,0.0,0.0,stats_player_week_2011.parquet,12524,f5c12ba8c217238ed3cb3f8b0aa44d328176a0a08ef548c127bb1af4ad0ac28d,scored,0.0,0.0,verified_zero,False,False,False,True,True
,,,,,,2011,14,REG,2011_14_CLE_PIT,CLE,PIT,0,0,0,0,0,0,0,0,0,0,0,0,,,0,,0,0,0,0,0,0,0,0,0,0,,0,0,0,0,0,0,0,0,0,0,0,0,0,0,,0,0,0,0,0,,0.0,0.0,0.0,0,0,0,0,0,0,0,0.0,0.0,0,0,0,0,0,0,0,0,0,0,0,0,0,0,0,0,0,0,4,36,0,0,0,0,0,0,0,0,0,0,0,0,0,,,0,0,0,0,0,0,0,0,0,0,0,0,,,,0,0,0,0,0,0,0,,0,0,0,0,0,0,0,,0,0,0,0,0,0,0,0,0,0,0.0,0.0,stats_player_week_2011.parquet,13594,f5c12ba8c217238ed3cb3f8b0aa44d328176a0a08ef548c127bb1af4ad0ac28d,scored,0.0,0.0,verified_zero,False,False,False,True,True
,Team,,,,,2011,15,REG,2011_15_JAX_ATL,ATL,JAX,0,0,0,0,0,0,0,0,0,0,0,0,,,0,,0,0,0,0,0,0,0,0,0,0,,0,0,0,0,0,0,0,0,0,0,0,0,0,0,,0,0,0,0,0,,0.0,0.0,0.0,0,1,0,0,0,0,0,0.0,0.0,0,0,0,0,0,0,0,0,0,0,0,0,0,0,0,0,0,0,7,45,0,0,0,0,0,0,0,0,0,0,0,0,0,,,0,0,0,0,0,0,0,0,0,0,0,0,,,,0,0,0,0,0,0,0,,0,0,0,0,0,0,0,,0,0,0,0,0,0,0,0,0,0,0.0,0.0,stats_player_week_2011.parquet,14641,f5c12ba8c217238ed3cb3f8b0aa44d328176a0a08ef548c127bb1af4ad0ac28d,scored,0.0,0.0,verified_zero,False,False,False,True,True
,,,,,,2011,16,REG,2011_16_HOU_IND,IND,HOU,0,0,0,0,0,0,0,0,0,0,0,0,,,0,,0,0,0,0,0,0,0,0,0,0,,0,0,0,0,0,0,0,0,0,0,0,0,0,0,,0,0,0,0,0,,0.0,0.0,0.0,0,0,0,0,0,0,0,0.0,0.0,0,0,0,0,0,0,0,0,0,0,0,0,0,0,0,0,0,0,1,5,0,0,0,0,0,0,0,0,0,0,0,0,0,,,0,0,0,0,0,0,0,0,0,0,0,0,,,,0,0,0,0,0,0,0,,0,0,0,0,0,0,0,,0,0,0,0,0,0,0,0,0,0,0.0,0.0,stats_player_week_2011.parquet,15694,f5c12ba8c217238ed3cb3f8b0aa44d328176a0a08ef548c127bb1af4ad0ac28d,scored,0.0,0.0,verified_zero,False,False,False,True,True
,,,,,,2011,17,REG,2011_17_DET_GB,GB,DET,0,0,0,0,0,0,0,0,0,0,0,0,,,0,,0,0,0,0,0,0,0,0,0,0,,0,0,0,0,0,0,0,0,0,0,0,0,0,0,,0,0,0,0,0,,0.0,0.0,0.0,0,0,0,0,0,0,0,0.0,0.0,0,0,0,0,0,0,1,0,0,0,0,0,0,0,0,0,0,0,0,0,0,0,0,0,0,0,0,0,0,0,0,0,0,,,0,0,0,0,0,0,0,0,0,0,0,0,,,,0,0,0,0,0,0,0,,0,0,0,0,0,0,0,,0,0,0,0,0,0,0,0,0,0,0.0,0.0,stats_player_week_2011.parquet,16738,f5c12ba8c217238ed3cb3f8b0aa44d328176a0a08ef548c127bb1af4ad0ac28d,scored,0.0,0.0,verified_zero,False,False,False,True,False
,,,,,,2011,18,POST,2011_18_CIN_HOU,HOU,CIN,0,0,0,0,0,0,0,0,0,0,0,0,,,0,,0,0,0,0,0,0,0,0,0,0,,0,0,0,0,0,0,0,0,0,0,0,0,0,0,,0,0,0,0,0,,0.0,0.0,0.0,0,0,0,0,0,0,0,0.0,0.0,0,0,0,0,0,0,1,0,0,0,0,0,0,0,0,0,0,0,4,20,0,0,0,0,0,0,0,0,0,0,0,0,0,,,0,0,0,0,0,0,0,0,0,0,0,0,,,,0,0,0,0,0,0,0,,0,0,0,0,0,0,0,,0,0,0,0,0,0,0,0,0,0,0.0,0.0,stats_player_week_2011.parquet,16987,f5c12ba8c217238ed3cb3f8b0aa44d328176a0a08ef548c127bb1af4ad0ac28d,scored,0.0,0.0,verified_zero,False,False,False,False,False
,,,,,,2011,19,POST,2011_19_NO_SF,NO,SF,0,0,0,0,0,0,0,0,0,0,0,0,,,0,,0,0,0,0,0,0,0,0,0,0,,0,0,0,0,0,0,0,0,0,0,0,0,0,0,,0,0,0,0,0,,0.0,0.0,0.0,0,0,0,0,0,0,0,0.0,0.0,0,0,0,0,0,0,0,0,0,0,0,0,0,0,0,0,0,0,1,5,0,0,0,0,0,0,0,0,0,0,0,0,0,,,0,0,0,0,0,0,0,0,0,0,0,0,,,,0,0,0,0,0,0,0,,0,0,0,0,0,0,0,,0,0,0,0,0,0,0,0,0,0,0.0,0.0,stats_player_week_2011.parquet,17245,f5c12ba8c217238ed3cb3f8b0aa44d328176a0a08ef548c127bb1af4ad0ac28d,scored,0.0,0.0,verified_zero,False,False,False,False,False
,,,,,,2011,20,POST,2011_20_BAL_NE,BAL,NE,0,0,0,0,0,0,0,0,0,0,0,0,,,0,,0,0,0,0,0,0,0,0,0,0,,0,0,0,0,0,0,0,0,0,0,0,0,0,0,,0,0,0,0,0,,0.0,0.0,0.0,0,0,0,0,0,0,0,0.0,0.0,0,0,0,0,0,0,0,0,0,0,0,0,0,0,0,0,0,0,1,5,0,0,0,0,0,0,0,0,0,0,0,0,0,,,0,0,0,0,0,0,0,0,0,0,0,0,,,,0,0,0,0,0,0,0,,0,0,0,0,0,0,0,,0,0,0,0,0,0,0,0,0,0,0.0,0.0,stats_player_week_2011.parquet,17375,f5c12ba8c217238ed3cb3f8b0aa44d328176a0a08ef548c127bb1af4ad0ac28d,scored,0.0,0.0,verified_zero,False,False,False,False,False
,,,,,,2011,21,POST,2011_21_NYG_NE,NYG,NE,0,0,0,0,0,0,0,0,0,0,0,0,,,0,,0,0,0,0,0,0,0,0,0,0,,0,0,0,0,0,0,0,0,0,0,0,0,0,0,,0,0,0,0,0,,0.0,0.0,0.0,0,0,0,0,0,0,0,0.0,0.0,0,0,0,0,0,0,1,0,0,0,0,0,0,0,0,0,0,0,1,5,0,0,0,0,0,0,0,0,0,0,0,0,0,,,0,0,0,0,0,0,0,0,0,0,0,0,,,,0,0,0,0,0,0,0,,0,0,0,0,0,0,0,,0,0,0,0,0,0,0,0,0,0,0.0,0.0,stats_player_week_2011.parquet,17439,f5c12ba8c217238ed3cb3f8b0aa44d328176a0a08ef548c127bb1af4ad0ac28d,scored,0.0,0.0,verified_zero,False,False,False,False,False
,Team,,,,,2012,1,REG,2012_01_DAL_NYG,NYG,DAL,0,0,0,0,0,0,0,0,0,0,0,0,,,0,,0,0,0,0,0,0,0,0,0,0,,0,0,0,0,0,0,0,0,0,0,0,0,0,0,,0,0,0,0,0,,0.0,0.0,0.0,0,3,0,0,0,0,0,0.0,0.0,0,0,0,0,0,0,0,0,0,0,0,0,0,0,0,0,0,0,3,15,0,0,0,0,0,0,0,0,0,0,0,0,0,,,0,0,0,0,0,0,0,0,0,0,0,0,,,,0,0,0,0,0,0,0,,0,0,0,0,0,0,0,,0,0,0,0,0,0,0,0,0,0,0.0,0.0,stats_player_week_2012.parquet,1034,b33f939c2ec0659c15dc38a5cbc4de20e330008c8f36576ef398877a4ddcd7c9,scored,0.0,0.0,verified_zero,False,False,False,True,True
,,,,,,2012,2,REG,2012_02_CHI_GB,GB,CHI,0,0,0,0,0,0,0,0,0,0,0,0,,,0,,0,0,0,0,0,0,0,0,0,0,,0,0,0,0,0,0,0,0,0,0,0,0,0,0,,0,0,0,0,0,,0.0,0.0,0.0,0,0,0,0,0,0,0,0.0,0.0,0,0,0,0,0,0,0,0,0,0,0,0,0,0,0,0,0,0,6,29,0,0,0,0,0,0,0,0,0,0,0,0,0,,,0,0,0,0,0,0,0,0,0,0,0,0,,,,0,0,0,0,0,0,0,,0,0,0,0,0,0,0,,0,0,0,0,0,0,0,0,0,0,0.0,0.0,stats_player_week_2012.parquet,2081,b33f939c2ec0659c15dc38a5cbc4de20e330008c8f36576ef398877a4ddcd7c9,scored,0.0,0.0,verified_zero,False,False,False,True,True
,Team,,,,,2012,3,REG,2012_03_NYG_CAR,NYG,CAR,0,0,0,0,0,0,0,0,0,0,0,0,,,0,,0,0,0,0,0,0,0,0,0,0,,0,0,0,0,0,0,0,0,0,0,0,0,0,0,,0,0,0,0,0,,0.0,0.0,0.0,0,1,0,0,0,0,0,0.0,0.0,0,0,0,0,0,0,0,0,0,0,0,0,0,0,0,0,0,0,3,40,0,0,0,0,0,0,0,0,0,0,0,0,0,,,0,0,0,0,0,0,0,0,0,0,0,0,,,,0,0,0,0,0,0,0,,0,0,0,0,0,0,0,,0,0,0,0,0,0,0,0,0,0,0.0,0.0,stats_player_week_2012.parquet,3127,b33f939c2ec0659c15dc38a5cbc4de20e330008c8f36576ef398877a4ddcd7c9,scored,0.0,0.0,verified_zero,False,False,False,True,True
,,,,,,2012,4,REG,2012_04_CLE_BAL,CLE,BAL,0,0,0,0,0,0,0,0,0,0,0,0,,,0,,0,0,0,0,0,0,0,0,0,0,,0,0,0,0,0,0,0,0,0,0,0,0,0,0,,0,0,0,0,0,,0.0,0.0,0.0,0,0,0,0,0,0,0,0.0,0.0,0,0,0,0,0,0,0,0,0,0,0,0,0,0,0,0,0,0,1,15,0,0,0,0,0,0,0,0,0,0,0,0,0,,,0,0,0,0,0,0,0,0,0,0,0,0,,,,0,0,0,0,0,0,0,,0,0,0,0,0,0,0,,0,0,0,0,0,0,0,0,0,0,0.0,0.0,stats_player_week_2012.parquet,4087,b33f939c2ec0659c15dc38a5cbc4de20e330008c8f36576ef398877a4ddcd7c9,scored,0.0,0.0,verified_zero,False,False,False,True,True
,,,,,,2012,5,REG,2012_05_ARI_STL,LA,ARI,0,0,0,0,0,0,0,0,0,0,0,0,,,0,,0,0,0,0,0,0,0,0,0,0,,0,0,0,0,0,0,0,0,0,0,0,0,0,0,,0,0,0,0,0,,0.0,0.0,0.0,0,0,0,0,0,0,0,0.0,0.0,0,0,0,0,0,0,0,0,0,0,0,0,0,0,0,0,0,0,3,25,0,0,0,0,0,0,0,0,0,0,0,0,0,,,0,0,0,0,0,0,0,0,0,0,0,0,,,,0,0,0,0,0,0,0,,0,0,0,0,0,0,0,,0,0,0,0,0,0,0,0,0,0,0.0,0.0,stats_player_week_2012.parquet,5012,b33f939c2ec0659c15dc38a5cbc4de20e330008c8f36576ef398877a4ddcd7c9,scored,0.0,0.0,verified_zero,False,False,False,True,True
,D.Bryant,,,,,2012,6,REG,2012_06_PIT_TEN,TEN,PIT,0,0,0,0,0,0,0,0,0,0,0,0,,,0,,0,0,0,0,0,0,0,0,0,0,,0,0,0,0,0,2,2,11,0,0,0,17,-6,1,,0,1,1,0,0,0.6470588235294118,0.045454545454545456,0.03811659192825112,0.09486343253159396,0,0,0,0,0,0,0,0.0,0.0,0,0,0,0,0,0,0,0,0,0,0,0,0,0,0,0,0,0,2,10,0,0,0,0,0,0,0,0,0,0,0,0,0,,,0,0,0,0,0,0,0,0,0,0,0,0,,,,0,0,0,0,0,0,0,,0,0,0,0,0,0,0,,0,0,0,0,0,0,0,0,0,0,1.1,3.1,stats_player_week_2012.parquet,5926,b33f939c2ec0659c15dc38a5cbc4de20e330008c8f36576ef398877a4ddcd7c9,scored,3.1,3.1,known_nonzero,True,True,False,True,True
,Team,,,,,2012,7,REG,2012_07_SEA_SF,SF,SEA,0,0,0,0,0,0,0,0,0,0,0,0,,,0,,0,0,0,0,0,0,0,0,0,0,,0,0,0,0,0,0,0,0,0,0,0,0,0,0,,0,0,0,0,0,,0.0,0.0,0.0,0,1,0,0,0,0,0,0.0,0.0,0,0,0,0,0,0,1,0,0,0,0,0,0,0,0,0,0,0,3,10,0,0,0,0,0,0,0,0,0,0,0,0,0,,,0,0,0,0,0,0,0,0,0,0,0,0,,,,0,0,0,0,0,0,0,,0,0,0,0,0,0,0,,0,0,0,0,0,0,0,0,0,0,0.0,0.0,stats_player_week_2012.parquet,6772,b33f939c2ec0659c15dc38a5cbc4de20e330008c8f36576ef398877a4ddcd7c9,scored,0.0,0.0,verified_zero,False,False,False,True,True
,Team,,,,,2012,8,REG,2012_08_TB_MIN,MIN,TB,0,0,0,0,0,0,0,0,0,0,0,0,,,0,,0,0,0,0,0,0,0,0,0,0,,0,0,0,0,0,0,0,0,0,0,0,0,0,0,,0,0,0,0,0,,0.0,0.0,0.0,0,1,0,0,0,0,0,0.0,0.0,0,0,0,0,0,0,0,0,0,0,0,0,0,0,0,0,0,0,0,0,0,0,0,0,0,0,0,0,0,0,0,0,0,,,0,0,0,0,0,0,0,0,0,0,0,0,,,,0,0,0,0,0,0,0,,0,0,0,0,0,0,0,,0,0,0,0,0,0,0,0,0,0,0.0,0.0,stats_player_week_2012.parquet,7674,b33f939c2ec0659c15dc38a5cbc4de20e330008c8f36576ef398877a4ddcd7c9,scored,0.0,0.0,verified_zero,False,False,False,True,True
,Team,,,,,2012,9,REG,2012_09_KC_SD,LAC,KC,0,0,0,0,0,0,0,0,0,0,0,0,,,0,,0,0,0,0,0,0,0,0,0,0,,0,0,0,0,0,0,0,0,0,0,0,0,0,0,,0,0,0,0,0,,0.0,0.0,0.0,0,1,0,0,1,10,0,0.0,0.0,0,0,0,0,0,0,1,0,0,0,0,0,0,0,0,0,0,0,2,10,0,0,0,0,0,0,0,0,0,0,0,0,0,,,0,0,0,0,0,0,0,0,0,0,0,0,,,,0,0,0,0,0,0,0,,0,0,0,0,0,0,0,,0,0,0,0,0,0,0,0,0,0,0.0,0.0,stats_player_week_2012.parquet,8609,b33f939c2ec0659c15dc38a5cbc4de20e330008c8f36576ef398877a4ddcd7c9,scored,0.0,0.0,verified_zero,False,False,False,True,True
,,,,,,2012,10,REG,2012_10_IND_JAX,JAX,IND,0,0,0,0,0,0,0,0,0,0,0,0,,,0,,0,0,0,0,0,0,0,0,0,0,,0,0,0,0,0,0,0,0,0,0,0,0,0,0,,0,0,0,0,0,,0.0,0.0,0.0,0,0,0,0,0,0,0,0.0,0.0,0,0,0,0,0,0,0,0,0,0,0,0,0,0,0,0,0,0,4,40,0,0,0,0,0,0,0,0,0,0,0,0,0,,,0,0,0,0,0,0,0,0,0,0,0,0,,,,0,0,0,0,0,0,0,,0,0,0,0,0,0,0,,0,0,0,0,0,0,0,0,0,0,0.0,0.0,stats_player_week_2012.parquet,9525,b33f939c2ec0659c15dc38a5cbc4de20e330008c8f36576ef398877a4ddcd7c9,scored,0.0,0.0,verified_zero,False,False,False,True,True
,Team,,,,,2012,11,REG,2012_11_MIA_BUF,MIA,BUF,0,0,0,0,0,0,0,0,0,0,0,0,,,0,,0,0,0,0,0,0,0,0,0,0,,0,0,0,0,0,0,0,0,0,0,0,0,0,0,,0,0,0,0,0,,0.0,0.0,0.0,0,4,0,0,0,0,0,0.0,0.0,0,0,0,0,0,0,0,0,0,0,0,0,0,0,0,0,0,0,2,20,0,0,0,0,0,0,0,0,0,0,0,0,0,,,0,0,0,0,0,0,0,0,0,0,0,0,,,,0,0,0,0,0,0,0,,0,0,0,0,0,0,0,,0,0,0,0,0,0,0,0,0,0,0.0,0.0,stats_player_week_2012.parquet,10461,b33f939c2ec0659c15dc38a5cbc4de20e330008c8f36576ef398877a4ddcd7c9,scored,0.0,0.0,verified_zero,False,False,False,True,True
,,,,,,2012,12,REG,2012_12_HOU_DET,DET,HOU,0,0,0,0,0,0,0,0,0,0,0,0,,,0,,0,0,0,0,0,0,0,0,0,0,,0,0,0,0,0,0,0,0,0,0,0,0,0,0,,0,0,0,0,0,,0.0,0.0,0.0,0,0,0,0,0,0,0,0.0,0.0,0,0,0,0,0,0,1,0,0,0,0,0,0,0,0,0,0,0,7,50,0,0,0,0,0,0,0,0,0,0,0,0,0,,,0,0,0,0,0,0,0,0,0,0,0,0,,,,0,0,0,0,0,0,0,,0,0,0,0,0,0,0,,0,0,0,0,0,0,0,0,0,0,0.0,0.0,stats_player_week_2012.parquet,11509,b33f939c2ec0659c15dc38a5cbc4de20e330008c8f36576ef398877a4ddcd7c9,scored,0.0,0.0,verified_zero,False,False,False,True,True
,Team,,,,,2012,13,REG,2012_13_NO_ATL,ATL,NO,0,0,0,0,0,0,0,0,0,0,0,0,,,0,,0,0,0,0,0,0,0,0,0,0,,0,0,0,0,0,0,0,0,0,0,0,0,0,0,,0,0,0,0,0,,0.0,0.0,0.0,0,5,0,0,0,0,0,0.0,0.0,0,0,0,0,0,0,1,0,0,0,0,0,0,0,0,0,0,0,4,20,0,0,0,0,0,0,0,0,0,0,0,0,0,,,0,0,0,0,0,0,0,0,0,0,0,0,,,,0,0,0,0,0,0,0,,0,0,0,0,0,0,0,,0,0,0,0,0,0,0,0,0,0,0.0,0.0,stats_player_week_2012.parquet,12535,b33f939c2ec0659c15dc38a5cbc4de20e330008c8f36576ef398877a4ddcd7c9,scored,0.0,0.0,verified_zero,False,False,False,True,True
,Team,,,,,2012,14,REG,2012_14_DEN_OAK,DEN,LV,0,0,0,0,0,0,0,0,0,0,0,0,,,0,,0,0,0,0,0,0,0,0,0,0,,0,0,0,0,0,0,0,0,0,0,0,0,0,0,,0,0,0,0,0,,0.0,0.0,0.0,0,3,0,0,0,0,0,0.0,0.0,0,0,0,0,0,0,0,0,0,0,0,0,0,0,0,0,0,0,6,30,0,0,0,0,0,0,0,0,0,0,0,0,0,,,0,0,0,0,0,0,0,0,0,0,0,0,,,,0,0,0,0,0,0,0,,0,0,0,0,0,0,0,,0,0,0,0,0,0,0,0,0,0,0.0,0.0,stats_player_week_2012.parquet,13585,b33f939c2ec0659c15dc38a5cbc4de20e330008c8f36576ef398877a4ddcd7c9,scored,0.0,0.0,verified_zero,False,False,False,True,True
,Team,,,,,2012,15,REG,2012_15_CIN_PHI,CIN,PHI,0,0,0,0,0,0,0,0,0,0,0,0,,,0,,0,0,0,0,0,0,0,0,0,0,,0,0,0,0,0,0,0,0,0,0,0,0,0,0,,0,0,0,0,0,,0.0,0.0,0.0,0,4,0,0,0,0,1,1.0,9.0,0,0,0,0,0,0,0,0,0,0,0,0,0,0,0,0,0,0,5,39,0,0,0,0,0,0,0,0,0,0,0,0,0,,,0,0,0,0,0,0,0,0,0,0,0,0,,,,0,0,0,0,0,0,0,,0,0,0,0,0,0,0,,0,0,0,0,0,0,0,0,0,0,0.0,0.0,stats_player_week_2012.parquet,14630,b33f939c2ec0659c15dc38a5cbc4de20e330008c8f36576ef398877a4ddcd7c9,st_split_unknown,0.0,,unknown,True,False,False,True,True
,,,,,,2012,16,REG,2012_16_ATL_DET,DET,ATL,0,0,0,0,0,0,0,0,0,0,0,0,,,0,,0,0,0,0,0,0,0,0,0,0,,0,0,0,0,0,0,0,0,0,0,0,0,0,0,,0,0,0,0,0,,0.0,0.0,0.0,0,0,0,0,0,0,0,0.0,0.0,0,0,0,0,0,0,0,0,0,0,0,0,0,0,0,0,0,0,2,10,0,0,0,0,0,0,0,0,0,0,0,0,0,,,0,0,0,0,0,0,0,0,0,0,0,0,,,,0,0,0,0,0,0,0,,0,0,0,0,0,0,0,,0,0,0,0,0,0,0,0,0,0,0.0,0.0,stats_player_week_2012.parquet,15677,b33f939c2ec0659c15dc38a5cbc4de20e330008c8f36576ef398877a4ddcd7c9,scored,0.0,0.0,verified_zero,False,False,False,True,True
,Team,,,,,2012,17,REG,2012_17_TB_ATL,ATL,TB,0,0,0,0,0,0,0,0,0,0,0,0,,,0,,0,0,0,0,0,0,0,0,0,0,,0,0,0,0,0,0,0,0,0,0,0,0,0,0,,0,0,0,0,0,,0.0,0.0,0.0,0,1,0,0,0,0,0,0.0,0.0,0,0,0,0,0,0,0,0,0,0,0,0,0,0,0,0,0,0,4,27,0,0,0,0,0,0,0,0,0,0,0,0,0,,,0,0,0,0,0,0,0,0,0,0,0,0,,,,0,0,0,0,0,0,0,,0,0,0,0,0,0,0,,0,0,0,0,0,0,0,0,0,0,0.0,0.0,stats_player_week_2012.parquet,16728,b33f939c2ec0659c15dc38a5cbc4de20e330008c8f36576ef398877a4ddcd7c9,scored,0.0,0.0,verified_zero,False,False,False,True,False
,,,,,,2012,18,POST,2012_18_CIN_HOU,HOU,CIN,0,0,0,0,0,0,0,0,0,0,0,0,,,0,,0,0,0,0,0,0,0,0,0,0,,0,0,0,0,0,0,0,0,0,0,0,0,0,0,,0,0,0,0,0,,0.0,0.0,0.0,0,0,0,0,0,0,0,0.0,0.0,0,0,0,0,0,0,0,0,0,0,0,0,0,0,0,0,0,0,0,0,0,0,0,0,0,0,0,0,0,0,0,0,0,,,0,0,0,0,0,0,0,0,0,0,0,0,,,,0,0,0,0,0,0,0,,0,0,0,0,0,0,0,,0,0,0,0,0,0,0,0,0,0,0.0,0.0,stats_player_week_2012.parquet,16989,b33f939c2ec0659c15dc38a5cbc4de20e330008c8f36576ef398877a4ddcd7c9,scored,0.0,0.0,verified_zero,False,False,False,False,False
,,,,,,2012,19,POST,2012_19_BAL_DEN,BAL,DEN,0,0,0,0,0,0,0,0,0,0,0,0,,,0,,0,0,0,0,0,0,0,0,0,0,,0,0,0,0,0,0,0,0,0,0,0,0,0,0,,0,0,0,0,0,,0.0,0.0,0.0,0,0,0,0,0,0,0,0.0,0.0,0,0,0,0,0,0,0,0,0,0,0,0,0,0,0,0,0,0,3,11,0,0,0,0,0,0,0,0,0,0,0,0,0,,,0,0,0,0,0,0,0,0,0,0,0,0,,,,0,0,0,0,0,0,0,,0,0,0,0,0,0,0,,0,0,0,0,0,0,0,0,0,0,0.0,0.0,stats_player_week_2012.parquet,17242,b33f939c2ec0659c15dc38a5cbc4de20e330008c8f36576ef398877a4ddcd7c9,scored,0.0,0.0,verified_zero,False,False,False,False,False
,,,,,,2012,20,POST,2012_20_SF_ATL,ATL,SF,0,0,0,0,0,0,0,0,0,0,0,0,,,0,,0,0,0,0,0,0,0,0,0,0,,0,0,0,0,0,0,0,0,0,0,0,0,0,0,,0,0,0,0,0,,0.0,0.0,0.0,0,0,0,0,0,0,0,0.0,0.0,0,0,0,0,0,0,0,0,0,0,0,0,0,0,0,0,0,0,1,5,0,0,0,0,0,0,0,0,0,0,0,0,0,,,0,0,0,0,0,0,0,0,0,0,0,0,,,,0,0,0,0,0,0,0,,0,0,0,0,0,0,0,,0,0,0,0,0,0,0,0,0,0,0.0,0.0,stats_player_week_2012.parquet,17359,b33f939c2ec0659c15dc38a5cbc4de20e330008c8f36576ef398877a4ddcd7c9,scored,0.0,0.0,verified_zero,False,False,False,False,False
,,,,,,2012,21,POST,2012_21_BAL_SF,SF,BAL,0,0,0,0,0,0,0,0,0,0,0,0,,,0,,0,0,0,0,0,0,0,0,0,0,,0,0,0,0,0,0,0,0,0,0,0,0,0,0,,0,0,0,0,0,,0.0,0.0,0.0,0,0,0,0,0,0,0,0.0,0.0,0,0,0,0,0,0,0,0,0,0,0,0,0,0,0,0,0,0,0,0,0,0,0,0,0,0,0,0,0,0,0,0,0,,,0,0,0,0,0,0,0,0,0,0,0,0,,,,0,0,0,0,0,0,0,,0,0,0,0,0,0,0,,0,0,0,0,0,0,0,0,0,0,0.0,0.0,stats_player_week_2012.parquet,17418,b33f939c2ec0659c15dc38a5cbc4de20e330008c8f36576ef398877a4ddcd7c9,scored,0.0,0.0,verified_zero,False,False,False,False,False
,,,,,,2013,1,REG,2013_01_BAL_DEN,BAL,DEN,0,0,0,0,0,0,0,0,0,0,0,0,,,0,,0,0,0,0,0,0,0,0,0,0,,0,0,0,0,0,0,0,0,0,0,0,0,0,0,,0,0,0,0,0,,0.0,0.0,0.0,0,0,0,0,0,0,0,0.0,0.0,0,0,0,0,0,0,2,0,0,0,0,0,0,0,0,0,0,0,9,45,0,0,0,0,0,0,0,0,0,0,0,0,0,,,0,0,0,0,0,0,0,0,0,0,0,0,,,,0,0,0,0,0,0,0,,0,0,0,0,0,0,0,,0,0,0,0,0,0,0,0,0,0,0.0,0.0,stats_player_week_2013.parquet,1006,7d662bc12628085bffdf065e3d6bdb59813f43178c7b543588f336b41b796411,scored,0.0,0.0,verified_zero,False,False,False,True,True
,Team,,,,,2013,2,REG,2013_02_NYJ_NE,NE,NYJ,0,0,0,0,0,0,0,0,0,0,0,0,,,0,,0,0,0,0,0,0,0,0,0,0,,0,0,0,0,0,0,0,0,0,0,0,0,0,0,,0,0,0,0,0,,0.0,0.0,0.0,0,1,0,0,0,0,0,0.0,0.0,0,0,0,0,0,0,1,0,0,0,0,0,0,0,0,0,0,0,4,20,0,0,0,0,0,0,0,0,0,0,0,0,0,,,0,0,0,0,0,0,0,0,0,0,0,0,,,,0,0,0,0,0,0,0,,0,0,0,0,0,0,0,,0,0,0,0,0,0,0,0,0,0,0.0,0.0,stats_player_week_2013.parquet,2024,7d662bc12628085bffdf065e3d6bdb59813f43178c7b543588f336b41b796411,scored,0.0,0.0,verified_zero,False,False,False,True,True
,Team,,,,,2013,3,REG,2013_03_KC_PHI,KC,PHI,0,0,0,0,0,0,0,0,0,0,0,0,,,0,,0,0,0,0,0,0,0,0,0,0,,0,0,0,0,0,0,0,0,0,0,0,0,0,0,,0,0,0,0,0,,0.0,0.0,0.0,0,2,0,0,0,0,0,0.0,0.0,0,0,0,0,0,0,0,0,0,0,0,0,0,0,0,0,0,0,5,45,0,0,0,0,0,0,0,0,0,0,0,0,0,,,0,0,0,0,0,0,0,0,0,0,0,0,,,,0,0,0,0,0,0,0,,0,0,0,0,0,0,0,,0,0,0,0,0,0,0,0,0,0,0.0,0.0,stats_player_week_2013.parquet,3050,7d662bc12628085bffdf065e3d6bdb59813f43178c7b543588f336b41b796411,scored,0.0,0.0,verified_zero,False,False,False,True,True
,Team,,,,,2013,4,REG,2013_04_SF_STL,LA,SF,0,0,0,0,0,0,0,0,0,0,0,0,,,0,,0,0,0,0,0,0,0,0,0,0,,0,0,0,0,0,0,0,0,0,0,0,0,0,0,,0,0,0,0,0,,0.0,0.0,0.0,0,1,0,0,1,1,0,0.0,0.0,0,0,0,0,0,0,0,0,0,0,0,0,0,0,0,0,0,0,7,35,0,0,0,0,0,0,0,0,0,0,0,0,0,,,0,0,0,0,0,0,0,0,0,0,0,0,,,,0,0,0,0,0,0,0,,0,0,0,0,0,0,0,,0,0,0,0,0,0,0,0,0,0,0.0,0.0,stats_player_week_2013.parquet,4023,7d662bc12628085bffdf065e3d6bdb59813f43178c7b543588f336b41b796411,scored,0.0,0.0,verified_zero,False,False,False,True,True
,Team,,,,,2013,5,REG,2013_05_BUF_CLE,CLE,BUF,0,0,0,0,0,0,0,0,0,0,0,0,,,0,,0,0,0,0,0,0,0,0,0,0,,0,0,0,0,0,0,0,0,0,0,0,0,0,0,,0,0,0,0,0,,0.0,0.0,0.0,0,1,0,0,0,0,0,0.0,0.0,0,0,0,0,0,0,0,0,0,0,0,0,0,0,0,0,0,0,5,25,0,0,0,0,0,0,0,0,0,0,0,0,0,,,0,0,0,0,0,0,0,0,0,0,0,0,,,,0,0,0,0,0,0,0,,0,0,0,0,0,0,0,,0,0,0,0,0,0,0,0,0,0,0.0,0.0,stats_player_week_2013.parquet,4920,7d662bc12628085bffdf065e3d6bdb59813f43178c7b543588f336b41b796411,scored,0.0,0.0,verified_zero,False,False,False,True,True
,Team,,,,,2013,6,REG,2013_06_NYG_CHI,NYG,CHI,0,0,0,0,0,0,0,0,0,0,0,0,,,0,,0,0,0,0,0,0,0,0,0,0,,0,0,0,0,0,0,0,0,0,0,0,0,0,0,,0,0,0,0,0,,0.0,0.0,0.0,0,2,0,0,0,0,0,0.0,0.0,0,0,0,0,0,0,0,0,0,0,0,0,0,0,0,0,0,0,6,55,0,0,0,0,0,0,0,0,0,0,0,0,0,,,0,0,0,0,0,0,0,0,0,0,0,0,,,,0,0,0,0,0,0,0,,0,0,0,0,0,0,0,,0,0,0,0,0,0,0,0,0,0,0.0,0.0,stats_player_week_2013.parquet,5921,7d662bc12628085bffdf065e3d6bdb59813f43178c7b543588f336b41b796411,scored,0.0,0.0,verified_zero,False,False,False,True,True
,,,,,,2013,7,REG,2013_07_SEA_ARI,ARI,SEA,0,0,0,0,0,0,0,0,0,0,0,0,,,0,,0,0,0,0,0,0,0,0,0,0,,0,0,0,0,0,0,0,0,0,0,0,0,0,0,,0,0,0,0,0,,0.0,0.0,0.0,0,0,0,0,0,0,0,0.0,0.0,0,0,0,0,0,0,0,0,0,0,0,0,0,0,0,0,0,0,4,30,0,0,0,0,0,0,0,0,0,0,0,0,0,,,0,0,0,0,0,0,0,0,0,0,0,0,,,,0,0,0,0,0,0,0,,0,0,0,0,0,0,0,,0,0,0,0,0,0,0,0,0,0,0.0,0.0,stats_player_week_2013.parquet,6891,7d662bc12628085bffdf065e3d6bdb59813f43178c7b543588f336b41b796411,scored,0.0,0.0,verified_zero,False,False,False,True,True
,Team,,,,,2013,8,REG,2013_08_CAR_TB,TB,CAR,0,0,0,0,0,0,0,0,0,0,0,0,,,0,,0,0,0,0,0,0,0,0,0,0,,0,0,0,0,0,0,0,0,0,0,0,0,0,0,,0,0,0,0,0,,0.0,0.0,0.0,0,2,0,0,0,0,0,0.0,0.0,0,0,0,0,0,0,0,0,0,0,0,0,0,0,0,0,0,0,3,25,0,0,0,0,0,0,0,0,0,0,0,0,0,,,0,0,0,0,0,0,0,0,0,0,0,0,,,,0,0,0,0,0,0,0,,0,0,0,0,0,0,0,,0,0,0,0,0,0,0,0,0,0,0.0,0.0,stats_player_week_2013.parquet,7741,7d662bc12628085bffdf065e3d6bdb59813f43178c7b543588f336b41b796411,scored,0.0,0.0,verified_zero,False,False,False,True,True
,,,,,,2013,9,REG,2013_09_CIN_MIA,MIA,CIN,0,0,0,0,0,0,0,0,0,0,0,0,,,0,,0,0,0,0,0,0,0,0,0,0,,0,0,0,0,0,0,0,0,0,0,0,0,0,0,,0,0,0,0,0,,0.0,0.0,0.0,0,0,0,0,0,0,0,0.0,0.0,0,0,0,0,0,0,0,0,0,0,0,0,0,0,0,0,0,0,5,25,0,0,0,0,0,0,0,0,0,0,0,0,0,,,0,0,0,0,0,0,0,0,0,0,0,0,,,,0,0,0,0,0,0,0,,0,0,0,0,0,0,0,,0,0,0,0,0,0,0,0,0,0,0.0,0.0,stats_player_week_2013.parquet,8590,7d662bc12628085bffdf065e3d6bdb59813f43178c7b543588f336b41b796411,scored,0.0,0.0,verified_zero,False,False,False,True,True
,,,,,,2013,10,REG,2013_10_WAS_MIN,MIN,WAS,0,0,0,0,0,0,0,0,0,0,0,0,,,0,,0,0,0,0,0,0,0,0,0,0,,0,0,0,0,0,0,0,0,0,0,0,0,0,0,,0,0,0,0,0,,0.0,0.0,0.0,0,0,0,0,0,0,0,0.0,0.0,0,0,0,0,0,0,1,0,0,0,0,0,0,0,0,0,0,0,4,23,0,0,0,0,0,0,0,0,0,0,0,0,0,,,0,0,0,0,0,0,0,0,0,0,0,0,,,,0,0,0,0,0,0,0,,0,0,0,0,0,0,0,,0,0,0,0,0,0,0,0,0,0,0.0,0.0,stats_player_week_2013.parquet,9488,7d662bc12628085bffdf065e3d6bdb59813f43178c7b543588f336b41b796411,scored,0.0,0.0,verified_zero,False,False,False,True,True
,,,,,,2013,11,REG,2013_11_IND_TEN,TEN,IND,0,0,0,0,0,0,0,0,0,0,0,0,,,0,,0,0,0,0,0,0,0,0,0,0,,0,0,0,0,0,0,0,0,0,0,0,0,0,0,,0,0,0,0,0,,0.0,0.0,0.0,0,0,0,0,0,0,0,0.0,0.0,0,0,0,0,0,0,0,0,0,0,0,0,0,0,0,0,0,0,6,30,0,0,0,0,0,0,0,0,0,0,0,0,0,,,0,0,0,0,0,0,0,0,0,0,0,0,,,,0,0,0,0,0,0,0,,0,0,0,0,0,0,0,,0,0,0,0,0,0,0,0,0,0,0.0,0.0,stats_player_week_2013.parquet,10463,7d662bc12628085bffdf065e3d6bdb59813f43178c7b543588f336b41b796411,scored,0.0,0.0,verified_zero,False,False,False,True,True
,Team,,,,,2013,12,REG,2013_12_NO_ATL,NO,ATL,0,0,0,0,0,0,0,0,0,0,0,0,,,0,,0,0,0,0,0,0,0,0,0,0,,0,0,0,0,0,0,0,0,0,0,0,0,0,0,,0,0,0,0,0,,0.0,0.0,0.0,0,1,0,0,0,0,0,0.0,0.0,0,0,0,0,0,0,0,0,0,0,0,0,0,0,0,0,0,0,3,25,0,0,0,0,0,0,0,0,0,0,0,0,0,,,0,0,0,0,0,0,0,0,0,0,0,0,,,,0,0,0,0,0,0,0,,0,0,0,0,0,0,0,,0,0,0,0,0,0,0,0,0,0,0.0,0.0,stats_player_week_2013.parquet,11377,7d662bc12628085bffdf065e3d6bdb59813f43178c7b543588f336b41b796411,scored,0.0,0.0,verified_zero,False,False,False,True,True
,,,,,,2013,13,REG,2013_13_GB_DET,DET,GB,0,0,0,0,0,0,0,0,0,0,0,0,,,0,,0,0,0,0,0,0,0,0,0,0,,0,0,0,0,0,0,0,0,0,0,0,0,0,0,,0,0,0,0,0,,0.0,0.0,0.0,0,0,0,0,0,0,0,0.0,0.0,0,0,0,0,0,0,1,0,0,0,0,0,0,0,0,0,0,0,4,20,0,0,0,0,0,0,0,0,0,0,0,0,0,,,0,0,0,0,0,0,0,0,0,0,0,0,,,,0,0,0,0,0,0,0,,0,0,0,0,0,0,0,,0,0,0,0,0,0,0,0,0,0,0.0,0.0,stats_player_week_2013.parquet,12422,7d662bc12628085bffdf065e3d6bdb59813f43178c7b543588f336b41b796411,scored,0.0,0.0,verified_zero,False,False,False,True,True
,,,,,,2013,14,REG,2013_14_HOU_JAX,JAX,HOU,0,0,0,0,0,0,0,0,0,0,0,0,,,0,,0,0,0,0,0,0,0,0,0,0,,0,0,0,0,0,0,0,0,0,0,0,0,0,0,,0,0,0,0,0,,0.0,0.0,0.0,0,0,0,0,0,0,0,0.0,0.0,0,0,0,0,0,0,0,0,0,0,0,0,0,0,0,0,0,0,6,40,0,0,0,0,0,0,0,0,0,0,0,0,0,,,0,0,0,0,0,0,0,0,0,0,0,0,,,,0,0,0,0,0,0,0,,0,0,0,0,0,0,0,,0,0,0,0,0,0,0,0,0,0,0.0,0.0,stats_player_week_2013.parquet,13478,7d662bc12628085bffdf065e3d6bdb59813f43178c7b543588f336b41b796411,scored,0.0,0.0,verified_zero,False,False,False,True,True
,,,,,,2013,15,REG,2013_15_SD_DEN,DEN,LAC,0,0,0,0,0,0,0,0,0,0,0,0,,,0,,0,0,0,0,0,0,0,0,0,0,,0,0,0,0,0,0,0,0,0,0,0,0,0,0,,0,0,0,0,0,,0.0,0.0,0.0,0,0,0,0,0,0,0,0.0,0.0,0,0,0,0,0,0,0,0,0,0,0,0,0,0,0,0,0,0,5,25,0,0,0,0,0,0,0,0,0,0,0,0,0,,,0,0,0,0,0,0,0,0,0,0,0,0,,,,0,0,0,0,0,0,0,,0,0,0,0,0,0,0,,0,0,0,0,0,0,0,0,0,0,0.0,0.0,stats_player_week_2013.parquet,14494,7d662bc12628085bffdf065e3d6bdb59813f43178c7b543588f336b41b796411,scored,0.0,0.0,verified_zero,False,False,False,True,True
,Team,,,,,2013,16,REG,2013_16_MIA_BUF,MIA,BUF,0,0,0,0,0,0,0,0,0,0,0,0,,,0,,0,0,0,0,0,0,0,0,0,0,,0,0,0,0,0,0,0,0,0,0,0,0,0,0,,0,0,0,0,0,,0.0,0.0,0.0,0,1,0,0,0,0,0,0.0,0.0,0,0,0,0,0,0,0,0,0,0,0,0,0,0,0,0,0,0,5,21,0,0,0,0,0,0,0,0,0,0,0,0,0,,,0,0,0,0,0,0,0,0,0,0,0,0,,,,0,0,0,0,0,0,0,,0,0,0,0,0,0,0,,0,0,0,0,0,0,0,0,0,0,0.0,0.0,stats_player_week_2013.parquet,15531,7d662bc12628085bffdf065e3d6bdb59813f43178c7b543588f336b41b796411,scored,0.0,0.0,verified_zero,False,False,False,True,True
,,,,,,2013,17,REG,2013_17_CAR_ATL,ATL,CAR,0,0,0,0,0,0,0,0,0,0,0,0,,,0,,0,0,0,0,0,0,0,0,0,0,,0,0,0,0,0,0,0,0,0,0,0,0,0,0,,0,0,0,0,0,,0.0,0.0,0.0,0,0,0,0,0,0,0,0.0,0.0,0,0,0,0,0,0,0,0,0,0,0,0,0,0,0,0,0,0,1,5,0,0,0,0,0,0,0,0,0,0,0,0,0,,,0,0,0,0,0,0,0,0,0,0,0,0,,,,0,0,0,0,0,0,0,,0,0,0,0,0,0,0,,0,0,0,0,0,0,0,0,0,0,0.0,0.0,stats_player_week_2013.parquet,16550,7d662bc12628085bffdf065e3d6bdb59813f43178c7b543588f336b41b796411,scored,0.0,0.0,verified_zero,False,False,False,True,False
,,,,,,2013,18,POST,2013_18_KC_IND,KC,IND,0,0,0,0,0,0,0,0,0,0,0,0,,,0,,0,0,0,0,0,0,0,0,0,0,,0,0,0,0,0,0,0,0,0,0,0,0,0,0,,0,0,0,0,0,,0.0,0.0,0.0,0,0,0,0,0,0,0,0.0,0.0,0,0,0,0,0,0,0,0,0,0,0,0,0,0,0,0,0,0,0,0,0,0,0,0,0,0,0,0,0,0,0,0,0,,,0,0,0,0,0,0,0,0,0,0,0,0,,,,0,0,0,0,0,0,0,,0,0,0,0,0,0,0,,0,0,0,0,0,0,0,0,0,0,0.0,0.0,stats_player_week_2013.parquet,16798,7d662bc12628085bffdf065e3d6bdb59813f43178c7b543588f336b41b796411,scored,0.0,0.0,verified_zero,False,False,False,False,False
,,,,,,2013,19,POST,2013_19_NO_SEA,NO,SEA,0,0,0,0,0,0,0,0,0,0,0,0,,,0,,0,0,0,0,0,0,0,0,0,0,,0,0,0,0,0,0,0,0,0,0,0,0,0,0,,0,0,0,0,0,,0.0,0.0,0.0,0,0,0,0,0,0,0,0.0,0.0,0,0,0,0,0,0,1,0,0,0,0,0,0,0,0,0,0,0,3,25,0,0,0,0,0,0,0,0,0,0,0,0,0,,,0,0,0,0,0,0,0,0,0,0,0,0,,,,0,0,0,0,0,0,0,,0,0,0,0,0,0,0,,0,0,0,0,0,0,0,0,0,0,0.0,0.0,stats_player_week_2013.parquet,17046,7d662bc12628085bffdf065e3d6bdb59813f43178c7b543588f336b41b796411,scored,0.0,0.0,verified_zero,False,False,False,False,False
,,,,,,2013,20,POST,2013_20_NE_DEN,NE,DEN,0,0,0,0,0,0,0,0,0,0,0,0,,,0,,0,0,0,0,0,0,0,0,0,0,,0,0,0,0,0,0,0,0,0,0,0,0,0,0,,0,0,0,0,0,,0.0,0.0,0.0,0,0,0,0,0,0,0,0.0,0.0,0,0,0,0,0,0,0,0,0,0,0,0,0,0,0,0,0,0,0,0,0,0,0,0,0,0,0,0,0,0,0,0,0,,,0,0,0,0,0,0,0,0,0,0,0,0,,,,0,0,0,0,0,0,0,,0,0,0,0,0,0,0,,0,0,0,0,0,0,0,0,0,0,0.0,0.0,stats_player_week_2013.parquet,17173,7d662bc12628085bffdf065e3d6bdb59813f43178c7b543588f336b41b796411,scored,0.0,0.0,verified_zero,False,False,False,False,False
,,,,,,2013,21,POST,2013_21_SEA_DEN,SEA,DEN,0,0,0,0,0,0,0,0,0,0,0,0,,,0,,0,0,0,0,0,0,0,0,0,0,,0,0,0,0,0,0,0,0,0,0,0,0,0,0,,0,0,0,0,0,,0.0,0.0,0.0,0,0,0,0,0,0,0,0.0,0.0,0,0,0,0,0,0,0,0,0,0,0,0,0,0,0,0,0,0,0,0,0,0,0,0,0,0,0,0,0,0,0,0,0,,,0,0,0,0,0,0,0,0,0,0,0,0,,,,0,0,0,0,0,0,0,,0,0,0,0,0,0,0,,0,0,0,0,0,0,0,0,0,0,0.0,0.0,stats_player_week_2013.parquet,17247,7d662bc12628085bffdf065e3d6bdb59813f43178c7b543588f336b41b796411,scored,0.0,0.0,verified_zero,False,False,False,False,False
,,,,,,2014,1,REG,2014_01_GB_SEA,GB,SEA,0,0,0,0,0,0,0,0,0,0,0,0,,,0,,0,0,0,0,0,0,0,0,0,0,,0,0,0,0,0,0,0,0,0,0,0,0,0,0,,0,0,0,0,0,,0.0,0.0,0.0,0,0,0,0,0,0,0,0.0,0.0,0,0,0,0,0,0,0,0,0,0,0,0,0,0,0,0,0,0,2,10,0,0,0,0,0,0,0,0,0,0,0,0,0,,,0,0,0,0,0,0,0,0,0,0,0,0,,,,0,0,0,0,0,0,0,,0,0,0,0,0,0,0,,0,0,0,0,0,0,0,0,0,0,0.0,0.0,stats_player_week_2014.parquet,1044,513a48ce4e16937d81d48be54be6821ebb517df541d19d49a29297727e5b0bcd,scored,0.0,0.0,verified_zero,False,False,False,True,True
,Team,,,,,2014,2,REG,2014_02_PIT_BAL,PIT,BAL,0,0,0,0,0,0,0,0,0,0,0,0,,,0,,0,0,0,0,0,0,0,0,0,0,,0,0,0,0,0,0,0,0,0,0,0,0,0,0,,0,0,0,0,0,,0.0,0.0,0.0,0,1,0,0,0,0,0,0.0,0.0,0,0,0,0,0,0,0,0,0,0,0,0,0,0,0,0,0,0,8,60,0,0,0,0,0,0,0,0,0,0,0,0,0,,,0,0,0,0,0,0,0,0,0,0,0,0,,,,0,0,0,0,0,0,0,,0,0,0,0,0,0,0,,0,0,0,0,0,0,0,0,0,0,0.0,0.0,stats_player_week_2014.parquet,2087,513a48ce4e16937d81d48be54be6821ebb517df541d19d49a29297727e5b0bcd,scored,0.0,0.0,verified_zero,False,False,False,True,True
,,,,,,2014,3,REG,2014_03_TB_ATL,ATL,TB,0,0,0,0,0,0,0,0,0,0,0,0,,,0,,0,0,0,0,0,0,0,0,0,0,,0,0,0,0,0,0,0,0,0,0,0,0,0,0,,0,0,0,0,0,,0.0,0.0,0.0,0,0,0,0,0,0,0,0.0,0.0,0,0,0,0,0,0,3,0,0,0,0,0,0,0,0,0,0,0,12,63,0,0,0,0,0,0,0,0,0,0,0,0,0,,,0,0,0,0,0,0,0,0,0,0,0,0,,,,0,0,0,0,0,0,0,,0,0,0,0,0,0,0,,0,0,0,0,0,0,0,0,0,0,0.0,0.0,stats_player_week_2014.parquet,3150,513a48ce4e16937d81d48be54be6821ebb517df541d19d49a29297727e5b0bcd,scored,0.0,0.0,verified_zero,False,False,False,True,True
,,,,,,2014,4,REG,2014_04_NYG_WAS,NYG,WAS,0,0,0,0,0,0,0,0,0,0,0,0,,,0,,0,0,0,0,0,0,0,0,0,0,,0,0,0,0,0,0,0,0,0,0,0,0,0,0,,0,0,0,0,0,,0.0,0.0,0.0,0,0,0,0,0,0,0,0.0,0.0,0,0,0,0,0,0,0,0,0,0,0,0,0,0,0,0,0,0,7,40,0,0,0,0,0,0,0,0,0,0,0,0,0,,,0,0,0,0,0,0,0,0,0,0,0,0,,,,0,0,0,0,0,0,0,,0,0,0,0,0,0,0,,0,0,0,0,0,0,0,0,0,0,0.0,0.0,stats_player_week_2014.parquet,4009,513a48ce4e16937d81d48be54be6821ebb517df541d19d49a29297727e5b0bcd,scored,0.0,0.0,verified_zero,False,False,False,True,True
,,,,,,2014,5,REG,2014_05_MIN_GB,GB,MIN,0,0,0,0,0,0,0,0,0,0,0,0,,,0,,0,0,0,0,0,0,0,0,0,0,,0,0,0,0,0,0,0,0,0,0,0,0,0,0,,0,0,0,0,0,,0.0,0.0,0.0,0,0,0,0,0,0,0,0.0,0.0,0,0,0,0,0,0,0,0,0,0,0,0,0,0,0,0,0,0,7,35,0,0,0,0,0,0,0,0,0,0,0,0,0,,,0,0,0,0,0,0,0,0,0,0,0,0,,,,0,0,0,0,0,0,0,,0,0,0,0,0,0,0,,0,0,0,0,0,0,0,0,0,0,0.0,0.0,stats_player_week_2014.parquet,5004,513a48ce4e16937d81d48be54be6821ebb517df541d19d49a29297727e5b0bcd,scored,0.0,0.0,verified_zero,False,False,False,True,True
,,,,,,2014,6,REG,2014_06_IND_HOU,HOU,IND,0,0,0,0,0,0,0,0,0,0,0,0,,,0,,0,0,0,0,0,0,0,0,0,0,,0,0,0,0,0,0,0,0,0,0,0,0,0,0,,0,0,0,0,0,,0.0,0.0,0.0,0,0,0,0,0,0,0,0.0,0.0,0,0,0,0,0,0,0,0,0,0,0,0,0,0,0,0,0,0,3,15,0,0,0,0,0,0,0,0,0,0,0,0,0,,,0,0,0,0,0,0,0,0,0,0,0,0,,,,0,0,0,0,0,0,0,,0,0,0,0,0,0,0,,0,0,0,0,0,0,0,0,0,0,0.0,0.0,stats_player_week_2014.parquet,5993,513a48ce4e16937d81d48be54be6821ebb517df541d19d49a29297727e5b0bcd,scored,0.0,0.0,verified_zero,False,False,False,True,True
,,,,,,2014,7,REG,2014_07_NYJ_NE,NE,NYJ,0,0,0,0,0,0,0,0,0,0,0,0,,,0,,0,0,0,0,0,0,0,0,0,0,,0,0,0,0,0,0,0,0,0,0,0,0,0,0,,0,0,0,0,0,,0.0,0.0,0.0,0,0,0,0,0,0,0,0.0,0.0,0,0,0,0,0,0,0,0,0,0,0,0,0,0,0,0,0,0,7,34,0,0,0,0,0,0,0,0,0,0,0,0,0,,,0,0,0,0,0,0,0,0,0,0,0,0,,,,0,0,0,0,0,0,0,,0,0,0,0,0,0,0,,0,0,0,0,0,0,0,0,0,0,0.0,0.0,stats_player_week_2014.parquet,6968,513a48ce4e16937d81d48be54be6821ebb517df541d19d49a29297727e5b0bcd,scored,0.0,0.0,verified_zero,False,False,False,True,True
,,,,,,2014,8,REG,2014_08_SD_DEN,DEN,LAC,0,0,0,0,0,0,0,0,0,0,0,0,,,0,,0,0,0,0,0,0,0,0,0,0,,0,0,0,0,0,0,0,0,0,0,0,0,0,0,,0,0,0,0,0,,0.0,0.0,0.0,0,0,0,0,0,0,0,0.0,0.0,0,0,0,0,0,0,1,0,0,0,0,0,0,0,0,0,0,0,5,22,0,0,0,0,0,0,0,0,0,0,0,0,0,,,0,0,0,0,0,0,0,0,0,0,0,0,,,,0,0,0,0,0,0,0,,0,0,0,0,0,0,0,,0,0,0,0,0,0,0,0,0,0,0.0,0.0,stats_player_week_2014.parquet,7961,513a48ce4e16937d81d48be54be6821ebb517df541d19d49a29297727e5b0bcd,scored,0.0,0.0,verified_zero,False,False,False,True,True
,,,,,,2014,9,REG,2014_09_NO_CAR,NO,CAR,0,0,0,0,0,0,0,0,0,0,0,0,,,0,,0,0,0,0,0,0,0,0,0,0,,0,0,0,0,0,0,0,0,0,0,0,0,0,0,,0,0,0,0,0,,0.0,0.0,0.0,0,0,0,0,0,0,0,0.0,0.0,0,0,0,0,0,0,0,0,0,0,0,0,0,0,0,0,0,0,1,5,0,0,0,0,0,0,0,0,0,0,0,0,0,,,0,0,0,0,0,0,0,0,0,0,0,0,,,,0,0,0,0,0,0,0,,0,0,0,0,0,0,0,,0,0,0,0,0,0,0,0,0,0,0.0,0.0,stats_player_week_2014.parquet,8834,513a48ce4e16937d81d48be54be6821ebb517df541d19d49a29297727e5b0bcd,scored,0.0,0.0,verified_zero,False,False,False,True,True
,,,,,,2014,10,REG,2014_10_CLE_CIN,CIN,CLE,0,0,0,0,0,0,0,0,0,0,0,0,,,0,,0,0,0,0,0,0,0,0,0,0,,0,0,0,0,0,0,0,0,0,0,0,0,0,0,,0,0,0,0,0,,0.0,0.0,0.0,0,0,0,0,0,0,0,0.0,0.0,0,0,0,0,0,0,1,0,0,0,0,0,0,0,0,0,0,0,5,31,0,0,0,0,0,0,0,0,0,0,0,0,0,,,0,0,0,0,0,0,0,0,0,0,0,0,,,,0,0,0,0,0,0,0,,0,0,0,0,0,0,0,,0,0,0,0,0,0,0,0,0,0,0.0,0.0,stats_player_week_2014.parquet,9711,513a48ce4e16937d81d48be54be6821ebb517df541d19d49a29297727e5b0bcd,scored,0.0,0.0,verified_zero,False,False,False,True,True
,,,,,,2014,11,REG,2014_11_BUF_MIA,MIA,BUF,0,0,0,0,0,0,0,0,0,0,0,0,,,0,,0,0,0,0,0,0,0,0,0,0,,0,0,0,0,0,0,0,0,0,0,0,0,0,0,,0,0,0,0,0,,0.0,0.0,0.0,0,0,0,0,0,0,0,0.0,0.0,0,0,0,0,0,0,1,0,0,0,0,0,0,0,0,0,0,0,3,25,0,0,0,0,0,0,0,0,0,0,0,0,0,,,0,0,0,0,0,0,0,0,0,0,0,0,,,,0,0,0,0,0,0,0,,0,0,0,0,0,0,0,,0,0,0,0,0,0,0,0,0,0,0.0,0.0,stats_player_week_2014.parquet,10628,513a48ce4e16937d81d48be54be6821ebb517df541d19d49a29297727e5b0bcd,scored,0.0,0.0,verified_zero,False,False,False,True,True
,,,,,,2014,12,REG,2014_12_KC_OAK,KC,LV,0,0,0,0,0,0,0,0,0,0,0,0,,,0,,0,0,0,0,0,0,0,0,0,0,,0,0,0,0,0,0,0,0,0,0,0,0,0,0,,0,0,0,0,0,,0.0,0.0,0.0,0,0,0,0,0,0,0,0.0,0.0,0,0,0,0,0,0,0,0,0,0,0,0,0,0,0,0,0,0,5,25,0,0,0,0,0,0,0,0,0,0,0,0,0,,,0,0,0,0,0,0,0,0,0,0,0,0,,,,0,0,0,0,0,0,0,,0,0,0,0,0,0,0,,0,0,0,0,0,0,0,0,0,0,0.0,0.0,stats_player_week_2014.parquet,11624,513a48ce4e16937d81d48be54be6821ebb517df541d19d49a29297727e5b0bcd,scored,0.0,0.0,verified_zero,False,False,False,True,True
,,,,,,2014,13,REG,2014_13_CHI_DET,DET,CHI,0,0,0,0,0,0,0,0,0,0,0,0,,,0,,0,0,0,0,0,0,0,0,0,0,,0,0,0,0,0,0,0,0,0,0,0,0,0,0,,0,0,0,0,0,,0.0,0.0,0.0,0,0,0,0,0,0,0,0.0,0.0,0,0,0,0,0,0,0,0,0,0,0,0,0,0,0,0,0,0,6,31,0,0,0,0,0,0,0,0,0,0,0,0,0,,,0,0,0,0,0,0,0,0,0,0,0,0,,,,0,0,0,0,0,0,0,,0,0,0,0,0,0,0,,0,0,0,0,0,0,0,0,0,0,0.0,0.0,stats_player_week_2014.parquet,12678,513a48ce4e16937d81d48be54be6821ebb517df541d19d49a29297727e5b0bcd,scored,0.0,0.0,verified_zero,False,False,False,True,True
,Team,,,,,2014,14,REG,2014_14_DAL_CHI,DAL,CHI,0,0,0,0,0,0,0,0,0,0,0,0,,,0,,0,0,0,0,0,0,0,0,0,0,,0,0,0,0,0,0,0,0,0,0,0,0,0,0,,0,0,0,0,0,,0.0,0.0,0.0,0,1,0,0,0,0,0,0.0,0.0,0,0,0,0,0,0,0,0,0,0,0,0,0,0,0,0,0,0,4,30,0,0,0,0,0,0,0,0,0,0,0,0,0,,,0,0,0,0,0,0,0,0,0,0,0,0,,,,0,0,0,0,0,0,0,,0,0,0,0,0,0,0,,0,0,0,0,0,0,0,0,0,0,0.0,0.0,stats_player_week_2014.parquet,13727,513a48ce4e16937d81d48be54be6821ebb517df541d19d49a29297727e5b0bcd,scored,0.0,0.0,verified_zero,False,False,False,True,True
,,,,,,2014,15,REG,2014_15_ARI_STL,ARI,LA,0,0,0,0,0,0,0,0,0,0,0,0,,,0,,0,0,0,0,0,0,0,0,0,0,,0,0,0,0,0,0,0,0,0,0,0,0,0,0,,0,0,0,0,0,,0.0,0.0,0.0,0,0,0,0,0,0,0,0.0,0.0,0,0,0,0,0,0,2,0,0,0,0,0,0,0,0,0,0,0,3,15,0,0,0,0,0,0,0,0,0,0,0,0,0,,,0,0,0,0,0,0,0,0,0,0,0,0,,,,0,0,0,0,0,0,0,,0,0,0,0,0,0,0,,0,0,0,0,0,0,0,0,0,0,0.0,0.0,stats_player_week_2014.parquet,14795,513a48ce4e16937d81d48be54be6821ebb517df541d19d49a29297727e5b0bcd,scored,0.0,0.0,verified_zero,False,False,False,True,True
,Team,,,,,2014,16,REG,2014_16_TEN_JAX,TEN,JAX,0,0,0,0,0,0,0,0,0,0,0,0,,,0,,0,0,0,0,0,0,0,0,0,0,,0,0,0,0,0,0,0,0,0,0,0,0,0,0,,0,0,0,0,0,,0.0,0.0,0.0,0,1,0,0,0,0,0,0.0,0.0,0,0,0,0,0,0,0,0,0,0,0,0,0,0,0,0,0,0,4,38,0,0,0,0,0,0,0,0,0,0,0,0,0,,,0,0,0,0,0,0,0,0,0,0,0,0,,,,0,0,0,0,0,0,0,,0,0,0,0,0,0,0,,0,0,0,0,0,0,0,0,0,0,0.0,0.0,stats_player_week_2014.parquet,15837,513a48ce4e16937d81d48be54be6821ebb517df541d19d49a29297727e5b0bcd,scored,0.0,0.0,verified_zero,False,False,False,True,True
,Team,,,,,2014,17,REG,2014_17_CLE_BAL,BAL,CLE,0,0,0,0,0,0,0,0,0,0,0,0,,,0,,0,0,0,0,0,0,0,0,0,0,,0,0,0,0,0,0,0,0,0,0,0,0,0,0,,0,0,0,0,0,,0.0,0.0,0.0,0,1,0,0,0,0,0,0.0,0.0,0,0,0,0,0,0,1,0,0,0,0,0,0,0,0,0,0,0,4,30,0,0,0,0,0,0,0,0,0,0,0,0,0,,,0,0,0,0,0,0,0,0,0,0,0,0,,,,0,0,0,0,0,0,0,,0,0,0,0,0,0,0,,0,0,0,0,0,0,0,0,0,0,0.0,0.0,stats_player_week_2014.parquet,16889,513a48ce4e16937d81d48be54be6821ebb517df541d19d49a29297727e5b0bcd,scored,0.0,0.0,verified_zero,False,False,False,True,False
,,,,,,2014,18,POST,2014_18_ARI_CAR,ARI,CAR,0,0,0,0,0,0,0,0,0,0,0,0,,,0,,0,0,0,0,0,0,0,0,0,0,,0,0,0,0,0,0,0,0,0,0,0,0,0,0,,0,0,0,0,0,,0.0,0.0,0.0,0,0,0,0,0,0,0,0.0,0.0,0,0,0,0,0,0,0,0,0,0,0,0,0,0,0,0,0,0,2,10,0,0,0,0,0,0,0,0,0,0,0,0,0,,,0,0,0,0,0,0,0,0,0,0,0,0,,,,0,0,0,0,0,0,0,,0,0,0,0,0,0,0,,0,0,0,0,0,0,0,0,0,0,0.0,0.0,stats_player_week_2014.parquet,17163,513a48ce4e16937d81d48be54be6821ebb517df541d19d49a29297727e5b0bcd,scored,0.0,0.0,verified_zero,False,False,False,False,False
,,,,,,2014,19,POST,2014_19_BAL_NE,BAL,NE,0,0,0,0,0,0,0,0,0,0,0,0,,,0,,0,0,0,0,0,0,0,0,0,0,,0,0,0,0,0,0,0,0,0,0,0,0,0,0,,0,0,0,0,0,,0.0,0.0,0.0,0,0,0,0,0,0,0,0.0,0.0,0,0,0,0,0,0,0,0,0,0,0,0,0,0,0,0,0,0,1,5,0,0,0,0,0,0,0,0,0,0,0,0,0,,,0,0,0,0,0,0,0,0,0,0,0,0,,,,0,0,0,0,0,0,0,,0,0,0,0,0,0,0,,0,0,0,0,0,0,0,0,0,0,0.0,0.0,stats_player_week_2014.parquet,17423,513a48ce4e16937d81d48be54be6821ebb517df541d19d49a29297727e5b0bcd,scored,0.0,0.0,verified_zero,False,False,False,False,False
,,,,,,2014,20,POST,2014_20_GB_SEA,GB,SEA,0,0,0,0,0,0,0,0,0,0,0,0,,,0,,0,0,0,0,0,0,0,0,0,0,,0,0,0,0,0,0,0,0,0,0,0,0,0,0,,0,0,0,0,0,,0.0,0.0,0.0,0,0,0,0,0,0,0,0.0,0.0,0,0,0,0,0,0,0,0,0,0,0,0,0,0,0,0,0,0,0,0,0,0,0,0,0,0,0,0,0,0,0,0,0,,,0,0,0,0,0,0,0,0,0,0,0,0,,,,0,0,0,0,0,0,0,,0,0,0,0,0,0,0,,0,0,0,0,0,0,0,0,0,0,0.0,0.0,stats_player_week_2014.parquet,17562,513a48ce4e16937d81d48be54be6821ebb517df541d19d49a29297727e5b0bcd,scored,0.0,0.0,verified_zero,False,False,False,False,False
,,,,,,2014,21,POST,2014_21_NE_SEA,NE,SEA,0,0,0,0,0,0,0,0,0,0,0,0,,,0,,0,0,0,0,0,0,0,0,0,0,,0,0,0,0,0,0,0,0,0,0,0,0,0,0,,0,0,0,0,0,,0.0,0.0,0.0,0,0,0,0,0,0,0,0.0,0.0,0,0,0,0,0,0,0,0,0,0,0,0,0,0,0,0,0,0,1,1,0,0,0,0,0,0,0,0,0,0,0,0,0,,,0,0,0,0,0,0,0,0,0,0,0,0,,,,0,0,0,0,0,0,0,,0,0,0,0,0,0,0,,0,0,0,0,0,0,0,0,0,0,0.0,0.0,stats_player_week_2014.parquet,17621,513a48ce4e16937d81d48be54be6821ebb517df541d19d49a29297727e5b0bcd,scored,0.0,0.0,verified_zero,False,False,False,False,False
,Team,,,,,2015,1,REG,2015_01_PIT_NE,PIT,NE,0,0,0,0,0,0,0,0,0,0,0,0,,,0,,0,0,0,0,0,0,0,0,0,0,,0,0,0,0,0,0,0,0,0,0,0,0,0,0,,0,0,0,0,0,,0.0,0.0,0.0,0,3,0,0,0,0,0,0.0,0.0,0,0,0,0,0,0,0,0,0,0,0,0,0,0,0,0,0,0,1,5,0,0,0,0,0,0,0,0,0,0,0,0,0,,,0,0,0,0,0,0,0,0,0,0,0,0,,,,0,0,0,0,0,0,0,,0,0,0,0,0,0,0,,0,0,0,0,0,0,0,0,0,0,0.0,0.0,stats_player_week_2015.parquet,1026,c2fffc7cc53e137c1c8bffe896e1c0300ddf2ad4b601ab4985f4bb7aeb8ed59a,scored,0.0,0.0,verified_zero,False,False,False,True,True
,Team,,,,,2015,2,REG,2015_02_DEN_KC,DEN,KC,0,0,0,0,0,0,0,0,0,0,0,0,,,0,,0,0,0,0,0,0,0,0,0,0,,0,0,0,0,0,0,0,0,0,0,0,0,0,0,,0,0,0,0,0,,0.0,0.0,0.0,0,5,0,0,0,0,0,0.0,0.0,0,0,0,0,0,0,0,0,0,0,0,0,0,0,0,0,0,0,5,28,0,0,0,0,0,0,0,0,0,0,0,0,0,,,0,0,0,0,0,0,0,0,0,0,0,0,,,,0,0,0,0,0,0,0,,0,0,0,0,0,0,0,,0,0,0,0,0,0,0,0,0,0,0.0,0.0,stats_player_week_2015.parquet,2077,c2fffc7cc53e137c1c8bffe896e1c0300ddf2ad4b601ab4985f4bb7aeb8ed59a,scored,0.0,0.0,verified_zero,False,False,False,True,True
,Team,,,,,2015,3,REG,2015_03_WAS_NYG,WAS,NYG,0,0,0,0,0,0,0,0,0,0,0,0,,,0,,0,0,0,0,0,0,0,0,0,0,,0,0,0,0,0,0,0,0,0,0,0,0,0,0,,0,0,0,0,0,,0.0,0.0,0.0,0,1,0,0,0,0,0,0.0,0.0,0,0,0,0,0,0,0,0,0,0,0,0,0,0,0,0,0,0,4,30,0,0,0,0,0,0,0,0,0,0,0,0,0,,,0,0,0,0,0,0,0,0,0,0,0,0,,,,0,0,0,0,0,0,0,,0,0,0,0,0,0,0,,0,0,0,0,0,0,0,0,0,0,0.0,0.0,stats_player_week_2015.parquet,3138,c2fffc7cc53e137c1c8bffe896e1c0300ddf2ad4b601ab4985f4bb7aeb8ed59a,scored,0.0,0.0,verified_zero,False,False,False,True,True
,Team,,,,,2015,4,REG,2015_04_BAL_PIT,PIT,BAL,0,0,0,0,0,0,0,0,0,0,0,0,,,0,,0,0,0,0,0,0,0,0,0,0,,0,0,0,0,0,0,0,0,0,0,0,0,0,0,,0,0,0,0,0,,0.0,0.0,0.0,0,1,1,0,1,8,0,0.0,0.0,0,0,0,0,0,0,0,0,0,0,0,0,0,0,0,0,0,0,4,19,0,0,0,0,0,0,0,0,0,0,0,0,0,,,0,0,0,0,0,0,0,0,0,0,0,0,,,,0,0,0,0,0,0,0,,0,0,0,0,0,0,0,,0,0,0,0,0,0,0,0,0,0,0.0,0.0,stats_player_week_2015.parquet,4139,c2fffc7cc53e137c1c8bffe896e1c0300ddf2ad4b601ab4985f4bb7aeb8ed59a,scored,0.0,0.0,verified_zero,False,False,False,True,True
,Team,,,,,2015,5,REG,2015_05_IND_HOU,HOU,IND,0,0,0,0,0,0,0,0,0,0,0,0,,,0,,0,0,0,0,0,0,0,0,0,0,,0,0,0,0,0,0,0,0,0,0,0,0,0,0,,0,0,0,0,0,,0.0,0.0,0.0,0,2,0,0,0,0,0,0.0,0.0,0,0,0,0,0,0,0,0,0,0,0,0,0,0,0,0,0,0,6,50,0,0,0,0,0,0,0,0,0,0,0,0,0,,,0,0,0,0,0,0,0,0,0,0,0,0,,,,0,0,0,0,0,0,0,,0,0,0,0,0,0,0,,0,0,0,0,0,0,0,0,0,0,0.0,0.0,stats_player_week_2015.parquet,5048,c2fffc7cc53e137c1c8bffe896e1c0300ddf2ad4b601ab4985f4bb7aeb8ed59a,scored,0.0,0.0,verified_zero,False,False,False,True,True
,,,,,,2015,6,REG,2015_06_ATL_NO,NO,ATL,0,0,0,0,0,0,0,0,0,0,0,0,,,0,,0,0,0,0,0,0,0,0,0,0,,0,0,0,0,0,0,0,0,0,0,0,0,0,0,,0,0,0,0,0,,0.0,0.0,0.0,0,0,0,0,0,0,0,0.0,0.0,0,0,0,0,0,0,0,0,0,0,0,0,0,0,0,0,0,0,3,25,0,0,0,0,0,0,0,0,0,0,0,0,0,,,0,0,0,0,0,0,0,0,0,0,0,0,,,,0,0,0,0,0,0,0,,0,0,0,0,0,0,0,,0,0,0,0,0,0,0,0,0,0,0.0,0.0,stats_player_week_2015.parquet,5972,c2fffc7cc53e137c1c8bffe896e1c0300ddf2ad4b601ab4985f4bb7aeb8ed59a,scored,0.0,0.0,verified_zero,False,False,False,True,True
,,,,,,2015,7,REG,2015_07_SEA_SF,SF,SEA,0,0,0,0,0,0,0,0,0,0,0,0,,,0,,0,0,0,0,0,0,0,0,0,0,,0,0,0,0,0,0,0,0,0,0,0,0,0,0,,0,0,0,0,0,,0.0,0.0,0.0,0,0,0,0,0,0,0,0.0,0.0,0,0,0,0,0,0,1,0,0,0,0,0,0,0,0,0,0,0,6,30,0,0,0,0,0,0,0,0,0,0,0,0,0,,,0,0,0,0,0,0,0,0,0,0,0,0,,,,0,0,0,0,0,0,0,,0,0,0,0,0,0,0,,0,0,0,0,0,0,0,0,0,0,0.0,0.0,stats_player_week_2015.parquet,6900,c2fffc7cc53e137c1c8bffe896e1c0300ddf2ad4b601ab4985f4bb7aeb8ed59a,scored,0.0,0.0,verified_zero,False,False,False,True,True
,,,,,,2015,8,REG,2015_08_MIA_NE,NE,MIA,0,0,0,0,0,0,0,0,0,0,0,0,,,0,,0,0,0,0,0,0,0,0,0,0,,0,0,0,0,0,0,0,0,0,0,0,0,0,0,,0,0,0,0,0,,0.0,0.0,0.0,0,0,0,0,0,0,0,0.0,0.0,0,0,0,0,0,0,1,0,0,0,0,0,0,0,0,0,0,0,1,2,0,0,0,0,0,0,0,0,0,0,0,0,0,,,0,0,0,0,0,0,0,0,0,0,0,0,,,,0,0,0,0,0,0,0,,0,0,0,0,0,0,0,,0,0,0,0,0,0,0,0,0,0,0.0,0.0,stats_player_week_2015.parquet,7832,c2fffc7cc53e137c1c8bffe896e1c0300ddf2ad4b601ab4985f4bb7aeb8ed59a,scored,0.0,0.0,verified_zero,False,False,False,True,True
,,,,,,2015,9,REG,2015_09_CLE_CIN,CLE,CIN,0,0,0,0,0,0,0,0,0,0,0,0,,,0,,0,0,0,0,0,0,0,0,0,0,,0,0,0,0,0,0,0,0,0,0,0,0,0,0,,0,0,0,0,0,,0.0,0.0,0.0,0,0,0,0,0,0,0,0.0,0.0,0,0,0,0,0,0,1,0,0,0,0,0,0,0,0,0,0,0,2,10,0,0,0,0,0,0,0,0,0,0,0,0,0,,,0,0,0,0,0,0,0,0,0,0,0,0,,,,0,0,0,0,0,0,0,,0,0,0,0,0,0,0,,0,0,0,0,0,0,0,0,0,0,0.0,0.0,stats_player_week_2015.parquet,8675,c2fffc7cc53e137c1c8bffe896e1c0300ddf2ad4b601ab4985f4bb7aeb8ed59a,scored,0.0,0.0,verified_zero,False,False,False,True,True
,,,,,,2015,10,REG,2015_10_BUF_NYJ,NYJ,BUF,0,0,0,0,0,0,0,0,0,0,0,0,,,0,,0,0,0,0,0,0,0,0,0,0,,0,0,0,0,0,0,0,0,0,0,0,0,0,0,,0,0,0,0,0,,0.0,0.0,0.0,0,0,0,0,0,0,0,0.0,0.0,0,0,0,0,0,0,0,0,0,0,0,0,0,0,0,0,0,0,6,27,0,0,0,0,0,0,0,0,0,0,0,0,0,,,0,0,0,0,0,0,0,0,0,0,0,0,,,,0,0,0,0,0,0,0,,0,0,0,0,0,0,0,,0,0,0,0,0,0,0,0,0,0,0.0,0.0,stats_player_week_2015.parquet,9616,c2fffc7cc53e137c1c8bffe896e1c0300ddf2ad4b601ab4985f4bb7aeb8ed59a,scored,0.0,0.0,verified_zero,False,False,False,True,True
,,,,,,2015,11,REG,2015_11_TEN_JAX,TEN,JAX,0,0,0,0,0,0,0,0,0,0,0,0,,,0,,0,0,0,0,0,0,0,0,0,0,,0,0,0,0,0,0,0,0,0,0,0,0,0,0,,0,0,0,0,0,,0.0,0.0,0.0,0,0,0,0,0,0,0,0.0,0.0,0,0,0,0,0,0,1,0,0,0,0,0,0,0,0,0,0,0,7,45,0,0,0,0,0,0,0,0,0,0,0,0,0,,,0,0,0,0,0,0,0,0,0,0,0,0,,,,0,0,0,0,0,0,0,,0,0,0,0,0,0,0,,0,0,0,0,0,0,0,0,0,0,0.0,0.0,stats_player_week_2015.parquet,10529,c2fffc7cc53e137c1c8bffe896e1c0300ddf2ad4b601ab4985f4bb7aeb8ed59a,scored,0.0,0.0,verified_zero,False,False,False,True,True
,,,,,,2015,12,REG,2015_12_PHI_DET,PHI,DET,0,0,0,0,0,0,0,0,0,0,0,0,,,0,,0,0,0,0,0,0,0,0,0,0,,0,0,0,0,0,0,0,0,0,0,0,0,0,0,,0,0,0,0,0,,0.0,0.0,0.0,0,0,0,0,0,0,0,0.0,0.0,0,0,0,0,0,0,0,0,0,0,0,0,0,0,0,0,0,0,4,30,0,0,0,0,0,0,0,0,0,0,0,0,0,,,0,0,0,0,0,0,0,0,0,0,0,0,,,,0,0,0,0,0,0,0,,0,0,0,0,0,0,0,,0,0,0,0,0,0,0,0,0,0,0.0,0.0,stats_player_week_2015.parquet,11595,c2fffc7cc53e137c1c8bffe896e1c0300ddf2ad4b601ab4985f4bb7aeb8ed59a,scored,0.0,0.0,verified_zero,False,False,False,True,True
,,,,,,2015,13,REG,2015_13_GB_DET,GB,DET,0,0,0,0,0,0,0,0,0,0,0,0,,,0,,0,0,0,0,0,0,0,0,0,0,,0,0,0,0,0,0,0,0,0,0,0,0,0,0,,0,0,0,0,0,,0.0,0.0,0.0,0,0,0,0,0,0,0,0.0,0.0,0,0,0,0,0,0,0,0,0,0,0,0,0,0,0,0,0,0,7,45,0,0,0,0,0,0,0,0,0,0,0,0,0,,,0,0,0,0,0,0,0,0,0,0,0,0,,,,0,0,0,0,0,0,0,,0,0,0,0,0,0,0,,0,0,0,0,0,0,0,0,0,0,0.0,0.0,stats_player_week_2015.parquet,12662,c2fffc7cc53e137c1c8bffe896e1c0300ddf2ad4b601ab4985f4bb7aeb8ed59a,scored,0.0,0.0,verified_zero,False,False,False,True,True
,,,,,,2015,14,REG,2015_14_MIN_ARI,ARI,MIN,0,0,0,0,0,0,0,0,0,0,0,0,,,0,,0,0,0,0,0,0,0,0,0,0,,0,0,0,0,0,0,0,0,0,0,0,0,0,0,,0,0,0,0,0,,0.0,0.0,0.0,0,0,0,0,0,0,0,0.0,0.0,0,0,0,0,0,0,0,0,0,0,0,0,0,0,0,0,0,0,1,5,0,0,0,0,0,0,0,0,0,0,0,0,0,,,0,0,0,0,0,0,0,0,0,0,0,0,,,,0,0,0,0,0,0,0,,0,0,0,0,0,0,0,,0,0,0,0,0,0,0,0,0,0,0.0,0.0,stats_player_week_2015.parquet,13709,c2fffc7cc53e137c1c8bffe896e1c0300ddf2ad4b601ab4985f4bb7aeb8ed59a,scored,0.0,0.0,verified_zero,False,False,False,True,True
,,,,,,2015,15,REG,2015_15_TB_STL,LA,TB,0,0,0,0,0,0,0,0,0,0,0,0,,,0,,0,0,0,0,0,0,0,0,0,0,,0,0,0,0,0,0,0,0,0,0,0,0,0,0,,0,0,0,0,0,,0.0,0.0,0.0,0,0,0,0,0,0,0,0.0,0.0,0,0,0,0,0,0,0,0,0,0,0,0,0,0,0,0,0,0,5,35,0,0,0,0,0,0,0,0,0,0,0,0,0,,,0,0,0,0,0,0,0,0,0,0,0,0,,,,0,0,0,0,0,0,0,,0,0,0,0,0,0,0,,0,0,0,0,0,0,0,0,0,0,0.0,0.0,stats_player_week_2015.parquet,14773,c2fffc7cc53e137c1c8bffe896e1c0300ddf2ad4b601ab4985f4bb7aeb8ed59a,scored,0.0,0.0,verified_zero,False,False,False,True,True
,Team,,,,,2015,16,REG,2015_16_SD_OAK,LV,LAC,0,0,0,0,0,0,0,0,0,0,0,0,,,0,,0,0,0,0,0,0,0,0,0,0,,0,0,0,0,0,0,0,0,0,0,0,0,0,0,,0,0,0,0,0,,0.0,0.0,0.0,0,1,0,0,0,0,0,0.0,0.0,0,0,0,0,0,0,0,0,0,0,0,0,0,0,0,0,0,0,5,37,0,0,0,0,0,0,0,0,0,0,0,0,0,,,0,0,0,0,0,0,0,0,0,0,0,0,,,,0,0,0,0,0,0,0,,0,0,0,0,0,0,0,,0,0,0,0,0,0,0,0,0,0,0.0,0.0,stats_player_week_2015.parquet,15832,c2fffc7cc53e137c1c8bffe896e1c0300ddf2ad4b601ab4985f4bb7aeb8ed59a,scored,0.0,0.0,verified_zero,False,False,False,True,True
,,,,,,2015,17,REG,2015_17_NO_ATL,NO,ATL,0,0,0,0,0,0,0,0,0,0,0,0,,,0,,0,0,0,0,0,0,0,0,0,0,,0,0,0,0,0,0,0,0,0,0,0,0,0,0,,0,0,0,0,0,,0.0,0.0,0.0,0,0,0,0,0,0,0,0.0,0.0,0,0,0,0,0,0,0,0,0,0,0,0,0,0,0,0,0,0,1,5,0,0,0,0,0,0,0,0,0,0,0,0,0,,,0,0,0,0,0,0,0,0,0,0,0,0,,,,0,0,0,0,0,0,0,,0,0,0,0,0,0,0,,0,0,0,0,0,0,0,0,0,0,0.0,0.0,stats_player_week_2015.parquet,16904,c2fffc7cc53e137c1c8bffe896e1c0300ddf2ad4b601ab4985f4bb7aeb8ed59a,scored,0.0,0.0,verified_zero,False,False,False,True,False
,,,,,,2015,18,POST,2015_18_KC_HOU,HOU,KC,0,0,0,0,0,0,0,0,0,0,0,0,,,0,,0,0,0,0,0,0,0,0,0,0,,0,0,0,0,0,0,0,0,0,0,0,0,0,0,,0,0,0,0,0,,0.0,0.0,0.0,0,0,0,0,0,0,0,0.0,0.0,0,0,0,0,0,0,0,0,0,0,0,0,0,0,0,0,0,0,2,30,0,0,0,0,0,0,0,0,0,0,0,0,0,,,0,0,0,0,0,0,0,0,0,0,0,0,,,,0,0,0,0,0,0,0,,0,0,0,0,0,0,0,,0,0,0,0,0,0,0,0,0,0,0.0,0.0,stats_player_week_2015.parquet,17164,c2fffc7cc53e137c1c8bffe896e1c0300ddf2ad4b601ab4985f4bb7aeb8ed59a,scored,0.0,0.0,verified_zero,False,False,False,False,False
,,,,,,2015,19,POST,2015_19_KC_NE,NE,KC,0,0,0,0,0,0,0,0,0,0,0,0,,,0,,0,0,0,0,0,0,0,0,0,0,,0,0,0,0,0,0,0,0,0,0,0,0,0,0,,0,0,0,0,0,,0.0,0.0,0.0,0,0,0,0,0,0,0,0.0,0.0,0,0,0,0,0,0,0,0,0,0,0,0,0,0,0,0,0,0,0,0,0,0,0,0,0,0,0,0,0,0,0,0,0,,,0,0,0,0,0,0,0,0,0,0,0,0,,,,0,0,0,0,0,0,0,,0,0,0,0,0,0,0,,0,0,0,0,0,0,0,0,0,0,0.0,0.0,stats_player_week_2015.parquet,17413,c2fffc7cc53e137c1c8bffe896e1c0300ddf2ad4b601ab4985f4bb7aeb8ed59a,scored,0.0,0.0,verified_zero,False,False,False,False,False
,,,,,,2015,20,POST,2015_20_NE_DEN,NE,DEN,0,0,0,0,0,0,0,0,0,0,0,0,,,0,,0,0,0,0,0,0,0,0,0,0,,0,0,0,0,0,0,0,0,0,0,0,0,0,0,,0,0,0,0,0,,0.0,0.0,0.0,0,0,0,0,0,0,0,0.0,0.0,0,0,0,0,0,0,0,0,0,0,0,0,0,0,0,0,0,0,1,5,0,0,0,0,0,0,0,0,0,0,0,0,0,,,0,0,0,0,0,0,0,0,0,0,0,0,,,,0,0,0,0,0,0,0,,0,0,0,0,0,0,0,,0,0,0,0,0,0,0,0,0,0,0.0,0.0,stats_player_week_2015.parquet,17545,c2fffc7cc53e137c1c8bffe896e1c0300ddf2ad4b601ab4985f4bb7aeb8ed59a,scored,0.0,0.0,verified_zero,False,False,False,False,False
,,,,,,2015,21,POST,2015_21_CAR_DEN,DEN,CAR,0,0,0,0,0,0,0,0,0,0,0,0,,,0,,0,0,0,0,0,0,0,0,0,0,,0,0,0,0,0,0,0,0,0,0,0,0,0,0,,0,0,0,0,0,,0.0,0.0,0.0,0,0,0,0,0,0,0,0.0,0.0,0,0,0,0,0,0,0,0,0,0,0,0,0,0,0,0,0,0,0,0,0,0,0,0,0,0,0,0,0,0,0,0,0,,,0,0,0,0,0,0,0,0,0,0,0,0,,,,0,0,0,0,0,0,0,,0,0,0,0,0,0,0,,0,0,0,0,0,0,0,0,0,0,0.0,0.0,stats_player_week_2015.parquet,17612,c2fffc7cc53e137c1c8bffe896e1c0300ddf2ad4b601ab4985f4bb7aeb8ed59a,scored,0.0,0.0,verified_zero,False,False,False,False,False
,,,,,,2016,1,REG,2016_01_CAR_DEN,DEN,CAR,0,0,0,0,0,0,0,0,0,0,0,0,,,0,,0,0,0,0,0,0,0,0,0,0,,0,0,0,0,0,0,0,0,0,0,0,0,0,0,,0,0,0,0,0,,0.0,0.0,0.0,0,0,0,1,0,0,0,0.0,0.0,0,0,0,0,0,0,2,0,0,0,0,0,0,0,0,0,0,0,7,57,0,0,0,0,0,0,0,0,0,0,0,0,0,,,0,0,0,0,0,0,0,0,0,0,0,0,,,,0,0,0,0,0,0,0,,0,0,0,0,0,0,0,,0,0,0,0,0,0,0,0,0,0,0.0,0.0,stats_player_week_2016.parquet,1003,f9d648fdf1f26d60ac0ac0e02c672840b604c6b8372cbb8a8bf847fdbc047acf,scored,0.0,0.0,verified_zero,False,False,False,True,True
,,,,,,2016,2,REG,2016_02_NYJ_BUF,NYJ,BUF,0,0,0,0,0,0,0,0,0,0,0,0,,,0,,0,0,0,0,0,0,0,0,0,0,,0,0,0,0,0,0,0,0,0,0,0,0,0,0,,0,0,0,0,0,,0.0,0.0,0.0,0,0,0,0,0,0,0,0.0,0.0,0,0,0,0,0,0,0,0,0,0,0,0,0,0,0,0,0,0,8,44,0,0,0,0,0,0,0,0,0,0,0,0,0,,,0,0,0,0,0,0,0,0,0,0,0,0,,,,0,0,0,0,0,0,0,,0,0,0,0,0,0,0,,0,0,0,0,0,0,0,0,0,0,0.0,0.0,stats_player_week_2016.parquet,2066,f9d648fdf1f26d60ac0ac0e02c672840b604c6b8372cbb8a8bf847fdbc047acf,scored,0.0,0.0,verified_zero,False,False,False,True,True
,,,,,,2016,3,REG,2016_03_HOU_NE,HOU,NE,0,0,0,0,0,0,0,0,0,0,0,0,,,0,,0,0,0,0,0,0,0,0,0,0,,0,0,0,0,0,0,0,0,0,0,0,0,0,0,,0,0,0,0,0,,0.0,0.0,0.0,0,0,0,0,0,0,0,0.0,0.0,0,0,0,0,0,0,0,0,0,0,0,0,0,0,0,0,0,0,3,10,0,0,0,0,0,0,0,0,0,0,0,0,0,,,0,0,0,0,0,0,0,0,0,0,0,0,,,,0,0,0,0,0,0,0,,0,0,0,0,0,0,0,,0,0,0,0,0,0,0,0,0,0,0.0,0.0,stats_player_week_2016.parquet,3141,f9d648fdf1f26d60ac0ac0e02c672840b604c6b8372cbb8a8bf847fdbc047acf,scored,0.0,0.0,verified_zero,False,False,False,True,True
,,,,,,2016,4,REG,2016_04_MIA_CIN,CIN,MIA,0,0,0,0,0,0,0,0,0,0,0,0,,,0,,0,0,0,0,0,0,0,0,0,0,,0,0,0,0,0,0,0,0,0,0,0,0,0,0,,0,0,0,0,0,,0.0,0.0,0.0,0,0,0,0,0,0,0,0.0,0.0,0,0,0,0,0,0,0,0,0,0,0,0,0,0,0,0,0,0,7,35,0,0,0,0,0,0,0,0,0,0,0,0,0,,,0,0,0,0,0,0,0,0,0,0,0,0,,,,0,0,0,0,0,0,0,,0,0,0,0,0,0,0,,0,0,0,0,0,0,0,0,0,0,0.0,0.0,stats_player_week_2016.parquet,4144,f9d648fdf1f26d60ac0ac0e02c672840b604c6b8372cbb8a8bf847fdbc047acf,scored,0.0,0.0,verified_zero,False,False,False,True,True
,,,,,,2016,5,REG,2016_05_ARI_SF,ARI,SF,0,0,0,0,0,0,0,0,0,0,0,0,,,0,,0,0,0,0,0,0,0,0,0,0,,0,0,0,0,0,0,0,0,0,0,0,0,0,0,,0,0,0,0,0,,0.0,0.0,0.0,0,0,0,0,0,0,0,0.0,0.0,0,0,0,0,0,0,1,0,0,0,0,0,0,0,0,0,0,0,8,45,0,0,0,0,0,0,0,0,0,0,0,0,0,,,0,0,0,0,0,0,0,0,0,0,0,0,,,,0,0,0,0,0,0,0,,0,0,0,0,0,0,0,,0,0,0,0,0,0,0,0,0,0,0.0,0.0,stats_player_week_2016.parquet,5047,f9d648fdf1f26d60ac0ac0e02c672840b604c6b8372cbb8a8bf847fdbc047acf,scored,0.0,0.0,verified_zero,False,False,False,True,True
,,,,,,2016,6,REG,2016_06_DEN_SD,LAC,DEN,0,0,0,0,0,0,0,0,0,0,0,0,,,0,,0,0,0,0,0,0,0,0,0,0,,0,0,0,0,0,0,0,0,0,0,0,0,0,0,,0,0,0,0,0,,0.0,0.0,0.0,0,0,0,0,0,0,0,0.0,0.0,0,0,0,0,0,0,1,0,0,0,0,0,0,0,0,0,0,0,9,45,0,0,0,0,0,0,0,0,0,0,0,0,0,,,0,0,0,0,0,0,0,0,0,0,0,0,,,,0,0,0,0,0,0,0,,0,0,0,0,0,0,0,,0,0,0,0,0,0,0,0,0,0,0.0,0.0,stats_player_week_2016.parquet,6054,f9d648fdf1f26d60ac0ac0e02c672840b604c6b8372cbb8a8bf847fdbc047acf,scored,0.0,0.0,verified_zero,False,False,False,True,True
,,,,,,2016,7,REG,2016_07_CHI_GB,CHI,GB,0,0,0,0,0,0,0,0,0,0,0,0,,,0,,0,0,0,0,0,0,0,0,0,0,,0,0,0,0,0,0,0,0,0,0,0,0,0,0,,0,0,0,0,0,,0.0,0.0,0.0,0,0,0,0,0,0,0,0.0,0.0,0,0,0,0,0,0,0,0,0,0,0,0,0,0,0,0,0,0,3,15,0,0,0,0,0,0,0,0,0,0,0,0,0,,,0,0,0,0,0,0,0,0,0,0,0,0,,,,0,0,0,0,0,0,0,,0,0,0,0,0,0,0,,0,0,0,0,0,0,0,0,0,0,0.0,0.0,stats_player_week_2016.parquet,7051,f9d648fdf1f26d60ac0ac0e02c672840b604c6b8372cbb8a8bf847fdbc047acf,scored,0.0,0.0,verified_zero,False,False,False,True,True
,,,,,,2016,8,REG,2016_08_JAX_TEN,TEN,JAX,0,0,0,0,0,0,0,0,0,0,0,0,,,0,,0,0,0,0,0,0,0,0,0,0,,0,0,0,0,0,0,0,0,0,0,0,0,0,0,,0,0,0,0,0,,0.0,0.0,0.0,0,0,0,0,0,0,0,0.0,0.0,0,0,0,0,0,0,0,0,0,0,0,0,0,0,0,0,0,0,12,59,0,0,0,0,0,0,0,0,0,0,0,0,0,,,0,0,0,0,0,0,0,0,0,0,0,0,,,,0,0,0,0,0,0,0,,0,0,0,0,0,0,0,,0,0,0,0,0,0,0,0,0,0,0.0,0.0,stats_player_week_2016.parquet,7897,f9d648fdf1f26d60ac0ac0e02c672840b604c6b8372cbb8a8bf847fdbc047acf,scored,0.0,0.0,verified_zero,False,False,False,True,True
,Team,,,,,2016,9,REG,2016_09_ATL_TB,TB,ATL,0,0,0,0,0,0,0,0,0,0,0,0,,,0,,0,0,0,0,0,0,0,0,0,0,,0,0,0,0,0,0,0,0,0,0,0,0,0,0,,0,0,0,0,0,,0.0,0.0,0.0,0,1,0,0,0,0,0,0.0,0.0,0,0,0,0,0,0,0,0,0,0,0,0,0,0,0,0,0,0,7,30,0,0,0,0,0,0,0,0,0,0,0,0,0,,,0,0,0,0,0,0,0,0,0,0,0,0,,,,0,0,0,0,0,0,0,,0,0,0,0,0,0,0,,0,0,0,0,0,0,0,0,0,0,0.0,0.0,stats_player_week_2016.parquet,8761,f9d648fdf1f26d60ac0ac0e02c672840b604c6b8372cbb8a8bf847fdbc047acf,scored,0.0,0.0,verified_zero,False,False,False,True,True
,,,,,,2016,10,REG,2016_10_CLE_BAL,CLE,,0,0,0,0,0,0,0,0,0,0,0,0,,,0,,0,0,0,0,0,0,0,0,0,0,,0,0,0,0,0,0,0,0,0,0,0,0,0,0,,0,0,0,0,0,,0.0,0.0,0.0,0,0,0,0,0,0,0,0.0,0.0,0,0,0,0,0,0,1,0,0,0,0,0,0,0,0,0,0,0,6,36,0,0,0,0,0,0,0,0,0,0,0,0,0,,,0,0,0,0,0,0,0,0,0,0,0,0,,,,0,0,0,0,0,0,0,,0,0,0,0,0,0,0,,0,0,0,0,0,0,0,0,0,0,0.0,0.0,stats_player_week_2016.parquet,9679,f9d648fdf1f26d60ac0ac0e02c672840b604c6b8372cbb8a8bf847fdbc047acf,scored,0.0,0.0,verified_zero,False,False,False,True,True
,,,,,,2016,11,REG,2016_11_NO_CAR,NO,CAR,0,0,0,0,0,0,0,0,0,0,0,0,,,0,,0,0,0,0,0,0,0,0,0,0,,0,0,0,0,0,0,0,0,0,0,0,0,0,0,,0,0,0,0,0,,0.0,0.0,0.0,0,0,0,0,0,0,0,0.0,0.0,0,0,0,0,0,0,0,0,0,0,0,0,0,0,0,0,0,0,7,40,0,0,0,0,0,0,0,0,0,0,0,0,0,,,0,0,0,0,0,0,0,0,0,0,0,0,,,,0,0,0,0,0,0,0,,0,0,0,0,0,0,0,,0,0,0,0,0,0,0,0,0,0,0.0,0.0,stats_player_week_2016.parquet,10604,f9d648fdf1f26d60ac0ac0e02c672840b604c6b8372cbb8a8bf847fdbc047acf,scored,0.0,0.0,verified_zero,False,False,False,True,True
,,,,,,2016,12,REG,2016_12_MIN_DET,DET,MIN,0,0,0,0,0,0,0,0,0,0,0,0,,,0,,0,0,0,0,0,0,0,0,0,0,,0,0,0,0,0,0,0,0,0,0,0,0,0,0,,0,0,0,0,0,,0.0,0.0,0.0,0,0,0,0,0,0,0,0.0,0.0,0,0,0,0,0,0,3,0,0,0,0,0,0,0,0,0,0,0,9,78,0,0,0,0,0,0,0,0,0,0,0,0,0,,,0,0,0,0,0,0,0,0,0,0,0,0,,,,0,0,0,0,0,0,0,,0,0,0,0,0,0,0,,0,0,0,0,0,0,0,0,0,0,0.0,0.0,stats_player_week_2016.parquet,11624,f9d648fdf1f26d60ac0ac0e02c672840b604c6b8372cbb8a8bf847fdbc047acf,scored,0.0,0.0,verified_zero,False,False,False,True,True
,,,,,,2016,13,REG,2016_13_DAL_MIN,DAL,MIN,0,0,0,0,0,0,0,0,0,0,0,0,,,0,,0,0,0,0,0,0,0,0,0,0,,0,0,0,0,0,0,0,0,0,0,0,0,0,0,,0,0,0,0,0,,0.0,0.0,0.0,0,0,0,0,0,0,0,0.0,0.0,0,0,0,0,0,0,1,0,0,0,0,0,0,0,0,0,0,0,3,11,0,0,0,0,0,0,0,0,0,0,0,0,0,,,0,0,0,0,0,0,0,0,0,0,0,0,,,,0,0,0,0,0,0,0,,0,0,0,0,0,0,0,,0,0,0,0,0,0,0,0,0,0,0.0,0.0,stats_player_week_2016.parquet,12615,f9d648fdf1f26d60ac0ac0e02c672840b604c6b8372cbb8a8bf847fdbc047acf,scored,0.0,0.0,verified_zero,False,False,False,True,True
,,,,,,2016,14,REG,2016_14_OAK_KC,LV,KC,0,0,0,0,0,0,0,0,0,0,0,0,,,0,,0,0,0,0,0,0,0,0,0,0,,0,0,0,0,0,0,0,0,0,0,0,0,0,0,,0,0,0,0,0,,0.0,0.0,0.0,0,0,0,0,0,0,0,0.0,0.0,0,0,0,0,0,0,0,0,0,0,0,0,0,0,0,0,0,0,5,35,0,0,0,0,0,0,0,0,0,0,0,0,0,,,0,0,0,0,0,0,0,0,0,0,0,0,,,,0,0,0,0,0,0,0,,0,0,0,0,0,0,0,,0,0,0,0,0,0,0,0,0,0,0.0,0.0,stats_player_week_2016.parquet,13673,f9d648fdf1f26d60ac0ac0e02c672840b604c6b8372cbb8a8bf847fdbc047acf,scored,0.0,0.0,verified_zero,False,False,False,True,True
,,,,,,2016,15,REG,2016_15_LA_SEA,LA,SEA,0,0,0,0,0,0,0,0,0,0,0,0,,,0,,0,0,0,0,0,0,0,0,0,0,,0,0,0,0,0,0,0,0,0,0,0,0,0,0,,0,0,0,0,0,,0.0,0.0,0.0,0,0,0,0,0,0,0,0.0,0.0,0,0,0,0,0,0,1,0,0,0,0,0,0,0,0,0,0,0,4,20,0,0,0,0,0,0,0,0,0,0,0,0,0,,,0,0,0,0,0,0,0,0,0,0,0,0,,,,0,0,0,0,0,0,0,,0,0,0,0,0,0,0,,0,0,0,0,0,0,0,0,0,0,0.0,0.0,stats_player_week_2016.parquet,14721,f9d648fdf1f26d60ac0ac0e02c672840b604c6b8372cbb8a8bf847fdbc047acf,scored,0.0,0.0,verified_zero,False,False,False,True,True
,,,,,,2016,16,REG,2016_16_NYG_PHI,NYG,PHI,0,0,0,0,0,0,0,0,0,0,0,0,,,0,,0,0,0,0,0,0,0,0,0,0,,0,0,0,0,0,0,0,0,0,0,0,0,0,0,,0,0,0,0,0,,0.0,0.0,0.0,0,0,0,0,0,0,0,0.0,0.0,0,0,0,0,0,0,0,0,0,0,0,0,0,0,0,0,0,0,12,59,0,0,0,0,0,0,0,0,0,0,0,0,0,,,0,0,0,0,0,0,0,0,0,0,0,0,,,,0,0,0,0,0,0,0,,0,0,0,0,0,0,0,,0,0,0,0,0,0,0,0,0,0,0.0,0.0,stats_player_week_2016.parquet,15766,f9d648fdf1f26d60ac0ac0e02c672840b604c6b8372cbb8a8bf847fdbc047acf,scored,0.0,0.0,verified_zero,False,False,False,True,True
,,,,,,2016,17,REG,2016_17_BAL_CIN,BAL,CIN,0,0,0,0,0,0,0,0,0,0,0,0,,,0,,0,0,0,0,0,0,0,0,0,0,,0,0,0,0,0,0,0,0,0,0,0,0,0,0,,0,0,0,0,0,,0.0,0.0,0.0,0,0,0,0,0,0,0,0.0,0.0,0,0,0,0,0,0,1,0,0,0,0,0,0,0,0,0,0,0,4,20,0,0,0,0,0,0,0,0,0,0,0,0,0,,,0,0,0,0,0,0,0,0,0,0,0,0,,,,0,0,0,0,0,0,0,,0,0,0,0,0,0,0,,0,0,0,0,0,0,0,0,0,0,0.0,0.0,stats_player_week_2016.parquet,16839,f9d648fdf1f26d60ac0ac0e02c672840b604c6b8372cbb8a8bf847fdbc047acf,scored,0.0,0.0,verified_zero,False,False,False,True,False
,,,,,,2016,18,POST,2016_18_OAK_HOU,HOU,LV,0,0,0,0,0,0,0,0,0,0,0,0,,,0,,0,0,0,0,0,0,0,0,0,0,,0,0,0,0,0,0,0,0,0,0,0,0,0,0,,0,0,0,0,0,,0.0,0.0,0.0,0,0,0,0,0,0,0,0.0,0.0,0,0,0,0,0,0,0,0,0,0,0,0,0,0,0,0,0,0,1,5,0,0,0,0,0,0,0,0,0,0,0,0,0,,,0,0,0,0,0,0,0,0,0,0,0,0,,,,0,0,0,0,0,0,0,,0,0,0,0,0,0,0,,0,0,0,0,0,0,0,0,0,0,0.0,0.0,stats_player_week_2016.parquet,17103,f9d648fdf1f26d60ac0ac0e02c672840b604c6b8372cbb8a8bf847fdbc047acf,scored,0.0,0.0,verified_zero,False,False,False,False,False
,,,,,,2016,19,POST,2016_19_SEA_ATL,SEA,ATL,0,0,0,0,0,0,0,0,0,0,0,0,,,0,,0,0,0,0,0,0,0,0,0,0,,0,0,0,0,0,0,0,0,0,0,0,0,0,0,,0,0,0,0,0,,0.0,0.0,0.0,0,0,0,0,0,0,0,0.0,0.0,0,0,0,0,0,0,0,0,0,0,0,0,0,0,0,0,0,0,0,0,0,0,0,0,0,0,0,0,0,0,0,0,0,,,0,0,0,0,0,0,0,0,0,0,0,0,,,,0,0,0,0,0,0,0,,0,0,0,0,0,0,0,,0,0,0,0,0,0,0,0,0,0,0.0,0.0,stats_player_week_2016.parquet,17357,f9d648fdf1f26d60ac0ac0e02c672840b604c6b8372cbb8a8bf847fdbc047acf,scored,0.0,0.0,verified_zero,False,False,False,False,False
,,,,,,2016,20,POST,2016_20_GB_ATL,ATL,GB,0,0,0,0,0,0,0,0,0,0,0,0,,,0,,0,0,0,0,0,0,0,0,0,0,,0,0,0,0,0,0,0,0,0,0,0,0,0,0,,0,0,0,0,0,,0.0,0.0,0.0,0,0,0,0,0,0,0,0.0,0.0,0,0,0,0,0,0,0,0,0,0,0,0,0,0,0,0,0,0,0,0,0,0,0,0,0,0,0,0,0,0,0,0,0,,,0,0,0,0,0,0,0,0,0,0,0,0,,,,0,0,0,0,0,0,0,,0,0,0,0,0,0,0,,0,0,0,0,0,0,0,0,0,0,0.0,0.0,stats_player_week_2016.parquet,17484,f9d648fdf1f26d60ac0ac0e02c672840b604c6b8372cbb8a8bf847fdbc047acf,scored,0.0,0.0,verified_zero,False,False,False,False,False
,,,,,,2016,21,POST,2016_21_NE_ATL,NE,ATL,0,0,0,0,0,0,0,0,0,0,0,0,,,0,,0,0,0,0,0,0,0,0,0,0,,0,0,0,0,0,0,0,0,0,0,0,0,0,0,,0,0,0,0,0,,0.0,0.0,0.0,0,0,0,0,0,0,0,0.0,0.0,0,0,0,0,0,0,0,0,0,0,0,0,0,0,0,0,0,0,0,0,0,0,0,0,0,0,0,0,0,0,0,0,0,,,0,0,0,0,0,0,0,0,0,0,0,0,,,,0,0,0,0,0,0,0,,0,0,0,0,0,0,0,,0,0,0,0,0,0,0,0,0,0,0.0,0.0,stats_player_week_2016.parquet,17551,f9d648fdf1f26d60ac0ac0e02c672840b604c6b8372cbb8a8bf847fdbc047acf,scored,0.0,0.0,verified_zero,False,False,False,False,False
,,,,,,2017,1,REG,2017_01_KC_NE,NE,KC,0,0,0,0,0,0,0,0,0,0,0,0,,,0,,0,0,0,0,0,0,0,0,0,0,,0,0,0,0,0,0,0,0,0,0,0,0,0,0,,0,0,0,0,0,,0.0,0.0,0.0,0,0,0,0,0,0,0,0.0,0.0,0,0,0,0,0,0,0,0,0,0,0,0,0,0,0,0,0,0,3,15,0,0,0,0,0,0,0,0,0,0,0,0,0,,,0,0,0,0,0,0,0,0,0,0,0,0,,,,0,0,0,0,0,0,0,,0,0,0,0,0,0,0,,0,0,0,0,0,0,0,0,0,0,0.0,0.0,stats_player_week_2017.parquet,976,23398fa5ff45dbf8aeb0986be87eed28dd92213d8f862912f95d522963e0ce8e,scored,0.0,0.0,verified_zero,False,False,False,True,True
,,,,,,2017,2,REG,2017_02_HOU_CIN,HOU,CIN,0,0,0,0,0,0,0,0,0,0,0,0,,,0,,0,0,0,0,0,0,0,0,0,0,,0,0,0,0,0,0,0,0,0,0,0,0,0,0,,0,0,0,0,0,,0.0,0.0,0.0,0,0,0,0,0,0,0,0.0,0.0,0,0,0,0,0,0,0,0,0,0,0,0,0,0,0,0,0,0,7,52,0,0,0,0,0,0,0,0,0,0,0,0,0,,,0,0,0,0,0,0,0,0,0,0,0,0,,,,0,0,0,0,0,0,0,,0,0,0,0,0,0,0,,0,0,0,0,0,0,0,0,0,0,0.0,0.0,stats_player_week_2017.parquet,2032,23398fa5ff45dbf8aeb0986be87eed28dd92213d8f862912f95d522963e0ce8e,scored,0.0,0.0,verified_zero,False,False,False,True,True
,,,,,,2017,3,REG,2017_03_LA_SF,SF,LA,0,0,0,0,0,0,0,0,0,0,0,0,,,0,,0,0,0,0,0,0,0,0,0,0,,0,0,0,0,0,0,0,0,0,0,0,0,0,0,,0,0,0,0,0,,0.0,0.0,0.0,0,0,0,0,0,0,0,0.0,0.0,0,0,0,0,0,0,0,0,0,0,0,0,0,0,0,0,0,0,7,34,0,0,0,0,0,0,0,0,0,0,0,0,0,,,0,0,0,0,0,0,0,0,0,0,0,0,,,,0,0,0,0,0,0,0,,0,0,0,0,0,0,0,,0,0,0,0,0,0,0,0,0,0,0.0,0.0,stats_player_week_2017.parquet,3078,23398fa5ff45dbf8aeb0986be87eed28dd92213d8f862912f95d522963e0ce8e,scored,0.0,0.0,verified_zero,False,False,False,True,True
,,,,,,2017,4,REG,2017_04_CHI_GB,GB,CHI,0,0,0,0,0,0,0,0,0,0,0,0,,,0,,0,0,0,0,0,0,0,0,0,0,,0,0,0,0,0,0,0,0,0,0,0,0,0,0,,0,0,0,0,0,,0.0,0.0,0.0,0,0,0,0,0,0,0,0.0,0.0,0,0,0,0,0,0,0,0,0,0,0,0,0,0,0,0,0,0,2,6,0,0,0,0,0,0,0,0,0,0,0,0,0,,,0,0,0,0,0,0,0,0,0,0,0,0,,,,0,0,0,0,0,0,0,,0,0,0,0,0,0,0,,0,0,0,0,0,0,0,0,0,0,0.0,0.0,stats_player_week_2017.parquet,4117,23398fa5ff45dbf8aeb0986be87eed28dd92213d8f862912f95d522963e0ce8e,scored,0.0,0.0,verified_zero,False,False,False,True,True
,,,,,,2017,5,REG,2017_05_NE_TB,NE,TB,0,0,0,0,0,0,0,0,0,0,0,0,,,0,,0,0,0,0,0,0,0,0,0,0,,0,0,0,0,0,0,0,0,0,0,0,0,0,0,,0,0,0,0,0,,0.0,0.0,0.0,0,0,0,0,0,0,0,0.0,0.0,0,0,0,0,0,0,1,0,0,0,0,0,0,0,0,0,0,0,7,42,0,0,0,0,0,0,0,0,0,0,0,0,0,,,0,0,0,0,0,0,0,0,0,0,0,0,,,,0,0,0,0,0,0,0,,0,0,0,0,0,0,0,,0,0,0,0,0,0,0,0,0,0,0.0,0.0,stats_player_week_2017.parquet,5036,23398fa5ff45dbf8aeb0986be87eed28dd92213d8f862912f95d522963e0ce8e,scored,0.0,0.0,verified_zero,False,False,False,True,True
,,,,,,2017,6,REG,2017_06_PHI_CAR,PHI,CAR,0,0,0,0,0,0,0,0,0,0,0,0,,,0,,0,0,0,0,0,0,0,0,0,0,,0,0,0,0,0,0,0,0,0,0,0,0,0,0,,0,0,0,0,0,,0.0,0.0,0.0,0,0,0,0,0,0,0,0.0,0.0,0,0,0,0,0,0,2,0,0,0,0,0,0,0,0,0,0,0,4,20,0,0,0,0,0,0,0,0,0,0,0,0,0,,,0,0,0,0,0,0,0,0,0,0,0,0,,,,0,0,0,0,0,0,0,,0,0,0,0,0,0,0,,0,0,0,0,0,0,0,0,0,0,0.0,0.0,stats_player_week_2017.parquet,5945,23398fa5ff45dbf8aeb0986be87eed28dd92213d8f862912f95d522963e0ce8e,scored,0.0,0.0,verified_zero,False,False,False,True,True
,,,,,,2017,7,REG,2017_07_KC_OAK,KC,LV,0,0,0,0,0,0,0,0,0,0,0,0,,,0,,0,0,0,0,0,0,0,0,0,0,,0,0,0,0,0,0,0,0,0,0,0,0,0,0,,0,0,0,0,0,,0.0,0.0,0.0,0,0,0,0,0,0,0,0.0,0.0,0,0,0,0,0,0,0,0,0,0,0,0,0,0,0,0,0,0,2,3,0,0,0,0,0,0,0,0,0,0,0,0,0,,,0,0,0,0,0,0,0,0,0,0,0,0,,,,0,0,0,0,0,0,0,,0,0,0,0,0,0,0,,0,0,0,0,0,0,0,0,0,0,0.0,0.0,stats_player_week_2017.parquet,6925,23398fa5ff45dbf8aeb0986be87eed28dd92213d8f862912f95d522963e0ce8e,scored,0.0,0.0,verified_zero,False,False,False,True,True
,,,,,,2017,8,REG,2017_08_MIA_BAL,MIA,BAL,0,0,0,0,0,0,0,0,0,0,0,0,,,0,,0,0,0,0,0,0,0,0,0,0,,0,0,0,0,0,0,0,0,0,0,0,0,0,0,,0,0,0,0,0,,0.0,0.0,0.0,0,0,0,0,0,0,0,0.0,0.0,0,0,0,0,0,0,0,0,0,0,0,0,0,0,0,0,0,0,0,0,0,0,0,0,0,0,0,0,0,0,0,0,0,,,0,0,0,0,0,0,0,0,0,0,0,0,,,,0,0,0,0,0,0,0,,0,0,0,0,0,0,0,,0,0,0,0,0,0,0,0,0,0,0.0,0.0,stats_player_week_2017.parquet,7776,23398fa5ff45dbf8aeb0986be87eed28dd92213d8f862912f95d522963e0ce8e,scored,0.0,0.0,verified_zero,False,False,False,True,True
,,,,,,2017,9,REG,2017_09_BUF_NYJ,NYJ,BUF,0,0,0,0,0,0,0,0,0,0,0,0,,,0,,0,0,0,0,0,0,0,0,0,0,,0,0,0,0,0,0,0,0,0,0,0,0,0,0,,0,0,0,0,0,,0.0,0.0,0.0,0,0,0,0,0,0,0,0.0,0.0,0,0,0,0,0,0,0,0,0,0,0,0,0,0,0,0,0,0,3,15,0,0,0,0,0,0,0,0,0,0,0,0,0,,,0,0,0,0,0,0,0,0,0,0,0,0,,,,0,0,0,0,0,0,0,,0,0,0,0,0,0,0,,0,0,0,0,0,0,0,0,0,0,0.0,0.0,stats_player_week_2017.parquet,8643,23398fa5ff45dbf8aeb0986be87eed28dd92213d8f862912f95d522963e0ce8e,scored,0.0,0.0,verified_zero,False,False,False,True,True
,,,,,,2017,10,REG,2017_10_SEA_ARI,SEA,ARI,0,0,0,0,0,0,0,0,0,0,0,0,,,0,,0,0,0,0,0,0,0,0,0,0,,0,0,0,0,0,0,0,0,0,0,0,0,0,0,,0,0,0,0,0,,0.0,0.0,0.0,0,0,0,0,0,0,0,0.0,0.0,0,0,0,0,0,0,0,0,0,0,0,0,0,0,0,0,0,0,3,15,0,0,0,0,0,0,0,0,0,0,0,0,0,,,0,0,0,0,0,0,0,0,0,0,0,0,,,,0,0,0,0,0,0,0,,0,0,0,0,0,0,0,,0,0,0,0,0,0,0,0,0,0,0.0,0.0,stats_player_week_2017.parquet,9569,23398fa5ff45dbf8aeb0986be87eed28dd92213d8f862912f95d522963e0ce8e,scored,0.0,0.0,verified_zero,False,False,False,True,True
,,,,,,2017,11,REG,2017_11_TEN_PIT,PIT,TEN,0,0,0,0,0,0,0,0,0,0,0,0,,,0,,0,0,0,0,0,0,0,0,0,0,,0,0,0,0,0,0,0,0,0,0,0,0,0,0,,0,0,0,0,0,,0.0,0.0,0.0,0,0,0,0,0,0,0,0.0,0.0,0,0,0,0,0,0,0,0,0,0,0,0,0,0,0,0,0,0,7,45,0,0,0,0,0,0,0,0,0,0,0,0,0,,,0,0,0,0,0,0,0,0,0,0,0,0,,,,0,0,0,0,0,0,0,,0,0,0,0,0,0,0,,0,0,0,0,0,0,0,0,0,0,0.0,0.0,stats_player_week_2017.parquet,10487,23398fa5ff45dbf8aeb0986be87eed28dd92213d8f862912f95d522963e0ce8e,scored,0.0,0.0,verified_zero,False,False,False,True,True
,,,,,,2017,12,REG,2017_12_MIN_DET,DET,MIN,0,0,0,0,0,0,0,0,0,0,0,0,,,0,,0,0,0,0,0,0,0,0,0,0,,0,0,0,0,0,0,0,0,0,0,0,0,0,0,,0,0,0,0,0,,0.0,0.0,0.0,0,0,0,0,0,0,0,0.0,0.0,0,0,0,0,0,0,0,0,0,0,0,0,0,0,0,0,0,0,9,53,0,0,0,0,0,0,0,0,0,0,0,0,0,,,0,0,0,0,0,0,0,0,0,0,0,0,,,,0,0,0,0,0,0,0,,0,0,0,0,0,0,0,,0,0,0,0,0,0,0,0,0,0,0.0,0.0,stats_player_week_2017.parquet,11502,23398fa5ff45dbf8aeb0986be87eed28dd92213d8f862912f95d522963e0ce8e,scored,0.0,0.0,verified_zero,False,False,False,True,True
,Team,,,,,2017,13,REG,2017_13_WAS_DAL,DAL,WAS,0,0,0,0,0,0,0,0,0,0,0,0,,,0,,0,0,0,0,0,0,0,0,0,0,,0,0,0,0,0,0,0,0,0,0,0,0,0,0,,0,0,0,0,0,,0.0,0.0,0.0,0,1,0,0,0,0,0,0.0,0.0,0,0,0,0,0,0,1,0,0,0,0,0,0,0,0,0,0,0,4,19,0,0,0,0,0,0,0,0,0,0,0,0,0,,,0,0,0,0,0,0,0,0,0,0,0,0,,,,0,0,0,0,0,0,0,,0,0,0,0,0,0,0,,0,0,0,0,0,0,0,0,0,0,0.0,0.0,stats_player_week_2017.parquet,12548,23398fa5ff45dbf8aeb0986be87eed28dd92213d8f862912f95d522963e0ce8e,scored,0.0,0.0,verified_zero,False,False,False,True,True
,,,,,,2017,14,REG,2017_14_NO_ATL,NO,ATL,0,0,0,0,0,0,0,0,0,0,0,0,,,0,,0,0,0,0,0,0,0,0,0,0,,0,0,0,0,0,0,0,0,0,0,0,0,0,0,,0,0,0,0,0,,0.0,0.0,0.0,0,0,0,0,0,0,0,0.0,0.0,0,0,0,0,0,0,0,0,0,0,0,0,0,0,0,0,0,0,3,25,0,0,0,0,0,0,0,0,0,0,0,0,0,,,0,0,0,0,0,0,0,0,0,0,0,0,,,,0,0,0,0,0,0,0,,0,0,0,0,0,0,0,,0,0,0,0,0,0,0,0,0,0,0.0,0.0,stats_player_week_2017.parquet,13616,23398fa5ff45dbf8aeb0986be87eed28dd92213d8f862912f95d522963e0ce8e,scored,0.0,0.0,verified_zero,False,False,False,True,True
,,,,,,2017,15,REG,2017_15_DEN_IND,DEN,IND,0,0,0,0,0,0,0,0,0,0,0,0,,,0,,0,0,0,0,0,0,0,0,0,0,,0,0,0,0,0,0,0,0,0,0,0,0,0,0,,0,0,0,0,0,,0.0,0.0,0.0,0,0,0,0,0,0,0,0.0,0.0,0,0,0,0,0,0,1,0,0,0,0,0,0,0,0,0,0,0,8,40,0,0,0,0,0,0,0,0,0,0,0,0,0,,,0,0,0,0,0,0,0,0,0,0,0,0,,,,0,0,0,0,0,0,0,,0,0,0,0,0,0,0,,0,0,0,0,0,0,0,0,0,0,0.0,0.0,stats_player_week_2017.parquet,14688,23398fa5ff45dbf8aeb0986be87eed28dd92213d8f862912f95d522963e0ce8e,scored,0.0,0.0,verified_zero,False,False,False,True,True
,,,,,,2017,16,REG,2017_16_IND_BAL,IND,BAL,0,0,0,0,0,0,0,0,0,0,0,0,,,0,,0,0,0,0,0,0,0,0,0,0,,0,0,0,0,0,0,0,0,0,0,0,0,0,0,,0,0,0,0,0,,0.0,0.0,0.0,0,0,0,0,0,0,0,0.0,0.0,0,0,0,0,0,0,0,0,0,0,0,0,0,0,0,0,0,0,9,49,0,0,0,0,0,0,0,0,0,0,0,0,0,,,0,0,0,0,0,0,0,0,0,0,0,0,,,,0,0,0,0,0,0,0,,0,0,0,0,0,0,0,,0,0,0,0,0,0,0,0,0,0,0.0,0.0,stats_player_week_2017.parquet,15741,23398fa5ff45dbf8aeb0986be87eed28dd92213d8f862912f95d522963e0ce8e,scored,0.0,0.0,verified_zero,False,False,False,True,True
,,,,,,2017,17,REG,2017_17_GB_DET,GB,DET,0,0,0,0,0,0,0,0,0,0,0,0,,,0,,0,0,0,0,0,0,0,0,0,0,,0,0,0,0,0,0,0,0,0,0,0,0,0,0,,0,0,0,0,0,,0.0,0.0,0.0,0,0,0,0,0,0,0,0.0,0.0,0,0,0,0,0,0,1,0,0,0,0,0,0,0,0,0,0,0,4,15,0,0,0,0,0,0,0,0,0,0,0,0,0,,,0,0,0,0,0,0,0,0,0,0,0,0,,,,0,0,0,0,0,0,0,,0,0,0,0,0,0,0,,0,0,0,0,0,0,0,0,0,0,0.0,0.0,stats_player_week_2017.parquet,16785,23398fa5ff45dbf8aeb0986be87eed28dd92213d8f862912f95d522963e0ce8e,scored,0.0,0.0,verified_zero,False,False,False,True,False
,,,,,,2017,18,POST,2017_18_TEN_KC,KC,TEN,0,0,0,0,0,0,0,0,0,0,0,0,,,0,,0,0,0,0,0,0,0,0,0,0,,0,0,0,0,0,0,0,0,0,0,0,0,0,0,,0,0,0,0,0,,0.0,0.0,0.0,0,0,0,0,0,0,0,0.0,0.0,0,0,0,0,0,0,0,0,0,0,0,0,0,0,0,0,0,0,0,0,0,0,0,0,0,0,0,0,0,0,0,0,0,,,0,0,0,0,0,0,0,0,0,0,0,0,,,,0,0,0,0,0,0,0,,0,0,0,0,0,0,0,,0,0,0,0,0,0,0,0,0,0,0.0,0.0,stats_player_week_2017.parquet,17038,23398fa5ff45dbf8aeb0986be87eed28dd92213d8f862912f95d522963e0ce8e,scored,0.0,0.0,verified_zero,False,False,False,False,False
,,,,,,2017,19,POST,2017_19_ATL_PHI,PHI,ATL,0,0,0,0,0,0,0,0,0,0,0,0,,,0,,0,0,0,0,0,0,0,0,0,0,,0,0,0,0,0,0,0,0,0,0,0,0,0,0,,0,0,0,0,0,,0.0,0.0,0.0,0,0,0,0,0,0,0,0.0,0.0,0,0,0,0,0,0,0,0,0,0,0,0,0,0,0,0,0,0,0,0,0,0,0,0,0,0,0,0,0,0,0,0,0,,,0,0,0,0,0,0,0,0,0,0,0,0,,,,0,0,0,0,0,0,0,,0,0,0,0,0,0,0,,0,0,0,0,0,0,0,0,0,0,0.0,0.0,stats_player_week_2017.parquet,17293,23398fa5ff45dbf8aeb0986be87eed28dd92213d8f862912f95d522963e0ce8e,scored,0.0,0.0,verified_zero,False,False,False,False,False
,,,,,,2017,20,POST,2017_20_JAX_NE,NE,JAX,0,0,0,0,0,0,0,0,0,0,0,0,,,0,,0,0,0,0,0,0,0,0,0,0,,0,0,0,0,0,0,0,0,0,0,0,0,0,0,,0,0,0,0,0,,0.0,0.0,0.0,0,0,0,0,0,0,0,0.0,0.0,0,0,0,0,0,0,0,0,0,0,0,0,0,0,0,0,0,0,1,5,0,0,0,0,0,0,0,0,0,0,0,0,0,,,0,0,0,0,0,0,0,0,0,0,0,0,,,,0,0,0,0,0,0,0,,0,0,0,0,0,0,0,,0,0,0,0,0,0,0,0,0,0,0.0,0.0,stats_player_week_2017.parquet,17417,23398fa5ff45dbf8aeb0986be87eed28dd92213d8f862912f95d522963e0ce8e,scored,0.0,0.0,verified_zero,False,False,False,False,False
,,,,,,2017,21,POST,2017_21_PHI_NE,PHI,NE,0,0,0,0,0,0,0,0,0,0,0,0,,,0,,0,0,0,0,0,0,0,0,0,0,,0,0,0,0,0,0,0,0,0,0,0,0,0,0,,0,0,0,0,0,,0.0,0.0,0.0,0,0,0,0,0,0,0,0.0,0.0,0,0,0,0,0,0,0,0,0,0,0,0,0,0,0,0,0,0,0,0,0,0,0,0,0,0,0,0,0,0,0,0,0,,,0,0,0,0,0,0,0,0,0,0,0,0,,,,0,0,0,0,0,0,0,,0,0,0,0,0,0,0,,0,0,0,0,0,0,0,0,0,0,0.0,0.0,stats_player_week_2017.parquet,17476,23398fa5ff45dbf8aeb0986be87eed28dd92213d8f862912f95d522963e0ce8e,scored,0.0,0.0,verified_zero,False,False,False,False,False
,,,,,,2018,1,REG,2018_01_ATL_PHI,ATL,PHI,0,0,0,0,0,0,0,0,0,0,0,0,,,0,,0,0,0,0,0,0,0,0,0,0,,0,0,0,0,0,0,0,0,0,0,0,0,0,0,,0,0,0,0,0,,0.0,0.0,0.0,0,0,0,0,0,0,0,0.0,0.0,0,0,0,0,0,0,0,0,0,0,0,0,0,0,0,0,0,0,15,73,0,0,0,0,0,0,0,0,0,0,0,0,0,,,0,0,0,0,0,0,0,0,0,0,0,0,,,,0,0,0,0,0,0,0,,0,0,0,0,0,0,0,,0,0,0,0,0,0,0,0,0,0,0.0,0.0,stats_player_week_2018.parquet,1070,d40914a95fdb97245567d8d816e474547b0d28d5152259813ba1542f13a8f0f4,scored,0.0,0.0,verified_zero,False,False,False,True,True
,,,,,,2018,2,REG,2018_02_BAL_CIN,BAL,CIN,0,0,0,0,0,0,0,0,0,0,0,0,,,0,,0,0,0,0,0,0,0,0,0,0,,0,0,0,0,0,0,0,0,0,0,0,0,0,0,,0,0,0,0,0,,0.0,0.0,0.0,0,0,0,0,0,0,0,0.0,0.0,0,0,0,0,0,0,0,0,0,0,0,0,0,0,0,0,0,0,8,46,0,0,0,0,0,0,0,0,0,0,0,0,0,,,0,0,0,0,0,0,0,0,0,0,0,0,,,,0,0,0,0,0,0,0,,0,0,0,0,0,0,0,,0,0,0,0,0,0,0,0,0,0,0.0,0.0,stats_player_week_2018.parquet,2100,d40914a95fdb97245567d8d816e474547b0d28d5152259813ba1542f13a8f0f4,scored,0.0,0.0,verified_zero,False,False,False,True,True
,,,,,,2018,3,REG,2018_03_NYJ_CLE,CLE,NYJ,0,0,0,0,0,0,0,0,0,0,0,0,,,0,,0,0,0,0,0,0,0,0,0,0,,0,0,0,0,0,0,0,0,0,0,0,0,0,0,,0,0,0,0,0,,0.0,0.0,0.0,0,0,0,0,0,0,0,0.0,0.0,0,0,0,0,0,0,0,0,0,0,0,0,0,0,0,0,0,0,21,103,0,0,0,0,0,0,0,0,0,0,0,0,0,,,0,0,0,0,0,0,0,0,0,0,0,0,,,,0,0,0,0,0,0,0,,0,0,0,0,0,0,0,,0,0,0,0,0,0,0,0,0,0,0.0,0.0,stats_player_week_2018.parquet,3162,d40914a95fdb97245567d8d816e474547b0d28d5152259813ba1542f13a8f0f4,scored,0.0,0.0,verified_zero,False,False,False,True,True
,,,,,,2018,4,REG,2018_04_MIN_LA,MIN,LA,0,0,0,0,0,0,0,0,0,0,0,0,,,0,,0,0,0,0,0,0,0,0,0,0,,0,0,0,0,0,0,0,0,0,0,0,0,0,0,,0,0,0,0,0,,0.0,0.0,0.0,0,0,0,0,0,0,0,0.0,0.0,0,0,0,0,0,0,0,0,0,0,0,0,0,0,0,0,0,0,8,36,0,0,0,0,0,0,0,0,0,0,0,0,0,,,0,0,0,0,0,0,0,0,0,0,0,0,,,,0,0,0,0,0,0,0,,0,0,0,0,0,0,0,,0,0,0,0,0,0,0,0,0,0,0.0,0.0,stats_player_week_2018.parquet,4140,d40914a95fdb97245567d8d816e474547b0d28d5152259813ba1542f13a8f0f4,scored,0.0,0.0,verified_zero,False,False,False,True,True
,,,,,,2018,5,REG,2018_05_IND_NE,NE,IND,0,0,0,0,0,0,0,0,0,0,0,0,,,0,,0,0,0,0,0,0,0,0,0,0,,0,0,0,0,0,0,0,0,0,0,0,0,0,0,,0,0,0,0,0,,0.0,0.0,0.0,0,0,0,0,0,0,0,0.0,0.0,0,0,0,0,0,0,0,0,0,0,0,0,0,0,0,0,0,0,12,58,0,0,0,0,0,0,0,0,0,0,0,0,0,,,0,0,0,0,0,0,0,0,0,0,0,0,,,,0,0,0,0,0,0,0,,0,0,0,0,0,0,0,,0,0,0,0,0,0,0,0,0,0,0.0,0.0,stats_player_week_2018.parquet,5128,d40914a95fdb97245567d8d816e474547b0d28d5152259813ba1542f13a8f0f4,scored,0.0,0.0,verified_zero,False,False,False,True,True
,,,,,,2018,6,REG,2018_06_PHI_NYG,PHI,NYG,0,0,0,0,0,0,0,0,0,0,0,0,,,0,,0,0,0,0,0,0,0,0,0,0,,0,0,0,0,0,0,0,0,0,0,0,0,0,0,,0,0,0,0,0,,0.0,0.0,0.0,0,0,0,0,0,0,0,0.0,0.0,0,0,0,0,0,0,0,0,0,0,0,0,0,0,0,0,0,0,14,67,0,0,0,0,0,0,0,0,0,0,0,0,0,,,0,0,0,0,0,0,0,0,0,0,0,0,,,,0,0,0,0,0,0,0,,0,0,0,0,0,0,0,,0,0,0,0,0,0,0,0,0,0,0.0,0.0,stats_player_week_2018.parquet,6106,d40914a95fdb97245567d8d816e474547b0d28d5152259813ba1542f13a8f0f4,scored,0.0,0.0,verified_zero,False,False,False,True,True
,,,,,,2018,7,REG,2018_07_DEN_ARI,ARI,,0,0,0,0,0,0,0,0,0,0,0,0,,,0,,0,0,0,0,0,0,0,0,0,0,,0,0,0,0,0,0,0,0,0,0,0,0,0,0,,0,0,0,0,0,,0.0,0.0,0.0,0,0,0,0,0,0,0,0.0,0.0,0,0,0,0,0,0,1,0,0,0,0,0,0,0,0,0,0,0,12,65,0,0,0,0,0,0,0,0,0,0,0,0,0,,,0,0,0,0,0,0,0,0,0,0,0,0,,,,0,0,0,0,0,0,0,,0,0,0,0,0,0,0,,0,0,0,0,0,0,0,0,0,0,0.0,0.0,stats_player_week_2018.parquet,7001,d40914a95fdb97245567d8d816e474547b0d28d5152259813ba1542f13a8f0f4,scored,0.0,0.0,verified_zero,False,False,False,True,True
,,,,,,2018,8,REG,2018_08_MIA_HOU,MIA,HOU,0,0,0,0,0,0,0,0,0,0,0,0,,,0,,0,0,0,0,0,0,0,0,0,0,,0,0,0,0,0,0,0,0,0,0,0,0,0,0,,0,0,0,0,0,,0.0,0.0,0.0,0,0,0,0,0,0,0,0.0,0.0,0,0,0,0,0,0,2,0,0,0,0,0,0,0,0,0,0,0,13,65,0,0,0,0,0,0,0,0,0,0,0,0,0,,,0,0,0,0,0,0,0,0,0,0,0,0,,,,0,0,0,0,0,0,0,,0,0,0,0,0,0,0,,0,0,0,0,0,0,0,0,0,0,0.0,0.0,stats_player_week_2018.parquet,7913,d40914a95fdb97245567d8d816e474547b0d28d5152259813ba1542f13a8f0f4,scored,0.0,0.0,verified_zero,False,False,False,True,True
,,,,,,2018,9,REG,2018_09_OAK_SF,LV,SF,0,0,0,0,0,0,0,0,0,0,0,0,,,0,,0,0,0,0,0,0,0,0,0,0,,0,0,0,0,0,0,0,0,0,0,0,0,0,0,,0,0,0,0,0,,0.0,0.0,0.0,0,0,0,0,0,0,0,0.0,0.0,0,0,0,0,0,0,0,0,0,0,0,0,0,0,0,0,0,0,15,70,0,0,0,0,0,0,0,0,0,0,0,0,0,,,0,0,0,0,0,0,0,0,0,0,0,0,,,,0,0,0,0,0,0,0,,0,0,0,0,0,0,0,,0,0,0,0,0,0,0,0,0,0,0.0,0.0,stats_player_week_2018.parquet,8772,d40914a95fdb97245567d8d816e474547b0d28d5152259813ba1542f13a8f0f4,scored,0.0,0.0,verified_zero,False,False,False,True,True
,,,,,,2018,10,REG,2018_10_CAR_PIT,CAR,PIT,0,0,0,0,0,0,0,0,0,0,0,0,,,0,,0,0,0,0,0,0,0,0,0,0,,0,0,0,0,0,0,0,0,0,0,0,0,0,0,,0,0,0,0,0,,0.0,0.0,0.0,0,0,0,0,0,0,0,0.0,0.0,0,0,0,0,0,0,0,0,0,0,0,0,0,0,0,0,0,0,4,30,0,0,0,0,0,0,0,0,0,0,0,0,0,,,0,0,0,0,0,0,0,0,0,0,0,0,,,,0,0,0,0,0,0,0,,0,0,0,0,0,0,0,,0,0,0,0,0,0,0,0,0,0,0.0,0.0,stats_player_week_2018.parquet,9689,d40914a95fdb97245567d8d816e474547b0d28d5152259813ba1542f13a8f0f4,scored,0.0,0.0,verified_zero,False,False,False,True,True
,R.Rodgers,,,,,2018,11,REG,2018_11_GB_SEA,SEA,GB,0,0,0,0,0,0,0,0,0,0,0,0,,,0,,0,0,0,0,0,0,0,0,0,0,,0,0,0,0,0,0,0,0,0,0,0,0,0,0,,0,0,0,0,0,,0.0,0.0,0.0,0,0,0,0,0,0,0,0.0,0.0,0,0,0,0,0,0,0,0,0,0,0,0,0,0,0,0,0,0,9,47,0,0,0,0,0,0,0,0,0,0,0,0,0,,,0,0,0,0,0,0,0,0,0,0,0,0,,,,0,0,0,0,0,0,0,,0,0,0,0,0,0,0,,0,0,0,0,0,0,0,0,0,0,0.0,0.0,stats_player_week_2018.parquet,10540,d40914a95fdb97245567d8d816e474547b0d28d5152259813ba1542f13a8f0f4,scored,0.0,0.0,verified_zero,False,False,False,True,True
,,,,,,2018,12,REG,2018_12_CHI_DET,DET,CHI,0,0,0,0,0,0,0,0,0,0,0,0,,,0,,0,0,0,0,0,0,0,0,0,0,,0,0,0,0,0,0,0,0,0,0,0,0,0,0,,0,0,0,0,0,,0.0,0.0,0.0,0,0,0,0,0,0,0,0.0,0.0,0,0,0,0,0,0,0,0,0,0,0,0,0,0,0,0,0,0,23,109,0,0,0,0,0,0,0,0,0,0,0,0,0,,,0,0,0,0,0,0,0,0,0,0,0,0,,,,0,0,0,0,0,0,0,,0,0,0,0,0,0,0,,0,0,0,0,0,0,0,0,0,0,0.0,0.0,stats_player_week_2018.parquet,11515,d40914a95fdb97245567d8d816e474547b0d28d5152259813ba1542f13a8f0f4,scored,0.0,0.0,verified_zero,False,False,False,True,True
,,,,,,2018,13,REG,2018_13_NO_DAL,DAL,NO,0,0,0,0,0,0,0,0,0,0,0,0,,,0,,0,0,0,0,0,0,0,0,0,0,,0,0,0,0,0,0,0,0,0,0,0,0,0,0,,0,0,0,0,0,,0.0,0.0,0.0,0,0,0,0,0,0,0,0.0,0.0,0,0,0,0,0,0,0,0,0,0,0,0,0,0,0,0,0,0,16,95,0,0,0,0,0,0,0,0,0,0,0,0,0,,,0,0,0,0,0,0,0,0,0,0,0,0,,,,0,0,0,0,0,0,0,,0,0,0,0,0,0,0,,0,0,0,0,0,0,0,0,0,0,0.0,0.0,stats_player_week_2018.parquet,12560,d40914a95fdb97245567d8d816e474547b0d28d5152259813ba1542f13a8f0f4,scored,0.0,0.0,verified_zero,False,False,False,True,True
,,,,,,2018,14,REG,2018_14_JAX_TEN,TEN,JAX,0,0,0,0,0,0,0,0,0,0,0,0,,,0,,0,0,0,0,0,0,0,0,0,0,,0,0,0,0,0,0,0,0,0,0,0,0,0,0,,0,0,0,0,0,,0.0,0.0,0.0,0,0,0,0,0,0,0,0.0,0.0,0,0,0,0,0,0,0,0,0,0,0,0,0,0,0,0,0,0,12,54,0,0,0,0,0,0,0,0,0,0,0,0,0,,,0,0,0,0,0,0,0,0,0,0,0,0,,,,0,0,0,0,0,0,0,,0,0,0,0,0,0,0,,0,0,0,0,0,0,0,0,0,0,0.0,0.0,stats_player_week_2018.parquet,13603,d40914a95fdb97245567d8d816e474547b0d28d5152259813ba1542f13a8f0f4,scored,0.0,0.0,verified_zero,False,False,False,True,True
,,,,,,2018,15,REG,2018_15_LAC_KC,KC,LAC,0,0,0,0,0,0,0,0,0,0,0,0,,,0,,0,0,0,0,0,0,0,0,0,0,,0,0,0,0,0,0,0,0,0,0,0,0,0,0,,0,0,0,0,0,,0.0,0.0,0.0,0,0,0,0,0,0,0,0.0,0.0,0,0,0,0,0,0,0,0,0,0,0,0,0,0,0,0,0,0,16,90,0,0,0,0,0,0,0,0,0,0,0,0,0,,,0,0,0,0,0,0,0,0,0,0,0,0,,,,0,0,0,0,0,0,0,,0,0,0,0,0,0,0,,0,0,0,0,0,0,0,0,0,0,0.0,0.0,stats_player_week_2018.parquet,14649,d40914a95fdb97245567d8d816e474547b0d28d5152259813ba1542f13a8f0f4,scored,0.0,0.0,verified_zero,False,False,False,True,True
,,,,,,2018,16,REG,2018_16_WAS_TEN,WAS,TEN,0,0,0,0,0,0,0,0,0,0,0,0,,,0,,0,0,0,0,0,0,0,0,0,0,,0,0,0,0,0,0,0,0,0,0,0,0,0,0,,0,0,0,0,0,,0.0,0.0,0.0,0,0,0,0,0,0,0,0.0,0.0,0,0,0,0,0,0,0,0,0,0,0,0,0,0,0,0,0,0,18,90,0,0,0,0,0,0,0,0,0,0,0,0,0,,,0,0,0,0,0,0,0,0,0,0,0,0,,,,0,0,0,0,0,0,0,,0,0,0,0,0,0,0,,0,0,0,0,0,0,0,0,0,0,0.0,0.0,stats_player_week_2018.parquet,15686,d40914a95fdb97245567d8d816e474547b0d28d5152259813ba1542f13a8f0f4,scored,0.0,0.0,verified_zero,False,False,False,True,True
,,,,,,2018,17,REG,2018_17_MIA_BUF,BUF,MIA,0,0,0,0,0,0,0,0,0,0,0,0,,,0,,0,0,0,0,0,0,0,0,0,0,,0,0,0,0,0,0,0,0,0,0,0,0,0,0,,0,0,0,0,0,,0.0,0.0,0.0,0,0,0,0,0,0,0,0.0,0.0,0,0,0,0,0,0,0,0,0,0,0,0,0,0,0,0,0,0,12,57,0,0,0,0,0,0,0,0,0,0,0,0,0,,,0,0,0,0,0,0,0,0,0,0,0,0,,,,0,0,0,0,0,0,0,,0,0,0,0,0,0,0,,0,0,0,0,0,0,0,0,0,0,0.0,0.0,stats_player_week_2018.parquet,16727,d40914a95fdb97245567d8d816e474547b0d28d5152259813ba1542f13a8f0f4,scored,0.0,0.0,verified_zero,False,False,False,True,False
,,,,,,2018,18,POST,2018_18_IND_HOU,IND,HOU,0,0,0,0,0,0,0,0,0,0,0,0,,,0,,0,0,0,0,0,0,0,0,0,0,,0,0,0,0,0,0,0,0,0,0,0,0,0,0,,0,0,0,0,0,,0.0,0.0,0.0,0,0,0,0,0,0,0,0.0,0.0,0,0,0,0,0,0,0,0,0,0,0,0,0,0,0,0,0,0,3,15,0,0,0,0,0,0,0,0,0,0,0,0,0,,,0,0,0,0,0,0,0,0,0,0,0,0,,,,0,0,0,0,0,0,0,,0,0,0,0,0,0,0,,0,0,0,0,0,0,0,0,0,0,0.0,0.0,stats_player_week_2018.parquet,16971,d40914a95fdb97245567d8d816e474547b0d28d5152259813ba1542f13a8f0f4,scored,0.0,0.0,verified_zero,False,False,False,False,False
,,,,,,2018,19,POST,2018_19_IND_KC,IND,KC,0,0,0,0,0,0,0,0,0,0,0,0,,,0,,0,0,0,0,0,0,0,0,0,0,,0,0,0,0,0,0,0,0,0,0,0,0,0,0,,0,0,0,0,0,,0.0,0.0,0.0,0,0,0,0,0,0,0,0.0,0.0,0,0,0,0,0,0,0,0,0,0,0,0,0,0,0,0,0,0,5,25,0,0,0,0,0,0,0,0,0,0,0,0,0,,,0,0,0,0,0,0,0,0,0,0,0,0,,,,0,0,0,0,0,0,0,,0,0,0,0,0,0,0,,0,0,0,0,0,0,0,0,0,0,0.0,0.0,stats_player_week_2018.parquet,17225,d40914a95fdb97245567d8d816e474547b0d28d5152259813ba1542f13a8f0f4,scored,0.0,0.0,verified_zero,False,False,False,False,False
,,,,,,2018,20,POST,2018_20_LA_NO,NO,LA,0,0,0,0,0,0,0,0,0,0,0,0,,,0,,0,0,0,0,0,0,0,0,0,0,,0,0,0,0,0,0,0,0,0,0,0,0,0,0,,0,0,0,0,0,,0.0,0.0,0.0,0,0,0,0,0,0,0,0.0,0.0,0,0,0,0,0,0,0,0,0,0,0,0,0,0,0,0,0,0,2,10,0,0,0,0,0,0,0,0,0,0,0,0,0,,,0,0,0,0,0,0,0,0,0,0,0,0,,,,0,0,0,0,0,0,0,,0,0,0,0,0,0,0,,0,0,0,0,0,0,0,0,0,0,0.0,0.0,stats_player_week_2018.parquet,17357,d40914a95fdb97245567d8d816e474547b0d28d5152259813ba1542f13a8f0f4,scored,0.0,0.0,verified_zero,False,False,False,False,False
,,,,,,2018,21,POST,2018_21_NE_LA,NE,LA,0,0,0,0,0,0,0,0,0,0,0,0,,,0,,0,0,0,0,0,0,0,0,0,0,,0,0,0,0,0,0,0,0,0,0,0,0,0,0,,0,0,0,0,0,,0.0,0.0,0.0,0,0,0,0,0,0,0,0.0,0.0,0,0,0,0,0,0,0,0,0,0,0,0,0,0,0,0,0,0,3,15,0,0,0,0,0,0,0,0,0,0,0,0,0,,,0,0,0,0,0,0,0,0,0,0,0,0,,,,0,0,0,0,0,0,0,,0,0,0,0,0,0,0,,0,0,0,0,0,0,0,0,0,0,0.0,0.0,stats_player_week_2018.parquet,17413,d40914a95fdb97245567d8d816e474547b0d28d5152259813ba1542f13a8f0f4,scored,0.0,0.0,verified_zero,False,False,False,False,False
,Team,,,,,2019,1,REG,2019_01_GB_CHI,GB,CHI,0,0,0,0,0,0,0,0,0,0,0,0,,,0,,0,0,0,0,0,0,0,0,0,0,,0,0,0,0,0,0,0,0,0,0,0,0,0,0,,0,0,0,0,0,,0.0,0.0,0.0,0,1,0,0,0,0,1,1.0,7.0,0,0,0,0,0,0,0,0,0,0,0,0,0,0,0,0,0,0,12,60,0,0,0,0,0,0,0,0,0,0,0,0,0,,,0,0,0,0,0,0,0,0,0,0,0,0,,,,0,0,0,0,0,0,0,,0,0,0,0,0,0,0,,0,0,0,0,0,0,0,0,0,0,0.0,0.0,stats_player_week_2019.parquet,1027,1a80298e2aca5a830e0dcfeb834c220bc79918211dc42e2f1e46acc39cd437c9,st_split_unknown,0.0,,unknown,True,False,False,True,True
,,,,,,2019,2,REG,2019_02_TB_CAR,TB,CAR,0,0,0,0,0,0,0,0,0,0,0,0,,,0,,0,0,0,0,0,0,0,0,0,0,,0,0,0,0,0,0,0,0,0,0,0,0,0,0,,0,0,0,0,0,,0.0,0.0,0.0,0,0,0,0,0,0,0,0.0,0.0,0,0,0,0,0,0,0,0,0,0,0,0,0,0,0,0,0,0,18,79,0,0,0,0,0,0,0,0,0,0,0,0,0,,,0,0,0,0,0,0,0,0,0,0,0,0,,,,0,0,0,0,0,0,0,,0,0,0,0,0,0,0,,0,0,0,0,0,0,0,0,0,0,0.0,0.0,stats_player_week_2019.parquet,2092,1a80298e2aca5a830e0dcfeb834c220bc79918211dc42e2f1e46acc39cd437c9,scored,0.0,0.0,verified_zero,False,False,False,True,True
,,,,,,2019,3,REG,2019_03_TEN_JAX,JAX,TEN,0,0,0,0,0,0,0,0,0,0,0,0,,,0,,0,0,0,0,0,0,0,0,0,0,,0,0,0,0,0,0,0,0,0,0,0,0,0,0,,0,0,0,0,0,,0.0,0.0,0.0,0,0,0,0,0,0,0,0.0,0.0,0,0,0,0,0,0,0,0,0,0,0,0,0,0,0,0,0,0,12,66,0,0,0,0,0,0,0,0,0,0,0,0,0,,,0,0,0,0,0,0,0,0,0,0,0,0,,,,0,0,0,0,0,0,0,,0,0,0,0,0,0,0,,0,0,0,0,0,0,0,0,0,0,0.0,0.0,stats_player_week_2019.parquet,3113,1a80298e2aca5a830e0dcfeb834c220bc79918211dc42e2f1e46acc39cd437c9,scored,0.0,0.0,verified_zero,False,False,False,True,True
,,,,,,2019,4,REG,2019_04_PHI_GB,PHI,GB,0,0,0,0,0,0,0,0,0,0,0,0,,,0,,0,0,0,0,0,0,0,0,0,0,,0,0,0,0,0,0,0,0,0,0,0,0,0,0,,0,0,0,0,0,,0.0,0.0,0.0,0,0,0,0,0,0,0,0.0,0.0,0,0,0,0,0,0,0,0,0,0,0,0,0,0,0,0,0,0,14,70,0,0,0,0,0,0,0,0,0,0,0,0,0,,,0,0,0,0,0,0,0,0,0,0,0,0,,,,0,0,0,0,0,0,0,,0,0,0,0,0,0,0,,0,0,0,0,0,0,0,0,0,0,0.0,0.0,stats_player_week_2019.parquet,4073,1a80298e2aca5a830e0dcfeb834c220bc79918211dc42e2f1e46acc39cd437c9,scored,0.0,0.0,verified_zero,False,False,False,True,True
,Team,,,,,2019,5,REG,2019_05_LA_SEA,SEA,LA,0,0,0,0,0,0,0,0,0,0,0,0,,,0,,0,0,0,0,0,0,0,0,0,0,,0,0,0,0,0,0,0,0,0,0,0,0,0,0,,0,0,0,0,0,,0.0,0.0,0.0,0,0,0,0,0,0,0,1.0,-1.0,0,0,0,0,0,0,0,0,0,0,0,0,0,0,0,0,0,0,15,81,0,0,0,0,0,0,0,0,0,0,0,0,0,,,0,0,0,0,0,0,0,0,0,0,0,0,,,,0,0,0,0,0,0,0,,0,0,0,0,0,0,0,,0,0,0,0,0,0,0,0,0,0,0.0,0.0,stats_player_week_2019.parquet,5064,1a80298e2aca5a830e0dcfeb834c220bc79918211dc42e2f1e46acc39cd437c9,scored,0.0,0.0,verified_zero,False,False,False,True,True
,,,,,,2019,6,REG,2019_06_NYG_NE,NE,NYG,0,0,0,0,0,0,0,0,0,0,0,0,,,0,,0,0,0,0,0,0,0,0,0,0,,0,0,0,0,0,0,0,0,0,0,0,0,0,0,,0,0,0,0,0,,0.0,0.0,0.0,0,0,0,0,0,0,0,0.0,0.0,0,0,0,0,0,0,0,0,0,0,0,0,0,0,0,0,0,0,13,60,0,0,0,0,0,0,0,0,0,0,0,0,0,,,0,0,0,0,0,0,0,0,0,0,0,0,,,,0,0,0,0,0,0,0,,0,0,0,0,0,0,0,,0,0,0,0,0,0,0,0,0,0,0.0,0.0,stats_player_week_2019.parquet,5965,1a80298e2aca5a830e0dcfeb834c220bc79918211dc42e2f1e46acc39cd437c9,scored,0.0,0.0,verified_zero,False,False,False,True,True
,,,,,,2019,7,REG,2019_07_KC_DEN,DEN,KC,0,0,0,0,0,0,0,0,0,0,0,0,,,0,,0,0,0,0,0,0,0,0,0,0,,0,0,0,0,0,0,0,0,0,0,0,0,0,0,,0,0,0,0,0,,0.0,0.0,0.0,0,0,0,0,0,0,0,0.0,0.0,0,0,0,0,0,0,2,0,0,0,0,0,0,0,0,0,0,0,12,60,0,0,0,0,0,0,0,0,0,0,0,0,0,,,0,0,0,0,0,0,0,0,0,0,0,0,,,,0,0,0,0,0,0,0,,0,0,0,0,0,0,0,,0,0,0,0,0,0,0,0,0,0,0.0,0.0,stats_player_week_2019.parquet,6887,1a80298e2aca5a830e0dcfeb834c220bc79918211dc42e2f1e46acc39cd437c9,scored,0.0,0.0,verified_zero,False,False,False,True,True
,,,,,,2019,8,REG,2019_08_WAS_MIN,MIN,WAS,0,0,0,0,0,0,0,0,0,0,0,0,,,0,,0,0,0,0,0,0,0,0,0,0,,0,0,0,0,0,0,0,0,0,0,0,0,0,0,,0,0,0,0,0,,0.0,0.0,0.0,0,0,0,0,0,0,0,0.0,0.0,0,0,0,0,0,0,0,0,0,0,0,0,0,0,0,0,0,0,12,60,0,0,0,0,0,0,0,0,0,0,0,0,0,,,0,0,0,0,0,0,0,0,0,0,0,0,,,,0,0,0,0,0,0,0,,0,0,0,0,0,0,0,,0,0,0,0,0,0,0,0,0,0,0.0,0.0,stats_player_week_2019.parquet,7857,1a80298e2aca5a830e0dcfeb834c220bc79918211dc42e2f1e46acc39cd437c9,scored,0.0,0.0,verified_zero,False,False,False,True,True
,,,,,,2019,9,REG,2019_09_SF_ARI,ARI,SF,0,0,0,0,0,0,0,0,0,0,0,0,,,0,,0,0,0,0,0,0,0,0,0,0,,0,0,0,0,0,0,0,0,0,0,0,0,0,0,,0,0,0,0,0,,0.0,0.0,0.0,0,0,0,0,0,0,0,0.0,0.0,0,0,0,0,0,0,1,0,0,0,0,0,0,0,0,0,0,0,10,47,0,0,0,0,0,0,0,0,0,0,0,0,0,,,0,0,0,0,0,0,0,0,0,0,0,0,,,,0,0,0,0,0,0,0,,0,0,0,0,0,0,0,,0,0,0,0,0,0,0,0,0,0,0.0,0.0,stats_player_week_2019.parquet,8773,1a80298e2aca5a830e0dcfeb834c220bc79918211dc42e2f1e46acc39cd437c9,scored,0.0,0.0,verified_zero,False,False,False,True,True
,,,,,,2019,10,REG,2019_10_LAC_OAK,LAC,LV,0,0,0,0,0,0,0,0,0,0,0,0,,,0,,0,0,0,0,0,0,0,0,0,0,,0,0,0,0,0,0,0,0,0,0,0,0,0,0,,0,0,0,0,0,,0.0,0.0,0.0,0,0,0,0,0,0,0,0.0,0.0,0,0,0,0,0,0,0,0,0,0,0,0,0,0,0,0,0,0,15,76,0,0,0,0,0,0,0,0,0,0,0,0,0,,,0,0,0,0,0,0,0,0,0,0,0,0,,,,0,0,0,0,0,0,0,,0,0,0,0,0,0,0,,0,0,0,0,0,0,0,0,0,0,0.0,0.0,stats_player_week_2019.parquet,9634,1a80298e2aca5a830e0dcfeb834c220bc79918211dc42e2f1e46acc39cd437c9,scored,0.0,0.0,verified_zero,False,False,False,True,True
,,,,,,2019,11,REG,2019_11_PIT_CLE,PIT,CLE,0,0,0,0,0,0,0,0,0,0,0,0,,,0,,0,0,0,0,0,0,0,0,0,0,,0,0,0,0,0,0,0,0,0,0,0,0,0,0,,0,0,0,0,0,,0.0,0.0,0.0,0,0,0,0,0,0,0,0.0,0.0,0,0,0,0,0,0,0,0,0,0,0,0,0,0,0,0,0,0,15,75,0,0,0,0,0,0,0,0,0,0,0,0,0,,,0,0,0,0,0,0,0,0,0,0,0,0,,,,0,0,0,0,0,0,0,,0,0,0,0,0,0,0,,0,0,0,0,0,0,0,0,0,0,0.0,0.0,stats_player_week_2019.parquet,10557,1a80298e2aca5a830e0dcfeb834c220bc79918211dc42e2f1e46acc39cd437c9,scored,0.0,0.0,verified_zero,False,False,False,True,True
,,,,,,2019,12,REG,2019_12_IND_HOU,IND,HOU,0,0,0,0,0,0,0,0,0,0,0,0,,,0,,0,0,0,0,0,0,0,0,0,0,,0,0,0,0,0,0,0,0,0,0,0,0,0,0,,0,0,0,0,0,,0.0,0.0,0.0,0,0,0,0,0,0,0,0.0,0.0,0,0,0,0,0,0,0,0,0,0,0,0,0,0,0,0,0,0,14,70,0,0,0,0,0,0,0,0,0,0,0,0,0,,,0,0,0,0,0,0,0,0,0,0,0,0,,,,0,0,0,0,0,0,0,,0,0,0,0,0,0,0,,0,0,0,0,0,0,0,0,0,0,0.0,0.0,stats_player_week_2019.parquet,11482,1a80298e2aca5a830e0dcfeb834c220bc79918211dc42e2f1e46acc39cd437c9,scored,0.0,0.0,verified_zero,False,False,False,True,True
,,,,,,2019,13,REG,2019_13_CHI_DET,CHI,DET,0,0,0,0,0,0,0,0,0,0,0,0,,,0,,0,0,0,0,0,0,0,0,0,0,,0,0,0,0,0,0,0,0,0,0,0,0,0,0,,0,0,0,0,0,,0.0,0.0,0.0,0,0,0,0,0,0,0,0.0,0.0,0,0,0,0,0,0,1,0,0,0,0,0,0,0,0,0,0,0,14,70,0,0,0,0,0,0,0,0,0,0,0,0,0,,,0,0,0,0,0,0,0,0,0,0,0,0,,,,0,0,0,0,0,0,0,,0,0,0,0,0,0,0,,0,0,0,0,0,0,0,0,0,0,0.0,0.0,stats_player_week_2019.parquet,12515,1a80298e2aca5a830e0dcfeb834c220bc79918211dc42e2f1e46acc39cd437c9,scored,0.0,0.0,verified_zero,False,False,False,True,True
,,,,,,2019,14,REG,2019_14_DAL_CHI,DAL,CHI,0,0,0,0,0,0,0,0,0,0,0,0,,,0,,0,0,0,0,0,0,0,0,0,0,,0,0,0,0,0,0,0,0,0,0,0,0,0,0,,0,0,0,0,0,,0.0,0.0,0.0,0,0,0,0,0,0,0,0.0,0.0,0,0,0,0,0,0,0,0,0,0,0,0,0,0,0,0,0,0,8,35,0,0,0,0,0,0,0,0,0,0,0,0,0,,,0,0,0,0,0,0,0,0,0,0,0,0,,,,0,0,0,0,0,0,0,,0,0,0,0,0,0,0,,0,0,0,0,0,0,0,0,0,0,0.0,0.0,stats_player_week_2019.parquet,13562,1a80298e2aca5a830e0dcfeb834c220bc79918211dc42e2f1e46acc39cd437c9,scored,0.0,0.0,verified_zero,False,False,False,True,True
,,,,,,2019,15,REG,2019_15_NYJ_BAL,NYJ,BAL,0,0,0,0,0,0,0,0,0,0,0,0,,,0,,0,0,0,0,0,0,0,0,0,0,,0,0,0,0,0,0,0,0,0,0,0,0,0,0,,0,0,0,0,0,,0.0,0.0,0.0,0,1,0,0,0,0,0,0.0,0.0,0,0,0,0,0,0,0,0,0,0,0,0,0,0,0,0,0,0,22,102,0,0,0,0,0,0,0,0,0,0,0,0,0,,,0,0,0,0,0,0,0,0,0,0,0,0,,,,0,0,0,0,0,0,0,,0,0,0,0,0,0,0,,0,0,0,0,0,0,0,0,0,0,0.0,0.0,stats_player_week_2019.parquet,14604,1a80298e2aca5a830e0dcfeb834c220bc79918211dc42e2f1e46acc39cd437c9,scored,0.0,0.0,verified_zero,False,False,False,True,True
,,,,,,2019,16,REG,2019_16_HOU_TB,TB,HOU,0,0,0,0,0,0,0,0,0,0,0,0,,,0,,0,0,0,0,0,0,0,0,0,0,,0,0,0,0,0,0,0,0,0,0,0,0,0,0,,0,0,0,0,0,,0.0,0.0,0.0,0,0,0,0,0,0,0,0.0,0.0,0,0,0,0,0,0,0,0,0,0,0,0,0,0,0,0,0,0,11,52,0,0,0,0,0,0,0,0,0,0,0,0,0,,,0,0,0,0,0,0,0,0,0,0,0,0,,,,0,0,0,0,0,0,0,,0,0,0,0,0,0,0,,0,0,0,0,0,0,0,0,0,0,0.0,0.0,stats_player_week_2019.parquet,15643,1a80298e2aca5a830e0dcfeb834c220bc79918211dc42e2f1e46acc39cd437c9,scored,0.0,0.0,verified_zero,False,False,False,True,True
,,,,,,2019,17,REG,2019_17_NYJ_BUF,NYJ,BUF,0,0,0,0,0,0,0,0,0,0,0,0,,,0,,0,0,0,0,0,0,0,0,0,0,,0,0,0,0,0,0,0,0,0,0,0,0,0,0,,0,0,0,0,0,,0.0,0.0,0.0,0,0,0,0,0,0,0,0.0,0.0,0,0,0,0,0,0,1,0,0,0,0,0,0,0,0,0,0,0,14,69,0,0,0,0,0,0,0,0,0,0,0,0,0,,,0,0,0,0,0,0,0,0,0,0,0,0,,,,0,0,0,0,0,0,0,,0,0,0,0,0,0,0,,0,0,0,0,0,0,0,0,0,0,0.0,0.0,stats_player_week_2019.parquet,16662,1a80298e2aca5a830e0dcfeb834c220bc79918211dc42e2f1e46acc39cd437c9,scored,0.0,0.0,verified_zero,False,False,False,True,False
,,,,,,2019,18,POST,2019_18_BUF_HOU,BUF,HOU,0,0,0,0,0,0,0,0,0,0,0,0,,,0,,0,0,0,0,0,0,0,0,0,0,,0,0,0,0,0,0,0,0,0,0,0,0,0,0,,0,0,0,0,0,,0.0,0.0,0.0,0,0,0,0,0,0,0,0.0,0.0,0,0,0,0,0,0,0,0,0,0,0,0,0,0,0,0,0,0,7,35,0,0,0,0,0,0,0,0,0,0,0,0,0,,,0,0,0,0,0,0,0,0,0,0,0,0,,,,0,0,0,0,0,0,0,,0,0,0,0,0,0,0,,0,0,0,0,0,0,0,0,0,0,0.0,0.0,stats_player_week_2019.parquet,16911,1a80298e2aca5a830e0dcfeb834c220bc79918211dc42e2f1e46acc39cd437c9,scored,0.0,0.0,verified_zero,False,False,False,False,False
,,,,,,2019,19,POST,2019_19_MIN_SF,MIN,SF,0,0,0,0,0,0,0,0,0,0,0,0,,,0,,0,0,0,0,0,0,0,0,0,0,,0,0,0,0,0,0,0,0,0,0,0,0,0,0,,0,0,0,0,0,,0.0,0.0,0.0,0,0,0,0,0,0,0,0.0,0.0,0,0,0,0,0,0,0,0,0,0,0,0,0,0,0,0,0,0,4,20,0,0,0,0,0,0,0,0,0,0,0,0,0,,,0,0,0,0,0,0,0,0,0,0,0,0,,,,0,0,0,0,0,0,0,,0,0,0,0,0,0,0,,0,0,0,0,0,0,0,0,0,0,0.0,0.0,stats_player_week_2019.parquet,17167,1a80298e2aca5a830e0dcfeb834c220bc79918211dc42e2f1e46acc39cd437c9,scored,0.0,0.0,verified_zero,False,False,False,False,False
,,,,,,2019,20,POST,2019_20_TEN_KC,TEN,KC,0,0,0,0,0,0,0,0,0,0,0,0,,,0,,0,0,0,0,0,0,0,0,0,0,,0,0,0,0,0,0,0,0,0,0,0,0,0,0,,0,0,0,0,0,,0.0,0.0,0.0,0,0,0,0,0,0,0,0.0,0.0,0,0,0,0,0,0,0,0,0,0,0,0,0,0,0,0,0,0,3,15,0,0,0,0,0,0,0,0,0,0,0,0,0,,,0,0,0,0,0,0,0,0,0,0,0,0,,,,0,0,0,0,0,0,0,,0,0,0,0,0,0,0,,0,0,0,0,0,0,0,0,0,0,0.0,0.0,stats_player_week_2019.parquet,17298,1a80298e2aca5a830e0dcfeb834c220bc79918211dc42e2f1e46acc39cd437c9,scored,0.0,0.0,verified_zero,False,False,False,False,False
,,,,,,2019,21,POST,2019_21_SF_KC,KC,SF,0,0,0,0,0,0,0,0,0,0,0,0,,,0,,0,0,0,0,0,0,0,0,0,0,,0,0,0,0,0,0,0,0,0,0,0,0,0,0,,0,0,0,0,0,,0.0,0.0,0.0,0,0,0,0,0,0,0,0.0,0.0,0,0,0,0,0,0,0,0,0,0,0,0,0,0,0,0,0,0,0,0,0,0,0,0,0,0,0,0,0,0,0,0,0,,,0,0,0,0,0,0,0,0,0,0,0,0,,,,0,0,0,0,0,0,0,,0,0,0,0,0,0,0,,0,0,0,0,0,0,0,0,0,0,0.0,0.0,stats_player_week_2019.parquet,17361,1a80298e2aca5a830e0dcfeb834c220bc79918211dc42e2f1e46acc39cd437c9,scored,0.0,0.0,verified_zero,False,False,False,False,False
,,,,,,2020,1,REG,2020_01_HOU_KC,HOU,KC,0,0,0,0,0,0,0,0,0,0,0,0,,,0,,0,0,0,0,0,0,0,0,0,0,,0,0,0,0,0,0,0,0,0,0,0,0,0,0,,0,0,0,0,0,,0.0,0.0,0.0,0,0,0,0,0,0,0,0.0,0.0,1,0,0,0,0,0,0,0,0,0,0,0,0,0,0,0,0,0,15,73,0,0,0,0,0,0,0,0,0,0,0,0,0,,,0,0,0,0,0,0,0,0,0,0,0,0,,,,0,0,0,0,0,0,0,,0,0,0,0,0,0,0,,0,0,0,0,0,0,0,0,0,0,0.0,0.0,stats_player_week_2020.parquet,1030,e788d88318a6e99b8005c1c9814423d05bb91f757d5d977d3280f2eb83927b23,scored,0.0,0.0,verified_zero,False,False,False,True,True
,,,,,,2020,2,REG,2020_02_CIN_CLE,CIN,CLE,0,0,0,0,0,0,0,0,0,0,0,0,,,0,,0,0,0,0,0,0,0,0,0,0,,0,0,0,0,0,0,0,0,0,0,0,0,0,0,,0,0,0,0,0,,0.0,0.0,0.0,0,0,0,0,0,0,0,0.0,0.0,0,0,0,0,0,0,0,0,0,0,0,0,0,0,0,0,0,0,11,55,0,0,0,0,0,0,0,0,0,0,0,0,0,,,0,0,0,0,0,0,0,0,0,0,0,0,,,,0,0,0,0,0,0,0,,0,0,0,0,0,0,0,,0,0,0,0,0,0,0,0,0,0,0.0,0.0,stats_player_week_2020.parquet,2076,e788d88318a6e99b8005c1c9814423d05bb91f757d5d977d3280f2eb83927b23,scored,0.0,0.0,verified_zero,False,False,False,True,True
,,,,,,2020,3,REG,2020_03_MIA_JAX,MIA,JAX,0,0,0,0,0,0,0,0,0,0,0,0,,,0,,0,0,0,0,0,0,0,0,0,0,,0,0,0,0,0,0,0,0,0,0,0,0,0,0,,0,0,0,0,0,,0.0,0.0,0.0,0,0,0,0,0,0,0,0.0,0.0,0,0,0,0,0,0,0,0,0,0,0,0,0,0,0,0,0,0,10,47,0,0,0,0,0,0,0,0,0,0,0,0,0,,,0,0,0,0,0,0,0,0,0,0,0,0,,,,0,0,0,0,0,0,0,,0,0,0,0,0,0,0,,0,0,0,0,0,0,0,0,0,0,0.0,0.0,stats_player_week_2020.parquet,3125,e788d88318a6e99b8005c1c9814423d05bb91f757d5d977d3280f2eb83927b23,scored,0.0,0.0,verified_zero,False,False,False,True,True
,,,,,,2020,4,REG,2020_04_DEN_NYJ,NYJ,DEN,0,0,0,0,0,0,0,0,0,0,0,0,,,0,,0,0,0,0,0,0,0,0,0,0,,0,0,0,0,0,0,0,0,0,0,0,0,0,0,,0,0,0,0,0,,0.0,0.0,0.0,0,0,0,0,0,0,0,0.0,0.0,0,0,0,0,0,0,0,0,0,0,0,0,0,0,0,0,0,0,7,30,0,0,0,0,0,0,0,0,0,0,0,0,0,,,0,0,0,0,0,0,0,0,0,0,0,0,,,,0,0,0,0,0,0,0,,0,0,0,0,0,0,0,,0,0,0,0,0,0,0,0,0,0,0.0,0.0,stats_player_week_2020.parquet,4105,e788d88318a6e99b8005c1c9814423d05bb91f757d5d977d3280f2eb83927b23,scored,0.0,0.0,verified_zero,False,False,False,True,True
,,,,,,2020,5,REG,2020_05_TB_CHI,TB,CHI,0,0,0,0,0,0,0,0,0,0,0,0,,,0,,0,0,0,0,0,0,0,0,0,0,,0,0,0,0,0,0,0,0,0,0,0,0,0,0,,0,0,0,0,0,,0.0,0.0,0.0,0,0,0,0,0,0,0,0.0,0.0,0,0,0,0,0,0,1,0,0,0,0,0,0,0,0,0,0,0,11,55,0,0,0,0,0,0,0,0,0,0,0,0,0,,,0,0,0,0,0,0,0,0,0,0,0,0,,,,0,0,0,0,0,0,0,,0,0,0,0,0,0,0,,0,0,0,0,0,0,0,0,0,0,0.0,0.0,stats_player_week_2020.parquet,5030,e788d88318a6e99b8005c1c9814423d05bb91f757d5d977d3280f2eb83927b23,scored,0.0,0.0,verified_zero,False,False,False,True,True
,,,,,,2020,6,REG,2020_06_CHI_CAR,CAR,CHI,0,0,0,0,0,0,0,0,0,0,0,0,,,0,,0,0,0,0,0,0,0,0,0,0,,0,0,0,0,0,0,0,0,0,0,0,0,0,0,,0,0,0,0,0,,0.0,0.0,0.0,0,0,0,0,0,0,0,0.0,0.0,0,0,0,0,0,0,0,0,0,0,0,0,0,0,0,0,0,0,16,77,0,0,0,0,0,0,0,0,0,0,0,0,0,,,0,0,0,0,0,0,0,0,0,0,0,0,,,,0,0,0,0,0,0,0,,0,0,0,0,0,0,0,,0,0,0,0,0,0,0,0,0,0,0.0,0.0,stats_player_week_2020.parquet,5948,e788d88318a6e99b8005c1c9814423d05bb91f757d5d977d3280f2eb83927b23,scored,0.0,0.0,verified_zero,False,False,False,True,True
,,,,,,2020,7,REG,2020_07_NYG_PHI,PHI,NYG,0,0,0,0,0,0,0,0,0,0,0,0,,,0,,0,0,0,0,0,0,0,0,0,0,,0,0,0,0,0,0,0,0,0,0,0,0,0,0,,0,0,0,0,0,,0.0,0.0,0.0,0,0,0,0,0,0,0,0.0,0.0,0,0,0,0,0,0,0,0,0,0,0,0,0,0,0,0,0,0,7,36,0,0,0,0,0,0,0,0,0,0,0,0,0,,,0,0,0,0,0,0,0,0,0,0,0,0,,,,0,0,0,0,0,0,0,,0,0,0,0,0,0,0,,0,0,0,0,0,0,0,0,0,0,0.0,0.0,stats_player_week_2020.parquet,6889,e788d88318a6e99b8005c1c9814423d05bb91f757d5d977d3280f2eb83927b23,scored,0.0,0.0,verified_zero,False,False,False,True,True
,,,,,,2020,8,REG,2020_08_ATL_CAR,ATL,CAR,0,0,0,0,0,0,0,0,0,0,0,0,,,0,,0,0,0,0,0,0,0,0,0,0,,0,0,0,0,0,0,0,0,0,0,0,0,0,0,,0,0,0,0,0,,0.0,0.0,0.0,0,0,0,0,0,0,0,0.0,0.0,0,0,0,0,0,0,1,0,0,0,0,0,0,0,0,0,0,0,17,80,0,0,0,0,0,0,0,0,0,0,0,0,0,,,0,0,0,0,0,0,0,0,0,0,0,0,,,,0,0,0,0,0,0,0,,0,0,0,0,0,0,0,,0,0,0,0,0,0,0,0,0,0,0.0,0.0,stats_player_week_2020.parquet,7802,e788d88318a6e99b8005c1c9814423d05bb91f757d5d977d3280f2eb83927b23,scored,0.0,0.0,verified_zero,False,False,False,True,True
,,,,,,2020,9,REG,2020_09_GB_SF,GB,SF,0,0,0,0,0,0,0,0,0,0,0,0,,,0,,0,0,0,0,0,0,0,0,0,0,,0,0,0,0,0,0,0,0,0,0,0,0,0,0,,0,0,0,0,0,,0.0,0.0,0.0,0,0,0,0,0,0,0,0.0,0.0,0,0,0,0,0,0,0,0,0,0,0,0,0,0,0,0,0,0,10,50,0,0,0,0,0,0,0,0,0,0,0,0,0,,,0,0,0,0,0,0,0,0,0,0,0,0,,,,0,0,0,0,0,0,0,,0,0,0,0,0,0,0,,0,0,0,0,0,0,0,0,0,0,0.0,0.0,stats_player_week_2020.parquet,8715,e788d88318a6e99b8005c1c9814423d05bb91f757d5d977d3280f2eb83927b23,scored,0.0,0.0,verified_zero,False,False,False,True,True
,,,,,,2020,10,REG,2020_10_IND_TEN,TEN,IND,0,0,0,0,0,0,0,0,0,0,0,0,,,0,,0,0,0,0,0,0,0,0,0,0,,0,0,0,0,0,0,0,0,0,0,0,0,0,0,,0,0,0,0,0,,0.0,0.0,0.0,0,1,0,0,1,4,0,1.0,4.0,1,0,0,0,0,0,0,0,0,0,0,0,0,0,0,0,0,0,20,99,0,0,0,0,0,0,0,0,0,0,0,0,0,,,0,0,0,0,0,0,0,0,0,0,0,0,,,,0,0,0,0,0,0,0,,0,0,0,0,0,0,0,,0,0,0,0,0,0,0,0,0,0,0.0,0.0,stats_player_week_2020.parquet,9624,e788d88318a6e99b8005c1c9814423d05bb91f757d5d977d3280f2eb83927b23,scored,0.0,0.0,verified_zero,False,False,False,True,True
,,,,,,2020,11,REG,2020_11_ARI_SEA,SEA,ARI,0,0,0,0,0,0,0,0,0,0,0,0,,,0,,0,0,0,0,0,0,0,0,0,0,,0,0,0,0,0,0,0,0,0,0,0,0,0,0,,0,0,0,0,0,,0.0,0.0,0.0,0,0,0,0,0,0,0,0.0,0.0,0,0,0,0,0,0,1,0,0,0,0,0,0,0,0,0,0,0,14,79,0,0,0,0,0,0,0,0,0,0,0,0,0,,,0,0,0,0,0,0,0,0,0,0,0,0,,,,0,0,0,0,0,0,0,,0,0,0,0,0,0,0,,0,0,0,0,0,0,0,0,0,0,0.0,0.0,stats_player_week_2020.parquet,10556,e788d88318a6e99b8005c1c9814423d05bb91f757d5d977d3280f2eb83927b23,scored,0.0,0.0,verified_zero,False,False,False,True,True
,,,,,,2020,12,REG,2020_12_HOU_DET,HOU,DET,0,0,0,0,0,0,0,0,0,0,0,0,,,0,,0,0,0,0,0,0,0,0,0,0,,0,0,0,0,0,0,0,0,0,0,0,0,0,0,,0,0,0,0,0,,0.0,0.0,0.0,0,0,0,0,0,0,0,0.0,0.0,0,0,0,0,0,0,0,0,0,0,0,0,0,0,0,0,0,0,16,78,0,0,0,0,0,0,0,0,0,0,0,0,0,,,0,0,0,0,0,0,0,0,0,0,0,0,,,,0,0,0,0,0,0,0,,0,0,0,0,0,0,0,,0,0,0,0,0,0,0,0,0,0,0.0,0.0,stats_player_week_2020.parquet,11608,e788d88318a6e99b8005c1c9814423d05bb91f757d5d977d3280f2eb83927b23,scored,0.0,0.0,verified_zero,False,False,False,True,True
,,,,,,2020,13,REG,2020_13_NO_ATL,ATL,NO,0,0,0,0,0,0,0,0,0,0,0,0,,,0,,0,0,0,0,0,0,0,0,0,0,,0,0,0,0,0,0,0,0,0,0,0,0,0,0,,0,0,0,0,0,,0.0,0.0,0.0,0,0,0,0,0,0,0,0.0,0.0,0,0,0,0,0,0,0,0,0,0,0,0,0,0,0,0,0,0,13,64,0,0,0,0,0,0,0,0,0,0,0,0,0,,,0,0,0,0,0,0,0,0,0,0,0,0,,,,0,0,0,0,0,0,0,,0,0,0,0,0,0,0,,0,0,0,0,0,0,0,0,0,0,0.0,0.0,stats_player_week_2020.parquet,12596,e788d88318a6e99b8005c1c9814423d05bb91f757d5d977d3280f2eb83927b23,scored,0.0,0.0,verified_zero,False,False,False,True,True
,,,,,,2020,14,REG,2020_14_NE_LA,LA,NE,0,0,0,0,0,0,0,0,0,0,0,0,,,0,,0,0,0,0,0,0,0,0,0,0,,0,0,0,0,0,0,0,0,0,0,0,0,0,0,,0,0,0,0,0,,0.0,0.0,0.0,0,0,0,0,0,0,0,0.0,0.0,0,0,0,0,0,0,0,0,0,0,0,0,0,0,0,0,0,0,14,70,0,0,0,0,0,0,0,0,0,0,0,0,0,,,0,0,0,0,0,0,0,0,0,0,0,0,,,,0,0,0,0,0,0,0,,0,0,0,0,0,0,0,,0,0,0,0,0,0,0,0,0,0,0.0,0.0,stats_player_week_2020.parquet,13629,e788d88318a6e99b8005c1c9814423d05bb91f757d5d977d3280f2eb83927b23,scored,0.0,0.0,verified_zero,False,False,False,True,True
,,,,,,2020,15,REG,2020_15_LAC_LV,LV,LAC,0,0,0,0,0,0,0,0,0,0,0,0,,,0,,0,0,0,0,0,0,0,0,0,0,,0,0,0,0,0,0,0,0,0,0,0,0,0,0,,0,0,0,0,0,,0.0,0.0,0.0,0,0,0,0,0,0,0,0.0,0.0,0,0,0,0,0,0,2,0,0,0,0,0,0,0,0,0,0,0,7,35,0,0,0,0,0,0,0,0,0,0,0,0,0,,,0,0,0,0,0,0,0,0,0,0,0,0,,,,0,0,0,0,0,0,0,,0,0,0,0,0,0,0,,0,0,0,0,0,0,0,0,0,0,0.0,0.0,stats_player_week_2020.parquet,14677,e788d88318a6e99b8005c1c9814423d05bb91f757d5d977d3280f2eb83927b23,scored,0.0,0.0,verified_zero,False,False,False,True,True
,,,,,,2020,16,REG,2020_16_MIN_NO,NO,MIN,0,0,0,0,0,0,0,0,0,0,0,0,,,0,,0,0,0,0,0,0,0,0,0,0,,0,0,0,0,0,0,0,0,0,0,0,0,0,0,,0,0,0,0,0,,0.0,0.0,0.0,0,0,0,0,0,0,0,0.0,0.0,0,0,0,0,0,0,0,0,0,0,0,0,0,0,0,0,0,0,16,83,0,0,0,0,0,0,0,0,0,0,0,0,0,,,0,0,0,0,0,0,0,0,0,0,0,0,,,,0,0,0,0,0,0,0,,0,0,0,0,0,0,0,,0,0,0,0,0,0,0,0,0,0,0.0,0.0,stats_player_week_2020.parquet,15748,e788d88318a6e99b8005c1c9814423d05bb91f757d5d977d3280f2eb83927b23,scored,0.0,0.0,verified_zero,False,False,False,True,True
,,,,,,2020,17,REG,2020_17_MIA_BUF,BUF,MIA,0,0,0,0,0,0,0,0,0,0,0,0,,,0,,0,0,0,0,0,0,0,0,0,0,,0,0,0,0,0,0,0,0,0,0,0,0,0,0,,0,0,0,0,0,,0.0,0.0,0.0,0,0,0,0,0,0,0,0.0,0.0,0,0,0,0,0,0,1,0,0,0,0,0,0,0,0,0,0,0,6,30,0,0,0,0,0,0,0,0,0,0,0,0,0,,,0,0,0,0,0,0,0,0,0,0,0,0,,,,0,0,0,0,0,0,0,,0,0,0,0,0,0,0,,0,0,0,0,0,0,0,0,0,0,0.0,0.0,stats_player_week_2020.parquet,16773,e788d88318a6e99b8005c1c9814423d05bb91f757d5d977d3280f2eb83927b23,scored,0.0,0.0,verified_zero,False,False,False,True,False
,,,,,,2020,18,POST,2020_18_IND_BUF,IND,BUF,0,0,0,0,0,0,0,0,0,0,0,0,,,0,,0,0,0,0,0,0,0,0,0,0,,0,0,0,0,0,0,0,0,0,0,0,0,0,0,,0,0,0,0,0,,0.0,0.0,0.0,0,0,0,0,0,0,0,0.0,0.0,0,0,0,0,0,0,0,0,0,0,0,0,0,0,0,0,0,0,6,40,0,0,0,0,0,0,0,0,0,0,0,0,0,,,0,0,0,0,0,0,0,0,0,0,0,0,,,,0,0,0,0,0,0,0,,0,0,0,0,0,0,0,,0,0,0,0,0,0,0,0,0,0,0.0,0.0,stats_player_week_2020.parquet,17152,e788d88318a6e99b8005c1c9814423d05bb91f757d5d977d3280f2eb83927b23,scored,0.0,0.0,verified_zero,False,False,False,False,False
,,,,,,2020,19,POST,2020_19_LA_GB,LA,GB,0,0,0,0,0,0,0,0,0,0,0,0,,,0,,0,0,0,0,0,0,0,0,0,0,,0,0,0,0,0,0,0,0,0,0,0,0,0,0,,0,0,0,0,0,,0.0,0.0,0.0,0,0,0,0,0,0,0,0.0,0.0,0,0,0,0,0,0,0,0,0,0,0,0,0,0,0,0,0,0,0,0,0,0,0,0,0,0,0,0,0,0,0,0,0,,,0,0,0,0,0,0,0,0,0,0,0,0,,,,0,0,0,0,0,0,0,,0,0,0,0,0,0,0,,0,0,0,0,0,0,0,0,0,0,0.0,0.0,stats_player_week_2020.parquet,17413,e788d88318a6e99b8005c1c9814423d05bb91f757d5d977d3280f2eb83927b23,scored,0.0,0.0,verified_zero,False,False,False,False,False
,,,,,,2020,20,POST,2020_20_TB_GB,TB,GB,0,0,0,0,0,0,0,0,0,0,0,0,,,0,,0,0,0,0,0,0,0,0,0,0,,0,0,0,0,0,0,0,0,0,0,0,0,0,0,,0,0,0,0,0,,0.0,0.0,0.0,0,0,0,0,0,0,0,0.0,0.0,0,0,0,0,0,0,0,0,0,0,0,0,0,0,0,0,0,0,2,10,0,0,0,0,0,0,0,0,0,0,0,0,0,,,0,0,0,0,0,0,0,0,0,0,0,0,,,,0,0,0,0,0,0,0,,0,0,0,0,0,0,0,,0,0,0,0,0,0,0,0,0,0,0.0,0.0,stats_player_week_2020.parquet,17538,e788d88318a6e99b8005c1c9814423d05bb91f757d5d977d3280f2eb83927b23,scored,0.0,0.0,verified_zero,False,False,False,False,False
,,,,,,2020,21,POST,2020_21_KC_TB,TB,KC,0,0,0,0,0,0,0,0,0,0,0,0,,,0,,0,0,0,0,0,0,0,0,0,0,,0,0,0,0,0,0,0,0,0,0,0,0,0,0,,0,0,0,0,0,,0.0,0.0,0.0,0,0,0,0,0,0,0,0.0,0.0,0,0,0,0,0,0,0,0,0,0,0,0,0,0,0,0,0,0,0,0,0,0,0,0,0,0,0,0,0,0,0,0,0,,,0,0,0,0,0,0,0,0,0,0,0,0,,,,0,0,0,0,0,0,0,,0,0,0,0,0,0,0,,0,0,0,0,0,0,0,0,0,0,0.0,0.0,stats_player_week_2020.parquet,17601,e788d88318a6e99b8005c1c9814423d05bb91f757d5d977d3280f2eb83927b23,scored,0.0,0.0,verified_zero,False,False,False,False,False
,,,,,,2021,1,REG,2021_01_DAL_TB,TB,DAL,0,0,0,0,0,0,0,0,0,0,0,0,,,0,,0,0,0,0,0,0,0,0,0,0,,0,0,0,0,0,0,0,0,0,0,0,0,0,0,,0,0,0,0,0,,0.0,0.0,0.0,0,0,0,0,0,0,0,0.0,0.0,0,0,0,0,0,0,0,0,0,0,0,0,0,0,0,0,0,0,21,96,0,0,0,0,0,0,0,0,0,0,0,0,0,,,0,0,0,0,0,0,0,0,0,0,0,0,,,,0,0,0,0,0,0,0,,0,0,0,0,0,0,0,,0,0,0,0,0,0,0,0,0,0,0.0,0.0,stats_player_week_2021.parquet,1080,2c6894499e96dcf20b060969c607a0ff4e2018f369efad6e97d88abbe77b7277,scored,0.0,0.0,verified_zero,False,False,False,True,True
,,,,,,2021,2,REG,2021_02_NYG_WAS,WAS,NYG,0,0,0,0,0,0,0,0,0,0,0,0,,,0,,0,0,0,0,0,0,0,0,0,0,,0,0,0,0,0,0,0,0,0,0,0,0,0,0,,0,0,0,0,0,,0.0,0.0,0.0,0,0,0,0,0,0,0,0.0,0.0,0,0,0,0,0,0,0,0,0,0,0,0,0,0,0,0,0,0,9,45,0,0,0,0,0,0,0,0,0,0,0,0,0,,,0,0,0,0,0,0,0,0,0,0,0,0,,,,0,0,0,0,0,0,0,,0,0,0,0,0,0,0,,0,0,0,0,0,0,0,0,0,0,0.0,0.0,stats_player_week_2021.parquet,2148,2c6894499e96dcf20b060969c607a0ff4e2018f369efad6e97d88abbe77b7277,scored,0.0,0.0,verified_zero,False,False,False,True,True
,,,,,,2021,3,REG,2021_03_CAR_HOU,CAR,HOU,0,0,0,0,0,0,0,0,0,0,0,0,,,0,,0,0,0,0,0,0,0,0,0,0,,0,0,0,0,0,0,0,0,0,0,0,0,0,0,,0,0,0,0,0,,0.0,0.0,0.0,0,0,0,0,0,0,0,0.0,0.0,0,0,0,0,0,0,0,0,0,0,0,0,0,0,0,0,0,0,12,60,0,0,0,0,0,0,0,0,0,0,0,0,0,,,0,0,0,0,0,0,0,0,0,0,0,0,,,,0,0,0,0,0,0,0,,0,0,0,0,0,0,0,,0,0,0,0,0,0,0,0,0,0,0.0,0.0,stats_player_week_2021.parquet,3196,2c6894499e96dcf20b060969c607a0ff4e2018f369efad6e97d88abbe77b7277,scored,0.0,0.0,verified_zero,False,False,False,True,True
,,,,,,2021,4,REG,2021_04_JAX_CIN,JAX,CIN,0,0,0,0,0,0,0,0,0,0,0,0,,,0,,0,0,0,0,0,0,0,0,0,0,,0,0,0,0,0,0,0,0,0,0,0,0,0,0,,0,0,0,0,0,,0.0,0.0,0.0,0,0,0,0,0,0,0,0.0,0.0,0,0,0,0,0,0,0,0,0,0,0,0,0,0,0,0,0,0,19,86,0,0,0,0,0,0,0,0,0,0,0,0,0,,,0,0,0,0,0,0,0,0,0,0,0,0,,,,0,0,0,0,0,0,0,,0,0,0,0,0,0,0,,0,0,0,0,0,0,0,0,0,0,0.0,0.0,stats_player_week_2021.parquet,4255,2c6894499e96dcf20b060969c607a0ff4e2018f369efad6e97d88abbe77b7277,scored,0.0,0.0,verified_zero,False,False,False,True,True
,,,,,,2021,5,REG,2021_05_LA_SEA,LA,SEA,0,0,0,0,0,0,0,0,0,0,0,0,,,0,,0,0,0,0,0,0,0,0,0,0,,0,0,0,0,0,0,0,0,0,0,0,0,0,0,,0,0,0,0,0,,0.0,0.0,0.0,0,0,0,0,0,0,0,0.0,0.0,0,0,0,0,0,0,1,0,0,0,0,0,0,0,0,0,0,0,13,61,0,0,0,0,0,0,0,0,0,0,0,0,0,,,0,0,0,0,0,0,0,0,0,0,0,0,,,,0,0,0,0,0,0,0,,0,0,0,0,0,0,0,,0,0,0,0,0,0,0,0,0,0,0.0,0.0,stats_player_week_2021.parquet,5306,2c6894499e96dcf20b060969c607a0ff4e2018f369efad6e97d88abbe77b7277,scored,0.0,0.0,verified_zero,False,False,False,True,True
,,,,,,2021,6,REG,2021_06_TB_PHI,TB,PHI,0,0,0,0,0,0,0,0,0,0,0,0,,,0,,0,0,0,0,0,0,0,0,0,0,,0,0,0,0,0,0,0,0,0,0,0,0,0,0,,0,0,0,0,0,,0.0,0.0,0.0,0,0,0,0,0,0,0,0.0,0.0,0,0,0,0,0,0,0,0,0,0,0,0,0,0,0,0,0,0,17,83,0,0,0,0,0,0,0,0,0,0,0,0,0,,,0,0,0,0,0,0,0,0,0,0,0,0,,,,0,0,0,0,0,0,0,,0,0,0,0,0,0,0,,0,0,0,0,0,0,0,0,0,0,0.0,0.0,stats_player_week_2021.parquet,6240,2c6894499e96dcf20b060969c607a0ff4e2018f369efad6e97d88abbe77b7277,scored,0.0,0.0,verified_zero,False,False,False,True,True
,,,,,,2021,7,REG,2021_07_DEN_CLE,CLE,DEN,0,0,0,0,0,0,0,0,0,0,0,0,,,0,,0,0,0,0,0,0,0,0,0,0,,0,0,0,0,0,0,0,0,0,0,0,0,0,0,,0,0,0,0,0,,0.0,0.0,0.0,0,0,0,0,0,0,0,0.0,0.0,0,0,0,0,0,0,1,0,0,0,0,0,0,0,0,0,0,0,9,45,0,0,0,0,0,0,0,0,0,0,0,0,0,,,0,0,0,0,0,0,0,0,0,0,0,0,,,,0,0,0,0,0,0,0,,0,0,0,0,0,0,0,,0,0,0,0,0,0,0,0,0,0,0.0,0.0,stats_player_week_2021.parquet,7129,2c6894499e96dcf20b060969c607a0ff4e2018f369efad6e97d88abbe77b7277,scored,0.0,0.0,verified_zero,False,False,False,True,True
,,,,,,2021,8,REG,2021_08_GB_ARI,GB,ARI,0,0,0,0,0,0,0,0,0,0,0,0,,,0,,0,0,0,0,0,0,0,0,0,0,,0,0,0,0,0,0,0,0,0,0,0,0,0,0,,0,0,0,0,0,,0.0,0.0,0.0,0,0,0,0,0,0,0,0.0,0.0,0,0,0,0,0,0,0,0,0,0,0,0,0,0,0,0,0,0,17,83,0,0,0,0,0,0,0,0,0,0,0,0,0,,,0,0,0,0,0,0,0,0,0,0,0,0,,,,0,0,0,0,0,0,0,,0,0,0,0,0,0,0,,0,0,0,0,0,0,0,0,0,0,0.0,0.0,stats_player_week_2021.parquet,8141,2c6894499e96dcf20b060969c607a0ff4e2018f369efad6e97d88abbe77b7277,scored,0.0,0.0,verified_zero,False,False,False,True,True
,,,,,,2021,9,REG,2021_09_NYJ_IND,NYJ,IND,0,0,0,0,0,0,0,0,0,0,0,0,,,0,,0,0,0,0,0,0,0,0,0,0,,0,0,0,0,0,0,0,0,0,0,0,0,0,0,,0,0,0,0,0,,0.0,0.0,0.0,0,0,0,0,0,0,0,0.0,0.0,0,0,0,0,0,0,0,0,0,0,0,0,0,0,0,0,0,0,21,124,0,0,0,0,0,0,0,0,0,0,0,0,0,,,0,0,0,0,0,0,0,0,0,0,0,0,,,,0,0,0,0,0,0,0,,0,0,0,0,0,0,0,,0,0,0,0,0,0,0,0,0,0,0.0,0.0,stats_player_week_2021.parquet,9089,2c6894499e96dcf20b060969c607a0ff4e2018f369efad6e97d88abbe77b7277,scored,0.0,0.0,verified_zero,False,False,False,True,True
,,,,,,2021,10,REG,2021_10_BAL_MIA,BAL,MIA,0,0,0,0,0,0,0,0,0,0,0,0,,,0,,0,0,0,0,0,0,0,0,0,0,,0,0,0,0,0,0,0,0,0,0,0,0,0,0,,0,0,0,0,0,,0.0,0.0,0.0,0,0,0,0,0,0,0,0.0,0.0,0,0,0,0,0,0,0,0,0,0,0,0,0,0,0,0,0,0,16,71,0,0,0,0,0,0,0,0,0,0,0,0,0,,,0,0,0,0,0,0,0,0,0,0,0,0,,,,0,0,0,0,0,0,0,,0,0,0,0,0,0,0,,0,0,0,0,0,0,0,0,0,0,0.0,0.0,stats_player_week_2021.parquet,10061,2c6894499e96dcf20b060969c607a0ff4e2018f369efad6e97d88abbe77b7277,scored,0.0,0.0,verified_zero,False,False,False,True,True
,,,,,,2021,11,REG,2021_11_NE_ATL,NE,ATL,0,0,0,0,0,0,0,0,0,0,0,0,,,0,,0,0,0,0,0,0,0,0,0,0,,0,0,0,0,0,0,0,0,0,0,0,0,0,0,,0,0,0,0,0,,0.0,0.0,0.0,0,0,0,0,0,0,0,0.0,0.0,0,0,0,0,0,0,0,0,0,0,0,0,0,0,0,0,0,0,17,82,0,0,0,0,0,0,0,0,0,0,0,0,0,,,0,0,0,0,0,0,0,0,0,0,0,0,,,,0,0,0,0,0,0,0,,0,0,0,0,0,0,0,,0,0,0,0,0,0,0,0,0,0,0.0,0.0,stats_player_week_2021.parquet,11079,2c6894499e96dcf20b060969c607a0ff4e2018f369efad6e97d88abbe77b7277,scored,0.0,0.0,verified_zero,False,False,False,True,True
,,,,,,2021,12,REG,2021_12_CHI_DET,CHI,DET,0,0,0,0,0,0,0,0,0,0,0,0,,,0,,0,0,0,0,0,0,0,0,0,0,,0,0,0,0,0,0,0,0,0,0,0,0,0,0,,0,0,0,0,0,,0.0,0.0,0.0,0,0,0,0,0,0,0,0.0,0.0,0,0,0,0,0,0,0,0,0,0,0,0,0,0,0,0,0,0,12,61,0,0,0,0,0,0,0,0,0,0,0,0,0,,,0,0,0,0,0,0,0,0,0,0,0,0,,,,0,0,0,0,0,0,0,,0,0,0,0,0,0,0,,0,0,0,0,0,0,0,0,0,0,0.0,0.0,stats_player_week_2021.parquet,12085,2c6894499e96dcf20b060969c607a0ff4e2018f369efad6e97d88abbe77b7277,scored,0.0,0.0,verified_zero,False,False,False,True,True
,,,,,,2021,13,REG,2021_13_DAL_NO,NO,DAL,0,0,0,0,0,0,0,0,0,0,0,0,,,0,,0,0,0,0,0,0,0,0,0,0,,0,0,0,0,0,0,0,0,0,0,0,0,0,0,,0,0,0,0,0,,0.0,0.0,0.0,0,0,0,0,0,0,0,0.0,0.0,0,0,0,0,0,0,0,0,0,0,0,0,0,0,0,0,0,0,15,69,0,0,0,0,0,0,0,0,0,0,0,0,0,,,0,0,0,0,0,0,0,0,0,0,0,0,,,,0,0,0,0,0,0,0,,0,0,0,0,0,0,0,,0,0,0,0,0,0,0,0,0,0,0.0,0.0,stats_player_week_2021.parquet,13000,2c6894499e96dcf20b060969c607a0ff4e2018f369efad6e97d88abbe77b7277,scored,0.0,0.0,verified_zero,False,False,False,True,True
,,,,,,2021,14,REG,2021_14_PIT_MIN,MIN,PIT,0,0,0,0,0,0,0,0,0,0,0,0,,,0,,0,0,0,0,0,0,0,0,0,0,,0,0,0,0,0,0,0,0,0,0,0,0,0,0,,0,0,0,0,0,,0.0,0.0,0.0,0,0,0,0,0,0,0,0.0,0.0,0,0,0,0,0,0,0,0,0,0,0,0,0,0,0,0,0,0,14,69,0,0,0,0,0,0,0,0,0,0,0,0,0,,,0,0,0,0,0,0,0,0,0,0,0,0,,,,0,0,0,0,0,0,0,,0,0,0,0,0,0,0,,0,0,0,0,0,0,0,0,0,0,0.0,0.0,stats_player_week_2021.parquet,13933,2c6894499e96dcf20b060969c607a0ff4e2018f369efad6e97d88abbe77b7277,scored,0.0,0.0,verified_zero,False,False,False,True,True
,,,,,,2021,15,REG,2021_15_KC_LAC,LAC,KC,0,0,0,0,0,0,0,0,0,0,0,0,,,0,,0,0,0,0,0,0,0,0,0,0,,0,0,0,0,0,0,0,0,0,0,0,0,0,0,,0,0,0,0,0,,0.0,0.0,0.0,0,0,0,0,0,0,0,0.0,0.0,0,0,0,0,0,0,0,0,0,0,0,0,0,0,0,0,0,0,22,118,0,0,0,0,0,0,0,0,0,0,0,0,0,,,0,0,0,0,0,0,0,0,0,0,0,0,,,,0,0,0,0,0,0,0,,0,0,0,0,0,0,0,,0,0,0,0,0,0,0,0,0,0,0.0,0.0,stats_player_week_2021.parquet,14977,2c6894499e96dcf20b060969c607a0ff4e2018f369efad6e97d88abbe77b7277,scored,0.0,0.0,verified_zero,False,False,False,True,True
,,,,,,2021,16,REG,2021_16_SF_TEN,SF,TEN,0,0,0,0,0,0,0,0,0,0,0,0,,,0,,0,0,0,0,0,0,0,0,0,0,,0,0,0,0,0,0,0,0,0,0,0,0,0,0,,0,0,0,0,0,,0.0,0.0,0.0,0,0,0,0,0,0,0,0.0,0.0,0,0,0,0,0,0,1,0,0,0,0,0,0,0,0,0,0,0,3,15,0,0,0,0,0,0,0,0,0,0,0,0,0,,,0,0,0,0,0,0,0,0,0,0,0,0,,,,0,0,0,0,0,0,0,,0,0,0,0,0,0,0,,0,0,0,0,0,0,0,0,0,0,0.0,0.0,stats_player_week_2021.parquet,16040,2c6894499e96dcf20b060969c607a0ff4e2018f369efad6e97d88abbe77b7277,scored,0.0,0.0,verified_zero,False,False,False,True,True
,,,,,,2021,17,REG,2021_17_LA_BAL,BAL,LA,0,0,0,0,0,0,0,0,0,0,0,0,,,0,,0,0,0,0,0,0,0,0,0,0,,0,0,0,0,0,0,0,0,0,0,0,0,0,0,,0,0,0,0,0,,0.0,0.0,0.0,0,0,0,0,0,0,0,0.0,0.0,0,0,0,0,0,0,1,0,0,0,0,0,0,0,0,0,0,0,10,49,0,0,0,0,0,0,0,0,0,0,0,0,0,,,0,0,0,0,0,0,0,0,0,0,0,0,,,,0,0,0,0,0,0,0,,0,0,0,0,0,0,0,,0,0,0,0,0,0,0,0,0,0,0.0,0.0,stats_player_week_2021.parquet,17073,2c6894499e96dcf20b060969c607a0ff4e2018f369efad6e97d88abbe77b7277,scored,0.0,0.0,verified_zero,False,False,False,True,True
,,,,,,2021,18,REG,2021_18_KC_DEN,DEN,KC,0,0,0,0,0,0,0,0,0,0,0,0,,,0,,0,0,0,0,0,0,0,0,0,0,,0,0,0,0,0,0,0,0,0,0,0,0,0,0,,0,0,0,0,0,,0.0,0.0,0.0,0,0,0,0,0,0,0,0.0,0.0,0,0,0,0,0,0,0,0,0,0,0,0,0,0,0,0,0,0,5,25,0,0,0,0,0,0,0,0,0,0,0,0,0,,,0,0,0,0,0,0,0,0,0,0,0,0,,,,0,0,0,0,0,0,0,,0,0,0,0,0,0,0,,0,0,0,0,0,0,0,0,0,0,0.0,0.0,stats_player_week_2021.parquet,18127,2c6894499e96dcf20b060969c607a0ff4e2018f369efad6e97d88abbe77b7277,scored,0.0,0.0,verified_zero,False,False,False,True,False
,,,,,,2021,19,POST,2021_19_LV_CIN,LV,CIN,0,0,0,0,0,0,0,0,0,0,0,0,,,0,,0,0,0,0,0,0,0,0,0,0,,0,0,0,0,0,0,0,0,0,0,0,0,0,0,,0,0,0,0,0,,0.0,0.0,0.0,0,0,0,0,0,0,0,0.0,0.0,0,0,0,0,0,0,0,0,0,0,0,0,0,0,0,0,0,0,6,29,0,0,0,0,0,0,0,0,0,0,0,0,0,,,0,0,0,0,0,0,0,0,0,0,0,0,,,,0,0,0,0,0,0,0,,0,0,0,0,0,0,0,,0,0,0,0,0,0,0,0,0,0,0.0,0.0,stats_player_week_2021.parquet,18543,2c6894499e96dcf20b060969c607a0ff4e2018f369efad6e97d88abbe77b7277,scored,0.0,0.0,verified_zero,False,False,False,False,False
,,,,,,2021,20,POST,2021_20_CIN_TEN,TEN,CIN,0,0,0,0,0,0,0,0,0,0,0,0,,,0,,0,0,0,0,0,0,0,0,0,0,,0,0,0,0,0,0,0,0,0,0,0,0,0,0,,0,0,0,0,0,,0.0,0.0,0.0,0,0,0,0,0,0,0,0.0,0.0,0,0,0,0,0,0,0,0,0,0,0,0,0,0,0,0,0,0,5,21,0,0,0,0,0,0,0,0,0,0,0,0,0,,,0,0,0,0,0,0,0,0,0,0,0,0,,,,0,0,0,0,0,0,0,,0,0,0,0,0,0,0,,0,0,0,0,0,0,0,0,0,0,0.0,0.0,stats_player_week_2021.parquet,18791,2c6894499e96dcf20b060969c607a0ff4e2018f369efad6e97d88abbe77b7277,scored,0.0,0.0,verified_zero,False,False,False,False,False
,,,,,,2021,21,POST,2021_21_CIN_KC,CIN,KC,0,0,0,0,0,0,0,0,0,0,0,0,,,0,,0,0,0,0,0,0,0,0,0,0,,0,0,0,0,0,0,0,0,0,0,0,0,0,0,,0,0,0,0,0,,0.0,0.0,0.0,0,0,0,0,0,0,0,0.0,0.0,0,0,0,0,0,0,0,0,0,0,0,0,0,0,0,0,0,0,3,16,0,0,0,0,0,0,0,0,0,0,0,0,0,,,0,0,0,0,0,0,0,0,0,0,0,0,,,,0,0,0,0,0,0,0,,0,0,0,0,0,0,0,,0,0,0,0,0,0,0,0,0,0,0.0,0.0,stats_player_week_2021.parquet,18908,2c6894499e96dcf20b060969c607a0ff4e2018f369efad6e97d88abbe77b7277,scored,0.0,0.0,verified_zero,False,False,False,False,False
,,,,,,2021,22,POST,2021_22_LA_CIN,LA,CIN,0,0,0,0,0,0,0,0,0,0,0,0,,,0,,0,0,0,0,0,0,0,0,0,0,,0,0,0,0,0,0,0,0,0,0,0,0,0,0,,0,0,0,0,0,,0.0,0.0,0.0,0,0,0,0,0,0,0,0.0,0.0,0,0,0,0,0,0,0,0,0,0,0,0,0,0,0,0,0,0,2,15,0,0,0,0,0,0,0,0,0,0,0,0,0,,,0,0,0,0,0,0,0,0,0,0,0,0,,,,0,0,0,0,0,0,0,,0,0,0,0,0,0,0,,0,0,0,0,0,0,0,0,0,0,0.0,0.0,stats_player_week_2021.parquet,18968,2c6894499e96dcf20b060969c607a0ff4e2018f369efad6e97d88abbe77b7277,scored,0.0,0.0,verified_zero,False,False,False,False,False
,,,,,,2022,1,REG,2022_01_BUF_LA,BUF,LA,0,0,0,0,0,0,0,0,0,0,0,0,,,0,,0,0,0,0,0,0,0,0,0,0,,0,0,0,0,0,0,0,0,0,0,0,0,0,0,,0,0,0,0,0,,0.0,0.0,0.0,0,0,0,0,0,0,0,0.0,0.0,0,0,0,0,0,0,0,0,0,0,0,0,0,0,0,0,0,0,29,148,0,0,0,0,0,0,0,0,0,0,0,0,0,,,0,0,0,0,0,0,0,0,0,0,0,0,,,,0,0,0,0,0,0,0,,0,0,0,0,0,0,0,,0,0,0,0,0,0,0,0,0,0,0.0,0.0,stats_player_week_2022.parquet,1040,64c1684938b029d68e33d7852cbee918266c8ac7f30b4c097c0a8912b4384e52,scored,0.0,0.0,verified_zero,False,False,False,True,True
,,,,,,2022,2,REG,2022_02_LAC_KC,KC,LAC,0,0,0,0,0,0,0,0,0,0,0,0,,,0,,0,0,0,0,0,0,0,0,0,0,,0,0,0,0,0,0,0,0,0,0,0,0,0,0,,0,0,0,0,0,,0.0,0.0,0.0,0,0,0,0,0,0,0,0.0,0.0,0,0,0,0,0,0,1,0,0,0,0,0,0,0,0,0,0,0,21,104,0,0,0,0,0,0,0,0,0,0,0,0,0,,,0,0,0,0,0,0,0,0,0,0,0,0,,,,0,0,0,0,0,0,0,,0,0,0,0,0,0,0,,0,0,0,0,0,0,0,0,0,0,0.0,0.0,stats_player_week_2022.parquet,2100,64c1684938b029d68e33d7852cbee918266c8ac7f30b4c097c0a8912b4384e52,scored,0.0,0.0,verified_zero,False,False,False,True,True
,,,,,,2022,3,REG,2022_03_PIT_CLE,CLE,PIT,0,0,0,0,0,0,0,0,0,0,0,0,,,0,,0,0,0,0,0,0,0,0,0,0,,0,0,0,0,0,0,0,0,0,0,0,0,0,0,,0,0,0,0,0,,0.0,0.0,0.0,0,0,0,0,0,0,0,0.0,0.0,0,0,0,0,0,0,1,0,0,0,0,0,0,0,0,0,0,0,17,80,0,0,0,0,0,0,0,0,0,0,0,0,0,,,0,0,0,0,0,0,0,0,0,0,0,0,,,,0,0,0,0,0,0,0,,0,0,0,0,0,0,0,,0,0,0,0,0,0,0,0,0,0,0.0,0.0,stats_player_week_2022.parquet,3133,64c1684938b029d68e33d7852cbee918266c8ac7f30b4c097c0a8912b4384e52,scored,0.0,0.0,verified_zero,False,False,False,True,True
,,,,,,2022,4,REG,2022_04_MIA_CIN,CIN,MIA,0,0,0,0,0,0,0,0,0,0,0,0,,,0,,0,0,0,0,0,0,0,0,0,0,,0,0,0,0,0,0,0,0,0,0,0,0,0,0,,0,0,0,0,0,,0.0,0.0,0.0,0,0,0,0,0,0,0,0.0,0.0,0,0,0,0,0,0,0,0,0,0,0,0,0,0,0,0,0,0,18,89,0,0,0,0,0,0,0,0,0,0,0,0,0,,,0,0,0,0,0,0,0,0,0,0,0,0,,,,0,0,0,0,0,0,0,,0,0,0,0,0,0,0,,0,0,0,0,0,0,0,0,0,0,0.0,0.0,stats_player_week_2022.parquet,4177,64c1684938b029d68e33d7852cbee918266c8ac7f30b4c097c0a8912b4384e52,scored,0.0,0.0,verified_zero,False,False,False,True,True
,,,,,,2022,5,REG,2022_05_IND_DEN,IND,DEN,0,0,0,0,0,0,0,0,0,0,0,0,,,0,,0,0,0,0,0,0,0,0,0,0,,0,0,0,0,0,0,0,0,0,0,0,0,0,0,,0,0,0,0,0,,0.0,0.0,0.0,0,0,0,0,0,0,0,0.0,0.0,0,0,0,0,0,0,1,0,0,0,0,0,0,0,0,0,0,0,15,69,0,0,0,0,0,0,0,0,0,0,0,0,0,,,0,0,0,0,0,0,0,0,0,0,0,0,,,,0,0,0,0,0,0,0,,0,0,0,0,0,0,0,,0,0,0,0,0,0,0,0,0,0,0.0,0.0,stats_player_week_2022.parquet,5250,64c1684938b029d68e33d7852cbee918266c8ac7f30b4c097c0a8912b4384e52,scored,0.0,0.0,verified_zero,False,False,False,True,True
,,,,,,2022,6,REG,2022_06_WAS_CHI,CHI,WAS,0,0,0,0,0,0,0,0,0,0,0,0,,,0,,0,0,0,0,0,0,0,0,0,0,,0,0,0,0,0,0,0,0,0,0,0,0,0,0,,0,0,0,0,0,,0.0,0.0,0.0,0,0,0,0,0,0,0,0.0,0.0,0,0,0,0,0,0,0,0,0,0,0,0,0,0,0,0,0,0,17,89,0,0,0,0,0,0,0,0,0,0,0,0,0,,,0,0,0,0,0,0,0,0,0,0,0,0,,,,0,0,0,0,0,0,0,,0,0,0,0,0,0,0,,0,0,0,0,0,0,0,0,0,0,0.0,0.0,stats_player_week_2022.parquet,6195,64c1684938b029d68e33d7852cbee918266c8ac7f30b4c097c0a8912b4384e52,scored,0.0,0.0,verified_zero,False,False,False,True,True
,,,,,,2022,7,REG,2022_07_NO_ARI,NO,ARI,0,0,0,0,0,0,0,0,0,0,0,0,,,0,,0,0,0,0,0,0,0,0,0,0,,0,0,0,0,0,0,0,0,0,0,0,0,0,0,,0,0,0,0,0,,0.0,0.0,0.0,0,0,0,0,0,0,0,0.0,0.0,0,0,0,0,0,0,0,0,0,0,0,0,0,0,0,0,0,0,14,61,0,0,0,0,0,0,0,0,0,0,0,0,0,,,0,0,0,0,0,0,0,0,0,0,0,0,,,,0,0,0,0,0,0,0,,0,0,0,0,0,0,0,,0,0,0,0,0,0,0,0,0,0,0.0,0.0,stats_player_week_2022.parquet,7110,64c1684938b029d68e33d7852cbee918266c8ac7f30b4c097c0a8912b4384e52,scored,0.0,0.0,verified_zero,False,False,False,True,True
,,,,,,2022,8,REG,2022_08_BAL_TB,BAL,TB,0,0,0,0,0,0,0,0,0,0,0,0,,,0,,0,0,0,0,0,0,0,0,0,0,,0,0,0,0,0,0,0,0,0,0,0,0,0,0,,0,0,0,0,0,,0.0,0.0,0.0,0,0,0,0,0,0,0,0.0,0.0,0,0,0,0,0,0,0,0,0,0,0,0,0,0,0,0,0,0,15,80,0,0,0,0,0,0,0,0,0,0,0,0,0,,,0,0,0,0,0,0,0,0,0,0,0,0,,,,0,0,0,0,0,0,0,,0,0,0,0,0,0,0,,0,0,0,0,0,0,0,0,0,0,0.0,0.0,stats_player_week_2022.parquet,8099,64c1684938b029d68e33d7852cbee918266c8ac7f30b4c097c0a8912b4384e52,scored,0.0,0.0,verified_zero,False,False,False,True,True
,,,,,,2022,9,REG,2022_09_PHI_HOU,HOU,PHI,0,0,0,0,0,0,0,0,0,0,0,0,,,0,,0,0,0,0,0,0,0,0,0,0,,0,0,0,0,0,0,0,0,0,0,0,0,0,0,,0,0,0,0,0,,0.0,0.0,0.0,0,0,0,0,0,0,0,0.0,0.0,0,0,0,0,0,0,0,0,0,0,0,0,0,0,0,0,0,0,6,30,0,0,0,0,0,0,0,0,0,0,0,0,0,,,0,0,0,0,0,0,0,0,0,0,0,0,,,,0,0,0,0,0,0,0,,0,0,0,0,0,0,0,,0,0,0,0,0,0,0,0,0,0,0.0,0.0,stats_player_week_2022.parquet,8980,64c1684938b029d68e33d7852cbee918266c8ac7f30b4c097c0a8912b4384e52,scored,0.0,0.0,verified_zero,False,False,False,True,True
,,,,,,2022,10,REG,2022_10_ATL_CAR,ATL,CAR,0,0,0,0,0,0,0,0,0,0,0,0,,,0,,0,0,0,0,0,0,0,0,0,0,,0,0,0,0,0,0,0,0,0,0,0,0,0,0,,0,0,0,0,0,,0.0,0.0,0.0,0,0,0,0,0,0,0,0.0,0.0,0,0,0,0,0,0,0,0,0,0,0,0,0,0,0,0,0,0,13,60,0,0,0,0,0,0,0,0,0,0,0,0,0,,,0,0,0,0,0,0,0,0,0,0,0,0,,,,0,0,0,0,0,0,0,,0,0,0,0,0,0,0,,0,0,0,0,0,0,0,0,0,0,0.0,0.0,stats_player_week_2022.parquet,9925,64c1684938b029d68e33d7852cbee918266c8ac7f30b4c097c0a8912b4384e52,scored,0.0,0.0,verified_zero,False,False,False,True,True
,,,,,,2022,11,REG,2022_11_TEN_GB,TEN,GB,0,0,0,0,0,0,0,0,0,0,0,0,,,0,,0,0,0,0,0,0,0,0,0,0,,0,0,0,0,0,0,0,0,0,0,0,0,0,0,,0,0,0,0,0,,0.0,0.0,0.0,0,0,0,0,0,0,0,0.0,0.0,0,0,0,0,0,0,0,0,0,0,0,0,0,0,0,0,0,0,12,60,0,0,0,0,0,0,0,0,0,0,0,0,0,,,0,0,0,0,0,0,0,0,0,0,0,0,,,,0,0,0,0,0,0,0,,0,0,0,0,0,0,0,,0,0,0,0,0,0,0,0,0,0,0.0,0.0,stats_player_week_2022.parquet,10866,64c1684938b029d68e33d7852cbee918266c8ac7f30b4c097c0a8912b4384e52,scored,0.0,0.0,verified_zero,False,False,False,True,True
,,,,,,2022,12,REG,2022_12_BUF_DET,DET,BUF,0,0,0,0,0,0,0,0,0,0,0,0,,,0,,0,0,0,0,0,0,0,0,0,0,,0,0,0,0,0,0,0,0,0,0,0,0,0,0,,0,0,0,0,0,,0.0,0.0,0.0,0,0,0,0,0,0,0,0.0,0.0,0,0,0,0,0,0,0,0,0,0,0,0,0,0,0,0,0,0,10,49,0,0,0,0,0,0,0,0,0,0,0,0,0,,,0,0,0,0,0,0,0,0,0,0,0,0,,,,0,0,0,0,0,0,0,,0,0,0,0,0,0,0,,0,0,0,0,0,0,0,0,0,0,0.0,0.0,stats_player_week_2022.parquet,11899,64c1684938b029d68e33d7852cbee918266c8ac7f30b4c097c0a8912b4384e52,scored,0.0,0.0,verified_zero,False,False,False,True,True
,,,,,,2022,13,REG,2022_13_BUF_NE,NE,BUF,0,0,0,0,0,0,0,0,0,0,0,0,,,0,,0,0,0,0,0,0,0,0,0,0,,0,0,0,0,0,0,0,0,0,0,0,0,0,0,,0,0,0,0,0,,0.0,0.0,0.0,0,0,0,0,0,0,0,0.0,0.0,0,0,0,0,0,0,0,0,0,0,0,0,0,0,0,0,0,0,11,54,0,0,0,0,0,0,0,0,0,0,0,0,0,,,0,0,0,0,0,0,0,0,0,0,0,0,,,,0,0,0,0,0,0,0,,0,0,0,0,0,0,0,,0,0,0,0,0,0,0,0,0,0,0.0,0.0,stats_player_week_2022.parquet,12910,64c1684938b029d68e33d7852cbee918266c8ac7f30b4c097c0a8912b4384e52,scored,0.0,0.0,verified_zero,False,False,False,True,True
,,,,,,2022,14,REG,2022_14_LV_LA,LV,LA,0,0,0,0,0,0,0,0,0,0,0,0,,,0,,0,0,0,0,0,0,0,0,0,0,,0,0,0,0,0,0,0,0,0,0,0,0,0,0,,0,0,0,0,0,,0.0,0.0,0.0,0,0,0,0,0,0,0,0.0,0.0,0,0,0,0,0,0,0,0,0,0,0,0,0,0,0,0,0,0,5,25,0,0,0,0,0,0,0,0,0,0,0,0,0,,,0,0,0,0,0,0,0,0,0,0,0,0,,,,0,0,0,0,0,0,0,,0,0,0,0,0,0,0,,0,0,0,0,0,0,0,0,0,0,0.0,0.0,stats_player_week_2022.parquet,13796,64c1684938b029d68e33d7852cbee918266c8ac7f30b4c097c0a8912b4384e52,scored,0.0,0.0,verified_zero,False,False,False,True,True
,,,,,,2022,15,REG,2022_15_SF_SEA,SEA,SF,0,0,0,0,0,0,0,0,0,0,0,0,,,0,,0,0,0,0,0,0,0,0,0,0,,0,0,0,0,0,0,0,0,0,0,0,0,0,0,,0,0,0,0,0,,0.0,0.0,0.0,0,0,0,0,0,0,0,0.0,0.0,0,0,0,0,0,0,0,0,0,0,0,0,0,0,0,0,0,0,14,66,0,0,0,0,0,0,0,0,0,0,0,0,0,,,0,0,0,0,0,0,0,0,0,0,0,0,,,,0,0,0,0,0,0,0,,0,0,0,0,0,0,0,,0,0,0,0,0,0,0,0,0,0,0.0,0.0,stats_player_week_2022.parquet,14856,64c1684938b029d68e33d7852cbee918266c8ac7f30b4c097c0a8912b4384e52,scored,0.0,0.0,verified_zero,False,False,False,True,True
,,,,,,2022,16,REG,2022_16_JAX_NYJ,JAX,NYJ,0,0,0,0,0,0,0,0,0,0,0,0,,,0,,0,0,0,0,0,0,0,0,0,0,,0,0,0,0,0,0,0,0,0,0,0,0,0,0,,0,0,0,0,0,,0.0,0.0,0.0,0,0,0,0,0,0,0,0.0,0.0,0,0,0,0,0,0,0,0,0,0,0,0,0,0,0,0,0,0,14,81,0,0,0,0,0,0,0,0,0,0,0,0,0,,,0,0,0,0,0,0,0,0,0,0,0,0,,,,0,0,0,0,0,0,0,,0,0,0,0,0,0,0,,0,0,0,0,0,0,0,0,0,0,0.0,0.0,stats_player_week_2022.parquet,15937,64c1684938b029d68e33d7852cbee918266c8ac7f30b4c097c0a8912b4384e52,scored,0.0,0.0,verified_zero,False,False,False,True,True
,,,,,,2022,17,REG,2022_17_DAL_TEN,DAL,TEN,0,0,0,0,0,0,0,0,0,0,0,0,,,0,,0,0,0,0,0,0,0,0,0,0,,0,0,0,0,0,0,0,0,0,0,0,0,0,0,,0,0,0,0,0,,0.0,0.0,0.0,0,0,0,0,0,0,0,0.0,0.0,0,0,0,0,0,0,0,0,0,0,0,0,0,0,0,0,0,0,16,90,0,0,0,0,0,0,0,0,0,0,0,0,0,,,0,0,0,0,0,0,0,0,0,0,0,0,,,,0,0,0,0,0,0,0,,0,0,0,0,0,0,0,,0,0,0,0,0,0,0,0,0,0,0.0,0.0,stats_player_week_2022.parquet,16926,64c1684938b029d68e33d7852cbee918266c8ac7f30b4c097c0a8912b4384e52,scored,0.0,0.0,verified_zero,False,False,False,True,True
,,,,,,2022,18,REG,2022_18_KC_LV,KC,LV,0,0,0,0,0,0,0,0,0,0,0,0,,,0,,0,0,0,0,0,0,0,0,0,0,,0,0,0,0,0,0,0,0,0,0,0,0,0,0,,0,0,0,0,0,,0.0,0.0,0.0,0,0,0,0,0,0,0,0.0,0.0,0,0,0,0,0,0,1,0,0,0,0,0,0,0,0,0,0,0,15,66,0,0,0,0,0,0,0,0,0,0,0,0,0,,,0,0,0,0,0,0,0,0,0,0,0,0,,,,0,0,0,0,0,0,0,,0,0,0,0,0,0,0,,0,0,0,0,0,0,0,0,0,0,0.0,0.0,stats_player_week_2022.parquet,17980,64c1684938b029d68e33d7852cbee918266c8ac7f30b4c097c0a8912b4384e52,scored,0.0,0.0,verified_zero,False,False,False,True,False
,,,,,,2022,19,POST,2022_19_SEA_SF,SEA,SF,0,0,0,0,0,0,0,0,0,0,0,0,,,0,,0,0,0,0,0,0,0,0,0,0,,0,0,0,0,0,0,0,0,0,0,0,0,0,0,,0,0,0,0,0,,0.0,0.0,0.0,0,0,0,0,0,0,0,0.0,0.0,0,0,0,0,0,0,0,0,0,0,0,0,0,0,0,0,0,0,4,19,0,0,0,0,0,0,0,0,0,0,0,0,0,,,0,0,0,0,0,0,0,0,0,0,0,0,,,,0,0,0,0,0,0,0,,0,0,0,0,0,0,0,,0,0,0,0,0,0,0,0,0,0,0.0,0.0,stats_player_week_2022.parquet,18369,64c1684938b029d68e33d7852cbee918266c8ac7f30b4c097c0a8912b4384e52,scored,0.0,0.0,verified_zero,False,False,False,False,False
,,,,,,2022,20,POST,2022_20_JAX_KC,JAX,KC,0,0,0,0,0,0,0,0,0,0,0,0,,,0,,0,0,0,0,0,0,0,0,0,0,,0,0,0,0,0,0,0,0,0,0,0,0,0,0,,0,0,0,0,0,,0.0,0.0,0.0,0,0,0,0,0,0,0,0.0,0.0,0,0,0,0,0,0,0,0,0,0,0,0,0,0,0,0,0,0,5,20,0,0,0,0,0,0,0,0,0,0,0,0,0,,,0,0,0,0,0,0,0,0,0,0,0,0,,,,0,0,0,0,0,0,0,,0,0,0,0,0,0,0,,0,0,0,0,0,0,0,0,0,0,0.0,0.0,stats_player_week_2022.parquet,18625,64c1684938b029d68e33d7852cbee918266c8ac7f30b4c097c0a8912b4384e52,scored,0.0,0.0,verified_zero,False,False,False,False,False
,,,,,,2022,21,POST,2022_21_SF_PHI,PHI,SF,0,0,0,0,0,0,0,0,0,0,0,0,,,0,,0,0,0,0,0,0,0,0,0,0,,0,0,0,0,0,0,0,0,0,0,0,0,0,0,,0,0,0,0,0,,0.0,0.0,0.0,0,0,0,0,0,0,0,0.0,0.0,0,0,0,0,0,0,0,0,0,0,0,0,0,0,0,0,0,0,4,20,0,0,0,0,0,0,0,0,0,0,0,0,0,,,0,0,0,0,0,0,0,0,0,0,0,0,,,,0,0,0,0,0,0,0,,0,0,0,0,0,0,0,,0,0,0,0,0,0,0,0,0,0,0.0,0.0,stats_player_week_2022.parquet,18765,64c1684938b029d68e33d7852cbee918266c8ac7f30b4c097c0a8912b4384e52,scored,0.0,0.0,verified_zero,False,False,False,False,False
,,,,,,2022,22,POST,2022_22_KC_PHI,PHI,KC,0,0,0,0,0,0,0,0,0,0,0,0,,,0,,0,0,0,0,0,0,0,0,0,0,,0,0,0,0,0,0,0,0,0,0,0,0,0,0,,0,0,0,0,0,,0.0,0.0,0.0,0,0,0,0,0,0,0,0.0,0.0,0,0,0,0,0,0,0,0,0,0,0,0,0,0,0,0,0,0,1,5,0,0,0,0,0,0,0,0,0,0,0,0,0,,,0,0,0,0,0,0,0,0,0,0,0,0,,,,0,0,0,0,0,0,0,,0,0,0,0,0,0,0,,0,0,0,0,0,0,0,0,0,0,0.0,0.0,stats_player_week_2022.parquet,18830,64c1684938b029d68e33d7852cbee918266c8ac7f30b4c097c0a8912b4384e52,scored,0.0,0.0,verified_zero,False,False,False,False,False
,,,,,,2023,1,REG,2023_01_DET_KC,DET,KC,0,0,0,0,0,0,0,0,0,0,0,0,,,0,,0,0,0,0,0,0,0,0,0,0,,0,0,0,0,0,0,0,0,0,0,0,0,0,0,,0,0,0,0,0,,0.0,0.0,0.0,0,0,0,0,0,0,0,0.0,0.0,0,0,0,0,0,0,0,0,0,0,0,0,0,0,0,0,0,0,22,104,0,0,0,0,0,0,0,0,0,0,0,0,0,,,0,0,0,0,0,0,0,0,0,0,0,0,,,,0,0,0,0,0,0,0,,0,0,0,0,0,0,0,,0,0,0,0,0,0,0,0,0,0,0.0,0.0,stats_player_week_2023.parquet,1057,ac776fbd7c9fefdb4069b72304f4c5fa05ae417acd49f6e4e27be14b9d7a4bbc,scored,0.0,0.0,verified_zero,False,False,False,True,True
,,,,,,2023,2,REG,2023_02_MIN_PHI,PHI,MIN,0,0,0,0,0,0,0,0,0,0,0,0,,,0,,0,0,0,0,0,0,0,0,0,0,,0,0,0,0,0,0,0,0,0,0,0,0,0,0,,0,0,0,0,0,,0.0,0.0,0.0,0,0,0,0,0,0,0,0.0,0.0,0,0,0,0,0,0,0,0,0,0,0,0,0,0,0,0,0,0,10,50,0,0,0,0,0,0,0,0,0,0,0,0,0,,,0,0,0,0,0,0,0,0,0,0,0,0,,,,0,0,0,0,0,0,0,,0,0,0,0,0,0,0,,0,0,0,0,0,0,0,0,0,0,0.0,0.0,stats_player_week_2023.parquet,2073,ac776fbd7c9fefdb4069b72304f4c5fa05ae417acd49f6e4e27be14b9d7a4bbc,scored,0.0,0.0,verified_zero,False,False,False,True,True
,,,,,,2023,3,REG,2023_03_NYG_SF,SF,NYG,0,0,0,0,0,0,0,0,0,0,0,0,,,0,,0,0,0,0,0,0,0,0,0,0,,0,0,0,0,0,0,0,0,0,0,0,0,0,0,,0,0,0,0,0,,0.0,0.0,0.0,0,0,0,0,0,0,0,0.0,0.0,0,0,0,0,0,0,1,0,0,0,0,0,0,0,0,0,0,0,16,80,0,0,0,0,0,0,0,0,0,0,0,0,0,,,0,0,0,0,0,0,0,0,0,0,0,0,,,,0,0,0,0,0,0,0,,0,0,0,0,0,0,0,,0,0,0,0,0,0,0,0,0,0,0.0,0.0,stats_player_week_2023.parquet,3110,ac776fbd7c9fefdb4069b72304f4c5fa05ae417acd49f6e4e27be14b9d7a4bbc,scored,0.0,0.0,verified_zero,False,False,False,True,True
,,,,,,2023,4,REG,2023_04_DET_GB,DET,GB,0,0,0,0,0,0,0,0,0,0,0,0,,,0,,0,0,0,0,0,0,0,0,0,0,,0,0,0,0,0,0,0,0,0,0,0,0,0,0,,0,0,0,0,0,,0.0,0.0,0.0,0,0,0,0,0,0,0,0.0,0.0,0,0,0,0,0,0,1,0,0,0,0,0,0,0,0,0,0,0,8,37,0,0,0,0,0,0,0,0,0,0,0,0,0,,,0,0,0,0,0,0,0,0,0,0,0,0,,,,0,0,0,0,0,0,0,,0,0,0,0,0,0,0,,0,0,0,0,0,0,0,0,0,0,0.0,0.0,stats_player_week_2023.parquet,4184,ac776fbd7c9fefdb4069b72304f4c5fa05ae417acd49f6e4e27be14b9d7a4bbc,scored,0.0,0.0,verified_zero,False,False,False,True,True
,,,,,,2023,5,REG,2023_05_CHI_WAS,CHI,WAS,0,0,0,0,0,0,0,0,0,0,0,0,,,0,,0,0,0,0,0,0,0,0,0,0,,0,0,0,0,0,0,0,0,0,0,0,0,0,0,,0,0,0,0,0,,0.0,0.0,0.0,0,0,0,0,0,0,0,0.0,0.0,0,0,0,0,0,0,1,0,0,0,0,0,0,0,0,0,0,0,18,90,0,0,0,0,0,0,0,0,0,0,0,0,0,,,0,0,0,0,0,0,0,0,0,0,0,0,,,,0,0,0,0,0,0,0,,0,0,0,0,0,0,0,,0,0,0,0,0,0,0,0,0,0,0.0,0.0,stats_player_week_2023.parquet,5091,ac776fbd7c9fefdb4069b72304f4c5fa05ae417acd49f6e4e27be14b9d7a4bbc,scored,0.0,0.0,verified_zero,False,False,False,True,True
,,,,,,2023,6,REG,2023_06_DEN_KC,DEN,KC,0,0,0,0,0,0,0,0,0,0,0,0,,,0,,0,0,0,0,0,0,0,0,0,0,,0,0,0,0,0,0,0,0,0,0,0,0,0,0,,0,0,0,0,0,,0.0,0.0,0.0,0,0,0,0,0,0,0,0.0,0.0,0,0,0,0,0,0,1,0,0,0,0,0,0,0,0,0,0,0,17,91,0,0,0,0,0,0,0,0,0,0,0,0,0,,,0,0,0,0,0,0,0,0,0,0,0,0,,,,0,0,0,0,0,0,0,,0,0,0,0,0,0,0,,0,0,0,0,0,0,0,0,0,0,0.0,0.0,stats_player_week_2023.parquet,6070,ac776fbd7c9fefdb4069b72304f4c5fa05ae417acd49f6e4e27be14b9d7a4bbc,scored,0.0,0.0,verified_zero,False,False,False,True,True
,,,,,,2023,7,REG,2023_07_JAX_NO,JAX,NO,0,0,0,0,0,0,0,0,0,0,0,0,,,0,,0,0,0,0,0,0,0,0,0,0,,0,0,0,0,0,0,0,0,0,0,0,0,0,0,,0,0,0,0,0,,0.0,0.0,0.0,0,0,0,0,0,0,0,0.0,0.0,0,0,0,0,0,0,0,0,0,0,0,0,0,0,0,0,0,0,10,50,0,0,0,0,0,0,0,0,0,0,0,0,0,,,0,0,0,0,0,0,0,0,0,0,0,0,,,,0,0,0,0,0,0,0,,0,0,0,0,0,0,0,,0,0,0,0,0,0,0,0,0,0,0.0,0.0,stats_player_week_2023.parquet,6910,ac776fbd7c9fefdb4069b72304f4c5fa05ae417acd49f6e4e27be14b9d7a4bbc,scored,0.0,0.0,verified_zero,False,False,False,True,True
,,,,,,2023,8,REG,2023_08_TB_BUF,TB,BUF,0,0,0,0,0,0,0,0,0,0,0,0,,,0,,0,0,0,0,0,0,0,0,0,0,,0,0,0,0,0,0,0,0,0,0,0,0,0,0,,0,0,0,0,0,,0.0,0.0,0.0,0,0,0,0,0,0,0,0.0,0.0,0,0,0,0,0,0,0,0,0,0,0,0,0,0,0,0,0,0,17,86,0,0,0,0,0,0,0,0,0,0,0,0,0,,,0,0,0,0,0,0,0,0,0,0,0,0,,,,0,0,0,0,0,0,0,,0,0,0,0,0,0,0,,0,0,0,0,0,0,0,0,0,0,0.0,0.0,stats_player_week_2023.parquet,7962,ac776fbd7c9fefdb4069b72304f4c5fa05ae417acd49f6e4e27be14b9d7a4bbc,scored,0.0,0.0,verified_zero,False,False,False,True,True
,,,,,,2023,9,REG,2023_09_TEN_PIT,PIT,TEN,0,0,0,0,0,0,0,0,0,0,0,0,,,0,,0,0,0,0,0,0,0,0,0,0,,0,0,0,0,0,0,0,0,0,0,0,0,0,0,,0,0,0,0,0,,0.0,0.0,0.0,0,0,0,0,0,0,0,0.0,0.0,0,0,0,0,0,0,0,0,0,0,0,0,0,0,0,0,0,0,11,50,0,0,0,0,0,0,0,0,0,0,0,0,0,,,0,0,0,0,0,0,0,0,0,0,0,0,,,,0,0,0,0,0,0,0,,0,0,0,0,0,0,0,,0,0,0,0,0,0,0,0,0,0,0.0,0.0,stats_player_week_2023.parquet,8908,ac776fbd7c9fefdb4069b72304f4c5fa05ae417acd49f6e4e27be14b9d7a4bbc,scored,0.0,0.0,verified_zero,False,False,False,True,True
,,,,,,2023,10,REG,2023_10_CAR_CHI,CHI,CAR,0,0,0,0,0,0,0,0,0,0,0,0,,,0,,0,0,0,0,0,0,0,0,0,0,,0,0,0,0,0,0,0,0,0,0,0,0,0,0,,0,0,0,0,0,,0.0,0.0,0.0,0,0,0,0,0,0,0,0.0,0.0,0,0,0,0,0,0,0,0,0,0,0,0,0,0,0,0,0,0,13,75,0,0,0,0,0,0,0,0,0,0,0,0,0,,,0,0,0,0,0,0,0,0,0,0,0,0,,,,0,0,0,0,0,0,0,,0,0,0,0,0,0,0,,0,0,0,0,0,0,0,0,0,0,0.0,0.0,stats_player_week_2023.parquet,9833,ac776fbd7c9fefdb4069b72304f4c5fa05ae417acd49f6e4e27be14b9d7a4bbc,scored,0.0,0.0,verified_zero,False,False,False,True,True
,,,,,,2023,11,REG,2023_11_CIN_BAL,BAL,CIN,0,0,0,0,0,0,0,0,0,0,0,0,,,0,,0,0,0,0,0,0,0,0,0,0,,0,0,0,0,0,0,0,0,0,0,0,0,0,0,,0,0,0,0,0,,0.0,0.0,0.0,0,0,0,0,0,0,0,0.0,0.0,0,0,0,0,0,0,1,0,0,0,0,0,0,0,0,0,0,0,15,85,0,0,0,0,0,0,0,0,0,0,0,0,0,,,0,0,0,0,0,0,0,0,0,0,0,0,,,,0,0,0,0,0,0,0,,0,0,0,0,0,0,0,,0,0,0,0,0,0,0,0,0,0,0.0,0.0,stats_player_week_2023.parquet,10727,ac776fbd7c9fefdb4069b72304f4c5fa05ae417acd49f6e4e27be14b9d7a4bbc,scored,0.0,0.0,verified_zero,False,False,False,True,True
,,,,,,2023,12,REG,2023_12_GB_DET,GB,DET,0,0,0,0,0,0,0,0,0,0,0,0,,,0,,0,0,0,0,0,0,0,0,0,0,,0,0,0,0,0,0,0,0,0,0,0,0,0,0,,0,0,0,0,0,,0.0,0.0,0.0,0,0,0,0,0,0,0,0.0,0.0,0,0,0,0,0,0,1,0,0,0,0,0,0,0,0,0,0,0,13,66,0,0,0,0,0,0,0,0,0,0,0,0,0,,,0,0,0,0,0,0,0,0,0,0,0,0,,,,0,0,0,0,0,0,0,,0,0,0,0,0,0,0,,0,0,0,0,0,0,0,0,0,0,0.0,0.0,stats_player_week_2023.parquet,11774,ac776fbd7c9fefdb4069b72304f4c5fa05ae417acd49f6e4e27be14b9d7a4bbc,scored,0.0,0.0,verified_zero,False,False,False,True,True
,,,,,,2023,13,REG,2023_13_SEA_DAL,DAL,SEA,0,0,0,0,0,0,0,0,0,0,0,0,,,0,,0,0,0,0,0,0,0,0,0,0,,0,0,0,0,0,0,0,0,0,0,0,0,0,0,,0,0,0,0,0,,0.0,0.0,0.0,0,0,0,0,0,0,0,0.0,0.0,0,0,0,0,0,0,1,0,0,0,0,0,0,0,0,0,0,0,13,67,0,0,0,0,0,0,0,0,0,0,0,0,0,,,0,0,0,0,0,0,0,0,0,0,0,0,,,,0,0,0,0,0,0,0,,0,0,0,0,0,0,0,,0,0,0,0,0,0,0,0,0,0,0.0,0.0,stats_player_week_2023.parquet,12635,ac776fbd7c9fefdb4069b72304f4c5fa05ae417acd49f6e4e27be14b9d7a4bbc,scored,0.0,0.0,verified_zero,False,False,False,True,True
,,,,,,2023,14,REG,2023_14_NE_PIT,NE,PIT,0,0,0,0,0,0,0,0,0,0,0,0,,,0,,0,0,0,0,0,0,0,0,0,0,,0,0,0,0,0,0,0,0,0,0,0,0,0,0,,0,0,0,0,0,,0.0,0.0,0.0,0,0,0,0,0,0,0,0.0,0.0,0,0,0,0,0,0,1,0,0,0,0,0,0,0,0,0,0,0,12,60,0,0,0,0,0,0,0,0,0,0,0,0,0,,,0,0,0,0,0,0,0,0,0,0,0,0,,,,0,0,0,0,0,0,0,,0,0,0,0,0,0,0,,0,0,0,0,0,0,0,0,0,0,0.0,0.0,stats_player_week_2023.parquet,13639,ac776fbd7c9fefdb4069b72304f4c5fa05ae417acd49f6e4e27be14b9d7a4bbc,scored,0.0,0.0,verified_zero,False,False,False,True,True
,,,,,,2023,15,REG,2023_15_LAC_LV,LAC,LV,0,0,0,0,0,0,0,0,0,0,0,0,,,0,,0,0,0,0,0,0,0,0,0,0,,0,0,0,0,0,0,0,0,0,0,0,0,0,0,,0,0,0,0,0,,0.0,0.0,0.0,0,0,0,0,0,0,0,0.0,0.0,0,0,0,0,0,0,0,0,0,0,0,0,0,0,0,0,0,0,11,48,0,0,0,0,0,0,0,0,0,0,0,0,0,,,0,0,0,0,0,0,0,0,0,0,0,0,,,,0,0,0,0,0,0,0,,0,0,0,0,0,0,0,,0,0,0,0,0,0,0,0,0,0,0.0,0.0,stats_player_week_2023.parquet,14721,ac776fbd7c9fefdb4069b72304f4c5fa05ae417acd49f6e4e27be14b9d7a4bbc,scored,0.0,0.0,verified_zero,False,False,False,True,True
,,,,,,2023,16,REG,2023_16_NO_LA,NO,LA,0,0,0,0,0,0,0,0,0,0,0,0,,,0,,0,0,0,0,0,0,0,0,0,0,,0,0,0,0,0,0,0,0,0,0,0,0,0,0,,0,0,0,0,0,,0.0,0.0,0.0,0,0,0,0,0,0,0,0.0,0.0,0,0,0,0,0,0,1,0,0,0,0,0,0,0,0,0,0,0,20,100,0,0,0,0,0,0,0,0,0,0,0,0,0,,,0,0,0,0,0,0,0,0,0,0,0,0,,,,0,0,0,0,0,0,0,,0,0,0,0,0,0,0,,0,0,0,0,0,0,0,0,0,0,0.0,0.0,stats_player_week_2023.parquet,15763,ac776fbd7c9fefdb4069b72304f4c5fa05ae417acd49f6e4e27be14b9d7a4bbc,scored,0.0,0.0,verified_zero,False,False,False,True,True
,,,,,,2023,17,REG,2023_17_NYJ_CLE,CLE,NYJ,0,0,0,0,0,0,0,0,0,0,0,0,,,0,,0,0,0,0,0,0,0,0,0,0,,0,0,0,0,0,0,0,0,0,0,0,0,0,0,,0,0,0,0,0,,0.0,0.0,0.0,0,0,0,0,0,0,0,0.0,0.0,0,0,0,0,0,0,0,0,0,0,0,0,0,0,0,0,0,0,16,79,0,0,0,0,0,0,0,0,0,0,0,0,0,,,0,0,0,0,0,0,0,0,0,0,0,0,,,,0,0,0,0,0,0,0,,0,0,0,0,0,0,0,,0,0,0,0,0,0,0,0,0,0,0.0,0.0,stats_player_week_2023.parquet,16775,ac776fbd7c9fefdb4069b72304f4c5fa05ae417acd49f6e4e27be14b9d7a4bbc,scored,0.0,0.0,verified_zero,False,False,False,True,True
,,,,,,2023,18,REG,2023_18_PIT_BAL,PIT,BAL,0,0,0,0,0,0,0,0,0,0,0,0,,,0,,0,0,0,0,0,0,0,0,0,0,,0,0,0,0,0,0,0,0,0,0,0,0,0,0,,0,0,0,0,0,,0.0,0.0,0.0,0,0,0,0,0,0,0,0.0,0.0,0,0,0,0,0,0,0,0,0,0,0,0,0,0,0,0,0,0,13,64,0,0,0,0,0,0,0,0,0,0,0,0,0,,,0,0,0,0,0,0,0,0,0,0,0,0,,,,0,0,0,0,0,0,0,,0,0,0,0,0,0,0,,0,0,0,0,0,0,0,0,0,0,0.0,0.0,stats_player_week_2023.parquet,17805,ac776fbd7c9fefdb4069b72304f4c5fa05ae417acd49f6e4e27be14b9d7a4bbc,scored,0.0,0.0,verified_zero,False,False,False,True,False
,,,,,,2023,19,POST,2023_19_CLE_HOU,CLE,HOU,0,0,0,0,0,0,0,0,0,0,0,0,,,0,,0,0,0,0,0,0,0,0,0,0,,0,0,0,0,0,0,0,0,0,0,0,0,0,0,,0,0,0,0,0,,0.0,0.0,0.0,0,0,0,0,0,0,0,0.0,0.0,0,0,0,0,0,0,1,0,0,0,0,0,0,0,0,0,0,0,4,19,0,0,0,0,0,0,0,0,0,0,0,0,0,,,0,0,0,0,0,0,0,0,0,0,0,0,,,,0,0,0,0,0,0,0,,0,0,0,0,0,0,0,,0,0,0,0,0,0,0,0,0,0,0.0,0.0,stats_player_week_2023.parquet,18193,ac776fbd7c9fefdb4069b72304f4c5fa05ae417acd49f6e4e27be14b9d7a4bbc,scored,0.0,0.0,verified_zero,False,False,False,False,False
,,,,,,2023,20,POST,2023_20_HOU_BAL,HOU,BAL,0,0,0,0,0,0,0,0,0,0,0,0,,,0,,0,0,0,0,0,0,0,0,0,0,,0,0,0,0,0,0,0,0,0,0,0,0,0,0,,0,0,0,0,0,,0.0,0.0,0.0,0,0,0,0,0,0,0,0.0,0.0,0,0,0,0,0,0,0,0,0,0,0,0,0,0,0,0,0,0,3,15,0,0,0,0,0,0,0,0,0,0,0,0,0,,,0,0,0,0,0,0,0,0,0,0,0,0,,,,0,0,0,0,0,0,0,,0,0,0,0,0,0,0,,0,0,0,0,0,0,0,0,0,0,0.0,0.0,stats_player_week_2023.parquet,18451,ac776fbd7c9fefdb4069b72304f4c5fa05ae417acd49f6e4e27be14b9d7a4bbc,scored,0.0,0.0,verified_zero,False,False,False,False,False
,,,,,,2023,21,POST,2023_21_KC_BAL,BAL,KC,0,0,0,0,0,0,0,0,0,0,0,0,,,0,,0,0,0,0,0,0,0,0,0,0,,0,0,0,0,0,0,0,0,0,0,0,0,0,0,,0,0,0,0,0,,0.0,0.0,0.0,0,0,0,0,0,0,0,0.0,0.0,0,0,0,0,0,0,0,0,0,0,0,0,0,0,0,0,0,0,2,10,0,0,0,0,0,0,0,0,0,0,0,0,0,,,0,0,0,0,0,0,0,0,0,0,0,0,,,,0,0,0,0,0,0,0,,0,0,0,0,0,0,0,,0,0,0,0,0,0,0,0,0,0,0.0,0.0,stats_player_week_2023.parquet,18573,ac776fbd7c9fefdb4069b72304f4c5fa05ae417acd49f6e4e27be14b9d7a4bbc,scored,0.0,0.0,verified_zero,False,False,False,False,False
,,,,,,2023,22,POST,2023_22_SF_KC,SF,KC,0,0,0,0,0,0,0,0,0,0,0,0,,,0,,0,0,0,0,0,0,0,0,0,0,,0,0,0,0,0,0,0,0,0,0,0,0,0,0,,0,0,0,0,0,,0.0,0.0,0.0,0,0,0,0,0,0,0,0.0,0.0,0,0,0,0,0,0,0,0,0,0,0,0,0,0,0,0,0,0,0,0,0,0,0,0,0,0,0,0,0,0,0,0,0,,,0,0,0,0,0,0,0,0,0,0,0,0,,,,0,0,0,0,0,0,0,,0,0,0,0,0,0,0,,0,0,0,0,0,0,0,0,0,0,0.0,0.0,stats_player_week_2023.parquet,18642,ac776fbd7c9fefdb4069b72304f4c5fa05ae417acd49f6e4e27be14b9d7a4bbc,scored,0.0,0.0,verified_zero,False,False,False,False,False
,,,,,,2024,1,REG,2024_01_BAL_KC,BAL,KC,0,0,0,0,0,0,0,0,0,0,0,0,,,0,,0,0,0,0,0,0,0,0,0,0,,0,0,0,0,0,0,0,0,0,0,0,0,0,0,,0,0,0,0,0,,0.0,0.0,0.0,0,0,0,0,0,0,0,0.0,0.0,0,0,0,0,0,0,1,0,0,0,0,0,0,0,0,0,0,0,23,116,0,0,0,0,0,0,0,0,0,0,0,0,0,,,0,0,0,0,0,0,0,0,0,0,0,0,,,,0,0,0,0,0,0,0,,0,0,0,0,0,0,0,,0,0,0,0,0,0,0,0,0,0,0.0,0.0,stats_player_week_2024.parquet,1040,847569d194ca3d96b5efcf91e6eac5e18780fc47568a713fd545a82d29d155c1,scored,0.0,0.0,verified_zero,False,False,False,True,True
,,,,,,2024,2,REG,2024_02_BUF_MIA,MIA,BUF,0,0,0,0,0,0,0,0,0,0,0,0,,,0,,0,0,0,0,0,0,0,0,0,0,,0,0,0,0,0,0,0,0,0,0,0,0,0,0,,0,0,0,0,0,,0.0,0.0,0.0,0,0,0,0,0,0,0,0.0,0.0,0,0,0,0,0,0,0,0,0,0,0,0,0,0,0,0,0,0,10,55,0,0,0,0,0,0,0,0,0,0,0,0,0,,,0,0,0,0,0,0,0,0,0,0,0,0,,,,0,0,0,0,0,0,0,,0,0,0,0,0,0,0,,0,0,0,0,0,0,0,0,0,0,0.0,0.0,stats_player_week_2024.parquet,2089,847569d194ca3d96b5efcf91e6eac5e18780fc47568a713fd545a82d29d155c1,scored,0.0,0.0,verified_zero,False,False,False,True,True
,,,,,,2024,3,REG,2024_03_NE_NYJ,NYJ,NE,0,0,0,0,0,0,0,0,0,0,0,0,,,0,,0,0,0,0,0,0,0,0,0,0,,0,0,0,0,0,0,0,0,0,0,0,0,0,0,,0,0,0,0,0,,0.0,0.0,0.0,0,0,0,0,0,0,0,0.0,0.0,0,0,0,0,0,0,0,0,0,0,0,0,0,0,0,0,0,0,11,52,0,0,0,0,0,0,0,0,0,0,0,0,0,,,0,0,0,0,0,0,0,0,0,0,0,0,,,,0,0,0,0,0,0,0,,0,0,0,0,0,0,0,,0,0,0,0,0,0,0,0,0,0,0.0,0.0,stats_player_week_2024.parquet,3161,847569d194ca3d96b5efcf91e6eac5e18780fc47568a713fd545a82d29d155c1,scored,0.0,0.0,verified_zero,False,False,False,True,True
,,,,,,2024,4,REG,2024_04_DAL_NYG,DAL,NYG,0,0,0,0,0,0,0,0,0,0,0,0,,,0,,0,0,0,0,0,0,0,0,0,0,,0,0,0,0,0,0,0,0,0,0,0,0,0,0,,0,0,0,0,0,,0.0,0.0,0.0,0,0,0,0,0,0,0,0.0,0.0,0,0,0,0,0,0,1,0,0,0,0,0,0,0,0,0,0,0,20,97,0,0,0,0,0,0,0,0,0,0,0,0,0,,,0,0,0,0,0,0,0,0,0,0,0,0,,,,0,0,0,0,0,0,0,,0,0,0,0,0,0,0,,0,0,0,0,0,0,0,0,0,0,0.0,0.0,stats_player_week_2024.parquet,4214,847569d194ca3d96b5efcf91e6eac5e18780fc47568a713fd545a82d29d155c1,scored,0.0,0.0,verified_zero,False,False,False,True,True
,,,,,,2024,5,REG,2024_05_TB_ATL,ATL,TB,0,0,0,0,0,0,0,0,0,0,0,0,,,0,,0,0,0,0,0,0,0,0,0,0,,0,0,0,0,0,0,0,0,0,0,0,0,0,0,,0,0,0,0,0,,0.0,0.0,0.0,0,0,0,0,0,0,0,0.0,0.0,0,0,0,0,0,0,0,0,0,0,0,0,0,0,0,0,0,0,21,101,0,0,0,0,0,0,0,0,0,0,0,0,0,,,0,0,0,0,0,0,0,0,0,0,0,0,,,,0,0,0,0,0,0,0,,0,0,0,0,0,0,0,,0,0,0,0,0,0,0,0,0,0,0.0,0.0,stats_player_week_2024.parquet,5152,847569d194ca3d96b5efcf91e6eac5e18780fc47568a713fd545a82d29d155c1,scored,0.0,0.0,verified_zero,False,False,False,True,True
,,,,,,2024,6,REG,2024_06_SF_SEA,SEA,SF,0,0,0,0,0,0,0,0,0,0,0,0,,,0,,0,0,0,0,0,0,0,0,0,0,,0,0,0,0,0,0,0,0,0,0,0,0,0,0,,0,0,0,0,0,,0.0,0.0,0.0,0,0,0,0,0,0,0,0.0,0.0,0,0,0,0,0,0,0,0,0,0,0,0,0,0,0,0,0,0,21,105,0,0,0,0,0,0,0,0,0,0,0,0,0,,,0,0,0,0,0,0,0,0,0,0,0,0,,,,0,0,0,0,0,0,0,,0,0,0,0,0,0,0,,0,0,0,0,0,0,0,0,0,0,0.0,0.0,stats_player_week_2024.parquet,6094,847569d194ca3d96b5efcf91e6eac5e18780fc47568a713fd545a82d29d155c1,scored,0.0,0.0,verified_zero,False,False,False,True,True
,,,,,,2024,7,REG,2024_07_DEN_NO,DEN,NO,0,0,0,0,0,0,0,0,0,0,0,0,,,0,,0,0,0,0,0,0,0,0,0,0,,0,0,0,0,0,0,0,0,0,0,0,0,0,0,,0,0,0,0,0,,0.0,0.0,0.0,0,0,0,0,0,0,0,0.0,0.0,0,0,0,0,0,0,0,0,0,0,0,0,0,0,0,0,0,0,14,64,0,0,0,0,0,0,0,0,0,0,0,0,0,,,0,0,0,0,0,0,0,0,0,0,0,0,,,,0,0,0,0,0,0,0,,0,0,0,0,0,0,0,,0,0,0,0,0,0,0,0,0,0,0.0,0.0,stats_player_week_2024.parquet,7103,847569d194ca3d96b5efcf91e6eac5e18780fc47568a713fd545a82d29d155c1,scored,0.0,0.0,verified_zero,False,False,False,True,True
,,,,,,2024,8,REG,2024_08_MIN_LA,MIN,LA,0,0,0,0,0,0,0,0,0,0,0,0,,,0,,0,0,0,0,0,0,0,0,0,0,,0,0,0,0,0,0,0,0,0,0,0,0,0,0,,0,0,0,0,0,,0.0,0.0,0.0,0,0,0,0,0,0,0,0.0,0.0,0,0,0,0,0,0,3,0,0,0,0,0,0,0,0,0,0,0,15,75,0,0,0,0,0,0,0,0,0,0,0,0,0,,,0,0,0,0,0,0,0,0,0,0,0,0,,,,0,0,0,0,0,0,0,,0,0,0,0,0,0,0,,0,0,0,0,0,0,0,0,0,0,0.0,0.0,stats_player_week_2024.parquet,8182,847569d194ca3d96b5efcf91e6eac5e18780fc47568a713fd545a82d29d155c1,scored,0.0,0.0,verified_zero,False,False,False,True,True
,,,,,,2024,9,REG,2024_09_HOU_NYJ,HOU,NYJ,0,0,0,0,0,0,0,0,0,0,0,0,,,0,,0,0,0,0,0,0,0,0,0,0,,0,0,0,0,0,0,0,0,0,0,0,0,0,0,,0,0,0,0,0,,0.0,0.0,0.0,0,0,0,0,0,0,0,0.0,0.0,0,0,0,0,0,0,1,0,0,0,0,0,0,0,0,0,0,0,19,93,0,0,0,0,0,0,0,0,0,0,0,0,0,,,0,0,0,0,0,0,0,0,0,0,0,0,,,,0,0,0,0,0,0,0,,0,0,0,0,0,0,0,,0,0,0,0,0,0,0,0,0,0,0.0,0.0,stats_player_week_2024.parquet,9178,847569d194ca3d96b5efcf91e6eac5e18780fc47568a713fd545a82d29d155c1,scored,0.0,0.0,verified_zero,False,False,False,True,True
,,,,,,2024,10,REG,2024_10_CIN_BAL,CIN,BAL,0,0,0,0,0,0,0,0,0,0,0,0,,,0,,0,0,0,0,0,0,0,0,0,0,,0,0,0,0,0,0,0,0,0,0,0,0,0,0,,0,0,0,0,0,,0.0,0.0,0.0,0,0,0,0,0,0,0,0.0,0.0,0,0,0,0,0,0,0,0,0,0,0,0,0,0,0,0,0,0,11,55,0,0,0,0,0,0,0,0,0,0,0,0,0,,,0,0,0,0,0,0,0,0,0,0,0,0,,,,0,0,0,0,0,0,0,,0,0,0,0,0,0,0,,0,0,0,0,0,0,0,0,0,0,0.0,0.0,stats_player_week_2024.parquet,10084,847569d194ca3d96b5efcf91e6eac5e18780fc47568a713fd545a82d29d155c1,scored,0.0,0.0,verified_zero,False,False,False,True,True
,,,,,,2024,11,REG,2024_11_WAS_PHI,PHI,WAS,0,0,0,0,0,0,0,0,0,0,0,0,,,0,,0,0,0,0,0,0,0,0,0,0,,0,0,0,0,0,0,0,0,0,0,0,0,0,0,,0,0,0,0,0,,0.0,0.0,0.0,0,0,0,0,0,0,0,0.0,0.0,0,0,0,0,0,0,0,0,0,0,0,0,0,0,0,0,0,0,14,61,0,0,0,0,0,0,0,0,0,0,0,0,0,,,0,0,0,0,0,0,0,0,0,0,0,0,,,,0,0,0,0,0,0,0,,0,0,0,0,0,0,0,,0,0,0,0,0,0,0,0,0,0,0.0,0.0,stats_player_week_2024.parquet,11012,847569d194ca3d96b5efcf91e6eac5e18780fc47568a713fd545a82d29d155c1,scored,0.0,0.0,verified_zero,False,False,False,True,True
,,,,,,2024,12,REG,2024_12_PIT_CLE,PIT,CLE,0,0,0,0,0,0,0,0,0,0,0,0,,,0,,0,0,0,0,0,0,0,0,0,0,,0,0,0,0,0,0,0,0,0,0,0,0,0,0,,0,0,0,0,0,,0.0,0.0,0.0,0,0,0,0,0,0,0,0.0,0.0,0,0,0,0,0,0,0,0,0,0,0,0,0,0,0,0,0,0,9,45,0,0,0,0,0,0,0,0,0,0,0,0,0,,,0,0,0,0,0,0,0,0,0,0,0,0,,,,0,0,0,0,0,0,0,,0,0,0,0,0,0,0,,0,0,0,0,0,0,0,0,0,0,0.0,0.0,stats_player_week_2024.parquet,11881,847569d194ca3d96b5efcf91e6eac5e18780fc47568a713fd545a82d29d155c1,scored,0.0,0.0,verified_zero,False,False,False,True,True
,,,,,,2024,13,REG,2024_13_CHI_DET,DET,CHI,0,0,0,0,0,0,0,0,0,0,0,0,,,0,,0,0,0,0,0,0,0,0,0,0,,0,0,0,0,0,0,0,0,0,0,0,0,0,0,,0,0,0,0,0,,0.0,0.0,0.0,0,0,0,0,0,0,0,0.0,0.0,0,0,0,0,0,0,0,0,0,0,0,0,0,0,0,0,0,0,16,80,0,0,0,0,0,0,0,0,0,0,0,0,0,,,0,0,0,0,0,0,0,0,0,0,0,0,,,,0,0,0,0,0,0,0,,0,0,0,0,0,0,0,,0,0,0,0,0,0,0,0,0,0,0.0,0.0,stats_player_week_2024.parquet,12938,847569d194ca3d96b5efcf91e6eac5e18780fc47568a713fd545a82d29d155c1,scored,0.0,0.0,verified_zero,False,False,False,True,True
,,,,,,2024,14,REG,2024_14_GB_DET,DET,GB,0,0,0,0,0,0,0,0,0,0,0,0,,,0,,0,0,0,0,0,0,0,0,0,0,,0,0,0,0,0,0,0,0,0,0,0,0,0,0,,0,0,0,0,0,,0.0,0.0,0.0,0,0,0,0,0,0,0,0.0,0.0,0,0,0,0,0,0,0,0,0,0,0,0,0,0,0,0,0,0,22,110,0,0,0,0,0,0,0,0,0,0,0,0,0,,,0,0,0,0,0,0,0,0,0,0,0,0,,,,0,0,0,0,0,0,0,,0,0,0,0,0,0,0,,0,0,0,0,0,0,0,0,0,0,0.0,0.0,stats_player_week_2024.parquet,13813,847569d194ca3d96b5efcf91e6eac5e18780fc47568a713fd545a82d29d155c1,scored,0.0,0.0,verified_zero,False,False,False,True,True
,,,,,,2024,15,REG,2024_15_LA_SF,SF,LA,0,0,0,0,0,0,0,0,0,0,0,0,,,0,,0,0,0,0,0,0,0,0,0,0,,0,0,0,0,0,0,0,0,0,0,0,0,0,0,,0,0,0,0,0,,0.0,0.0,0.0,0,0,0,0,0,0,0,0.0,0.0,0,0,0,0,0,0,0,0,0,0,0,0,0,0,0,0,0,0,12,55,0,0,0,0,0,0,0,0,0,0,0,0,0,,,0,0,0,0,0,0,0,0,0,0,0,0,,,,0,0,0,0,0,0,0,,0,0,0,0,0,0,0,,0,0,0,0,0,0,0,0,0,0,0.0,0.0,stats_player_week_2024.parquet,14917,847569d194ca3d96b5efcf91e6eac5e18780fc47568a713fd545a82d29d155c1,scored,0.0,0.0,verified_zero,False,False,False,True,True
,,,,,,2024,16,REG,2024_16_DEN_LAC,LAC,DEN,0,0,0,0,0,0,0,0,0,0,0,0,,,0,,0,0,0,0,0,0,0,0,0,0,,0,0,0,0,0,0,0,0,0,0,0,0,0,0,,0,0,0,0,0,,0.0,0.0,0.0,0,0,0,0,0,0,0,0.0,0.0,0,0,0,0,0,0,0,0,0,0,0,0,0,0,0,0,0,0,25,124,0,0,0,0,0,0,0,0,0,0,0,0,0,,,0,0,0,0,0,0,0,0,0,0,0,0,,,,0,0,0,0,0,0,0,,0,0,0,0,0,0,0,,0,0,0,0,0,0,0,0,0,0,0.0,0.0,stats_player_week_2024.parquet,15993,847569d194ca3d96b5efcf91e6eac5e18780fc47568a713fd545a82d29d155c1,scored,0.0,0.0,verified_zero,False,False,False,True,True
,,,,,,2024,17,REG,2024_17_KC_PIT,PIT,KC,0,0,0,0,0,0,0,0,0,0,0,0,,,0,,0,0,0,0,0,0,0,0,0,0,,0,0,0,0,0,0,0,0,0,0,0,0,0,0,,0,0,0,0,0,,0.0,0.0,0.0,0,0,0,0,0,0,0,0.0,0.0,0,0,0,0,0,0,0,0,0,0,0,0,0,0,0,0,0,0,14,66,0,0,0,0,0,0,0,0,0,0,0,0,0,,,0,0,0,0,0,0,0,0,0,0,0,0,,,,0,0,0,0,0,0,0,,0,0,0,0,0,0,0,,0,0,0,0,0,0,0,0,0,0,0.0,0.0,stats_player_week_2024.parquet,17074,847569d194ca3d96b5efcf91e6eac5e18780fc47568a713fd545a82d29d155c1,scored,0.0,0.0,verified_zero,False,False,False,True,True
,,,,,,2024,18,REG,2024_18_CLE_BAL,CLE,BAL,0,0,0,0,0,0,0,0,0,0,0,0,,,0,,0,0,0,0,0,0,0,0,0,0,,0,0,0,0,0,0,0,0,0,0,0,0,0,0,,0,0,0,0,0,,0.0,0.0,0.0,0,0,0,0,0,0,0,0.0,0.0,0,0,0,0,0,0,0,0,0,0,0,0,0,0,0,0,0,0,21,110,0,0,0,0,0,0,0,0,0,0,0,0,0,,,0,0,0,0,0,0,0,0,0,0,0,0,,,,0,0,0,0,0,0,0,,0,0,0,0,0,0,0,,0,0,0,0,0,0,0,0,0,0,0.0,0.0,stats_player_week_2024.parquet,18129,847569d194ca3d96b5efcf91e6eac5e18780fc47568a713fd545a82d29d155c1,scored,0.0,0.0,verified_zero,False,False,False,True,False
,,,,,,2024,19,POST,2024_19_LAC_HOU,LAC,HOU,0,0,0,0,0,0,0,0,0,0,0,0,,,0,,0,0,0,0,0,0,0,0,0,0,,0,0,0,0,0,0,0,0,0,0,0,0,0,0,,0,0,0,0,0,,0.0,0.0,0.0,0,0,0,0,0,0,0,0.0,0.0,0,0,0,0,0,0,0,0,0,0,0,0,0,0,0,0,0,0,5,25,0,0,0,0,0,0,0,0,0,0,0,0,0,,,0,0,0,0,0,0,0,0,0,0,0,0,,,,0,0,0,0,0,0,0,,0,0,0,0,0,0,0,,0,0,0,0,0,0,0,0,0,0,0.0,0.0,stats_player_week_2024.parquet,18519,847569d194ca3d96b5efcf91e6eac5e18780fc47568a713fd545a82d29d155c1,scored,0.0,0.0,verified_zero,False,False,False,False,False
,,,,,,2024,20,POST,2024_20_HOU_KC,KC,HOU,0,0,0,0,0,0,0,0,0,0,0,0,,,0,,0,0,0,0,0,0,0,0,0,0,,0,0,0,0,0,0,0,0,0,0,0,0,0,0,,0,0,0,0,0,,0.0,0.0,0.0,0,0,0,0,0,0,0,0.0,0.0,0,0,0,0,0,0,0,0,0,0,0,0,0,0,0,0,0,0,3,13,0,0,0,0,0,0,0,0,0,0,0,0,0,,,0,0,0,0,0,0,0,0,0,0,0,0,,,,0,0,0,0,0,0,0,,0,0,0,0,0,0,0,,0,0,0,0,0,0,0,0,0,0,0.0,0.0,stats_player_week_2024.parquet,18778,847569d194ca3d96b5efcf91e6eac5e18780fc47568a713fd545a82d29d155c1,scored,0.0,0.0,verified_zero,False,False,False,False,False
,,,,,,2024,21,POST,2024_21_WAS_PHI,WAS,PHI,0,0,0,0,0,0,0,0,0,0,0,0,,,0,,0,0,0,0,0,0,0,0,0,0,,0,0,0,0,0,0,0,0,0,0,0,0,0,0,,0,0,0,0,0,,0.0,0.0,0.0,0,0,0,0,0,0,0,0.0,0.0,0,0,0,0,0,0,0,0,0,0,0,0,0,0,0,0,0,0,1,5,0,0,0,0,0,0,0,0,0,0,0,0,0,,,0,0,0,0,0,0,0,0,0,0,0,0,,,,0,0,0,0,0,0,0,,0,0,0,0,0,0,0,,0,0,0,0,0,0,0,0,0,0,0.0,0.0,stats_player_week_2024.parquet,18912,847569d194ca3d96b5efcf91e6eac5e18780fc47568a713fd545a82d29d155c1,scored,0.0,0.0,verified_zero,False,False,False,False,False
,,,,,,2024,22,POST,2024_22_KC_PHI,PHI,KC,0,0,0,0,0,0,0,0,0,0,0,0,,,0,,0,0,0,0,0,0,0,0,0,0,,0,0,0,0,0,0,0,0,0,0,0,0,0,0,,0,0,0,0,0,,0.0,0.0,0.0,0,0,0,0,0,0,0,0.0,0.0,0,0,0,0,0,0,0,0,0,0,0,0,0,0,0,0,0,0,0,0,0,0,0,0,0,0,0,0,0,0,0,0,0,,,0,0,0,0,0,0,0,0,0,0,0,0,,,,0,0,0,0,0,0,0,,0,0,0,0,0,0,0,,0,0,0,0,0,0,0,0,0,0,0.0,0.0,stats_player_week_2024.parquet,18982,847569d194ca3d96b5efcf91e6eac5e18780fc47568a713fd545a82d29d155c1,scored,0.0,0.0,verified_zero,False,False,False,False,False
,,,,,,2025,1,REG,2025_01_DAL_PHI,DAL,PHI,0,0,0,0,0,0,0,0,0,0,0,0,,,0,,0,0,0,0,0,0,0,0,0,0,,0,0,0,0,0,0,0,0,0,0,0,0,0,0,,0,0,0,0,0,,0.0,0.0,0.0,0,0,0,0,0,0,0,0.0,0.0,0,0,0,0,0,0,0,0,0,0,0,0,0,0,0,0,0,0,25,117,0,0,0,0,0,0,0,0,0,0,0,0,0,,,0,0,0,0,0,0,0,0,0,0,0,0,,,,0,0,0,0,0,0,0,,0,0,0,0,0,0,0,,0,0,0,0,0,0,0,0,0,0,0.0,0.0,stats_player_week_2025.parquet,1071,2a461becaa9adb3c93a3074a3a31f1e960162a50163371a2d34e28393b5fff10,scored,0.0,0.0,verified_zero,False,False,True,True,True
,,,,,,2025,2,REG,2025_02_WAS_GB,GB,WAS,0,0,0,0,0,0,0,0,0,0,0,0,,,0,,0,0,0,0,0,0,0,0,0,0,,0,0,0,0,0,0,0,0,0,0,0,0,0,0,,0,0,0,0,0,,0.0,0.0,0.0,0,0,0,0,0,0,0,0.0,0.0,0,0,0,0,0,0,0,0,0,0,0,0,0,0,0,0,0,0,17,89,0,0,0,0,0,0,0,0,0,0,0,0,0,,,0,0,0,0,0,0,0,0,0,0,0,0,,,,0,0,0,0,0,0,0,,0,0,0,0,0,0,0,,0,0,0,0,0,0,0,0,0,0,0.0,0.0,stats_player_week_2025.parquet,2179,2a461becaa9adb3c93a3074a3a31f1e960162a50163371a2d34e28393b5fff10,scored,0.0,0.0,verified_zero,False,False,True,True,True
,,,,,,2025,3,REG,2025_03_MIA_BUF,MIA,BUF,0,0,0,0,0,0,0,0,0,0,0,0,,,0,,0,0,0,0,0,0,0,0,0,0,,0,0,0,0,0,0,0,0,0,0,0,0,0,0,,0,0,0,0,0,,0.0,0.0,0.0,0,0,0,0,0,0,0,0.0,0.0,0,0,0,0,0,0,1,0,0,0,0,0,0,0,0,0,0,0,12,72,0,0,0,0,0,0,0,0,0,0,0,0,0,,,0,0,0,0,0,0,0,0,0,0,0,0,,,,0,0,0,0,0,0,0,,0,0,0,0,0,0,0,,0,0,0,0,0,0,0,0,0,0,0.0,0.0,stats_player_week_2025.parquet,3282,2a461becaa9adb3c93a3074a3a31f1e960162a50163371a2d34e28393b5fff10,scored,0.0,0.0,verified_zero,False,False,True,True,True
,,,,,,2025,4,REG,2025_04_SEA_ARI,ARI,SEA,0,0,0,0,0,0,0,0,0,0,0,0,,,0,,0,0,0,0,0,0,0,0,0,0,,0,0,0,0,0,0,0,0,0,0,0,0,0,0,,0,0,0,0,0,,0.0,0.0,0.0,0,0,0,0,0,0,0,0.0,0.0,0,0,0,0,0,0,0,0,0,0,0,0,0,0,0,0,0,0,20,98,0,0,0,0,0,0,0,0,0,0,0,0,0,,,0,0,0,0,0,0,0,0,0,0,0,0,,,,0,0,0,0,0,0,0,,0,0,0,0,0,0,0,,0,0,0,0,0,0,0,0,0,0,0.0,0.0,stats_player_week_2025.parquet,4389,2a461becaa9adb3c93a3074a3a31f1e960162a50163371a2d34e28393b5fff10,scored,0.0,0.0,verified_zero,False,False,True,True,True
,,,,,,2025,5,REG,2025_05_SF_LA,SF,LA,0,0,0,0,0,0,0,0,0,0,0,0,,,0,,0,0,0,0,0,0,0,0,0,0,,0,0,0,0,0,0,0,0,0,0,0,0,0,0,,0,0,0,0,0,,0.0,0.0,0.0,0,0,0,0,0,0,0,0.0,0.0,0,0,0,0,0,0,0,0,0,0,0,0,0,0,0,0,0,0,18,89,0,0,0,0,0,0,0,0,0,0,0,0,0,,,0,0,0,0,0,0,0,0,0,0,0,0,,,,0,0,0,0,0,0,0,,0,0,0,0,0,0,0,,0,0,0,0,0,0,0,0,0,0,0.0,0.0,stats_player_week_2025.parquet,5350,2a461becaa9adb3c93a3074a3a31f1e960162a50163371a2d34e28393b5fff10,scored,0.0,0.0,verified_zero,False,False,True,True,True
,,,,,,2025,6,REG,2025_06_PHI_NYG,PHI,NYG,0,0,0,0,0,0,0,0,0,0,0,0,,,0,,0,0,0,0,0,0,0,0,0,0,,0,0,0,0,0,0,0,0,0,0,0,0,0,0,,0,0,0,0,0,,0.0,0.0,0.0,0,0,0,0,0,0,0,0.0,0.0,0,0,0,0,0,0,1,0,0,0,0,0,0,0,0,0,0,0,12,56,0,0,0,0,0,0,0,0,0,0,0,0,0,,,0,0,0,0,0,0,0,0,0,0,0,0,,,,0,0,0,0,0,0,0,,0,0,0,0,0,0,0,,0,0,0,0,0,0,0,0,0,0,0.0,0.0,stats_player_week_2025.parquet,6364,2a461becaa9adb3c93a3074a3a31f1e960162a50163371a2d34e28393b5fff10,scored,0.0,0.0,verified_zero,False,False,True,True,True
,,,,,,2025,7,REG,2025_07_PIT_CIN,PIT,CIN,0,0,0,0,0,0,0,0,0,0,0,0,,,0,,0,0,0,0,0,0,0,0,0,0,,0,0,0,0,0,0,0,0,0,0,0,0,0,0,,0,0,0,0,0,,0.0,0.0,0.0,0,0,0,0,0,0,0,0.0,0.0,0,0,0,0,0,0,0,0,0,0,0,0,0,0,0,0,0,0,20,93,0,0,0,0,0,0,0,0,0,0,0,0,0,,,0,0,0,0,0,0,0,0,0,0,0,0,,,,0,0,0,0,0,0,0,,0,0,0,0,0,0,0,,0,0,0,0,0,0,0,0,0,0,0.0,0.0,stats_player_week_2025.parquet,7399,2a461becaa9adb3c93a3074a3a31f1e960162a50163371a2d34e28393b5fff10,scored,0.0,0.0,verified_zero,False,False,True,True,True
,,,,,,2025,8,REG,2025_08_MIN_LAC,MIN,LAC,0,0,0,0,0,0,0,0,0,0,0,0,,,0,,0,0,0,0,0,0,0,0,0,0,,0,0,0,0,0,0,0,0,0,0,0,0,0,0,,0,0,0,0,0,,0.0,0.0,0.0,0,0,0,0,0,0,0,0.0,0.0,0,0,0,0,0,0,1,0,0,0,0,0,0,0,0,0,0,0,12,54,0,0,0,0,0,0,0,0,0,0,0,0,0,,,0,0,0,0,0,0,0,0,0,0,0,0,,,,0,0,0,0,0,0,0,,0,0,0,0,0,0,0,,0,0,0,0,0,0,0,0,0,0,0.0,0.0,stats_player_week_2025.parquet,8291,2a461becaa9adb3c93a3074a3a31f1e960162a50163371a2d34e28393b5fff10,scored,0.0,0.0,verified_zero,False,False,True,True,True
,,,,,,2025,9,REG,2025_09_BAL_MIA,MIA,BAL,0,0,0,0,0,0,0,0,0,0,0,0,,,0,,0,0,0,0,0,0,0,0,0,0,,0,0,0,0,0,0,0,0,0,0,0,0,0,0,,0,0,0,0,0,,0.0,0.0,0.0,0,0,0,0,0,0,0,0.0,0.0,0,0,0,0,0,0,0,0,0,0,0,0,0,0,0,0,0,0,11,51,0,0,0,0,0,0,0,0,0,0,0,0,0,,,0,0,0,0,0,0,0,0,0,0,0,0,,,,0,0,0,0,0,0,0,,0,0,0,0,0,0,0,,0,0,0,0,0,0,0,0,0,0,0.0,0.0,stats_player_week_2025.parquet,9239,2a461becaa9adb3c93a3074a3a31f1e960162a50163371a2d34e28393b5fff10,scored,0.0,0.0,verified_zero,False,False,True,True,True
,,,,,,2025,10,REG,2025_10_LV_DEN,LV,DEN,0,0,0,0,0,0,0,0,0,0,0,0,,,0,,0,0,0,0,0,0,0,0,0,0,,0,0,0,0,0,0,0,0,0,0,0,0,0,0,,0,0,0,0,0,,0.0,0.0,0.0,0,0,0,0,0,0,0,0.0,0.0,0,0,0,0,0,0,0,0,0,0,0,0,0,0,0,0,0,0,14,70,0,0,0,0,0,0,0,0,0,0,0,0,0,,,0,0,0,0,0,0,0,0,0,0,0,0,,,,0,0,0,0,0,0,0,,0,0,0,0,0,0,0,,0,0,0,0,0,0,0,0,0,0,0.0,0.0,stats_player_week_2025.parquet,10202,2a461becaa9adb3c93a3074a3a31f1e960162a50163371a2d34e28393b5fff10,scored,0.0,0.0,verified_zero,False,False,True,True,True
,,,,,,2025,11,REG,2025_11_NYJ_NE,NYJ,NE,0,0,0,0,0,0,0,0,0,0,0,0,,,0,,0,0,0,0,0,0,0,0,0,0,,0,0,0,0,0,0,0,0,0,0,0,0,0,0,,0,0,0,0,0,,0.0,0.0,0.0,0,0,0,0,0,0,0,0.0,0.0,0,0,0,0,0,0,0,0,0,0,0,0,0,0,0,0,0,0,15,72,0,0,0,0,0,0,0,0,0,0,0,0,0,,,0,0,0,0,0,0,0,0,0,0,0,0,,,,0,0,0,0,0,0,0,,0,0,0,0,0,0,0,,0,0,0,0,0,0,0,0,0,0,0.0,0.0,stats_player_week_2025.parquet,11234,2a461becaa9adb3c93a3074a3a31f1e960162a50163371a2d34e28393b5fff10,scored,0.0,0.0,verified_zero,False,False,True,True,True
,,,,,,2025,12,REG,2025_12_BUF_HOU,HOU,BUF,0,0,0,0,0,0,0,0,0,0,0,0,,,0,,0,0,0,0,0,0,0,0,0,0,,0,0,0,0,0,0,0,0,0,0,0,0,0,0,,0,0,0,0,0,,0.0,0.0,0.0,0,0,0,0,0,0,0,0.0,0.0,0,0,0,0,0,0,0,0,0,0,0,0,0,0,0,0,0,0,19,95,0,0,0,0,0,0,0,0,0,0,0,0,0,,,0,0,0,0,0,0,0,0,0,0,0,0,,,,0,0,0,0,0,0,0,,0,0,0,0,0,0,0,,0,0,0,0,0,0,0,0,0,0,0.0,0.0,stats_player_week_2025.parquet,12201,2a461becaa9adb3c93a3074a3a31f1e960162a50163371a2d34e28393b5fff10,scored,0.0,0.0,verified_zero,False,False,True,True,True
,,,,,,2025,13,REG,2025_13_GB_DET,GB,DET,0,0,0,0,0,0,0,0,0,0,0,0,,,0,,0,0,0,0,0,0,0,0,0,0,,0,0,0,0,0,0,0,0,0,0,0,0,0,0,,0,0,0,0,0,,0.0,0.0,0.0,0,0,0,0,0,0,0,0.0,0.0,0,0,0,0,0,0,0,0,0,0,0,0,0,0,0,0,0,0,17,90,0,0,0,0,0,0,0,0,0,0,0,0,0,,,0,0,0,0,0,0,0,0,0,0,0,0,,,,0,0,0,0,0,0,0,,0,0,0,0,0,0,0,,0,0,0,0,0,0,0,0,0,0,0.0,0.0,stats_player_week_2025.parquet,13282,2a461becaa9adb3c93a3074a3a31f1e960162a50163371a2d34e28393b5fff10,scored,0.0,0.0,verified_zero,False,False,True,True,True
,,,,,,2025,14,REG,2025_14_DAL_DET,DET,DAL,0,0,0,0,0,0,0,0,0,0,0,0,,,0,,0,0,0,0,0,0,0,0,0,0,,0,0,0,0,0,0,0,0,0,0,0,0,0,0,,0,0,0,0,0,,0.0,0.0,0.0,0,0,0,0,0,0,0,0.0,0.0,0,0,0,0,0,0,0,0,0,0,0,0,0,0,0,0,0,0,12,60,0,0,0,0,0,0,0,0,0,0,0,0,0,,,0,0,0,0,0,0,0,0,0,0,0,0,,,,0,0,0,0,0,0,0,,0,0,0,0,0,0,0,,0,0,0,0,0,0,0,0,0,0,0.0,0.0,stats_player_week_2025.parquet,14256,2a461becaa9adb3c93a3074a3a31f1e960162a50163371a2d34e28393b5fff10,scored,0.0,0.0,verified_zero,False,False,True,True,True
,,,,,,2025,15,REG,2025_15_ATL_TB,TB,ATL,0,0,0,0,0,0,0,0,0,0,0,0,,,0,,0,0,0,0,0,0,0,0,0,0,,0,0,0,0,0,0,0,0,0,0,0,0,0,0,,0,0,0,0,0,,0.0,0.0,0.0,0,0,0,0,0,0,0,0.0,0.0,0,0,0,0,0,0,0,0,0,0,0,0,0,0,0,0,0,0,13,60,0,0,0,0,0,0,0,0,0,0,0,0,0,,,0,0,0,0,0,0,0,0,0,0,0,0,,,,0,0,0,0,0,0,0,,0,0,0,0,0,0,0,,0,0,0,0,0,0,0,0,0,0,0.0,0.0,stats_player_week_2025.parquet,15311,2a461becaa9adb3c93a3074a3a31f1e960162a50163371a2d34e28393b5fff10,scored,0.0,0.0,verified_zero,False,False,True,True,True
,,,,,,2025,16,REG,2025_16_LA_SEA,LA,SEA,0,0,0,0,0,0,0,0,0,0,0,0,,,0,,0,0,0,0,0,0,0,0,0,0,,0,0,0,0,0,0,0,0,0,0,0,0,0,0,,0,0,0,0,0,,0.0,0.0,0.0,0,0,0,0,0,0,0,0.0,0.0,0,0,0,0,0,0,0,0,0,0,0,0,0,0,0,0,0,0,14,70,0,0,0,0,0,0,0,0,0,0,0,0,0,,,0,0,0,0,0,0,0,0,0,0,0,0,,,,0,0,0,0,0,0,0,,0,0,0,0,0,0,0,,0,0,0,0,0,0,0,0,0,0,0.0,0.0,stats_player_week_2025.parquet,16409,2a461becaa9adb3c93a3074a3a31f1e960162a50163371a2d34e28393b5fff10,scored,0.0,0.0,verified_zero,False,False,True,True,True
,,,,,,2025,17,REG,2025_17_DAL_WAS,DAL,WAS,0,0,0,0,0,0,0,0,0,0,0,0,,,0,,0,0,0,0,0,0,0,0,0,0,,0,0,0,0,0,0,0,0,0,0,0,0,0,0,,0,0,0,0,0,,0.0,0.0,0.0,0,0,0,0,0,0,0,0.0,0.0,0,0,0,0,0,0,0,0,0,0,0,0,0,0,0,0,0,0,19,109,0,0,0,0,0,0,0,0,0,0,0,0,0,,,0,0,0,0,0,0,0,0,0,0,0,0,,,,0,0,0,0,0,0,0,,0,0,0,0,0,0,0,,0,0,0,0,0,0,0,0,0,0,0.0,0.0,stats_player_week_2025.parquet,17472,2a461becaa9adb3c93a3074a3a31f1e960162a50163371a2d34e28393b5fff10,scored,0.0,0.0,verified_zero,False,False,True,True,True
,,,,,,2025,18,REG,2025_18_CAR_TB,TB,CAR,0,0,0,0,0,0,0,0,0,0,0,0,,,0,,0,0,0,0,0,0,0,0,0,0,,0,0,0,0,0,0,0,0,0,0,0,0,0,0,,0,0,0,0,0,,0.0,0.0,0.0,0,0,0,0,0,0,0,0.0,0.0,0,0,0,0,0,0,0,0,0,0,0,0,0,0,0,0,0,0,17,90,0,0,0,0,0,0,0,0,0,0,0,0,0,,,0,0,0,0,0,0,0,0,0,0,0,0,,,,0,0,0,0,0,0,0,,0,0,0,0,0,0,0,,0,0,0,0,0,0,0,0,0,0,0.0,0.0,stats_player_week_2025.parquet,18539,2a461becaa9adb3c93a3074a3a31f1e960162a50163371a2d34e28393b5fff10,scored,0.0,0.0,verified_zero,False,False,True,True,False
,,,,,,2025,19,POST,2025_19_LA_CAR,CAR,LA,0,0,0,0,0,0,0,0,0,0,0,0,,,0,,0,0,0,0,0,0,0,0,0,0,,0,0,0,0,0,0,0,0,0,0,0,0,0,0,,0,0,0,0,0,,0.0,0.0,0.0,0,0,0,0,0,0,0,0.0,0.0,0,0,0,0,0,0,0,0,0,0,0,0,0,0,0,0,0,0,5,25,0,0,0,0,0,0,0,0,0,0,0,0,0,,,0,0,0,0,0,0,0,0,0,0,0,0,,,,0,0,0,0,0,0,0,,0,0,0,0,0,0,0,,0,0,0,0,0,0,0,0,0,0,0.0,0.0,stats_player_week_2025.parquet,18937,2a461becaa9adb3c93a3074a3a31f1e960162a50163371a2d34e28393b5fff10,scored,0.0,0.0,verified_zero,False,False,True,False,False
,,,,,,2025,20,POST,2025_20_BUF_DEN,DEN,BUF,0,0,0,0,0,0,0,0,0,0,0,0,,,0,,0,0,0,0,0,0,0,0,0,0,,0,0,0,0,0,0,0,0,0,0,0,0,0,0,,0,0,0,0,0,,0.0,0.0,0.0,0,0,0,0,0,0,0,0.0,0.0,0,0,0,0,0,0,0,0,0,0,0,0,0,0,0,0,0,0,2,10,0,0,0,0,0,0,0,0,0,0,0,0,0,,,0,0,0,0,0,0,0,0,0,0,0,0,,,,0,0,0,0,0,0,0,,0,0,0,0,0,0,0,,0,0,0,0,0,0,0,0,0,0,0.0,0.0,stats_player_week_2025.parquet,19217,2a461becaa9adb3c93a3074a3a31f1e960162a50163371a2d34e28393b5fff10,scored,0.0,0.0,verified_zero,False,False,True,False,False
,,,,,,2025,21,POST,2025_21_NE_DEN,DEN,NE,0,0,0,0,0,0,0,0,0,0,0,0,,,0,,0,0,0,0,0,0,0,0,0,0,,0,0,0,0,0,0,0,0,0,0,0,0,0,0,,0,0,0,0,0,,0.0,0.0,0.0,0,0,0,0,0,0,0,0.0,0.0,0,0,0,0,0,0,0,0,0,0,0,0,0,0,0,0,0,0,0,0,0,0,0,0,0,0,0,0,0,0,0,0,0,,,0,0,0,0,0,0,0,0,0,0,0,0,,,,0,0,0,0,0,0,0,,0,0,0,0,0,0,0,,0,0,0,0,0,0,0,0,0,0,0.0,0.0,stats_player_week_2025.parquet,19354,2a461becaa9adb3c93a3074a3a31f1e960162a50163371a2d34e28393b5fff10,scored,0.0,0.0,verified_zero,False,False,True,False,False
,,,,,,2025,22,POST,2025_22_SEA_NE,SEA,NE,0,0,0,0,0,0,0,0,0,0,0,0,,,0,,0,0,0,0,0,0,0,0,0,0,,0,0,0,0,0,0,0,0,0,0,0,0,0,0,,0,0,0,0,0,,0.0,0.0,0.0,0,0,0,0,0,0,0,0.0,0.0,0,0,0,0,0,0,0,0,0,0,0,0,0,0,0,0,0,0,0,0,0,0,0,0,0,0,0,0,0,0,0,0,0,,,0,0,0,0,0,0,0,0,0,0,0,0,,,,0,0,0,0,0,0,0,,0,0,0,0,0,0,0,,0,0,0,0,0,0,0,0,0,0,0.0,0.0,stats_player_week_2025.parquet,19421,2a461becaa9adb3c93a3074a3a31f1e960162a50163371a2d34e28393b5fff10,scored,0.0,0.0,verified_zero,False,False,True,False,False
